2026-01-25 10:50:35.887 [main] INFO  c.o.capsule.OxygenCapsuleApplication - Starting OxygenCapsuleApplication using Java 17.0.17 with PID 74728 (/Users/liuchang/Downloads/my0110-6/backend/target/classes started by liuchang in /Users/liuchang/Downloads/my0110-6/backend)
2026-01-25 10:50:35.889 [main] DEBUG c.o.capsule.OxygenCapsuleApplication - Running with Spring Boot v3.2.0, Spring v6.1.1
2026-01-25 10:50:35.889 [main] INFO  c.o.capsule.OxygenCapsuleApplication - No active profile set, falling back to 1 default profile: "default"
2026-01-25 10:50:36.207 [main] INFO  o.s.d.r.c.RepositoryConfigurationDelegate - Multiple Spring Data modules found, entering strict repository configuration mode
2026-01-25 10:50:36.208 [main] INFO  o.s.d.r.c.RepositoryConfigurationDelegate - Bootstrapping Spring Data JPA repositories in DEFAULT mode.
2026-01-25 10:50:36.265 [main] INFO  o.s.d.r.c.RepositoryConfigurationDelegate - Finished Spring Data repository scanning in 54 ms. Found 7 JPA repository interfaces.
2026-01-25 10:50:36.275 [main] INFO  o.s.d.r.c.RepositoryConfigurationDelegate - Multiple Spring Data modules found, entering strict repository configuration mode
2026-01-25 10:50:36.275 [main] INFO  o.s.d.r.c.RepositoryConfigurationDelegate - Bootstrapping Spring Data Redis repositories in DEFAULT mode.
2026-01-25 10:50:36.283 [main] INFO  o.s.d.r.c.RepositoryConfigurationExtensionSupport - Spring Data Redis - Could not safely identify store assignment for repository candidate interface com.oxygen.capsule.repository.BookingOrderRepository; If you want this repository to be a Redis repository, consider annotating your entities with one of these annotations: org.springframework.data.redis.core.RedisHash (preferred), or consider extending one of the following types with your repository: org.springframework.data.keyvalue.repository.KeyValueRepository
2026-01-25 10:50:36.284 [main] INFO  o.s.d.r.c.RepositoryConfigurationExtensionSupport - Spring Data Redis - Could not safely identify store assignment for repository candidate interface com.oxygen.capsule.repository.DailyVisitRecordRepository; If you want this repository to be a Redis repository, consider annotating your entities with one of these annotations: org.springframework.data.redis.core.RedisHash (preferred), or consider extending one of the following types with your repository: org.springframework.data.keyvalue.repository.KeyValueRepository
2026-01-25 10:50:36.284 [main] INFO  o.s.d.r.c.RepositoryConfigurationExtensionSupport - Spring Data Redis - Could not safely identify store assignment for repository candidate interface com.oxygen.capsule.repository.InvitationRepository; If you want this repository to be a Redis repository, consider annotating your entities with one of these annotations: org.springframework.data.redis.core.RedisHash (preferred), or consider extending one of the following types with your repository: org.springframework.data.keyvalue.repository.KeyValueRepository
2026-01-25 10:50:36.284 [main] INFO  o.s.d.r.c.RepositoryConfigurationExtensionSupport - Spring Data Redis - Could not safely identify store assignment for repository candidate interface com.oxygen.capsule.repository.MemberPackageRepository; If you want this repository to be a Redis repository, consider annotating your entities with one of these annotations: org.springframework.data.redis.core.RedisHash (preferred), or consider extending one of the following types with your repository: org.springframework.data.keyvalue.repository.KeyValueRepository
2026-01-25 10:50:36.284 [main] INFO  o.s.d.r.c.RepositoryConfigurationExtensionSupport - Spring Data Redis - Could not safely identify store assignment for repository candidate interface com.oxygen.capsule.repository.PaymentOrderRepository; If you want this repository to be a Redis repository, consider annotating your entities with one of these annotations: org.springframework.data.redis.core.RedisHash (preferred), or consider extending one of the following types with your repository: org.springframework.data.keyvalue.repository.KeyValueRepository
2026-01-25 10:50:36.284 [main] INFO  o.s.d.r.c.RepositoryConfigurationExtensionSupport - Spring Data Redis - Could not safely identify store assignment for repository candidate interface com.oxygen.capsule.repository.StaffRepository; If you want this repository to be a Redis repository, consider annotating your entities with one of these annotations: org.springframework.data.redis.core.RedisHash (preferred), or consider extending one of the following types with your repository: org.springframework.data.keyvalue.repository.KeyValueRepository
2026-01-25 10:50:36.284 [main] INFO  o.s.d.r.c.RepositoryConfigurationExtensionSupport - Spring Data Redis - Could not safely identify store assignment for repository candidate interface com.oxygen.capsule.repository.UserRepository; If you want this repository to be a Redis repository, consider annotating your entities with one of these annotations: org.springframework.data.redis.core.RedisHash (preferred), or consider extending one of the following types with your repository: org.springframework.data.keyvalue.repository.KeyValueRepository
2026-01-25 10:50:36.284 [main] INFO  o.s.d.r.c.RepositoryConfigurationDelegate - Finished Spring Data repository scanning in 3 ms. Found 0 Redis repository interfaces.
2026-01-25 10:50:36.320 [main] WARN  o.m.s.mapper.ClassPathMapperScanner - No MyBatis mapper was found in '[com.oxygen.capsule]' package. Please check your configuration.
2026-01-25 10:50:36.519 [main] INFO  o.s.b.w.e.tomcat.TomcatWebServer - Tomcat initialized with port 8080 (http)
2026-01-25 10:50:36.524 [main] INFO  o.a.catalina.core.StandardService - Starting service [Tomcat]
2026-01-25 10:50:36.524 [main] INFO  o.a.catalina.core.StandardEngine - Starting Servlet engine: [Apache Tomcat/10.1.16]
2026-01-25 10:50:36.553 [main] INFO  o.a.c.c.C.[Tomcat].[localhost].[/] - Initializing Spring embedded WebApplicationContext
2026-01-25 10:50:36.553 [main] INFO  o.s.b.w.s.c.ServletWebServerApplicationContext - Root WebApplicationContext: initialization completed in 638 ms
2026-01-25 10:50:36.604 [main] DEBUG o.s.o.j.LocalContainerEntityManagerFactoryBean - Building JPA container EntityManagerFactory for persistence unit 'default'
2026-01-25 10:50:36.610 [main] INFO  o.h.jpa.internal.util.LogHelper - HHH000204: Processing PersistenceUnitInfo [name: default]
2026-01-25 10:50:36.632 [main] INFO  org.hibernate.Version - HHH000412: Hibernate ORM core version 6.3.1.Final
2026-01-25 10:50:36.635 [main] WARN  org.hibernate.orm.deprecation - HHH90000021: Encountered deprecated setting [javax.persistence.validation.mode], use [jakarta.persistence.validation.mode] instead
2026-01-25 10:50:36.648 [main] INFO  o.h.c.i.RegionFactoryInitiator - HHH000026: Second-level cache disabled
2026-01-25 10:50:36.717 [main] INFO  o.s.o.j.p.SpringPersistenceUnitInfo - No LoadTimeWeaver setup: ignoring JPA class transformer
2026-01-25 10:50:36.727 [main] WARN  org.hibernate.orm.deprecation - HHH90000025: MySQL8Dialect does not need to be specified explicitly using 'hibernate.dialect' (remove the property setting and it will be selected by default)
2026-01-25 10:50:36.728 [main] WARN  org.hibernate.orm.deprecation - HHH90000026: MySQL8Dialect has been deprecated; use org.hibernate.dialect.MySQLDialect instead
2026-01-25 10:50:37.080 [main] INFO  o.h.e.t.j.p.i.JtaPlatformInitiator - HHH000489: No JTA platform available (set 'hibernate.transaction.jta.platform' to enable JTA platform integration)
2026-01-25 10:50:37.085 [main] INFO  com.zaxxer.hikari.HikariDataSource - HikariPool-1 - Starting...
2026-01-25 10:50:37.146 [main] INFO  com.zaxxer.hikari.pool.HikariPool - HikariPool-1 - Added connection com.mysql.cj.jdbc.ConnectionImpl@3c65f2e1
2026-01-25 10:50:37.147 [main] INFO  com.zaxxer.hikari.HikariDataSource - HikariPool-1 - Start completed.
2026-01-25 10:50:37.378 [main] INFO  o.s.o.j.LocalContainerEntityManagerFactoryBean - Initialized JPA EntityManagerFactory for persistence unit 'default'
2026-01-25 10:50:37.409 [main] DEBUG o.s.o.j.SharedEntityManagerCreator$SharedEntityManagerInvocationHandler - Creating new EntityManager for shared EntityManager invocation
2026-01-25 10:50:37.422 [main] DEBUG o.s.o.j.SharedEntityManagerCreator$SharedEntityManagerInvocationHandler - Creating new EntityManager for shared EntityManager invocation
2026-01-25 10:50:37.437 [main] DEBUG o.s.o.j.SharedEntityManagerCreator$SharedEntityManagerInvocationHandler - Creating new EntityManager for shared EntityManager invocation
2026-01-25 10:50:37.459 [main] DEBUG o.s.o.j.SharedEntityManagerCreator$SharedEntityManagerInvocationHandler - Creating new EntityManager for shared EntityManager invocation
2026-01-25 10:50:37.474 [main] DEBUG o.s.o.j.SharedEntityManagerCreator$SharedEntityManagerInvocationHandler - Creating new EntityManager for shared EntityManager invocation
2026-01-25 10:50:37.475 [main] DEBUG o.s.o.j.SharedEntityManagerCreator$SharedEntityManagerInvocationHandler - Creating new EntityManager for shared EntityManager invocation
2026-01-25 10:50:37.476 [main] DEBUG o.s.o.j.SharedEntityManagerCreator$SharedEntityManagerInvocationHandler - Creating new EntityManager for shared EntityManager invocation
2026-01-25 10:50:37.483 [main] DEBUG o.s.o.j.SharedEntityManagerCreator$SharedEntityManagerInvocationHandler - Creating new EntityManager for shared EntityManager invocation
2026-01-25 10:50:37.485 [main] DEBUG o.s.o.j.SharedEntityManagerCreator$SharedEntityManagerInvocationHandler - Creating new EntityManager for shared EntityManager invocation
2026-01-25 10:50:37.500 [main] DEBUG o.s.o.j.SharedEntityManagerCreator$SharedEntityManagerInvocationHandler - Creating new EntityManager for shared EntityManager invocation
2026-01-25 10:50:37.501 [main] DEBUG o.s.o.j.SharedEntityManagerCreator$SharedEntityManagerInvocationHandler - Creating new EntityManager for shared EntityManager invocation
2026-01-25 10:50:37.502 [main] DEBUG o.s.o.j.SharedEntityManagerCreator$SharedEntityManagerInvocationHandler - Creating new EntityManager for shared EntityManager invocation
2026-01-25 10:50:37.502 [main] DEBUG o.s.o.j.SharedEntityManagerCreator$SharedEntityManagerInvocationHandler - Creating new EntityManager for shared EntityManager invocation
2026-01-25 10:50:37.503 [main] DEBUG o.s.o.j.SharedEntityManagerCreator$SharedEntityManagerInvocationHandler - Creating new EntityManager for shared EntityManager invocation
2026-01-25 10:50:37.503 [main] DEBUG o.s.o.j.SharedEntityManagerCreator$SharedEntityManagerInvocationHandler - Creating new EntityManager for shared EntityManager invocation
2026-01-25 10:50:37.504 [main] DEBUG o.s.o.j.SharedEntityManagerCreator$SharedEntityManagerInvocationHandler - Creating new EntityManager for shared EntityManager invocation
2026-01-25 10:50:37.504 [main] DEBUG o.s.o.j.SharedEntityManagerCreator$SharedEntityManagerInvocationHandler - Creating new EntityManager for shared EntityManager invocation
2026-01-25 10:50:37.505 [main] DEBUG o.s.o.j.SharedEntityManagerCreator$SharedEntityManagerInvocationHandler - Creating new EntityManager for shared EntityManager invocation
2026-01-25 10:50:37.505 [main] DEBUG o.s.o.j.SharedEntityManagerCreator$SharedEntityManagerInvocationHandler - Creating new EntityManager for shared EntityManager invocation
2026-01-25 10:50:37.506 [main] DEBUG o.s.o.j.SharedEntityManagerCreator$SharedEntityManagerInvocationHandler - Creating new EntityManager for shared EntityManager invocation
2026-01-25 10:50:37.510 [main] DEBUG o.s.o.j.SharedEntityManagerCreator$SharedEntityManagerInvocationHandler - Creating new EntityManager for shared EntityManager invocation
2026-01-25 10:50:37.513 [main] DEBUG o.s.o.j.SharedEntityManagerCreator$SharedEntityManagerInvocationHandler - Creating new EntityManager for shared EntityManager invocation
2026-01-25 10:50:37.518 [main] DEBUG o.s.o.j.SharedEntityManagerCreator$SharedEntityManagerInvocationHandler - Creating new EntityManager for shared EntityManager invocation
2026-01-25 10:50:37.527 [main] DEBUG o.s.o.j.SharedEntityManagerCreator$SharedEntityManagerInvocationHandler - Creating new EntityManager for shared EntityManager invocation
2026-01-25 10:50:37.529 [main] DEBUG o.s.o.j.SharedEntityManagerCreator$SharedEntityManagerInvocationHandler - Creating new EntityManager for shared EntityManager invocation
2026-01-25 10:50:37.538 [main] DEBUG o.s.o.j.SharedEntityManagerCreator$SharedEntityManagerInvocationHandler - Creating new EntityManager for shared EntityManager invocation
2026-01-25 10:50:37.543 [main] DEBUG o.s.o.j.SharedEntityManagerCreator$SharedEntityManagerInvocationHandler - Creating new EntityManager for shared EntityManager invocation
2026-01-25 10:50:37.545 [main] DEBUG o.s.o.j.SharedEntityManagerCreator$SharedEntityManagerInvocationHandler - Creating new EntityManager for shared EntityManager invocation
2026-01-25 10:50:37.554 [main] DEBUG o.s.o.j.SharedEntityManagerCreator$SharedEntityManagerInvocationHandler - Creating new EntityManager for shared EntityManager invocation
2026-01-25 10:50:37.555 [main] DEBUG o.s.o.j.SharedEntityManagerCreator$SharedEntityManagerInvocationHandler - Creating new EntityManager for shared EntityManager invocation
2026-01-25 10:50:37.555 [main] DEBUG o.s.o.j.SharedEntityManagerCreator$SharedEntityManagerInvocationHandler - Creating new EntityManager for shared EntityManager invocation
2026-01-25 10:50:37.556 [main] DEBUG o.s.o.j.SharedEntityManagerCreator$SharedEntityManagerInvocationHandler - Creating new EntityManager for shared EntityManager invocation
2026-01-25 10:50:37.559 [main] WARN  com.oxygen.capsule.util.WxPayUtil - ⚠️  微信支付已启用 MOCK 模式，将使用模拟数据，不会调用真实微信支付接口
2026-01-25 10:50:37.560 [main] WARN  com.oxygen.capsule.util.WxPayUtil - ⚠️  此模式仅用于开发测试，生产环境请设置为 false
2026-01-25 10:50:37.561 [main] DEBUG o.s.o.j.SharedEntityManagerCreator$SharedEntityManagerInvocationHandler - Creating new EntityManager for shared EntityManager invocation
2026-01-25 10:50:37.562 [main] DEBUG o.s.o.j.SharedEntityManagerCreator$SharedEntityManagerInvocationHandler - Creating new EntityManager for shared EntityManager invocation
2026-01-25 10:50:37.569 [main] DEBUG o.s.o.j.SharedEntityManagerCreator$SharedEntityManagerInvocationHandler - Creating new EntityManager for shared EntityManager invocation
2026-01-25 10:50:37.569 [main] DEBUG o.s.o.j.SharedEntityManagerCreator$SharedEntityManagerInvocationHandler - Creating new EntityManager for shared EntityManager invocation
2026-01-25 10:50:37.575 [main] DEBUG o.s.o.j.SharedEntityManagerCreator$SharedEntityManagerInvocationHandler - Creating new EntityManager for shared EntityManager invocation
2026-01-25 10:50:37.577 [main] DEBUG o.s.o.j.SharedEntityManagerCreator$SharedEntityManagerInvocationHandler - Creating new EntityManager for shared EntityManager invocation
2026-01-25 10:50:37.588 [main] DEBUG o.s.o.j.SharedEntityManagerCreator$SharedEntityManagerInvocationHandler - Creating new EntityManager for shared EntityManager invocation
2026-01-25 10:50:37.589 [main] DEBUG o.s.o.j.SharedEntityManagerCreator$SharedEntityManagerInvocationHandler - Creating new EntityManager for shared EntityManager invocation
2026-01-25 10:50:37.590 [main] DEBUG o.s.o.j.SharedEntityManagerCreator$SharedEntityManagerInvocationHandler - Creating new EntityManager for shared EntityManager invocation
2026-01-25 10:50:37.590 [main] DEBUG o.s.o.j.SharedEntityManagerCreator$SharedEntityManagerInvocationHandler - Creating new EntityManager for shared EntityManager invocation
2026-01-25 10:50:37.591 [main] DEBUG o.s.o.j.SharedEntityManagerCreator$SharedEntityManagerInvocationHandler - Creating new EntityManager for shared EntityManager invocation
2026-01-25 10:50:37.591 [main] DEBUG o.s.o.j.SharedEntityManagerCreator$SharedEntityManagerInvocationHandler - Creating new EntityManager for shared EntityManager invocation
2026-01-25 10:50:37.625 [main] WARN  o.s.b.a.o.j.JpaBaseConfiguration$JpaWebConfiguration - spring.jpa.open-in-view is enabled by default. Therefore, database queries may be performed during view rendering. Explicitly configure spring.jpa.open-in-view to disable this warning
2026-01-25 10:50:37.655 [main] DEBUG o.s.w.s.m.m.a.RequestMappingHandlerMapping - 37 mappings in 'requestMappingHandlerMapping'
2026-01-25 10:50:37.678 [main] DEBUG o.s.w.s.h.SimpleUrlHandlerMapping - Patterns [/webjars/**, /**] in 'resourceHandlerMapping'
2026-01-25 10:50:37.688 [main] DEBUG o.s.w.s.m.m.a.RequestMappingHandlerAdapter - ControllerAdvice beans: 0 @ModelAttribute, 0 @InitBinder, 1 RequestBodyAdvice, 1 ResponseBodyAdvice
2026-01-25 10:50:37.699 [main] DEBUG o.s.w.s.m.m.a.ExceptionHandlerExceptionResolver - ControllerAdvice beans: 0 @ExceptionHandler, 1 ResponseBodyAdvice
2026-01-25 10:50:37.912 [main] INFO  o.s.b.w.e.tomcat.TomcatWebServer - Tomcat started on port 8080 (http) with context path ''
2026-01-25 10:50:37.916 [main] INFO  c.o.capsule.OxygenCapsuleApplication - Started OxygenCapsuleApplication in 2.356 seconds (process running for 2.57)
2026-01-25 10:50:37.930 [main] DEBUG o.s.o.j.SharedEntityManagerCreator$SharedEntityManagerInvocationHandler - Creating new EntityManager for shared EntityManager invocation
2026-01-25 10:50:37.992 [main] DEBUG o.s.o.j.SharedEntityManagerCreator$SharedEntityManagerInvocationHandler - Creating new EntityManager for shared EntityManager invocation
2026-01-25 10:50:37.993 [main] DEBUG o.s.o.j.SharedEntityManagerCreator$SharedEntityManagerInvocationHandler - Creating new EntityManager for shared EntityManager invocation
2026-01-25 10:50:37.994 [main] DEBUG o.s.o.j.SharedEntityManagerCreator$SharedEntityManagerInvocationHandler - Creating new EntityManager for shared EntityManager invocation
2026-01-25 10:50:37.995 [main] DEBUG o.s.o.j.SharedEntityManagerCreator$SharedEntityManagerInvocationHandler - Creating new EntityManager for shared EntityManager invocation
2026-01-25 10:50:37.996 [main] DEBUG o.s.o.j.SharedEntityManagerCreator$SharedEntityManagerInvocationHandler - Creating new EntityManager for shared EntityManager invocation
2026-01-25 10:50:37.997 [main] DEBUG o.s.o.j.SharedEntityManagerCreator$SharedEntityManagerInvocationHandler - Creating new EntityManager for shared EntityManager invocation
2026-01-25 10:50:37.997 [main] DEBUG o.s.o.j.SharedEntityManagerCreator$SharedEntityManagerInvocationHandler - Creating new EntityManager for shared EntityManager invocation
2026-01-25 10:50:37.998 [main] DEBUG o.s.o.j.SharedEntityManagerCreator$SharedEntityManagerInvocationHandler - Creating new EntityManager for shared EntityManager invocation
2026-01-25 10:50:37.999 [main] DEBUG o.s.o.j.SharedEntityManagerCreator$SharedEntityManagerInvocationHandler - Creating new EntityManager for shared EntityManager invocation
2026-01-25 10:53:11.204 [http-nio-8080-exec-1] INFO  o.a.c.c.C.[Tomcat].[localhost].[/] - Initializing Spring DispatcherServlet 'dispatcherServlet'
2026-01-25 10:53:11.208 [http-nio-8080-exec-1] INFO  o.s.web.servlet.DispatcherServlet - Initializing Servlet 'dispatcherServlet'
2026-01-25 10:53:11.209 [http-nio-8080-exec-1] DEBUG o.s.web.servlet.DispatcherServlet - Detected StandardServletMultipartResolver
2026-01-25 10:53:11.209 [http-nio-8080-exec-1] DEBUG o.s.web.servlet.DispatcherServlet - Detected AcceptHeaderLocaleResolver
2026-01-25 10:53:11.209 [http-nio-8080-exec-1] DEBUG o.s.web.servlet.DispatcherServlet - Detected FixedThemeResolver
2026-01-25 10:53:11.230 [http-nio-8080-exec-1] DEBUG o.s.web.servlet.DispatcherServlet - Detected org.springframework.web.servlet.view.DefaultRequestToViewNameTranslator@21f27bb5
2026-01-25 10:53:11.230 [http-nio-8080-exec-1] DEBUG o.s.web.servlet.DispatcherServlet - Detected org.springframework.web.servlet.support.SessionFlashMapManager@280e4390
2026-01-25 10:53:11.231 [http-nio-8080-exec-1] DEBUG o.s.web.servlet.DispatcherServlet - enableLoggingRequestDetails='false': request parameters and headers will be masked to prevent unsafe logging of potentially sensitive data
2026-01-25 10:53:11.231 [http-nio-8080-exec-1] INFO  o.s.web.servlet.DispatcherServlet - Completed initialization in 23 ms
2026-01-25 10:53:11.240 [http-nio-8080-exec-1] DEBUG o.s.web.servlet.DispatcherServlet - GET "/api/packages/all", parameters={}
2026-01-25 10:53:11.250 [http-nio-8080-exec-1] DEBUG o.s.w.s.m.m.a.RequestMappingHandlerMapping - Mapped to com.oxygen.capsule.controller.MemberPackageController#getAllPackages()
2026-01-25 10:53:11.253 [http-nio-8080-exec-1] DEBUG o.s.o.j.s.OpenEntityManagerInViewInterceptor - Opening JPA EntityManager in OpenEntityManagerInViewInterceptor
2026-01-25 10:53:11.354 [http-nio-8080-exec-1] DEBUG o.s.w.s.m.m.a.RequestResponseBodyMethodProcessor - Using 'application/json', given [*/*] and supported [application/json, application/*+json]
2026-01-25 10:53:11.359 [http-nio-8080-exec-1] DEBUG o.s.w.s.m.m.a.RequestResponseBodyMethodProcessor - Writing [Result(code=200, message=success, data=[MemberPackage(id=1, code=MONTHLY, name=月卡, price=3980.0, peo (truncated)...]
2026-01-25 10:53:11.370 [http-nio-8080-exec-1] DEBUG o.s.o.j.s.OpenEntityManagerInViewInterceptor - Closing JPA EntityManager in OpenEntityManagerInViewInterceptor
2026-01-25 10:53:11.371 [http-nio-8080-exec-1] DEBUG o.s.web.servlet.DispatcherServlet - Completed 200 OK
2026-01-25 10:53:20.958 [http-nio-8080-exec-2] DEBUG o.s.web.servlet.DispatcherServlet - GET "/api/packages/category?category=%E4%B8%AA%E4%BA%BA%E7%95%85%E4%BA%AB", parameters={masked}
2026-01-25 10:53:20.960 [http-nio-8080-exec-2] DEBUG o.s.w.s.m.m.a.RequestMappingHandlerMapping - Mapped to com.oxygen.capsule.controller.MemberPackageController#getPackagesByCategoryParam(String)
2026-01-25 10:53:20.960 [http-nio-8080-exec-2] DEBUG o.s.o.j.s.OpenEntityManagerInViewInterceptor - Opening JPA EntityManager in OpenEntityManagerInViewInterceptor
2026-01-25 10:53:21.045 [http-nio-8080-exec-2] DEBUG o.s.w.s.m.m.a.RequestResponseBodyMethodProcessor - Using 'application/json', given [*/*] and supported [application/json, application/*+json]
2026-01-25 10:53:21.045 [http-nio-8080-exec-2] DEBUG o.s.w.s.m.m.a.RequestResponseBodyMethodProcessor - Writing [Result(code=200, message=success, data=[MemberPackage(id=1, code=MONTHLY, name=月卡, price=3980.0, peo (truncated)...]
2026-01-25 10:53:21.046 [http-nio-8080-exec-2] DEBUG o.s.o.j.s.OpenEntityManagerInViewInterceptor - Closing JPA EntityManager in OpenEntityManagerInViewInterceptor
2026-01-25 10:53:21.046 [http-nio-8080-exec-2] DEBUG o.s.web.servlet.DispatcherServlet - Completed 200 OK
2026-01-25 10:53:21.048 [http-nio-8080-exec-3] DEBUG o.s.web.servlet.DispatcherServlet - GET "/api/packages/category?category=%E4%B8%AA%E4%BA%BA%E7%95%85%E4%BA%AB", parameters={masked}
2026-01-25 10:53:21.048 [http-nio-8080-exec-3] DEBUG o.s.w.s.m.m.a.RequestMappingHandlerMapping - Mapped to com.oxygen.capsule.controller.MemberPackageController#getPackagesByCategoryParam(String)
2026-01-25 10:53:21.049 [http-nio-8080-exec-3] DEBUG o.s.o.j.s.OpenEntityManagerInViewInterceptor - Opening JPA EntityManager in OpenEntityManagerInViewInterceptor
2026-01-25 10:53:21.052 [http-nio-8080-exec-3] DEBUG o.s.w.s.m.m.a.RequestResponseBodyMethodProcessor - Using 'application/json', given [*/*] and supported [application/json, application/*+json]
2026-01-25 10:53:21.052 [http-nio-8080-exec-3] DEBUG o.s.w.s.m.m.a.RequestResponseBodyMethodProcessor - Writing [Result(code=200, message=success, data=[MemberPackage(id=1, code=MONTHLY, name=月卡, price=3980.0, peo (truncated)...]
2026-01-25 10:53:21.054 [http-nio-8080-exec-3] DEBUG o.s.o.j.s.OpenEntityManagerInViewInterceptor - Closing JPA EntityManager in OpenEntityManagerInViewInterceptor
2026-01-25 10:53:21.054 [http-nio-8080-exec-3] DEBUG o.s.web.servlet.DispatcherServlet - Completed 200 OK
2026-01-25 10:53:22.562 [http-nio-8080-exec-5] DEBUG o.s.web.servlet.DispatcherServlet - GET "/api/payment/orders", parameters={}
2026-01-25 10:53:22.563 [http-nio-8080-exec-5] DEBUG o.s.w.s.m.m.a.RequestMappingHandlerMapping - Mapped to com.oxygen.capsule.controller.PaymentController#getUserPaymentOrders(String)
2026-01-25 10:53:22.563 [http-nio-8080-exec-5] DEBUG o.s.o.j.s.OpenEntityManagerInViewInterceptor - Opening JPA EntityManager in OpenEntityManagerInViewInterceptor
2026-01-25 10:53:22.564 [http-nio-8080-exec-4] DEBUG o.s.web.servlet.DispatcherServlet - GET "/api/user/info", parameters={}
2026-01-25 10:53:22.564 [http-nio-8080-exec-4] DEBUG o.s.w.s.m.m.a.RequestMappingHandlerMapping - Mapped to com.oxygen.capsule.controller.UserController#getUserInfo(String)
2026-01-25 10:53:22.564 [http-nio-8080-exec-4] DEBUG o.s.o.j.s.OpenEntityManagerInViewInterceptor - Opening JPA EntityManager in OpenEntityManagerInViewInterceptor
2026-01-25 10:53:22.568 [http-nio-8080-exec-6] DEBUG o.s.web.servlet.DispatcherServlet - GET "/api/booking/orders", parameters={}
2026-01-25 10:53:22.569 [http-nio-8080-exec-6] DEBUG o.s.w.s.m.m.a.RequestMappingHandlerMapping - Mapped to com.oxygen.capsule.controller.BookingController#getUserOrders(String)
2026-01-25 10:53:22.569 [http-nio-8080-exec-6] DEBUG o.s.o.j.s.OpenEntityManagerInViewInterceptor - Opening JPA EntityManager in OpenEntityManagerInViewInterceptor
2026-01-25 10:53:22.717 [http-nio-8080-exec-6] DEBUG o.s.o.j.s.OpenEntityManagerInViewInterceptor - Closing JPA EntityManager in OpenEntityManagerInViewInterceptor
2026-01-25 10:53:22.717 [http-nio-8080-exec-5] DEBUG o.s.o.j.s.OpenEntityManagerInViewInterceptor - Closing JPA EntityManager in OpenEntityManagerInViewInterceptor
2026-01-25 10:53:22.717 [http-nio-8080-exec-4] DEBUG o.s.o.j.s.OpenEntityManagerInViewInterceptor - Closing JPA EntityManager in OpenEntityManagerInViewInterceptor
2026-01-25 10:53:22.717 [http-nio-8080-exec-5] DEBUG o.s.web.servlet.DispatcherServlet - Failed to complete request: io.jsonwebtoken.ExpiredJwtException: JWT expired at 2026-01-23T04:07:06Z. Current time: 2026-01-25T02:53:22Z, a difference of 168376712 milliseconds.  Allowed clock skew: 0 milliseconds.
2026-01-25 10:53:22.717 [http-nio-8080-exec-6] DEBUG o.s.web.servlet.DispatcherServlet - Failed to complete request: io.jsonwebtoken.ExpiredJwtException: JWT expired at 2026-01-23T04:07:06Z. Current time: 2026-01-25T02:53:22Z, a difference of 168376712 milliseconds.  Allowed clock skew: 0 milliseconds.
2026-01-25 10:53:22.717 [http-nio-8080-exec-4] DEBUG o.s.web.servlet.DispatcherServlet - Failed to complete request: io.jsonwebtoken.ExpiredJwtException: JWT expired at 2026-01-23T04:07:06Z. Current time: 2026-01-25T02:53:22Z, a difference of 168376712 milliseconds.  Allowed clock skew: 0 milliseconds.
2026-01-25 10:53:22.717 [http-nio-8080-exec-5] ERROR o.a.c.c.C.[.[.[.[dispatcherServlet] - Servlet.service() for servlet [dispatcherServlet] in context with path [] threw exception [Request processing failed: io.jsonwebtoken.ExpiredJwtException: JWT expired at 2026-01-23T04:07:06Z. Current time: 2026-01-25T02:53:22Z, a difference of 168376712 milliseconds.  Allowed clock skew: 0 milliseconds.] with root cause
io.jsonwebtoken.ExpiredJwtException: JWT expired at 2026-01-23T04:07:06Z. Current time: 2026-01-25T02:53:22Z, a difference of 168376712 milliseconds.  Allowed clock skew: 0 milliseconds.
	at io.jsonwebtoken.impl.DefaultJwtParser.parse(DefaultJwtParser.java:427)
	at io.jsonwebtoken.impl.DefaultJwtParser.parse(DefaultJwtParser.java:529)
	at io.jsonwebtoken.impl.DefaultJwtParser.parseClaimsJws(DefaultJwtParser.java:589)
	at com.oxygen.capsule.util.JwtUtil.getUserIdFromToken(JwtUtil.java:48)
	at com.oxygen.capsule.controller.PaymentController.getUserPaymentOrders(PaymentController.java:213)
	at java.base/jdk.internal.reflect.NativeMethodAccessorImpl.invoke0(Native Method)
	at java.base/jdk.internal.reflect.NativeMethodAccessorImpl.invoke(NativeMethodAccessorImpl.java:77)
	at java.base/jdk.internal.reflect.DelegatingMethodAccessorImpl.invoke(DelegatingMethodAccessorImpl.java:43)
	at java.base/java.lang.reflect.Method.invoke(Method.java:568)
	at org.springframework.web.method.support.InvocableHandlerMethod.doInvoke(InvocableHandlerMethod.java:254)
	at org.springframework.web.method.support.InvocableHandlerMethod.invokeForRequest(InvocableHandlerMethod.java:182)
	at org.springframework.web.servlet.mvc.method.annotation.ServletInvocableHandlerMethod.invokeAndHandle(ServletInvocableHandlerMethod.java:118)
	at org.springframework.web.servlet.mvc.method.annotation.RequestMappingHandlerAdapter.invokeHandlerMethod(RequestMappingHandlerAdapter.java:917)
	at org.springframework.web.servlet.mvc.method.annotation.RequestMappingHandlerAdapter.handleInternal(RequestMappingHandlerAdapter.java:829)
	at org.springframework.web.servlet.mvc.method.AbstractHandlerMethodAdapter.handle(AbstractHandlerMethodAdapter.java:87)
	at org.springframework.web.servlet.DispatcherServlet.doDispatch(DispatcherServlet.java:1089)
	at org.springframework.web.servlet.DispatcherServlet.doService(DispatcherServlet.java:979)
	at org.springframework.web.servlet.FrameworkServlet.processRequest(FrameworkServlet.java:1014)
	at org.springframework.web.servlet.FrameworkServlet.doGet(FrameworkServlet.java:903)
	at jakarta.servlet.http.HttpServlet.service(HttpServlet.java:564)
	at org.springframework.web.servlet.FrameworkServlet.service(FrameworkServlet.java:885)
	at jakarta.servlet.http.HttpServlet.service(HttpServlet.java:658)
	at org.apache.catalina.core.ApplicationFilterChain.internalDoFilter(ApplicationFilterChain.java:205)
	at org.apache.catalina.core.ApplicationFilterChain.doFilter(ApplicationFilterChain.java:149)
	at org.apache.tomcat.websocket.server.WsFilter.doFilter(WsFilter.java:51)
	at org.apache.catalina.core.ApplicationFilterChain.internalDoFilter(ApplicationFilterChain.java:174)
	at org.apache.catalina.core.ApplicationFilterChain.doFilter(ApplicationFilterChain.java:149)
	at org.springframework.web.filter.RequestContextFilter.doFilterInternal(RequestContextFilter.java:100)
	at org.springframework.web.filter.OncePerRequestFilter.doFilter(OncePerRequestFilter.java:116)
	at org.apache.catalina.core.ApplicationFilterChain.internalDoFilter(ApplicationFilterChain.java:174)
	at org.apache.catalina.core.ApplicationFilterChain.doFilter(ApplicationFilterChain.java:149)
	at org.springframework.web.filter.FormContentFilter.doFilterInternal(FormContentFilter.java:93)
	at org.springframework.web.filter.OncePerRequestFilter.doFilter(OncePerRequestFilter.java:116)
	at org.apache.catalina.core.ApplicationFilterChain.internalDoFilter(ApplicationFilterChain.java:174)
	at org.apache.catalina.core.ApplicationFilterChain.doFilter(ApplicationFilterChain.java:149)
	at org.springframework.web.filter.CharacterEncodingFilter.doFilterInternal(CharacterEncodingFilter.java:201)
	at org.springframework.web.filter.OncePerRequestFilter.doFilter(OncePerRequestFilter.java:116)
	at org.apache.catalina.core.ApplicationFilterChain.internalDoFilter(ApplicationFilterChain.java:174)
	at org.apache.catalina.core.ApplicationFilterChain.doFilter(ApplicationFilterChain.java:149)
	at org.apache.catalina.core.StandardWrapperValve.invoke(StandardWrapperValve.java:167)
	at org.apache.catalina.core.StandardContextValve.invoke(StandardContextValve.java:90)
	at org.apache.catalina.authenticator.AuthenticatorBase.invoke(AuthenticatorBase.java:482)
	at org.apache.catalina.core.StandardHostValve.invoke(StandardHostValve.java:115)
	at org.apache.catalina.valves.ErrorReportValve.invoke(ErrorReportValve.java:93)
	at org.apache.catalina.core.StandardEngineValve.invoke(StandardEngineValve.java:74)
	at org.apache.catalina.connector.CoyoteAdapter.service(CoyoteAdapter.java:340)
	at org.apache.coyote.http11.Http11Processor.service(Http11Processor.java:391)
	at org.apache.coyote.AbstractProcessorLight.process(AbstractProcessorLight.java:63)
	at org.apache.coyote.AbstractProtocol$ConnectionHandler.process(AbstractProtocol.java:896)
	at org.apache.tomcat.util.net.NioEndpoint$SocketProcessor.doRun(NioEndpoint.java:1744)
	at org.apache.tomcat.util.net.SocketProcessorBase.run(SocketProcessorBase.java:52)
	at org.apache.tomcat.util.threads.ThreadPoolExecutor.runWorker(ThreadPoolExecutor.java:1191)
	at org.apache.tomcat.util.threads.ThreadPoolExecutor$Worker.run(ThreadPoolExecutor.java:659)
	at org.apache.tomcat.util.threads.TaskThread$WrappingRunnable.run(TaskThread.java:61)
	at java.base/java.lang.Thread.run(Thread.java:842)
2026-01-25 10:53:22.717 [http-nio-8080-exec-4] ERROR o.a.c.c.C.[.[.[.[dispatcherServlet] - Servlet.service() for servlet [dispatcherServlet] in context with path [] threw exception [Request processing failed: io.jsonwebtoken.ExpiredJwtException: JWT expired at 2026-01-23T04:07:06Z. Current time: 2026-01-25T02:53:22Z, a difference of 168376712 milliseconds.  Allowed clock skew: 0 milliseconds.] with root cause
io.jsonwebtoken.ExpiredJwtException: JWT expired at 2026-01-23T04:07:06Z. Current time: 2026-01-25T02:53:22Z, a difference of 168376712 milliseconds.  Allowed clock skew: 0 milliseconds.
	at io.jsonwebtoken.impl.DefaultJwtParser.parse(DefaultJwtParser.java:427)
	at io.jsonwebtoken.impl.DefaultJwtParser.parse(DefaultJwtParser.java:529)
	at io.jsonwebtoken.impl.DefaultJwtParser.parseClaimsJws(DefaultJwtParser.java:589)
	at com.oxygen.capsule.util.JwtUtil.getUserIdFromToken(JwtUtil.java:48)
	at com.oxygen.capsule.controller.UserController.getUserInfo(UserController.java:145)
	at java.base/jdk.internal.reflect.NativeMethodAccessorImpl.invoke0(Native Method)
	at java.base/jdk.internal.reflect.NativeMethodAccessorImpl.invoke(NativeMethodAccessorImpl.java:77)
	at java.base/jdk.internal.reflect.DelegatingMethodAccessorImpl.invoke(DelegatingMethodAccessorImpl.java:43)
	at java.base/java.lang.reflect.Method.invoke(Method.java:568)
	at org.springframework.web.method.support.InvocableHandlerMethod.doInvoke(InvocableHandlerMethod.java:254)
	at org.springframework.web.method.support.InvocableHandlerMethod.invokeForRequest(InvocableHandlerMethod.java:182)
	at org.springframework.web.servlet.mvc.method.annotation.ServletInvocableHandlerMethod.invokeAndHandle(ServletInvocableHandlerMethod.java:118)
	at org.springframework.web.servlet.mvc.method.annotation.RequestMappingHandlerAdapter.invokeHandlerMethod(RequestMappingHandlerAdapter.java:917)
	at org.springframework.web.servlet.mvc.method.annotation.RequestMappingHandlerAdapter.handleInternal(RequestMappingHandlerAdapter.java:829)
	at org.springframework.web.servlet.mvc.method.AbstractHandlerMethodAdapter.handle(AbstractHandlerMethodAdapter.java:87)
	at org.springframework.web.servlet.DispatcherServlet.doDispatch(DispatcherServlet.java:1089)
	at org.springframework.web.servlet.DispatcherServlet.doService(DispatcherServlet.java:979)
	at org.springframework.web.servlet.FrameworkServlet.processRequest(FrameworkServlet.java:1014)
	at org.springframework.web.servlet.FrameworkServlet.doGet(FrameworkServlet.java:903)
	at jakarta.servlet.http.HttpServlet.service(HttpServlet.java:564)
	at org.springframework.web.servlet.FrameworkServlet.service(FrameworkServlet.java:885)
	at jakarta.servlet.http.HttpServlet.service(HttpServlet.java:658)
	at org.apache.catalina.core.ApplicationFilterChain.internalDoFilter(ApplicationFilterChain.java:205)
	at org.apache.catalina.core.ApplicationFilterChain.doFilter(ApplicationFilterChain.java:149)
	at org.apache.tomcat.websocket.server.WsFilter.doFilter(WsFilter.java:51)
	at org.apache.catalina.core.ApplicationFilterChain.internalDoFilter(ApplicationFilterChain.java:174)
	at org.apache.catalina.core.ApplicationFilterChain.doFilter(ApplicationFilterChain.java:149)
	at org.springframework.web.filter.RequestContextFilter.doFilterInternal(RequestContextFilter.java:100)
	at org.springframework.web.filter.OncePerRequestFilter.doFilter(OncePerRequestFilter.java:116)
	at org.apache.catalina.core.ApplicationFilterChain.internalDoFilter(ApplicationFilterChain.java:174)
	at org.apache.catalina.core.ApplicationFilterChain.doFilter(ApplicationFilterChain.java:149)
	at org.springframework.web.filter.FormContentFilter.doFilterInternal(FormContentFilter.java:93)
	at org.springframework.web.filter.OncePerRequestFilter.doFilter(OncePerRequestFilter.java:116)
	at org.apache.catalina.core.ApplicationFilterChain.internalDoFilter(ApplicationFilterChain.java:174)
	at org.apache.catalina.core.ApplicationFilterChain.doFilter(ApplicationFilterChain.java:149)
	at org.springframework.web.filter.CharacterEncodingFilter.doFilterInternal(CharacterEncodingFilter.java:201)
	at org.springframework.web.filter.OncePerRequestFilter.doFilter(OncePerRequestFilter.java:116)
	at org.apache.catalina.core.ApplicationFilterChain.internalDoFilter(ApplicationFilterChain.java:174)
	at org.apache.catalina.core.ApplicationFilterChain.doFilter(ApplicationFilterChain.java:149)
	at org.apache.catalina.core.StandardWrapperValve.invoke(StandardWrapperValve.java:167)
	at org.apache.catalina.core.StandardContextValve.invoke(StandardContextValve.java:90)
	at org.apache.catalina.authenticator.AuthenticatorBase.invoke(AuthenticatorBase.java:482)
	at org.apache.catalina.core.StandardHostValve.invoke(StandardHostValve.java:115)
	at org.apache.catalina.valves.ErrorReportValve.invoke(ErrorReportValve.java:93)
	at org.apache.catalina.core.StandardEngineValve.invoke(StandardEngineValve.java:74)
	at org.apache.catalina.connector.CoyoteAdapter.service(CoyoteAdapter.java:340)
	at org.apache.coyote.http11.Http11Processor.service(Http11Processor.java:391)
	at org.apache.coyote.AbstractProcessorLight.process(AbstractProcessorLight.java:63)
	at org.apache.coyote.AbstractProtocol$ConnectionHandler.process(AbstractProtocol.java:896)
	at org.apache.tomcat.util.net.NioEndpoint$SocketProcessor.doRun(NioEndpoint.java:1744)
	at org.apache.tomcat.util.net.SocketProcessorBase.run(SocketProcessorBase.java:52)
	at org.apache.tomcat.util.threads.ThreadPoolExecutor.runWorker(ThreadPoolExecutor.java:1191)
	at org.apache.tomcat.util.threads.ThreadPoolExecutor$Worker.run(ThreadPoolExecutor.java:659)
	at org.apache.tomcat.util.threads.TaskThread$WrappingRunnable.run(TaskThread.java:61)
	at java.base/java.lang.Thread.run(Thread.java:842)
2026-01-25 10:53:22.717 [http-nio-8080-exec-6] ERROR o.a.c.c.C.[.[.[.[dispatcherServlet] - Servlet.service() for servlet [dispatcherServlet] in context with path [] threw exception [Request processing failed: io.jsonwebtoken.ExpiredJwtException: JWT expired at 2026-01-23T04:07:06Z. Current time: 2026-01-25T02:53:22Z, a difference of 168376712 milliseconds.  Allowed clock skew: 0 milliseconds.] with root cause
io.jsonwebtoken.ExpiredJwtException: JWT expired at 2026-01-23T04:07:06Z. Current time: 2026-01-25T02:53:22Z, a difference of 168376712 milliseconds.  Allowed clock skew: 0 milliseconds.
	at io.jsonwebtoken.impl.DefaultJwtParser.parse(DefaultJwtParser.java:427)
	at io.jsonwebtoken.impl.DefaultJwtParser.parse(DefaultJwtParser.java:529)
	at io.jsonwebtoken.impl.DefaultJwtParser.parseClaimsJws(DefaultJwtParser.java:589)
	at com.oxygen.capsule.util.JwtUtil.getUserIdFromToken(JwtUtil.java:48)
	at com.oxygen.capsule.controller.BookingController.getUserOrders(BookingController.java:318)
	at java.base/jdk.internal.reflect.NativeMethodAccessorImpl.invoke0(Native Method)
	at java.base/jdk.internal.reflect.NativeMethodAccessorImpl.invoke(NativeMethodAccessorImpl.java:77)
	at java.base/jdk.internal.reflect.DelegatingMethodAccessorImpl.invoke(DelegatingMethodAccessorImpl.java:43)
	at java.base/java.lang.reflect.Method.invoke(Method.java:568)
	at org.springframework.web.method.support.InvocableHandlerMethod.doInvoke(InvocableHandlerMethod.java:254)
	at org.springframework.web.method.support.InvocableHandlerMethod.invokeForRequest(InvocableHandlerMethod.java:182)
	at org.springframework.web.servlet.mvc.method.annotation.ServletInvocableHandlerMethod.invokeAndHandle(ServletInvocableHandlerMethod.java:118)
	at org.springframework.web.servlet.mvc.method.annotation.RequestMappingHandlerAdapter.invokeHandlerMethod(RequestMappingHandlerAdapter.java:917)
	at org.springframework.web.servlet.mvc.method.annotation.RequestMappingHandlerAdapter.handleInternal(RequestMappingHandlerAdapter.java:829)
	at org.springframework.web.servlet.mvc.method.AbstractHandlerMethodAdapter.handle(AbstractHandlerMethodAdapter.java:87)
	at org.springframework.web.servlet.DispatcherServlet.doDispatch(DispatcherServlet.java:1089)
	at org.springframework.web.servlet.DispatcherServlet.doService(DispatcherServlet.java:979)
	at org.springframework.web.servlet.FrameworkServlet.processRequest(FrameworkServlet.java:1014)
	at org.springframework.web.servlet.FrameworkServlet.doGet(FrameworkServlet.java:903)
	at jakarta.servlet.http.HttpServlet.service(HttpServlet.java:564)
	at org.springframework.web.servlet.FrameworkServlet.service(FrameworkServlet.java:885)
	at jakarta.servlet.http.HttpServlet.service(HttpServlet.java:658)
	at org.apache.catalina.core.ApplicationFilterChain.internalDoFilter(ApplicationFilterChain.java:205)
	at org.apache.catalina.core.ApplicationFilterChain.doFilter(ApplicationFilterChain.java:149)
	at org.apache.tomcat.websocket.server.WsFilter.doFilter(WsFilter.java:51)
	at org.apache.catalina.core.ApplicationFilterChain.internalDoFilter(ApplicationFilterChain.java:174)
	at org.apache.catalina.core.ApplicationFilterChain.doFilter(ApplicationFilterChain.java:149)
	at org.springframework.web.filter.RequestContextFilter.doFilterInternal(RequestContextFilter.java:100)
	at org.springframework.web.filter.OncePerRequestFilter.doFilter(OncePerRequestFilter.java:116)
	at org.apache.catalina.core.ApplicationFilterChain.internalDoFilter(ApplicationFilterChain.java:174)
	at org.apache.catalina.core.ApplicationFilterChain.doFilter(ApplicationFilterChain.java:149)
	at org.springframework.web.filter.FormContentFilter.doFilterInternal(FormContentFilter.java:93)
	at org.springframework.web.filter.OncePerRequestFilter.doFilter(OncePerRequestFilter.java:116)
	at org.apache.catalina.core.ApplicationFilterChain.internalDoFilter(ApplicationFilterChain.java:174)
	at org.apache.catalina.core.ApplicationFilterChain.doFilter(ApplicationFilterChain.java:149)
	at org.springframework.web.filter.CharacterEncodingFilter.doFilterInternal(CharacterEncodingFilter.java:201)
	at org.springframework.web.filter.OncePerRequestFilter.doFilter(OncePerRequestFilter.java:116)
	at org.apache.catalina.core.ApplicationFilterChain.internalDoFilter(ApplicationFilterChain.java:174)
	at org.apache.catalina.core.ApplicationFilterChain.doFilter(ApplicationFilterChain.java:149)
	at org.apache.catalina.core.StandardWrapperValve.invoke(StandardWrapperValve.java:167)
	at org.apache.catalina.core.StandardContextValve.invoke(StandardContextValve.java:90)
	at org.apache.catalina.authenticator.AuthenticatorBase.invoke(AuthenticatorBase.java:482)
	at org.apache.catalina.core.StandardHostValve.invoke(StandardHostValve.java:115)
	at org.apache.catalina.valves.ErrorReportValve.invoke(ErrorReportValve.java:93)
	at org.apache.catalina.core.StandardEngineValve.invoke(StandardEngineValve.java:74)
	at org.apache.catalina.connector.CoyoteAdapter.service(CoyoteAdapter.java:340)
	at org.apache.coyote.http11.Http11Processor.service(Http11Processor.java:391)
	at org.apache.coyote.AbstractProcessorLight.process(AbstractProcessorLight.java:63)
	at org.apache.coyote.AbstractProtocol$ConnectionHandler.process(AbstractProtocol.java:896)
	at org.apache.tomcat.util.net.NioEndpoint$SocketProcessor.doRun(NioEndpoint.java:1744)
	at org.apache.tomcat.util.net.SocketProcessorBase.run(SocketProcessorBase.java:52)
	at org.apache.tomcat.util.threads.ThreadPoolExecutor.runWorker(ThreadPoolExecutor.java:1191)
	at org.apache.tomcat.util.threads.ThreadPoolExecutor$Worker.run(ThreadPoolExecutor.java:659)
	at org.apache.tomcat.util.threads.TaskThread$WrappingRunnable.run(TaskThread.java:61)
	at java.base/java.lang.Thread.run(Thread.java:842)
2026-01-25 10:53:22.752 [http-nio-8080-exec-6] DEBUG o.s.web.servlet.DispatcherServlet - "ERROR" dispatch for GET "/error", parameters={}
2026-01-25 10:53:22.752 [http-nio-8080-exec-4] DEBUG o.s.web.servlet.DispatcherServlet - "ERROR" dispatch for GET "/error", parameters={}
2026-01-25 10:53:22.753 [http-nio-8080-exec-5] DEBUG o.s.web.servlet.DispatcherServlet - "ERROR" dispatch for GET "/error", parameters={}
2026-01-25 10:53:22.756 [http-nio-8080-exec-4] DEBUG o.s.w.s.m.m.a.RequestMappingHandlerMapping - Mapped to org.springframework.boot.autoconfigure.web.servlet.error.BasicErrorController#error(HttpServletRequest)
2026-01-25 10:53:22.756 [http-nio-8080-exec-5] DEBUG o.s.w.s.m.m.a.RequestMappingHandlerMapping - Mapped to org.springframework.boot.autoconfigure.web.servlet.error.BasicErrorController#error(HttpServletRequest)
2026-01-25 10:53:22.756 [http-nio-8080-exec-5] DEBUG o.s.o.j.s.OpenEntityManagerInViewInterceptor - Opening JPA EntityManager in OpenEntityManagerInViewInterceptor
2026-01-25 10:53:22.756 [http-nio-8080-exec-4] DEBUG o.s.o.j.s.OpenEntityManagerInViewInterceptor - Opening JPA EntityManager in OpenEntityManagerInViewInterceptor
2026-01-25 10:53:22.757 [http-nio-8080-exec-6] DEBUG o.s.w.s.m.m.a.RequestMappingHandlerMapping - Mapped to org.springframework.boot.autoconfigure.web.servlet.error.BasicErrorController#error(HttpServletRequest)
2026-01-25 10:53:22.757 [http-nio-8080-exec-6] DEBUG o.s.o.j.s.OpenEntityManagerInViewInterceptor - Opening JPA EntityManager in OpenEntityManagerInViewInterceptor
2026-01-25 10:53:22.779 [http-nio-8080-exec-5] DEBUG o.s.w.s.m.m.a.HttpEntityMethodProcessor - Using 'application/json', given [*/*] and supported [application/json, application/*+json]
2026-01-25 10:53:22.779 [http-nio-8080-exec-6] DEBUG o.s.w.s.m.m.a.HttpEntityMethodProcessor - Using 'application/json', given [*/*] and supported [application/json, application/*+json]
2026-01-25 10:53:22.779 [http-nio-8080-exec-4] DEBUG o.s.w.s.m.m.a.HttpEntityMethodProcessor - Using 'application/json', given [*/*] and supported [application/json, application/*+json]
2026-01-25 10:53:22.792 [http-nio-8080-exec-5] DEBUG o.s.w.s.m.m.a.HttpEntityMethodProcessor - Writing [{timestamp=Sun Jan 25 10:53:22 CST 2026, status=500, error=Internal Server Error, path=/api/payment/ (truncated)...]
2026-01-25 10:53:22.792 [http-nio-8080-exec-4] DEBUG o.s.w.s.m.m.a.HttpEntityMethodProcessor - Writing [{timestamp=Sun Jan 25 10:53:22 CST 2026, status=500, error=Internal Server Error, path=/api/user/inf (truncated)...]
2026-01-25 10:53:22.794 [http-nio-8080-exec-6] DEBUG o.s.w.s.m.m.a.HttpEntityMethodProcessor - Writing [{timestamp=Sun Jan 25 10:53:22 GMT+08:00 2026, status=500, error=Internal Server Error, path=/api/bo (truncated)...]
2026-01-25 10:53:22.806 [http-nio-8080-exec-5] DEBUG o.s.o.j.s.OpenEntityManagerInViewInterceptor - Closing JPA EntityManager in OpenEntityManagerInViewInterceptor
2026-01-25 10:53:22.806 [http-nio-8080-exec-4] DEBUG o.s.o.j.s.OpenEntityManagerInViewInterceptor - Closing JPA EntityManager in OpenEntityManagerInViewInterceptor
2026-01-25 10:53:22.806 [http-nio-8080-exec-6] DEBUG o.s.o.j.s.OpenEntityManagerInViewInterceptor - Closing JPA EntityManager in OpenEntityManagerInViewInterceptor
2026-01-25 10:53:22.807 [http-nio-8080-exec-6] DEBUG o.s.web.servlet.DispatcherServlet - Exiting from "ERROR" dispatch, status 500
2026-01-25 10:53:22.807 [http-nio-8080-exec-5] DEBUG o.s.web.servlet.DispatcherServlet - Exiting from "ERROR" dispatch, status 500
2026-01-25 10:53:22.809 [http-nio-8080-exec-4] DEBUG o.s.web.servlet.DispatcherServlet - Exiting from "ERROR" dispatch, status 500
2026-01-25 10:53:22.810 [http-nio-8080-exec-7] DEBUG o.s.web.servlet.DispatcherServlet - GET "/api/payment/orders", parameters={}
2026-01-25 10:53:22.810 [http-nio-8080-exec-7] DEBUG o.s.w.s.m.m.a.RequestMappingHandlerMapping - Mapped to com.oxygen.capsule.controller.PaymentController#getUserPaymentOrders(String)
2026-01-25 10:53:22.810 [http-nio-8080-exec-7] DEBUG o.s.o.j.s.OpenEntityManagerInViewInterceptor - Opening JPA EntityManager in OpenEntityManagerInViewInterceptor
2026-01-25 10:53:22.811 [http-nio-8080-exec-9] DEBUG o.s.web.servlet.DispatcherServlet - GET "/api/booking/orders", parameters={}
2026-01-25 10:53:22.811 [http-nio-8080-exec-8] DEBUG o.s.web.servlet.DispatcherServlet - GET "/api/user/info", parameters={}
2026-01-25 10:53:22.812 [http-nio-8080-exec-9] DEBUG o.s.w.s.m.m.a.RequestMappingHandlerMapping - Mapped to com.oxygen.capsule.controller.BookingController#getUserOrders(String)
2026-01-25 10:53:22.812 [http-nio-8080-exec-8] DEBUG o.s.w.s.m.m.a.RequestMappingHandlerMapping - Mapped to com.oxygen.capsule.controller.UserController#getUserInfo(String)
2026-01-25 10:53:22.812 [http-nio-8080-exec-9] DEBUG o.s.o.j.s.OpenEntityManagerInViewInterceptor - Opening JPA EntityManager in OpenEntityManagerInViewInterceptor
2026-01-25 10:53:22.812 [http-nio-8080-exec-8] DEBUG o.s.o.j.s.OpenEntityManagerInViewInterceptor - Opening JPA EntityManager in OpenEntityManagerInViewInterceptor
2026-01-25 10:53:22.815 [http-nio-8080-exec-7] DEBUG o.s.o.j.s.OpenEntityManagerInViewInterceptor - Closing JPA EntityManager in OpenEntityManagerInViewInterceptor
2026-01-25 10:53:22.815 [http-nio-8080-exec-8] DEBUG o.s.o.j.s.OpenEntityManagerInViewInterceptor - Closing JPA EntityManager in OpenEntityManagerInViewInterceptor
2026-01-25 10:53:22.815 [http-nio-8080-exec-8] DEBUG o.s.web.servlet.DispatcherServlet - Failed to complete request: io.jsonwebtoken.ExpiredJwtException: JWT expired at 2026-01-23T04:07:06Z. Current time: 2026-01-25T02:53:22Z, a difference of 168376814 milliseconds.  Allowed clock skew: 0 milliseconds.
2026-01-25 10:53:22.816 [http-nio-8080-exec-7] DEBUG o.s.web.servlet.DispatcherServlet - Failed to complete request: io.jsonwebtoken.ExpiredJwtException: JWT expired at 2026-01-23T04:07:06Z. Current time: 2026-01-25T02:53:22Z, a difference of 168376814 milliseconds.  Allowed clock skew: 0 milliseconds.
2026-01-25 10:53:22.817 [http-nio-8080-exec-7] ERROR o.a.c.c.C.[.[.[.[dispatcherServlet] - Servlet.service() for servlet [dispatcherServlet] in context with path [] threw exception [Request processing failed: io.jsonwebtoken.ExpiredJwtException: JWT expired at 2026-01-23T04:07:06Z. Current time: 2026-01-25T02:53:22Z, a difference of 168376814 milliseconds.  Allowed clock skew: 0 milliseconds.] with root cause
io.jsonwebtoken.ExpiredJwtException: JWT expired at 2026-01-23T04:07:06Z. Current time: 2026-01-25T02:53:22Z, a difference of 168376814 milliseconds.  Allowed clock skew: 0 milliseconds.
	at io.jsonwebtoken.impl.DefaultJwtParser.parse(DefaultJwtParser.java:427)
	at io.jsonwebtoken.impl.DefaultJwtParser.parse(DefaultJwtParser.java:529)
	at io.jsonwebtoken.impl.DefaultJwtParser.parseClaimsJws(DefaultJwtParser.java:589)
	at com.oxygen.capsule.util.JwtUtil.getUserIdFromToken(JwtUtil.java:48)
	at com.oxygen.capsule.controller.PaymentController.getUserPaymentOrders(PaymentController.java:213)
	at java.base/jdk.internal.reflect.NativeMethodAccessorImpl.invoke0(Native Method)
	at java.base/jdk.internal.reflect.NativeMethodAccessorImpl.invoke(NativeMethodAccessorImpl.java:77)
	at java.base/jdk.internal.reflect.DelegatingMethodAccessorImpl.invoke(DelegatingMethodAccessorImpl.java:43)
	at java.base/java.lang.reflect.Method.invoke(Method.java:568)
	at org.springframework.web.method.support.InvocableHandlerMethod.doInvoke(InvocableHandlerMethod.java:254)
	at org.springframework.web.method.support.InvocableHandlerMethod.invokeForRequest(InvocableHandlerMethod.java:182)
	at org.springframework.web.servlet.mvc.method.annotation.ServletInvocableHandlerMethod.invokeAndHandle(ServletInvocableHandlerMethod.java:118)
	at org.springframework.web.servlet.mvc.method.annotation.RequestMappingHandlerAdapter.invokeHandlerMethod(RequestMappingHandlerAdapter.java:917)
	at org.springframework.web.servlet.mvc.method.annotation.RequestMappingHandlerAdapter.handleInternal(RequestMappingHandlerAdapter.java:829)
	at org.springframework.web.servlet.mvc.method.AbstractHandlerMethodAdapter.handle(AbstractHandlerMethodAdapter.java:87)
	at org.springframework.web.servlet.DispatcherServlet.doDispatch(DispatcherServlet.java:1089)
	at org.springframework.web.servlet.DispatcherServlet.doService(DispatcherServlet.java:979)
	at org.springframework.web.servlet.FrameworkServlet.processRequest(FrameworkServlet.java:1014)
	at org.springframework.web.servlet.FrameworkServlet.doGet(FrameworkServlet.java:903)
	at jakarta.servlet.http.HttpServlet.service(HttpServlet.java:564)
	at org.springframework.web.servlet.FrameworkServlet.service(FrameworkServlet.java:885)
	at jakarta.servlet.http.HttpServlet.service(HttpServlet.java:658)
	at org.apache.catalina.core.ApplicationFilterChain.internalDoFilter(ApplicationFilterChain.java:205)
	at org.apache.catalina.core.ApplicationFilterChain.doFilter(ApplicationFilterChain.java:149)
	at org.apache.tomcat.websocket.server.WsFilter.doFilter(WsFilter.java:51)
	at org.apache.catalina.core.ApplicationFilterChain.internalDoFilter(ApplicationFilterChain.java:174)
	at org.apache.catalina.core.ApplicationFilterChain.doFilter(ApplicationFilterChain.java:149)
	at org.springframework.web.filter.RequestContextFilter.doFilterInternal(RequestContextFilter.java:100)
	at org.springframework.web.filter.OncePerRequestFilter.doFilter(OncePerRequestFilter.java:116)
	at org.apache.catalina.core.ApplicationFilterChain.internalDoFilter(ApplicationFilterChain.java:174)
	at org.apache.catalina.core.ApplicationFilterChain.doFilter(ApplicationFilterChain.java:149)
	at org.springframework.web.filter.FormContentFilter.doFilterInternal(FormContentFilter.java:93)
	at org.springframework.web.filter.OncePerRequestFilter.doFilter(OncePerRequestFilter.java:116)
	at org.apache.catalina.core.ApplicationFilterChain.internalDoFilter(ApplicationFilterChain.java:174)
	at org.apache.catalina.core.ApplicationFilterChain.doFilter(ApplicationFilterChain.java:149)
	at org.springframework.web.filter.CharacterEncodingFilter.doFilterInternal(CharacterEncodingFilter.java:201)
	at org.springframework.web.filter.OncePerRequestFilter.doFilter(OncePerRequestFilter.java:116)
	at org.apache.catalina.core.ApplicationFilterChain.internalDoFilter(ApplicationFilterChain.java:174)
	at org.apache.catalina.core.ApplicationFilterChain.doFilter(ApplicationFilterChain.java:149)
	at org.apache.catalina.core.StandardWrapperValve.invoke(StandardWrapperValve.java:167)
	at org.apache.catalina.core.StandardContextValve.invoke(StandardContextValve.java:90)
	at org.apache.catalina.authenticator.AuthenticatorBase.invoke(AuthenticatorBase.java:482)
	at org.apache.catalina.core.StandardHostValve.invoke(StandardHostValve.java:115)
	at org.apache.catalina.valves.ErrorReportValve.invoke(ErrorReportValve.java:93)
	at org.apache.catalina.core.StandardEngineValve.invoke(StandardEngineValve.java:74)
	at org.apache.catalina.connector.CoyoteAdapter.service(CoyoteAdapter.java:340)
	at org.apache.coyote.http11.Http11Processor.service(Http11Processor.java:391)
	at org.apache.coyote.AbstractProcessorLight.process(AbstractProcessorLight.java:63)
	at org.apache.coyote.AbstractProtocol$ConnectionHandler.process(AbstractProtocol.java:896)
	at org.apache.tomcat.util.net.NioEndpoint$SocketProcessor.doRun(NioEndpoint.java:1744)
	at org.apache.tomcat.util.net.SocketProcessorBase.run(SocketProcessorBase.java:52)
	at org.apache.tomcat.util.threads.ThreadPoolExecutor.runWorker(ThreadPoolExecutor.java:1191)
	at org.apache.tomcat.util.threads.ThreadPoolExecutor$Worker.run(ThreadPoolExecutor.java:659)
	at org.apache.tomcat.util.threads.TaskThread$WrappingRunnable.run(TaskThread.java:61)
	at java.base/java.lang.Thread.run(Thread.java:842)
2026-01-25 10:53:22.817 [http-nio-8080-exec-7] DEBUG o.s.web.servlet.DispatcherServlet - "ERROR" dispatch for GET "/error", parameters={}
2026-01-25 10:53:22.817 [http-nio-8080-exec-7] DEBUG o.s.w.s.m.m.a.RequestMappingHandlerMapping - Mapped to org.springframework.boot.autoconfigure.web.servlet.error.BasicErrorController#error(HttpServletRequest)
2026-01-25 10:53:22.818 [http-nio-8080-exec-7] DEBUG o.s.o.j.s.OpenEntityManagerInViewInterceptor - Opening JPA EntityManager in OpenEntityManagerInViewInterceptor
2026-01-25 10:53:22.817 [http-nio-8080-exec-9] DEBUG o.s.o.j.s.OpenEntityManagerInViewInterceptor - Closing JPA EntityManager in OpenEntityManagerInViewInterceptor
2026-01-25 10:53:22.818 [http-nio-8080-exec-9] DEBUG o.s.web.servlet.DispatcherServlet - Failed to complete request: io.jsonwebtoken.ExpiredJwtException: JWT expired at 2026-01-23T04:07:06Z. Current time: 2026-01-25T02:53:22Z, a difference of 168376817 milliseconds.  Allowed clock skew: 0 milliseconds.
2026-01-25 10:53:22.816 [http-nio-8080-exec-8] ERROR o.a.c.c.C.[.[.[.[dispatcherServlet] - Servlet.service() for servlet [dispatcherServlet] in context with path [] threw exception [Request processing failed: io.jsonwebtoken.ExpiredJwtException: JWT expired at 2026-01-23T04:07:06Z. Current time: 2026-01-25T02:53:22Z, a difference of 168376814 milliseconds.  Allowed clock skew: 0 milliseconds.] with root cause
io.jsonwebtoken.ExpiredJwtException: JWT expired at 2026-01-23T04:07:06Z. Current time: 2026-01-25T02:53:22Z, a difference of 168376814 milliseconds.  Allowed clock skew: 0 milliseconds.
	at io.jsonwebtoken.impl.DefaultJwtParser.parse(DefaultJwtParser.java:427)
	at io.jsonwebtoken.impl.DefaultJwtParser.parse(DefaultJwtParser.java:529)
	at io.jsonwebtoken.impl.DefaultJwtParser.parseClaimsJws(DefaultJwtParser.java:589)
	at com.oxygen.capsule.util.JwtUtil.getUserIdFromToken(JwtUtil.java:48)
	at com.oxygen.capsule.controller.UserController.getUserInfo(UserController.java:145)
	at java.base/jdk.internal.reflect.NativeMethodAccessorImpl.invoke0(Native Method)
	at java.base/jdk.internal.reflect.NativeMethodAccessorImpl.invoke(NativeMethodAccessorImpl.java:77)
	at java.base/jdk.internal.reflect.DelegatingMethodAccessorImpl.invoke(DelegatingMethodAccessorImpl.java:43)
	at java.base/java.lang.reflect.Method.invoke(Method.java:568)
	at org.springframework.web.method.support.InvocableHandlerMethod.doInvoke(InvocableHandlerMethod.java:254)
	at org.springframework.web.method.support.InvocableHandlerMethod.invokeForRequest(InvocableHandlerMethod.java:182)
	at org.springframework.web.servlet.mvc.method.annotation.ServletInvocableHandlerMethod.invokeAndHandle(ServletInvocableHandlerMethod.java:118)
	at org.springframework.web.servlet.mvc.method.annotation.RequestMappingHandlerAdapter.invokeHandlerMethod(RequestMappingHandlerAdapter.java:917)
	at org.springframework.web.servlet.mvc.method.annotation.RequestMappingHandlerAdapter.handleInternal(RequestMappingHandlerAdapter.java:829)
	at org.springframework.web.servlet.mvc.method.AbstractHandlerMethodAdapter.handle(AbstractHandlerMethodAdapter.java:87)
	at org.springframework.web.servlet.DispatcherServlet.doDispatch(DispatcherServlet.java:1089)
	at org.springframework.web.servlet.DispatcherServlet.doService(DispatcherServlet.java:979)
	at org.springframework.web.servlet.FrameworkServlet.processRequest(FrameworkServlet.java:1014)
	at org.springframework.web.servlet.FrameworkServlet.doGet(FrameworkServlet.java:903)
	at jakarta.servlet.http.HttpServlet.service(HttpServlet.java:564)
	at org.springframework.web.servlet.FrameworkServlet.service(FrameworkServlet.java:885)
	at jakarta.servlet.http.HttpServlet.service(HttpServlet.java:658)
	at org.apache.catalina.core.ApplicationFilterChain.internalDoFilter(ApplicationFilterChain.java:205)
	at org.apache.catalina.core.ApplicationFilterChain.doFilter(ApplicationFilterChain.java:149)
	at org.apache.tomcat.websocket.server.WsFilter.doFilter(WsFilter.java:51)
	at org.apache.catalina.core.ApplicationFilterChain.internalDoFilter(ApplicationFilterChain.java:174)
	at org.apache.catalina.core.ApplicationFilterChain.doFilter(ApplicationFilterChain.java:149)
	at org.springframework.web.filter.RequestContextFilter.doFilterInternal(RequestContextFilter.java:100)
	at org.springframework.web.filter.OncePerRequestFilter.doFilter(OncePerRequestFilter.java:116)
	at org.apache.catalina.core.ApplicationFilterChain.internalDoFilter(ApplicationFilterChain.java:174)
	at org.apache.catalina.core.ApplicationFilterChain.doFilter(ApplicationFilterChain.java:149)
	at org.springframework.web.filter.FormContentFilter.doFilterInternal(FormContentFilter.java:93)
	at org.springframework.web.filter.OncePerRequestFilter.doFilter(OncePerRequestFilter.java:116)
	at org.apache.catalina.core.ApplicationFilterChain.internalDoFilter(ApplicationFilterChain.java:174)
	at org.apache.catalina.core.ApplicationFilterChain.doFilter(ApplicationFilterChain.java:149)
	at org.springframework.web.filter.CharacterEncodingFilter.doFilterInternal(CharacterEncodingFilter.java:201)
	at org.springframework.web.filter.OncePerRequestFilter.doFilter(OncePerRequestFilter.java:116)
	at org.apache.catalina.core.ApplicationFilterChain.internalDoFilter(ApplicationFilterChain.java:174)
	at org.apache.catalina.core.ApplicationFilterChain.doFilter(ApplicationFilterChain.java:149)
	at org.apache.catalina.core.StandardWrapperValve.invoke(StandardWrapperValve.java:167)
	at org.apache.catalina.core.StandardContextValve.invoke(StandardContextValve.java:90)
	at org.apache.catalina.authenticator.AuthenticatorBase.invoke(AuthenticatorBase.java:482)
	at org.apache.catalina.core.StandardHostValve.invoke(StandardHostValve.java:115)
	at org.apache.catalina.valves.ErrorReportValve.invoke(ErrorReportValve.java:93)
	at org.apache.catalina.core.StandardEngineValve.invoke(StandardEngineValve.java:74)
	at org.apache.catalina.connector.CoyoteAdapter.service(CoyoteAdapter.java:340)
	at org.apache.coyote.http11.Http11Processor.service(Http11Processor.java:391)
	at org.apache.coyote.AbstractProcessorLight.process(AbstractProcessorLight.java:63)
	at org.apache.coyote.AbstractProtocol$ConnectionHandler.process(AbstractProtocol.java:896)
	at org.apache.tomcat.util.net.NioEndpoint$SocketProcessor.doRun(NioEndpoint.java:1744)
	at org.apache.tomcat.util.net.SocketProcessorBase.run(SocketProcessorBase.java:52)
	at org.apache.tomcat.util.threads.ThreadPoolExecutor.runWorker(ThreadPoolExecutor.java:1191)
	at org.apache.tomcat.util.threads.ThreadPoolExecutor$Worker.run(ThreadPoolExecutor.java:659)
	at org.apache.tomcat.util.threads.TaskThread$WrappingRunnable.run(TaskThread.java:61)
	at java.base/java.lang.Thread.run(Thread.java:842)
2026-01-25 10:53:22.819 [http-nio-8080-exec-8] DEBUG o.s.web.servlet.DispatcherServlet - "ERROR" dispatch for GET "/error", parameters={}
2026-01-25 10:53:22.819 [http-nio-8080-exec-8] DEBUG o.s.w.s.m.m.a.RequestMappingHandlerMapping - Mapped to org.springframework.boot.autoconfigure.web.servlet.error.BasicErrorController#error(HttpServletRequest)
2026-01-25 10:53:22.819 [http-nio-8080-exec-8] DEBUG o.s.o.j.s.OpenEntityManagerInViewInterceptor - Opening JPA EntityManager in OpenEntityManagerInViewInterceptor
2026-01-25 10:53:22.820 [http-nio-8080-exec-7] DEBUG o.s.w.s.m.m.a.HttpEntityMethodProcessor - Using 'application/json', given [*/*] and supported [application/json, application/*+json]
2026-01-25 10:53:22.821 [http-nio-8080-exec-7] DEBUG o.s.w.s.m.m.a.HttpEntityMethodProcessor - Writing [{timestamp=Sun Jan 25 10:53:22 GMT+08:00 2026, status=500, error=Internal Server Error, path=/api/pa (truncated)...]
2026-01-25 10:53:22.822 [http-nio-8080-exec-7] DEBUG o.s.o.j.s.OpenEntityManagerInViewInterceptor - Closing JPA EntityManager in OpenEntityManagerInViewInterceptor
2026-01-25 10:53:22.822 [http-nio-8080-exec-7] DEBUG o.s.web.servlet.DispatcherServlet - Exiting from "ERROR" dispatch, status 500
2026-01-25 10:53:22.825 [http-nio-8080-exec-8] DEBUG o.s.w.s.m.m.a.HttpEntityMethodProcessor - Using 'application/json', given [*/*] and supported [application/json, application/*+json]
2026-01-25 10:53:22.825 [http-nio-8080-exec-8] DEBUG o.s.w.s.m.m.a.HttpEntityMethodProcessor - Writing [{timestamp=Sun Jan 25 10:53:22 GMT+08:00 2026, status=500, error=Internal Server Error, path=/api/us (truncated)...]
2026-01-25 10:53:22.819 [http-nio-8080-exec-9] ERROR o.a.c.c.C.[.[.[.[dispatcherServlet] - Servlet.service() for servlet [dispatcherServlet] in context with path [] threw exception [Request processing failed: io.jsonwebtoken.ExpiredJwtException: JWT expired at 2026-01-23T04:07:06Z. Current time: 2026-01-25T02:53:22Z, a difference of 168376817 milliseconds.  Allowed clock skew: 0 milliseconds.] with root cause
io.jsonwebtoken.ExpiredJwtException: JWT expired at 2026-01-23T04:07:06Z. Current time: 2026-01-25T02:53:22Z, a difference of 168376817 milliseconds.  Allowed clock skew: 0 milliseconds.
	at io.jsonwebtoken.impl.DefaultJwtParser.parse(DefaultJwtParser.java:427)
	at io.jsonwebtoken.impl.DefaultJwtParser.parse(DefaultJwtParser.java:529)
	at io.jsonwebtoken.impl.DefaultJwtParser.parseClaimsJws(DefaultJwtParser.java:589)
	at com.oxygen.capsule.util.JwtUtil.getUserIdFromToken(JwtUtil.java:48)
	at com.oxygen.capsule.controller.BookingController.getUserOrders(BookingController.java:318)
	at java.base/jdk.internal.reflect.NativeMethodAccessorImpl.invoke0(Native Method)
	at java.base/jdk.internal.reflect.NativeMethodAccessorImpl.invoke(NativeMethodAccessorImpl.java:77)
	at java.base/jdk.internal.reflect.DelegatingMethodAccessorImpl.invoke(DelegatingMethodAccessorImpl.java:43)
	at java.base/java.lang.reflect.Method.invoke(Method.java:568)
	at org.springframework.web.method.support.InvocableHandlerMethod.doInvoke(InvocableHandlerMethod.java:254)
	at org.springframework.web.method.support.InvocableHandlerMethod.invokeForRequest(InvocableHandlerMethod.java:182)
	at org.springframework.web.servlet.mvc.method.annotation.ServletInvocableHandlerMethod.invokeAndHandle(ServletInvocableHandlerMethod.java:118)
	at org.springframework.web.servlet.mvc.method.annotation.RequestMappingHandlerAdapter.invokeHandlerMethod(RequestMappingHandlerAdapter.java:917)
	at org.springframework.web.servlet.mvc.method.annotation.RequestMappingHandlerAdapter.handleInternal(RequestMappingHandlerAdapter.java:829)
	at org.springframework.web.servlet.mvc.method.AbstractHandlerMethodAdapter.handle(AbstractHandlerMethodAdapter.java:87)
	at org.springframework.web.servlet.DispatcherServlet.doDispatch(DispatcherServlet.java:1089)
	at org.springframework.web.servlet.DispatcherServlet.doService(DispatcherServlet.java:979)
	at org.springframework.web.servlet.FrameworkServlet.processRequest(FrameworkServlet.java:1014)
	at org.springframework.web.servlet.FrameworkServlet.doGet(FrameworkServlet.java:903)
	at jakarta.servlet.http.HttpServlet.service(HttpServlet.java:564)
	at org.springframework.web.servlet.FrameworkServlet.service(FrameworkServlet.java:885)
	at jakarta.servlet.http.HttpServlet.service(HttpServlet.java:658)
	at org.apache.catalina.core.ApplicationFilterChain.internalDoFilter(ApplicationFilterChain.java:205)
	at org.apache.catalina.core.ApplicationFilterChain.doFilter(ApplicationFilterChain.java:149)
	at org.apache.tomcat.websocket.server.WsFilter.doFilter(WsFilter.java:51)
	at org.apache.catalina.core.ApplicationFilterChain.internalDoFilter(ApplicationFilterChain.java:174)
	at org.apache.catalina.core.ApplicationFilterChain.doFilter(ApplicationFilterChain.java:149)
	at org.springframework.web.filter.RequestContextFilter.doFilterInternal(RequestContextFilter.java:100)
	at org.springframework.web.filter.OncePerRequestFilter.doFilter(OncePerRequestFilter.java:116)
	at org.apache.catalina.core.ApplicationFilterChain.internalDoFilter(ApplicationFilterChain.java:174)
	at org.apache.catalina.core.ApplicationFilterChain.doFilter(ApplicationFilterChain.java:149)
	at org.springframework.web.filter.FormContentFilter.doFilterInternal(FormContentFilter.java:93)
	at org.springframework.web.filter.OncePerRequestFilter.doFilter(OncePerRequestFilter.java:116)
	at org.apache.catalina.core.ApplicationFilterChain.internalDoFilter(ApplicationFilterChain.java:174)
	at org.apache.catalina.core.ApplicationFilterChain.doFilter(ApplicationFilterChain.java:149)
	at org.springframework.web.filter.CharacterEncodingFilter.doFilterInternal(CharacterEncodingFilter.java:201)
	at org.springframework.web.filter.OncePerRequestFilter.doFilter(OncePerRequestFilter.java:116)
	at org.apache.catalina.core.ApplicationFilterChain.internalDoFilter(ApplicationFilterChain.java:174)
	at org.apache.catalina.core.ApplicationFilterChain.doFilter(ApplicationFilterChain.java:149)
	at org.apache.catalina.core.StandardWrapperValve.invoke(StandardWrapperValve.java:167)
	at org.apache.catalina.core.StandardContextValve.invoke(StandardContextValve.java:90)
	at org.apache.catalina.authenticator.AuthenticatorBase.invoke(AuthenticatorBase.java:482)
	at org.apache.catalina.core.StandardHostValve.invoke(StandardHostValve.java:115)
	at org.apache.catalina.valves.ErrorReportValve.invoke(ErrorReportValve.java:93)
	at org.apache.catalina.core.StandardEngineValve.invoke(StandardEngineValve.java:74)
	at org.apache.catalina.connector.CoyoteAdapter.service(CoyoteAdapter.java:340)
	at org.apache.coyote.http11.Http11Processor.service(Http11Processor.java:391)
	at org.apache.coyote.AbstractProcessorLight.process(AbstractProcessorLight.java:63)
	at org.apache.coyote.AbstractProtocol$ConnectionHandler.process(AbstractProtocol.java:896)
	at org.apache.tomcat.util.net.NioEndpoint$SocketProcessor.doRun(NioEndpoint.java:1744)
	at org.apache.tomcat.util.net.SocketProcessorBase.run(SocketProcessorBase.java:52)
	at org.apache.tomcat.util.threads.ThreadPoolExecutor.runWorker(ThreadPoolExecutor.java:1191)
	at org.apache.tomcat.util.threads.ThreadPoolExecutor$Worker.run(ThreadPoolExecutor.java:659)
	at org.apache.tomcat.util.threads.TaskThread$WrappingRunnable.run(TaskThread.java:61)
	at java.base/java.lang.Thread.run(Thread.java:842)
2026-01-25 10:53:22.826 [http-nio-8080-exec-9] DEBUG o.s.web.servlet.DispatcherServlet - "ERROR" dispatch for GET "/error", parameters={}
2026-01-25 10:53:22.826 [http-nio-8080-exec-8] DEBUG o.s.o.j.s.OpenEntityManagerInViewInterceptor - Closing JPA EntityManager in OpenEntityManagerInViewInterceptor
2026-01-25 10:53:22.826 [http-nio-8080-exec-8] DEBUG o.s.web.servlet.DispatcherServlet - Exiting from "ERROR" dispatch, status 500
2026-01-25 10:53:22.826 [http-nio-8080-exec-9] DEBUG o.s.w.s.m.m.a.RequestMappingHandlerMapping - Mapped to org.springframework.boot.autoconfigure.web.servlet.error.BasicErrorController#error(HttpServletRequest)
2026-01-25 10:53:22.826 [http-nio-8080-exec-9] DEBUG o.s.o.j.s.OpenEntityManagerInViewInterceptor - Opening JPA EntityManager in OpenEntityManagerInViewInterceptor
2026-01-25 10:53:22.827 [http-nio-8080-exec-9] DEBUG o.s.w.s.m.m.a.HttpEntityMethodProcessor - Using 'application/json', given [*/*] and supported [application/json, application/*+json]
2026-01-25 10:53:22.827 [http-nio-8080-exec-9] DEBUG o.s.w.s.m.m.a.HttpEntityMethodProcessor - Writing [{timestamp=Sun Jan 25 10:53:22 GMT+08:00 2026, status=500, error=Internal Server Error, path=/api/bo (truncated)...]
2026-01-25 10:53:22.827 [http-nio-8080-exec-9] DEBUG o.s.o.j.s.OpenEntityManagerInViewInterceptor - Closing JPA EntityManager in OpenEntityManagerInViewInterceptor
2026-01-25 10:53:22.828 [http-nio-8080-exec-9] DEBUG o.s.web.servlet.DispatcherServlet - Exiting from "ERROR" dispatch, status 500
2026-01-25 10:53:36.341 [http-nio-8080-exec-10] DEBUG o.s.web.servlet.DispatcherServlet - POST "/api/user/login", parameters={}
2026-01-25 10:53:36.344 [http-nio-8080-exec-10] DEBUG o.s.w.s.m.m.a.RequestMappingHandlerMapping - Mapped to com.oxygen.capsule.controller.UserController#login(Map)
2026-01-25 10:53:36.345 [http-nio-8080-exec-10] DEBUG o.s.o.j.s.OpenEntityManagerInViewInterceptor - Opening JPA EntityManager in OpenEntityManagerInViewInterceptor
2026-01-25 10:53:36.376 [http-nio-8080-exec-10] DEBUG o.s.w.s.m.m.a.RequestResponseBodyMethodProcessor - Read "application/json;charset=UTF-8" to [{code=0b3mCqml2NqN3h4wWmol2zppop3mCqm-, nickname=dejaVu, avatarUrl=http://tmp/YPrUbEr30Vt1f394095ec5 (truncated)...]
2026-01-25 10:53:36.382 [http-nio-8080-exec-10] DEBUG com.oxygen.capsule.util.WechatUtil - 开始调用微信登录API，code长度: 32
2026-01-25 10:53:36.383 [http-nio-8080-exec-10] DEBUG com.oxygen.capsule.util.WechatUtil - AppID: wx1a44cbe925471245, Secret长度: 32
2026-01-25 10:53:36.383 [http-nio-8080-exec-10] DEBUG com.oxygen.capsule.util.WechatUtil - 请求微信API: https://api.weixin.qq.com/sns/jscode2session?appid=wx1a44cbe925471245&secret=***&js_code=0b3mCqml2NqN3h4wWmol2zppop3mCqm-&grant_type=authorization_code
2026-01-25 10:53:36.474 [http-nio-8080-exec-10] DEBUG o.s.web.client.RestTemplate - HTTP GET https://api.weixin.qq.com/sns/jscode2session?appid=wx1a44cbe925471245&secret=019d069035074ed1c45d1c35d69ed8c2&js_code=0b3mCqml2NqN3h4wWmol2zppop3mCqm-&grant_type=authorization_code
2026-01-25 10:53:36.478 [http-nio-8080-exec-10] DEBUG o.s.web.client.RestTemplate - Accept=[text/plain, application/json, application/*+json, */*]
2026-01-25 10:53:36.905 [http-nio-8080-exec-10] DEBUG o.s.web.client.RestTemplate - Response 200 OK
2026-01-25 10:53:36.907 [http-nio-8080-exec-10] DEBUG o.s.web.client.RestTemplate - Reading to [java.lang.String] as "text/plain"
2026-01-25 10:53:36.910 [http-nio-8080-exec-10] DEBUG com.oxygen.capsule.util.WechatUtil - 微信API响应状态: 200 OK, 响应体: {"session_key":"WwimrTX/FCKXZGCld8XYPg==","openid":"o5XJV16HfZ9W74L1Xl4RBN5taUt8"}
2026-01-25 10:53:36.949 [http-nio-8080-exec-10] DEBUG o.s.orm.jpa.JpaTransactionManager - Found thread-bound EntityManager [SessionImpl(905836000<open>)] for JPA transaction
2026-01-25 10:53:36.950 [http-nio-8080-exec-10] DEBUG o.s.orm.jpa.JpaTransactionManager - Creating new transaction with name [org.springframework.data.jpa.repository.support.SimpleJpaRepository.save]: PROPAGATION_REQUIRED,ISOLATION_DEFAULT
2026-01-25 10:53:36.959 [http-nio-8080-exec-10] DEBUG o.s.orm.jpa.JpaTransactionManager - Exposing JPA transaction as JDBC [org.springframework.orm.jpa.vendor.HibernateJpaDialect$HibernateConnectionHandle@6d8e45e0]
2026-01-25 10:53:36.972 [http-nio-8080-exec-10] DEBUG o.s.orm.jpa.JpaTransactionManager - Initiating transaction commit
2026-01-25 10:53:36.972 [http-nio-8080-exec-10] DEBUG o.s.orm.jpa.JpaTransactionManager - Committing JPA transaction on EntityManager [SessionImpl(905836000<open>)]
2026-01-25 10:53:37.010 [http-nio-8080-exec-10] DEBUG o.s.orm.jpa.JpaTransactionManager - Not closing pre-bound JPA EntityManager after transaction
2026-01-25 10:53:37.016 [http-nio-8080-exec-10] DEBUG o.s.w.s.m.m.a.RequestResponseBodyMethodProcessor - Using 'application/json', given [*/*] and supported [application/json, application/*+json]
2026-01-25 10:53:37.017 [http-nio-8080-exec-10] DEBUG o.s.w.s.m.m.a.RequestResponseBodyMethodProcessor - Writing [Result(code=200, message=登录成功, data={userInfo={role=user, avatarUrl=http://tmp/YPrUbEr30Vt1f394095ec (truncated)...]
2026-01-25 10:53:37.017 [http-nio-8080-exec-10] DEBUG o.s.o.j.s.OpenEntityManagerInViewInterceptor - Closing JPA EntityManager in OpenEntityManagerInViewInterceptor
2026-01-25 10:53:37.017 [http-nio-8080-exec-10] DEBUG o.s.web.servlet.DispatcherServlet - Completed 200 OK
2026-01-25 10:53:38.909 [http-nio-8080-exec-1] DEBUG o.s.web.servlet.DispatcherServlet - GET "/api/packages/all", parameters={}
2026-01-25 10:53:38.909 [http-nio-8080-exec-1] DEBUG o.s.w.s.m.m.a.RequestMappingHandlerMapping - Mapped to com.oxygen.capsule.controller.MemberPackageController#getAllPackages()
2026-01-25 10:53:38.909 [http-nio-8080-exec-1] DEBUG o.s.o.j.s.OpenEntityManagerInViewInterceptor - Opening JPA EntityManager in OpenEntityManagerInViewInterceptor
2026-01-25 10:53:38.914 [http-nio-8080-exec-1] DEBUG o.s.w.s.m.m.a.RequestResponseBodyMethodProcessor - Using 'application/json', given [*/*] and supported [application/json, application/*+json]
2026-01-25 10:53:38.914 [http-nio-8080-exec-1] DEBUG o.s.w.s.m.m.a.RequestResponseBodyMethodProcessor - Writing [Result(code=200, message=success, data=[MemberPackage(id=1, code=MONTHLY, name=月卡, price=3980.0, peo (truncated)...]
2026-01-25 10:53:38.916 [http-nio-8080-exec-1] DEBUG o.s.o.j.s.OpenEntityManagerInViewInterceptor - Closing JPA EntityManager in OpenEntityManagerInViewInterceptor
2026-01-25 10:53:38.916 [http-nio-8080-exec-1] DEBUG o.s.web.servlet.DispatcherServlet - Completed 200 OK
2026-01-25 10:53:41.061 [http-nio-8080-exec-2] DEBUG o.s.web.servlet.DispatcherServlet - GET "/api/user/info", parameters={}
2026-01-25 10:53:41.061 [http-nio-8080-exec-3] DEBUG o.s.web.servlet.DispatcherServlet - GET "/api/payment/orders", parameters={}
2026-01-25 10:53:41.064 [http-nio-8080-exec-5] DEBUG o.s.web.servlet.DispatcherServlet - GET "/api/booking/orders", parameters={}
2026-01-25 10:53:41.065 [http-nio-8080-exec-2] DEBUG o.s.w.s.m.m.a.RequestMappingHandlerMapping - Mapped to com.oxygen.capsule.controller.UserController#getUserInfo(String)
2026-01-25 10:53:41.065 [http-nio-8080-exec-3] DEBUG o.s.w.s.m.m.a.RequestMappingHandlerMapping - Mapped to com.oxygen.capsule.controller.PaymentController#getUserPaymentOrders(String)
2026-01-25 10:53:41.065 [http-nio-8080-exec-5] DEBUG o.s.w.s.m.m.a.RequestMappingHandlerMapping - Mapped to com.oxygen.capsule.controller.BookingController#getUserOrders(String)
2026-01-25 10:53:41.065 [http-nio-8080-exec-3] DEBUG o.s.o.j.s.OpenEntityManagerInViewInterceptor - Opening JPA EntityManager in OpenEntityManagerInViewInterceptor
2026-01-25 10:53:41.065 [http-nio-8080-exec-2] DEBUG o.s.o.j.s.OpenEntityManagerInViewInterceptor - Opening JPA EntityManager in OpenEntityManagerInViewInterceptor
2026-01-25 10:53:41.065 [http-nio-8080-exec-5] DEBUG o.s.o.j.s.OpenEntityManagerInViewInterceptor - Opening JPA EntityManager in OpenEntityManagerInViewInterceptor
2026-01-25 10:53:41.068 [http-nio-8080-exec-2] DEBUG o.s.orm.jpa.JpaTransactionManager - Found thread-bound EntityManager [SessionImpl(592893951<open>)] for JPA transaction
2026-01-25 10:53:41.068 [http-nio-8080-exec-2] DEBUG o.s.orm.jpa.JpaTransactionManager - Creating new transaction with name [org.springframework.data.jpa.repository.support.SimpleJpaRepository.findById]: PROPAGATION_REQUIRED,ISOLATION_DEFAULT,readOnly
2026-01-25 10:53:41.068 [http-nio-8080-exec-5] DEBUG o.s.orm.jpa.JpaTransactionManager - Found thread-bound EntityManager [SessionImpl(1145411393<open>)] for JPA transaction
2026-01-25 10:53:41.068 [http-nio-8080-exec-5] DEBUG o.s.orm.jpa.JpaTransactionManager - Creating new transaction with name [org.springframework.data.jpa.repository.support.SimpleJpaRepository.findById]: PROPAGATION_REQUIRED,ISOLATION_DEFAULT,readOnly
2026-01-25 10:53:41.071 [http-nio-8080-exec-5] DEBUG o.s.orm.jpa.JpaTransactionManager - Exposing JPA transaction as JDBC [org.springframework.orm.jpa.vendor.HibernateJpaDialect$HibernateConnectionHandle@4e637dfb]
2026-01-25 10:53:41.071 [http-nio-8080-exec-2] DEBUG o.s.orm.jpa.JpaTransactionManager - Exposing JPA transaction as JDBC [org.springframework.orm.jpa.vendor.HibernateJpaDialect$HibernateConnectionHandle@51df7596]
2026-01-25 10:53:41.074 [http-nio-8080-exec-3] DEBUG o.s.orm.jpa.JpaTransactionManager - Found thread-bound EntityManager [SessionImpl(2019245863<open>)] for JPA transaction
2026-01-25 10:53:41.074 [http-nio-8080-exec-3] DEBUG o.s.orm.jpa.JpaTransactionManager - Creating new transaction with name [org.springframework.data.jpa.repository.support.SimpleJpaRepository.findById]: PROPAGATION_REQUIRED,ISOLATION_DEFAULT,readOnly
2026-01-25 10:53:41.075 [http-nio-8080-exec-3] DEBUG o.s.orm.jpa.JpaTransactionManager - Exposing JPA transaction as JDBC [org.springframework.orm.jpa.vendor.HibernateJpaDialect$HibernateConnectionHandle@26e76f6b]
2026-01-25 10:53:41.081 [http-nio-8080-exec-5] DEBUG o.s.orm.jpa.JpaTransactionManager - Initiating transaction commit
2026-01-25 10:53:41.082 [http-nio-8080-exec-5] DEBUG o.s.orm.jpa.JpaTransactionManager - Committing JPA transaction on EntityManager [SessionImpl(1145411393<open>)]
2026-01-25 10:53:41.082 [http-nio-8080-exec-2] DEBUG o.s.orm.jpa.JpaTransactionManager - Initiating transaction commit
2026-01-25 10:53:41.082 [http-nio-8080-exec-2] DEBUG o.s.orm.jpa.JpaTransactionManager - Committing JPA transaction on EntityManager [SessionImpl(592893951<open>)]
2026-01-25 10:53:41.082 [http-nio-8080-exec-3] DEBUG o.s.orm.jpa.JpaTransactionManager - Initiating transaction commit
2026-01-25 10:53:41.082 [http-nio-8080-exec-3] DEBUG o.s.orm.jpa.JpaTransactionManager - Committing JPA transaction on EntityManager [SessionImpl(2019245863<open>)]
2026-01-25 10:53:41.082 [http-nio-8080-exec-5] DEBUG o.s.orm.jpa.JpaTransactionManager - Not closing pre-bound JPA EntityManager after transaction
2026-01-25 10:53:41.082 [http-nio-8080-exec-2] DEBUG o.s.orm.jpa.JpaTransactionManager - Not closing pre-bound JPA EntityManager after transaction
2026-01-25 10:53:41.082 [http-nio-8080-exec-3] DEBUG o.s.orm.jpa.JpaTransactionManager - Not closing pre-bound JPA EntityManager after transaction
2026-01-25 10:53:41.082 [http-nio-8080-exec-3] DEBUG o.s.orm.jpa.JpaTransactionManager - Found thread-bound EntityManager [SessionImpl(2019245863<open>)] for JPA transaction
2026-01-25 10:53:41.082 [http-nio-8080-exec-3] DEBUG o.s.orm.jpa.JpaTransactionManager - Creating new transaction with name [org.springframework.data.jpa.repository.support.SimpleJpaRepository.findById]: PROPAGATION_REQUIRED,ISOLATION_DEFAULT,readOnly
2026-01-25 10:53:41.083 [http-nio-8080-exec-3] DEBUG o.s.orm.jpa.JpaTransactionManager - Exposing JPA transaction as JDBC [org.springframework.orm.jpa.vendor.HibernateJpaDialect$HibernateConnectionHandle@1ec40724]
2026-01-25 10:53:41.084 [http-nio-8080-exec-3] DEBUG o.s.orm.jpa.JpaTransactionManager - Initiating transaction commit
2026-01-25 10:53:41.084 [http-nio-8080-exec-3] DEBUG o.s.orm.jpa.JpaTransactionManager - Committing JPA transaction on EntityManager [SessionImpl(2019245863<open>)]
2026-01-25 10:53:41.085 [http-nio-8080-exec-3] DEBUG o.s.orm.jpa.JpaTransactionManager - Not closing pre-bound JPA EntityManager after transaction
2026-01-25 10:53:41.085 [http-nio-8080-exec-3] DEBUG o.s.orm.jpa.JpaTransactionManager - Found thread-bound EntityManager [SessionImpl(2019245863<open>)] for JPA transaction
2026-01-25 10:53:41.085 [http-nio-8080-exec-3] DEBUG o.s.orm.jpa.JpaTransactionManager - Creating new transaction with name [org.springframework.data.jpa.repository.support.SimpleJpaRepository.findById]: PROPAGATION_REQUIRED,ISOLATION_DEFAULT,readOnly
2026-01-25 10:53:41.085 [http-nio-8080-exec-3] DEBUG o.s.orm.jpa.JpaTransactionManager - Exposing JPA transaction as JDBC [org.springframework.orm.jpa.vendor.HibernateJpaDialect$HibernateConnectionHandle@60f81ced]
2026-01-25 10:53:41.085 [http-nio-8080-exec-2] DEBUG o.s.w.s.m.m.a.RequestResponseBodyMethodProcessor - Using 'application/json', given [*/*] and supported [application/json, application/*+json]
2026-01-25 10:53:41.085 [http-nio-8080-exec-5] DEBUG o.s.w.s.m.m.a.RequestResponseBodyMethodProcessor - Using 'application/json', given [*/*] and supported [application/json, application/*+json]
2026-01-25 10:53:41.085 [http-nio-8080-exec-2] DEBUG o.s.w.s.m.m.a.RequestResponseBodyMethodProcessor - Writing [Result(code=200, message=success, data={totalVisits=0, remainingVisits=100, memberExpireTime=2034-08 (truncated)...]
2026-01-25 10:53:41.087 [http-nio-8080-exec-3] DEBUG o.s.orm.jpa.JpaTransactionManager - Initiating transaction commit
2026-01-25 10:53:41.087 [http-nio-8080-exec-3] DEBUG o.s.orm.jpa.JpaTransactionManager - Committing JPA transaction on EntityManager [SessionImpl(2019245863<open>)]
2026-01-25 10:53:41.087 [http-nio-8080-exec-3] DEBUG o.s.orm.jpa.JpaTransactionManager - Not closing pre-bound JPA EntityManager after transaction
2026-01-25 10:53:41.087 [http-nio-8080-exec-2] DEBUG o.s.o.j.s.OpenEntityManagerInViewInterceptor - Closing JPA EntityManager in OpenEntityManagerInViewInterceptor
2026-01-25 10:53:41.087 [http-nio-8080-exec-3] DEBUG o.s.w.s.m.m.a.RequestResponseBodyMethodProcessor - Using 'application/json', given [*/*] and supported [application/json, application/*+json]
2026-01-25 10:53:41.087 [http-nio-8080-exec-2] DEBUG o.s.web.servlet.DispatcherServlet - Completed 200 OK
2026-01-25 10:53:41.088 [http-nio-8080-exec-3] DEBUG o.s.w.s.m.m.a.RequestResponseBodyMethodProcessor - Writing [Result(code=200, message=success, data=[{packageCategory=家庭/次卡, cardEndDate=2027-01-22T00:00, orderN (truncated)...]
2026-01-25 10:53:41.088 [http-nio-8080-exec-3] DEBUG o.s.o.j.s.OpenEntityManagerInViewInterceptor - Closing JPA EntityManager in OpenEntityManagerInViewInterceptor
2026-01-25 10:53:41.088 [http-nio-8080-exec-3] DEBUG o.s.web.servlet.DispatcherServlet - Completed 200 OK
2026-01-25 10:53:41.089 [http-nio-8080-exec-3] DEBUG o.s.web.servlet.DispatcherServlet - GET "/api/user/info", parameters={}
2026-01-25 10:53:41.089 [http-nio-8080-exec-3] DEBUG o.s.w.s.m.m.a.RequestMappingHandlerMapping - Mapped to com.oxygen.capsule.controller.UserController#getUserInfo(String)
2026-01-25 10:53:41.089 [http-nio-8080-exec-3] DEBUG o.s.o.j.s.OpenEntityManagerInViewInterceptor - Opening JPA EntityManager in OpenEntityManagerInViewInterceptor
2026-01-25 10:53:41.090 [http-nio-8080-exec-3] DEBUG o.s.orm.jpa.JpaTransactionManager - Found thread-bound EntityManager [SessionImpl(344566471<open>)] for JPA transaction
2026-01-25 10:53:41.090 [http-nio-8080-exec-3] DEBUG o.s.orm.jpa.JpaTransactionManager - Creating new transaction with name [org.springframework.data.jpa.repository.support.SimpleJpaRepository.findById]: PROPAGATION_REQUIRED,ISOLATION_DEFAULT,readOnly
2026-01-25 10:53:41.090 [http-nio-8080-exec-3] DEBUG o.s.orm.jpa.JpaTransactionManager - Exposing JPA transaction as JDBC [org.springframework.orm.jpa.vendor.HibernateJpaDialect$HibernateConnectionHandle@2f94d977]
2026-01-25 10:53:41.091 [http-nio-8080-exec-4] DEBUG o.s.web.servlet.DispatcherServlet - GET "/api/payment/orders", parameters={}
2026-01-25 10:53:41.091 [http-nio-8080-exec-4] DEBUG o.s.w.s.m.m.a.RequestMappingHandlerMapping - Mapped to com.oxygen.capsule.controller.PaymentController#getUserPaymentOrders(String)
2026-01-25 10:53:41.091 [http-nio-8080-exec-4] DEBUG o.s.o.j.s.OpenEntityManagerInViewInterceptor - Opening JPA EntityManager in OpenEntityManagerInViewInterceptor
2026-01-25 10:53:41.092 [http-nio-8080-exec-3] DEBUG o.s.orm.jpa.JpaTransactionManager - Initiating transaction commit
2026-01-25 10:53:41.092 [http-nio-8080-exec-3] DEBUG o.s.orm.jpa.JpaTransactionManager - Committing JPA transaction on EntityManager [SessionImpl(344566471<open>)]
2026-01-25 10:53:41.093 [http-nio-8080-exec-5] DEBUG o.s.w.s.m.m.a.RequestResponseBodyMethodProcessor - Writing [Result(code=200, message=success, data=[BookingOrder(id=4, orderNo=BK17690558062538569, userId=1, pa (truncated)...]
2026-01-25 10:53:41.093 [http-nio-8080-exec-3] DEBUG o.s.orm.jpa.JpaTransactionManager - Not closing pre-bound JPA EntityManager after transaction
2026-01-25 10:53:41.095 [http-nio-8080-exec-4] DEBUG o.s.orm.jpa.JpaTransactionManager - Found thread-bound EntityManager [SessionImpl(1980839065<open>)] for JPA transaction
2026-01-25 10:53:41.095 [http-nio-8080-exec-4] DEBUG o.s.orm.jpa.JpaTransactionManager - Creating new transaction with name [org.springframework.data.jpa.repository.support.SimpleJpaRepository.findById]: PROPAGATION_REQUIRED,ISOLATION_DEFAULT,readOnly
2026-01-25 10:53:41.095 [http-nio-8080-exec-4] DEBUG o.s.orm.jpa.JpaTransactionManager - Exposing JPA transaction as JDBC [org.springframework.orm.jpa.vendor.HibernateJpaDialect$HibernateConnectionHandle@65ec6b9d]
2026-01-25 10:53:41.096 [http-nio-8080-exec-4] DEBUG o.s.orm.jpa.JpaTransactionManager - Initiating transaction commit
2026-01-25 10:53:41.096 [http-nio-8080-exec-4] DEBUG o.s.orm.jpa.JpaTransactionManager - Committing JPA transaction on EntityManager [SessionImpl(1980839065<open>)]
2026-01-25 10:53:41.096 [http-nio-8080-exec-5] DEBUG o.s.o.j.s.OpenEntityManagerInViewInterceptor - Closing JPA EntityManager in OpenEntityManagerInViewInterceptor
2026-01-25 10:53:41.097 [http-nio-8080-exec-5] DEBUG o.s.web.servlet.DispatcherServlet - Completed 200 OK
2026-01-25 10:53:41.096 [http-nio-8080-exec-3] DEBUG o.s.w.s.m.m.a.RequestResponseBodyMethodProcessor - Using 'application/json', given [*/*] and supported [application/json, application/*+json]
2026-01-25 10:53:41.097 [http-nio-8080-exec-4] DEBUG o.s.orm.jpa.JpaTransactionManager - Not closing pre-bound JPA EntityManager after transaction
2026-01-25 10:53:41.097 [http-nio-8080-exec-3] DEBUG o.s.w.s.m.m.a.RequestResponseBodyMethodProcessor - Writing [Result(code=200, message=success, data={totalVisits=0, remainingVisits=100, memberExpireTime=2034-08 (truncated)...]
2026-01-25 10:53:41.097 [http-nio-8080-exec-4] DEBUG o.s.orm.jpa.JpaTransactionManager - Found thread-bound EntityManager [SessionImpl(1980839065<open>)] for JPA transaction
2026-01-25 10:53:41.097 [http-nio-8080-exec-4] DEBUG o.s.orm.jpa.JpaTransactionManager - Creating new transaction with name [org.springframework.data.jpa.repository.support.SimpleJpaRepository.findById]: PROPAGATION_REQUIRED,ISOLATION_DEFAULT,readOnly
2026-01-25 10:53:41.097 [http-nio-8080-exec-3] DEBUG o.s.o.j.s.OpenEntityManagerInViewInterceptor - Closing JPA EntityManager in OpenEntityManagerInViewInterceptor
2026-01-25 10:53:41.097 [http-nio-8080-exec-3] DEBUG o.s.web.servlet.DispatcherServlet - Completed 200 OK
2026-01-25 10:53:41.097 [http-nio-8080-exec-4] DEBUG o.s.orm.jpa.JpaTransactionManager - Exposing JPA transaction as JDBC [org.springframework.orm.jpa.vendor.HibernateJpaDialect$HibernateConnectionHandle@4d577a20]
2026-01-25 10:53:41.099 [http-nio-8080-exec-4] DEBUG o.s.orm.jpa.JpaTransactionManager - Initiating transaction commit
2026-01-25 10:53:41.099 [http-nio-8080-exec-7] DEBUG o.s.web.servlet.DispatcherServlet - GET "/api/booking/orders", parameters={}
2026-01-25 10:53:41.099 [http-nio-8080-exec-4] DEBUG o.s.orm.jpa.JpaTransactionManager - Committing JPA transaction on EntityManager [SessionImpl(1980839065<open>)]
2026-01-25 10:53:41.099 [http-nio-8080-exec-7] DEBUG o.s.w.s.m.m.a.RequestMappingHandlerMapping - Mapped to com.oxygen.capsule.controller.BookingController#getUserOrders(String)
2026-01-25 10:53:41.099 [http-nio-8080-exec-7] DEBUG o.s.o.j.s.OpenEntityManagerInViewInterceptor - Opening JPA EntityManager in OpenEntityManagerInViewInterceptor
2026-01-25 10:53:41.100 [http-nio-8080-exec-4] DEBUG o.s.orm.jpa.JpaTransactionManager - Not closing pre-bound JPA EntityManager after transaction
2026-01-25 10:53:41.100 [http-nio-8080-exec-4] DEBUG o.s.orm.jpa.JpaTransactionManager - Found thread-bound EntityManager [SessionImpl(1980839065<open>)] for JPA transaction
2026-01-25 10:53:41.100 [http-nio-8080-exec-4] DEBUG o.s.orm.jpa.JpaTransactionManager - Creating new transaction with name [org.springframework.data.jpa.repository.support.SimpleJpaRepository.findById]: PROPAGATION_REQUIRED,ISOLATION_DEFAULT,readOnly
2026-01-25 10:53:41.100 [http-nio-8080-exec-7] DEBUG o.s.orm.jpa.JpaTransactionManager - Found thread-bound EntityManager [SessionImpl(1438787972<open>)] for JPA transaction
2026-01-25 10:53:41.100 [http-nio-8080-exec-7] DEBUG o.s.orm.jpa.JpaTransactionManager - Creating new transaction with name [org.springframework.data.jpa.repository.support.SimpleJpaRepository.findById]: PROPAGATION_REQUIRED,ISOLATION_DEFAULT,readOnly
2026-01-25 10:53:41.100 [http-nio-8080-exec-4] DEBUG o.s.orm.jpa.JpaTransactionManager - Exposing JPA transaction as JDBC [org.springframework.orm.jpa.vendor.HibernateJpaDialect$HibernateConnectionHandle@6a1514d5]
2026-01-25 10:53:41.100 [http-nio-8080-exec-7] DEBUG o.s.orm.jpa.JpaTransactionManager - Exposing JPA transaction as JDBC [org.springframework.orm.jpa.vendor.HibernateJpaDialect$HibernateConnectionHandle@66a829cd]
2026-01-25 10:53:41.101 [http-nio-8080-exec-7] DEBUG o.s.orm.jpa.JpaTransactionManager - Initiating transaction commit
2026-01-25 10:53:41.101 [http-nio-8080-exec-4] DEBUG o.s.orm.jpa.JpaTransactionManager - Initiating transaction commit
2026-01-25 10:53:41.101 [http-nio-8080-exec-4] DEBUG o.s.orm.jpa.JpaTransactionManager - Committing JPA transaction on EntityManager [SessionImpl(1980839065<open>)]
2026-01-25 10:53:41.101 [http-nio-8080-exec-7] DEBUG o.s.orm.jpa.JpaTransactionManager - Committing JPA transaction on EntityManager [SessionImpl(1438787972<open>)]
2026-01-25 10:53:41.101 [http-nio-8080-exec-7] DEBUG o.s.orm.jpa.JpaTransactionManager - Not closing pre-bound JPA EntityManager after transaction
2026-01-25 10:53:41.102 [http-nio-8080-exec-4] DEBUG o.s.orm.jpa.JpaTransactionManager - Not closing pre-bound JPA EntityManager after transaction
2026-01-25 10:53:41.102 [http-nio-8080-exec-4] DEBUG o.s.w.s.m.m.a.RequestResponseBodyMethodProcessor - Using 'application/json', given [*/*] and supported [application/json, application/*+json]
2026-01-25 10:53:41.102 [http-nio-8080-exec-4] DEBUG o.s.w.s.m.m.a.RequestResponseBodyMethodProcessor - Writing [Result(code=200, message=success, data=[{packageCategory=家庭/次卡, cardEndDate=2027-01-22T00:00, orderN (truncated)...]
2026-01-25 10:53:41.103 [http-nio-8080-exec-4] DEBUG o.s.o.j.s.OpenEntityManagerInViewInterceptor - Closing JPA EntityManager in OpenEntityManagerInViewInterceptor
2026-01-25 10:53:41.103 [http-nio-8080-exec-4] DEBUG o.s.web.servlet.DispatcherServlet - Completed 200 OK
2026-01-25 10:53:41.104 [http-nio-8080-exec-7] DEBUG o.s.w.s.m.m.a.RequestResponseBodyMethodProcessor - Using 'application/json', given [*/*] and supported [application/json, application/*+json]
2026-01-25 10:53:41.104 [http-nio-8080-exec-7] DEBUG o.s.w.s.m.m.a.RequestResponseBodyMethodProcessor - Writing [Result(code=200, message=success, data=[BookingOrder(id=4, orderNo=BK17690558062538569, userId=1, pa (truncated)...]
2026-01-25 10:53:41.104 [http-nio-8080-exec-7] DEBUG o.s.o.j.s.OpenEntityManagerInViewInterceptor - Closing JPA EntityManager in OpenEntityManagerInViewInterceptor
2026-01-25 10:53:41.104 [http-nio-8080-exec-7] DEBUG o.s.web.servlet.DispatcherServlet - Completed 200 OK
2026-01-25 10:53:41.117 [http-nio-8080-exec-8] DEBUG o.s.web.servlet.DispatcherServlet - GET "/api/user/info", parameters={}
2026-01-25 10:53:41.117 [http-nio-8080-exec-8] DEBUG o.s.w.s.m.m.a.RequestMappingHandlerMapping - Mapped to com.oxygen.capsule.controller.UserController#getUserInfo(String)
2026-01-25 10:53:41.117 [http-nio-8080-exec-8] DEBUG o.s.o.j.s.OpenEntityManagerInViewInterceptor - Opening JPA EntityManager in OpenEntityManagerInViewInterceptor
2026-01-25 10:53:41.118 [http-nio-8080-exec-8] DEBUG o.s.orm.jpa.JpaTransactionManager - Found thread-bound EntityManager [SessionImpl(1474127040<open>)] for JPA transaction
2026-01-25 10:53:41.118 [http-nio-8080-exec-8] DEBUG o.s.orm.jpa.JpaTransactionManager - Creating new transaction with name [org.springframework.data.jpa.repository.support.SimpleJpaRepository.findById]: PROPAGATION_REQUIRED,ISOLATION_DEFAULT,readOnly
2026-01-25 10:53:41.118 [http-nio-8080-exec-8] DEBUG o.s.orm.jpa.JpaTransactionManager - Exposing JPA transaction as JDBC [org.springframework.orm.jpa.vendor.HibernateJpaDialect$HibernateConnectionHandle@588bff76]
2026-01-25 10:53:41.119 [http-nio-8080-exec-8] DEBUG o.s.orm.jpa.JpaTransactionManager - Initiating transaction commit
2026-01-25 10:53:41.119 [http-nio-8080-exec-8] DEBUG o.s.orm.jpa.JpaTransactionManager - Committing JPA transaction on EntityManager [SessionImpl(1474127040<open>)]
2026-01-25 10:53:41.119 [http-nio-8080-exec-8] DEBUG o.s.orm.jpa.JpaTransactionManager - Not closing pre-bound JPA EntityManager after transaction
2026-01-25 10:53:41.123 [http-nio-8080-exec-8] DEBUG o.s.w.s.m.m.a.RequestResponseBodyMethodProcessor - Using 'application/json', given [*/*] and supported [application/json, application/*+json]
2026-01-25 10:53:41.123 [http-nio-8080-exec-8] DEBUG o.s.w.s.m.m.a.RequestResponseBodyMethodProcessor - Writing [Result(code=200, message=success, data={totalVisits=0, remainingVisits=100, memberExpireTime=2034-08 (truncated)...]
2026-01-25 10:53:41.124 [http-nio-8080-exec-8] DEBUG o.s.o.j.s.OpenEntityManagerInViewInterceptor - Closing JPA EntityManager in OpenEntityManagerInViewInterceptor
2026-01-25 10:53:41.124 [http-nio-8080-exec-8] DEBUG o.s.web.servlet.DispatcherServlet - Completed 200 OK
2026-01-25 10:53:41.141 [http-nio-8080-exec-9] DEBUG o.s.web.servlet.DispatcherServlet - GET "/api/user/info", parameters={}
2026-01-25 10:53:41.141 [http-nio-8080-exec-9] DEBUG o.s.w.s.m.m.a.RequestMappingHandlerMapping - Mapped to com.oxygen.capsule.controller.UserController#getUserInfo(String)
2026-01-25 10:53:41.141 [http-nio-8080-exec-9] DEBUG o.s.o.j.s.OpenEntityManagerInViewInterceptor - Opening JPA EntityManager in OpenEntityManagerInViewInterceptor
2026-01-25 10:53:41.143 [http-nio-8080-exec-9] DEBUG o.s.orm.jpa.JpaTransactionManager - Found thread-bound EntityManager [SessionImpl(1626307333<open>)] for JPA transaction
2026-01-25 10:53:41.143 [http-nio-8080-exec-9] DEBUG o.s.orm.jpa.JpaTransactionManager - Creating new transaction with name [org.springframework.data.jpa.repository.support.SimpleJpaRepository.findById]: PROPAGATION_REQUIRED,ISOLATION_DEFAULT,readOnly
2026-01-25 10:53:41.143 [http-nio-8080-exec-9] DEBUG o.s.orm.jpa.JpaTransactionManager - Exposing JPA transaction as JDBC [org.springframework.orm.jpa.vendor.HibernateJpaDialect$HibernateConnectionHandle@63b462be]
2026-01-25 10:53:41.145 [http-nio-8080-exec-9] DEBUG o.s.orm.jpa.JpaTransactionManager - Initiating transaction commit
2026-01-25 10:53:41.146 [http-nio-8080-exec-9] DEBUG o.s.orm.jpa.JpaTransactionManager - Committing JPA transaction on EntityManager [SessionImpl(1626307333<open>)]
2026-01-25 10:53:41.146 [http-nio-8080-exec-9] DEBUG o.s.orm.jpa.JpaTransactionManager - Not closing pre-bound JPA EntityManager after transaction
2026-01-25 10:53:41.149 [http-nio-8080-exec-9] DEBUG o.s.w.s.m.m.a.RequestResponseBodyMethodProcessor - Using 'application/json', given [*/*] and supported [application/json, application/*+json]
2026-01-25 10:53:41.149 [http-nio-8080-exec-9] DEBUG o.s.w.s.m.m.a.RequestResponseBodyMethodProcessor - Writing [Result(code=200, message=success, data={totalVisits=0, remainingVisits=100, memberExpireTime=2034-08 (truncated)...]
2026-01-25 10:53:41.149 [http-nio-8080-exec-9] DEBUG o.s.o.j.s.OpenEntityManagerInViewInterceptor - Closing JPA EntityManager in OpenEntityManagerInViewInterceptor
2026-01-25 10:53:41.149 [http-nio-8080-exec-9] DEBUG o.s.web.servlet.DispatcherServlet - Completed 200 OK
2026-01-25 10:53:42.379 [http-nio-8080-exec-10] DEBUG o.s.web.servlet.DispatcherServlet - GET "/api/packages/category?category=%E4%B8%AA%E4%BA%BA%E7%95%85%E4%BA%AB", parameters={masked}
2026-01-25 10:53:42.380 [http-nio-8080-exec-10] DEBUG o.s.w.s.m.m.a.RequestMappingHandlerMapping - Mapped to com.oxygen.capsule.controller.MemberPackageController#getPackagesByCategoryParam(String)
2026-01-25 10:53:42.380 [http-nio-8080-exec-10] DEBUG o.s.o.j.s.OpenEntityManagerInViewInterceptor - Opening JPA EntityManager in OpenEntityManagerInViewInterceptor
2026-01-25 10:53:42.384 [http-nio-8080-exec-10] DEBUG o.s.w.s.m.m.a.RequestResponseBodyMethodProcessor - Using 'application/json', given [*/*] and supported [application/json, application/*+json]
2026-01-25 10:53:42.384 [http-nio-8080-exec-10] DEBUG o.s.w.s.m.m.a.RequestResponseBodyMethodProcessor - Writing [Result(code=200, message=success, data=[MemberPackage(id=1, code=MONTHLY, name=月卡, price=3980.0, peo (truncated)...]
2026-01-25 10:53:42.385 [http-nio-8080-exec-10] DEBUG o.s.o.j.s.OpenEntityManagerInViewInterceptor - Closing JPA EntityManager in OpenEntityManagerInViewInterceptor
2026-01-25 10:53:42.385 [http-nio-8080-exec-10] DEBUG o.s.web.servlet.DispatcherServlet - Completed 200 OK
2026-01-25 10:53:42.387 [http-nio-8080-exec-1] DEBUG o.s.web.servlet.DispatcherServlet - GET "/api/packages/category?category=%E4%B8%AA%E4%BA%BA%E7%95%85%E4%BA%AB", parameters={masked}
2026-01-25 10:53:42.387 [http-nio-8080-exec-1] DEBUG o.s.w.s.m.m.a.RequestMappingHandlerMapping - Mapped to com.oxygen.capsule.controller.MemberPackageController#getPackagesByCategoryParam(String)
2026-01-25 10:53:42.387 [http-nio-8080-exec-1] DEBUG o.s.o.j.s.OpenEntityManagerInViewInterceptor - Opening JPA EntityManager in OpenEntityManagerInViewInterceptor
2026-01-25 10:53:42.391 [http-nio-8080-exec-1] DEBUG o.s.w.s.m.m.a.RequestResponseBodyMethodProcessor - Using 'application/json', given [*/*] and supported [application/json, application/*+json]
2026-01-25 10:53:42.391 [http-nio-8080-exec-1] DEBUG o.s.w.s.m.m.a.RequestResponseBodyMethodProcessor - Writing [Result(code=200, message=success, data=[MemberPackage(id=1, code=MONTHLY, name=月卡, price=3980.0, peo (truncated)...]
2026-01-25 10:53:42.392 [http-nio-8080-exec-1] DEBUG o.s.o.j.s.OpenEntityManagerInViewInterceptor - Closing JPA EntityManager in OpenEntityManagerInViewInterceptor
2026-01-25 10:53:42.392 [http-nio-8080-exec-1] DEBUG o.s.web.servlet.DispatcherServlet - Completed 200 OK
2026-01-25 10:53:44.920 [http-nio-8080-exec-2] DEBUG o.s.web.servlet.DispatcherServlet - GET "/api/payment/orders", parameters={}
2026-01-25 10:53:44.921 [http-nio-8080-exec-2] DEBUG o.s.w.s.m.m.a.RequestMappingHandlerMapping - Mapped to com.oxygen.capsule.controller.PaymentController#getUserPaymentOrders(String)
2026-01-25 10:53:44.921 [http-nio-8080-exec-2] DEBUG o.s.o.j.s.OpenEntityManagerInViewInterceptor - Opening JPA EntityManager in OpenEntityManagerInViewInterceptor
2026-01-25 10:53:44.926 [http-nio-8080-exec-2] DEBUG o.s.orm.jpa.JpaTransactionManager - Found thread-bound EntityManager [SessionImpl(781337093<open>)] for JPA transaction
2026-01-25 10:53:44.926 [http-nio-8080-exec-2] DEBUG o.s.orm.jpa.JpaTransactionManager - Creating new transaction with name [org.springframework.data.jpa.repository.support.SimpleJpaRepository.findById]: PROPAGATION_REQUIRED,ISOLATION_DEFAULT,readOnly
2026-01-25 10:53:44.927 [http-nio-8080-exec-2] DEBUG o.s.orm.jpa.JpaTransactionManager - Exposing JPA transaction as JDBC [org.springframework.orm.jpa.vendor.HibernateJpaDialect$HibernateConnectionHandle@715027e6]
2026-01-25 10:53:44.928 [http-nio-8080-exec-2] DEBUG o.s.orm.jpa.JpaTransactionManager - Initiating transaction commit
2026-01-25 10:53:44.928 [http-nio-8080-exec-2] DEBUG o.s.orm.jpa.JpaTransactionManager - Committing JPA transaction on EntityManager [SessionImpl(781337093<open>)]
2026-01-25 10:53:44.928 [http-nio-8080-exec-2] DEBUG o.s.orm.jpa.JpaTransactionManager - Not closing pre-bound JPA EntityManager after transaction
2026-01-25 10:53:44.929 [http-nio-8080-exec-2] DEBUG o.s.orm.jpa.JpaTransactionManager - Found thread-bound EntityManager [SessionImpl(781337093<open>)] for JPA transaction
2026-01-25 10:53:44.929 [http-nio-8080-exec-2] DEBUG o.s.orm.jpa.JpaTransactionManager - Creating new transaction with name [org.springframework.data.jpa.repository.support.SimpleJpaRepository.findById]: PROPAGATION_REQUIRED,ISOLATION_DEFAULT,readOnly
2026-01-25 10:53:44.929 [http-nio-8080-exec-2] DEBUG o.s.orm.jpa.JpaTransactionManager - Exposing JPA transaction as JDBC [org.springframework.orm.jpa.vendor.HibernateJpaDialect$HibernateConnectionHandle@52bc7f53]
2026-01-25 10:53:44.931 [http-nio-8080-exec-2] DEBUG o.s.orm.jpa.JpaTransactionManager - Initiating transaction commit
2026-01-25 10:53:44.931 [http-nio-8080-exec-2] DEBUG o.s.orm.jpa.JpaTransactionManager - Committing JPA transaction on EntityManager [SessionImpl(781337093<open>)]
2026-01-25 10:53:44.931 [http-nio-8080-exec-2] DEBUG o.s.orm.jpa.JpaTransactionManager - Not closing pre-bound JPA EntityManager after transaction
2026-01-25 10:53:44.932 [http-nio-8080-exec-2] DEBUG o.s.orm.jpa.JpaTransactionManager - Found thread-bound EntityManager [SessionImpl(781337093<open>)] for JPA transaction
2026-01-25 10:53:44.932 [http-nio-8080-exec-2] DEBUG o.s.orm.jpa.JpaTransactionManager - Creating new transaction with name [org.springframework.data.jpa.repository.support.SimpleJpaRepository.findById]: PROPAGATION_REQUIRED,ISOLATION_DEFAULT,readOnly
2026-01-25 10:53:44.932 [http-nio-8080-exec-2] DEBUG o.s.orm.jpa.JpaTransactionManager - Exposing JPA transaction as JDBC [org.springframework.orm.jpa.vendor.HibernateJpaDialect$HibernateConnectionHandle@1e0f3dcf]
2026-01-25 10:53:44.933 [http-nio-8080-exec-2] DEBUG o.s.orm.jpa.JpaTransactionManager - Initiating transaction commit
2026-01-25 10:53:44.933 [http-nio-8080-exec-2] DEBUG o.s.orm.jpa.JpaTransactionManager - Committing JPA transaction on EntityManager [SessionImpl(781337093<open>)]
2026-01-25 10:53:44.934 [http-nio-8080-exec-2] DEBUG o.s.orm.jpa.JpaTransactionManager - Not closing pre-bound JPA EntityManager after transaction
2026-01-25 10:53:44.934 [http-nio-8080-exec-2] DEBUG o.s.w.s.m.m.a.RequestResponseBodyMethodProcessor - Using 'application/json', given [*/*] and supported [application/json, application/*+json]
2026-01-25 10:53:44.934 [http-nio-8080-exec-2] DEBUG o.s.w.s.m.m.a.RequestResponseBodyMethodProcessor - Writing [Result(code=200, message=success, data=[{packageCategory=家庭/次卡, cardEndDate=2027-01-22T00:00, orderN (truncated)...]
2026-01-25 10:53:44.935 [http-nio-8080-exec-2] DEBUG o.s.o.j.s.OpenEntityManagerInViewInterceptor - Closing JPA EntityManager in OpenEntityManagerInViewInterceptor
2026-01-25 10:53:44.935 [http-nio-8080-exec-2] DEBUG o.s.web.servlet.DispatcherServlet - Completed 200 OK
2026-01-25 10:53:44.943 [http-nio-8080-exec-6] DEBUG o.s.web.servlet.DispatcherServlet - GET "/api/user/info", parameters={}
2026-01-25 10:53:44.943 [http-nio-8080-exec-6] DEBUG o.s.w.s.m.m.a.RequestMappingHandlerMapping - Mapped to com.oxygen.capsule.controller.UserController#getUserInfo(String)
2026-01-25 10:53:44.943 [http-nio-8080-exec-6] DEBUG o.s.o.j.s.OpenEntityManagerInViewInterceptor - Opening JPA EntityManager in OpenEntityManagerInViewInterceptor
2026-01-25 10:53:44.945 [http-nio-8080-exec-6] DEBUG o.s.orm.jpa.JpaTransactionManager - Found thread-bound EntityManager [SessionImpl(587536518<open>)] for JPA transaction
2026-01-25 10:53:44.945 [http-nio-8080-exec-6] DEBUG o.s.orm.jpa.JpaTransactionManager - Creating new transaction with name [org.springframework.data.jpa.repository.support.SimpleJpaRepository.findById]: PROPAGATION_REQUIRED,ISOLATION_DEFAULT,readOnly
2026-01-25 10:53:44.945 [http-nio-8080-exec-6] DEBUG o.s.orm.jpa.JpaTransactionManager - Exposing JPA transaction as JDBC [org.springframework.orm.jpa.vendor.HibernateJpaDialect$HibernateConnectionHandle@342978a7]
2026-01-25 10:53:44.948 [http-nio-8080-exec-6] DEBUG o.s.orm.jpa.JpaTransactionManager - Initiating transaction commit
2026-01-25 10:53:44.948 [http-nio-8080-exec-6] DEBUG o.s.orm.jpa.JpaTransactionManager - Committing JPA transaction on EntityManager [SessionImpl(587536518<open>)]
2026-01-25 10:53:44.949 [http-nio-8080-exec-6] DEBUG o.s.orm.jpa.JpaTransactionManager - Not closing pre-bound JPA EntityManager after transaction
2026-01-25 10:53:44.952 [http-nio-8080-exec-6] DEBUG o.s.w.s.m.m.a.RequestResponseBodyMethodProcessor - Using 'application/json', given [*/*] and supported [application/json, application/*+json]
2026-01-25 10:53:44.952 [http-nio-8080-exec-6] DEBUG o.s.w.s.m.m.a.RequestResponseBodyMethodProcessor - Writing [Result(code=200, message=success, data={totalVisits=0, remainingVisits=100, memberExpireTime=2034-08 (truncated)...]
2026-01-25 10:53:44.952 [http-nio-8080-exec-6] DEBUG o.s.o.j.s.OpenEntityManagerInViewInterceptor - Closing JPA EntityManager in OpenEntityManagerInViewInterceptor
2026-01-25 10:53:44.952 [http-nio-8080-exec-6] DEBUG o.s.web.servlet.DispatcherServlet - Completed 200 OK
2026-01-25 10:53:44.964 [http-nio-8080-exec-5] DEBUG o.s.web.servlet.DispatcherServlet - GET "/api/staff/active-list", parameters={}
2026-01-25 10:53:44.965 [http-nio-8080-exec-5] DEBUG o.s.w.s.m.m.a.RequestMappingHandlerMapping - Mapped to com.oxygen.capsule.controller.StaffController#getActiveStaffs()
2026-01-25 10:53:44.965 [http-nio-8080-exec-5] DEBUG o.s.o.j.s.OpenEntityManagerInViewInterceptor - Opening JPA EntityManager in OpenEntityManagerInViewInterceptor
2026-01-25 10:53:44.968 [http-nio-8080-exec-5] DEBUG o.s.w.s.m.m.a.RequestResponseBodyMethodProcessor - Using 'application/json', given [*/*] and supported [application/json, application/*+json]
2026-01-25 10:53:44.968 [http-nio-8080-exec-5] DEBUG o.s.w.s.m.m.a.RequestResponseBodyMethodProcessor - Writing [Result(code=200, message=success, data=[{phone=18680815221, name=员工, id=2}])]
2026-01-25 10:53:44.969 [http-nio-8080-exec-5] DEBUG o.s.o.j.s.OpenEntityManagerInViewInterceptor - Closing JPA EntityManager in OpenEntityManagerInViewInterceptor
2026-01-25 10:53:44.969 [http-nio-8080-exec-5] DEBUG o.s.web.servlet.DispatcherServlet - Completed 200 OK
2026-01-25 10:53:47.212 [http-nio-8080-exec-3] DEBUG o.s.web.servlet.DispatcherServlet - POST "/api/payment/create-package-order", parameters={}
2026-01-25 10:53:47.213 [http-nio-8080-exec-3] DEBUG o.s.w.s.m.m.a.RequestMappingHandlerMapping - Mapped to com.oxygen.capsule.controller.PaymentController#createPackageOrder(String, Map)
2026-01-25 10:53:47.213 [http-nio-8080-exec-3] DEBUG o.s.o.j.s.OpenEntityManagerInViewInterceptor - Opening JPA EntityManager in OpenEntityManagerInViewInterceptor
2026-01-25 10:53:47.215 [http-nio-8080-exec-3] DEBUG o.s.w.s.m.m.a.RequestResponseBodyMethodProcessor - Read "application/json;charset=UTF-8" to [{packageId=4, price=29800, cardStartDate=2034-08-18, staffId=2, staffName=员工}]
2026-01-25 10:53:47.220 [http-nio-8080-exec-3] DEBUG o.s.orm.jpa.JpaTransactionManager - Found thread-bound EntityManager [SessionImpl(608644663<open>)] for JPA transaction
2026-01-25 10:53:47.220 [http-nio-8080-exec-3] DEBUG o.s.orm.jpa.JpaTransactionManager - Creating new transaction with name [org.springframework.data.jpa.repository.support.SimpleJpaRepository.findById]: PROPAGATION_REQUIRED,ISOLATION_DEFAULT,readOnly
2026-01-25 10:53:47.220 [http-nio-8080-exec-3] DEBUG o.s.orm.jpa.JpaTransactionManager - Exposing JPA transaction as JDBC [org.springframework.orm.jpa.vendor.HibernateJpaDialect$HibernateConnectionHandle@6a5f5b7f]
2026-01-25 10:53:47.222 [http-nio-8080-exec-3] DEBUG o.s.orm.jpa.JpaTransactionManager - Initiating transaction commit
2026-01-25 10:53:47.222 [http-nio-8080-exec-3] DEBUG o.s.orm.jpa.JpaTransactionManager - Committing JPA transaction on EntityManager [SessionImpl(608644663<open>)]
2026-01-25 10:53:47.223 [http-nio-8080-exec-3] DEBUG o.s.orm.jpa.JpaTransactionManager - Not closing pre-bound JPA EntityManager after transaction
2026-01-25 10:53:47.223 [http-nio-8080-exec-3] DEBUG o.s.orm.jpa.JpaTransactionManager - Found thread-bound EntityManager [SessionImpl(608644663<open>)] for JPA transaction
2026-01-25 10:53:47.223 [http-nio-8080-exec-3] DEBUG o.s.orm.jpa.JpaTransactionManager - Creating new transaction with name [org.springframework.data.jpa.repository.support.SimpleJpaRepository.findById]: PROPAGATION_REQUIRED,ISOLATION_DEFAULT,readOnly
2026-01-25 10:53:47.224 [http-nio-8080-exec-3] DEBUG o.s.orm.jpa.JpaTransactionManager - Exposing JPA transaction as JDBC [org.springframework.orm.jpa.vendor.HibernateJpaDialect$HibernateConnectionHandle@601c732c]
2026-01-25 10:53:47.226 [http-nio-8080-exec-3] DEBUG o.s.orm.jpa.JpaTransactionManager - Initiating transaction commit
2026-01-25 10:53:47.226 [http-nio-8080-exec-3] DEBUG o.s.orm.jpa.JpaTransactionManager - Committing JPA transaction on EntityManager [SessionImpl(608644663<open>)]
2026-01-25 10:53:47.226 [http-nio-8080-exec-3] DEBUG o.s.orm.jpa.JpaTransactionManager - Not closing pre-bound JPA EntityManager after transaction
2026-01-25 10:53:47.231 [http-nio-8080-exec-3] DEBUG o.s.orm.jpa.JpaTransactionManager - Found thread-bound EntityManager [SessionImpl(608644663<open>)] for JPA transaction
2026-01-25 10:53:47.231 [http-nio-8080-exec-3] DEBUG o.s.orm.jpa.JpaTransactionManager - Creating new transaction with name [org.springframework.data.jpa.repository.support.SimpleJpaRepository.save]: PROPAGATION_REQUIRED,ISOLATION_DEFAULT
2026-01-25 10:53:47.231 [http-nio-8080-exec-3] DEBUG o.s.orm.jpa.JpaTransactionManager - Exposing JPA transaction as JDBC [org.springframework.orm.jpa.vendor.HibernateJpaDialect$HibernateConnectionHandle@4edd3930]
2026-01-25 10:53:47.251 [http-nio-8080-exec-3] DEBUG o.s.orm.jpa.JpaTransactionManager - Initiating transaction commit
2026-01-25 10:53:47.251 [http-nio-8080-exec-3] DEBUG o.s.orm.jpa.JpaTransactionManager - Committing JPA transaction on EntityManager [SessionImpl(608644663<open>)]
2026-01-25 10:53:47.253 [http-nio-8080-exec-3] DEBUG o.s.orm.jpa.JpaTransactionManager - Not closing pre-bound JPA EntityManager after transaction
2026-01-25 10:53:47.254 [http-nio-8080-exec-3] DEBUG o.s.w.s.m.m.a.RequestResponseBodyMethodProcessor - Using 'application/json', given [*/*] and supported [application/json, application/*+json]
2026-01-25 10:53:47.254 [http-nio-8080-exec-3] DEBUG o.s.w.s.m.m.a.RequestResponseBodyMethodProcessor - Writing [Result(code=200, message=订单创建成功, data={transactionType=RENEW, cardEndDate=2035-08-18T00:00, orderNo= (truncated)...]
2026-01-25 10:53:47.254 [http-nio-8080-exec-3] DEBUG o.s.o.j.s.OpenEntityManagerInViewInterceptor - Closing JPA EntityManager in OpenEntityManagerInViewInterceptor
2026-01-25 10:53:47.254 [http-nio-8080-exec-3] DEBUG o.s.web.servlet.DispatcherServlet - Completed 200 OK
2026-01-25 10:53:47.263 [http-nio-8080-exec-4] DEBUG o.s.web.servlet.DispatcherServlet - POST "/api/payment/wechat-pay/19", parameters={}
2026-01-25 10:53:47.264 [http-nio-8080-exec-4] DEBUG o.s.w.s.m.m.a.RequestMappingHandlerMapping - Mapped to com.oxygen.capsule.controller.PaymentController#getWechatPayParams(String, Long)
2026-01-25 10:53:47.264 [http-nio-8080-exec-4] DEBUG o.s.o.j.s.OpenEntityManagerInViewInterceptor - Opening JPA EntityManager in OpenEntityManagerInViewInterceptor
2026-01-25 10:53:47.266 [http-nio-8080-exec-4] DEBUG o.s.orm.jpa.JpaTransactionManager - Found thread-bound EntityManager [SessionImpl(182044759<open>)] for JPA transaction
2026-01-25 10:53:47.266 [http-nio-8080-exec-4] DEBUG o.s.orm.jpa.JpaTransactionManager - Creating new transaction with name [org.springframework.data.jpa.repository.support.SimpleJpaRepository.findById]: PROPAGATION_REQUIRED,ISOLATION_DEFAULT,readOnly
2026-01-25 10:53:47.267 [http-nio-8080-exec-4] DEBUG o.s.orm.jpa.JpaTransactionManager - Exposing JPA transaction as JDBC [org.springframework.orm.jpa.vendor.HibernateJpaDialect$HibernateConnectionHandle@50e9ee50]
2026-01-25 10:53:47.268 [http-nio-8080-exec-4] DEBUG o.s.orm.jpa.JpaTransactionManager - Initiating transaction commit
2026-01-25 10:53:47.268 [http-nio-8080-exec-4] DEBUG o.s.orm.jpa.JpaTransactionManager - Committing JPA transaction on EntityManager [SessionImpl(182044759<open>)]
2026-01-25 10:53:47.269 [http-nio-8080-exec-4] DEBUG o.s.orm.jpa.JpaTransactionManager - Not closing pre-bound JPA EntityManager after transaction
2026-01-25 10:53:47.269 [http-nio-8080-exec-4] DEBUG o.s.orm.jpa.JpaTransactionManager - Found thread-bound EntityManager [SessionImpl(182044759<open>)] for JPA transaction
2026-01-25 10:53:47.269 [http-nio-8080-exec-4] DEBUG o.s.orm.jpa.JpaTransactionManager - Creating new transaction with name [org.springframework.data.jpa.repository.support.SimpleJpaRepository.findById]: PROPAGATION_REQUIRED,ISOLATION_DEFAULT,readOnly
2026-01-25 10:53:47.269 [http-nio-8080-exec-4] DEBUG o.s.orm.jpa.JpaTransactionManager - Exposing JPA transaction as JDBC [org.springframework.orm.jpa.vendor.HibernateJpaDialect$HibernateConnectionHandle@4f3d86a9]
2026-01-25 10:53:47.270 [http-nio-8080-exec-4] DEBUG o.s.orm.jpa.JpaTransactionManager - Initiating transaction commit
2026-01-25 10:53:47.270 [http-nio-8080-exec-4] DEBUG o.s.orm.jpa.JpaTransactionManager - Committing JPA transaction on EntityManager [SessionImpl(182044759<open>)]
2026-01-25 10:53:47.270 [http-nio-8080-exec-4] DEBUG o.s.orm.jpa.JpaTransactionManager - Not closing pre-bound JPA EntityManager after transaction
2026-01-25 10:53:47.270 [http-nio-8080-exec-4] INFO  com.oxygen.capsule.util.WxPayUtil - 使用 MOCK 模式生成支付参数，订单号: PAY17693096272339854, 金额: 2980000分
2026-01-25 10:53:47.270 [http-nio-8080-exec-4] INFO  com.oxygen.capsule.util.WxPayUtil - 生成Mock支付参数，订单号: PAY17693096272339854, 金额: 2980000分
2026-01-25 10:53:47.271 [http-nio-8080-exec-4] WARN  com.oxygen.capsule.util.WxPayUtil - ⚠️  返回Mock支付参数，前端调用 uni.requestPayment 会失败，但可以测试支付流程
2026-01-25 10:53:47.271 [http-nio-8080-exec-4] WARN  com.oxygen.capsule.util.WxPayUtil - ⚠️  订单数据已保存到数据库，可以通过其他方式模拟支付成功
2026-01-25 10:53:47.271 [http-nio-8080-exec-4] DEBUG o.s.w.s.m.m.a.RequestResponseBodyMethodProcessor - Using 'application/json', given [*/*] and supported [application/json, application/*+json]
2026-01-25 10:53:47.271 [http-nio-8080-exec-4] DEBUG o.s.w.s.m.m.a.RequestResponseBodyMethodProcessor - Writing [Result(code=200, message=获取支付参数成功, data={timeStamp=1769309627, package=prepay_id=MOCK_PREPAY_ID_1769 (truncated)...]
2026-01-25 10:53:47.271 [http-nio-8080-exec-4] DEBUG o.s.o.j.s.OpenEntityManagerInViewInterceptor - Closing JPA EntityManager in OpenEntityManagerInViewInterceptor
2026-01-25 10:53:47.271 [http-nio-8080-exec-4] DEBUG o.s.web.servlet.DispatcherServlet - Completed 200 OK
2026-01-25 10:53:48.080 [http-nio-8080-exec-7] DEBUG o.s.web.servlet.DispatcherServlet - POST "/api/payment/mock-success/19", parameters={}
2026-01-25 10:53:48.081 [http-nio-8080-exec-7] DEBUG o.s.w.s.m.m.a.RequestMappingHandlerMapping - Mapped to com.oxygen.capsule.controller.PaymentController#mockPaymentSuccess(String, Long)
2026-01-25 10:53:48.081 [http-nio-8080-exec-7] DEBUG o.s.o.j.s.OpenEntityManagerInViewInterceptor - Opening JPA EntityManager in OpenEntityManagerInViewInterceptor
2026-01-25 10:53:48.085 [http-nio-8080-exec-7] DEBUG o.s.orm.jpa.JpaTransactionManager - Found thread-bound EntityManager [SessionImpl(773348700<open>)] for JPA transaction
2026-01-25 10:53:48.085 [http-nio-8080-exec-7] DEBUG o.s.orm.jpa.JpaTransactionManager - Creating new transaction with name [org.springframework.data.jpa.repository.support.SimpleJpaRepository.findById]: PROPAGATION_REQUIRED,ISOLATION_DEFAULT,readOnly
2026-01-25 10:53:48.085 [http-nio-8080-exec-7] DEBUG o.s.orm.jpa.JpaTransactionManager - Exposing JPA transaction as JDBC [org.springframework.orm.jpa.vendor.HibernateJpaDialect$HibernateConnectionHandle@254592e3]
2026-01-25 10:53:48.088 [http-nio-8080-exec-7] DEBUG o.s.orm.jpa.JpaTransactionManager - Initiating transaction commit
2026-01-25 10:53:48.088 [http-nio-8080-exec-7] DEBUG o.s.orm.jpa.JpaTransactionManager - Committing JPA transaction on EntityManager [SessionImpl(773348700<open>)]
2026-01-25 10:53:48.089 [http-nio-8080-exec-7] DEBUG o.s.orm.jpa.JpaTransactionManager - Not closing pre-bound JPA EntityManager after transaction
2026-01-25 10:53:48.089 [http-nio-8080-exec-7] DEBUG o.s.orm.jpa.JpaTransactionManager - Found thread-bound EntityManager [SessionImpl(773348700<open>)] for JPA transaction
2026-01-25 10:53:48.089 [http-nio-8080-exec-7] DEBUG o.s.orm.jpa.JpaTransactionManager - Creating new transaction with name [org.springframework.data.jpa.repository.support.SimpleJpaRepository.findById]: PROPAGATION_REQUIRED,ISOLATION_DEFAULT,readOnly
2026-01-25 10:53:48.090 [http-nio-8080-exec-7] DEBUG o.s.orm.jpa.JpaTransactionManager - Exposing JPA transaction as JDBC [org.springframework.orm.jpa.vendor.HibernateJpaDialect$HibernateConnectionHandle@3aef9c29]
2026-01-25 10:53:48.091 [http-nio-8080-exec-7] DEBUG o.s.orm.jpa.JpaTransactionManager - Initiating transaction commit
2026-01-25 10:53:48.091 [http-nio-8080-exec-7] DEBUG o.s.orm.jpa.JpaTransactionManager - Committing JPA transaction on EntityManager [SessionImpl(773348700<open>)]
2026-01-25 10:53:48.092 [http-nio-8080-exec-7] DEBUG o.s.orm.jpa.JpaTransactionManager - Not closing pre-bound JPA EntityManager after transaction
2026-01-25 10:53:48.092 [http-nio-8080-exec-7] DEBUG o.s.orm.jpa.JpaTransactionManager - Found thread-bound EntityManager [SessionImpl(773348700<open>)] for JPA transaction
2026-01-25 10:53:48.092 [http-nio-8080-exec-7] DEBUG o.s.orm.jpa.JpaTransactionManager - Creating new transaction with name [org.springframework.data.jpa.repository.support.SimpleJpaRepository.findById]: PROPAGATION_REQUIRED,ISOLATION_DEFAULT,readOnly
2026-01-25 10:53:48.092 [http-nio-8080-exec-7] DEBUG o.s.orm.jpa.JpaTransactionManager - Exposing JPA transaction as JDBC [org.springframework.orm.jpa.vendor.HibernateJpaDialect$HibernateConnectionHandle@7b5f058d]
2026-01-25 10:53:48.094 [http-nio-8080-exec-7] DEBUG o.s.orm.jpa.JpaTransactionManager - Initiating transaction commit
2026-01-25 10:53:48.094 [http-nio-8080-exec-7] DEBUG o.s.orm.jpa.JpaTransactionManager - Committing JPA transaction on EntityManager [SessionImpl(773348700<open>)]
2026-01-25 10:53:48.095 [http-nio-8080-exec-7] DEBUG o.s.orm.jpa.JpaTransactionManager - Not closing pre-bound JPA EntityManager after transaction
2026-01-25 10:53:48.095 [http-nio-8080-exec-7] DEBUG o.s.orm.jpa.JpaTransactionManager - Found thread-bound EntityManager [SessionImpl(773348700<open>)] for JPA transaction
2026-01-25 10:53:48.095 [http-nio-8080-exec-7] DEBUG o.s.orm.jpa.JpaTransactionManager - Creating new transaction with name [org.springframework.data.jpa.repository.support.SimpleJpaRepository.save]: PROPAGATION_REQUIRED,ISOLATION_DEFAULT
2026-01-25 10:53:48.096 [http-nio-8080-exec-7] DEBUG o.s.orm.jpa.JpaTransactionManager - Exposing JPA transaction as JDBC [org.springframework.orm.jpa.vendor.HibernateJpaDialect$HibernateConnectionHandle@14ffac8]
2026-01-25 10:53:48.096 [http-nio-8080-exec-7] DEBUG o.s.orm.jpa.JpaTransactionManager - Initiating transaction commit
2026-01-25 10:53:48.096 [http-nio-8080-exec-7] DEBUG o.s.orm.jpa.JpaTransactionManager - Committing JPA transaction on EntityManager [SessionImpl(773348700<open>)]
2026-01-25 10:53:48.099 [http-nio-8080-exec-7] DEBUG o.s.orm.jpa.JpaTransactionManager - Not closing pre-bound JPA EntityManager after transaction
2026-01-25 10:53:48.099 [http-nio-8080-exec-7] DEBUG o.s.orm.jpa.JpaTransactionManager - Found thread-bound EntityManager [SessionImpl(773348700<open>)] for JPA transaction
2026-01-25 10:53:48.099 [http-nio-8080-exec-7] DEBUG o.s.orm.jpa.JpaTransactionManager - Creating new transaction with name [org.springframework.data.jpa.repository.support.SimpleJpaRepository.findById]: PROPAGATION_REQUIRED,ISOLATION_DEFAULT,readOnly
2026-01-25 10:53:48.099 [http-nio-8080-exec-7] DEBUG o.s.orm.jpa.JpaTransactionManager - Exposing JPA transaction as JDBC [org.springframework.orm.jpa.vendor.HibernateJpaDialect$HibernateConnectionHandle@24442737]
2026-01-25 10:53:48.101 [http-nio-8080-exec-7] DEBUG o.s.orm.jpa.JpaTransactionManager - Initiating transaction commit
2026-01-25 10:53:48.102 [http-nio-8080-exec-7] DEBUG o.s.orm.jpa.JpaTransactionManager - Committing JPA transaction on EntityManager [SessionImpl(773348700<open>)]
2026-01-25 10:53:48.102 [http-nio-8080-exec-7] DEBUG o.s.orm.jpa.JpaTransactionManager - Not closing pre-bound JPA EntityManager after transaction
2026-01-25 10:53:48.102 [http-nio-8080-exec-7] DEBUG o.s.orm.jpa.JpaTransactionManager - Found thread-bound EntityManager [SessionImpl(773348700<open>)] for JPA transaction
2026-01-25 10:53:48.102 [http-nio-8080-exec-7] DEBUG o.s.orm.jpa.JpaTransactionManager - Creating new transaction with name [org.springframework.data.jpa.repository.support.SimpleJpaRepository.findById]: PROPAGATION_REQUIRED,ISOLATION_DEFAULT,readOnly
2026-01-25 10:53:48.102 [http-nio-8080-exec-7] DEBUG o.s.orm.jpa.JpaTransactionManager - Exposing JPA transaction as JDBC [org.springframework.orm.jpa.vendor.HibernateJpaDialect$HibernateConnectionHandle@22b636ca]
2026-01-25 10:53:48.102 [http-nio-8080-exec-7] DEBUG o.s.orm.jpa.JpaTransactionManager - Initiating transaction commit
2026-01-25 10:53:48.103 [http-nio-8080-exec-7] DEBUG o.s.orm.jpa.JpaTransactionManager - Committing JPA transaction on EntityManager [SessionImpl(773348700<open>)]
2026-01-25 10:53:48.103 [http-nio-8080-exec-7] DEBUG o.s.orm.jpa.JpaTransactionManager - Not closing pre-bound JPA EntityManager after transaction
2026-01-25 10:53:48.103 [http-nio-8080-exec-7] DEBUG o.s.orm.jpa.JpaTransactionManager - Found thread-bound EntityManager [SessionImpl(773348700<open>)] for JPA transaction
2026-01-25 10:53:48.103 [http-nio-8080-exec-7] DEBUG o.s.orm.jpa.JpaTransactionManager - Creating new transaction with name [org.springframework.data.jpa.repository.support.SimpleJpaRepository.save]: PROPAGATION_REQUIRED,ISOLATION_DEFAULT
2026-01-25 10:53:48.103 [http-nio-8080-exec-7] DEBUG o.s.orm.jpa.JpaTransactionManager - Exposing JPA transaction as JDBC [org.springframework.orm.jpa.vendor.HibernateJpaDialect$HibernateConnectionHandle@569c672d]
2026-01-25 10:53:48.103 [http-nio-8080-exec-7] DEBUG o.s.orm.jpa.JpaTransactionManager - Initiating transaction commit
2026-01-25 10:53:48.103 [http-nio-8080-exec-7] DEBUG o.s.orm.jpa.JpaTransactionManager - Committing JPA transaction on EntityManager [SessionImpl(773348700<open>)]
2026-01-25 10:53:48.106 [http-nio-8080-exec-7] DEBUG o.s.orm.jpa.JpaTransactionManager - Not closing pre-bound JPA EntityManager after transaction
2026-01-25 10:53:48.106 [http-nio-8080-exec-7] DEBUG o.s.w.s.m.m.a.RequestResponseBodyMethodProcessor - Using 'application/json', given [*/*] and supported [application/json, application/*+json]
2026-01-25 10:53:48.106 [http-nio-8080-exec-7] DEBUG o.s.w.s.m.m.a.RequestResponseBodyMethodProcessor - Writing [Result(code=200, message=Mock支付成功，订单状态已更新, data=success)]
2026-01-25 10:53:48.106 [http-nio-8080-exec-7] DEBUG o.s.o.j.s.OpenEntityManagerInViewInterceptor - Closing JPA EntityManager in OpenEntityManagerInViewInterceptor
2026-01-25 10:53:48.107 [http-nio-8080-exec-7] DEBUG o.s.web.servlet.DispatcherServlet - Completed 200 OK
2026-01-25 10:53:50.383 [http-nio-8080-exec-8] DEBUG o.s.web.servlet.DispatcherServlet - GET "/api/user/info", parameters={}
2026-01-25 10:53:50.383 [http-nio-8080-exec-8] DEBUG o.s.w.s.m.m.a.RequestMappingHandlerMapping - Mapped to com.oxygen.capsule.controller.UserController#getUserInfo(String)
2026-01-25 10:53:50.383 [http-nio-8080-exec-8] DEBUG o.s.o.j.s.OpenEntityManagerInViewInterceptor - Opening JPA EntityManager in OpenEntityManagerInViewInterceptor
2026-01-25 10:53:50.384 [http-nio-8080-exec-9] DEBUG o.s.web.servlet.DispatcherServlet - GET "/api/payment/orders", parameters={}
2026-01-25 10:53:50.384 [http-nio-8080-exec-9] DEBUG o.s.w.s.m.m.a.RequestMappingHandlerMapping - Mapped to com.oxygen.capsule.controller.PaymentController#getUserPaymentOrders(String)
2026-01-25 10:53:50.384 [http-nio-8080-exec-9] DEBUG o.s.o.j.s.OpenEntityManagerInViewInterceptor - Opening JPA EntityManager in OpenEntityManagerInViewInterceptor
2026-01-25 10:53:50.384 [http-nio-8080-exec-8] DEBUG o.s.orm.jpa.JpaTransactionManager - Found thread-bound EntityManager [SessionImpl(579038414<open>)] for JPA transaction
2026-01-25 10:53:50.384 [http-nio-8080-exec-8] DEBUG o.s.orm.jpa.JpaTransactionManager - Creating new transaction with name [org.springframework.data.jpa.repository.support.SimpleJpaRepository.findById]: PROPAGATION_REQUIRED,ISOLATION_DEFAULT,readOnly
2026-01-25 10:53:50.385 [http-nio-8080-exec-8] DEBUG o.s.orm.jpa.JpaTransactionManager - Exposing JPA transaction as JDBC [org.springframework.orm.jpa.vendor.HibernateJpaDialect$HibernateConnectionHandle@571a4b29]
2026-01-25 10:53:50.386 [http-nio-8080-exec-10] DEBUG o.s.web.servlet.DispatcherServlet - GET "/api/booking/orders", parameters={}
2026-01-25 10:53:50.387 [http-nio-8080-exec-10] DEBUG o.s.w.s.m.m.a.RequestMappingHandlerMapping - Mapped to com.oxygen.capsule.controller.BookingController#getUserOrders(String)
2026-01-25 10:53:50.387 [http-nio-8080-exec-10] DEBUG o.s.o.j.s.OpenEntityManagerInViewInterceptor - Opening JPA EntityManager in OpenEntityManagerInViewInterceptor
2026-01-25 10:53:50.387 [http-nio-8080-exec-8] DEBUG o.s.orm.jpa.JpaTransactionManager - Initiating transaction commit
2026-01-25 10:53:50.388 [http-nio-8080-exec-8] DEBUG o.s.orm.jpa.JpaTransactionManager - Committing JPA transaction on EntityManager [SessionImpl(579038414<open>)]
2026-01-25 10:53:50.388 [http-nio-8080-exec-8] DEBUG o.s.orm.jpa.JpaTransactionManager - Not closing pre-bound JPA EntityManager after transaction
2026-01-25 10:53:50.388 [http-nio-8080-exec-10] DEBUG o.s.orm.jpa.JpaTransactionManager - Found thread-bound EntityManager [SessionImpl(1724047706<open>)] for JPA transaction
2026-01-25 10:53:50.388 [http-nio-8080-exec-10] DEBUG o.s.orm.jpa.JpaTransactionManager - Creating new transaction with name [org.springframework.data.jpa.repository.support.SimpleJpaRepository.findById]: PROPAGATION_REQUIRED,ISOLATION_DEFAULT,readOnly
2026-01-25 10:53:50.389 [http-nio-8080-exec-10] DEBUG o.s.orm.jpa.JpaTransactionManager - Exposing JPA transaction as JDBC [org.springframework.orm.jpa.vendor.HibernateJpaDialect$HibernateConnectionHandle@8af8b5f]
2026-01-25 10:53:50.389 [http-nio-8080-exec-9] DEBUG o.s.orm.jpa.JpaTransactionManager - Found thread-bound EntityManager [SessionImpl(1142873707<open>)] for JPA transaction
2026-01-25 10:53:50.389 [http-nio-8080-exec-9] DEBUG o.s.orm.jpa.JpaTransactionManager - Creating new transaction with name [org.springframework.data.jpa.repository.support.SimpleJpaRepository.findById]: PROPAGATION_REQUIRED,ISOLATION_DEFAULT,readOnly
2026-01-25 10:53:50.389 [http-nio-8080-exec-9] DEBUG o.s.orm.jpa.JpaTransactionManager - Exposing JPA transaction as JDBC [org.springframework.orm.jpa.vendor.HibernateJpaDialect$HibernateConnectionHandle@5fab64bf]
2026-01-25 10:53:50.390 [http-nio-8080-exec-10] DEBUG o.s.orm.jpa.JpaTransactionManager - Initiating transaction commit
2026-01-25 10:53:50.390 [http-nio-8080-exec-10] DEBUG o.s.orm.jpa.JpaTransactionManager - Committing JPA transaction on EntityManager [SessionImpl(1724047706<open>)]
2026-01-25 10:53:50.390 [http-nio-8080-exec-9] DEBUG o.s.orm.jpa.JpaTransactionManager - Initiating transaction commit
2026-01-25 10:53:50.390 [http-nio-8080-exec-9] DEBUG o.s.orm.jpa.JpaTransactionManager - Committing JPA transaction on EntityManager [SessionImpl(1142873707<open>)]
2026-01-25 10:53:50.391 [http-nio-8080-exec-10] DEBUG o.s.orm.jpa.JpaTransactionManager - Not closing pre-bound JPA EntityManager after transaction
2026-01-25 10:53:50.391 [http-nio-8080-exec-9] DEBUG o.s.orm.jpa.JpaTransactionManager - Not closing pre-bound JPA EntityManager after transaction
2026-01-25 10:53:50.391 [http-nio-8080-exec-9] DEBUG o.s.orm.jpa.JpaTransactionManager - Found thread-bound EntityManager [SessionImpl(1142873707<open>)] for JPA transaction
2026-01-25 10:53:50.391 [http-nio-8080-exec-9] DEBUG o.s.orm.jpa.JpaTransactionManager - Creating new transaction with name [org.springframework.data.jpa.repository.support.SimpleJpaRepository.findById]: PROPAGATION_REQUIRED,ISOLATION_DEFAULT,readOnly
2026-01-25 10:53:50.391 [http-nio-8080-exec-9] DEBUG o.s.orm.jpa.JpaTransactionManager - Exposing JPA transaction as JDBC [org.springframework.orm.jpa.vendor.HibernateJpaDialect$HibernateConnectionHandle@2a2e22f]
2026-01-25 10:53:50.391 [http-nio-8080-exec-8] DEBUG o.s.w.s.m.m.a.RequestResponseBodyMethodProcessor - Using 'application/json', given [*/*] and supported [application/json, application/*+json]
2026-01-25 10:53:50.391 [http-nio-8080-exec-8] DEBUG o.s.w.s.m.m.a.RequestResponseBodyMethodProcessor - Writing [Result(code=200, message=success, data={totalVisits=0, remainingVisits=100, memberExpireTime=2035-08 (truncated)...]
2026-01-25 10:53:50.392 [http-nio-8080-exec-8] DEBUG o.s.o.j.s.OpenEntityManagerInViewInterceptor - Closing JPA EntityManager in OpenEntityManagerInViewInterceptor
2026-01-25 10:53:50.392 [http-nio-8080-exec-8] DEBUG o.s.web.servlet.DispatcherServlet - Completed 200 OK
2026-01-25 10:53:50.392 [http-nio-8080-exec-9] DEBUG o.s.orm.jpa.JpaTransactionManager - Initiating transaction commit
2026-01-25 10:53:50.392 [http-nio-8080-exec-9] DEBUG o.s.orm.jpa.JpaTransactionManager - Committing JPA transaction on EntityManager [SessionImpl(1142873707<open>)]
2026-01-25 10:53:50.393 [http-nio-8080-exec-9] DEBUG o.s.orm.jpa.JpaTransactionManager - Not closing pre-bound JPA EntityManager after transaction
2026-01-25 10:53:50.393 [http-nio-8080-exec-9] DEBUG o.s.orm.jpa.JpaTransactionManager - Found thread-bound EntityManager [SessionImpl(1142873707<open>)] for JPA transaction
2026-01-25 10:53:50.393 [http-nio-8080-exec-9] DEBUG o.s.orm.jpa.JpaTransactionManager - Creating new transaction with name [org.springframework.data.jpa.repository.support.SimpleJpaRepository.findById]: PROPAGATION_REQUIRED,ISOLATION_DEFAULT,readOnly
2026-01-25 10:53:50.393 [http-nio-8080-exec-10] DEBUG o.s.w.s.m.m.a.RequestResponseBodyMethodProcessor - Using 'application/json', given [*/*] and supported [application/json, application/*+json]
2026-01-25 10:53:50.393 [http-nio-8080-exec-9] DEBUG o.s.orm.jpa.JpaTransactionManager - Exposing JPA transaction as JDBC [org.springframework.orm.jpa.vendor.HibernateJpaDialect$HibernateConnectionHandle@62ab2e73]
2026-01-25 10:53:50.394 [http-nio-8080-exec-10] DEBUG o.s.w.s.m.m.a.RequestResponseBodyMethodProcessor - Writing [Result(code=200, message=success, data=[BookingOrder(id=4, orderNo=BK17690558062538569, userId=1, pa (truncated)...]
2026-01-25 10:53:50.394 [http-nio-8080-exec-10] DEBUG o.s.o.j.s.OpenEntityManagerInViewInterceptor - Closing JPA EntityManager in OpenEntityManagerInViewInterceptor
2026-01-25 10:53:50.394 [http-nio-8080-exec-10] DEBUG o.s.web.servlet.DispatcherServlet - Completed 200 OK
2026-01-25 10:53:50.395 [http-nio-8080-exec-9] DEBUG o.s.orm.jpa.JpaTransactionManager - Initiating transaction commit
2026-01-25 10:53:50.395 [http-nio-8080-exec-9] DEBUG o.s.orm.jpa.JpaTransactionManager - Committing JPA transaction on EntityManager [SessionImpl(1142873707<open>)]
2026-01-25 10:53:50.395 [http-nio-8080-exec-1] DEBUG o.s.web.servlet.DispatcherServlet - GET "/api/user/info", parameters={}
2026-01-25 10:53:50.395 [http-nio-8080-exec-1] DEBUG o.s.w.s.m.m.a.RequestMappingHandlerMapping - Mapped to com.oxygen.capsule.controller.UserController#getUserInfo(String)
2026-01-25 10:53:50.395 [http-nio-8080-exec-9] DEBUG o.s.orm.jpa.JpaTransactionManager - Not closing pre-bound JPA EntityManager after transaction
2026-01-25 10:53:50.395 [http-nio-8080-exec-1] DEBUG o.s.o.j.s.OpenEntityManagerInViewInterceptor - Opening JPA EntityManager in OpenEntityManagerInViewInterceptor
2026-01-25 10:53:50.395 [http-nio-8080-exec-9] DEBUG o.s.orm.jpa.JpaTransactionManager - Found thread-bound EntityManager [SessionImpl(1142873707<open>)] for JPA transaction
2026-01-25 10:53:50.395 [http-nio-8080-exec-9] DEBUG o.s.orm.jpa.JpaTransactionManager - Creating new transaction with name [org.springframework.data.jpa.repository.support.SimpleJpaRepository.findById]: PROPAGATION_REQUIRED,ISOLATION_DEFAULT,readOnly
2026-01-25 10:53:50.396 [http-nio-8080-exec-9] DEBUG o.s.orm.jpa.JpaTransactionManager - Exposing JPA transaction as JDBC [org.springframework.orm.jpa.vendor.HibernateJpaDialect$HibernateConnectionHandle@4b5b5973]
2026-01-25 10:53:50.396 [http-nio-8080-exec-9] DEBUG o.s.orm.jpa.JpaTransactionManager - Initiating transaction commit
2026-01-25 10:53:50.396 [http-nio-8080-exec-9] DEBUG o.s.orm.jpa.JpaTransactionManager - Committing JPA transaction on EntityManager [SessionImpl(1142873707<open>)]
2026-01-25 10:53:50.396 [http-nio-8080-exec-2] DEBUG o.s.web.servlet.DispatcherServlet - GET "/api/booking/orders", parameters={}
2026-01-25 10:53:50.397 [http-nio-8080-exec-9] DEBUG o.s.orm.jpa.JpaTransactionManager - Not closing pre-bound JPA EntityManager after transaction
2026-01-25 10:53:50.397 [http-nio-8080-exec-2] DEBUG o.s.w.s.m.m.a.RequestMappingHandlerMapping - Mapped to com.oxygen.capsule.controller.BookingController#getUserOrders(String)
2026-01-25 10:53:50.397 [http-nio-8080-exec-2] DEBUG o.s.o.j.s.OpenEntityManagerInViewInterceptor - Opening JPA EntityManager in OpenEntityManagerInViewInterceptor
2026-01-25 10:53:50.397 [http-nio-8080-exec-9] DEBUG o.s.w.s.m.m.a.RequestResponseBodyMethodProcessor - Using 'application/json', given [*/*] and supported [application/json, application/*+json]
2026-01-25 10:53:50.397 [http-nio-8080-exec-9] DEBUG o.s.w.s.m.m.a.RequestResponseBodyMethodProcessor - Writing [Result(code=200, message=success, data=[{packageCategory=家庭/次卡, cardEndDate=2027-01-22T00:00, orderN (truncated)...]
2026-01-25 10:53:50.397 [http-nio-8080-exec-1] DEBUG o.s.orm.jpa.JpaTransactionManager - Found thread-bound EntityManager [SessionImpl(788413727<open>)] for JPA transaction
2026-01-25 10:53:50.398 [http-nio-8080-exec-1] DEBUG o.s.orm.jpa.JpaTransactionManager - Creating new transaction with name [org.springframework.data.jpa.repository.support.SimpleJpaRepository.findById]: PROPAGATION_REQUIRED,ISOLATION_DEFAULT,readOnly
2026-01-25 10:53:50.398 [http-nio-8080-exec-9] DEBUG o.s.o.j.s.OpenEntityManagerInViewInterceptor - Closing JPA EntityManager in OpenEntityManagerInViewInterceptor
2026-01-25 10:53:50.398 [http-nio-8080-exec-9] DEBUG o.s.web.servlet.DispatcherServlet - Completed 200 OK
2026-01-25 10:53:50.398 [http-nio-8080-exec-1] DEBUG o.s.orm.jpa.JpaTransactionManager - Exposing JPA transaction as JDBC [org.springframework.orm.jpa.vendor.HibernateJpaDialect$HibernateConnectionHandle@79d68e58]
2026-01-25 10:53:50.399 [http-nio-8080-exec-2] DEBUG o.s.orm.jpa.JpaTransactionManager - Found thread-bound EntityManager [SessionImpl(1736762953<open>)] for JPA transaction
2026-01-25 10:53:50.399 [http-nio-8080-exec-2] DEBUG o.s.orm.jpa.JpaTransactionManager - Creating new transaction with name [org.springframework.data.jpa.repository.support.SimpleJpaRepository.findById]: PROPAGATION_REQUIRED,ISOLATION_DEFAULT,readOnly
2026-01-25 10:53:50.399 [http-nio-8080-exec-2] DEBUG o.s.orm.jpa.JpaTransactionManager - Exposing JPA transaction as JDBC [org.springframework.orm.jpa.vendor.HibernateJpaDialect$HibernateConnectionHandle@428f62b0]
2026-01-25 10:53:50.400 [http-nio-8080-exec-1] DEBUG o.s.orm.jpa.JpaTransactionManager - Initiating transaction commit
2026-01-25 10:53:50.400 [http-nio-8080-exec-1] DEBUG o.s.orm.jpa.JpaTransactionManager - Committing JPA transaction on EntityManager [SessionImpl(788413727<open>)]
2026-01-25 10:53:50.400 [http-nio-8080-exec-1] DEBUG o.s.orm.jpa.JpaTransactionManager - Not closing pre-bound JPA EntityManager after transaction
2026-01-25 10:53:50.401 [http-nio-8080-exec-6] DEBUG o.s.web.servlet.DispatcherServlet - GET "/api/payment/orders", parameters={}
2026-01-25 10:53:50.401 [http-nio-8080-exec-6] DEBUG o.s.w.s.m.m.a.RequestMappingHandlerMapping - Mapped to com.oxygen.capsule.controller.PaymentController#getUserPaymentOrders(String)
2026-01-25 10:53:50.401 [http-nio-8080-exec-6] DEBUG o.s.o.j.s.OpenEntityManagerInViewInterceptor - Opening JPA EntityManager in OpenEntityManagerInViewInterceptor
2026-01-25 10:53:50.401 [http-nio-8080-exec-2] DEBUG o.s.orm.jpa.JpaTransactionManager - Initiating transaction commit
2026-01-25 10:53:50.401 [http-nio-8080-exec-2] DEBUG o.s.orm.jpa.JpaTransactionManager - Committing JPA transaction on EntityManager [SessionImpl(1736762953<open>)]
2026-01-25 10:53:50.402 [http-nio-8080-exec-2] DEBUG o.s.orm.jpa.JpaTransactionManager - Not closing pre-bound JPA EntityManager after transaction
2026-01-25 10:53:50.402 [http-nio-8080-exec-1] DEBUG o.s.w.s.m.m.a.RequestResponseBodyMethodProcessor - Using 'application/json', given [*/*] and supported [application/json, application/*+json]
2026-01-25 10:53:50.403 [http-nio-8080-exec-1] DEBUG o.s.w.s.m.m.a.RequestResponseBodyMethodProcessor - Writing [Result(code=200, message=success, data={totalVisits=0, remainingVisits=100, memberExpireTime=2035-08 (truncated)...]
2026-01-25 10:53:50.403 [http-nio-8080-exec-1] DEBUG o.s.o.j.s.OpenEntityManagerInViewInterceptor - Closing JPA EntityManager in OpenEntityManagerInViewInterceptor
2026-01-25 10:53:50.403 [http-nio-8080-exec-1] DEBUG o.s.web.servlet.DispatcherServlet - Completed 200 OK
2026-01-25 10:53:50.404 [http-nio-8080-exec-6] DEBUG o.s.orm.jpa.JpaTransactionManager - Found thread-bound EntityManager [SessionImpl(499068116<open>)] for JPA transaction
2026-01-25 10:53:50.404 [http-nio-8080-exec-6] DEBUG o.s.orm.jpa.JpaTransactionManager - Creating new transaction with name [org.springframework.data.jpa.repository.support.SimpleJpaRepository.findById]: PROPAGATION_REQUIRED,ISOLATION_DEFAULT,readOnly
2026-01-25 10:53:50.404 [http-nio-8080-exec-2] DEBUG o.s.w.s.m.m.a.RequestResponseBodyMethodProcessor - Using 'application/json', given [*/*] and supported [application/json, application/*+json]
2026-01-25 10:53:50.404 [http-nio-8080-exec-6] DEBUG o.s.orm.jpa.JpaTransactionManager - Exposing JPA transaction as JDBC [org.springframework.orm.jpa.vendor.HibernateJpaDialect$HibernateConnectionHandle@29385c7f]
2026-01-25 10:53:50.404 [http-nio-8080-exec-2] DEBUG o.s.w.s.m.m.a.RequestResponseBodyMethodProcessor - Writing [Result(code=200, message=success, data=[BookingOrder(id=4, orderNo=BK17690558062538569, userId=1, pa (truncated)...]
2026-01-25 10:53:50.404 [http-nio-8080-exec-2] DEBUG o.s.o.j.s.OpenEntityManagerInViewInterceptor - Closing JPA EntityManager in OpenEntityManagerInViewInterceptor
2026-01-25 10:53:50.404 [http-nio-8080-exec-2] DEBUG o.s.web.servlet.DispatcherServlet - Completed 200 OK
2026-01-25 10:53:50.405 [http-nio-8080-exec-6] DEBUG o.s.orm.jpa.JpaTransactionManager - Initiating transaction commit
2026-01-25 10:53:50.405 [http-nio-8080-exec-6] DEBUG o.s.orm.jpa.JpaTransactionManager - Committing JPA transaction on EntityManager [SessionImpl(499068116<open>)]
2026-01-25 10:53:50.406 [http-nio-8080-exec-6] DEBUG o.s.orm.jpa.JpaTransactionManager - Not closing pre-bound JPA EntityManager after transaction
2026-01-25 10:53:50.406 [http-nio-8080-exec-6] DEBUG o.s.orm.jpa.JpaTransactionManager - Found thread-bound EntityManager [SessionImpl(499068116<open>)] for JPA transaction
2026-01-25 10:53:50.406 [http-nio-8080-exec-6] DEBUG o.s.orm.jpa.JpaTransactionManager - Creating new transaction with name [org.springframework.data.jpa.repository.support.SimpleJpaRepository.findById]: PROPAGATION_REQUIRED,ISOLATION_DEFAULT,readOnly
2026-01-25 10:53:50.406 [http-nio-8080-exec-6] DEBUG o.s.orm.jpa.JpaTransactionManager - Exposing JPA transaction as JDBC [org.springframework.orm.jpa.vendor.HibernateJpaDialect$HibernateConnectionHandle@34222a1f]
2026-01-25 10:53:50.407 [http-nio-8080-exec-6] DEBUG o.s.orm.jpa.JpaTransactionManager - Initiating transaction commit
2026-01-25 10:53:50.408 [http-nio-8080-exec-6] DEBUG o.s.orm.jpa.JpaTransactionManager - Committing JPA transaction on EntityManager [SessionImpl(499068116<open>)]
2026-01-25 10:53:50.408 [http-nio-8080-exec-6] DEBUG o.s.orm.jpa.JpaTransactionManager - Not closing pre-bound JPA EntityManager after transaction
2026-01-25 10:53:50.408 [http-nio-8080-exec-6] DEBUG o.s.orm.jpa.JpaTransactionManager - Found thread-bound EntityManager [SessionImpl(499068116<open>)] for JPA transaction
2026-01-25 10:53:50.408 [http-nio-8080-exec-6] DEBUG o.s.orm.jpa.JpaTransactionManager - Creating new transaction with name [org.springframework.data.jpa.repository.support.SimpleJpaRepository.findById]: PROPAGATION_REQUIRED,ISOLATION_DEFAULT,readOnly
2026-01-25 10:53:50.408 [http-nio-8080-exec-6] DEBUG o.s.orm.jpa.JpaTransactionManager - Exposing JPA transaction as JDBC [org.springframework.orm.jpa.vendor.HibernateJpaDialect$HibernateConnectionHandle@4bd33d42]
2026-01-25 10:53:50.409 [http-nio-8080-exec-6] DEBUG o.s.orm.jpa.JpaTransactionManager - Initiating transaction commit
2026-01-25 10:53:50.409 [http-nio-8080-exec-6] DEBUG o.s.orm.jpa.JpaTransactionManager - Committing JPA transaction on EntityManager [SessionImpl(499068116<open>)]
2026-01-25 10:53:50.409 [http-nio-8080-exec-6] DEBUG o.s.orm.jpa.JpaTransactionManager - Not closing pre-bound JPA EntityManager after transaction
2026-01-25 10:53:50.409 [http-nio-8080-exec-6] DEBUG o.s.orm.jpa.JpaTransactionManager - Found thread-bound EntityManager [SessionImpl(499068116<open>)] for JPA transaction
2026-01-25 10:53:50.409 [http-nio-8080-exec-6] DEBUG o.s.orm.jpa.JpaTransactionManager - Creating new transaction with name [org.springframework.data.jpa.repository.support.SimpleJpaRepository.findById]: PROPAGATION_REQUIRED,ISOLATION_DEFAULT,readOnly
2026-01-25 10:53:50.410 [http-nio-8080-exec-6] DEBUG o.s.orm.jpa.JpaTransactionManager - Exposing JPA transaction as JDBC [org.springframework.orm.jpa.vendor.HibernateJpaDialect$HibernateConnectionHandle@634ef0e0]
2026-01-25 10:53:50.410 [http-nio-8080-exec-6] DEBUG o.s.orm.jpa.JpaTransactionManager - Initiating transaction commit
2026-01-25 10:53:50.410 [http-nio-8080-exec-6] DEBUG o.s.orm.jpa.JpaTransactionManager - Committing JPA transaction on EntityManager [SessionImpl(499068116<open>)]
2026-01-25 10:53:50.410 [http-nio-8080-exec-6] DEBUG o.s.orm.jpa.JpaTransactionManager - Not closing pre-bound JPA EntityManager after transaction
2026-01-25 10:53:50.411 [http-nio-8080-exec-6] DEBUG o.s.w.s.m.m.a.RequestResponseBodyMethodProcessor - Using 'application/json', given [*/*] and supported [application/json, application/*+json]
2026-01-25 10:53:50.411 [http-nio-8080-exec-6] DEBUG o.s.w.s.m.m.a.RequestResponseBodyMethodProcessor - Writing [Result(code=200, message=success, data=[{packageCategory=家庭/次卡, cardEndDate=2027-01-22T00:00, orderN (truncated)...]
2026-01-25 10:53:50.411 [http-nio-8080-exec-5] DEBUG o.s.web.servlet.DispatcherServlet - GET "/api/user/info", parameters={}
2026-01-25 10:53:50.411 [http-nio-8080-exec-5] DEBUG o.s.w.s.m.m.a.RequestMappingHandlerMapping - Mapped to com.oxygen.capsule.controller.UserController#getUserInfo(String)
2026-01-25 10:53:50.411 [http-nio-8080-exec-5] DEBUG o.s.o.j.s.OpenEntityManagerInViewInterceptor - Opening JPA EntityManager in OpenEntityManagerInViewInterceptor
2026-01-25 10:53:50.411 [http-nio-8080-exec-6] DEBUG o.s.o.j.s.OpenEntityManagerInViewInterceptor - Closing JPA EntityManager in OpenEntityManagerInViewInterceptor
2026-01-25 10:53:50.411 [http-nio-8080-exec-6] DEBUG o.s.web.servlet.DispatcherServlet - Completed 200 OK
2026-01-25 10:53:50.412 [http-nio-8080-exec-5] DEBUG o.s.orm.jpa.JpaTransactionManager - Found thread-bound EntityManager [SessionImpl(1719544314<open>)] for JPA transaction
2026-01-25 10:53:50.412 [http-nio-8080-exec-5] DEBUG o.s.orm.jpa.JpaTransactionManager - Creating new transaction with name [org.springframework.data.jpa.repository.support.SimpleJpaRepository.findById]: PROPAGATION_REQUIRED,ISOLATION_DEFAULT,readOnly
2026-01-25 10:53:50.413 [http-nio-8080-exec-5] DEBUG o.s.orm.jpa.JpaTransactionManager - Exposing JPA transaction as JDBC [org.springframework.orm.jpa.vendor.HibernateJpaDialect$HibernateConnectionHandle@517b0515]
2026-01-25 10:53:50.415 [http-nio-8080-exec-5] DEBUG o.s.orm.jpa.JpaTransactionManager - Initiating transaction commit
2026-01-25 10:53:50.415 [http-nio-8080-exec-5] DEBUG o.s.orm.jpa.JpaTransactionManager - Committing JPA transaction on EntityManager [SessionImpl(1719544314<open>)]
2026-01-25 10:53:50.415 [http-nio-8080-exec-5] DEBUG o.s.orm.jpa.JpaTransactionManager - Not closing pre-bound JPA EntityManager after transaction
2026-01-25 10:53:50.417 [http-nio-8080-exec-5] DEBUG o.s.w.s.m.m.a.RequestResponseBodyMethodProcessor - Using 'application/json', given [*/*] and supported [application/json, application/*+json]
2026-01-25 10:53:50.417 [http-nio-8080-exec-5] DEBUG o.s.w.s.m.m.a.RequestResponseBodyMethodProcessor - Writing [Result(code=200, message=success, data={totalVisits=0, remainingVisits=100, memberExpireTime=2035-08 (truncated)...]
2026-01-25 10:53:50.418 [http-nio-8080-exec-5] DEBUG o.s.o.j.s.OpenEntityManagerInViewInterceptor - Closing JPA EntityManager in OpenEntityManagerInViewInterceptor
2026-01-25 10:53:50.418 [http-nio-8080-exec-5] DEBUG o.s.web.servlet.DispatcherServlet - Completed 200 OK
2026-01-25 10:53:50.482 [http-nio-8080-exec-3] DEBUG o.s.web.servlet.DispatcherServlet - GET "/api/user/info", parameters={}
2026-01-25 10:53:50.483 [http-nio-8080-exec-3] DEBUG o.s.w.s.m.m.a.RequestMappingHandlerMapping - Mapped to com.oxygen.capsule.controller.UserController#getUserInfo(String)
2026-01-25 10:53:50.483 [http-nio-8080-exec-3] DEBUG o.s.o.j.s.OpenEntityManagerInViewInterceptor - Opening JPA EntityManager in OpenEntityManagerInViewInterceptor
2026-01-25 10:53:50.489 [http-nio-8080-exec-3] DEBUG o.s.orm.jpa.JpaTransactionManager - Found thread-bound EntityManager [SessionImpl(1935566081<open>)] for JPA transaction
2026-01-25 10:53:50.489 [http-nio-8080-exec-3] DEBUG o.s.orm.jpa.JpaTransactionManager - Creating new transaction with name [org.springframework.data.jpa.repository.support.SimpleJpaRepository.findById]: PROPAGATION_REQUIRED,ISOLATION_DEFAULT,readOnly
2026-01-25 10:53:50.490 [http-nio-8080-exec-3] DEBUG o.s.orm.jpa.JpaTransactionManager - Exposing JPA transaction as JDBC [org.springframework.orm.jpa.vendor.HibernateJpaDialect$HibernateConnectionHandle@51b621ef]
2026-01-25 10:53:50.493 [http-nio-8080-exec-3] DEBUG o.s.orm.jpa.JpaTransactionManager - Initiating transaction commit
2026-01-25 10:53:50.494 [http-nio-8080-exec-3] DEBUG o.s.orm.jpa.JpaTransactionManager - Committing JPA transaction on EntityManager [SessionImpl(1935566081<open>)]
2026-01-25 10:53:50.495 [http-nio-8080-exec-3] DEBUG o.s.orm.jpa.JpaTransactionManager - Not closing pre-bound JPA EntityManager after transaction
2026-01-25 10:53:50.507 [http-nio-8080-exec-3] DEBUG o.s.w.s.m.m.a.RequestResponseBodyMethodProcessor - Using 'application/json', given [*/*] and supported [application/json, application/*+json]
2026-01-25 10:53:50.508 [http-nio-8080-exec-3] DEBUG o.s.w.s.m.m.a.RequestResponseBodyMethodProcessor - Writing [Result(code=200, message=success, data={totalVisits=0, remainingVisits=100, memberExpireTime=2035-08 (truncated)...]
2026-01-25 10:53:50.508 [http-nio-8080-exec-3] DEBUG o.s.o.j.s.OpenEntityManagerInViewInterceptor - Closing JPA EntityManager in OpenEntityManagerInViewInterceptor
2026-01-25 10:53:50.508 [http-nio-8080-exec-3] DEBUG o.s.web.servlet.DispatcherServlet - Completed 200 OK
2026-01-25 10:53:56.664 [http-nio-8080-exec-4] DEBUG o.s.web.servlet.DispatcherServlet - GET "/api/payment/orders", parameters={}
2026-01-25 10:53:56.664 [http-nio-8080-exec-4] DEBUG o.s.w.s.m.m.a.RequestMappingHandlerMapping - Mapped to com.oxygen.capsule.controller.PaymentController#getUserPaymentOrders(String)
2026-01-25 10:53:56.664 [http-nio-8080-exec-4] DEBUG o.s.o.j.s.OpenEntityManagerInViewInterceptor - Opening JPA EntityManager in OpenEntityManagerInViewInterceptor
2026-01-25 10:53:56.670 [http-nio-8080-exec-4] DEBUG o.s.orm.jpa.JpaTransactionManager - Found thread-bound EntityManager [SessionImpl(654364246<open>)] for JPA transaction
2026-01-25 10:53:56.671 [http-nio-8080-exec-4] DEBUG o.s.orm.jpa.JpaTransactionManager - Creating new transaction with name [org.springframework.data.jpa.repository.support.SimpleJpaRepository.findById]: PROPAGATION_REQUIRED,ISOLATION_DEFAULT,readOnly
2026-01-25 10:53:56.671 [http-nio-8080-exec-4] DEBUG o.s.orm.jpa.JpaTransactionManager - Exposing JPA transaction as JDBC [org.springframework.orm.jpa.vendor.HibernateJpaDialect$HibernateConnectionHandle@75c8609]
2026-01-25 10:53:56.673 [http-nio-8080-exec-4] DEBUG o.s.orm.jpa.JpaTransactionManager - Initiating transaction commit
2026-01-25 10:53:56.673 [http-nio-8080-exec-4] DEBUG o.s.orm.jpa.JpaTransactionManager - Committing JPA transaction on EntityManager [SessionImpl(654364246<open>)]
2026-01-25 10:53:56.674 [http-nio-8080-exec-4] DEBUG o.s.orm.jpa.JpaTransactionManager - Not closing pre-bound JPA EntityManager after transaction
2026-01-25 10:53:56.674 [http-nio-8080-exec-4] DEBUG o.s.orm.jpa.JpaTransactionManager - Found thread-bound EntityManager [SessionImpl(654364246<open>)] for JPA transaction
2026-01-25 10:53:56.674 [http-nio-8080-exec-4] DEBUG o.s.orm.jpa.JpaTransactionManager - Creating new transaction with name [org.springframework.data.jpa.repository.support.SimpleJpaRepository.findById]: PROPAGATION_REQUIRED,ISOLATION_DEFAULT,readOnly
2026-01-25 10:53:56.674 [http-nio-8080-exec-4] DEBUG o.s.orm.jpa.JpaTransactionManager - Exposing JPA transaction as JDBC [org.springframework.orm.jpa.vendor.HibernateJpaDialect$HibernateConnectionHandle@6c1d1c37]
2026-01-25 10:53:56.676 [http-nio-8080-exec-4] DEBUG o.s.orm.jpa.JpaTransactionManager - Initiating transaction commit
2026-01-25 10:53:56.676 [http-nio-8080-exec-4] DEBUG o.s.orm.jpa.JpaTransactionManager - Committing JPA transaction on EntityManager [SessionImpl(654364246<open>)]
2026-01-25 10:53:56.676 [http-nio-8080-exec-4] DEBUG o.s.orm.jpa.JpaTransactionManager - Not closing pre-bound JPA EntityManager after transaction
2026-01-25 10:53:56.676 [http-nio-8080-exec-4] DEBUG o.s.orm.jpa.JpaTransactionManager - Found thread-bound EntityManager [SessionImpl(654364246<open>)] for JPA transaction
2026-01-25 10:53:56.677 [http-nio-8080-exec-4] DEBUG o.s.orm.jpa.JpaTransactionManager - Creating new transaction with name [org.springframework.data.jpa.repository.support.SimpleJpaRepository.findById]: PROPAGATION_REQUIRED,ISOLATION_DEFAULT,readOnly
2026-01-25 10:53:56.677 [http-nio-8080-exec-4] DEBUG o.s.orm.jpa.JpaTransactionManager - Exposing JPA transaction as JDBC [org.springframework.orm.jpa.vendor.HibernateJpaDialect$HibernateConnectionHandle@489706b0]
2026-01-25 10:53:56.678 [http-nio-8080-exec-4] DEBUG o.s.orm.jpa.JpaTransactionManager - Initiating transaction commit
2026-01-25 10:53:56.679 [http-nio-8080-exec-4] DEBUG o.s.orm.jpa.JpaTransactionManager - Committing JPA transaction on EntityManager [SessionImpl(654364246<open>)]
2026-01-25 10:53:56.679 [http-nio-8080-exec-4] DEBUG o.s.orm.jpa.JpaTransactionManager - Not closing pre-bound JPA EntityManager after transaction
2026-01-25 10:53:56.679 [http-nio-8080-exec-4] DEBUG o.s.orm.jpa.JpaTransactionManager - Found thread-bound EntityManager [SessionImpl(654364246<open>)] for JPA transaction
2026-01-25 10:53:56.679 [http-nio-8080-exec-4] DEBUG o.s.orm.jpa.JpaTransactionManager - Creating new transaction with name [org.springframework.data.jpa.repository.support.SimpleJpaRepository.findById]: PROPAGATION_REQUIRED,ISOLATION_DEFAULT,readOnly
2026-01-25 10:53:56.679 [http-nio-8080-exec-4] DEBUG o.s.orm.jpa.JpaTransactionManager - Exposing JPA transaction as JDBC [org.springframework.orm.jpa.vendor.HibernateJpaDialect$HibernateConnectionHandle@f980f78]
2026-01-25 10:53:56.680 [http-nio-8080-exec-4] DEBUG o.s.orm.jpa.JpaTransactionManager - Initiating transaction commit
2026-01-25 10:53:56.680 [http-nio-8080-exec-4] DEBUG o.s.orm.jpa.JpaTransactionManager - Committing JPA transaction on EntityManager [SessionImpl(654364246<open>)]
2026-01-25 10:53:56.681 [http-nio-8080-exec-4] DEBUG o.s.orm.jpa.JpaTransactionManager - Not closing pre-bound JPA EntityManager after transaction
2026-01-25 10:53:56.681 [http-nio-8080-exec-4] DEBUG o.s.w.s.m.m.a.RequestResponseBodyMethodProcessor - Using 'application/json', given [*/*] and supported [application/json, application/*+json]
2026-01-25 10:53:56.681 [http-nio-8080-exec-4] DEBUG o.s.w.s.m.m.a.RequestResponseBodyMethodProcessor - Writing [Result(code=200, message=success, data=[{packageCategory=家庭/次卡, cardEndDate=2027-01-22T00:00, orderN (truncated)...]
2026-01-25 10:53:56.682 [http-nio-8080-exec-4] DEBUG o.s.o.j.s.OpenEntityManagerInViewInterceptor - Closing JPA EntityManager in OpenEntityManagerInViewInterceptor
2026-01-25 10:53:56.682 [http-nio-8080-exec-4] DEBUG o.s.web.servlet.DispatcherServlet - Completed 200 OK
2026-01-25 10:53:56.684 [http-nio-8080-exec-7] DEBUG o.s.web.servlet.DispatcherServlet - GET "/api/payment/orders", parameters={}
2026-01-25 10:53:56.685 [http-nio-8080-exec-7] DEBUG o.s.w.s.m.m.a.RequestMappingHandlerMapping - Mapped to com.oxygen.capsule.controller.PaymentController#getUserPaymentOrders(String)
2026-01-25 10:53:56.685 [http-nio-8080-exec-7] DEBUG o.s.o.j.s.OpenEntityManagerInViewInterceptor - Opening JPA EntityManager in OpenEntityManagerInViewInterceptor
2026-01-25 10:53:56.689 [http-nio-8080-exec-7] DEBUG o.s.orm.jpa.JpaTransactionManager - Found thread-bound EntityManager [SessionImpl(243476958<open>)] for JPA transaction
2026-01-25 10:53:56.689 [http-nio-8080-exec-7] DEBUG o.s.orm.jpa.JpaTransactionManager - Creating new transaction with name [org.springframework.data.jpa.repository.support.SimpleJpaRepository.findById]: PROPAGATION_REQUIRED,ISOLATION_DEFAULT,readOnly
2026-01-25 10:53:56.689 [http-nio-8080-exec-7] DEBUG o.s.orm.jpa.JpaTransactionManager - Exposing JPA transaction as JDBC [org.springframework.orm.jpa.vendor.HibernateJpaDialect$HibernateConnectionHandle@28d5b9f7]
2026-01-25 10:53:56.691 [http-nio-8080-exec-7] DEBUG o.s.orm.jpa.JpaTransactionManager - Initiating transaction commit
2026-01-25 10:53:56.691 [http-nio-8080-exec-7] DEBUG o.s.orm.jpa.JpaTransactionManager - Committing JPA transaction on EntityManager [SessionImpl(243476958<open>)]
2026-01-25 10:53:56.691 [http-nio-8080-exec-7] DEBUG o.s.orm.jpa.JpaTransactionManager - Not closing pre-bound JPA EntityManager after transaction
2026-01-25 10:53:56.691 [http-nio-8080-exec-7] DEBUG o.s.orm.jpa.JpaTransactionManager - Found thread-bound EntityManager [SessionImpl(243476958<open>)] for JPA transaction
2026-01-25 10:53:56.691 [http-nio-8080-exec-7] DEBUG o.s.orm.jpa.JpaTransactionManager - Creating new transaction with name [org.springframework.data.jpa.repository.support.SimpleJpaRepository.findById]: PROPAGATION_REQUIRED,ISOLATION_DEFAULT,readOnly
2026-01-25 10:53:56.692 [http-nio-8080-exec-7] DEBUG o.s.orm.jpa.JpaTransactionManager - Exposing JPA transaction as JDBC [org.springframework.orm.jpa.vendor.HibernateJpaDialect$HibernateConnectionHandle@31982040]
2026-01-25 10:53:56.694 [http-nio-8080-exec-7] DEBUG o.s.orm.jpa.JpaTransactionManager - Initiating transaction commit
2026-01-25 10:53:56.694 [http-nio-8080-exec-7] DEBUG o.s.orm.jpa.JpaTransactionManager - Committing JPA transaction on EntityManager [SessionImpl(243476958<open>)]
2026-01-25 10:53:56.694 [http-nio-8080-exec-7] DEBUG o.s.orm.jpa.JpaTransactionManager - Not closing pre-bound JPA EntityManager after transaction
2026-01-25 10:53:56.694 [http-nio-8080-exec-7] DEBUG o.s.orm.jpa.JpaTransactionManager - Found thread-bound EntityManager [SessionImpl(243476958<open>)] for JPA transaction
2026-01-25 10:53:56.694 [http-nio-8080-exec-7] DEBUG o.s.orm.jpa.JpaTransactionManager - Creating new transaction with name [org.springframework.data.jpa.repository.support.SimpleJpaRepository.findById]: PROPAGATION_REQUIRED,ISOLATION_DEFAULT,readOnly
2026-01-25 10:53:56.695 [http-nio-8080-exec-7] DEBUG o.s.orm.jpa.JpaTransactionManager - Exposing JPA transaction as JDBC [org.springframework.orm.jpa.vendor.HibernateJpaDialect$HibernateConnectionHandle@404f44d6]
2026-01-25 10:53:56.696 [http-nio-8080-exec-7] DEBUG o.s.orm.jpa.JpaTransactionManager - Initiating transaction commit
2026-01-25 10:53:56.696 [http-nio-8080-exec-7] DEBUG o.s.orm.jpa.JpaTransactionManager - Committing JPA transaction on EntityManager [SessionImpl(243476958<open>)]
2026-01-25 10:53:56.697 [http-nio-8080-exec-7] DEBUG o.s.orm.jpa.JpaTransactionManager - Not closing pre-bound JPA EntityManager after transaction
2026-01-25 10:53:56.697 [http-nio-8080-exec-7] DEBUG o.s.orm.jpa.JpaTransactionManager - Found thread-bound EntityManager [SessionImpl(243476958<open>)] for JPA transaction
2026-01-25 10:53:56.697 [http-nio-8080-exec-7] DEBUG o.s.orm.jpa.JpaTransactionManager - Creating new transaction with name [org.springframework.data.jpa.repository.support.SimpleJpaRepository.findById]: PROPAGATION_REQUIRED,ISOLATION_DEFAULT,readOnly
2026-01-25 10:53:56.697 [http-nio-8080-exec-7] DEBUG o.s.orm.jpa.JpaTransactionManager - Exposing JPA transaction as JDBC [org.springframework.orm.jpa.vendor.HibernateJpaDialect$HibernateConnectionHandle@35fc52b4]
2026-01-25 10:53:56.697 [http-nio-8080-exec-7] DEBUG o.s.orm.jpa.JpaTransactionManager - Initiating transaction commit
2026-01-25 10:53:56.697 [http-nio-8080-exec-7] DEBUG o.s.orm.jpa.JpaTransactionManager - Committing JPA transaction on EntityManager [SessionImpl(243476958<open>)]
2026-01-25 10:53:56.698 [http-nio-8080-exec-7] DEBUG o.s.orm.jpa.JpaTransactionManager - Not closing pre-bound JPA EntityManager after transaction
2026-01-25 10:53:56.698 [http-nio-8080-exec-7] DEBUG o.s.w.s.m.m.a.RequestResponseBodyMethodProcessor - Using 'application/json', given [*/*] and supported [application/json, application/*+json]
2026-01-25 10:53:56.698 [http-nio-8080-exec-7] DEBUG o.s.w.s.m.m.a.RequestResponseBodyMethodProcessor - Writing [Result(code=200, message=success, data=[{packageCategory=家庭/次卡, cardEndDate=2027-01-22T00:00, orderN (truncated)...]
2026-01-25 10:53:56.699 [http-nio-8080-exec-7] DEBUG o.s.o.j.s.OpenEntityManagerInViewInterceptor - Closing JPA EntityManager in OpenEntityManagerInViewInterceptor
2026-01-25 10:53:56.699 [http-nio-8080-exec-7] DEBUG o.s.web.servlet.DispatcherServlet - Completed 200 OK
2026-01-25 10:53:57.966 [http-nio-8080-exec-8] DEBUG o.s.web.servlet.DispatcherServlet - GET "/api/booking/booked-seats?date=2026-01-25&timeSlot=13%3A45%E2%80%9314%3A45", parameters={masked}
2026-01-25 10:53:57.967 [http-nio-8080-exec-8] DEBUG o.s.w.s.m.m.a.RequestMappingHandlerMapping - Mapped to com.oxygen.capsule.controller.BookingController#getBookedSeats(String, String)
2026-01-25 10:53:57.967 [http-nio-8080-exec-8] DEBUG o.s.o.j.s.OpenEntityManagerInViewInterceptor - Opening JPA EntityManager in OpenEntityManagerInViewInterceptor
2026-01-25 10:53:57.975 [http-nio-8080-exec-8] DEBUG o.s.w.s.m.m.a.RequestResponseBodyMethodProcessor - Using 'application/json', given [*/*] and supported [application/json, application/*+json]
2026-01-25 10:53:57.975 [http-nio-8080-exec-8] DEBUG o.s.w.s.m.m.a.RequestResponseBodyMethodProcessor - Writing [Result(code=200, message=success, data=[])]
2026-01-25 10:53:57.976 [http-nio-8080-exec-8] DEBUG o.s.o.j.s.OpenEntityManagerInViewInterceptor - Closing JPA EntityManager in OpenEntityManagerInViewInterceptor
2026-01-25 10:53:57.976 [http-nio-8080-exec-8] DEBUG o.s.web.servlet.DispatcherServlet - Completed 200 OK
2026-01-25 10:53:59.387 [http-nio-8080-exec-10] DEBUG o.s.web.servlet.DispatcherServlet - GET "/api/payment/orders", parameters={}
2026-01-25 10:53:59.387 [http-nio-8080-exec-10] DEBUG o.s.w.s.m.m.a.RequestMappingHandlerMapping - Mapped to com.oxygen.capsule.controller.PaymentController#getUserPaymentOrders(String)
2026-01-25 10:53:59.388 [http-nio-8080-exec-10] DEBUG o.s.o.j.s.OpenEntityManagerInViewInterceptor - Opening JPA EntityManager in OpenEntityManagerInViewInterceptor
2026-01-25 10:53:59.397 [http-nio-8080-exec-10] DEBUG o.s.orm.jpa.JpaTransactionManager - Found thread-bound EntityManager [SessionImpl(250323029<open>)] for JPA transaction
2026-01-25 10:53:59.398 [http-nio-8080-exec-10] DEBUG o.s.orm.jpa.JpaTransactionManager - Creating new transaction with name [org.springframework.data.jpa.repository.support.SimpleJpaRepository.findById]: PROPAGATION_REQUIRED,ISOLATION_DEFAULT,readOnly
2026-01-25 10:53:59.399 [http-nio-8080-exec-10] DEBUG o.s.orm.jpa.JpaTransactionManager - Exposing JPA transaction as JDBC [org.springframework.orm.jpa.vendor.HibernateJpaDialect$HibernateConnectionHandle@67bcdf8a]
2026-01-25 10:53:59.402 [http-nio-8080-exec-10] DEBUG o.s.orm.jpa.JpaTransactionManager - Initiating transaction commit
2026-01-25 10:53:59.402 [http-nio-8080-exec-10] DEBUG o.s.orm.jpa.JpaTransactionManager - Committing JPA transaction on EntityManager [SessionImpl(250323029<open>)]
2026-01-25 10:53:59.402 [http-nio-8080-exec-10] DEBUG o.s.orm.jpa.JpaTransactionManager - Not closing pre-bound JPA EntityManager after transaction
2026-01-25 10:53:59.402 [http-nio-8080-exec-10] DEBUG o.s.orm.jpa.JpaTransactionManager - Found thread-bound EntityManager [SessionImpl(250323029<open>)] for JPA transaction
2026-01-25 10:53:59.402 [http-nio-8080-exec-10] DEBUG o.s.orm.jpa.JpaTransactionManager - Creating new transaction with name [org.springframework.data.jpa.repository.support.SimpleJpaRepository.findById]: PROPAGATION_REQUIRED,ISOLATION_DEFAULT,readOnly
2026-01-25 10:53:59.403 [http-nio-8080-exec-10] DEBUG o.s.orm.jpa.JpaTransactionManager - Exposing JPA transaction as JDBC [org.springframework.orm.jpa.vendor.HibernateJpaDialect$HibernateConnectionHandle@3349745f]
2026-01-25 10:53:59.405 [http-nio-8080-exec-10] DEBUG o.s.orm.jpa.JpaTransactionManager - Initiating transaction commit
2026-01-25 10:53:59.405 [http-nio-8080-exec-10] DEBUG o.s.orm.jpa.JpaTransactionManager - Committing JPA transaction on EntityManager [SessionImpl(250323029<open>)]
2026-01-25 10:53:59.405 [http-nio-8080-exec-10] DEBUG o.s.orm.jpa.JpaTransactionManager - Not closing pre-bound JPA EntityManager after transaction
2026-01-25 10:53:59.405 [http-nio-8080-exec-10] DEBUG o.s.orm.jpa.JpaTransactionManager - Found thread-bound EntityManager [SessionImpl(250323029<open>)] for JPA transaction
2026-01-25 10:53:59.406 [http-nio-8080-exec-10] DEBUG o.s.orm.jpa.JpaTransactionManager - Creating new transaction with name [org.springframework.data.jpa.repository.support.SimpleJpaRepository.findById]: PROPAGATION_REQUIRED,ISOLATION_DEFAULT,readOnly
2026-01-25 10:53:59.406 [http-nio-8080-exec-10] DEBUG o.s.orm.jpa.JpaTransactionManager - Exposing JPA transaction as JDBC [org.springframework.orm.jpa.vendor.HibernateJpaDialect$HibernateConnectionHandle@671631a5]
2026-01-25 10:53:59.407 [http-nio-8080-exec-10] DEBUG o.s.orm.jpa.JpaTransactionManager - Initiating transaction commit
2026-01-25 10:53:59.408 [http-nio-8080-exec-10] DEBUG o.s.orm.jpa.JpaTransactionManager - Committing JPA transaction on EntityManager [SessionImpl(250323029<open>)]
2026-01-25 10:53:59.408 [http-nio-8080-exec-10] DEBUG o.s.orm.jpa.JpaTransactionManager - Not closing pre-bound JPA EntityManager after transaction
2026-01-25 10:53:59.408 [http-nio-8080-exec-10] DEBUG o.s.orm.jpa.JpaTransactionManager - Found thread-bound EntityManager [SessionImpl(250323029<open>)] for JPA transaction
2026-01-25 10:53:59.408 [http-nio-8080-exec-10] DEBUG o.s.orm.jpa.JpaTransactionManager - Creating new transaction with name [org.springframework.data.jpa.repository.support.SimpleJpaRepository.findById]: PROPAGATION_REQUIRED,ISOLATION_DEFAULT,readOnly
2026-01-25 10:53:59.408 [http-nio-8080-exec-10] DEBUG o.s.orm.jpa.JpaTransactionManager - Exposing JPA transaction as JDBC [org.springframework.orm.jpa.vendor.HibernateJpaDialect$HibernateConnectionHandle@7457868d]
2026-01-25 10:53:59.409 [http-nio-8080-exec-10] DEBUG o.s.orm.jpa.JpaTransactionManager - Initiating transaction commit
2026-01-25 10:53:59.409 [http-nio-8080-exec-10] DEBUG o.s.orm.jpa.JpaTransactionManager - Committing JPA transaction on EntityManager [SessionImpl(250323029<open>)]
2026-01-25 10:53:59.409 [http-nio-8080-exec-10] DEBUG o.s.orm.jpa.JpaTransactionManager - Not closing pre-bound JPA EntityManager after transaction
2026-01-25 10:53:59.409 [http-nio-8080-exec-10] DEBUG o.s.w.s.m.m.a.RequestResponseBodyMethodProcessor - Using 'application/json', given [*/*] and supported [application/json, application/*+json]
2026-01-25 10:53:59.410 [http-nio-8080-exec-10] DEBUG o.s.w.s.m.m.a.RequestResponseBodyMethodProcessor - Writing [Result(code=200, message=success, data=[{packageCategory=家庭/次卡, cardEndDate=2027-01-22T00:00, orderN (truncated)...]
2026-01-25 10:53:59.410 [http-nio-8080-exec-10] DEBUG o.s.o.j.s.OpenEntityManagerInViewInterceptor - Closing JPA EntityManager in OpenEntityManagerInViewInterceptor
2026-01-25 10:53:59.410 [http-nio-8080-exec-10] DEBUG o.s.web.servlet.DispatcherServlet - Completed 200 OK
2026-01-25 10:53:59.424 [http-nio-8080-exec-9] DEBUG o.s.web.servlet.DispatcherServlet - GET "/api/booking/can-book-today?date=2026-01-25", parameters={masked}
2026-01-25 10:53:59.424 [http-nio-8080-exec-9] DEBUG o.s.w.s.m.m.a.RequestMappingHandlerMapping - Mapped to com.oxygen.capsule.controller.BookingController#canBookToday(String, String)
2026-01-25 10:53:59.424 [http-nio-8080-exec-9] DEBUG o.s.o.j.s.OpenEntityManagerInViewInterceptor - Opening JPA EntityManager in OpenEntityManagerInViewInterceptor
2026-01-25 10:53:59.426 [http-nio-8080-exec-9] DEBUG o.s.orm.jpa.JpaTransactionManager - Found thread-bound EntityManager [SessionImpl(1466493229<open>)] for JPA transaction
2026-01-25 10:53:59.426 [http-nio-8080-exec-9] DEBUG o.s.orm.jpa.JpaTransactionManager - Creating new transaction with name [org.springframework.data.jpa.repository.support.SimpleJpaRepository.findById]: PROPAGATION_REQUIRED,ISOLATION_DEFAULT,readOnly
2026-01-25 10:53:59.427 [http-nio-8080-exec-9] DEBUG o.s.orm.jpa.JpaTransactionManager - Exposing JPA transaction as JDBC [org.springframework.orm.jpa.vendor.HibernateJpaDialect$HibernateConnectionHandle@7e6a12b]
2026-01-25 10:53:59.428 [http-nio-8080-exec-9] DEBUG o.s.orm.jpa.JpaTransactionManager - Initiating transaction commit
2026-01-25 10:53:59.428 [http-nio-8080-exec-9] DEBUG o.s.orm.jpa.JpaTransactionManager - Committing JPA transaction on EntityManager [SessionImpl(1466493229<open>)]
2026-01-25 10:53:59.429 [http-nio-8080-exec-9] DEBUG o.s.orm.jpa.JpaTransactionManager - Not closing pre-bound JPA EntityManager after transaction
2026-01-25 10:53:59.431 [http-nio-8080-exec-9] DEBUG o.s.w.s.m.m.a.RequestResponseBodyMethodProcessor - Using 'application/json', given [*/*] and supported [application/json, application/*+json]
2026-01-25 10:53:59.431 [http-nio-8080-exec-9] DEBUG o.s.w.s.m.m.a.RequestResponseBodyMethodProcessor - Writing [Result(code=200, message=success, data=true)]
2026-01-25 10:53:59.432 [http-nio-8080-exec-9] DEBUG o.s.o.j.s.OpenEntityManagerInViewInterceptor - Closing JPA EntityManager in OpenEntityManagerInViewInterceptor
2026-01-25 10:53:59.432 [http-nio-8080-exec-9] DEBUG o.s.web.servlet.DispatcherServlet - Completed 200 OK
2026-01-25 10:54:00.162 [http-nio-8080-exec-1] DEBUG o.s.web.servlet.DispatcherServlet - POST "/api/booking/create", parameters={}
2026-01-25 10:54:00.163 [http-nio-8080-exec-1] DEBUG o.s.w.s.m.m.a.RequestMappingHandlerMapping - Mapped to com.oxygen.capsule.controller.BookingController#createBooking(String, Map)
2026-01-25 10:54:00.163 [http-nio-8080-exec-1] DEBUG o.s.o.j.s.OpenEntityManagerInViewInterceptor - Opening JPA EntityManager in OpenEntityManagerInViewInterceptor
2026-01-25 10:54:00.163 [http-nio-8080-exec-1] DEBUG o.s.w.s.m.m.a.RequestResponseBodyMethodProcessor - Read "application/json;charset=UTF-8" to [{date=2026-01-25, timeSlot=13:45–14:45, cabinName=1号舱, seatName=B座, price=0, originalPrice=0}]
2026-01-25 10:54:00.164 [http-nio-8080-exec-1] DEBUG o.s.orm.jpa.JpaTransactionManager - Found thread-bound EntityManager [SessionImpl(183337353<open>)] for JPA transaction
2026-01-25 10:54:00.164 [http-nio-8080-exec-1] DEBUG o.s.orm.jpa.JpaTransactionManager - Creating new transaction with name [org.springframework.data.jpa.repository.support.SimpleJpaRepository.findById]: PROPAGATION_REQUIRED,ISOLATION_DEFAULT,readOnly
2026-01-25 10:54:00.165 [http-nio-8080-exec-1] DEBUG o.s.orm.jpa.JpaTransactionManager - Exposing JPA transaction as JDBC [org.springframework.orm.jpa.vendor.HibernateJpaDialect$HibernateConnectionHandle@54078ef8]
2026-01-25 10:54:00.166 [http-nio-8080-exec-1] DEBUG o.s.orm.jpa.JpaTransactionManager - Initiating transaction commit
2026-01-25 10:54:00.166 [http-nio-8080-exec-1] DEBUG o.s.orm.jpa.JpaTransactionManager - Committing JPA transaction on EntityManager [SessionImpl(183337353<open>)]
2026-01-25 10:54:00.166 [http-nio-8080-exec-1] DEBUG o.s.orm.jpa.JpaTransactionManager - Not closing pre-bound JPA EntityManager after transaction
2026-01-25 10:54:00.174 [http-nio-8080-exec-1] DEBUG o.s.orm.jpa.JpaTransactionManager - Found thread-bound EntityManager [SessionImpl(183337353<open>)] for JPA transaction
2026-01-25 10:54:00.174 [http-nio-8080-exec-1] DEBUG o.s.orm.jpa.JpaTransactionManager - Creating new transaction with name [org.springframework.data.jpa.repository.support.SimpleJpaRepository.findById]: PROPAGATION_REQUIRED,ISOLATION_DEFAULT,readOnly
2026-01-25 10:54:00.174 [http-nio-8080-exec-1] DEBUG o.s.orm.jpa.JpaTransactionManager - Exposing JPA transaction as JDBC [org.springframework.orm.jpa.vendor.HibernateJpaDialect$HibernateConnectionHandle@6f451ccc]
2026-01-25 10:54:00.175 [http-nio-8080-exec-1] DEBUG o.s.orm.jpa.JpaTransactionManager - Initiating transaction commit
2026-01-25 10:54:00.175 [http-nio-8080-exec-1] DEBUG o.s.orm.jpa.JpaTransactionManager - Committing JPA transaction on EntityManager [SessionImpl(183337353<open>)]
2026-01-25 10:54:00.175 [http-nio-8080-exec-1] DEBUG o.s.orm.jpa.JpaTransactionManager - Not closing pre-bound JPA EntityManager after transaction
2026-01-25 10:54:00.176 [http-nio-8080-exec-1] DEBUG o.s.orm.jpa.JpaTransactionManager - Found thread-bound EntityManager [SessionImpl(183337353<open>)] for JPA transaction
2026-01-25 10:54:00.176 [http-nio-8080-exec-1] DEBUG o.s.orm.jpa.JpaTransactionManager - Creating new transaction with name [org.springframework.data.jpa.repository.support.SimpleJpaRepository.save]: PROPAGATION_REQUIRED,ISOLATION_DEFAULT
2026-01-25 10:54:00.176 [http-nio-8080-exec-1] DEBUG o.s.orm.jpa.JpaTransactionManager - Exposing JPA transaction as JDBC [org.springframework.orm.jpa.vendor.HibernateJpaDialect$HibernateConnectionHandle@34c21dc9]
2026-01-25 10:54:00.178 [http-nio-8080-exec-1] DEBUG o.s.orm.jpa.JpaTransactionManager - Initiating transaction commit
2026-01-25 10:54:00.178 [http-nio-8080-exec-1] DEBUG o.s.orm.jpa.JpaTransactionManager - Committing JPA transaction on EntityManager [SessionImpl(183337353<open>)]
2026-01-25 10:54:00.180 [http-nio-8080-exec-1] DEBUG o.s.orm.jpa.JpaTransactionManager - Not closing pre-bound JPA EntityManager after transaction
2026-01-25 10:54:00.180 [http-nio-8080-exec-1] DEBUG o.s.w.s.m.m.a.RequestResponseBodyMethodProcessor - Using 'application/json', given [*/*] and supported [application/json, application/*+json]
2026-01-25 10:54:00.180 [http-nio-8080-exec-1] DEBUG o.s.w.s.m.m.a.RequestResponseBodyMethodProcessor - Writing [Result(code=200, message=预约成功, data=BookingOrder(id=5, orderNo=BK17693096401768629, userId=1, paymen (truncated)...]
2026-01-25 10:54:00.180 [http-nio-8080-exec-1] DEBUG o.s.o.j.s.OpenEntityManagerInViewInterceptor - Closing JPA EntityManager in OpenEntityManagerInViewInterceptor
2026-01-25 10:54:00.180 [http-nio-8080-exec-1] DEBUG o.s.web.servlet.DispatcherServlet - Completed 200 OK
2026-01-25 10:54:01.875 [http-nio-8080-exec-2] DEBUG o.s.web.servlet.DispatcherServlet - GET "/api/user/info", parameters={}
2026-01-25 10:54:01.876 [http-nio-8080-exec-2] DEBUG o.s.w.s.m.m.a.RequestMappingHandlerMapping - Mapped to com.oxygen.capsule.controller.UserController#getUserInfo(String)
2026-01-25 10:54:01.876 [http-nio-8080-exec-2] DEBUG o.s.o.j.s.OpenEntityManagerInViewInterceptor - Opening JPA EntityManager in OpenEntityManagerInViewInterceptor
2026-01-25 10:54:01.877 [http-nio-8080-exec-6] DEBUG o.s.web.servlet.DispatcherServlet - GET "/api/payment/orders", parameters={}
2026-01-25 10:54:01.877 [http-nio-8080-exec-6] DEBUG o.s.w.s.m.m.a.RequestMappingHandlerMapping - Mapped to com.oxygen.capsule.controller.PaymentController#getUserPaymentOrders(String)
2026-01-25 10:54:01.877 [http-nio-8080-exec-6] DEBUG o.s.o.j.s.OpenEntityManagerInViewInterceptor - Opening JPA EntityManager in OpenEntityManagerInViewInterceptor
2026-01-25 10:54:01.878 [http-nio-8080-exec-2] DEBUG o.s.orm.jpa.JpaTransactionManager - Found thread-bound EntityManager [SessionImpl(725920668<open>)] for JPA transaction
2026-01-25 10:54:01.878 [http-nio-8080-exec-2] DEBUG o.s.orm.jpa.JpaTransactionManager - Creating new transaction with name [org.springframework.data.jpa.repository.support.SimpleJpaRepository.findById]: PROPAGATION_REQUIRED,ISOLATION_DEFAULT,readOnly
2026-01-25 10:54:01.879 [http-nio-8080-exec-2] DEBUG o.s.orm.jpa.JpaTransactionManager - Exposing JPA transaction as JDBC [org.springframework.orm.jpa.vendor.HibernateJpaDialect$HibernateConnectionHandle@39db82af]
2026-01-25 10:54:01.879 [http-nio-8080-exec-5] DEBUG o.s.web.servlet.DispatcherServlet - GET "/api/booking/orders", parameters={}
2026-01-25 10:54:01.879 [http-nio-8080-exec-5] DEBUG o.s.w.s.m.m.a.RequestMappingHandlerMapping - Mapped to com.oxygen.capsule.controller.BookingController#getUserOrders(String)
2026-01-25 10:54:01.879 [http-nio-8080-exec-5] DEBUG o.s.o.j.s.OpenEntityManagerInViewInterceptor - Opening JPA EntityManager in OpenEntityManagerInViewInterceptor
2026-01-25 10:54:01.881 [http-nio-8080-exec-2] DEBUG o.s.orm.jpa.JpaTransactionManager - Initiating transaction commit
2026-01-25 10:54:01.881 [http-nio-8080-exec-2] DEBUG o.s.orm.jpa.JpaTransactionManager - Committing JPA transaction on EntityManager [SessionImpl(725920668<open>)]
2026-01-25 10:54:01.881 [http-nio-8080-exec-6] DEBUG o.s.orm.jpa.JpaTransactionManager - Found thread-bound EntityManager [SessionImpl(805214365<open>)] for JPA transaction
2026-01-25 10:54:01.881 [http-nio-8080-exec-6] DEBUG o.s.orm.jpa.JpaTransactionManager - Creating new transaction with name [org.springframework.data.jpa.repository.support.SimpleJpaRepository.findById]: PROPAGATION_REQUIRED,ISOLATION_DEFAULT,readOnly
2026-01-25 10:54:01.881 [http-nio-8080-exec-2] DEBUG o.s.orm.jpa.JpaTransactionManager - Not closing pre-bound JPA EntityManager after transaction
2026-01-25 10:54:01.881 [http-nio-8080-exec-6] DEBUG o.s.orm.jpa.JpaTransactionManager - Exposing JPA transaction as JDBC [org.springframework.orm.jpa.vendor.HibernateJpaDialect$HibernateConnectionHandle@2f77fe35]
2026-01-25 10:54:01.881 [http-nio-8080-exec-5] DEBUG o.s.orm.jpa.JpaTransactionManager - Found thread-bound EntityManager [SessionImpl(1794305744<open>)] for JPA transaction
2026-01-25 10:54:01.881 [http-nio-8080-exec-5] DEBUG o.s.orm.jpa.JpaTransactionManager - Creating new transaction with name [org.springframework.data.jpa.repository.support.SimpleJpaRepository.findById]: PROPAGATION_REQUIRED,ISOLATION_DEFAULT,readOnly
2026-01-25 10:54:01.882 [http-nio-8080-exec-5] DEBUG o.s.orm.jpa.JpaTransactionManager - Exposing JPA transaction as JDBC [org.springframework.orm.jpa.vendor.HibernateJpaDialect$HibernateConnectionHandle@1bae2879]
2026-01-25 10:54:01.883 [http-nio-8080-exec-6] DEBUG o.s.orm.jpa.JpaTransactionManager - Initiating transaction commit
2026-01-25 10:54:01.883 [http-nio-8080-exec-6] DEBUG o.s.orm.jpa.JpaTransactionManager - Committing JPA transaction on EntityManager [SessionImpl(805214365<open>)]
2026-01-25 10:54:01.884 [http-nio-8080-exec-6] DEBUG o.s.orm.jpa.JpaTransactionManager - Not closing pre-bound JPA EntityManager after transaction
2026-01-25 10:54:01.884 [http-nio-8080-exec-5] DEBUG o.s.orm.jpa.JpaTransactionManager - Initiating transaction commit
2026-01-25 10:54:01.884 [http-nio-8080-exec-5] DEBUG o.s.orm.jpa.JpaTransactionManager - Committing JPA transaction on EntityManager [SessionImpl(1794305744<open>)]
2026-01-25 10:54:01.884 [http-nio-8080-exec-6] DEBUG o.s.orm.jpa.JpaTransactionManager - Found thread-bound EntityManager [SessionImpl(805214365<open>)] for JPA transaction
2026-01-25 10:54:01.884 [http-nio-8080-exec-6] DEBUG o.s.orm.jpa.JpaTransactionManager - Creating new transaction with name [org.springframework.data.jpa.repository.support.SimpleJpaRepository.findById]: PROPAGATION_REQUIRED,ISOLATION_DEFAULT,readOnly
2026-01-25 10:54:01.884 [http-nio-8080-exec-6] DEBUG o.s.orm.jpa.JpaTransactionManager - Exposing JPA transaction as JDBC [org.springframework.orm.jpa.vendor.HibernateJpaDialect$HibernateConnectionHandle@3fa7a57a]
2026-01-25 10:54:01.884 [http-nio-8080-exec-5] DEBUG o.s.orm.jpa.JpaTransactionManager - Not closing pre-bound JPA EntityManager after transaction
2026-01-25 10:54:01.884 [http-nio-8080-exec-2] DEBUG o.s.w.s.m.m.a.RequestResponseBodyMethodProcessor - Using 'application/json', given [*/*] and supported [application/json, application/*+json]
2026-01-25 10:54:01.885 [http-nio-8080-exec-2] DEBUG o.s.w.s.m.m.a.RequestResponseBodyMethodProcessor - Writing [Result(code=200, message=success, data={totalVisits=0, remainingVisits=100, memberExpireTime=2035-08 (truncated)...]
2026-01-25 10:54:01.885 [http-nio-8080-exec-2] DEBUG o.s.o.j.s.OpenEntityManagerInViewInterceptor - Closing JPA EntityManager in OpenEntityManagerInViewInterceptor
2026-01-25 10:54:01.886 [http-nio-8080-exec-2] DEBUG o.s.web.servlet.DispatcherServlet - Completed 200 OK
2026-01-25 10:54:01.886 [http-nio-8080-exec-6] DEBUG o.s.orm.jpa.JpaTransactionManager - Initiating transaction commit
2026-01-25 10:54:01.886 [http-nio-8080-exec-6] DEBUG o.s.orm.jpa.JpaTransactionManager - Committing JPA transaction on EntityManager [SessionImpl(805214365<open>)]
2026-01-25 10:54:01.887 [http-nio-8080-exec-6] DEBUG o.s.orm.jpa.JpaTransactionManager - Not closing pre-bound JPA EntityManager after transaction
2026-01-25 10:54:01.887 [http-nio-8080-exec-6] DEBUG o.s.orm.jpa.JpaTransactionManager - Found thread-bound EntityManager [SessionImpl(805214365<open>)] for JPA transaction
2026-01-25 10:54:01.887 [http-nio-8080-exec-6] DEBUG o.s.orm.jpa.JpaTransactionManager - Creating new transaction with name [org.springframework.data.jpa.repository.support.SimpleJpaRepository.findById]: PROPAGATION_REQUIRED,ISOLATION_DEFAULT,readOnly
2026-01-25 10:54:01.887 [http-nio-8080-exec-6] DEBUG o.s.orm.jpa.JpaTransactionManager - Exposing JPA transaction as JDBC [org.springframework.orm.jpa.vendor.HibernateJpaDialect$HibernateConnectionHandle@1958ed9a]
2026-01-25 10:54:01.888 [http-nio-8080-exec-5] DEBUG o.s.w.s.m.m.a.RequestResponseBodyMethodProcessor - Using 'application/json', given [*/*] and supported [application/json, application/*+json]
2026-01-25 10:54:01.888 [http-nio-8080-exec-5] DEBUG o.s.w.s.m.m.a.RequestResponseBodyMethodProcessor - Writing [Result(code=200, message=success, data=[BookingOrder(id=5, orderNo=BK17693096401768629, userId=1, pa (truncated)...]
2026-01-25 10:54:01.888 [http-nio-8080-exec-3] DEBUG o.s.web.servlet.DispatcherServlet - GET "/api/user/info", parameters={}
2026-01-25 10:54:01.888 [http-nio-8080-exec-3] DEBUG o.s.w.s.m.m.a.RequestMappingHandlerMapping - Mapped to com.oxygen.capsule.controller.UserController#getUserInfo(String)
2026-01-25 10:54:01.888 [http-nio-8080-exec-3] DEBUG o.s.o.j.s.OpenEntityManagerInViewInterceptor - Opening JPA EntityManager in OpenEntityManagerInViewInterceptor
2026-01-25 10:54:01.889 [http-nio-8080-exec-5] DEBUG o.s.o.j.s.OpenEntityManagerInViewInterceptor - Closing JPA EntityManager in OpenEntityManagerInViewInterceptor
2026-01-25 10:54:01.889 [http-nio-8080-exec-5] DEBUG o.s.web.servlet.DispatcherServlet - Completed 200 OK
2026-01-25 10:54:01.889 [http-nio-8080-exec-6] DEBUG o.s.orm.jpa.JpaTransactionManager - Initiating transaction commit
2026-01-25 10:54:01.889 [http-nio-8080-exec-6] DEBUG o.s.orm.jpa.JpaTransactionManager - Committing JPA transaction on EntityManager [SessionImpl(805214365<open>)]
2026-01-25 10:54:01.890 [http-nio-8080-exec-6] DEBUG o.s.orm.jpa.JpaTransactionManager - Not closing pre-bound JPA EntityManager after transaction
2026-01-25 10:54:01.890 [http-nio-8080-exec-6] DEBUG o.s.orm.jpa.JpaTransactionManager - Found thread-bound EntityManager [SessionImpl(805214365<open>)] for JPA transaction
2026-01-25 10:54:01.890 [http-nio-8080-exec-6] DEBUG o.s.orm.jpa.JpaTransactionManager - Creating new transaction with name [org.springframework.data.jpa.repository.support.SimpleJpaRepository.findById]: PROPAGATION_REQUIRED,ISOLATION_DEFAULT,readOnly
2026-01-25 10:54:01.890 [http-nio-8080-exec-6] DEBUG o.s.orm.jpa.JpaTransactionManager - Exposing JPA transaction as JDBC [org.springframework.orm.jpa.vendor.HibernateJpaDialect$HibernateConnectionHandle@678bc34e]
2026-01-25 10:54:01.890 [http-nio-8080-exec-4] DEBUG o.s.web.servlet.DispatcherServlet - GET "/api/booking/orders", parameters={}
2026-01-25 10:54:01.890 [http-nio-8080-exec-6] DEBUG o.s.orm.jpa.JpaTransactionManager - Initiating transaction commit
2026-01-25 10:54:01.890 [http-nio-8080-exec-6] DEBUG o.s.orm.jpa.JpaTransactionManager - Committing JPA transaction on EntityManager [SessionImpl(805214365<open>)]
2026-01-25 10:54:01.891 [http-nio-8080-exec-3] DEBUG o.s.orm.jpa.JpaTransactionManager - Found thread-bound EntityManager [SessionImpl(412006308<open>)] for JPA transaction
2026-01-25 10:54:01.891 [http-nio-8080-exec-4] DEBUG o.s.w.s.m.m.a.RequestMappingHandlerMapping - Mapped to com.oxygen.capsule.controller.BookingController#getUserOrders(String)
2026-01-25 10:54:01.891 [http-nio-8080-exec-3] DEBUG o.s.orm.jpa.JpaTransactionManager - Creating new transaction with name [org.springframework.data.jpa.repository.support.SimpleJpaRepository.findById]: PROPAGATION_REQUIRED,ISOLATION_DEFAULT,readOnly
2026-01-25 10:54:01.891 [http-nio-8080-exec-4] DEBUG o.s.o.j.s.OpenEntityManagerInViewInterceptor - Opening JPA EntityManager in OpenEntityManagerInViewInterceptor
2026-01-25 10:54:01.891 [http-nio-8080-exec-6] DEBUG o.s.orm.jpa.JpaTransactionManager - Not closing pre-bound JPA EntityManager after transaction
2026-01-25 10:54:01.891 [http-nio-8080-exec-3] DEBUG o.s.orm.jpa.JpaTransactionManager - Exposing JPA transaction as JDBC [org.springframework.orm.jpa.vendor.HibernateJpaDialect$HibernateConnectionHandle@5540c5e0]
2026-01-25 10:54:01.891 [http-nio-8080-exec-6] DEBUG o.s.w.s.m.m.a.RequestResponseBodyMethodProcessor - Using 'application/json', given [*/*] and supported [application/json, application/*+json]
2026-01-25 10:54:01.908 [http-nio-8080-exec-6] DEBUG o.s.w.s.m.m.a.RequestResponseBodyMethodProcessor - Writing [Result(code=200, message=success, data=[{packageCategory=家庭/次卡, cardEndDate=2027-01-22T00:00, orderN (truncated)...]
2026-01-25 10:54:01.909 [http-nio-8080-exec-6] DEBUG o.s.o.j.s.OpenEntityManagerInViewInterceptor - Closing JPA EntityManager in OpenEntityManagerInViewInterceptor
2026-01-25 10:54:01.909 [http-nio-8080-exec-4] DEBUG o.s.orm.jpa.JpaTransactionManager - Found thread-bound EntityManager [SessionImpl(1581040008<open>)] for JPA transaction
2026-01-25 10:54:01.909 [http-nio-8080-exec-4] DEBUG o.s.orm.jpa.JpaTransactionManager - Creating new transaction with name [org.springframework.data.jpa.repository.support.SimpleJpaRepository.findById]: PROPAGATION_REQUIRED,ISOLATION_DEFAULT,readOnly
2026-01-25 10:54:01.909 [http-nio-8080-exec-6] DEBUG o.s.web.servlet.DispatcherServlet - Completed 200 OK
2026-01-25 10:54:01.909 [http-nio-8080-exec-3] DEBUG o.s.orm.jpa.JpaTransactionManager - Initiating transaction commit
2026-01-25 10:54:01.909 [http-nio-8080-exec-3] DEBUG o.s.orm.jpa.JpaTransactionManager - Committing JPA transaction on EntityManager [SessionImpl(412006308<open>)]
2026-01-25 10:54:01.909 [http-nio-8080-exec-4] DEBUG o.s.orm.jpa.JpaTransactionManager - Exposing JPA transaction as JDBC [org.springframework.orm.jpa.vendor.HibernateJpaDialect$HibernateConnectionHandle@45efdd64]
2026-01-25 10:54:01.909 [http-nio-8080-exec-3] DEBUG o.s.orm.jpa.JpaTransactionManager - Not closing pre-bound JPA EntityManager after transaction
2026-01-25 10:54:01.911 [http-nio-8080-exec-4] DEBUG o.s.orm.jpa.JpaTransactionManager - Initiating transaction commit
2026-01-25 10:54:01.911 [http-nio-8080-exec-4] DEBUG o.s.orm.jpa.JpaTransactionManager - Committing JPA transaction on EntityManager [SessionImpl(1581040008<open>)]
2026-01-25 10:54:01.911 [http-nio-8080-exec-4] DEBUG o.s.orm.jpa.JpaTransactionManager - Not closing pre-bound JPA EntityManager after transaction
2026-01-25 10:54:01.911 [http-nio-8080-exec-3] DEBUG o.s.w.s.m.m.a.RequestResponseBodyMethodProcessor - Using 'application/json', given [*/*] and supported [application/json, application/*+json]
2026-01-25 10:54:01.911 [http-nio-8080-exec-3] DEBUG o.s.w.s.m.m.a.RequestResponseBodyMethodProcessor - Writing [Result(code=200, message=success, data={totalVisits=0, remainingVisits=100, memberExpireTime=2035-08 (truncated)...]
2026-01-25 10:54:01.912 [http-nio-8080-exec-3] DEBUG o.s.o.j.s.OpenEntityManagerInViewInterceptor - Closing JPA EntityManager in OpenEntityManagerInViewInterceptor
2026-01-25 10:54:01.912 [http-nio-8080-exec-3] DEBUG o.s.web.servlet.DispatcherServlet - Completed 200 OK
2026-01-25 10:54:01.912 [http-nio-8080-exec-7] DEBUG o.s.web.servlet.DispatcherServlet - GET "/api/payment/orders", parameters={}
2026-01-25 10:54:01.912 [http-nio-8080-exec-7] DEBUG o.s.w.s.m.m.a.RequestMappingHandlerMapping - Mapped to com.oxygen.capsule.controller.PaymentController#getUserPaymentOrders(String)
2026-01-25 10:54:01.912 [http-nio-8080-exec-7] DEBUG o.s.o.j.s.OpenEntityManagerInViewInterceptor - Opening JPA EntityManager in OpenEntityManagerInViewInterceptor
2026-01-25 10:54:01.914 [http-nio-8080-exec-4] DEBUG o.s.w.s.m.m.a.RequestResponseBodyMethodProcessor - Using 'application/json', given [*/*] and supported [application/json, application/*+json]
2026-01-25 10:54:01.914 [http-nio-8080-exec-4] DEBUG o.s.w.s.m.m.a.RequestResponseBodyMethodProcessor - Writing [Result(code=200, message=success, data=[BookingOrder(id=5, orderNo=BK17693096401768629, userId=1, pa (truncated)...]
2026-01-25 10:54:01.914 [http-nio-8080-exec-4] DEBUG o.s.o.j.s.OpenEntityManagerInViewInterceptor - Closing JPA EntityManager in OpenEntityManagerInViewInterceptor
2026-01-25 10:54:01.914 [http-nio-8080-exec-4] DEBUG o.s.web.servlet.DispatcherServlet - Completed 200 OK
2026-01-25 10:54:01.918 [http-nio-8080-exec-7] DEBUG o.s.orm.jpa.JpaTransactionManager - Found thread-bound EntityManager [SessionImpl(61787509<open>)] for JPA transaction
2026-01-25 10:54:01.918 [http-nio-8080-exec-7] DEBUG o.s.orm.jpa.JpaTransactionManager - Creating new transaction with name [org.springframework.data.jpa.repository.support.SimpleJpaRepository.findById]: PROPAGATION_REQUIRED,ISOLATION_DEFAULT,readOnly
2026-01-25 10:54:01.918 [http-nio-8080-exec-7] DEBUG o.s.orm.jpa.JpaTransactionManager - Exposing JPA transaction as JDBC [org.springframework.orm.jpa.vendor.HibernateJpaDialect$HibernateConnectionHandle@2541be1d]
2026-01-25 10:54:01.921 [http-nio-8080-exec-7] DEBUG o.s.orm.jpa.JpaTransactionManager - Initiating transaction commit
2026-01-25 10:54:01.921 [http-nio-8080-exec-7] DEBUG o.s.orm.jpa.JpaTransactionManager - Committing JPA transaction on EntityManager [SessionImpl(61787509<open>)]
2026-01-25 10:54:01.921 [http-nio-8080-exec-7] DEBUG o.s.orm.jpa.JpaTransactionManager - Not closing pre-bound JPA EntityManager after transaction
2026-01-25 10:54:01.921 [http-nio-8080-exec-7] DEBUG o.s.orm.jpa.JpaTransactionManager - Found thread-bound EntityManager [SessionImpl(61787509<open>)] for JPA transaction
2026-01-25 10:54:01.921 [http-nio-8080-exec-7] DEBUG o.s.orm.jpa.JpaTransactionManager - Creating new transaction with name [org.springframework.data.jpa.repository.support.SimpleJpaRepository.findById]: PROPAGATION_REQUIRED,ISOLATION_DEFAULT,readOnly
2026-01-25 10:54:01.922 [http-nio-8080-exec-7] DEBUG o.s.orm.jpa.JpaTransactionManager - Exposing JPA transaction as JDBC [org.springframework.orm.jpa.vendor.HibernateJpaDialect$HibernateConnectionHandle@4cbc60ae]
2026-01-25 10:54:01.924 [http-nio-8080-exec-7] DEBUG o.s.orm.jpa.JpaTransactionManager - Initiating transaction commit
2026-01-25 10:54:01.925 [http-nio-8080-exec-7] DEBUG o.s.orm.jpa.JpaTransactionManager - Committing JPA transaction on EntityManager [SessionImpl(61787509<open>)]
2026-01-25 10:54:01.925 [http-nio-8080-exec-7] DEBUG o.s.orm.jpa.JpaTransactionManager - Not closing pre-bound JPA EntityManager after transaction
2026-01-25 10:54:01.926 [http-nio-8080-exec-7] DEBUG o.s.orm.jpa.JpaTransactionManager - Found thread-bound EntityManager [SessionImpl(61787509<open>)] for JPA transaction
2026-01-25 10:54:01.926 [http-nio-8080-exec-7] DEBUG o.s.orm.jpa.JpaTransactionManager - Creating new transaction with name [org.springframework.data.jpa.repository.support.SimpleJpaRepository.findById]: PROPAGATION_REQUIRED,ISOLATION_DEFAULT,readOnly
2026-01-25 10:54:01.926 [http-nio-8080-exec-7] DEBUG o.s.orm.jpa.JpaTransactionManager - Exposing JPA transaction as JDBC [org.springframework.orm.jpa.vendor.HibernateJpaDialect$HibernateConnectionHandle@30279bcd]
2026-01-25 10:54:01.928 [http-nio-8080-exec-7] DEBUG o.s.orm.jpa.JpaTransactionManager - Initiating transaction commit
2026-01-25 10:54:01.928 [http-nio-8080-exec-7] DEBUG o.s.orm.jpa.JpaTransactionManager - Committing JPA transaction on EntityManager [SessionImpl(61787509<open>)]
2026-01-25 10:54:01.928 [http-nio-8080-exec-7] DEBUG o.s.orm.jpa.JpaTransactionManager - Not closing pre-bound JPA EntityManager after transaction
2026-01-25 10:54:01.928 [http-nio-8080-exec-7] DEBUG o.s.orm.jpa.JpaTransactionManager - Found thread-bound EntityManager [SessionImpl(61787509<open>)] for JPA transaction
2026-01-25 10:54:01.928 [http-nio-8080-exec-7] DEBUG o.s.orm.jpa.JpaTransactionManager - Creating new transaction with name [org.springframework.data.jpa.repository.support.SimpleJpaRepository.findById]: PROPAGATION_REQUIRED,ISOLATION_DEFAULT,readOnly
2026-01-25 10:54:01.929 [http-nio-8080-exec-7] DEBUG o.s.orm.jpa.JpaTransactionManager - Exposing JPA transaction as JDBC [org.springframework.orm.jpa.vendor.HibernateJpaDialect$HibernateConnectionHandle@46a53f92]
2026-01-25 10:54:01.929 [http-nio-8080-exec-7] DEBUG o.s.orm.jpa.JpaTransactionManager - Initiating transaction commit
2026-01-25 10:54:01.929 [http-nio-8080-exec-7] DEBUG o.s.orm.jpa.JpaTransactionManager - Committing JPA transaction on EntityManager [SessionImpl(61787509<open>)]
2026-01-25 10:54:01.930 [http-nio-8080-exec-7] DEBUG o.s.orm.jpa.JpaTransactionManager - Not closing pre-bound JPA EntityManager after transaction
2026-01-25 10:54:01.930 [http-nio-8080-exec-7] DEBUG o.s.w.s.m.m.a.RequestResponseBodyMethodProcessor - Using 'application/json', given [*/*] and supported [application/json, application/*+json]
2026-01-25 10:54:01.934 [http-nio-8080-exec-7] DEBUG o.s.w.s.m.m.a.RequestResponseBodyMethodProcessor - Writing [Result(code=200, message=success, data=[{packageCategory=家庭/次卡, cardEndDate=2027-01-22T00:00, orderN (truncated)...]
2026-01-25 10:54:01.935 [http-nio-8080-exec-7] DEBUG o.s.o.j.s.OpenEntityManagerInViewInterceptor - Closing JPA EntityManager in OpenEntityManagerInViewInterceptor
2026-01-25 10:54:01.935 [http-nio-8080-exec-7] DEBUG o.s.web.servlet.DispatcherServlet - Completed 200 OK
2026-01-25 10:54:01.939 [http-nio-8080-exec-8] DEBUG o.s.web.servlet.DispatcherServlet - GET "/api/user/info", parameters={}
2026-01-25 10:54:01.939 [http-nio-8080-exec-8] DEBUG o.s.w.s.m.m.a.RequestMappingHandlerMapping - Mapped to com.oxygen.capsule.controller.UserController#getUserInfo(String)
2026-01-25 10:54:01.939 [http-nio-8080-exec-8] DEBUG o.s.o.j.s.OpenEntityManagerInViewInterceptor - Opening JPA EntityManager in OpenEntityManagerInViewInterceptor
2026-01-25 10:54:01.941 [http-nio-8080-exec-8] DEBUG o.s.orm.jpa.JpaTransactionManager - Found thread-bound EntityManager [SessionImpl(1677362845<open>)] for JPA transaction
2026-01-25 10:54:01.941 [http-nio-8080-exec-8] DEBUG o.s.orm.jpa.JpaTransactionManager - Creating new transaction with name [org.springframework.data.jpa.repository.support.SimpleJpaRepository.findById]: PROPAGATION_REQUIRED,ISOLATION_DEFAULT,readOnly
2026-01-25 10:54:01.942 [http-nio-8080-exec-8] DEBUG o.s.orm.jpa.JpaTransactionManager - Exposing JPA transaction as JDBC [org.springframework.orm.jpa.vendor.HibernateJpaDialect$HibernateConnectionHandle@251c98aa]
2026-01-25 10:54:01.943 [http-nio-8080-exec-8] DEBUG o.s.orm.jpa.JpaTransactionManager - Initiating transaction commit
2026-01-25 10:54:01.943 [http-nio-8080-exec-8] DEBUG o.s.orm.jpa.JpaTransactionManager - Committing JPA transaction on EntityManager [SessionImpl(1677362845<open>)]
2026-01-25 10:54:01.944 [http-nio-8080-exec-8] DEBUG o.s.orm.jpa.JpaTransactionManager - Not closing pre-bound JPA EntityManager after transaction
2026-01-25 10:54:01.947 [http-nio-8080-exec-8] DEBUG o.s.w.s.m.m.a.RequestResponseBodyMethodProcessor - Using 'application/json', given [*/*] and supported [application/json, application/*+json]
2026-01-25 10:54:01.947 [http-nio-8080-exec-8] DEBUG o.s.w.s.m.m.a.RequestResponseBodyMethodProcessor - Writing [Result(code=200, message=success, data={totalVisits=0, remainingVisits=100, memberExpireTime=2035-08 (truncated)...]
2026-01-25 10:54:01.948 [http-nio-8080-exec-8] DEBUG o.s.o.j.s.OpenEntityManagerInViewInterceptor - Closing JPA EntityManager in OpenEntityManagerInViewInterceptor
2026-01-25 10:54:01.948 [http-nio-8080-exec-8] DEBUG o.s.web.servlet.DispatcherServlet - Completed 200 OK
2026-01-25 10:54:01.956 [http-nio-8080-exec-10] DEBUG o.s.web.servlet.DispatcherServlet - GET "/api/user/info", parameters={}
2026-01-25 10:54:01.956 [http-nio-8080-exec-10] DEBUG o.s.w.s.m.m.a.RequestMappingHandlerMapping - Mapped to com.oxygen.capsule.controller.UserController#getUserInfo(String)
2026-01-25 10:54:01.957 [http-nio-8080-exec-10] DEBUG o.s.o.j.s.OpenEntityManagerInViewInterceptor - Opening JPA EntityManager in OpenEntityManagerInViewInterceptor
2026-01-25 10:54:01.958 [http-nio-8080-exec-10] DEBUG o.s.orm.jpa.JpaTransactionManager - Found thread-bound EntityManager [SessionImpl(670856013<open>)] for JPA transaction
2026-01-25 10:54:01.958 [http-nio-8080-exec-10] DEBUG o.s.orm.jpa.JpaTransactionManager - Creating new transaction with name [org.springframework.data.jpa.repository.support.SimpleJpaRepository.findById]: PROPAGATION_REQUIRED,ISOLATION_DEFAULT,readOnly
2026-01-25 10:54:01.959 [http-nio-8080-exec-10] DEBUG o.s.orm.jpa.JpaTransactionManager - Exposing JPA transaction as JDBC [org.springframework.orm.jpa.vendor.HibernateJpaDialect$HibernateConnectionHandle@41cca12a]
2026-01-25 10:54:01.960 [http-nio-8080-exec-10] DEBUG o.s.orm.jpa.JpaTransactionManager - Initiating transaction commit
2026-01-25 10:54:01.960 [http-nio-8080-exec-10] DEBUG o.s.orm.jpa.JpaTransactionManager - Committing JPA transaction on EntityManager [SessionImpl(670856013<open>)]
2026-01-25 10:54:01.960 [http-nio-8080-exec-10] DEBUG o.s.orm.jpa.JpaTransactionManager - Not closing pre-bound JPA EntityManager after transaction
2026-01-25 10:54:01.963 [http-nio-8080-exec-10] DEBUG o.s.w.s.m.m.a.RequestResponseBodyMethodProcessor - Using 'application/json', given [*/*] and supported [application/json, application/*+json]
2026-01-25 10:54:01.963 [http-nio-8080-exec-10] DEBUG o.s.w.s.m.m.a.RequestResponseBodyMethodProcessor - Writing [Result(code=200, message=success, data={totalVisits=0, remainingVisits=100, memberExpireTime=2035-08 (truncated)...]
2026-01-25 10:54:01.963 [http-nio-8080-exec-10] DEBUG o.s.o.j.s.OpenEntityManagerInViewInterceptor - Closing JPA EntityManager in OpenEntityManagerInViewInterceptor
2026-01-25 10:54:01.964 [http-nio-8080-exec-10] DEBUG o.s.web.servlet.DispatcherServlet - Completed 200 OK
2026-01-25 10:55:00.071 [scheduling-1] DEBUG o.s.o.j.SharedEntityManagerCreator$SharedEntityManagerInvocationHandler - Creating new EntityManager for shared EntityManager invocation
2026-01-25 10:55:21.318 [http-nio-8080-exec-9] DEBUG o.s.web.servlet.DispatcherServlet - GET "/api/payment/orders", parameters={}
2026-01-25 10:55:21.324 [http-nio-8080-exec-9] DEBUG o.s.w.s.m.m.a.RequestMappingHandlerMapping - Mapped to com.oxygen.capsule.controller.PaymentController#getUserPaymentOrders(String)
2026-01-25 10:55:21.325 [http-nio-8080-exec-9] DEBUG o.s.o.j.s.OpenEntityManagerInViewInterceptor - Opening JPA EntityManager in OpenEntityManagerInViewInterceptor
2026-01-25 10:55:21.357 [http-nio-8080-exec-9] DEBUG o.s.w.s.m.m.a.RequestResponseBodyMethodProcessor - Using 'application/json', given [*/*] and supported [application/json, application/*+json]
2026-01-25 10:55:21.357 [http-nio-8080-exec-9] DEBUG o.s.w.s.m.m.a.RequestResponseBodyMethodProcessor - Writing [Result(code=200, message=success, data=[])]
2026-01-25 10:55:21.359 [http-nio-8080-exec-9] DEBUG o.s.o.j.s.OpenEntityManagerInViewInterceptor - Closing JPA EntityManager in OpenEntityManagerInViewInterceptor
2026-01-25 10:55:21.359 [http-nio-8080-exec-9] DEBUG o.s.web.servlet.DispatcherServlet - Completed 200 OK
2026-01-25 10:55:21.361 [http-nio-8080-exec-1] DEBUG o.s.web.servlet.DispatcherServlet - GET "/api/payment/orders", parameters={}
2026-01-25 10:55:21.361 [http-nio-8080-exec-1] DEBUG o.s.w.s.m.m.a.RequestMappingHandlerMapping - Mapped to com.oxygen.capsule.controller.PaymentController#getUserPaymentOrders(String)
2026-01-25 10:55:21.361 [http-nio-8080-exec-1] DEBUG o.s.o.j.s.OpenEntityManagerInViewInterceptor - Opening JPA EntityManager in OpenEntityManagerInViewInterceptor
2026-01-25 10:55:21.364 [http-nio-8080-exec-1] DEBUG o.s.w.s.m.m.a.RequestResponseBodyMethodProcessor - Using 'application/json', given [*/*] and supported [application/json, application/*+json]
2026-01-25 10:55:21.364 [http-nio-8080-exec-1] DEBUG o.s.w.s.m.m.a.RequestResponseBodyMethodProcessor - Writing [Result(code=200, message=success, data=[])]
2026-01-25 10:55:21.364 [http-nio-8080-exec-1] DEBUG o.s.o.j.s.OpenEntityManagerInViewInterceptor - Closing JPA EntityManager in OpenEntityManagerInViewInterceptor
2026-01-25 10:55:21.364 [http-nio-8080-exec-1] DEBUG o.s.web.servlet.DispatcherServlet - Completed 200 OK
2026-01-25 10:55:22.577 [http-nio-8080-exec-2] DEBUG o.s.web.servlet.DispatcherServlet - GET "/api/user/info", parameters={}
2026-01-25 10:55:22.577 [http-nio-8080-exec-2] DEBUG o.s.w.s.m.m.a.RequestMappingHandlerMapping - Mapped to com.oxygen.capsule.controller.UserController#getUserInfo(String)
2026-01-25 10:55:22.577 [http-nio-8080-exec-2] DEBUG o.s.o.j.s.OpenEntityManagerInViewInterceptor - Opening JPA EntityManager in OpenEntityManagerInViewInterceptor
2026-01-25 10:55:22.577 [http-nio-8080-exec-5] DEBUG o.s.web.servlet.DispatcherServlet - GET "/api/payment/orders", parameters={}
2026-01-25 10:55:22.578 [http-nio-8080-exec-5] DEBUG o.s.w.s.m.m.a.RequestMappingHandlerMapping - Mapped to com.oxygen.capsule.controller.PaymentController#getUserPaymentOrders(String)
2026-01-25 10:55:22.578 [http-nio-8080-exec-5] DEBUG o.s.o.j.s.OpenEntityManagerInViewInterceptor - Opening JPA EntityManager in OpenEntityManagerInViewInterceptor
2026-01-25 10:55:22.579 [http-nio-8080-exec-6] DEBUG o.s.web.servlet.DispatcherServlet - GET "/api/booking/orders", parameters={}
2026-01-25 10:55:22.579 [http-nio-8080-exec-6] DEBUG o.s.w.s.m.m.a.RequestMappingHandlerMapping - Mapped to com.oxygen.capsule.controller.BookingController#getUserOrders(String)
2026-01-25 10:55:22.579 [http-nio-8080-exec-6] DEBUG o.s.o.j.s.OpenEntityManagerInViewInterceptor - Opening JPA EntityManager in OpenEntityManagerInViewInterceptor
2026-01-25 10:55:22.581 [http-nio-8080-exec-6] DEBUG o.s.orm.jpa.JpaTransactionManager - Found thread-bound EntityManager [SessionImpl(1222712902<open>)] for JPA transaction
2026-01-25 10:55:22.581 [http-nio-8080-exec-2] DEBUG o.s.orm.jpa.JpaTransactionManager - Found thread-bound EntityManager [SessionImpl(1101978737<open>)] for JPA transaction
2026-01-25 10:55:22.582 [http-nio-8080-exec-2] DEBUG o.s.orm.jpa.JpaTransactionManager - Creating new transaction with name [org.springframework.data.jpa.repository.support.SimpleJpaRepository.findById]: PROPAGATION_REQUIRED,ISOLATION_DEFAULT,readOnly
2026-01-25 10:55:22.582 [http-nio-8080-exec-6] DEBUG o.s.orm.jpa.JpaTransactionManager - Creating new transaction with name [org.springframework.data.jpa.repository.support.SimpleJpaRepository.findById]: PROPAGATION_REQUIRED,ISOLATION_DEFAULT,readOnly
2026-01-25 10:55:22.582 [http-nio-8080-exec-5] DEBUG o.s.w.s.m.m.a.RequestResponseBodyMethodProcessor - Using 'application/json', given [*/*] and supported [application/json, application/*+json]
2026-01-25 10:55:22.582 [http-nio-8080-exec-5] DEBUG o.s.w.s.m.m.a.RequestResponseBodyMethodProcessor - Writing [Result(code=200, message=success, data=[])]
2026-01-25 10:55:22.583 [http-nio-8080-exec-5] DEBUG o.s.o.j.s.OpenEntityManagerInViewInterceptor - Closing JPA EntityManager in OpenEntityManagerInViewInterceptor
2026-01-25 10:55:22.583 [http-nio-8080-exec-6] DEBUG o.s.orm.jpa.JpaTransactionManager - Exposing JPA transaction as JDBC [org.springframework.orm.jpa.vendor.HibernateJpaDialect$HibernateConnectionHandle@56aa6bab]
2026-01-25 10:55:22.583 [http-nio-8080-exec-2] DEBUG o.s.orm.jpa.JpaTransactionManager - Exposing JPA transaction as JDBC [org.springframework.orm.jpa.vendor.HibernateJpaDialect$HibernateConnectionHandle@61f04610]
2026-01-25 10:55:22.583 [http-nio-8080-exec-5] DEBUG o.s.web.servlet.DispatcherServlet - Completed 200 OK
2026-01-25 10:55:22.587 [http-nio-8080-exec-6] DEBUG o.s.orm.jpa.JpaTransactionManager - Initiating transaction commit
2026-01-25 10:55:22.587 [http-nio-8080-exec-2] DEBUG o.s.orm.jpa.JpaTransactionManager - Initiating transaction commit
2026-01-25 10:55:22.587 [http-nio-8080-exec-2] DEBUG o.s.orm.jpa.JpaTransactionManager - Committing JPA transaction on EntityManager [SessionImpl(1101978737<open>)]
2026-01-25 10:55:22.587 [http-nio-8080-exec-6] DEBUG o.s.orm.jpa.JpaTransactionManager - Committing JPA transaction on EntityManager [SessionImpl(1222712902<open>)]
2026-01-25 10:55:22.587 [http-nio-8080-exec-3] DEBUG o.s.web.servlet.DispatcherServlet - GET "/api/payment/orders", parameters={}
2026-01-25 10:55:22.587 [http-nio-8080-exec-3] DEBUG o.s.w.s.m.m.a.RequestMappingHandlerMapping - Mapped to com.oxygen.capsule.controller.PaymentController#getUserPaymentOrders(String)
2026-01-25 10:55:22.587 [http-nio-8080-exec-3] DEBUG o.s.o.j.s.OpenEntityManagerInViewInterceptor - Opening JPA EntityManager in OpenEntityManagerInViewInterceptor
2026-01-25 10:55:22.588 [http-nio-8080-exec-6] DEBUG o.s.orm.jpa.JpaTransactionManager - Not closing pre-bound JPA EntityManager after transaction
2026-01-25 10:55:22.588 [http-nio-8080-exec-2] DEBUG o.s.orm.jpa.JpaTransactionManager - Not closing pre-bound JPA EntityManager after transaction
2026-01-25 10:55:22.591 [http-nio-8080-exec-6] DEBUG o.s.w.s.m.m.a.RequestResponseBodyMethodProcessor - Using 'application/json', given [*/*] and supported [application/json, application/*+json]
2026-01-25 10:55:22.591 [http-nio-8080-exec-6] DEBUG o.s.w.s.m.m.a.RequestResponseBodyMethodProcessor - Writing [Result(code=200, message=success, data=[])]
2026-01-25 10:55:22.591 [http-nio-8080-exec-2] DEBUG o.s.w.s.m.m.a.RequestResponseBodyMethodProcessor - Using 'application/json', given [*/*] and supported [application/json, application/*+json]
2026-01-25 10:55:22.591 [http-nio-8080-exec-6] DEBUG o.s.o.j.s.OpenEntityManagerInViewInterceptor - Closing JPA EntityManager in OpenEntityManagerInViewInterceptor
2026-01-25 10:55:22.591 [http-nio-8080-exec-6] DEBUG o.s.web.servlet.DispatcherServlet - Completed 200 OK
2026-01-25 10:55:22.591 [http-nio-8080-exec-2] DEBUG o.s.w.s.m.m.a.RequestResponseBodyMethodProcessor - Writing [Result(code=200, message=success, data={totalVisits=0, remainingVisits=100, memberExpireTime=2035-08 (truncated)...]
2026-01-25 10:55:22.591 [http-nio-8080-exec-3] DEBUG o.s.w.s.m.m.a.RequestResponseBodyMethodProcessor - Using 'application/json', given [*/*] and supported [application/json, application/*+json]
2026-01-25 10:55:22.592 [http-nio-8080-exec-3] DEBUG o.s.w.s.m.m.a.RequestResponseBodyMethodProcessor - Writing [Result(code=200, message=success, data=[])]
2026-01-25 10:55:22.592 [http-nio-8080-exec-3] DEBUG o.s.o.j.s.OpenEntityManagerInViewInterceptor - Closing JPA EntityManager in OpenEntityManagerInViewInterceptor
2026-01-25 10:55:22.592 [http-nio-8080-exec-3] DEBUG o.s.web.servlet.DispatcherServlet - Completed 200 OK
2026-01-25 10:55:22.592 [http-nio-8080-exec-2] DEBUG o.s.o.j.s.OpenEntityManagerInViewInterceptor - Closing JPA EntityManager in OpenEntityManagerInViewInterceptor
2026-01-25 10:55:22.592 [http-nio-8080-exec-2] DEBUG o.s.web.servlet.DispatcherServlet - Completed 200 OK
2026-01-25 10:55:22.594 [http-nio-8080-exec-4] DEBUG o.s.web.servlet.DispatcherServlet - GET "/api/booking/orders", parameters={}
2026-01-25 10:55:22.594 [http-nio-8080-exec-4] DEBUG o.s.w.s.m.m.a.RequestMappingHandlerMapping - Mapped to com.oxygen.capsule.controller.BookingController#getUserOrders(String)
2026-01-25 10:55:22.594 [http-nio-8080-exec-4] DEBUG o.s.o.j.s.OpenEntityManagerInViewInterceptor - Opening JPA EntityManager in OpenEntityManagerInViewInterceptor
2026-01-25 10:55:22.594 [http-nio-8080-exec-7] DEBUG o.s.web.servlet.DispatcherServlet - GET "/api/user/info", parameters={}
2026-01-25 10:55:22.594 [http-nio-8080-exec-7] DEBUG o.s.w.s.m.m.a.RequestMappingHandlerMapping - Mapped to com.oxygen.capsule.controller.UserController#getUserInfo(String)
2026-01-25 10:55:22.595 [http-nio-8080-exec-7] DEBUG o.s.o.j.s.OpenEntityManagerInViewInterceptor - Opening JPA EntityManager in OpenEntityManagerInViewInterceptor
2026-01-25 10:55:22.595 [http-nio-8080-exec-7] DEBUG o.s.orm.jpa.JpaTransactionManager - Found thread-bound EntityManager [SessionImpl(330085493<open>)] for JPA transaction
2026-01-25 10:55:22.595 [http-nio-8080-exec-7] DEBUG o.s.orm.jpa.JpaTransactionManager - Creating new transaction with name [org.springframework.data.jpa.repository.support.SimpleJpaRepository.findById]: PROPAGATION_REQUIRED,ISOLATION_DEFAULT,readOnly
2026-01-25 10:55:22.596 [http-nio-8080-exec-4] DEBUG o.s.orm.jpa.JpaTransactionManager - Found thread-bound EntityManager [SessionImpl(1336413794<open>)] for JPA transaction
2026-01-25 10:55:22.596 [http-nio-8080-exec-7] DEBUG o.s.orm.jpa.JpaTransactionManager - Exposing JPA transaction as JDBC [org.springframework.orm.jpa.vendor.HibernateJpaDialect$HibernateConnectionHandle@40454670]
2026-01-25 10:55:22.596 [http-nio-8080-exec-4] DEBUG o.s.orm.jpa.JpaTransactionManager - Creating new transaction with name [org.springframework.data.jpa.repository.support.SimpleJpaRepository.findById]: PROPAGATION_REQUIRED,ISOLATION_DEFAULT,readOnly
2026-01-25 10:55:22.596 [http-nio-8080-exec-4] DEBUG o.s.orm.jpa.JpaTransactionManager - Exposing JPA transaction as JDBC [org.springframework.orm.jpa.vendor.HibernateJpaDialect$HibernateConnectionHandle@14f17c5e]
2026-01-25 10:55:22.597 [http-nio-8080-exec-7] DEBUG o.s.orm.jpa.JpaTransactionManager - Initiating transaction commit
2026-01-25 10:55:22.597 [http-nio-8080-exec-4] DEBUG o.s.orm.jpa.JpaTransactionManager - Initiating transaction commit
2026-01-25 10:55:22.597 [http-nio-8080-exec-4] DEBUG o.s.orm.jpa.JpaTransactionManager - Committing JPA transaction on EntityManager [SessionImpl(1336413794<open>)]
2026-01-25 10:55:22.597 [http-nio-8080-exec-7] DEBUG o.s.orm.jpa.JpaTransactionManager - Committing JPA transaction on EntityManager [SessionImpl(330085493<open>)]
2026-01-25 10:55:22.597 [http-nio-8080-exec-7] DEBUG o.s.orm.jpa.JpaTransactionManager - Not closing pre-bound JPA EntityManager after transaction
2026-01-25 10:55:22.597 [http-nio-8080-exec-4] DEBUG o.s.orm.jpa.JpaTransactionManager - Not closing pre-bound JPA EntityManager after transaction
2026-01-25 10:55:22.599 [http-nio-8080-exec-7] DEBUG o.s.w.s.m.m.a.RequestResponseBodyMethodProcessor - Using 'application/json', given [*/*] and supported [application/json, application/*+json]
2026-01-25 10:55:22.599 [http-nio-8080-exec-7] DEBUG o.s.w.s.m.m.a.RequestResponseBodyMethodProcessor - Writing [Result(code=200, message=success, data={totalVisits=0, remainingVisits=100, memberExpireTime=2035-08 (truncated)...]
2026-01-25 10:55:22.599 [http-nio-8080-exec-4] DEBUG o.s.w.s.m.m.a.RequestResponseBodyMethodProcessor - Using 'application/json', given [*/*] and supported [application/json, application/*+json]
2026-01-25 10:55:22.599 [http-nio-8080-exec-4] DEBUG o.s.w.s.m.m.a.RequestResponseBodyMethodProcessor - Writing [Result(code=200, message=success, data=[])]
2026-01-25 10:55:22.600 [http-nio-8080-exec-7] DEBUG o.s.o.j.s.OpenEntityManagerInViewInterceptor - Closing JPA EntityManager in OpenEntityManagerInViewInterceptor
2026-01-25 10:55:22.600 [http-nio-8080-exec-4] DEBUG o.s.o.j.s.OpenEntityManagerInViewInterceptor - Closing JPA EntityManager in OpenEntityManagerInViewInterceptor
2026-01-25 10:55:22.600 [http-nio-8080-exec-4] DEBUG o.s.web.servlet.DispatcherServlet - Completed 200 OK
2026-01-25 10:55:22.600 [http-nio-8080-exec-7] DEBUG o.s.web.servlet.DispatcherServlet - Completed 200 OK
2026-01-25 10:55:25.223 [http-nio-8080-exec-8] DEBUG o.s.web.servlet.DispatcherServlet - GET "/api/packages/category?category=%E4%B8%AA%E4%BA%BA%E7%95%85%E4%BA%AB", parameters={masked}
2026-01-25 10:55:25.223 [http-nio-8080-exec-8] DEBUG o.s.w.s.m.m.a.RequestMappingHandlerMapping - Mapped to com.oxygen.capsule.controller.MemberPackageController#getPackagesByCategoryParam(String)
2026-01-25 10:55:25.223 [http-nio-8080-exec-8] DEBUG o.s.o.j.s.OpenEntityManagerInViewInterceptor - Opening JPA EntityManager in OpenEntityManagerInViewInterceptor
2026-01-25 10:55:25.227 [http-nio-8080-exec-8] DEBUG o.s.w.s.m.m.a.RequestResponseBodyMethodProcessor - Using 'application/json', given [*/*] and supported [application/json, application/*+json]
2026-01-25 10:55:25.228 [http-nio-8080-exec-8] DEBUG o.s.w.s.m.m.a.RequestResponseBodyMethodProcessor - Writing [Result(code=200, message=success, data=[MemberPackage(id=1, code=MONTHLY, name=月卡, price=3980.0, peo (truncated)...]
2026-01-25 10:55:25.228 [http-nio-8080-exec-8] DEBUG o.s.o.j.s.OpenEntityManagerInViewInterceptor - Closing JPA EntityManager in OpenEntityManagerInViewInterceptor
2026-01-25 10:55:25.229 [http-nio-8080-exec-8] DEBUG o.s.web.servlet.DispatcherServlet - Completed 200 OK
2026-01-25 10:55:25.231 [http-nio-8080-exec-10] DEBUG o.s.web.servlet.DispatcherServlet - GET "/api/packages/category?category=%E4%B8%AA%E4%BA%BA%E7%95%85%E4%BA%AB", parameters={masked}
2026-01-25 10:55:25.231 [http-nio-8080-exec-10] DEBUG o.s.w.s.m.m.a.RequestMappingHandlerMapping - Mapped to com.oxygen.capsule.controller.MemberPackageController#getPackagesByCategoryParam(String)
2026-01-25 10:55:25.231 [http-nio-8080-exec-10] DEBUG o.s.o.j.s.OpenEntityManagerInViewInterceptor - Opening JPA EntityManager in OpenEntityManagerInViewInterceptor
2026-01-25 10:55:25.234 [http-nio-8080-exec-10] DEBUG o.s.w.s.m.m.a.RequestResponseBodyMethodProcessor - Using 'application/json', given [*/*] and supported [application/json, application/*+json]
2026-01-25 10:55:25.234 [http-nio-8080-exec-10] DEBUG o.s.w.s.m.m.a.RequestResponseBodyMethodProcessor - Writing [Result(code=200, message=success, data=[MemberPackage(id=1, code=MONTHLY, name=月卡, price=3980.0, peo (truncated)...]
2026-01-25 10:55:25.235 [http-nio-8080-exec-10] DEBUG o.s.o.j.s.OpenEntityManagerInViewInterceptor - Closing JPA EntityManager in OpenEntityManagerInViewInterceptor
2026-01-25 10:55:25.235 [http-nio-8080-exec-10] DEBUG o.s.web.servlet.DispatcherServlet - Completed 200 OK
2026-01-25 11:00:00.024 [scheduling-1] DEBUG o.s.o.j.SharedEntityManagerCreator$SharedEntityManagerInvocationHandler - Creating new EntityManager for shared EntityManager invocation
2026-01-25 11:00:31.426 [http-nio-8080-exec-9] DEBUG o.s.web.servlet.DispatcherServlet - GET "/api/payment/orders", parameters={}
2026-01-25 11:00:31.428 [http-nio-8080-exec-9] DEBUG o.s.w.s.m.m.a.RequestMappingHandlerMapping - Mapped to com.oxygen.capsule.controller.PaymentController#getUserPaymentOrders(String)
2026-01-25 11:00:31.429 [http-nio-8080-exec-9] DEBUG o.s.o.j.s.OpenEntityManagerInViewInterceptor - Opening JPA EntityManager in OpenEntityManagerInViewInterceptor
2026-01-25 11:00:31.454 [http-nio-8080-exec-9] DEBUG o.s.w.s.m.m.a.RequestResponseBodyMethodProcessor - Using 'application/json', given [*/*] and supported [application/json, application/*+json]
2026-01-25 11:00:31.454 [http-nio-8080-exec-9] DEBUG o.s.w.s.m.m.a.RequestResponseBodyMethodProcessor - Writing [Result(code=200, message=success, data=[])]
2026-01-25 11:00:31.455 [http-nio-8080-exec-9] DEBUG o.s.o.j.s.OpenEntityManagerInViewInterceptor - Closing JPA EntityManager in OpenEntityManagerInViewInterceptor
2026-01-25 11:00:31.455 [http-nio-8080-exec-9] DEBUG o.s.web.servlet.DispatcherServlet - Completed 200 OK
2026-01-25 11:00:31.464 [http-nio-8080-exec-1] DEBUG o.s.web.servlet.DispatcherServlet - GET "/api/staff/active-list", parameters={}
2026-01-25 11:00:31.464 [http-nio-8080-exec-1] DEBUG o.s.w.s.m.m.a.RequestMappingHandlerMapping - Mapped to com.oxygen.capsule.controller.StaffController#getActiveStaffs()
2026-01-25 11:00:31.464 [http-nio-8080-exec-1] DEBUG o.s.o.j.s.OpenEntityManagerInViewInterceptor - Opening JPA EntityManager in OpenEntityManagerInViewInterceptor
2026-01-25 11:00:31.470 [http-nio-8080-exec-1] DEBUG o.s.w.s.m.m.a.RequestResponseBodyMethodProcessor - Using 'application/json', given [*/*] and supported [application/json, application/*+json]
2026-01-25 11:00:31.470 [http-nio-8080-exec-1] DEBUG o.s.w.s.m.m.a.RequestResponseBodyMethodProcessor - Writing [Result(code=200, message=success, data=[{phone=18680815221, name=员工, id=2}])]
2026-01-25 11:00:31.470 [http-nio-8080-exec-1] DEBUG o.s.o.j.s.OpenEntityManagerInViewInterceptor - Closing JPA EntityManager in OpenEntityManagerInViewInterceptor
2026-01-25 11:00:31.471 [http-nio-8080-exec-1] DEBUG o.s.web.servlet.DispatcherServlet - Completed 200 OK
2026-01-25 11:00:34.327 [http-nio-8080-exec-5] DEBUG o.s.web.servlet.DispatcherServlet - POST "/api/payment/create-package-order", parameters={}
2026-01-25 11:00:34.332 [http-nio-8080-exec-5] DEBUG o.s.w.s.m.m.a.RequestMappingHandlerMapping - Mapped to com.oxygen.capsule.controller.PaymentController#createPackageOrder(String, Map)
2026-01-25 11:00:34.332 [http-nio-8080-exec-5] DEBUG o.s.o.j.s.OpenEntityManagerInViewInterceptor - Opening JPA EntityManager in OpenEntityManagerInViewInterceptor
2026-01-25 11:00:34.335 [http-nio-8080-exec-5] DEBUG o.s.w.s.m.m.a.RequestResponseBodyMethodProcessor - Read "application/json;charset=UTF-8" to [{packageId=1, price=3980, cardStartDate=2026-01-25, staffId=2, staffName=员工}]
2026-01-25 11:00:34.339 [http-nio-8080-exec-5] DEBUG o.s.orm.jpa.JpaTransactionManager - Found thread-bound EntityManager [SessionImpl(1714936476<open>)] for JPA transaction
2026-01-25 11:00:34.339 [http-nio-8080-exec-5] DEBUG o.s.orm.jpa.JpaTransactionManager - Creating new transaction with name [org.springframework.data.jpa.repository.support.SimpleJpaRepository.findById]: PROPAGATION_REQUIRED,ISOLATION_DEFAULT,readOnly
2026-01-25 11:00:34.340 [http-nio-8080-exec-5] DEBUG o.s.orm.jpa.JpaTransactionManager - Exposing JPA transaction as JDBC [org.springframework.orm.jpa.vendor.HibernateJpaDialect$HibernateConnectionHandle@73f98ecb]
2026-01-25 11:00:34.341 [http-nio-8080-exec-5] DEBUG o.s.orm.jpa.JpaTransactionManager - Initiating transaction commit
2026-01-25 11:00:34.341 [http-nio-8080-exec-5] DEBUG o.s.orm.jpa.JpaTransactionManager - Committing JPA transaction on EntityManager [SessionImpl(1714936476<open>)]
2026-01-25 11:00:34.343 [http-nio-8080-exec-5] DEBUG o.s.orm.jpa.JpaTransactionManager - Not closing pre-bound JPA EntityManager after transaction
2026-01-25 11:00:34.343 [http-nio-8080-exec-5] DEBUG o.s.orm.jpa.JpaTransactionManager - Found thread-bound EntityManager [SessionImpl(1714936476<open>)] for JPA transaction
2026-01-25 11:00:34.343 [http-nio-8080-exec-5] DEBUG o.s.orm.jpa.JpaTransactionManager - Creating new transaction with name [org.springframework.data.jpa.repository.support.SimpleJpaRepository.findById]: PROPAGATION_REQUIRED,ISOLATION_DEFAULT,readOnly
2026-01-25 11:00:34.343 [http-nio-8080-exec-5] DEBUG o.s.orm.jpa.JpaTransactionManager - Exposing JPA transaction as JDBC [org.springframework.orm.jpa.vendor.HibernateJpaDialect$HibernateConnectionHandle@71d848c6]
2026-01-25 11:00:34.344 [http-nio-8080-exec-5] DEBUG o.s.orm.jpa.JpaTransactionManager - Initiating transaction commit
2026-01-25 11:00:34.344 [http-nio-8080-exec-5] DEBUG o.s.orm.jpa.JpaTransactionManager - Committing JPA transaction on EntityManager [SessionImpl(1714936476<open>)]
2026-01-25 11:00:34.345 [http-nio-8080-exec-5] DEBUG o.s.orm.jpa.JpaTransactionManager - Not closing pre-bound JPA EntityManager after transaction
2026-01-25 11:00:34.348 [http-nio-8080-exec-5] DEBUG o.s.orm.jpa.JpaTransactionManager - Found thread-bound EntityManager [SessionImpl(1714936476<open>)] for JPA transaction
2026-01-25 11:00:34.348 [http-nio-8080-exec-5] DEBUG o.s.orm.jpa.JpaTransactionManager - Creating new transaction with name [org.springframework.data.jpa.repository.support.SimpleJpaRepository.save]: PROPAGATION_REQUIRED,ISOLATION_DEFAULT
2026-01-25 11:00:34.349 [http-nio-8080-exec-5] DEBUG o.s.orm.jpa.JpaTransactionManager - Exposing JPA transaction as JDBC [org.springframework.orm.jpa.vendor.HibernateJpaDialect$HibernateConnectionHandle@6a0f95d7]
2026-01-25 11:00:34.356 [http-nio-8080-exec-5] DEBUG o.s.orm.jpa.JpaTransactionManager - Initiating transaction commit
2026-01-25 11:00:34.356 [http-nio-8080-exec-5] DEBUG o.s.orm.jpa.JpaTransactionManager - Committing JPA transaction on EntityManager [SessionImpl(1714936476<open>)]
2026-01-25 11:00:34.358 [http-nio-8080-exec-5] DEBUG o.s.orm.jpa.JpaTransactionManager - Not closing pre-bound JPA EntityManager after transaction
2026-01-25 11:00:34.358 [http-nio-8080-exec-5] DEBUG o.s.w.s.m.m.a.RequestResponseBodyMethodProcessor - Using 'application/json', given [*/*] and supported [application/json, application/*+json]
2026-01-25 11:00:34.358 [http-nio-8080-exec-5] DEBUG o.s.w.s.m.m.a.RequestResponseBodyMethodProcessor - Writing [Result(code=200, message=订单创建成功, data={transactionType=NEW, cardEndDate=2026-02-24T00:00, orderNo=PA (truncated)...]
2026-01-25 11:00:34.358 [http-nio-8080-exec-5] DEBUG o.s.o.j.s.OpenEntityManagerInViewInterceptor - Closing JPA EntityManager in OpenEntityManagerInViewInterceptor
2026-01-25 11:00:34.359 [http-nio-8080-exec-5] DEBUG o.s.web.servlet.DispatcherServlet - Completed 200 OK
2026-01-25 11:00:34.366 [http-nio-8080-exec-6] DEBUG o.s.web.servlet.DispatcherServlet - POST "/api/payment/wechat-pay/20", parameters={}
2026-01-25 11:00:34.366 [http-nio-8080-exec-6] DEBUG o.s.w.s.m.m.a.RequestMappingHandlerMapping - Mapped to com.oxygen.capsule.controller.PaymentController#getWechatPayParams(String, Long)
2026-01-25 11:00:34.366 [http-nio-8080-exec-6] DEBUG o.s.o.j.s.OpenEntityManagerInViewInterceptor - Opening JPA EntityManager in OpenEntityManagerInViewInterceptor
2026-01-25 11:00:34.367 [http-nio-8080-exec-6] DEBUG o.s.orm.jpa.JpaTransactionManager - Found thread-bound EntityManager [SessionImpl(1486746916<open>)] for JPA transaction
2026-01-25 11:00:34.367 [http-nio-8080-exec-6] DEBUG o.s.orm.jpa.JpaTransactionManager - Creating new transaction with name [org.springframework.data.jpa.repository.support.SimpleJpaRepository.findById]: PROPAGATION_REQUIRED,ISOLATION_DEFAULT,readOnly
2026-01-25 11:00:34.368 [http-nio-8080-exec-6] DEBUG o.s.orm.jpa.JpaTransactionManager - Exposing JPA transaction as JDBC [org.springframework.orm.jpa.vendor.HibernateJpaDialect$HibernateConnectionHandle@4cbfe3f0]
2026-01-25 11:00:34.369 [http-nio-8080-exec-6] DEBUG o.s.orm.jpa.JpaTransactionManager - Initiating transaction commit
2026-01-25 11:00:34.369 [http-nio-8080-exec-6] DEBUG o.s.orm.jpa.JpaTransactionManager - Committing JPA transaction on EntityManager [SessionImpl(1486746916<open>)]
2026-01-25 11:00:34.369 [http-nio-8080-exec-6] DEBUG o.s.orm.jpa.JpaTransactionManager - Not closing pre-bound JPA EntityManager after transaction
2026-01-25 11:00:34.369 [http-nio-8080-exec-6] DEBUG o.s.orm.jpa.JpaTransactionManager - Found thread-bound EntityManager [SessionImpl(1486746916<open>)] for JPA transaction
2026-01-25 11:00:34.369 [http-nio-8080-exec-6] DEBUG o.s.orm.jpa.JpaTransactionManager - Creating new transaction with name [org.springframework.data.jpa.repository.support.SimpleJpaRepository.findById]: PROPAGATION_REQUIRED,ISOLATION_DEFAULT,readOnly
2026-01-25 11:00:34.369 [http-nio-8080-exec-6] DEBUG o.s.orm.jpa.JpaTransactionManager - Exposing JPA transaction as JDBC [org.springframework.orm.jpa.vendor.HibernateJpaDialect$HibernateConnectionHandle@6ada86a0]
2026-01-25 11:00:34.370 [http-nio-8080-exec-6] DEBUG o.s.orm.jpa.JpaTransactionManager - Initiating transaction commit
2026-01-25 11:00:34.370 [http-nio-8080-exec-6] DEBUG o.s.orm.jpa.JpaTransactionManager - Committing JPA transaction on EntityManager [SessionImpl(1486746916<open>)]
2026-01-25 11:00:34.370 [http-nio-8080-exec-6] DEBUG o.s.orm.jpa.JpaTransactionManager - Not closing pre-bound JPA EntityManager after transaction
2026-01-25 11:00:34.370 [http-nio-8080-exec-6] INFO  com.oxygen.capsule.util.WxPayUtil - 使用 MOCK 模式生成支付参数，订单号: PAY17693100343499326, 金额: 398000分
2026-01-25 11:00:34.370 [http-nio-8080-exec-6] INFO  com.oxygen.capsule.util.WxPayUtil - 生成Mock支付参数，订单号: PAY17693100343499326, 金额: 398000分
2026-01-25 11:00:34.370 [http-nio-8080-exec-6] WARN  com.oxygen.capsule.util.WxPayUtil - ⚠️  返回Mock支付参数，前端调用 uni.requestPayment 会失败，但可以测试支付流程
2026-01-25 11:00:34.370 [http-nio-8080-exec-6] WARN  com.oxygen.capsule.util.WxPayUtil - ⚠️  订单数据已保存到数据库，可以通过其他方式模拟支付成功
2026-01-25 11:00:34.370 [http-nio-8080-exec-6] DEBUG o.s.w.s.m.m.a.RequestResponseBodyMethodProcessor - Using 'application/json', given [*/*] and supported [application/json, application/*+json]
2026-01-25 11:00:34.371 [http-nio-8080-exec-6] DEBUG o.s.w.s.m.m.a.RequestResponseBodyMethodProcessor - Writing [Result(code=200, message=获取支付参数成功, data={timeStamp=1769310034, package=prepay_id=MOCK_PREPAY_ID_1769 (truncated)...]
2026-01-25 11:00:34.371 [http-nio-8080-exec-6] DEBUG o.s.o.j.s.OpenEntityManagerInViewInterceptor - Closing JPA EntityManager in OpenEntityManagerInViewInterceptor
2026-01-25 11:00:34.371 [http-nio-8080-exec-6] DEBUG o.s.web.servlet.DispatcherServlet - Completed 200 OK
2026-01-25 11:00:35.309 [http-nio-8080-exec-3] DEBUG o.s.web.servlet.DispatcherServlet - POST "/api/payment/mock-success/20", parameters={}
2026-01-25 11:00:35.309 [http-nio-8080-exec-3] DEBUG o.s.w.s.m.m.a.RequestMappingHandlerMapping - Mapped to com.oxygen.capsule.controller.PaymentController#mockPaymentSuccess(String, Long)
2026-01-25 11:00:35.309 [http-nio-8080-exec-3] DEBUG o.s.o.j.s.OpenEntityManagerInViewInterceptor - Opening JPA EntityManager in OpenEntityManagerInViewInterceptor
2026-01-25 11:00:35.313 [http-nio-8080-exec-3] DEBUG o.s.orm.jpa.JpaTransactionManager - Found thread-bound EntityManager [SessionImpl(36248503<open>)] for JPA transaction
2026-01-25 11:00:35.313 [http-nio-8080-exec-3] DEBUG o.s.orm.jpa.JpaTransactionManager - Creating new transaction with name [org.springframework.data.jpa.repository.support.SimpleJpaRepository.findById]: PROPAGATION_REQUIRED,ISOLATION_DEFAULT,readOnly
2026-01-25 11:00:35.314 [http-nio-8080-exec-3] DEBUG o.s.orm.jpa.JpaTransactionManager - Exposing JPA transaction as JDBC [org.springframework.orm.jpa.vendor.HibernateJpaDialect$HibernateConnectionHandle@cf6d9bf]
2026-01-25 11:00:35.320 [http-nio-8080-exec-3] DEBUG o.s.orm.jpa.JpaTransactionManager - Initiating transaction commit
2026-01-25 11:00:35.320 [http-nio-8080-exec-3] DEBUG o.s.orm.jpa.JpaTransactionManager - Committing JPA transaction on EntityManager [SessionImpl(36248503<open>)]
2026-01-25 11:00:35.321 [http-nio-8080-exec-3] DEBUG o.s.orm.jpa.JpaTransactionManager - Not closing pre-bound JPA EntityManager after transaction
2026-01-25 11:00:35.321 [http-nio-8080-exec-3] DEBUG o.s.orm.jpa.JpaTransactionManager - Found thread-bound EntityManager [SessionImpl(36248503<open>)] for JPA transaction
2026-01-25 11:00:35.321 [http-nio-8080-exec-3] DEBUG o.s.orm.jpa.JpaTransactionManager - Creating new transaction with name [org.springframework.data.jpa.repository.support.SimpleJpaRepository.findById]: PROPAGATION_REQUIRED,ISOLATION_DEFAULT,readOnly
2026-01-25 11:00:35.321 [http-nio-8080-exec-3] DEBUG o.s.orm.jpa.JpaTransactionManager - Exposing JPA transaction as JDBC [org.springframework.orm.jpa.vendor.HibernateJpaDialect$HibernateConnectionHandle@a0d0327]
2026-01-25 11:00:35.321 [http-nio-8080-exec-3] DEBUG o.s.orm.jpa.JpaTransactionManager - Initiating transaction commit
2026-01-25 11:00:35.322 [http-nio-8080-exec-3] DEBUG o.s.orm.jpa.JpaTransactionManager - Committing JPA transaction on EntityManager [SessionImpl(36248503<open>)]
2026-01-25 11:00:35.322 [http-nio-8080-exec-3] DEBUG o.s.orm.jpa.JpaTransactionManager - Not closing pre-bound JPA EntityManager after transaction
2026-01-25 11:00:35.325 [http-nio-8080-exec-3] DEBUG o.s.orm.jpa.JpaTransactionManager - Found thread-bound EntityManager [SessionImpl(36248503<open>)] for JPA transaction
2026-01-25 11:00:35.326 [http-nio-8080-exec-3] DEBUG o.s.orm.jpa.JpaTransactionManager - Creating new transaction with name [org.springframework.data.jpa.repository.support.SimpleJpaRepository.findById]: PROPAGATION_REQUIRED,ISOLATION_DEFAULT,readOnly
2026-01-25 11:00:35.326 [http-nio-8080-exec-3] DEBUG o.s.orm.jpa.JpaTransactionManager - Exposing JPA transaction as JDBC [org.springframework.orm.jpa.vendor.HibernateJpaDialect$HibernateConnectionHandle@47bb7b8b]
2026-01-25 11:00:35.331 [http-nio-8080-exec-3] DEBUG o.s.orm.jpa.JpaTransactionManager - Initiating transaction commit
2026-01-25 11:00:35.332 [http-nio-8080-exec-3] DEBUG o.s.orm.jpa.JpaTransactionManager - Committing JPA transaction on EntityManager [SessionImpl(36248503<open>)]
2026-01-25 11:00:35.333 [http-nio-8080-exec-3] DEBUG o.s.orm.jpa.JpaTransactionManager - Not closing pre-bound JPA EntityManager after transaction
2026-01-25 11:00:35.334 [http-nio-8080-exec-3] DEBUG o.s.orm.jpa.JpaTransactionManager - Found thread-bound EntityManager [SessionImpl(36248503<open>)] for JPA transaction
2026-01-25 11:00:35.334 [http-nio-8080-exec-3] DEBUG o.s.orm.jpa.JpaTransactionManager - Creating new transaction with name [org.springframework.data.jpa.repository.support.SimpleJpaRepository.save]: PROPAGATION_REQUIRED,ISOLATION_DEFAULT
2026-01-25 11:00:35.334 [http-nio-8080-exec-3] DEBUG o.s.orm.jpa.JpaTransactionManager - Exposing JPA transaction as JDBC [org.springframework.orm.jpa.vendor.HibernateJpaDialect$HibernateConnectionHandle@72b1856f]
2026-01-25 11:00:35.334 [http-nio-8080-exec-3] DEBUG o.s.orm.jpa.JpaTransactionManager - Initiating transaction commit
2026-01-25 11:00:35.334 [http-nio-8080-exec-3] DEBUG o.s.orm.jpa.JpaTransactionManager - Committing JPA transaction on EntityManager [SessionImpl(36248503<open>)]
2026-01-25 11:00:35.344 [http-nio-8080-exec-3] DEBUG o.s.orm.jpa.JpaTransactionManager - Not closing pre-bound JPA EntityManager after transaction
2026-01-25 11:00:35.344 [http-nio-8080-exec-3] DEBUG o.s.orm.jpa.JpaTransactionManager - Found thread-bound EntityManager [SessionImpl(36248503<open>)] for JPA transaction
2026-01-25 11:00:35.344 [http-nio-8080-exec-3] DEBUG o.s.orm.jpa.JpaTransactionManager - Creating new transaction with name [org.springframework.data.jpa.repository.support.SimpleJpaRepository.findById]: PROPAGATION_REQUIRED,ISOLATION_DEFAULT,readOnly
2026-01-25 11:00:35.344 [http-nio-8080-exec-3] DEBUG o.s.orm.jpa.JpaTransactionManager - Exposing JPA transaction as JDBC [org.springframework.orm.jpa.vendor.HibernateJpaDialect$HibernateConnectionHandle@20a0908b]
2026-01-25 11:00:35.346 [http-nio-8080-exec-3] DEBUG o.s.orm.jpa.JpaTransactionManager - Initiating transaction commit
2026-01-25 11:00:35.346 [http-nio-8080-exec-3] DEBUG o.s.orm.jpa.JpaTransactionManager - Committing JPA transaction on EntityManager [SessionImpl(36248503<open>)]
2026-01-25 11:00:35.346 [http-nio-8080-exec-3] DEBUG o.s.orm.jpa.JpaTransactionManager - Not closing pre-bound JPA EntityManager after transaction
2026-01-25 11:00:35.346 [http-nio-8080-exec-3] DEBUG o.s.orm.jpa.JpaTransactionManager - Found thread-bound EntityManager [SessionImpl(36248503<open>)] for JPA transaction
2026-01-25 11:00:35.346 [http-nio-8080-exec-3] DEBUG o.s.orm.jpa.JpaTransactionManager - Creating new transaction with name [org.springframework.data.jpa.repository.support.SimpleJpaRepository.findById]: PROPAGATION_REQUIRED,ISOLATION_DEFAULT,readOnly
2026-01-25 11:00:35.347 [http-nio-8080-exec-3] DEBUG o.s.orm.jpa.JpaTransactionManager - Exposing JPA transaction as JDBC [org.springframework.orm.jpa.vendor.HibernateJpaDialect$HibernateConnectionHandle@7076d127]
2026-01-25 11:00:35.347 [http-nio-8080-exec-3] DEBUG o.s.orm.jpa.JpaTransactionManager - Initiating transaction commit
2026-01-25 11:00:35.347 [http-nio-8080-exec-3] DEBUG o.s.orm.jpa.JpaTransactionManager - Committing JPA transaction on EntityManager [SessionImpl(36248503<open>)]
2026-01-25 11:00:35.347 [http-nio-8080-exec-3] DEBUG o.s.orm.jpa.JpaTransactionManager - Not closing pre-bound JPA EntityManager after transaction
2026-01-25 11:00:35.347 [http-nio-8080-exec-3] DEBUG o.s.orm.jpa.JpaTransactionManager - Found thread-bound EntityManager [SessionImpl(36248503<open>)] for JPA transaction
2026-01-25 11:00:35.347 [http-nio-8080-exec-3] DEBUG o.s.orm.jpa.JpaTransactionManager - Creating new transaction with name [org.springframework.data.jpa.repository.support.SimpleJpaRepository.save]: PROPAGATION_REQUIRED,ISOLATION_DEFAULT
2026-01-25 11:00:35.347 [http-nio-8080-exec-3] DEBUG o.s.orm.jpa.JpaTransactionManager - Exposing JPA transaction as JDBC [org.springframework.orm.jpa.vendor.HibernateJpaDialect$HibernateConnectionHandle@6570af62]
2026-01-25 11:00:35.347 [http-nio-8080-exec-3] DEBUG o.s.orm.jpa.JpaTransactionManager - Initiating transaction commit
2026-01-25 11:00:35.347 [http-nio-8080-exec-3] DEBUG o.s.orm.jpa.JpaTransactionManager - Committing JPA transaction on EntityManager [SessionImpl(36248503<open>)]
2026-01-25 11:00:35.351 [http-nio-8080-exec-3] DEBUG o.s.orm.jpa.JpaTransactionManager - Not closing pre-bound JPA EntityManager after transaction
2026-01-25 11:00:35.351 [http-nio-8080-exec-3] DEBUG o.s.w.s.m.m.a.RequestResponseBodyMethodProcessor - Using 'application/json', given [*/*] and supported [application/json, application/*+json]
2026-01-25 11:00:35.351 [http-nio-8080-exec-3] DEBUG o.s.w.s.m.m.a.RequestResponseBodyMethodProcessor - Writing [Result(code=200, message=Mock支付成功，订单状态已更新, data=success)]
2026-01-25 11:00:35.352 [http-nio-8080-exec-3] DEBUG o.s.o.j.s.OpenEntityManagerInViewInterceptor - Closing JPA EntityManager in OpenEntityManagerInViewInterceptor
2026-01-25 11:00:35.352 [http-nio-8080-exec-3] DEBUG o.s.web.servlet.DispatcherServlet - Completed 200 OK
2026-01-25 11:00:37.663 [http-nio-8080-exec-2] DEBUG o.s.web.servlet.DispatcherServlet - GET "/api/user/info", parameters={}
2026-01-25 11:00:37.663 [http-nio-8080-exec-7] DEBUG o.s.web.servlet.DispatcherServlet - GET "/api/payment/orders", parameters={}
2026-01-25 11:00:37.663 [http-nio-8080-exec-2] DEBUG o.s.w.s.m.m.a.RequestMappingHandlerMapping - Mapped to com.oxygen.capsule.controller.UserController#getUserInfo(String)
2026-01-25 11:00:37.663 [http-nio-8080-exec-7] DEBUG o.s.w.s.m.m.a.RequestMappingHandlerMapping - Mapped to com.oxygen.capsule.controller.PaymentController#getUserPaymentOrders(String)
2026-01-25 11:00:37.663 [http-nio-8080-exec-2] DEBUG o.s.o.j.s.OpenEntityManagerInViewInterceptor - Opening JPA EntityManager in OpenEntityManagerInViewInterceptor
2026-01-25 11:00:37.663 [http-nio-8080-exec-7] DEBUG o.s.o.j.s.OpenEntityManagerInViewInterceptor - Opening JPA EntityManager in OpenEntityManagerInViewInterceptor
2026-01-25 11:00:37.665 [http-nio-8080-exec-2] DEBUG o.s.orm.jpa.JpaTransactionManager - Found thread-bound EntityManager [SessionImpl(342525139<open>)] for JPA transaction
2026-01-25 11:00:37.665 [http-nio-8080-exec-2] DEBUG o.s.orm.jpa.JpaTransactionManager - Creating new transaction with name [org.springframework.data.jpa.repository.support.SimpleJpaRepository.findById]: PROPAGATION_REQUIRED,ISOLATION_DEFAULT,readOnly
2026-01-25 11:00:37.665 [http-nio-8080-exec-4] DEBUG o.s.web.servlet.DispatcherServlet - GET "/api/booking/orders", parameters={}
2026-01-25 11:00:37.665 [http-nio-8080-exec-4] DEBUG o.s.w.s.m.m.a.RequestMappingHandlerMapping - Mapped to com.oxygen.capsule.controller.BookingController#getUserOrders(String)
2026-01-25 11:00:37.665 [http-nio-8080-exec-2] DEBUG o.s.orm.jpa.JpaTransactionManager - Exposing JPA transaction as JDBC [org.springframework.orm.jpa.vendor.HibernateJpaDialect$HibernateConnectionHandle@274560db]
2026-01-25 11:00:37.665 [http-nio-8080-exec-4] DEBUG o.s.o.j.s.OpenEntityManagerInViewInterceptor - Opening JPA EntityManager in OpenEntityManagerInViewInterceptor
2026-01-25 11:00:37.666 [http-nio-8080-exec-2] DEBUG o.s.orm.jpa.JpaTransactionManager - Initiating transaction commit
2026-01-25 11:00:37.666 [http-nio-8080-exec-2] DEBUG o.s.orm.jpa.JpaTransactionManager - Committing JPA transaction on EntityManager [SessionImpl(342525139<open>)]
2026-01-25 11:00:37.666 [http-nio-8080-exec-4] DEBUG o.s.orm.jpa.JpaTransactionManager - Found thread-bound EntityManager [SessionImpl(1105424635<open>)] for JPA transaction
2026-01-25 11:00:37.667 [http-nio-8080-exec-4] DEBUG o.s.orm.jpa.JpaTransactionManager - Creating new transaction with name [org.springframework.data.jpa.repository.support.SimpleJpaRepository.findById]: PROPAGATION_REQUIRED,ISOLATION_DEFAULT,readOnly
2026-01-25 11:00:37.667 [http-nio-8080-exec-2] DEBUG o.s.orm.jpa.JpaTransactionManager - Not closing pre-bound JPA EntityManager after transaction
2026-01-25 11:00:37.667 [http-nio-8080-exec-4] DEBUG o.s.orm.jpa.JpaTransactionManager - Exposing JPA transaction as JDBC [org.springframework.orm.jpa.vendor.HibernateJpaDialect$HibernateConnectionHandle@15e971cc]
2026-01-25 11:00:37.667 [http-nio-8080-exec-7] DEBUG o.s.orm.jpa.JpaTransactionManager - Found thread-bound EntityManager [SessionImpl(1400308448<open>)] for JPA transaction
2026-01-25 11:00:37.667 [http-nio-8080-exec-7] DEBUG o.s.orm.jpa.JpaTransactionManager - Creating new transaction with name [org.springframework.data.jpa.repository.support.SimpleJpaRepository.findById]: PROPAGATION_REQUIRED,ISOLATION_DEFAULT,readOnly
2026-01-25 11:00:37.668 [http-nio-8080-exec-7] DEBUG o.s.orm.jpa.JpaTransactionManager - Exposing JPA transaction as JDBC [org.springframework.orm.jpa.vendor.HibernateJpaDialect$HibernateConnectionHandle@677ac47b]
2026-01-25 11:00:37.668 [http-nio-8080-exec-4] DEBUG o.s.orm.jpa.JpaTransactionManager - Initiating transaction commit
2026-01-25 11:00:37.668 [http-nio-8080-exec-4] DEBUG o.s.orm.jpa.JpaTransactionManager - Committing JPA transaction on EntityManager [SessionImpl(1105424635<open>)]
2026-01-25 11:00:37.668 [http-nio-8080-exec-4] DEBUG o.s.orm.jpa.JpaTransactionManager - Not closing pre-bound JPA EntityManager after transaction
2026-01-25 11:00:37.668 [http-nio-8080-exec-2] DEBUG o.s.w.s.m.m.a.RequestResponseBodyMethodProcessor - Using 'application/json', given [*/*] and supported [application/json, application/*+json]
2026-01-25 11:00:37.669 [http-nio-8080-exec-2] DEBUG o.s.w.s.m.m.a.RequestResponseBodyMethodProcessor - Writing [Result(code=200, message=success, data={totalVisits=0, remainingVisits=100, memberExpireTime=2035-09 (truncated)...]
2026-01-25 11:00:37.669 [http-nio-8080-exec-7] DEBUG o.s.orm.jpa.JpaTransactionManager - Initiating transaction commit
2026-01-25 11:00:37.669 [http-nio-8080-exec-7] DEBUG o.s.orm.jpa.JpaTransactionManager - Committing JPA transaction on EntityManager [SessionImpl(1400308448<open>)]
2026-01-25 11:00:37.669 [http-nio-8080-exec-2] DEBUG o.s.o.j.s.OpenEntityManagerInViewInterceptor - Closing JPA EntityManager in OpenEntityManagerInViewInterceptor
2026-01-25 11:00:37.669 [http-nio-8080-exec-7] DEBUG o.s.orm.jpa.JpaTransactionManager - Not closing pre-bound JPA EntityManager after transaction
2026-01-25 11:00:37.669 [http-nio-8080-exec-2] DEBUG o.s.web.servlet.DispatcherServlet - Completed 200 OK
2026-01-25 11:00:37.669 [http-nio-8080-exec-7] DEBUG o.s.w.s.m.m.a.RequestResponseBodyMethodProcessor - Using 'application/json', given [*/*] and supported [application/json, application/*+json]
2026-01-25 11:00:37.670 [http-nio-8080-exec-7] DEBUG o.s.w.s.m.m.a.RequestResponseBodyMethodProcessor - Writing [Result(code=200, message=success, data=[{packageCategory=个人畅享, cardEndDate=2026-02-24T00:00, orderNo (truncated)...]
2026-01-25 11:00:37.670 [http-nio-8080-exec-7] DEBUG o.s.o.j.s.OpenEntityManagerInViewInterceptor - Closing JPA EntityManager in OpenEntityManagerInViewInterceptor
2026-01-25 11:00:37.670 [http-nio-8080-exec-4] DEBUG o.s.w.s.m.m.a.RequestResponseBodyMethodProcessor - Using 'application/json', given [*/*] and supported [application/json, application/*+json]
2026-01-25 11:00:37.671 [http-nio-8080-exec-7] DEBUG o.s.web.servlet.DispatcherServlet - Completed 200 OK
2026-01-25 11:00:37.671 [http-nio-8080-exec-4] DEBUG o.s.w.s.m.m.a.RequestResponseBodyMethodProcessor - Writing [Result(code=200, message=success, data=[])]
2026-01-25 11:00:37.671 [http-nio-8080-exec-4] DEBUG o.s.o.j.s.OpenEntityManagerInViewInterceptor - Closing JPA EntityManager in OpenEntityManagerInViewInterceptor
2026-01-25 11:00:37.671 [http-nio-8080-exec-4] DEBUG o.s.web.servlet.DispatcherServlet - Completed 200 OK
2026-01-25 11:00:37.671 [http-nio-8080-exec-4] DEBUG o.s.web.servlet.DispatcherServlet - GET "/api/user/info", parameters={}
2026-01-25 11:00:37.672 [http-nio-8080-exec-4] DEBUG o.s.w.s.m.m.a.RequestMappingHandlerMapping - Mapped to com.oxygen.capsule.controller.UserController#getUserInfo(String)
2026-01-25 11:00:37.672 [http-nio-8080-exec-4] DEBUG o.s.o.j.s.OpenEntityManagerInViewInterceptor - Opening JPA EntityManager in OpenEntityManagerInViewInterceptor
2026-01-25 11:00:37.673 [http-nio-8080-exec-10] DEBUG o.s.web.servlet.DispatcherServlet - GET "/api/payment/orders", parameters={}
2026-01-25 11:00:37.673 [http-nio-8080-exec-10] DEBUG o.s.w.s.m.m.a.RequestMappingHandlerMapping - Mapped to com.oxygen.capsule.controller.PaymentController#getUserPaymentOrders(String)
2026-01-25 11:00:37.673 [http-nio-8080-exec-10] DEBUG o.s.o.j.s.OpenEntityManagerInViewInterceptor - Opening JPA EntityManager in OpenEntityManagerInViewInterceptor
2026-01-25 11:00:37.674 [http-nio-8080-exec-9] DEBUG o.s.web.servlet.DispatcherServlet - GET "/api/booking/orders", parameters={}
2026-01-25 11:00:37.674 [http-nio-8080-exec-9] DEBUG o.s.w.s.m.m.a.RequestMappingHandlerMapping - Mapped to com.oxygen.capsule.controller.BookingController#getUserOrders(String)
2026-01-25 11:00:37.674 [http-nio-8080-exec-9] DEBUG o.s.o.j.s.OpenEntityManagerInViewInterceptor - Opening JPA EntityManager in OpenEntityManagerInViewInterceptor
2026-01-25 11:00:37.674 [http-nio-8080-exec-4] DEBUG o.s.orm.jpa.JpaTransactionManager - Found thread-bound EntityManager [SessionImpl(1623117086<open>)] for JPA transaction
2026-01-25 11:00:37.674 [http-nio-8080-exec-4] DEBUG o.s.orm.jpa.JpaTransactionManager - Creating new transaction with name [org.springframework.data.jpa.repository.support.SimpleJpaRepository.findById]: PROPAGATION_REQUIRED,ISOLATION_DEFAULT,readOnly
2026-01-25 11:00:37.674 [http-nio-8080-exec-9] DEBUG o.s.orm.jpa.JpaTransactionManager - Found thread-bound EntityManager [SessionImpl(1788262431<open>)] for JPA transaction
2026-01-25 11:00:37.674 [http-nio-8080-exec-4] DEBUG o.s.orm.jpa.JpaTransactionManager - Exposing JPA transaction as JDBC [org.springframework.orm.jpa.vendor.HibernateJpaDialect$HibernateConnectionHandle@1fe984ca]
2026-01-25 11:00:37.674 [http-nio-8080-exec-9] DEBUG o.s.orm.jpa.JpaTransactionManager - Creating new transaction with name [org.springframework.data.jpa.repository.support.SimpleJpaRepository.findById]: PROPAGATION_REQUIRED,ISOLATION_DEFAULT,readOnly
2026-01-25 11:00:37.675 [http-nio-8080-exec-9] DEBUG o.s.orm.jpa.JpaTransactionManager - Exposing JPA transaction as JDBC [org.springframework.orm.jpa.vendor.HibernateJpaDialect$HibernateConnectionHandle@7085fb3]
2026-01-25 11:00:37.676 [http-nio-8080-exec-4] DEBUG o.s.orm.jpa.JpaTransactionManager - Initiating transaction commit
2026-01-25 11:00:37.676 [http-nio-8080-exec-4] DEBUG o.s.orm.jpa.JpaTransactionManager - Committing JPA transaction on EntityManager [SessionImpl(1623117086<open>)]
2026-01-25 11:00:37.676 [http-nio-8080-exec-9] DEBUG o.s.orm.jpa.JpaTransactionManager - Initiating transaction commit
2026-01-25 11:00:37.676 [http-nio-8080-exec-9] DEBUG o.s.orm.jpa.JpaTransactionManager - Committing JPA transaction on EntityManager [SessionImpl(1788262431<open>)]
2026-01-25 11:00:37.676 [http-nio-8080-exec-9] DEBUG o.s.orm.jpa.JpaTransactionManager - Not closing pre-bound JPA EntityManager after transaction
2026-01-25 11:00:37.676 [http-nio-8080-exec-4] DEBUG o.s.orm.jpa.JpaTransactionManager - Not closing pre-bound JPA EntityManager after transaction
2026-01-25 11:00:37.676 [http-nio-8080-exec-10] DEBUG o.s.orm.jpa.JpaTransactionManager - Found thread-bound EntityManager [SessionImpl(1765643774<open>)] for JPA transaction
2026-01-25 11:00:37.676 [http-nio-8080-exec-10] DEBUG o.s.orm.jpa.JpaTransactionManager - Creating new transaction with name [org.springframework.data.jpa.repository.support.SimpleJpaRepository.findById]: PROPAGATION_REQUIRED,ISOLATION_DEFAULT,readOnly
2026-01-25 11:00:37.677 [http-nio-8080-exec-10] DEBUG o.s.orm.jpa.JpaTransactionManager - Exposing JPA transaction as JDBC [org.springframework.orm.jpa.vendor.HibernateJpaDialect$HibernateConnectionHandle@177870d4]
2026-01-25 11:00:37.678 [http-nio-8080-exec-10] DEBUG o.s.orm.jpa.JpaTransactionManager - Initiating transaction commit
2026-01-25 11:00:37.678 [http-nio-8080-exec-10] DEBUG o.s.orm.jpa.JpaTransactionManager - Committing JPA transaction on EntityManager [SessionImpl(1765643774<open>)]
2026-01-25 11:00:37.678 [http-nio-8080-exec-9] DEBUG o.s.w.s.m.m.a.RequestResponseBodyMethodProcessor - Using 'application/json', given [*/*] and supported [application/json, application/*+json]
2026-01-25 11:00:37.678 [http-nio-8080-exec-4] DEBUG o.s.w.s.m.m.a.RequestResponseBodyMethodProcessor - Using 'application/json', given [*/*] and supported [application/json, application/*+json]
2026-01-25 11:00:37.678 [http-nio-8080-exec-9] DEBUG o.s.w.s.m.m.a.RequestResponseBodyMethodProcessor - Writing [Result(code=200, message=success, data=[])]
2026-01-25 11:00:37.678 [http-nio-8080-exec-4] DEBUG o.s.w.s.m.m.a.RequestResponseBodyMethodProcessor - Writing [Result(code=200, message=success, data={totalVisits=0, remainingVisits=100, memberExpireTime=2035-09 (truncated)...]
2026-01-25 11:00:37.678 [http-nio-8080-exec-10] DEBUG o.s.orm.jpa.JpaTransactionManager - Not closing pre-bound JPA EntityManager after transaction
2026-01-25 11:00:37.678 [http-nio-8080-exec-10] DEBUG o.s.w.s.m.m.a.RequestResponseBodyMethodProcessor - Using 'application/json', given [*/*] and supported [application/json, application/*+json]
2026-01-25 11:00:37.678 [http-nio-8080-exec-4] DEBUG o.s.o.j.s.OpenEntityManagerInViewInterceptor - Closing JPA EntityManager in OpenEntityManagerInViewInterceptor
2026-01-25 11:00:37.678 [http-nio-8080-exec-9] DEBUG o.s.o.j.s.OpenEntityManagerInViewInterceptor - Closing JPA EntityManager in OpenEntityManagerInViewInterceptor
2026-01-25 11:00:37.678 [http-nio-8080-exec-10] DEBUG o.s.w.s.m.m.a.RequestResponseBodyMethodProcessor - Writing [Result(code=200, message=success, data=[{packageCategory=个人畅享, cardEndDate=2026-02-24T00:00, orderNo (truncated)...]
2026-01-25 11:00:37.678 [http-nio-8080-exec-4] DEBUG o.s.web.servlet.DispatcherServlet - Completed 200 OK
2026-01-25 11:00:37.678 [http-nio-8080-exec-9] DEBUG o.s.web.servlet.DispatcherServlet - Completed 200 OK
2026-01-25 11:00:37.679 [http-nio-8080-exec-10] DEBUG o.s.o.j.s.OpenEntityManagerInViewInterceptor - Closing JPA EntityManager in OpenEntityManagerInViewInterceptor
2026-01-25 11:00:37.679 [http-nio-8080-exec-10] DEBUG o.s.web.servlet.DispatcherServlet - Completed 200 OK
2026-01-25 11:00:37.684 [http-nio-8080-exec-1] DEBUG o.s.web.servlet.DispatcherServlet - GET "/api/user/info", parameters={}
2026-01-25 11:00:37.684 [http-nio-8080-exec-1] DEBUG o.s.w.s.m.m.a.RequestMappingHandlerMapping - Mapped to com.oxygen.capsule.controller.UserController#getUserInfo(String)
2026-01-25 11:00:37.684 [http-nio-8080-exec-1] DEBUG o.s.o.j.s.OpenEntityManagerInViewInterceptor - Opening JPA EntityManager in OpenEntityManagerInViewInterceptor
2026-01-25 11:00:37.686 [http-nio-8080-exec-1] DEBUG o.s.orm.jpa.JpaTransactionManager - Found thread-bound EntityManager [SessionImpl(1747377099<open>)] for JPA transaction
2026-01-25 11:00:37.686 [http-nio-8080-exec-1] DEBUG o.s.orm.jpa.JpaTransactionManager - Creating new transaction with name [org.springframework.data.jpa.repository.support.SimpleJpaRepository.findById]: PROPAGATION_REQUIRED,ISOLATION_DEFAULT,readOnly
2026-01-25 11:00:37.687 [http-nio-8080-exec-1] DEBUG o.s.orm.jpa.JpaTransactionManager - Exposing JPA transaction as JDBC [org.springframework.orm.jpa.vendor.HibernateJpaDialect$HibernateConnectionHandle@1885b397]
2026-01-25 11:00:37.688 [http-nio-8080-exec-1] DEBUG o.s.orm.jpa.JpaTransactionManager - Initiating transaction commit
2026-01-25 11:00:37.688 [http-nio-8080-exec-1] DEBUG o.s.orm.jpa.JpaTransactionManager - Committing JPA transaction on EntityManager [SessionImpl(1747377099<open>)]
2026-01-25 11:00:37.689 [http-nio-8080-exec-1] DEBUG o.s.orm.jpa.JpaTransactionManager - Not closing pre-bound JPA EntityManager after transaction
2026-01-25 11:00:37.691 [http-nio-8080-exec-1] DEBUG o.s.w.s.m.m.a.RequestResponseBodyMethodProcessor - Using 'application/json', given [*/*] and supported [application/json, application/*+json]
2026-01-25 11:00:37.691 [http-nio-8080-exec-1] DEBUG o.s.w.s.m.m.a.RequestResponseBodyMethodProcessor - Writing [Result(code=200, message=success, data={totalVisits=0, remainingVisits=100, memberExpireTime=2035-09 (truncated)...]
2026-01-25 11:00:37.692 [http-nio-8080-exec-1] DEBUG o.s.o.j.s.OpenEntityManagerInViewInterceptor - Closing JPA EntityManager in OpenEntityManagerInViewInterceptor
2026-01-25 11:00:37.692 [http-nio-8080-exec-1] DEBUG o.s.web.servlet.DispatcherServlet - Completed 200 OK
2026-01-25 11:00:37.693 [http-nio-8080-exec-5] DEBUG o.s.web.servlet.DispatcherServlet - GET "/api/user/info", parameters={}
2026-01-25 11:00:37.693 [http-nio-8080-exec-5] DEBUG o.s.w.s.m.m.a.RequestMappingHandlerMapping - Mapped to com.oxygen.capsule.controller.UserController#getUserInfo(String)
2026-01-25 11:00:37.693 [http-nio-8080-exec-5] DEBUG o.s.o.j.s.OpenEntityManagerInViewInterceptor - Opening JPA EntityManager in OpenEntityManagerInViewInterceptor
2026-01-25 11:00:37.695 [http-nio-8080-exec-5] DEBUG o.s.orm.jpa.JpaTransactionManager - Found thread-bound EntityManager [SessionImpl(280450727<open>)] for JPA transaction
2026-01-25 11:00:37.695 [http-nio-8080-exec-5] DEBUG o.s.orm.jpa.JpaTransactionManager - Creating new transaction with name [org.springframework.data.jpa.repository.support.SimpleJpaRepository.findById]: PROPAGATION_REQUIRED,ISOLATION_DEFAULT,readOnly
2026-01-25 11:00:37.695 [http-nio-8080-exec-5] DEBUG o.s.orm.jpa.JpaTransactionManager - Exposing JPA transaction as JDBC [org.springframework.orm.jpa.vendor.HibernateJpaDialect$HibernateConnectionHandle@5dff77fa]
2026-01-25 11:00:37.696 [http-nio-8080-exec-5] DEBUG o.s.orm.jpa.JpaTransactionManager - Initiating transaction commit
2026-01-25 11:00:37.696 [http-nio-8080-exec-5] DEBUG o.s.orm.jpa.JpaTransactionManager - Committing JPA transaction on EntityManager [SessionImpl(280450727<open>)]
2026-01-25 11:00:37.696 [http-nio-8080-exec-5] DEBUG o.s.orm.jpa.JpaTransactionManager - Not closing pre-bound JPA EntityManager after transaction
2026-01-25 11:00:37.698 [http-nio-8080-exec-5] DEBUG o.s.w.s.m.m.a.RequestResponseBodyMethodProcessor - Using 'application/json', given [*/*] and supported [application/json, application/*+json]
2026-01-25 11:00:37.698 [http-nio-8080-exec-5] DEBUG o.s.w.s.m.m.a.RequestResponseBodyMethodProcessor - Writing [Result(code=200, message=success, data={totalVisits=0, remainingVisits=100, memberExpireTime=2035-09 (truncated)...]
2026-01-25 11:00:37.698 [http-nio-8080-exec-5] DEBUG o.s.o.j.s.OpenEntityManagerInViewInterceptor - Closing JPA EntityManager in OpenEntityManagerInViewInterceptor
2026-01-25 11:00:37.698 [http-nio-8080-exec-5] DEBUG o.s.web.servlet.DispatcherServlet - Completed 200 OK
2026-01-25 11:00:46.172 [http-nio-8080-exec-6] DEBUG o.s.web.servlet.DispatcherServlet - GET "/api/packages/category?category=%E4%B8%AA%E4%BA%BA%E7%95%85%E4%BA%AB", parameters={masked}
2026-01-25 11:00:46.174 [http-nio-8080-exec-6] DEBUG o.s.w.s.m.m.a.RequestMappingHandlerMapping - Mapped to com.oxygen.capsule.controller.MemberPackageController#getPackagesByCategoryParam(String)
2026-01-25 11:00:46.174 [http-nio-8080-exec-6] DEBUG o.s.o.j.s.OpenEntityManagerInViewInterceptor - Opening JPA EntityManager in OpenEntityManagerInViewInterceptor
2026-01-25 11:00:46.184 [http-nio-8080-exec-6] DEBUG o.s.w.s.m.m.a.RequestResponseBodyMethodProcessor - Using 'application/json', given [*/*] and supported [application/json, application/*+json]
2026-01-25 11:00:46.184 [http-nio-8080-exec-6] DEBUG o.s.w.s.m.m.a.RequestResponseBodyMethodProcessor - Writing [Result(code=200, message=success, data=[MemberPackage(id=1, code=MONTHLY, name=月卡, price=3980.0, peo (truncated)...]
2026-01-25 11:00:46.185 [http-nio-8080-exec-6] DEBUG o.s.o.j.s.OpenEntityManagerInViewInterceptor - Closing JPA EntityManager in OpenEntityManagerInViewInterceptor
2026-01-25 11:00:46.186 [http-nio-8080-exec-6] DEBUG o.s.web.servlet.DispatcherServlet - Completed 200 OK
2026-01-25 11:00:46.187 [http-nio-8080-exec-3] DEBUG o.s.web.servlet.DispatcherServlet - GET "/api/packages/category?category=%E4%B8%AA%E4%BA%BA%E7%95%85%E4%BA%AB", parameters={masked}
2026-01-25 11:00:46.187 [http-nio-8080-exec-3] DEBUG o.s.w.s.m.m.a.RequestMappingHandlerMapping - Mapped to com.oxygen.capsule.controller.MemberPackageController#getPackagesByCategoryParam(String)
2026-01-25 11:00:46.188 [http-nio-8080-exec-3] DEBUG o.s.o.j.s.OpenEntityManagerInViewInterceptor - Opening JPA EntityManager in OpenEntityManagerInViewInterceptor
2026-01-25 11:00:46.190 [http-nio-8080-exec-3] DEBUG o.s.w.s.m.m.a.RequestResponseBodyMethodProcessor - Using 'application/json', given [*/*] and supported [application/json, application/*+json]
2026-01-25 11:00:46.191 [http-nio-8080-exec-3] DEBUG o.s.w.s.m.m.a.RequestResponseBodyMethodProcessor - Writing [Result(code=200, message=success, data=[MemberPackage(id=1, code=MONTHLY, name=月卡, price=3980.0, peo (truncated)...]
2026-01-25 11:00:46.191 [http-nio-8080-exec-3] DEBUG o.s.o.j.s.OpenEntityManagerInViewInterceptor - Closing JPA EntityManager in OpenEntityManagerInViewInterceptor
2026-01-25 11:00:46.191 [http-nio-8080-exec-3] DEBUG o.s.web.servlet.DispatcherServlet - Completed 200 OK
2026-01-25 11:00:48.041 [http-nio-8080-exec-2] DEBUG o.s.web.servlet.DispatcherServlet - GET "/api/packages/category?category=%E5%A4%9A%E4%BA%BA%E5%B0%8A%E4%BA%AB", parameters={masked}
2026-01-25 11:00:48.041 [http-nio-8080-exec-2] DEBUG o.s.w.s.m.m.a.RequestMappingHandlerMapping - Mapped to com.oxygen.capsule.controller.MemberPackageController#getPackagesByCategoryParam(String)
2026-01-25 11:00:48.042 [http-nio-8080-exec-2] DEBUG o.s.o.j.s.OpenEntityManagerInViewInterceptor - Opening JPA EntityManager in OpenEntityManagerInViewInterceptor
2026-01-25 11:00:48.046 [http-nio-8080-exec-2] DEBUG o.s.w.s.m.m.a.RequestResponseBodyMethodProcessor - Using 'application/json', given [*/*] and supported [application/json, application/*+json]
2026-01-25 11:00:48.046 [http-nio-8080-exec-2] DEBUG o.s.w.s.m.m.a.RequestResponseBodyMethodProcessor - Writing [Result(code=200, message=success, data=[MemberPackage(id=5, code=TWO_PEOPLE_HALF_YEAR, name=2人半年卡, p (truncated)...]
2026-01-25 11:00:48.047 [http-nio-8080-exec-2] DEBUG o.s.o.j.s.OpenEntityManagerInViewInterceptor - Closing JPA EntityManager in OpenEntityManagerInViewInterceptor
2026-01-25 11:00:48.047 [http-nio-8080-exec-2] DEBUG o.s.web.servlet.DispatcherServlet - Completed 200 OK
2026-01-25 11:00:49.299 [http-nio-8080-exec-7] DEBUG o.s.web.servlet.DispatcherServlet - GET "/api/payment/orders", parameters={}
2026-01-25 11:00:49.300 [http-nio-8080-exec-7] DEBUG o.s.w.s.m.m.a.RequestMappingHandlerMapping - Mapped to com.oxygen.capsule.controller.PaymentController#getUserPaymentOrders(String)
2026-01-25 11:00:49.300 [http-nio-8080-exec-7] DEBUG o.s.o.j.s.OpenEntityManagerInViewInterceptor - Opening JPA EntityManager in OpenEntityManagerInViewInterceptor
2026-01-25 11:00:49.309 [http-nio-8080-exec-7] DEBUG o.s.orm.jpa.JpaTransactionManager - Found thread-bound EntityManager [SessionImpl(114472764<open>)] for JPA transaction
2026-01-25 11:00:49.309 [http-nio-8080-exec-7] DEBUG o.s.orm.jpa.JpaTransactionManager - Creating new transaction with name [org.springframework.data.jpa.repository.support.SimpleJpaRepository.findById]: PROPAGATION_REQUIRED,ISOLATION_DEFAULT,readOnly
2026-01-25 11:00:49.309 [http-nio-8080-exec-7] DEBUG o.s.orm.jpa.JpaTransactionManager - Exposing JPA transaction as JDBC [org.springframework.orm.jpa.vendor.HibernateJpaDialect$HibernateConnectionHandle@1679684e]
2026-01-25 11:00:49.311 [http-nio-8080-exec-7] DEBUG o.s.orm.jpa.JpaTransactionManager - Initiating transaction commit
2026-01-25 11:00:49.311 [http-nio-8080-exec-7] DEBUG o.s.orm.jpa.JpaTransactionManager - Committing JPA transaction on EntityManager [SessionImpl(114472764<open>)]
2026-01-25 11:00:49.312 [http-nio-8080-exec-7] DEBUG o.s.orm.jpa.JpaTransactionManager - Not closing pre-bound JPA EntityManager after transaction
2026-01-25 11:00:49.312 [http-nio-8080-exec-7] DEBUG o.s.w.s.m.m.a.RequestResponseBodyMethodProcessor - Using 'application/json', given [*/*] and supported [application/json, application/*+json]
2026-01-25 11:00:49.312 [http-nio-8080-exec-7] DEBUG o.s.w.s.m.m.a.RequestResponseBodyMethodProcessor - Writing [Result(code=200, message=success, data=[{packageCategory=个人畅享, cardEndDate=2026-02-24T00:00, orderNo (truncated)...]
2026-01-25 11:00:49.313 [http-nio-8080-exec-7] DEBUG o.s.o.j.s.OpenEntityManagerInViewInterceptor - Closing JPA EntityManager in OpenEntityManagerInViewInterceptor
2026-01-25 11:00:49.313 [http-nio-8080-exec-7] DEBUG o.s.web.servlet.DispatcherServlet - Completed 200 OK
2026-01-25 11:00:49.337 [http-nio-8080-exec-8] DEBUG o.s.web.servlet.DispatcherServlet - GET "/api/user/info", parameters={}
2026-01-25 11:00:49.337 [http-nio-8080-exec-8] DEBUG o.s.w.s.m.m.a.RequestMappingHandlerMapping - Mapped to com.oxygen.capsule.controller.UserController#getUserInfo(String)
2026-01-25 11:00:49.337 [http-nio-8080-exec-8] DEBUG o.s.o.j.s.OpenEntityManagerInViewInterceptor - Opening JPA EntityManager in OpenEntityManagerInViewInterceptor
2026-01-25 11:00:49.339 [http-nio-8080-exec-8] DEBUG o.s.orm.jpa.JpaTransactionManager - Found thread-bound EntityManager [SessionImpl(1249510234<open>)] for JPA transaction
2026-01-25 11:00:49.339 [http-nio-8080-exec-8] DEBUG o.s.orm.jpa.JpaTransactionManager - Creating new transaction with name [org.springframework.data.jpa.repository.support.SimpleJpaRepository.findById]: PROPAGATION_REQUIRED,ISOLATION_DEFAULT,readOnly
2026-01-25 11:00:49.339 [http-nio-8080-exec-8] DEBUG o.s.orm.jpa.JpaTransactionManager - Exposing JPA transaction as JDBC [org.springframework.orm.jpa.vendor.HibernateJpaDialect$HibernateConnectionHandle@3b7a997b]
2026-01-25 11:00:49.341 [http-nio-8080-exec-8] DEBUG o.s.orm.jpa.JpaTransactionManager - Initiating transaction commit
2026-01-25 11:00:49.341 [http-nio-8080-exec-8] DEBUG o.s.orm.jpa.JpaTransactionManager - Committing JPA transaction on EntityManager [SessionImpl(1249510234<open>)]
2026-01-25 11:00:49.341 [http-nio-8080-exec-8] DEBUG o.s.orm.jpa.JpaTransactionManager - Not closing pre-bound JPA EntityManager after transaction
2026-01-25 11:00:49.344 [http-nio-8080-exec-8] DEBUG o.s.w.s.m.m.a.RequestResponseBodyMethodProcessor - Using 'application/json', given [*/*] and supported [application/json, application/*+json]
2026-01-25 11:00:49.344 [http-nio-8080-exec-8] DEBUG o.s.w.s.m.m.a.RequestResponseBodyMethodProcessor - Writing [Result(code=200, message=success, data={totalVisits=0, remainingVisits=100, memberExpireTime=2035-09 (truncated)...]
2026-01-25 11:00:49.344 [http-nio-8080-exec-8] DEBUG o.s.o.j.s.OpenEntityManagerInViewInterceptor - Closing JPA EntityManager in OpenEntityManagerInViewInterceptor
2026-01-25 11:00:49.345 [http-nio-8080-exec-8] DEBUG o.s.web.servlet.DispatcherServlet - Completed 200 OK
2026-01-25 11:00:49.362 [http-nio-8080-exec-4] DEBUG o.s.web.servlet.DispatcherServlet - GET "/api/staff/active-list", parameters={}
2026-01-25 11:00:49.362 [http-nio-8080-exec-4] DEBUG o.s.w.s.m.m.a.RequestMappingHandlerMapping - Mapped to com.oxygen.capsule.controller.StaffController#getActiveStaffs()
2026-01-25 11:00:49.363 [http-nio-8080-exec-4] DEBUG o.s.o.j.s.OpenEntityManagerInViewInterceptor - Opening JPA EntityManager in OpenEntityManagerInViewInterceptor
2026-01-25 11:00:49.366 [http-nio-8080-exec-4] DEBUG o.s.w.s.m.m.a.RequestResponseBodyMethodProcessor - Using 'application/json', given [*/*] and supported [application/json, application/*+json]
2026-01-25 11:00:49.366 [http-nio-8080-exec-4] DEBUG o.s.w.s.m.m.a.RequestResponseBodyMethodProcessor - Writing [Result(code=200, message=success, data=[{phone=18680815221, name=员工, id=2}])]
2026-01-25 11:00:49.367 [http-nio-8080-exec-4] DEBUG o.s.o.j.s.OpenEntityManagerInViewInterceptor - Closing JPA EntityManager in OpenEntityManagerInViewInterceptor
2026-01-25 11:00:49.367 [http-nio-8080-exec-4] DEBUG o.s.web.servlet.DispatcherServlet - Completed 200 OK
2026-01-25 11:00:51.926 [http-nio-8080-exec-9] DEBUG o.s.web.servlet.DispatcherServlet - POST "/api/payment/create-package-order", parameters={}
2026-01-25 11:00:51.926 [http-nio-8080-exec-9] DEBUG o.s.w.s.m.m.a.RequestMappingHandlerMapping - Mapped to com.oxygen.capsule.controller.PaymentController#createPackageOrder(String, Map)
2026-01-25 11:00:51.926 [http-nio-8080-exec-9] DEBUG o.s.o.j.s.OpenEntityManagerInViewInterceptor - Opening JPA EntityManager in OpenEntityManagerInViewInterceptor
2026-01-25 11:00:51.927 [http-nio-8080-exec-9] DEBUG o.s.w.s.m.m.a.RequestResponseBodyMethodProcessor - Read "application/json;charset=UTF-8" to [{packageId=5, price=23800, cardStartDate=2035-09-17, staffId=2, staffName=员工}]
2026-01-25 11:00:51.929 [http-nio-8080-exec-9] DEBUG o.s.orm.jpa.JpaTransactionManager - Found thread-bound EntityManager [SessionImpl(1445806918<open>)] for JPA transaction
2026-01-25 11:00:51.929 [http-nio-8080-exec-9] DEBUG o.s.orm.jpa.JpaTransactionManager - Creating new transaction with name [org.springframework.data.jpa.repository.support.SimpleJpaRepository.findById]: PROPAGATION_REQUIRED,ISOLATION_DEFAULT,readOnly
2026-01-25 11:00:51.930 [http-nio-8080-exec-9] DEBUG o.s.orm.jpa.JpaTransactionManager - Exposing JPA transaction as JDBC [org.springframework.orm.jpa.vendor.HibernateJpaDialect$HibernateConnectionHandle@44862fa7]
2026-01-25 11:00:51.932 [http-nio-8080-exec-9] DEBUG o.s.orm.jpa.JpaTransactionManager - Initiating transaction commit
2026-01-25 11:00:51.932 [http-nio-8080-exec-9] DEBUG o.s.orm.jpa.JpaTransactionManager - Committing JPA transaction on EntityManager [SessionImpl(1445806918<open>)]
2026-01-25 11:00:51.932 [http-nio-8080-exec-9] DEBUG o.s.orm.jpa.JpaTransactionManager - Not closing pre-bound JPA EntityManager after transaction
2026-01-25 11:00:51.932 [http-nio-8080-exec-9] DEBUG o.s.orm.jpa.JpaTransactionManager - Found thread-bound EntityManager [SessionImpl(1445806918<open>)] for JPA transaction
2026-01-25 11:00:51.932 [http-nio-8080-exec-9] DEBUG o.s.orm.jpa.JpaTransactionManager - Creating new transaction with name [org.springframework.data.jpa.repository.support.SimpleJpaRepository.findById]: PROPAGATION_REQUIRED,ISOLATION_DEFAULT,readOnly
2026-01-25 11:00:51.932 [http-nio-8080-exec-9] DEBUG o.s.orm.jpa.JpaTransactionManager - Exposing JPA transaction as JDBC [org.springframework.orm.jpa.vendor.HibernateJpaDialect$HibernateConnectionHandle@33f1978c]
2026-01-25 11:00:51.933 [http-nio-8080-exec-9] DEBUG o.s.orm.jpa.JpaTransactionManager - Initiating transaction commit
2026-01-25 11:00:51.934 [http-nio-8080-exec-9] DEBUG o.s.orm.jpa.JpaTransactionManager - Committing JPA transaction on EntityManager [SessionImpl(1445806918<open>)]
2026-01-25 11:00:51.934 [http-nio-8080-exec-9] DEBUG o.s.orm.jpa.JpaTransactionManager - Not closing pre-bound JPA EntityManager after transaction
2026-01-25 11:00:51.937 [http-nio-8080-exec-9] DEBUG o.s.orm.jpa.JpaTransactionManager - Found thread-bound EntityManager [SessionImpl(1445806918<open>)] for JPA transaction
2026-01-25 11:00:51.937 [http-nio-8080-exec-9] DEBUG o.s.orm.jpa.JpaTransactionManager - Creating new transaction with name [org.springframework.data.jpa.repository.support.SimpleJpaRepository.save]: PROPAGATION_REQUIRED,ISOLATION_DEFAULT
2026-01-25 11:00:51.937 [http-nio-8080-exec-9] DEBUG o.s.orm.jpa.JpaTransactionManager - Exposing JPA transaction as JDBC [org.springframework.orm.jpa.vendor.HibernateJpaDialect$HibernateConnectionHandle@2dd12182]
2026-01-25 11:00:51.941 [http-nio-8080-exec-9] DEBUG o.s.orm.jpa.JpaTransactionManager - Initiating transaction commit
2026-01-25 11:00:51.941 [http-nio-8080-exec-9] DEBUG o.s.orm.jpa.JpaTransactionManager - Committing JPA transaction on EntityManager [SessionImpl(1445806918<open>)]
2026-01-25 11:00:51.942 [http-nio-8080-exec-9] DEBUG o.s.orm.jpa.JpaTransactionManager - Not closing pre-bound JPA EntityManager after transaction
2026-01-25 11:00:51.943 [http-nio-8080-exec-9] DEBUG o.s.w.s.m.m.a.RequestResponseBodyMethodProcessor - Using 'application/json', given [*/*] and supported [application/json, application/*+json]
2026-01-25 11:00:51.943 [http-nio-8080-exec-9] DEBUG o.s.w.s.m.m.a.RequestResponseBodyMethodProcessor - Writing [Result(code=200, message=订单创建成功, data={transactionType=RENEW, cardEndDate=2036-03-15T00:00, orderNo= (truncated)...]
2026-01-25 11:00:51.944 [http-nio-8080-exec-9] DEBUG o.s.o.j.s.OpenEntityManagerInViewInterceptor - Closing JPA EntityManager in OpenEntityManagerInViewInterceptor
2026-01-25 11:00:51.944 [http-nio-8080-exec-9] DEBUG o.s.web.servlet.DispatcherServlet - Completed 200 OK
2026-01-25 11:00:51.952 [http-nio-8080-exec-10] DEBUG o.s.web.servlet.DispatcherServlet - POST "/api/payment/wechat-pay/21", parameters={}
2026-01-25 11:00:51.952 [http-nio-8080-exec-10] DEBUG o.s.w.s.m.m.a.RequestMappingHandlerMapping - Mapped to com.oxygen.capsule.controller.PaymentController#getWechatPayParams(String, Long)
2026-01-25 11:00:51.952 [http-nio-8080-exec-10] DEBUG o.s.o.j.s.OpenEntityManagerInViewInterceptor - Opening JPA EntityManager in OpenEntityManagerInViewInterceptor
2026-01-25 11:00:51.954 [http-nio-8080-exec-10] DEBUG o.s.orm.jpa.JpaTransactionManager - Found thread-bound EntityManager [SessionImpl(1999514985<open>)] for JPA transaction
2026-01-25 11:00:51.954 [http-nio-8080-exec-10] DEBUG o.s.orm.jpa.JpaTransactionManager - Creating new transaction with name [org.springframework.data.jpa.repository.support.SimpleJpaRepository.findById]: PROPAGATION_REQUIRED,ISOLATION_DEFAULT,readOnly
2026-01-25 11:00:51.955 [http-nio-8080-exec-10] DEBUG o.s.orm.jpa.JpaTransactionManager - Exposing JPA transaction as JDBC [org.springframework.orm.jpa.vendor.HibernateJpaDialect$HibernateConnectionHandle@684f1e37]
2026-01-25 11:00:51.957 [http-nio-8080-exec-10] DEBUG o.s.orm.jpa.JpaTransactionManager - Initiating transaction commit
2026-01-25 11:00:51.957 [http-nio-8080-exec-10] DEBUG o.s.orm.jpa.JpaTransactionManager - Committing JPA transaction on EntityManager [SessionImpl(1999514985<open>)]
2026-01-25 11:00:51.957 [http-nio-8080-exec-10] DEBUG o.s.orm.jpa.JpaTransactionManager - Not closing pre-bound JPA EntityManager after transaction
2026-01-25 11:00:51.958 [http-nio-8080-exec-10] DEBUG o.s.orm.jpa.JpaTransactionManager - Found thread-bound EntityManager [SessionImpl(1999514985<open>)] for JPA transaction
2026-01-25 11:00:51.958 [http-nio-8080-exec-10] DEBUG o.s.orm.jpa.JpaTransactionManager - Creating new transaction with name [org.springframework.data.jpa.repository.support.SimpleJpaRepository.findById]: PROPAGATION_REQUIRED,ISOLATION_DEFAULT,readOnly
2026-01-25 11:00:51.958 [http-nio-8080-exec-10] DEBUG o.s.orm.jpa.JpaTransactionManager - Exposing JPA transaction as JDBC [org.springframework.orm.jpa.vendor.HibernateJpaDialect$HibernateConnectionHandle@ff25fcf]
2026-01-25 11:00:51.960 [http-nio-8080-exec-10] DEBUG o.s.orm.jpa.JpaTransactionManager - Initiating transaction commit
2026-01-25 11:00:51.960 [http-nio-8080-exec-10] DEBUG o.s.orm.jpa.JpaTransactionManager - Committing JPA transaction on EntityManager [SessionImpl(1999514985<open>)]
2026-01-25 11:00:51.960 [http-nio-8080-exec-10] DEBUG o.s.orm.jpa.JpaTransactionManager - Not closing pre-bound JPA EntityManager after transaction
2026-01-25 11:00:51.960 [http-nio-8080-exec-10] INFO  com.oxygen.capsule.util.WxPayUtil - 使用 MOCK 模式生成支付参数，订单号: PAY17693100519381955, 金额: 2380000分
2026-01-25 11:00:51.960 [http-nio-8080-exec-10] INFO  com.oxygen.capsule.util.WxPayUtil - 生成Mock支付参数，订单号: PAY17693100519381955, 金额: 2380000分
2026-01-25 11:00:51.960 [http-nio-8080-exec-10] WARN  com.oxygen.capsule.util.WxPayUtil - ⚠️  返回Mock支付参数，前端调用 uni.requestPayment 会失败，但可以测试支付流程
2026-01-25 11:00:51.960 [http-nio-8080-exec-10] WARN  com.oxygen.capsule.util.WxPayUtil - ⚠️  订单数据已保存到数据库，可以通过其他方式模拟支付成功
2026-01-25 11:00:51.961 [http-nio-8080-exec-10] DEBUG o.s.w.s.m.m.a.RequestResponseBodyMethodProcessor - Using 'application/json', given [*/*] and supported [application/json, application/*+json]
2026-01-25 11:00:51.961 [http-nio-8080-exec-10] DEBUG o.s.w.s.m.m.a.RequestResponseBodyMethodProcessor - Writing [Result(code=200, message=获取支付参数成功, data={timeStamp=1769310051, package=prepay_id=MOCK_PREPAY_ID_1769 (truncated)...]
2026-01-25 11:00:51.961 [http-nio-8080-exec-10] DEBUG o.s.o.j.s.OpenEntityManagerInViewInterceptor - Closing JPA EntityManager in OpenEntityManagerInViewInterceptor
2026-01-25 11:00:51.961 [http-nio-8080-exec-10] DEBUG o.s.web.servlet.DispatcherServlet - Completed 200 OK
2026-01-25 11:00:52.801 [http-nio-8080-exec-1] DEBUG o.s.web.servlet.DispatcherServlet - POST "/api/payment/mock-success/21", parameters={}
2026-01-25 11:00:52.802 [http-nio-8080-exec-1] DEBUG o.s.w.s.m.m.a.RequestMappingHandlerMapping - Mapped to com.oxygen.capsule.controller.PaymentController#mockPaymentSuccess(String, Long)
2026-01-25 11:00:52.802 [http-nio-8080-exec-1] DEBUG o.s.o.j.s.OpenEntityManagerInViewInterceptor - Opening JPA EntityManager in OpenEntityManagerInViewInterceptor
2026-01-25 11:00:52.803 [http-nio-8080-exec-1] DEBUG o.s.orm.jpa.JpaTransactionManager - Found thread-bound EntityManager [SessionImpl(1951164656<open>)] for JPA transaction
2026-01-25 11:00:52.803 [http-nio-8080-exec-1] DEBUG o.s.orm.jpa.JpaTransactionManager - Creating new transaction with name [org.springframework.data.jpa.repository.support.SimpleJpaRepository.findById]: PROPAGATION_REQUIRED,ISOLATION_DEFAULT,readOnly
2026-01-25 11:00:52.804 [http-nio-8080-exec-1] DEBUG o.s.orm.jpa.JpaTransactionManager - Exposing JPA transaction as JDBC [org.springframework.orm.jpa.vendor.HibernateJpaDialect$HibernateConnectionHandle@3555dd2b]
2026-01-25 11:00:52.806 [http-nio-8080-exec-1] DEBUG o.s.orm.jpa.JpaTransactionManager - Initiating transaction commit
2026-01-25 11:00:52.806 [http-nio-8080-exec-1] DEBUG o.s.orm.jpa.JpaTransactionManager - Committing JPA transaction on EntityManager [SessionImpl(1951164656<open>)]
2026-01-25 11:00:52.806 [http-nio-8080-exec-1] DEBUG o.s.orm.jpa.JpaTransactionManager - Not closing pre-bound JPA EntityManager after transaction
2026-01-25 11:00:52.806 [http-nio-8080-exec-1] DEBUG o.s.orm.jpa.JpaTransactionManager - Found thread-bound EntityManager [SessionImpl(1951164656<open>)] for JPA transaction
2026-01-25 11:00:52.806 [http-nio-8080-exec-1] DEBUG o.s.orm.jpa.JpaTransactionManager - Creating new transaction with name [org.springframework.data.jpa.repository.support.SimpleJpaRepository.findById]: PROPAGATION_REQUIRED,ISOLATION_DEFAULT,readOnly
2026-01-25 11:00:52.806 [http-nio-8080-exec-1] DEBUG o.s.orm.jpa.JpaTransactionManager - Exposing JPA transaction as JDBC [org.springframework.orm.jpa.vendor.HibernateJpaDialect$HibernateConnectionHandle@6ac752e7]
2026-01-25 11:00:52.806 [http-nio-8080-exec-1] DEBUG o.s.orm.jpa.JpaTransactionManager - Initiating transaction commit
2026-01-25 11:00:52.806 [http-nio-8080-exec-1] DEBUG o.s.orm.jpa.JpaTransactionManager - Committing JPA transaction on EntityManager [SessionImpl(1951164656<open>)]
2026-01-25 11:00:52.807 [http-nio-8080-exec-1] DEBUG o.s.orm.jpa.JpaTransactionManager - Not closing pre-bound JPA EntityManager after transaction
2026-01-25 11:00:52.807 [http-nio-8080-exec-1] DEBUG o.s.orm.jpa.JpaTransactionManager - Found thread-bound EntityManager [SessionImpl(1951164656<open>)] for JPA transaction
2026-01-25 11:00:52.807 [http-nio-8080-exec-1] DEBUG o.s.orm.jpa.JpaTransactionManager - Creating new transaction with name [org.springframework.data.jpa.repository.support.SimpleJpaRepository.findById]: PROPAGATION_REQUIRED,ISOLATION_DEFAULT,readOnly
2026-01-25 11:00:52.807 [http-nio-8080-exec-1] DEBUG o.s.orm.jpa.JpaTransactionManager - Exposing JPA transaction as JDBC [org.springframework.orm.jpa.vendor.HibernateJpaDialect$HibernateConnectionHandle@7b5b320a]
2026-01-25 11:00:52.808 [http-nio-8080-exec-1] DEBUG o.s.orm.jpa.JpaTransactionManager - Initiating transaction commit
2026-01-25 11:00:52.808 [http-nio-8080-exec-1] DEBUG o.s.orm.jpa.JpaTransactionManager - Committing JPA transaction on EntityManager [SessionImpl(1951164656<open>)]
2026-01-25 11:00:52.808 [http-nio-8080-exec-1] DEBUG o.s.orm.jpa.JpaTransactionManager - Not closing pre-bound JPA EntityManager after transaction
2026-01-25 11:00:52.808 [http-nio-8080-exec-1] DEBUG o.s.orm.jpa.JpaTransactionManager - Found thread-bound EntityManager [SessionImpl(1951164656<open>)] for JPA transaction
2026-01-25 11:00:52.808 [http-nio-8080-exec-1] DEBUG o.s.orm.jpa.JpaTransactionManager - Creating new transaction with name [org.springframework.data.jpa.repository.support.SimpleJpaRepository.save]: PROPAGATION_REQUIRED,ISOLATION_DEFAULT
2026-01-25 11:00:52.809 [http-nio-8080-exec-1] DEBUG o.s.orm.jpa.JpaTransactionManager - Exposing JPA transaction as JDBC [org.springframework.orm.jpa.vendor.HibernateJpaDialect$HibernateConnectionHandle@77c8611f]
2026-01-25 11:00:52.809 [http-nio-8080-exec-1] DEBUG o.s.orm.jpa.JpaTransactionManager - Initiating transaction commit
2026-01-25 11:00:52.809 [http-nio-8080-exec-1] DEBUG o.s.orm.jpa.JpaTransactionManager - Committing JPA transaction on EntityManager [SessionImpl(1951164656<open>)]
2026-01-25 11:00:52.811 [http-nio-8080-exec-1] DEBUG o.s.orm.jpa.JpaTransactionManager - Not closing pre-bound JPA EntityManager after transaction
2026-01-25 11:00:52.811 [http-nio-8080-exec-1] DEBUG o.s.orm.jpa.JpaTransactionManager - Found thread-bound EntityManager [SessionImpl(1951164656<open>)] for JPA transaction
2026-01-25 11:00:52.811 [http-nio-8080-exec-1] DEBUG o.s.orm.jpa.JpaTransactionManager - Creating new transaction with name [org.springframework.data.jpa.repository.support.SimpleJpaRepository.findById]: PROPAGATION_REQUIRED,ISOLATION_DEFAULT,readOnly
2026-01-25 11:00:52.812 [http-nio-8080-exec-1] DEBUG o.s.orm.jpa.JpaTransactionManager - Exposing JPA transaction as JDBC [org.springframework.orm.jpa.vendor.HibernateJpaDialect$HibernateConnectionHandle@38373fe9]
2026-01-25 11:00:52.813 [http-nio-8080-exec-1] DEBUG o.s.orm.jpa.JpaTransactionManager - Initiating transaction commit
2026-01-25 11:00:52.813 [http-nio-8080-exec-1] DEBUG o.s.orm.jpa.JpaTransactionManager - Committing JPA transaction on EntityManager [SessionImpl(1951164656<open>)]
2026-01-25 11:00:52.813 [http-nio-8080-exec-1] DEBUG o.s.orm.jpa.JpaTransactionManager - Not closing pre-bound JPA EntityManager after transaction
2026-01-25 11:00:52.813 [http-nio-8080-exec-1] DEBUG o.s.orm.jpa.JpaTransactionManager - Found thread-bound EntityManager [SessionImpl(1951164656<open>)] for JPA transaction
2026-01-25 11:00:52.813 [http-nio-8080-exec-1] DEBUG o.s.orm.jpa.JpaTransactionManager - Creating new transaction with name [org.springframework.data.jpa.repository.support.SimpleJpaRepository.findById]: PROPAGATION_REQUIRED,ISOLATION_DEFAULT,readOnly
2026-01-25 11:00:52.814 [http-nio-8080-exec-1] DEBUG o.s.orm.jpa.JpaTransactionManager - Exposing JPA transaction as JDBC [org.springframework.orm.jpa.vendor.HibernateJpaDialect$HibernateConnectionHandle@5165d6e1]
2026-01-25 11:00:52.814 [http-nio-8080-exec-1] DEBUG o.s.orm.jpa.JpaTransactionManager - Initiating transaction commit
2026-01-25 11:00:52.814 [http-nio-8080-exec-1] DEBUG o.s.orm.jpa.JpaTransactionManager - Committing JPA transaction on EntityManager [SessionImpl(1951164656<open>)]
2026-01-25 11:00:52.814 [http-nio-8080-exec-1] DEBUG o.s.orm.jpa.JpaTransactionManager - Not closing pre-bound JPA EntityManager after transaction
2026-01-25 11:00:52.814 [http-nio-8080-exec-1] DEBUG o.s.orm.jpa.JpaTransactionManager - Found thread-bound EntityManager [SessionImpl(1951164656<open>)] for JPA transaction
2026-01-25 11:00:52.814 [http-nio-8080-exec-1] DEBUG o.s.orm.jpa.JpaTransactionManager - Creating new transaction with name [org.springframework.data.jpa.repository.support.SimpleJpaRepository.save]: PROPAGATION_REQUIRED,ISOLATION_DEFAULT
2026-01-25 11:00:52.815 [http-nio-8080-exec-1] DEBUG o.s.orm.jpa.JpaTransactionManager - Exposing JPA transaction as JDBC [org.springframework.orm.jpa.vendor.HibernateJpaDialect$HibernateConnectionHandle@6cb8bda7]
2026-01-25 11:00:52.815 [http-nio-8080-exec-1] DEBUG o.s.orm.jpa.JpaTransactionManager - Initiating transaction commit
2026-01-25 11:00:52.815 [http-nio-8080-exec-1] DEBUG o.s.orm.jpa.JpaTransactionManager - Committing JPA transaction on EntityManager [SessionImpl(1951164656<open>)]
2026-01-25 11:00:52.818 [http-nio-8080-exec-1] DEBUG o.s.orm.jpa.JpaTransactionManager - Not closing pre-bound JPA EntityManager after transaction
2026-01-25 11:00:52.818 [http-nio-8080-exec-1] DEBUG o.s.w.s.m.m.a.RequestResponseBodyMethodProcessor - Using 'application/json', given [*/*] and supported [application/json, application/*+json]
2026-01-25 11:00:52.818 [http-nio-8080-exec-1] DEBUG o.s.w.s.m.m.a.RequestResponseBodyMethodProcessor - Writing [Result(code=200, message=Mock支付成功，订单状态已更新, data=success)]
2026-01-25 11:00:52.819 [http-nio-8080-exec-1] DEBUG o.s.o.j.s.OpenEntityManagerInViewInterceptor - Closing JPA EntityManager in OpenEntityManagerInViewInterceptor
2026-01-25 11:00:52.819 [http-nio-8080-exec-1] DEBUG o.s.web.servlet.DispatcherServlet - Completed 200 OK
2026-01-25 11:00:55.604 [http-nio-8080-exec-6] DEBUG o.s.web.servlet.DispatcherServlet - GET "/api/booking/orders", parameters={}
2026-01-25 11:00:55.604 [http-nio-8080-exec-2] DEBUG o.s.web.servlet.DispatcherServlet - GET "/api/payment/orders", parameters={}
2026-01-25 11:00:55.604 [http-nio-8080-exec-5] DEBUG o.s.web.servlet.DispatcherServlet - GET "/api/user/info", parameters={}
2026-01-25 11:00:55.606 [http-nio-8080-exec-2] DEBUG o.s.w.s.m.m.a.RequestMappingHandlerMapping - Mapped to com.oxygen.capsule.controller.PaymentController#getUserPaymentOrders(String)
2026-01-25 11:00:55.606 [http-nio-8080-exec-6] DEBUG o.s.w.s.m.m.a.RequestMappingHandlerMapping - Mapped to com.oxygen.capsule.controller.BookingController#getUserOrders(String)
2026-01-25 11:00:55.606 [http-nio-8080-exec-5] DEBUG o.s.w.s.m.m.a.RequestMappingHandlerMapping - Mapped to com.oxygen.capsule.controller.UserController#getUserInfo(String)
2026-01-25 11:00:55.606 [http-nio-8080-exec-2] DEBUG o.s.o.j.s.OpenEntityManagerInViewInterceptor - Opening JPA EntityManager in OpenEntityManagerInViewInterceptor
2026-01-25 11:00:55.606 [http-nio-8080-exec-6] DEBUG o.s.o.j.s.OpenEntityManagerInViewInterceptor - Opening JPA EntityManager in OpenEntityManagerInViewInterceptor
2026-01-25 11:00:55.606 [http-nio-8080-exec-5] DEBUG o.s.o.j.s.OpenEntityManagerInViewInterceptor - Opening JPA EntityManager in OpenEntityManagerInViewInterceptor
2026-01-25 11:00:55.615 [http-nio-8080-exec-6] DEBUG o.s.orm.jpa.JpaTransactionManager - Found thread-bound EntityManager [SessionImpl(960575897<open>)] for JPA transaction
2026-01-25 11:00:55.615 [http-nio-8080-exec-5] DEBUG o.s.orm.jpa.JpaTransactionManager - Found thread-bound EntityManager [SessionImpl(2030400401<open>)] for JPA transaction
2026-01-25 11:00:55.615 [http-nio-8080-exec-6] DEBUG o.s.orm.jpa.JpaTransactionManager - Creating new transaction with name [org.springframework.data.jpa.repository.support.SimpleJpaRepository.findById]: PROPAGATION_REQUIRED,ISOLATION_DEFAULT,readOnly
2026-01-25 11:00:55.615 [http-nio-8080-exec-5] DEBUG o.s.orm.jpa.JpaTransactionManager - Creating new transaction with name [org.springframework.data.jpa.repository.support.SimpleJpaRepository.findById]: PROPAGATION_REQUIRED,ISOLATION_DEFAULT,readOnly
2026-01-25 11:00:55.617 [http-nio-8080-exec-5] DEBUG o.s.orm.jpa.JpaTransactionManager - Exposing JPA transaction as JDBC [org.springframework.orm.jpa.vendor.HibernateJpaDialect$HibernateConnectionHandle@4f5cd09d]
2026-01-25 11:00:55.617 [http-nio-8080-exec-6] DEBUG o.s.orm.jpa.JpaTransactionManager - Exposing JPA transaction as JDBC [org.springframework.orm.jpa.vendor.HibernateJpaDialect$HibernateConnectionHandle@44988687]
2026-01-25 11:00:55.620 [http-nio-8080-exec-5] DEBUG o.s.orm.jpa.JpaTransactionManager - Initiating transaction commit
2026-01-25 11:00:55.620 [http-nio-8080-exec-6] DEBUG o.s.orm.jpa.JpaTransactionManager - Initiating transaction commit
2026-01-25 11:00:55.620 [http-nio-8080-exec-5] DEBUG o.s.orm.jpa.JpaTransactionManager - Committing JPA transaction on EntityManager [SessionImpl(2030400401<open>)]
2026-01-25 11:00:55.620 [http-nio-8080-exec-6] DEBUG o.s.orm.jpa.JpaTransactionManager - Committing JPA transaction on EntityManager [SessionImpl(960575897<open>)]
2026-01-25 11:00:55.621 [http-nio-8080-exec-5] DEBUG o.s.orm.jpa.JpaTransactionManager - Not closing pre-bound JPA EntityManager after transaction
2026-01-25 11:00:55.621 [http-nio-8080-exec-6] DEBUG o.s.orm.jpa.JpaTransactionManager - Not closing pre-bound JPA EntityManager after transaction
2026-01-25 11:00:55.623 [http-nio-8080-exec-5] DEBUG o.s.w.s.m.m.a.RequestResponseBodyMethodProcessor - Using 'application/json', given [*/*] and supported [application/json, application/*+json]
2026-01-25 11:00:55.623 [http-nio-8080-exec-6] DEBUG o.s.w.s.m.m.a.RequestResponseBodyMethodProcessor - Using 'application/json', given [*/*] and supported [application/json, application/*+json]
2026-01-25 11:00:55.623 [http-nio-8080-exec-6] DEBUG o.s.w.s.m.m.a.RequestResponseBodyMethodProcessor - Writing [Result(code=200, message=success, data=[])]
2026-01-25 11:00:55.623 [http-nio-8080-exec-5] DEBUG o.s.w.s.m.m.a.RequestResponseBodyMethodProcessor - Writing [Result(code=200, message=success, data={totalVisits=0, remainingVisits=100, memberExpireTime=2036-03 (truncated)...]
2026-01-25 11:00:55.623 [http-nio-8080-exec-6] DEBUG o.s.o.j.s.OpenEntityManagerInViewInterceptor - Closing JPA EntityManager in OpenEntityManagerInViewInterceptor
2026-01-25 11:00:55.623 [http-nio-8080-exec-5] DEBUG o.s.o.j.s.OpenEntityManagerInViewInterceptor - Closing JPA EntityManager in OpenEntityManagerInViewInterceptor
2026-01-25 11:00:55.624 [http-nio-8080-exec-5] DEBUG o.s.web.servlet.DispatcherServlet - Completed 200 OK
2026-01-25 11:00:55.624 [http-nio-8080-exec-6] DEBUG o.s.web.servlet.DispatcherServlet - Completed 200 OK
2026-01-25 11:00:55.624 [http-nio-8080-exec-2] DEBUG o.s.orm.jpa.JpaTransactionManager - Found thread-bound EntityManager [SessionImpl(1125985172<open>)] for JPA transaction
2026-01-25 11:00:55.624 [http-nio-8080-exec-2] DEBUG o.s.orm.jpa.JpaTransactionManager - Creating new transaction with name [org.springframework.data.jpa.repository.support.SimpleJpaRepository.findById]: PROPAGATION_REQUIRED,ISOLATION_DEFAULT,readOnly
2026-01-25 11:00:55.624 [http-nio-8080-exec-2] DEBUG o.s.orm.jpa.JpaTransactionManager - Exposing JPA transaction as JDBC [org.springframework.orm.jpa.vendor.HibernateJpaDialect$HibernateConnectionHandle@4601872c]
2026-01-25 11:00:55.625 [http-nio-8080-exec-2] DEBUG o.s.orm.jpa.JpaTransactionManager - Initiating transaction commit
2026-01-25 11:00:55.625 [http-nio-8080-exec-2] DEBUG o.s.orm.jpa.JpaTransactionManager - Committing JPA transaction on EntityManager [SessionImpl(1125985172<open>)]
2026-01-25 11:00:55.626 [http-nio-8080-exec-2] DEBUG o.s.orm.jpa.JpaTransactionManager - Not closing pre-bound JPA EntityManager after transaction
2026-01-25 11:00:55.626 [http-nio-8080-exec-2] DEBUG o.s.orm.jpa.JpaTransactionManager - Found thread-bound EntityManager [SessionImpl(1125985172<open>)] for JPA transaction
2026-01-25 11:00:55.626 [http-nio-8080-exec-2] DEBUG o.s.orm.jpa.JpaTransactionManager - Creating new transaction with name [org.springframework.data.jpa.repository.support.SimpleJpaRepository.findById]: PROPAGATION_REQUIRED,ISOLATION_DEFAULT,readOnly
2026-01-25 11:00:55.626 [http-nio-8080-exec-2] DEBUG o.s.orm.jpa.JpaTransactionManager - Exposing JPA transaction as JDBC [org.springframework.orm.jpa.vendor.HibernateJpaDialect$HibernateConnectionHandle@3d5d53d3]
2026-01-25 11:00:55.627 [http-nio-8080-exec-8] DEBUG o.s.web.servlet.DispatcherServlet - GET "/api/booking/orders", parameters={}
2026-01-25 11:00:55.627 [http-nio-8080-exec-8] DEBUG o.s.w.s.m.m.a.RequestMappingHandlerMapping - Mapped to com.oxygen.capsule.controller.BookingController#getUserOrders(String)
2026-01-25 11:00:55.627 [http-nio-8080-exec-8] DEBUG o.s.o.j.s.OpenEntityManagerInViewInterceptor - Opening JPA EntityManager in OpenEntityManagerInViewInterceptor
2026-01-25 11:00:55.627 [http-nio-8080-exec-2] DEBUG o.s.orm.jpa.JpaTransactionManager - Initiating transaction commit
2026-01-25 11:00:55.627 [http-nio-8080-exec-2] DEBUG o.s.orm.jpa.JpaTransactionManager - Committing JPA transaction on EntityManager [SessionImpl(1125985172<open>)]
2026-01-25 11:00:55.627 [http-nio-8080-exec-2] DEBUG o.s.orm.jpa.JpaTransactionManager - Not closing pre-bound JPA EntityManager after transaction
2026-01-25 11:00:55.628 [http-nio-8080-exec-7] DEBUG o.s.web.servlet.DispatcherServlet - GET "/api/user/info", parameters={}
2026-01-25 11:00:55.628 [http-nio-8080-exec-7] DEBUG o.s.w.s.m.m.a.RequestMappingHandlerMapping - Mapped to com.oxygen.capsule.controller.UserController#getUserInfo(String)
2026-01-25 11:00:55.628 [http-nio-8080-exec-7] DEBUG o.s.o.j.s.OpenEntityManagerInViewInterceptor - Opening JPA EntityManager in OpenEntityManagerInViewInterceptor
2026-01-25 11:00:55.628 [http-nio-8080-exec-2] DEBUG o.s.w.s.m.m.a.RequestResponseBodyMethodProcessor - Using 'application/json', given [*/*] and supported [application/json, application/*+json]
2026-01-25 11:00:55.630 [http-nio-8080-exec-2] DEBUG o.s.w.s.m.m.a.RequestResponseBodyMethodProcessor - Writing [Result(code=200, message=success, data=[{packageCategory=个人畅享, cardEndDate=2026-02-24T00:00, orderNo (truncated)...]
2026-01-25 11:00:55.630 [http-nio-8080-exec-2] DEBUG o.s.o.j.s.OpenEntityManagerInViewInterceptor - Closing JPA EntityManager in OpenEntityManagerInViewInterceptor
2026-01-25 11:00:55.630 [http-nio-8080-exec-2] DEBUG o.s.web.servlet.DispatcherServlet - Completed 200 OK
2026-01-25 11:00:55.630 [http-nio-8080-exec-7] DEBUG o.s.orm.jpa.JpaTransactionManager - Found thread-bound EntityManager [SessionImpl(313964029<open>)] for JPA transaction
2026-01-25 11:00:55.630 [http-nio-8080-exec-7] DEBUG o.s.orm.jpa.JpaTransactionManager - Creating new transaction with name [org.springframework.data.jpa.repository.support.SimpleJpaRepository.findById]: PROPAGATION_REQUIRED,ISOLATION_DEFAULT,readOnly
2026-01-25 11:00:55.631 [http-nio-8080-exec-7] DEBUG o.s.orm.jpa.JpaTransactionManager - Exposing JPA transaction as JDBC [org.springframework.orm.jpa.vendor.HibernateJpaDialect$HibernateConnectionHandle@22862126]
2026-01-25 11:00:55.631 [http-nio-8080-exec-8] DEBUG o.s.orm.jpa.JpaTransactionManager - Found thread-bound EntityManager [SessionImpl(1311180439<open>)] for JPA transaction
2026-01-25 11:00:55.632 [http-nio-8080-exec-8] DEBUG o.s.orm.jpa.JpaTransactionManager - Creating new transaction with name [org.springframework.data.jpa.repository.support.SimpleJpaRepository.findById]: PROPAGATION_REQUIRED,ISOLATION_DEFAULT,readOnly
2026-01-25 11:00:55.633 [http-nio-8080-exec-4] DEBUG o.s.web.servlet.DispatcherServlet - GET "/api/payment/orders", parameters={}
2026-01-25 11:00:55.633 [http-nio-8080-exec-8] DEBUG o.s.orm.jpa.JpaTransactionManager - Exposing JPA transaction as JDBC [org.springframework.orm.jpa.vendor.HibernateJpaDialect$HibernateConnectionHandle@5f10df86]
2026-01-25 11:00:55.633 [http-nio-8080-exec-4] DEBUG o.s.w.s.m.m.a.RequestMappingHandlerMapping - Mapped to com.oxygen.capsule.controller.PaymentController#getUserPaymentOrders(String)
2026-01-25 11:00:55.633 [http-nio-8080-exec-4] DEBUG o.s.o.j.s.OpenEntityManagerInViewInterceptor - Opening JPA EntityManager in OpenEntityManagerInViewInterceptor
2026-01-25 11:00:55.633 [http-nio-8080-exec-7] DEBUG o.s.orm.jpa.JpaTransactionManager - Initiating transaction commit
2026-01-25 11:00:55.633 [http-nio-8080-exec-7] DEBUG o.s.orm.jpa.JpaTransactionManager - Committing JPA transaction on EntityManager [SessionImpl(313964029<open>)]
2026-01-25 11:00:55.633 [http-nio-8080-exec-8] DEBUG o.s.orm.jpa.JpaTransactionManager - Initiating transaction commit
2026-01-25 11:00:55.633 [http-nio-8080-exec-8] DEBUG o.s.orm.jpa.JpaTransactionManager - Committing JPA transaction on EntityManager [SessionImpl(1311180439<open>)]
2026-01-25 11:00:55.634 [http-nio-8080-exec-7] DEBUG o.s.orm.jpa.JpaTransactionManager - Not closing pre-bound JPA EntityManager after transaction
2026-01-25 11:00:55.634 [http-nio-8080-exec-8] DEBUG o.s.orm.jpa.JpaTransactionManager - Not closing pre-bound JPA EntityManager after transaction
2026-01-25 11:00:55.635 [http-nio-8080-exec-8] DEBUG o.s.w.s.m.m.a.RequestResponseBodyMethodProcessor - Using 'application/json', given [*/*] and supported [application/json, application/*+json]
2026-01-25 11:00:55.635 [http-nio-8080-exec-8] DEBUG o.s.w.s.m.m.a.RequestResponseBodyMethodProcessor - Writing [Result(code=200, message=success, data=[])]
2026-01-25 11:00:55.636 [http-nio-8080-exec-7] DEBUG o.s.w.s.m.m.a.RequestResponseBodyMethodProcessor - Using 'application/json', given [*/*] and supported [application/json, application/*+json]
2026-01-25 11:00:55.636 [http-nio-8080-exec-8] DEBUG o.s.o.j.s.OpenEntityManagerInViewInterceptor - Closing JPA EntityManager in OpenEntityManagerInViewInterceptor
2026-01-25 11:00:55.636 [http-nio-8080-exec-8] DEBUG o.s.web.servlet.DispatcherServlet - Completed 200 OK
2026-01-25 11:00:55.638 [http-nio-8080-exec-7] DEBUG o.s.w.s.m.m.a.RequestResponseBodyMethodProcessor - Writing [Result(code=200, message=success, data={totalVisits=0, remainingVisits=100, memberExpireTime=2036-03 (truncated)...]
2026-01-25 11:00:55.638 [http-nio-8080-exec-4] DEBUG o.s.orm.jpa.JpaTransactionManager - Found thread-bound EntityManager [SessionImpl(465250002<open>)] for JPA transaction
2026-01-25 11:00:55.638 [http-nio-8080-exec-7] DEBUG o.s.o.j.s.OpenEntityManagerInViewInterceptor - Closing JPA EntityManager in OpenEntityManagerInViewInterceptor
2026-01-25 11:00:55.638 [http-nio-8080-exec-4] DEBUG o.s.orm.jpa.JpaTransactionManager - Creating new transaction with name [org.springframework.data.jpa.repository.support.SimpleJpaRepository.findById]: PROPAGATION_REQUIRED,ISOLATION_DEFAULT,readOnly
2026-01-25 11:00:55.638 [http-nio-8080-exec-7] DEBUG o.s.web.servlet.DispatcherServlet - Completed 200 OK
2026-01-25 11:00:55.639 [http-nio-8080-exec-4] DEBUG o.s.orm.jpa.JpaTransactionManager - Exposing JPA transaction as JDBC [org.springframework.orm.jpa.vendor.HibernateJpaDialect$HibernateConnectionHandle@36c32a28]
2026-01-25 11:00:55.643 [http-nio-8080-exec-4] DEBUG o.s.orm.jpa.JpaTransactionManager - Initiating transaction commit
2026-01-25 11:00:55.645 [http-nio-8080-exec-4] DEBUG o.s.orm.jpa.JpaTransactionManager - Committing JPA transaction on EntityManager [SessionImpl(465250002<open>)]
2026-01-25 11:00:55.645 [http-nio-8080-exec-4] DEBUG o.s.orm.jpa.JpaTransactionManager - Not closing pre-bound JPA EntityManager after transaction
2026-01-25 11:00:55.645 [http-nio-8080-exec-4] DEBUG o.s.orm.jpa.JpaTransactionManager - Found thread-bound EntityManager [SessionImpl(465250002<open>)] for JPA transaction
2026-01-25 11:00:55.645 [http-nio-8080-exec-4] DEBUG o.s.orm.jpa.JpaTransactionManager - Creating new transaction with name [org.springframework.data.jpa.repository.support.SimpleJpaRepository.findById]: PROPAGATION_REQUIRED,ISOLATION_DEFAULT,readOnly
2026-01-25 11:00:55.645 [http-nio-8080-exec-4] DEBUG o.s.orm.jpa.JpaTransactionManager - Exposing JPA transaction as JDBC [org.springframework.orm.jpa.vendor.HibernateJpaDialect$HibernateConnectionHandle@4846f3ab]
2026-01-25 11:00:55.647 [http-nio-8080-exec-4] DEBUG o.s.orm.jpa.JpaTransactionManager - Initiating transaction commit
2026-01-25 11:00:55.647 [http-nio-8080-exec-4] DEBUG o.s.orm.jpa.JpaTransactionManager - Committing JPA transaction on EntityManager [SessionImpl(465250002<open>)]
2026-01-25 11:00:55.648 [http-nio-8080-exec-4] DEBUG o.s.orm.jpa.JpaTransactionManager - Not closing pre-bound JPA EntityManager after transaction
2026-01-25 11:00:55.649 [http-nio-8080-exec-4] DEBUG o.s.w.s.m.m.a.RequestResponseBodyMethodProcessor - Using 'application/json', given [*/*] and supported [application/json, application/*+json]
2026-01-25 11:00:55.650 [http-nio-8080-exec-9] DEBUG o.s.web.servlet.DispatcherServlet - GET "/api/user/info", parameters={}
2026-01-25 11:00:55.654 [http-nio-8080-exec-4] DEBUG o.s.w.s.m.m.a.RequestResponseBodyMethodProcessor - Writing [Result(code=200, message=success, data=[{packageCategory=个人畅享, cardEndDate=2026-02-24T00:00, orderNo (truncated)...]
2026-01-25 11:00:55.658 [http-nio-8080-exec-9] DEBUG o.s.w.s.m.m.a.RequestMappingHandlerMapping - Mapped to com.oxygen.capsule.controller.UserController#getUserInfo(String)
2026-01-25 11:00:55.663 [http-nio-8080-exec-4] DEBUG o.s.o.j.s.OpenEntityManagerInViewInterceptor - Closing JPA EntityManager in OpenEntityManagerInViewInterceptor
2026-01-25 11:00:55.664 [http-nio-8080-exec-9] DEBUG o.s.o.j.s.OpenEntityManagerInViewInterceptor - Opening JPA EntityManager in OpenEntityManagerInViewInterceptor
2026-01-25 11:00:55.668 [http-nio-8080-exec-4] DEBUG o.s.web.servlet.DispatcherServlet - Completed 200 OK
2026-01-25 11:00:55.679 [http-nio-8080-exec-9] DEBUG o.s.orm.jpa.JpaTransactionManager - Found thread-bound EntityManager [SessionImpl(1416499758<open>)] for JPA transaction
2026-01-25 11:00:55.681 [http-nio-8080-exec-9] DEBUG o.s.orm.jpa.JpaTransactionManager - Creating new transaction with name [org.springframework.data.jpa.repository.support.SimpleJpaRepository.findById]: PROPAGATION_REQUIRED,ISOLATION_DEFAULT,readOnly
2026-01-25 11:00:55.686 [http-nio-8080-exec-9] DEBUG o.s.orm.jpa.JpaTransactionManager - Exposing JPA transaction as JDBC [org.springframework.orm.jpa.vendor.HibernateJpaDialect$HibernateConnectionHandle@29ce9d32]
2026-01-25 11:00:55.693 [http-nio-8080-exec-9] DEBUG o.s.orm.jpa.JpaTransactionManager - Initiating transaction commit
2026-01-25 11:00:55.694 [http-nio-8080-exec-9] DEBUG o.s.orm.jpa.JpaTransactionManager - Committing JPA transaction on EntityManager [SessionImpl(1416499758<open>)]
2026-01-25 11:00:55.695 [http-nio-8080-exec-9] DEBUG o.s.orm.jpa.JpaTransactionManager - Not closing pre-bound JPA EntityManager after transaction
2026-01-25 11:00:55.698 [http-nio-8080-exec-9] DEBUG o.s.w.s.m.m.a.RequestResponseBodyMethodProcessor - Using 'application/json', given [*/*] and supported [application/json, application/*+json]
2026-01-25 11:00:55.698 [http-nio-8080-exec-9] DEBUG o.s.w.s.m.m.a.RequestResponseBodyMethodProcessor - Writing [Result(code=200, message=success, data={totalVisits=0, remainingVisits=100, memberExpireTime=2036-03 (truncated)...]
2026-01-25 11:00:55.699 [http-nio-8080-exec-9] DEBUG o.s.o.j.s.OpenEntityManagerInViewInterceptor - Closing JPA EntityManager in OpenEntityManagerInViewInterceptor
2026-01-25 11:00:55.699 [http-nio-8080-exec-9] DEBUG o.s.web.servlet.DispatcherServlet - Completed 200 OK
2026-01-25 11:00:55.703 [http-nio-8080-exec-10] DEBUG o.s.web.servlet.DispatcherServlet - GET "/api/user/info", parameters={}
2026-01-25 11:00:55.704 [http-nio-8080-exec-10] DEBUG o.s.w.s.m.m.a.RequestMappingHandlerMapping - Mapped to com.oxygen.capsule.controller.UserController#getUserInfo(String)
2026-01-25 11:00:55.704 [http-nio-8080-exec-10] DEBUG o.s.o.j.s.OpenEntityManagerInViewInterceptor - Opening JPA EntityManager in OpenEntityManagerInViewInterceptor
2026-01-25 11:00:55.709 [http-nio-8080-exec-10] DEBUG o.s.orm.jpa.JpaTransactionManager - Found thread-bound EntityManager [SessionImpl(1260574645<open>)] for JPA transaction
2026-01-25 11:00:55.709 [http-nio-8080-exec-10] DEBUG o.s.orm.jpa.JpaTransactionManager - Creating new transaction with name [org.springframework.data.jpa.repository.support.SimpleJpaRepository.findById]: PROPAGATION_REQUIRED,ISOLATION_DEFAULT,readOnly
2026-01-25 11:00:55.709 [http-nio-8080-exec-10] DEBUG o.s.orm.jpa.JpaTransactionManager - Exposing JPA transaction as JDBC [org.springframework.orm.jpa.vendor.HibernateJpaDialect$HibernateConnectionHandle@64ed7ea6]
2026-01-25 11:00:55.710 [http-nio-8080-exec-10] DEBUG o.s.orm.jpa.JpaTransactionManager - Initiating transaction commit
2026-01-25 11:00:55.710 [http-nio-8080-exec-10] DEBUG o.s.orm.jpa.JpaTransactionManager - Committing JPA transaction on EntityManager [SessionImpl(1260574645<open>)]
2026-01-25 11:00:55.710 [http-nio-8080-exec-10] DEBUG o.s.orm.jpa.JpaTransactionManager - Not closing pre-bound JPA EntityManager after transaction
2026-01-25 11:00:55.712 [http-nio-8080-exec-10] DEBUG o.s.w.s.m.m.a.RequestResponseBodyMethodProcessor - Using 'application/json', given [*/*] and supported [application/json, application/*+json]
2026-01-25 11:00:55.712 [http-nio-8080-exec-10] DEBUG o.s.w.s.m.m.a.RequestResponseBodyMethodProcessor - Writing [Result(code=200, message=success, data={totalVisits=0, remainingVisits=100, memberExpireTime=2036-03 (truncated)...]
2026-01-25 11:00:55.713 [http-nio-8080-exec-10] DEBUG o.s.o.j.s.OpenEntityManagerInViewInterceptor - Closing JPA EntityManager in OpenEntityManagerInViewInterceptor
2026-01-25 11:00:55.713 [http-nio-8080-exec-10] DEBUG o.s.web.servlet.DispatcherServlet - Completed 200 OK
2026-01-25 11:01:14.976 [http-nio-8080-exec-1] DEBUG o.s.web.servlet.DispatcherServlet - GET "/api/packages/category?category=%E4%B8%AA%E4%BA%BA%E7%95%85%E4%BA%AB", parameters={masked}
2026-01-25 11:01:14.978 [http-nio-8080-exec-1] DEBUG o.s.w.s.m.m.a.RequestMappingHandlerMapping - Mapped to com.oxygen.capsule.controller.MemberPackageController#getPackagesByCategoryParam(String)
2026-01-25 11:01:14.979 [http-nio-8080-exec-1] DEBUG o.s.o.j.s.OpenEntityManagerInViewInterceptor - Opening JPA EntityManager in OpenEntityManagerInViewInterceptor
2026-01-25 11:01:15.002 [http-nio-8080-exec-1] DEBUG o.s.w.s.m.m.a.RequestResponseBodyMethodProcessor - Using 'application/json', given [*/*] and supported [application/json, application/*+json]
2026-01-25 11:01:15.003 [http-nio-8080-exec-1] DEBUG o.s.w.s.m.m.a.RequestResponseBodyMethodProcessor - Writing [Result(code=200, message=success, data=[MemberPackage(id=1, code=MONTHLY, name=月卡, price=3980.0, peo (truncated)...]
2026-01-25 11:01:15.007 [http-nio-8080-exec-1] DEBUG o.s.o.j.s.OpenEntityManagerInViewInterceptor - Closing JPA EntityManager in OpenEntityManagerInViewInterceptor
2026-01-25 11:01:15.008 [http-nio-8080-exec-1] DEBUG o.s.web.servlet.DispatcherServlet - Completed 200 OK
2026-01-25 11:01:15.010 [http-nio-8080-exec-3] DEBUG o.s.web.servlet.DispatcherServlet - GET "/api/packages/category?category=%E4%B8%AA%E4%BA%BA%E7%95%85%E4%BA%AB", parameters={masked}
2026-01-25 11:01:15.010 [http-nio-8080-exec-3] DEBUG o.s.w.s.m.m.a.RequestMappingHandlerMapping - Mapped to com.oxygen.capsule.controller.MemberPackageController#getPackagesByCategoryParam(String)
2026-01-25 11:01:15.010 [http-nio-8080-exec-3] DEBUG o.s.o.j.s.OpenEntityManagerInViewInterceptor - Opening JPA EntityManager in OpenEntityManagerInViewInterceptor
2026-01-25 11:01:15.013 [http-nio-8080-exec-3] DEBUG o.s.w.s.m.m.a.RequestResponseBodyMethodProcessor - Using 'application/json', given [*/*] and supported [application/json, application/*+json]
2026-01-25 11:01:15.013 [http-nio-8080-exec-3] DEBUG o.s.w.s.m.m.a.RequestResponseBodyMethodProcessor - Writing [Result(code=200, message=success, data=[MemberPackage(id=1, code=MONTHLY, name=月卡, price=3980.0, peo (truncated)...]
2026-01-25 11:01:15.013 [http-nio-8080-exec-3] DEBUG o.s.o.j.s.OpenEntityManagerInViewInterceptor - Closing JPA EntityManager in OpenEntityManagerInViewInterceptor
2026-01-25 11:01:15.013 [http-nio-8080-exec-3] DEBUG o.s.web.servlet.DispatcherServlet - Completed 200 OK
2026-01-25 11:01:16.002 [http-nio-8080-exec-5] DEBUG o.s.web.servlet.DispatcherServlet - GET "/api/packages/category?category=%E5%AE%B6%E5%BA%AD%2F%E6%AC%A1%E5%8D%A1", parameters={masked}
2026-01-25 11:01:16.002 [http-nio-8080-exec-5] DEBUG o.s.w.s.m.m.a.RequestMappingHandlerMapping - Mapped to com.oxygen.capsule.controller.MemberPackageController#getPackagesByCategoryParam(String)
2026-01-25 11:01:16.002 [http-nio-8080-exec-5] DEBUG o.s.o.j.s.OpenEntityManagerInViewInterceptor - Opening JPA EntityManager in OpenEntityManagerInViewInterceptor
2026-01-25 11:01:16.005 [http-nio-8080-exec-5] DEBUG o.s.w.s.m.m.a.RequestResponseBodyMethodProcessor - Using 'application/json', given [*/*] and supported [application/json, application/*+json]
2026-01-25 11:01:16.005 [http-nio-8080-exec-5] DEBUG o.s.w.s.m.m.a.RequestResponseBodyMethodProcessor - Writing [Result(code=200, message=success, data=[MemberPackage(id=9, code=FAMILY_100, name=家庭100次卡, price=198 (truncated)...]
2026-01-25 11:01:16.005 [http-nio-8080-exec-5] DEBUG o.s.o.j.s.OpenEntityManagerInViewInterceptor - Closing JPA EntityManager in OpenEntityManagerInViewInterceptor
2026-01-25 11:01:16.006 [http-nio-8080-exec-5] DEBUG o.s.web.servlet.DispatcherServlet - Completed 200 OK
2026-01-25 11:01:19.091 [http-nio-8080-exec-6] DEBUG o.s.web.servlet.DispatcherServlet - GET "/api/payment/orders", parameters={}
2026-01-25 11:01:19.091 [http-nio-8080-exec-6] DEBUG o.s.w.s.m.m.a.RequestMappingHandlerMapping - Mapped to com.oxygen.capsule.controller.PaymentController#getUserPaymentOrders(String)
2026-01-25 11:01:19.091 [http-nio-8080-exec-6] DEBUG o.s.o.j.s.OpenEntityManagerInViewInterceptor - Opening JPA EntityManager in OpenEntityManagerInViewInterceptor
2026-01-25 11:01:19.100 [http-nio-8080-exec-6] DEBUG o.s.orm.jpa.JpaTransactionManager - Found thread-bound EntityManager [SessionImpl(704452122<open>)] for JPA transaction
2026-01-25 11:01:19.100 [http-nio-8080-exec-6] DEBUG o.s.orm.jpa.JpaTransactionManager - Creating new transaction with name [org.springframework.data.jpa.repository.support.SimpleJpaRepository.findById]: PROPAGATION_REQUIRED,ISOLATION_DEFAULT,readOnly
2026-01-25 11:01:19.101 [http-nio-8080-exec-6] DEBUG o.s.orm.jpa.JpaTransactionManager - Exposing JPA transaction as JDBC [org.springframework.orm.jpa.vendor.HibernateJpaDialect$HibernateConnectionHandle@3f1e3d0a]
2026-01-25 11:01:19.102 [http-nio-8080-exec-6] DEBUG o.s.orm.jpa.JpaTransactionManager - Initiating transaction commit
2026-01-25 11:01:19.102 [http-nio-8080-exec-6] DEBUG o.s.orm.jpa.JpaTransactionManager - Committing JPA transaction on EntityManager [SessionImpl(704452122<open>)]
2026-01-25 11:01:19.103 [http-nio-8080-exec-6] DEBUG o.s.orm.jpa.JpaTransactionManager - Not closing pre-bound JPA EntityManager after transaction
2026-01-25 11:01:19.103 [http-nio-8080-exec-6] DEBUG o.s.orm.jpa.JpaTransactionManager - Found thread-bound EntityManager [SessionImpl(704452122<open>)] for JPA transaction
2026-01-25 11:01:19.103 [http-nio-8080-exec-6] DEBUG o.s.orm.jpa.JpaTransactionManager - Creating new transaction with name [org.springframework.data.jpa.repository.support.SimpleJpaRepository.findById]: PROPAGATION_REQUIRED,ISOLATION_DEFAULT,readOnly
2026-01-25 11:01:19.103 [http-nio-8080-exec-6] DEBUG o.s.orm.jpa.JpaTransactionManager - Exposing JPA transaction as JDBC [org.springframework.orm.jpa.vendor.HibernateJpaDialect$HibernateConnectionHandle@53ffcd86]
2026-01-25 11:01:19.104 [http-nio-8080-exec-6] DEBUG o.s.orm.jpa.JpaTransactionManager - Initiating transaction commit
2026-01-25 11:01:19.104 [http-nio-8080-exec-6] DEBUG o.s.orm.jpa.JpaTransactionManager - Committing JPA transaction on EntityManager [SessionImpl(704452122<open>)]
2026-01-25 11:01:19.105 [http-nio-8080-exec-6] DEBUG o.s.orm.jpa.JpaTransactionManager - Not closing pre-bound JPA EntityManager after transaction
2026-01-25 11:01:19.105 [http-nio-8080-exec-6] DEBUG o.s.w.s.m.m.a.RequestResponseBodyMethodProcessor - Using 'application/json', given [*/*] and supported [application/json, application/*+json]
2026-01-25 11:01:19.105 [http-nio-8080-exec-6] DEBUG o.s.w.s.m.m.a.RequestResponseBodyMethodProcessor - Writing [Result(code=200, message=success, data=[{packageCategory=个人畅享, cardEndDate=2026-02-24T00:00, orderNo (truncated)...]
2026-01-25 11:01:19.106 [http-nio-8080-exec-6] DEBUG o.s.o.j.s.OpenEntityManagerInViewInterceptor - Closing JPA EntityManager in OpenEntityManagerInViewInterceptor
2026-01-25 11:01:19.106 [http-nio-8080-exec-6] DEBUG o.s.web.servlet.DispatcherServlet - Completed 200 OK
2026-01-25 11:01:19.114 [http-nio-8080-exec-2] DEBUG o.s.web.servlet.DispatcherServlet - GET "/api/user/info", parameters={}
2026-01-25 11:01:19.114 [http-nio-8080-exec-2] DEBUG o.s.w.s.m.m.a.RequestMappingHandlerMapping - Mapped to com.oxygen.capsule.controller.UserController#getUserInfo(String)
2026-01-25 11:01:19.114 [http-nio-8080-exec-2] DEBUG o.s.o.j.s.OpenEntityManagerInViewInterceptor - Opening JPA EntityManager in OpenEntityManagerInViewInterceptor
2026-01-25 11:01:19.115 [http-nio-8080-exec-2] DEBUG o.s.orm.jpa.JpaTransactionManager - Found thread-bound EntityManager [SessionImpl(1465118378<open>)] for JPA transaction
2026-01-25 11:01:19.115 [http-nio-8080-exec-2] DEBUG o.s.orm.jpa.JpaTransactionManager - Creating new transaction with name [org.springframework.data.jpa.repository.support.SimpleJpaRepository.findById]: PROPAGATION_REQUIRED,ISOLATION_DEFAULT,readOnly
2026-01-25 11:01:19.116 [http-nio-8080-exec-2] DEBUG o.s.orm.jpa.JpaTransactionManager - Exposing JPA transaction as JDBC [org.springframework.orm.jpa.vendor.HibernateJpaDialect$HibernateConnectionHandle@161e982]
2026-01-25 11:01:19.119 [http-nio-8080-exec-2] DEBUG o.s.orm.jpa.JpaTransactionManager - Initiating transaction commit
2026-01-25 11:01:19.119 [http-nio-8080-exec-2] DEBUG o.s.orm.jpa.JpaTransactionManager - Committing JPA transaction on EntityManager [SessionImpl(1465118378<open>)]
2026-01-25 11:01:19.119 [http-nio-8080-exec-2] DEBUG o.s.orm.jpa.JpaTransactionManager - Not closing pre-bound JPA EntityManager after transaction
2026-01-25 11:01:19.122 [http-nio-8080-exec-2] DEBUG o.s.w.s.m.m.a.RequestResponseBodyMethodProcessor - Using 'application/json', given [*/*] and supported [application/json, application/*+json]
2026-01-25 11:01:19.123 [http-nio-8080-exec-2] DEBUG o.s.w.s.m.m.a.RequestResponseBodyMethodProcessor - Writing [Result(code=200, message=success, data={totalVisits=0, remainingVisits=100, memberExpireTime=2036-03 (truncated)...]
2026-01-25 11:01:19.123 [http-nio-8080-exec-2] DEBUG o.s.o.j.s.OpenEntityManagerInViewInterceptor - Closing JPA EntityManager in OpenEntityManagerInViewInterceptor
2026-01-25 11:01:19.123 [http-nio-8080-exec-2] DEBUG o.s.web.servlet.DispatcherServlet - Completed 200 OK
2026-01-25 11:01:19.139 [http-nio-8080-exec-8] DEBUG o.s.web.servlet.DispatcherServlet - GET "/api/staff/active-list", parameters={}
2026-01-25 11:01:19.139 [http-nio-8080-exec-8] DEBUG o.s.w.s.m.m.a.RequestMappingHandlerMapping - Mapped to com.oxygen.capsule.controller.StaffController#getActiveStaffs()
2026-01-25 11:01:19.139 [http-nio-8080-exec-8] DEBUG o.s.o.j.s.OpenEntityManagerInViewInterceptor - Opening JPA EntityManager in OpenEntityManagerInViewInterceptor
2026-01-25 11:01:19.143 [http-nio-8080-exec-8] DEBUG o.s.w.s.m.m.a.RequestResponseBodyMethodProcessor - Using 'application/json', given [*/*] and supported [application/json, application/*+json]
2026-01-25 11:01:19.143 [http-nio-8080-exec-8] DEBUG o.s.w.s.m.m.a.RequestResponseBodyMethodProcessor - Writing [Result(code=200, message=success, data=[{phone=18680815221, name=员工, id=2}])]
2026-01-25 11:01:19.144 [http-nio-8080-exec-8] DEBUG o.s.o.j.s.OpenEntityManagerInViewInterceptor - Closing JPA EntityManager in OpenEntityManagerInViewInterceptor
2026-01-25 11:01:19.144 [http-nio-8080-exec-8] DEBUG o.s.web.servlet.DispatcherServlet - Completed 200 OK
2026-01-25 11:01:21.305 [http-nio-8080-exec-7] DEBUG o.s.web.servlet.DispatcherServlet - POST "/api/payment/create-package-order", parameters={}
2026-01-25 11:01:21.305 [http-nio-8080-exec-7] DEBUG o.s.w.s.m.m.a.RequestMappingHandlerMapping - Mapped to com.oxygen.capsule.controller.PaymentController#createPackageOrder(String, Map)
2026-01-25 11:01:21.305 [http-nio-8080-exec-7] DEBUG o.s.o.j.s.OpenEntityManagerInViewInterceptor - Opening JPA EntityManager in OpenEntityManagerInViewInterceptor
2026-01-25 11:01:21.307 [http-nio-8080-exec-7] DEBUG o.s.w.s.m.m.a.RequestResponseBodyMethodProcessor - Read "application/json;charset=UTF-8" to [{packageId=9, price=19800, cardStartDate=2036-03-15, staffId=2, staffName=员工}]
2026-01-25 11:01:21.308 [http-nio-8080-exec-7] DEBUG o.s.orm.jpa.JpaTransactionManager - Found thread-bound EntityManager [SessionImpl(1919039867<open>)] for JPA transaction
2026-01-25 11:01:21.308 [http-nio-8080-exec-7] DEBUG o.s.orm.jpa.JpaTransactionManager - Creating new transaction with name [org.springframework.data.jpa.repository.support.SimpleJpaRepository.findById]: PROPAGATION_REQUIRED,ISOLATION_DEFAULT,readOnly
2026-01-25 11:01:21.309 [http-nio-8080-exec-7] DEBUG o.s.orm.jpa.JpaTransactionManager - Exposing JPA transaction as JDBC [org.springframework.orm.jpa.vendor.HibernateJpaDialect$HibernateConnectionHandle@4fcf85d4]
2026-01-25 11:01:21.310 [http-nio-8080-exec-7] DEBUG o.s.orm.jpa.JpaTransactionManager - Initiating transaction commit
2026-01-25 11:01:21.310 [http-nio-8080-exec-7] DEBUG o.s.orm.jpa.JpaTransactionManager - Committing JPA transaction on EntityManager [SessionImpl(1919039867<open>)]
2026-01-25 11:01:21.310 [http-nio-8080-exec-7] DEBUG o.s.orm.jpa.JpaTransactionManager - Not closing pre-bound JPA EntityManager after transaction
2026-01-25 11:01:21.311 [http-nio-8080-exec-7] DEBUG o.s.orm.jpa.JpaTransactionManager - Found thread-bound EntityManager [SessionImpl(1919039867<open>)] for JPA transaction
2026-01-25 11:01:21.311 [http-nio-8080-exec-7] DEBUG o.s.orm.jpa.JpaTransactionManager - Creating new transaction with name [org.springframework.data.jpa.repository.support.SimpleJpaRepository.findById]: PROPAGATION_REQUIRED,ISOLATION_DEFAULT,readOnly
2026-01-25 11:01:21.311 [http-nio-8080-exec-7] DEBUG o.s.orm.jpa.JpaTransactionManager - Exposing JPA transaction as JDBC [org.springframework.orm.jpa.vendor.HibernateJpaDialect$HibernateConnectionHandle@be9a457]
2026-01-25 11:01:21.311 [http-nio-8080-exec-7] DEBUG o.s.orm.jpa.JpaTransactionManager - Initiating transaction commit
2026-01-25 11:01:21.311 [http-nio-8080-exec-7] DEBUG o.s.orm.jpa.JpaTransactionManager - Committing JPA transaction on EntityManager [SessionImpl(1919039867<open>)]
2026-01-25 11:01:21.312 [http-nio-8080-exec-7] DEBUG o.s.orm.jpa.JpaTransactionManager - Not closing pre-bound JPA EntityManager after transaction
2026-01-25 11:01:21.314 [http-nio-8080-exec-7] DEBUG o.s.orm.jpa.JpaTransactionManager - Found thread-bound EntityManager [SessionImpl(1919039867<open>)] for JPA transaction
2026-01-25 11:01:21.314 [http-nio-8080-exec-7] DEBUG o.s.orm.jpa.JpaTransactionManager - Creating new transaction with name [org.springframework.data.jpa.repository.support.SimpleJpaRepository.save]: PROPAGATION_REQUIRED,ISOLATION_DEFAULT
2026-01-25 11:01:21.314 [http-nio-8080-exec-7] DEBUG o.s.orm.jpa.JpaTransactionManager - Exposing JPA transaction as JDBC [org.springframework.orm.jpa.vendor.HibernateJpaDialect$HibernateConnectionHandle@8cbed4]
2026-01-25 11:01:21.317 [http-nio-8080-exec-7] DEBUG o.s.orm.jpa.JpaTransactionManager - Initiating transaction commit
2026-01-25 11:01:21.317 [http-nio-8080-exec-7] DEBUG o.s.orm.jpa.JpaTransactionManager - Committing JPA transaction on EntityManager [SessionImpl(1919039867<open>)]
2026-01-25 11:01:21.318 [http-nio-8080-exec-7] DEBUG o.s.orm.jpa.JpaTransactionManager - Not closing pre-bound JPA EntityManager after transaction
2026-01-25 11:01:21.319 [http-nio-8080-exec-7] DEBUG o.s.w.s.m.m.a.RequestResponseBodyMethodProcessor - Using 'application/json', given [*/*] and supported [application/json, application/*+json]
2026-01-25 11:01:21.319 [http-nio-8080-exec-7] DEBUG o.s.w.s.m.m.a.RequestResponseBodyMethodProcessor - Writing [Result(code=200, message=订单创建成功, data={transactionType=RENEW, cardEndDate=2037-03-15T00:00, orderNo= (truncated)...]
2026-01-25 11:01:21.319 [http-nio-8080-exec-7] DEBUG o.s.o.j.s.OpenEntityManagerInViewInterceptor - Closing JPA EntityManager in OpenEntityManagerInViewInterceptor
2026-01-25 11:01:21.319 [http-nio-8080-exec-7] DEBUG o.s.web.servlet.DispatcherServlet - Completed 200 OK
2026-01-25 11:01:21.327 [http-nio-8080-exec-4] DEBUG o.s.web.servlet.DispatcherServlet - POST "/api/payment/wechat-pay/22", parameters={}
2026-01-25 11:01:21.327 [http-nio-8080-exec-4] DEBUG o.s.w.s.m.m.a.RequestMappingHandlerMapping - Mapped to com.oxygen.capsule.controller.PaymentController#getWechatPayParams(String, Long)
2026-01-25 11:01:21.327 [http-nio-8080-exec-4] DEBUG o.s.o.j.s.OpenEntityManagerInViewInterceptor - Opening JPA EntityManager in OpenEntityManagerInViewInterceptor
2026-01-25 11:01:21.330 [http-nio-8080-exec-4] DEBUG o.s.orm.jpa.JpaTransactionManager - Found thread-bound EntityManager [SessionImpl(518432959<open>)] for JPA transaction
2026-01-25 11:01:21.330 [http-nio-8080-exec-4] DEBUG o.s.orm.jpa.JpaTransactionManager - Creating new transaction with name [org.springframework.data.jpa.repository.support.SimpleJpaRepository.findById]: PROPAGATION_REQUIRED,ISOLATION_DEFAULT,readOnly
2026-01-25 11:01:21.330 [http-nio-8080-exec-4] DEBUG o.s.orm.jpa.JpaTransactionManager - Exposing JPA transaction as JDBC [org.springframework.orm.jpa.vendor.HibernateJpaDialect$HibernateConnectionHandle@2450662a]
2026-01-25 11:01:21.332 [http-nio-8080-exec-4] DEBUG o.s.orm.jpa.JpaTransactionManager - Initiating transaction commit
2026-01-25 11:01:21.332 [http-nio-8080-exec-4] DEBUG o.s.orm.jpa.JpaTransactionManager - Committing JPA transaction on EntityManager [SessionImpl(518432959<open>)]
2026-01-25 11:01:21.333 [http-nio-8080-exec-4] DEBUG o.s.orm.jpa.JpaTransactionManager - Not closing pre-bound JPA EntityManager after transaction
2026-01-25 11:01:21.333 [http-nio-8080-exec-4] DEBUG o.s.orm.jpa.JpaTransactionManager - Found thread-bound EntityManager [SessionImpl(518432959<open>)] for JPA transaction
2026-01-25 11:01:21.333 [http-nio-8080-exec-4] DEBUG o.s.orm.jpa.JpaTransactionManager - Creating new transaction with name [org.springframework.data.jpa.repository.support.SimpleJpaRepository.findById]: PROPAGATION_REQUIRED,ISOLATION_DEFAULT,readOnly
2026-01-25 11:01:21.334 [http-nio-8080-exec-4] DEBUG o.s.orm.jpa.JpaTransactionManager - Exposing JPA transaction as JDBC [org.springframework.orm.jpa.vendor.HibernateJpaDialect$HibernateConnectionHandle@109e23d]
2026-01-25 11:01:21.335 [http-nio-8080-exec-4] DEBUG o.s.orm.jpa.JpaTransactionManager - Initiating transaction commit
2026-01-25 11:01:21.335 [http-nio-8080-exec-4] DEBUG o.s.orm.jpa.JpaTransactionManager - Committing JPA transaction on EntityManager [SessionImpl(518432959<open>)]
2026-01-25 11:01:21.335 [http-nio-8080-exec-4] DEBUG o.s.orm.jpa.JpaTransactionManager - Not closing pre-bound JPA EntityManager after transaction
2026-01-25 11:01:21.335 [http-nio-8080-exec-4] INFO  com.oxygen.capsule.util.WxPayUtil - 使用 MOCK 模式生成支付参数，订单号: PAY17693100813155085, 金额: 1980000分
2026-01-25 11:01:21.336 [http-nio-8080-exec-4] INFO  com.oxygen.capsule.util.WxPayUtil - 生成Mock支付参数，订单号: PAY17693100813155085, 金额: 1980000分
2026-01-25 11:01:21.336 [http-nio-8080-exec-4] WARN  com.oxygen.capsule.util.WxPayUtil - ⚠️  返回Mock支付参数，前端调用 uni.requestPayment 会失败，但可以测试支付流程
2026-01-25 11:01:21.336 [http-nio-8080-exec-4] WARN  com.oxygen.capsule.util.WxPayUtil - ⚠️  订单数据已保存到数据库，可以通过其他方式模拟支付成功
2026-01-25 11:01:21.336 [http-nio-8080-exec-4] DEBUG o.s.w.s.m.m.a.RequestResponseBodyMethodProcessor - Using 'application/json', given [*/*] and supported [application/json, application/*+json]
2026-01-25 11:01:21.336 [http-nio-8080-exec-4] DEBUG o.s.w.s.m.m.a.RequestResponseBodyMethodProcessor - Writing [Result(code=200, message=获取支付参数成功, data={timeStamp=1769310081, package=prepay_id=MOCK_PREPAY_ID_1769 (truncated)...]
2026-01-25 11:01:21.337 [http-nio-8080-exec-4] DEBUG o.s.o.j.s.OpenEntityManagerInViewInterceptor - Closing JPA EntityManager in OpenEntityManagerInViewInterceptor
2026-01-25 11:01:21.337 [http-nio-8080-exec-4] DEBUG o.s.web.servlet.DispatcherServlet - Completed 200 OK
2026-01-25 11:01:22.237 [http-nio-8080-exec-9] DEBUG o.s.web.servlet.DispatcherServlet - POST "/api/payment/mock-success/22", parameters={}
2026-01-25 11:01:22.238 [http-nio-8080-exec-9] DEBUG o.s.w.s.m.m.a.RequestMappingHandlerMapping - Mapped to com.oxygen.capsule.controller.PaymentController#mockPaymentSuccess(String, Long)
2026-01-25 11:01:22.238 [http-nio-8080-exec-9] DEBUG o.s.o.j.s.OpenEntityManagerInViewInterceptor - Opening JPA EntityManager in OpenEntityManagerInViewInterceptor
2026-01-25 11:01:22.239 [http-nio-8080-exec-9] DEBUG o.s.orm.jpa.JpaTransactionManager - Found thread-bound EntityManager [SessionImpl(1636046894<open>)] for JPA transaction
2026-01-25 11:01:22.239 [http-nio-8080-exec-9] DEBUG o.s.orm.jpa.JpaTransactionManager - Creating new transaction with name [org.springframework.data.jpa.repository.support.SimpleJpaRepository.findById]: PROPAGATION_REQUIRED,ISOLATION_DEFAULT,readOnly
2026-01-25 11:01:22.240 [http-nio-8080-exec-9] DEBUG o.s.orm.jpa.JpaTransactionManager - Exposing JPA transaction as JDBC [org.springframework.orm.jpa.vendor.HibernateJpaDialect$HibernateConnectionHandle@32e3fc4b]
2026-01-25 11:01:22.241 [http-nio-8080-exec-9] DEBUG o.s.orm.jpa.JpaTransactionManager - Initiating transaction commit
2026-01-25 11:01:22.241 [http-nio-8080-exec-9] DEBUG o.s.orm.jpa.JpaTransactionManager - Committing JPA transaction on EntityManager [SessionImpl(1636046894<open>)]
2026-01-25 11:01:22.242 [http-nio-8080-exec-9] DEBUG o.s.orm.jpa.JpaTransactionManager - Not closing pre-bound JPA EntityManager after transaction
2026-01-25 11:01:22.242 [http-nio-8080-exec-9] DEBUG o.s.orm.jpa.JpaTransactionManager - Found thread-bound EntityManager [SessionImpl(1636046894<open>)] for JPA transaction
2026-01-25 11:01:22.242 [http-nio-8080-exec-9] DEBUG o.s.orm.jpa.JpaTransactionManager - Creating new transaction with name [org.springframework.data.jpa.repository.support.SimpleJpaRepository.findById]: PROPAGATION_REQUIRED,ISOLATION_DEFAULT,readOnly
2026-01-25 11:01:22.242 [http-nio-8080-exec-9] DEBUG o.s.orm.jpa.JpaTransactionManager - Exposing JPA transaction as JDBC [org.springframework.orm.jpa.vendor.HibernateJpaDialect$HibernateConnectionHandle@e654409]
2026-01-25 11:01:22.242 [http-nio-8080-exec-9] DEBUG o.s.orm.jpa.JpaTransactionManager - Initiating transaction commit
2026-01-25 11:01:22.242 [http-nio-8080-exec-9] DEBUG o.s.orm.jpa.JpaTransactionManager - Committing JPA transaction on EntityManager [SessionImpl(1636046894<open>)]
2026-01-25 11:01:22.243 [http-nio-8080-exec-9] DEBUG o.s.orm.jpa.JpaTransactionManager - Not closing pre-bound JPA EntityManager after transaction
2026-01-25 11:01:22.243 [http-nio-8080-exec-9] DEBUG o.s.orm.jpa.JpaTransactionManager - Found thread-bound EntityManager [SessionImpl(1636046894<open>)] for JPA transaction
2026-01-25 11:01:22.243 [http-nio-8080-exec-9] DEBUG o.s.orm.jpa.JpaTransactionManager - Creating new transaction with name [org.springframework.data.jpa.repository.support.SimpleJpaRepository.findById]: PROPAGATION_REQUIRED,ISOLATION_DEFAULT,readOnly
2026-01-25 11:01:22.243 [http-nio-8080-exec-9] DEBUG o.s.orm.jpa.JpaTransactionManager - Exposing JPA transaction as JDBC [org.springframework.orm.jpa.vendor.HibernateJpaDialect$HibernateConnectionHandle@10acb538]
2026-01-25 11:01:22.244 [http-nio-8080-exec-9] DEBUG o.s.orm.jpa.JpaTransactionManager - Initiating transaction commit
2026-01-25 11:01:22.244 [http-nio-8080-exec-9] DEBUG o.s.orm.jpa.JpaTransactionManager - Committing JPA transaction on EntityManager [SessionImpl(1636046894<open>)]
2026-01-25 11:01:22.245 [http-nio-8080-exec-9] DEBUG o.s.orm.jpa.JpaTransactionManager - Not closing pre-bound JPA EntityManager after transaction
2026-01-25 11:01:22.245 [http-nio-8080-exec-9] DEBUG o.s.orm.jpa.JpaTransactionManager - Found thread-bound EntityManager [SessionImpl(1636046894<open>)] for JPA transaction
2026-01-25 11:01:22.245 [http-nio-8080-exec-9] DEBUG o.s.orm.jpa.JpaTransactionManager - Creating new transaction with name [org.springframework.data.jpa.repository.support.SimpleJpaRepository.save]: PROPAGATION_REQUIRED,ISOLATION_DEFAULT
2026-01-25 11:01:22.245 [http-nio-8080-exec-9] DEBUG o.s.orm.jpa.JpaTransactionManager - Exposing JPA transaction as JDBC [org.springframework.orm.jpa.vendor.HibernateJpaDialect$HibernateConnectionHandle@12f905a4]
2026-01-25 11:01:22.245 [http-nio-8080-exec-9] DEBUG o.s.orm.jpa.JpaTransactionManager - Initiating transaction commit
2026-01-25 11:01:22.245 [http-nio-8080-exec-9] DEBUG o.s.orm.jpa.JpaTransactionManager - Committing JPA transaction on EntityManager [SessionImpl(1636046894<open>)]
2026-01-25 11:01:22.248 [http-nio-8080-exec-9] DEBUG o.s.orm.jpa.JpaTransactionManager - Not closing pre-bound JPA EntityManager after transaction
2026-01-25 11:01:22.248 [http-nio-8080-exec-9] DEBUG o.s.orm.jpa.JpaTransactionManager - Found thread-bound EntityManager [SessionImpl(1636046894<open>)] for JPA transaction
2026-01-25 11:01:22.248 [http-nio-8080-exec-9] DEBUG o.s.orm.jpa.JpaTransactionManager - Creating new transaction with name [org.springframework.data.jpa.repository.support.SimpleJpaRepository.findById]: PROPAGATION_REQUIRED,ISOLATION_DEFAULT,readOnly
2026-01-25 11:01:22.248 [http-nio-8080-exec-9] DEBUG o.s.orm.jpa.JpaTransactionManager - Exposing JPA transaction as JDBC [org.springframework.orm.jpa.vendor.HibernateJpaDialect$HibernateConnectionHandle@7f6ac8a8]
2026-01-25 11:01:22.249 [http-nio-8080-exec-9] DEBUG o.s.orm.jpa.JpaTransactionManager - Initiating transaction commit
2026-01-25 11:01:22.249 [http-nio-8080-exec-9] DEBUG o.s.orm.jpa.JpaTransactionManager - Committing JPA transaction on EntityManager [SessionImpl(1636046894<open>)]
2026-01-25 11:01:22.249 [http-nio-8080-exec-9] DEBUG o.s.orm.jpa.JpaTransactionManager - Not closing pre-bound JPA EntityManager after transaction
2026-01-25 11:01:22.249 [http-nio-8080-exec-9] DEBUG o.s.orm.jpa.JpaTransactionManager - Found thread-bound EntityManager [SessionImpl(1636046894<open>)] for JPA transaction
2026-01-25 11:01:22.249 [http-nio-8080-exec-9] DEBUG o.s.orm.jpa.JpaTransactionManager - Creating new transaction with name [org.springframework.data.jpa.repository.support.SimpleJpaRepository.findById]: PROPAGATION_REQUIRED,ISOLATION_DEFAULT,readOnly
2026-01-25 11:01:22.250 [http-nio-8080-exec-9] DEBUG o.s.orm.jpa.JpaTransactionManager - Exposing JPA transaction as JDBC [org.springframework.orm.jpa.vendor.HibernateJpaDialect$HibernateConnectionHandle@1b942b93]
2026-01-25 11:01:22.250 [http-nio-8080-exec-9] DEBUG o.s.orm.jpa.JpaTransactionManager - Initiating transaction commit
2026-01-25 11:01:22.250 [http-nio-8080-exec-9] DEBUG o.s.orm.jpa.JpaTransactionManager - Committing JPA transaction on EntityManager [SessionImpl(1636046894<open>)]
2026-01-25 11:01:22.250 [http-nio-8080-exec-9] DEBUG o.s.orm.jpa.JpaTransactionManager - Not closing pre-bound JPA EntityManager after transaction
2026-01-25 11:01:22.250 [http-nio-8080-exec-9] DEBUG o.s.orm.jpa.JpaTransactionManager - Found thread-bound EntityManager [SessionImpl(1636046894<open>)] for JPA transaction
2026-01-25 11:01:22.250 [http-nio-8080-exec-9] DEBUG o.s.orm.jpa.JpaTransactionManager - Creating new transaction with name [org.springframework.data.jpa.repository.support.SimpleJpaRepository.save]: PROPAGATION_REQUIRED,ISOLATION_DEFAULT
2026-01-25 11:01:22.250 [http-nio-8080-exec-9] DEBUG o.s.orm.jpa.JpaTransactionManager - Exposing JPA transaction as JDBC [org.springframework.orm.jpa.vendor.HibernateJpaDialect$HibernateConnectionHandle@2c124c5a]
2026-01-25 11:01:22.250 [http-nio-8080-exec-9] DEBUG o.s.orm.jpa.JpaTransactionManager - Initiating transaction commit
2026-01-25 11:01:22.250 [http-nio-8080-exec-9] DEBUG o.s.orm.jpa.JpaTransactionManager - Committing JPA transaction on EntityManager [SessionImpl(1636046894<open>)]
2026-01-25 11:01:22.253 [http-nio-8080-exec-9] DEBUG o.s.orm.jpa.JpaTransactionManager - Not closing pre-bound JPA EntityManager after transaction
2026-01-25 11:01:22.254 [http-nio-8080-exec-9] DEBUG o.s.w.s.m.m.a.RequestResponseBodyMethodProcessor - Using 'application/json', given [*/*] and supported [application/json, application/*+json]
2026-01-25 11:01:22.254 [http-nio-8080-exec-9] DEBUG o.s.w.s.m.m.a.RequestResponseBodyMethodProcessor - Writing [Result(code=200, message=Mock支付成功，订单状态已更新, data=success)]
2026-01-25 11:01:22.254 [http-nio-8080-exec-9] DEBUG o.s.o.j.s.OpenEntityManagerInViewInterceptor - Closing JPA EntityManager in OpenEntityManagerInViewInterceptor
2026-01-25 11:01:22.254 [http-nio-8080-exec-9] DEBUG o.s.web.servlet.DispatcherServlet - Completed 200 OK
2026-01-25 11:01:24.632 [http-nio-8080-exec-3] DEBUG o.s.web.servlet.DispatcherServlet - GET "/api/booking/orders", parameters={}
2026-01-25 11:01:24.632 [http-nio-8080-exec-10] DEBUG o.s.web.servlet.DispatcherServlet - GET "/api/user/info", parameters={}
2026-01-25 11:01:24.632 [http-nio-8080-exec-1] DEBUG o.s.web.servlet.DispatcherServlet - GET "/api/payment/orders", parameters={}
2026-01-25 11:01:24.634 [http-nio-8080-exec-10] DEBUG o.s.w.s.m.m.a.RequestMappingHandlerMapping - Mapped to com.oxygen.capsule.controller.UserController#getUserInfo(String)
2026-01-25 11:01:24.634 [http-nio-8080-exec-3] DEBUG o.s.w.s.m.m.a.RequestMappingHandlerMapping - Mapped to com.oxygen.capsule.controller.BookingController#getUserOrders(String)
2026-01-25 11:01:24.634 [http-nio-8080-exec-1] DEBUG o.s.w.s.m.m.a.RequestMappingHandlerMapping - Mapped to com.oxygen.capsule.controller.PaymentController#getUserPaymentOrders(String)
2026-01-25 11:01:24.634 [http-nio-8080-exec-3] DEBUG o.s.o.j.s.OpenEntityManagerInViewInterceptor - Opening JPA EntityManager in OpenEntityManagerInViewInterceptor
2026-01-25 11:01:24.634 [http-nio-8080-exec-1] DEBUG o.s.o.j.s.OpenEntityManagerInViewInterceptor - Opening JPA EntityManager in OpenEntityManagerInViewInterceptor
2026-01-25 11:01:24.634 [http-nio-8080-exec-10] DEBUG o.s.o.j.s.OpenEntityManagerInViewInterceptor - Opening JPA EntityManager in OpenEntityManagerInViewInterceptor
2026-01-25 11:01:24.648 [http-nio-8080-exec-10] DEBUG o.s.orm.jpa.JpaTransactionManager - Found thread-bound EntityManager [SessionImpl(355343802<open>)] for JPA transaction
2026-01-25 11:01:24.648 [http-nio-8080-exec-3] DEBUG o.s.orm.jpa.JpaTransactionManager - Found thread-bound EntityManager [SessionImpl(1328270387<open>)] for JPA transaction
2026-01-25 11:01:24.649 [http-nio-8080-exec-3] DEBUG o.s.orm.jpa.JpaTransactionManager - Creating new transaction with name [org.springframework.data.jpa.repository.support.SimpleJpaRepository.findById]: PROPAGATION_REQUIRED,ISOLATION_DEFAULT,readOnly
2026-01-25 11:01:24.649 [http-nio-8080-exec-10] DEBUG o.s.orm.jpa.JpaTransactionManager - Creating new transaction with name [org.springframework.data.jpa.repository.support.SimpleJpaRepository.findById]: PROPAGATION_REQUIRED,ISOLATION_DEFAULT,readOnly
2026-01-25 11:01:24.650 [http-nio-8080-exec-10] DEBUG o.s.orm.jpa.JpaTransactionManager - Exposing JPA transaction as JDBC [org.springframework.orm.jpa.vendor.HibernateJpaDialect$HibernateConnectionHandle@57dc118b]
2026-01-25 11:01:24.650 [http-nio-8080-exec-3] DEBUG o.s.orm.jpa.JpaTransactionManager - Exposing JPA transaction as JDBC [org.springframework.orm.jpa.vendor.HibernateJpaDialect$HibernateConnectionHandle@3b86feb3]
2026-01-25 11:01:24.653 [http-nio-8080-exec-3] DEBUG o.s.orm.jpa.JpaTransactionManager - Initiating transaction commit
2026-01-25 11:01:24.653 [http-nio-8080-exec-10] DEBUG o.s.orm.jpa.JpaTransactionManager - Initiating transaction commit
2026-01-25 11:01:24.654 [http-nio-8080-exec-3] DEBUG o.s.orm.jpa.JpaTransactionManager - Committing JPA transaction on EntityManager [SessionImpl(1328270387<open>)]
2026-01-25 11:01:24.654 [http-nio-8080-exec-10] DEBUG o.s.orm.jpa.JpaTransactionManager - Committing JPA transaction on EntityManager [SessionImpl(355343802<open>)]
2026-01-25 11:01:24.654 [http-nio-8080-exec-1] DEBUG o.s.orm.jpa.JpaTransactionManager - Found thread-bound EntityManager [SessionImpl(1637698530<open>)] for JPA transaction
2026-01-25 11:01:24.654 [http-nio-8080-exec-1] DEBUG o.s.orm.jpa.JpaTransactionManager - Creating new transaction with name [org.springframework.data.jpa.repository.support.SimpleJpaRepository.findById]: PROPAGATION_REQUIRED,ISOLATION_DEFAULT,readOnly
2026-01-25 11:01:24.654 [http-nio-8080-exec-10] DEBUG o.s.orm.jpa.JpaTransactionManager - Not closing pre-bound JPA EntityManager after transaction
2026-01-25 11:01:24.654 [http-nio-8080-exec-3] DEBUG o.s.orm.jpa.JpaTransactionManager - Not closing pre-bound JPA EntityManager after transaction
2026-01-25 11:01:24.654 [http-nio-8080-exec-1] DEBUG o.s.orm.jpa.JpaTransactionManager - Exposing JPA transaction as JDBC [org.springframework.orm.jpa.vendor.HibernateJpaDialect$HibernateConnectionHandle@f712a66]
2026-01-25 11:01:24.655 [http-nio-8080-exec-1] DEBUG o.s.orm.jpa.JpaTransactionManager - Initiating transaction commit
2026-01-25 11:01:24.655 [http-nio-8080-exec-1] DEBUG o.s.orm.jpa.JpaTransactionManager - Committing JPA transaction on EntityManager [SessionImpl(1637698530<open>)]
2026-01-25 11:01:24.656 [http-nio-8080-exec-1] DEBUG o.s.orm.jpa.JpaTransactionManager - Not closing pre-bound JPA EntityManager after transaction
2026-01-25 11:01:24.656 [http-nio-8080-exec-1] DEBUG o.s.orm.jpa.JpaTransactionManager - Found thread-bound EntityManager [SessionImpl(1637698530<open>)] for JPA transaction
2026-01-25 11:01:24.656 [http-nio-8080-exec-1] DEBUG o.s.orm.jpa.JpaTransactionManager - Creating new transaction with name [org.springframework.data.jpa.repository.support.SimpleJpaRepository.findById]: PROPAGATION_REQUIRED,ISOLATION_DEFAULT,readOnly
2026-01-25 11:01:24.656 [http-nio-8080-exec-3] DEBUG o.s.w.s.m.m.a.RequestResponseBodyMethodProcessor - Using 'application/json', given [*/*] and supported [application/json, application/*+json]
2026-01-25 11:01:24.656 [http-nio-8080-exec-10] DEBUG o.s.w.s.m.m.a.RequestResponseBodyMethodProcessor - Using 'application/json', given [*/*] and supported [application/json, application/*+json]
2026-01-25 11:01:24.656 [http-nio-8080-exec-1] DEBUG o.s.orm.jpa.JpaTransactionManager - Exposing JPA transaction as JDBC [org.springframework.orm.jpa.vendor.HibernateJpaDialect$HibernateConnectionHandle@6e314329]
2026-01-25 11:01:24.656 [http-nio-8080-exec-3] DEBUG o.s.w.s.m.m.a.RequestResponseBodyMethodProcessor - Writing [Result(code=200, message=success, data=[])]
2026-01-25 11:01:24.656 [http-nio-8080-exec-10] DEBUG o.s.w.s.m.m.a.RequestResponseBodyMethodProcessor - Writing [Result(code=200, message=success, data={totalVisits=0, remainingVisits=200, memberExpireTime=2037-03 (truncated)...]
2026-01-25 11:01:24.657 [http-nio-8080-exec-3] DEBUG o.s.o.j.s.OpenEntityManagerInViewInterceptor - Closing JPA EntityManager in OpenEntityManagerInViewInterceptor
2026-01-25 11:01:24.657 [http-nio-8080-exec-10] DEBUG o.s.o.j.s.OpenEntityManagerInViewInterceptor - Closing JPA EntityManager in OpenEntityManagerInViewInterceptor
2026-01-25 11:01:24.657 [http-nio-8080-exec-1] DEBUG o.s.orm.jpa.JpaTransactionManager - Initiating transaction commit
2026-01-25 11:01:24.657 [http-nio-8080-exec-1] DEBUG o.s.orm.jpa.JpaTransactionManager - Committing JPA transaction on EntityManager [SessionImpl(1637698530<open>)]
2026-01-25 11:01:24.657 [http-nio-8080-exec-10] DEBUG o.s.web.servlet.DispatcherServlet - Completed 200 OK
2026-01-25 11:01:24.657 [http-nio-8080-exec-3] DEBUG o.s.web.servlet.DispatcherServlet - Completed 200 OK
2026-01-25 11:01:24.658 [http-nio-8080-exec-1] DEBUG o.s.orm.jpa.JpaTransactionManager - Not closing pre-bound JPA EntityManager after transaction
2026-01-25 11:01:24.658 [http-nio-8080-exec-1] DEBUG o.s.orm.jpa.JpaTransactionManager - Found thread-bound EntityManager [SessionImpl(1637698530<open>)] for JPA transaction
2026-01-25 11:01:24.658 [http-nio-8080-exec-1] DEBUG o.s.orm.jpa.JpaTransactionManager - Creating new transaction with name [org.springframework.data.jpa.repository.support.SimpleJpaRepository.findById]: PROPAGATION_REQUIRED,ISOLATION_DEFAULT,readOnly
2026-01-25 11:01:24.658 [http-nio-8080-exec-1] DEBUG o.s.orm.jpa.JpaTransactionManager - Exposing JPA transaction as JDBC [org.springframework.orm.jpa.vendor.HibernateJpaDialect$HibernateConnectionHandle@22642ae3]
2026-01-25 11:01:24.658 [http-nio-8080-exec-1] DEBUG o.s.orm.jpa.JpaTransactionManager - Initiating transaction commit
2026-01-25 11:01:24.658 [http-nio-8080-exec-1] DEBUG o.s.orm.jpa.JpaTransactionManager - Committing JPA transaction on EntityManager [SessionImpl(1637698530<open>)]
2026-01-25 11:01:24.659 [http-nio-8080-exec-1] DEBUG o.s.orm.jpa.JpaTransactionManager - Not closing pre-bound JPA EntityManager after transaction
2026-01-25 11:01:24.659 [http-nio-8080-exec-1] DEBUG o.s.w.s.m.m.a.RequestResponseBodyMethodProcessor - Using 'application/json', given [*/*] and supported [application/json, application/*+json]
2026-01-25 11:01:24.659 [http-nio-8080-exec-1] DEBUG o.s.w.s.m.m.a.RequestResponseBodyMethodProcessor - Writing [Result(code=200, message=success, data=[{packageCategory=个人畅享, cardEndDate=2026-02-24T00:00, orderNo (truncated)...]
2026-01-25 11:01:24.660 [http-nio-8080-exec-6] DEBUG o.s.web.servlet.DispatcherServlet - GET "/api/user/info", parameters={}
2026-01-25 11:01:24.660 [http-nio-8080-exec-5] DEBUG o.s.web.servlet.DispatcherServlet - GET "/api/booking/orders", parameters={}
2026-01-25 11:01:24.660 [http-nio-8080-exec-6] DEBUG o.s.w.s.m.m.a.RequestMappingHandlerMapping - Mapped to com.oxygen.capsule.controller.UserController#getUserInfo(String)
2026-01-25 11:01:24.660 [http-nio-8080-exec-1] DEBUG o.s.o.j.s.OpenEntityManagerInViewInterceptor - Closing JPA EntityManager in OpenEntityManagerInViewInterceptor
2026-01-25 11:01:24.660 [http-nio-8080-exec-6] DEBUG o.s.o.j.s.OpenEntityManagerInViewInterceptor - Opening JPA EntityManager in OpenEntityManagerInViewInterceptor
2026-01-25 11:01:24.660 [http-nio-8080-exec-1] DEBUG o.s.web.servlet.DispatcherServlet - Completed 200 OK
2026-01-25 11:01:24.660 [http-nio-8080-exec-5] DEBUG o.s.w.s.m.m.a.RequestMappingHandlerMapping - Mapped to com.oxygen.capsule.controller.BookingController#getUserOrders(String)
2026-01-25 11:01:24.660 [http-nio-8080-exec-5] DEBUG o.s.o.j.s.OpenEntityManagerInViewInterceptor - Opening JPA EntityManager in OpenEntityManagerInViewInterceptor
2026-01-25 11:01:24.661 [http-nio-8080-exec-5] DEBUG o.s.orm.jpa.JpaTransactionManager - Found thread-bound EntityManager [SessionImpl(1757299030<open>)] for JPA transaction
2026-01-25 11:01:24.661 [http-nio-8080-exec-5] DEBUG o.s.orm.jpa.JpaTransactionManager - Creating new transaction with name [org.springframework.data.jpa.repository.support.SimpleJpaRepository.findById]: PROPAGATION_REQUIRED,ISOLATION_DEFAULT,readOnly
2026-01-25 11:01:24.661 [http-nio-8080-exec-6] DEBUG o.s.orm.jpa.JpaTransactionManager - Found thread-bound EntityManager [SessionImpl(554135605<open>)] for JPA transaction
2026-01-25 11:01:24.661 [http-nio-8080-exec-6] DEBUG o.s.orm.jpa.JpaTransactionManager - Creating new transaction with name [org.springframework.data.jpa.repository.support.SimpleJpaRepository.findById]: PROPAGATION_REQUIRED,ISOLATION_DEFAULT,readOnly
2026-01-25 11:01:24.662 [http-nio-8080-exec-5] DEBUG o.s.orm.jpa.JpaTransactionManager - Exposing JPA transaction as JDBC [org.springframework.orm.jpa.vendor.HibernateJpaDialect$HibernateConnectionHandle@3d50dc8b]
2026-01-25 11:01:24.662 [http-nio-8080-exec-6] DEBUG o.s.orm.jpa.JpaTransactionManager - Exposing JPA transaction as JDBC [org.springframework.orm.jpa.vendor.HibernateJpaDialect$HibernateConnectionHandle@6a2a27bd]
2026-01-25 11:01:24.662 [http-nio-8080-exec-5] DEBUG o.s.orm.jpa.JpaTransactionManager - Initiating transaction commit
2026-01-25 11:01:24.663 [http-nio-8080-exec-5] DEBUG o.s.orm.jpa.JpaTransactionManager - Committing JPA transaction on EntityManager [SessionImpl(1757299030<open>)]
2026-01-25 11:01:24.663 [http-nio-8080-exec-6] DEBUG o.s.orm.jpa.JpaTransactionManager - Initiating transaction commit
2026-01-25 11:01:24.663 [http-nio-8080-exec-6] DEBUG o.s.orm.jpa.JpaTransactionManager - Committing JPA transaction on EntityManager [SessionImpl(554135605<open>)]
2026-01-25 11:01:24.663 [http-nio-8080-exec-5] DEBUG o.s.orm.jpa.JpaTransactionManager - Not closing pre-bound JPA EntityManager after transaction
2026-01-25 11:01:24.663 [http-nio-8080-exec-6] DEBUG o.s.orm.jpa.JpaTransactionManager - Not closing pre-bound JPA EntityManager after transaction
2026-01-25 11:01:24.663 [http-nio-8080-exec-2] DEBUG o.s.web.servlet.DispatcherServlet - GET "/api/payment/orders", parameters={}
2026-01-25 11:01:24.663 [http-nio-8080-exec-2] DEBUG o.s.w.s.m.m.a.RequestMappingHandlerMapping - Mapped to com.oxygen.capsule.controller.PaymentController#getUserPaymentOrders(String)
2026-01-25 11:01:24.663 [http-nio-8080-exec-2] DEBUG o.s.o.j.s.OpenEntityManagerInViewInterceptor - Opening JPA EntityManager in OpenEntityManagerInViewInterceptor
2026-01-25 11:01:24.665 [http-nio-8080-exec-6] DEBUG o.s.w.s.m.m.a.RequestResponseBodyMethodProcessor - Using 'application/json', given [*/*] and supported [application/json, application/*+json]
2026-01-25 11:01:24.665 [http-nio-8080-exec-5] DEBUG o.s.w.s.m.m.a.RequestResponseBodyMethodProcessor - Using 'application/json', given [*/*] and supported [application/json, application/*+json]
2026-01-25 11:01:24.665 [http-nio-8080-exec-5] DEBUG o.s.w.s.m.m.a.RequestResponseBodyMethodProcessor - Writing [Result(code=200, message=success, data=[])]
2026-01-25 11:01:24.665 [http-nio-8080-exec-6] DEBUG o.s.w.s.m.m.a.RequestResponseBodyMethodProcessor - Writing [Result(code=200, message=success, data={totalVisits=0, remainingVisits=200, memberExpireTime=2037-03 (truncated)...]
2026-01-25 11:01:24.665 [http-nio-8080-exec-6] DEBUG o.s.o.j.s.OpenEntityManagerInViewInterceptor - Closing JPA EntityManager in OpenEntityManagerInViewInterceptor
2026-01-25 11:01:24.665 [http-nio-8080-exec-5] DEBUG o.s.o.j.s.OpenEntityManagerInViewInterceptor - Closing JPA EntityManager in OpenEntityManagerInViewInterceptor
2026-01-25 11:01:24.665 [http-nio-8080-exec-6] DEBUG o.s.web.servlet.DispatcherServlet - Completed 200 OK
2026-01-25 11:01:24.665 [http-nio-8080-exec-5] DEBUG o.s.web.servlet.DispatcherServlet - Completed 200 OK
2026-01-25 11:01:24.665 [http-nio-8080-exec-2] DEBUG o.s.orm.jpa.JpaTransactionManager - Found thread-bound EntityManager [SessionImpl(42421592<open>)] for JPA transaction
2026-01-25 11:01:24.665 [http-nio-8080-exec-2] DEBUG o.s.orm.jpa.JpaTransactionManager - Creating new transaction with name [org.springframework.data.jpa.repository.support.SimpleJpaRepository.findById]: PROPAGATION_REQUIRED,ISOLATION_DEFAULT,readOnly
2026-01-25 11:01:24.666 [http-nio-8080-exec-2] DEBUG o.s.orm.jpa.JpaTransactionManager - Exposing JPA transaction as JDBC [org.springframework.orm.jpa.vendor.HibernateJpaDialect$HibernateConnectionHandle@4a87f9aa]
2026-01-25 11:01:24.667 [http-nio-8080-exec-2] DEBUG o.s.orm.jpa.JpaTransactionManager - Initiating transaction commit
2026-01-25 11:01:24.667 [http-nio-8080-exec-2] DEBUG o.s.orm.jpa.JpaTransactionManager - Committing JPA transaction on EntityManager [SessionImpl(42421592<open>)]
2026-01-25 11:01:24.668 [http-nio-8080-exec-2] DEBUG o.s.orm.jpa.JpaTransactionManager - Not closing pre-bound JPA EntityManager after transaction
2026-01-25 11:01:24.668 [http-nio-8080-exec-2] DEBUG o.s.orm.jpa.JpaTransactionManager - Found thread-bound EntityManager [SessionImpl(42421592<open>)] for JPA transaction
2026-01-25 11:01:24.668 [http-nio-8080-exec-2] DEBUG o.s.orm.jpa.JpaTransactionManager - Creating new transaction with name [org.springframework.data.jpa.repository.support.SimpleJpaRepository.findById]: PROPAGATION_REQUIRED,ISOLATION_DEFAULT,readOnly
2026-01-25 11:01:24.668 [http-nio-8080-exec-2] DEBUG o.s.orm.jpa.JpaTransactionManager - Exposing JPA transaction as JDBC [org.springframework.orm.jpa.vendor.HibernateJpaDialect$HibernateConnectionHandle@74fe3a84]
2026-01-25 11:01:24.669 [http-nio-8080-exec-2] DEBUG o.s.orm.jpa.JpaTransactionManager - Initiating transaction commit
2026-01-25 11:01:24.669 [http-nio-8080-exec-2] DEBUG o.s.orm.jpa.JpaTransactionManager - Committing JPA transaction on EntityManager [SessionImpl(42421592<open>)]
2026-01-25 11:01:24.670 [http-nio-8080-exec-2] DEBUG o.s.orm.jpa.JpaTransactionManager - Not closing pre-bound JPA EntityManager after transaction
2026-01-25 11:01:24.670 [http-nio-8080-exec-2] DEBUG o.s.orm.jpa.JpaTransactionManager - Found thread-bound EntityManager [SessionImpl(42421592<open>)] for JPA transaction
2026-01-25 11:01:24.670 [http-nio-8080-exec-2] DEBUG o.s.orm.jpa.JpaTransactionManager - Creating new transaction with name [org.springframework.data.jpa.repository.support.SimpleJpaRepository.findById]: PROPAGATION_REQUIRED,ISOLATION_DEFAULT,readOnly
2026-01-25 11:01:24.670 [http-nio-8080-exec-2] DEBUG o.s.orm.jpa.JpaTransactionManager - Exposing JPA transaction as JDBC [org.springframework.orm.jpa.vendor.HibernateJpaDialect$HibernateConnectionHandle@b66d7c7]
2026-01-25 11:01:24.671 [http-nio-8080-exec-2] DEBUG o.s.orm.jpa.JpaTransactionManager - Initiating transaction commit
2026-01-25 11:01:24.671 [http-nio-8080-exec-2] DEBUG o.s.orm.jpa.JpaTransactionManager - Committing JPA transaction on EntityManager [SessionImpl(42421592<open>)]
2026-01-25 11:01:24.671 [http-nio-8080-exec-2] DEBUG o.s.orm.jpa.JpaTransactionManager - Not closing pre-bound JPA EntityManager after transaction
2026-01-25 11:01:24.674 [http-nio-8080-exec-2] DEBUG o.s.w.s.m.m.a.RequestResponseBodyMethodProcessor - Using 'application/json', given [*/*] and supported [application/json, application/*+json]
2026-01-25 11:01:24.675 [http-nio-8080-exec-2] DEBUG o.s.w.s.m.m.a.RequestResponseBodyMethodProcessor - Writing [Result(code=200, message=success, data=[{packageCategory=个人畅享, cardEndDate=2026-02-24T00:00, orderNo (truncated)...]
2026-01-25 11:01:24.675 [http-nio-8080-exec-2] DEBUG o.s.o.j.s.OpenEntityManagerInViewInterceptor - Closing JPA EntityManager in OpenEntityManagerInViewInterceptor
2026-01-25 11:01:24.675 [http-nio-8080-exec-2] DEBUG o.s.web.servlet.DispatcherServlet - Completed 200 OK
2026-01-25 11:01:24.685 [http-nio-8080-exec-8] DEBUG o.s.web.servlet.DispatcherServlet - GET "/api/user/info", parameters={}
2026-01-25 11:01:24.685 [http-nio-8080-exec-8] DEBUG o.s.w.s.m.m.a.RequestMappingHandlerMapping - Mapped to com.oxygen.capsule.controller.UserController#getUserInfo(String)
2026-01-25 11:01:24.685 [http-nio-8080-exec-8] DEBUG o.s.o.j.s.OpenEntityManagerInViewInterceptor - Opening JPA EntityManager in OpenEntityManagerInViewInterceptor
2026-01-25 11:01:24.686 [http-nio-8080-exec-8] DEBUG o.s.orm.jpa.JpaTransactionManager - Found thread-bound EntityManager [SessionImpl(17952152<open>)] for JPA transaction
2026-01-25 11:01:24.686 [http-nio-8080-exec-8] DEBUG o.s.orm.jpa.JpaTransactionManager - Creating new transaction with name [org.springframework.data.jpa.repository.support.SimpleJpaRepository.findById]: PROPAGATION_REQUIRED,ISOLATION_DEFAULT,readOnly
2026-01-25 11:01:24.686 [http-nio-8080-exec-8] DEBUG o.s.orm.jpa.JpaTransactionManager - Exposing JPA transaction as JDBC [org.springframework.orm.jpa.vendor.HibernateJpaDialect$HibernateConnectionHandle@18c40b0a]
2026-01-25 11:01:24.687 [http-nio-8080-exec-8] DEBUG o.s.orm.jpa.JpaTransactionManager - Initiating transaction commit
2026-01-25 11:01:24.687 [http-nio-8080-exec-8] DEBUG o.s.orm.jpa.JpaTransactionManager - Committing JPA transaction on EntityManager [SessionImpl(17952152<open>)]
2026-01-25 11:01:24.688 [http-nio-8080-exec-8] DEBUG o.s.orm.jpa.JpaTransactionManager - Not closing pre-bound JPA EntityManager after transaction
2026-01-25 11:01:24.691 [http-nio-8080-exec-8] DEBUG o.s.w.s.m.m.a.RequestResponseBodyMethodProcessor - Using 'application/json', given [*/*] and supported [application/json, application/*+json]
2026-01-25 11:01:24.691 [http-nio-8080-exec-8] DEBUG o.s.w.s.m.m.a.RequestResponseBodyMethodProcessor - Writing [Result(code=200, message=success, data={totalVisits=0, remainingVisits=200, memberExpireTime=2037-03 (truncated)...]
2026-01-25 11:01:24.691 [http-nio-8080-exec-8] DEBUG o.s.o.j.s.OpenEntityManagerInViewInterceptor - Closing JPA EntityManager in OpenEntityManagerInViewInterceptor
2026-01-25 11:01:24.691 [http-nio-8080-exec-8] DEBUG o.s.web.servlet.DispatcherServlet - Completed 200 OK
2026-01-25 11:01:24.702 [http-nio-8080-exec-7] DEBUG o.s.web.servlet.DispatcherServlet - GET "/api/user/info", parameters={}
2026-01-25 11:01:24.702 [http-nio-8080-exec-7] DEBUG o.s.w.s.m.m.a.RequestMappingHandlerMapping - Mapped to com.oxygen.capsule.controller.UserController#getUserInfo(String)
2026-01-25 11:01:24.702 [http-nio-8080-exec-7] DEBUG o.s.o.j.s.OpenEntityManagerInViewInterceptor - Opening JPA EntityManager in OpenEntityManagerInViewInterceptor
2026-01-25 11:01:24.703 [http-nio-8080-exec-7] DEBUG o.s.orm.jpa.JpaTransactionManager - Found thread-bound EntityManager [SessionImpl(692902596<open>)] for JPA transaction
2026-01-25 11:01:24.703 [http-nio-8080-exec-7] DEBUG o.s.orm.jpa.JpaTransactionManager - Creating new transaction with name [org.springframework.data.jpa.repository.support.SimpleJpaRepository.findById]: PROPAGATION_REQUIRED,ISOLATION_DEFAULT,readOnly
2026-01-25 11:01:24.703 [http-nio-8080-exec-7] DEBUG o.s.orm.jpa.JpaTransactionManager - Exposing JPA transaction as JDBC [org.springframework.orm.jpa.vendor.HibernateJpaDialect$HibernateConnectionHandle@2173ee40]
2026-01-25 11:01:24.704 [http-nio-8080-exec-7] DEBUG o.s.orm.jpa.JpaTransactionManager - Initiating transaction commit
2026-01-25 11:01:24.704 [http-nio-8080-exec-7] DEBUG o.s.orm.jpa.JpaTransactionManager - Committing JPA transaction on EntityManager [SessionImpl(692902596<open>)]
2026-01-25 11:01:24.704 [http-nio-8080-exec-7] DEBUG o.s.orm.jpa.JpaTransactionManager - Not closing pre-bound JPA EntityManager after transaction
2026-01-25 11:01:24.706 [http-nio-8080-exec-7] DEBUG o.s.w.s.m.m.a.RequestResponseBodyMethodProcessor - Using 'application/json', given [*/*] and supported [application/json, application/*+json]
2026-01-25 11:01:24.706 [http-nio-8080-exec-7] DEBUG o.s.w.s.m.m.a.RequestResponseBodyMethodProcessor - Writing [Result(code=200, message=success, data={totalVisits=0, remainingVisits=200, memberExpireTime=2037-03 (truncated)...]
2026-01-25 11:01:24.706 [http-nio-8080-exec-7] DEBUG o.s.o.j.s.OpenEntityManagerInViewInterceptor - Closing JPA EntityManager in OpenEntityManagerInViewInterceptor
2026-01-25 11:01:24.706 [http-nio-8080-exec-7] DEBUG o.s.web.servlet.DispatcherServlet - Completed 200 OK
2026-01-25 11:01:44.452 [http-nio-8080-exec-4] DEBUG o.s.web.servlet.DispatcherServlet - GET "/api/packages/category?category=%E4%B8%AA%E4%BA%BA%E7%95%85%E4%BA%AB", parameters={masked}
2026-01-25 11:01:44.453 [http-nio-8080-exec-4] DEBUG o.s.w.s.m.m.a.RequestMappingHandlerMapping - Mapped to com.oxygen.capsule.controller.MemberPackageController#getPackagesByCategoryParam(String)
2026-01-25 11:01:44.453 [http-nio-8080-exec-4] DEBUG o.s.o.j.s.OpenEntityManagerInViewInterceptor - Opening JPA EntityManager in OpenEntityManagerInViewInterceptor
2026-01-25 11:01:44.459 [http-nio-8080-exec-4] DEBUG o.s.w.s.m.m.a.RequestResponseBodyMethodProcessor - Using 'application/json', given [*/*] and supported [application/json, application/*+json]
2026-01-25 11:01:44.459 [http-nio-8080-exec-4] DEBUG o.s.w.s.m.m.a.RequestResponseBodyMethodProcessor - Writing [Result(code=200, message=success, data=[MemberPackage(id=1, code=MONTHLY, name=月卡, price=3980.0, peo (truncated)...]
2026-01-25 11:01:44.460 [http-nio-8080-exec-4] DEBUG o.s.o.j.s.OpenEntityManagerInViewInterceptor - Closing JPA EntityManager in OpenEntityManagerInViewInterceptor
2026-01-25 11:01:44.461 [http-nio-8080-exec-4] DEBUG o.s.web.servlet.DispatcherServlet - Completed 200 OK
2026-01-25 11:01:44.462 [http-nio-8080-exec-9] DEBUG o.s.web.servlet.DispatcherServlet - GET "/api/packages/category?category=%E4%B8%AA%E4%BA%BA%E7%95%85%E4%BA%AB", parameters={masked}
2026-01-25 11:01:44.463 [http-nio-8080-exec-9] DEBUG o.s.w.s.m.m.a.RequestMappingHandlerMapping - Mapped to com.oxygen.capsule.controller.MemberPackageController#getPackagesByCategoryParam(String)
2026-01-25 11:01:44.463 [http-nio-8080-exec-9] DEBUG o.s.o.j.s.OpenEntityManagerInViewInterceptor - Opening JPA EntityManager in OpenEntityManagerInViewInterceptor
2026-01-25 11:01:44.466 [http-nio-8080-exec-9] DEBUG o.s.w.s.m.m.a.RequestResponseBodyMethodProcessor - Using 'application/json', given [*/*] and supported [application/json, application/*+json]
2026-01-25 11:01:44.466 [http-nio-8080-exec-9] DEBUG o.s.w.s.m.m.a.RequestResponseBodyMethodProcessor - Writing [Result(code=200, message=success, data=[MemberPackage(id=1, code=MONTHLY, name=月卡, price=3980.0, peo (truncated)...]
2026-01-25 11:01:44.466 [http-nio-8080-exec-9] DEBUG o.s.o.j.s.OpenEntityManagerInViewInterceptor - Closing JPA EntityManager in OpenEntityManagerInViewInterceptor
2026-01-25 11:01:44.467 [http-nio-8080-exec-9] DEBUG o.s.web.servlet.DispatcherServlet - Completed 200 OK
2026-01-25 11:01:45.835 [http-nio-8080-exec-3] DEBUG o.s.web.servlet.DispatcherServlet - GET "/api/packages/category?category=%E5%A4%9A%E4%BA%BA%E5%B0%8A%E4%BA%AB", parameters={masked}
2026-01-25 11:01:45.837 [http-nio-8080-exec-3] DEBUG o.s.w.s.m.m.a.RequestMappingHandlerMapping - Mapped to com.oxygen.capsule.controller.MemberPackageController#getPackagesByCategoryParam(String)
2026-01-25 11:01:45.838 [http-nio-8080-exec-3] DEBUG o.s.o.j.s.OpenEntityManagerInViewInterceptor - Opening JPA EntityManager in OpenEntityManagerInViewInterceptor
2026-01-25 11:01:45.848 [http-nio-8080-exec-3] DEBUG o.s.w.s.m.m.a.RequestResponseBodyMethodProcessor - Using 'application/json', given [*/*] and supported [application/json, application/*+json]
2026-01-25 11:01:45.849 [http-nio-8080-exec-3] DEBUG o.s.w.s.m.m.a.RequestResponseBodyMethodProcessor - Writing [Result(code=200, message=success, data=[MemberPackage(id=5, code=TWO_PEOPLE_HALF_YEAR, name=2人半年卡, p (truncated)...]
2026-01-25 11:01:45.850 [http-nio-8080-exec-3] DEBUG o.s.o.j.s.OpenEntityManagerInViewInterceptor - Closing JPA EntityManager in OpenEntityManagerInViewInterceptor
2026-01-25 11:01:45.850 [http-nio-8080-exec-3] DEBUG o.s.web.servlet.DispatcherServlet - Completed 200 OK
2026-01-25 11:01:47.307 [http-nio-8080-exec-1] DEBUG o.s.web.servlet.DispatcherServlet - GET "/api/payment/orders", parameters={}
2026-01-25 11:01:47.307 [http-nio-8080-exec-1] DEBUG o.s.w.s.m.m.a.RequestMappingHandlerMapping - Mapped to com.oxygen.capsule.controller.PaymentController#getUserPaymentOrders(String)
2026-01-25 11:01:47.307 [http-nio-8080-exec-1] DEBUG o.s.o.j.s.OpenEntityManagerInViewInterceptor - Opening JPA EntityManager in OpenEntityManagerInViewInterceptor
2026-01-25 11:01:47.313 [http-nio-8080-exec-1] DEBUG o.s.orm.jpa.JpaTransactionManager - Found thread-bound EntityManager [SessionImpl(957462211<open>)] for JPA transaction
2026-01-25 11:01:47.313 [http-nio-8080-exec-1] DEBUG o.s.orm.jpa.JpaTransactionManager - Creating new transaction with name [org.springframework.data.jpa.repository.support.SimpleJpaRepository.findById]: PROPAGATION_REQUIRED,ISOLATION_DEFAULT,readOnly
2026-01-25 11:01:47.314 [http-nio-8080-exec-1] DEBUG o.s.orm.jpa.JpaTransactionManager - Exposing JPA transaction as JDBC [org.springframework.orm.jpa.vendor.HibernateJpaDialect$HibernateConnectionHandle@2d85a0a5]
2026-01-25 11:01:47.315 [http-nio-8080-exec-1] DEBUG o.s.orm.jpa.JpaTransactionManager - Initiating transaction commit
2026-01-25 11:01:47.316 [http-nio-8080-exec-1] DEBUG o.s.orm.jpa.JpaTransactionManager - Committing JPA transaction on EntityManager [SessionImpl(957462211<open>)]
2026-01-25 11:01:47.316 [http-nio-8080-exec-1] DEBUG o.s.orm.jpa.JpaTransactionManager - Not closing pre-bound JPA EntityManager after transaction
2026-01-25 11:01:47.316 [http-nio-8080-exec-1] DEBUG o.s.orm.jpa.JpaTransactionManager - Found thread-bound EntityManager [SessionImpl(957462211<open>)] for JPA transaction
2026-01-25 11:01:47.316 [http-nio-8080-exec-1] DEBUG o.s.orm.jpa.JpaTransactionManager - Creating new transaction with name [org.springframework.data.jpa.repository.support.SimpleJpaRepository.findById]: PROPAGATION_REQUIRED,ISOLATION_DEFAULT,readOnly
2026-01-25 11:01:47.316 [http-nio-8080-exec-1] DEBUG o.s.orm.jpa.JpaTransactionManager - Exposing JPA transaction as JDBC [org.springframework.orm.jpa.vendor.HibernateJpaDialect$HibernateConnectionHandle@56971bc7]
2026-01-25 11:01:47.318 [http-nio-8080-exec-1] DEBUG o.s.orm.jpa.JpaTransactionManager - Initiating transaction commit
2026-01-25 11:01:47.318 [http-nio-8080-exec-1] DEBUG o.s.orm.jpa.JpaTransactionManager - Committing JPA transaction on EntityManager [SessionImpl(957462211<open>)]
2026-01-25 11:01:47.318 [http-nio-8080-exec-1] DEBUG o.s.orm.jpa.JpaTransactionManager - Not closing pre-bound JPA EntityManager after transaction
2026-01-25 11:01:47.318 [http-nio-8080-exec-1] DEBUG o.s.orm.jpa.JpaTransactionManager - Found thread-bound EntityManager [SessionImpl(957462211<open>)] for JPA transaction
2026-01-25 11:01:47.318 [http-nio-8080-exec-1] DEBUG o.s.orm.jpa.JpaTransactionManager - Creating new transaction with name [org.springframework.data.jpa.repository.support.SimpleJpaRepository.findById]: PROPAGATION_REQUIRED,ISOLATION_DEFAULT,readOnly
2026-01-25 11:01:47.319 [http-nio-8080-exec-1] DEBUG o.s.orm.jpa.JpaTransactionManager - Exposing JPA transaction as JDBC [org.springframework.orm.jpa.vendor.HibernateJpaDialect$HibernateConnectionHandle@1d8d174b]
2026-01-25 11:01:47.320 [http-nio-8080-exec-1] DEBUG o.s.orm.jpa.JpaTransactionManager - Initiating transaction commit
2026-01-25 11:01:47.320 [http-nio-8080-exec-1] DEBUG o.s.orm.jpa.JpaTransactionManager - Committing JPA transaction on EntityManager [SessionImpl(957462211<open>)]
2026-01-25 11:01:47.320 [http-nio-8080-exec-1] DEBUG o.s.orm.jpa.JpaTransactionManager - Not closing pre-bound JPA EntityManager after transaction
2026-01-25 11:01:47.321 [http-nio-8080-exec-1] DEBUG o.s.w.s.m.m.a.RequestResponseBodyMethodProcessor - Using 'application/json', given [*/*] and supported [application/json, application/*+json]
2026-01-25 11:01:47.321 [http-nio-8080-exec-1] DEBUG o.s.w.s.m.m.a.RequestResponseBodyMethodProcessor - Writing [Result(code=200, message=success, data=[{packageCategory=个人畅享, cardEndDate=2026-02-24T00:00, orderNo (truncated)...]
2026-01-25 11:01:47.321 [http-nio-8080-exec-1] DEBUG o.s.o.j.s.OpenEntityManagerInViewInterceptor - Closing JPA EntityManager in OpenEntityManagerInViewInterceptor
2026-01-25 11:01:47.322 [http-nio-8080-exec-1] DEBUG o.s.web.servlet.DispatcherServlet - Completed 200 OK
2026-01-25 11:01:47.330 [http-nio-8080-exec-10] DEBUG o.s.web.servlet.DispatcherServlet - GET "/api/user/info", parameters={}
2026-01-25 11:01:47.330 [http-nio-8080-exec-10] DEBUG o.s.w.s.m.m.a.RequestMappingHandlerMapping - Mapped to com.oxygen.capsule.controller.UserController#getUserInfo(String)
2026-01-25 11:01:47.330 [http-nio-8080-exec-10] DEBUG o.s.o.j.s.OpenEntityManagerInViewInterceptor - Opening JPA EntityManager in OpenEntityManagerInViewInterceptor
2026-01-25 11:01:47.332 [http-nio-8080-exec-10] DEBUG o.s.orm.jpa.JpaTransactionManager - Found thread-bound EntityManager [SessionImpl(1524323774<open>)] for JPA transaction
2026-01-25 11:01:47.332 [http-nio-8080-exec-10] DEBUG o.s.orm.jpa.JpaTransactionManager - Creating new transaction with name [org.springframework.data.jpa.repository.support.SimpleJpaRepository.findById]: PROPAGATION_REQUIRED,ISOLATION_DEFAULT,readOnly
2026-01-25 11:01:47.332 [http-nio-8080-exec-10] DEBUG o.s.orm.jpa.JpaTransactionManager - Exposing JPA transaction as JDBC [org.springframework.orm.jpa.vendor.HibernateJpaDialect$HibernateConnectionHandle@6942a7d1]
2026-01-25 11:01:47.334 [http-nio-8080-exec-10] DEBUG o.s.orm.jpa.JpaTransactionManager - Initiating transaction commit
2026-01-25 11:01:47.334 [http-nio-8080-exec-10] DEBUG o.s.orm.jpa.JpaTransactionManager - Committing JPA transaction on EntityManager [SessionImpl(1524323774<open>)]
2026-01-25 11:01:47.334 [http-nio-8080-exec-10] DEBUG o.s.orm.jpa.JpaTransactionManager - Not closing pre-bound JPA EntityManager after transaction
2026-01-25 11:01:47.336 [http-nio-8080-exec-10] DEBUG o.s.w.s.m.m.a.RequestResponseBodyMethodProcessor - Using 'application/json', given [*/*] and supported [application/json, application/*+json]
2026-01-25 11:01:47.336 [http-nio-8080-exec-10] DEBUG o.s.w.s.m.m.a.RequestResponseBodyMethodProcessor - Writing [Result(code=200, message=success, data={totalVisits=0, remainingVisits=200, memberExpireTime=2037-03 (truncated)...]
2026-01-25 11:01:47.336 [http-nio-8080-exec-10] DEBUG o.s.o.j.s.OpenEntityManagerInViewInterceptor - Closing JPA EntityManager in OpenEntityManagerInViewInterceptor
2026-01-25 11:01:47.336 [http-nio-8080-exec-10] DEBUG o.s.web.servlet.DispatcherServlet - Completed 200 OK
2026-01-25 11:01:47.348 [http-nio-8080-exec-6] DEBUG o.s.web.servlet.DispatcherServlet - GET "/api/staff/active-list", parameters={}
2026-01-25 11:01:47.348 [http-nio-8080-exec-6] DEBUG o.s.w.s.m.m.a.RequestMappingHandlerMapping - Mapped to com.oxygen.capsule.controller.StaffController#getActiveStaffs()
2026-01-25 11:01:47.348 [http-nio-8080-exec-6] DEBUG o.s.o.j.s.OpenEntityManagerInViewInterceptor - Opening JPA EntityManager in OpenEntityManagerInViewInterceptor
2026-01-25 11:01:47.350 [http-nio-8080-exec-6] DEBUG o.s.w.s.m.m.a.RequestResponseBodyMethodProcessor - Using 'application/json', given [*/*] and supported [application/json, application/*+json]
2026-01-25 11:01:47.350 [http-nio-8080-exec-6] DEBUG o.s.w.s.m.m.a.RequestResponseBodyMethodProcessor - Writing [Result(code=200, message=success, data=[{phone=18680815221, name=员工, id=2}])]
2026-01-25 11:01:47.350 [http-nio-8080-exec-6] DEBUG o.s.o.j.s.OpenEntityManagerInViewInterceptor - Closing JPA EntityManager in OpenEntityManagerInViewInterceptor
2026-01-25 11:01:47.351 [http-nio-8080-exec-6] DEBUG o.s.web.servlet.DispatcherServlet - Completed 200 OK
2026-01-25 11:01:57.808 [http-nio-8080-exec-5] DEBUG o.s.web.servlet.DispatcherServlet - POST "/api/payment/create-package-order", parameters={}
2026-01-25 11:01:57.810 [http-nio-8080-exec-5] DEBUG o.s.w.s.m.m.a.RequestMappingHandlerMapping - Mapped to com.oxygen.capsule.controller.PaymentController#createPackageOrder(String, Map)
2026-01-25 11:01:57.811 [http-nio-8080-exec-5] DEBUG o.s.o.j.s.OpenEntityManagerInViewInterceptor - Opening JPA EntityManager in OpenEntityManagerInViewInterceptor
2026-01-25 11:01:57.814 [http-nio-8080-exec-5] DEBUG o.s.w.s.m.m.a.RequestResponseBodyMethodProcessor - Read "application/json;charset=UTF-8" to [{packageId=7, price=55800, cardStartDate=2037-03-15, staffId=2, staffName=员工}]
2026-01-25 11:01:57.818 [http-nio-8080-exec-5] DEBUG o.s.orm.jpa.JpaTransactionManager - Found thread-bound EntityManager [SessionImpl(1298046842<open>)] for JPA transaction
2026-01-25 11:01:57.819 [http-nio-8080-exec-5] DEBUG o.s.orm.jpa.JpaTransactionManager - Creating new transaction with name [org.springframework.data.jpa.repository.support.SimpleJpaRepository.findById]: PROPAGATION_REQUIRED,ISOLATION_DEFAULT,readOnly
2026-01-25 11:01:57.820 [http-nio-8080-exec-5] DEBUG o.s.orm.jpa.JpaTransactionManager - Exposing JPA transaction as JDBC [org.springframework.orm.jpa.vendor.HibernateJpaDialect$HibernateConnectionHandle@7d777a35]
2026-01-25 11:01:57.823 [http-nio-8080-exec-5] DEBUG o.s.orm.jpa.JpaTransactionManager - Initiating transaction commit
2026-01-25 11:01:57.824 [http-nio-8080-exec-5] DEBUG o.s.orm.jpa.JpaTransactionManager - Committing JPA transaction on EntityManager [SessionImpl(1298046842<open>)]
2026-01-25 11:01:57.824 [http-nio-8080-exec-5] DEBUG o.s.orm.jpa.JpaTransactionManager - Not closing pre-bound JPA EntityManager after transaction
2026-01-25 11:01:57.824 [http-nio-8080-exec-5] DEBUG o.s.orm.jpa.JpaTransactionManager - Found thread-bound EntityManager [SessionImpl(1298046842<open>)] for JPA transaction
2026-01-25 11:01:57.824 [http-nio-8080-exec-5] DEBUG o.s.orm.jpa.JpaTransactionManager - Creating new transaction with name [org.springframework.data.jpa.repository.support.SimpleJpaRepository.findById]: PROPAGATION_REQUIRED,ISOLATION_DEFAULT,readOnly
2026-01-25 11:01:57.824 [http-nio-8080-exec-5] DEBUG o.s.orm.jpa.JpaTransactionManager - Exposing JPA transaction as JDBC [org.springframework.orm.jpa.vendor.HibernateJpaDialect$HibernateConnectionHandle@1b0008cc]
2026-01-25 11:01:57.826 [http-nio-8080-exec-5] DEBUG o.s.orm.jpa.JpaTransactionManager - Initiating transaction commit
2026-01-25 11:01:57.826 [http-nio-8080-exec-5] DEBUG o.s.orm.jpa.JpaTransactionManager - Committing JPA transaction on EntityManager [SessionImpl(1298046842<open>)]
2026-01-25 11:01:57.826 [http-nio-8080-exec-5] DEBUG o.s.orm.jpa.JpaTransactionManager - Not closing pre-bound JPA EntityManager after transaction
2026-01-25 11:01:57.830 [http-nio-8080-exec-5] DEBUG o.s.orm.jpa.JpaTransactionManager - Found thread-bound EntityManager [SessionImpl(1298046842<open>)] for JPA transaction
2026-01-25 11:01:57.830 [http-nio-8080-exec-5] DEBUG o.s.orm.jpa.JpaTransactionManager - Creating new transaction with name [org.springframework.data.jpa.repository.support.SimpleJpaRepository.save]: PROPAGATION_REQUIRED,ISOLATION_DEFAULT
2026-01-25 11:01:57.830 [http-nio-8080-exec-5] DEBUG o.s.orm.jpa.JpaTransactionManager - Exposing JPA transaction as JDBC [org.springframework.orm.jpa.vendor.HibernateJpaDialect$HibernateConnectionHandle@8023e2f]
2026-01-25 11:01:57.833 [http-nio-8080-exec-5] DEBUG o.s.orm.jpa.JpaTransactionManager - Initiating transaction commit
2026-01-25 11:01:57.833 [http-nio-8080-exec-5] DEBUG o.s.orm.jpa.JpaTransactionManager - Committing JPA transaction on EntityManager [SessionImpl(1298046842<open>)]
2026-01-25 11:01:57.834 [http-nio-8080-exec-5] DEBUG o.s.orm.jpa.JpaTransactionManager - Not closing pre-bound JPA EntityManager after transaction
2026-01-25 11:01:57.835 [http-nio-8080-exec-5] DEBUG o.s.w.s.m.m.a.RequestResponseBodyMethodProcessor - Using 'application/json', given [*/*] and supported [application/json, application/*+json]
2026-01-25 11:01:57.835 [http-nio-8080-exec-5] DEBUG o.s.w.s.m.m.a.RequestResponseBodyMethodProcessor - Writing [Result(code=200, message=订单创建成功, data={transactionType=RENEW, cardEndDate=2038-03-15T00:00, orderNo= (truncated)...]
2026-01-25 11:01:57.835 [http-nio-8080-exec-5] DEBUG o.s.o.j.s.OpenEntityManagerInViewInterceptor - Closing JPA EntityManager in OpenEntityManagerInViewInterceptor
2026-01-25 11:01:57.836 [http-nio-8080-exec-5] DEBUG o.s.web.servlet.DispatcherServlet - Completed 200 OK
2026-01-25 11:01:57.843 [http-nio-8080-exec-2] DEBUG o.s.web.servlet.DispatcherServlet - POST "/api/payment/wechat-pay/23", parameters={}
2026-01-25 11:01:57.844 [http-nio-8080-exec-2] DEBUG o.s.w.s.m.m.a.RequestMappingHandlerMapping - Mapped to com.oxygen.capsule.controller.PaymentController#getWechatPayParams(String, Long)
2026-01-25 11:01:57.844 [http-nio-8080-exec-2] DEBUG o.s.o.j.s.OpenEntityManagerInViewInterceptor - Opening JPA EntityManager in OpenEntityManagerInViewInterceptor
2026-01-25 11:01:57.845 [http-nio-8080-exec-2] DEBUG o.s.orm.jpa.JpaTransactionManager - Found thread-bound EntityManager [SessionImpl(153001310<open>)] for JPA transaction
2026-01-25 11:01:57.845 [http-nio-8080-exec-2] DEBUG o.s.orm.jpa.JpaTransactionManager - Creating new transaction with name [org.springframework.data.jpa.repository.support.SimpleJpaRepository.findById]: PROPAGATION_REQUIRED,ISOLATION_DEFAULT,readOnly
2026-01-25 11:01:57.846 [http-nio-8080-exec-2] DEBUG o.s.orm.jpa.JpaTransactionManager - Exposing JPA transaction as JDBC [org.springframework.orm.jpa.vendor.HibernateJpaDialect$HibernateConnectionHandle@4584406d]
2026-01-25 11:01:57.847 [http-nio-8080-exec-2] DEBUG o.s.orm.jpa.JpaTransactionManager - Initiating transaction commit
2026-01-25 11:01:57.847 [http-nio-8080-exec-2] DEBUG o.s.orm.jpa.JpaTransactionManager - Committing JPA transaction on EntityManager [SessionImpl(153001310<open>)]
2026-01-25 11:01:57.847 [http-nio-8080-exec-2] DEBUG o.s.orm.jpa.JpaTransactionManager - Not closing pre-bound JPA EntityManager after transaction
2026-01-25 11:01:57.847 [http-nio-8080-exec-2] DEBUG o.s.orm.jpa.JpaTransactionManager - Found thread-bound EntityManager [SessionImpl(153001310<open>)] for JPA transaction
2026-01-25 11:01:57.847 [http-nio-8080-exec-2] DEBUG o.s.orm.jpa.JpaTransactionManager - Creating new transaction with name [org.springframework.data.jpa.repository.support.SimpleJpaRepository.findById]: PROPAGATION_REQUIRED,ISOLATION_DEFAULT,readOnly
2026-01-25 11:01:57.847 [http-nio-8080-exec-2] DEBUG o.s.orm.jpa.JpaTransactionManager - Exposing JPA transaction as JDBC [org.springframework.orm.jpa.vendor.HibernateJpaDialect$HibernateConnectionHandle@3a5e1097]
2026-01-25 11:01:57.848 [http-nio-8080-exec-2] DEBUG o.s.orm.jpa.JpaTransactionManager - Initiating transaction commit
2026-01-25 11:01:57.848 [http-nio-8080-exec-2] DEBUG o.s.orm.jpa.JpaTransactionManager - Committing JPA transaction on EntityManager [SessionImpl(153001310<open>)]
2026-01-25 11:01:57.848 [http-nio-8080-exec-2] DEBUG o.s.orm.jpa.JpaTransactionManager - Not closing pre-bound JPA EntityManager after transaction
2026-01-25 11:01:57.848 [http-nio-8080-exec-2] INFO  com.oxygen.capsule.util.WxPayUtil - 使用 MOCK 模式生成支付参数，订单号: PAY17693101178313446, 金额: 5580000分
2026-01-25 11:01:57.848 [http-nio-8080-exec-2] INFO  com.oxygen.capsule.util.WxPayUtil - 生成Mock支付参数，订单号: PAY17693101178313446, 金额: 5580000分
2026-01-25 11:01:57.848 [http-nio-8080-exec-2] WARN  com.oxygen.capsule.util.WxPayUtil - ⚠️  返回Mock支付参数，前端调用 uni.requestPayment 会失败，但可以测试支付流程
2026-01-25 11:01:57.848 [http-nio-8080-exec-2] WARN  com.oxygen.capsule.util.WxPayUtil - ⚠️  订单数据已保存到数据库，可以通过其他方式模拟支付成功
2026-01-25 11:01:57.848 [http-nio-8080-exec-2] DEBUG o.s.w.s.m.m.a.RequestResponseBodyMethodProcessor - Using 'application/json', given [*/*] and supported [application/json, application/*+json]
2026-01-25 11:01:57.848 [http-nio-8080-exec-2] DEBUG o.s.w.s.m.m.a.RequestResponseBodyMethodProcessor - Writing [Result(code=200, message=获取支付参数成功, data={timeStamp=1769310117, package=prepay_id=MOCK_PREPAY_ID_1769 (truncated)...]
2026-01-25 11:01:57.848 [http-nio-8080-exec-2] DEBUG o.s.o.j.s.OpenEntityManagerInViewInterceptor - Closing JPA EntityManager in OpenEntityManagerInViewInterceptor
2026-01-25 11:01:57.848 [http-nio-8080-exec-2] DEBUG o.s.web.servlet.DispatcherServlet - Completed 200 OK
2026-01-25 11:01:58.847 [http-nio-8080-exec-8] DEBUG o.s.web.servlet.DispatcherServlet - POST "/api/payment/mock-success/23", parameters={}
2026-01-25 11:01:58.848 [http-nio-8080-exec-8] DEBUG o.s.w.s.m.m.a.RequestMappingHandlerMapping - Mapped to com.oxygen.capsule.controller.PaymentController#mockPaymentSuccess(String, Long)
2026-01-25 11:01:58.848 [http-nio-8080-exec-8] DEBUG o.s.o.j.s.OpenEntityManagerInViewInterceptor - Opening JPA EntityManager in OpenEntityManagerInViewInterceptor
2026-01-25 11:01:58.850 [http-nio-8080-exec-8] DEBUG o.s.orm.jpa.JpaTransactionManager - Found thread-bound EntityManager [SessionImpl(1296704667<open>)] for JPA transaction
2026-01-25 11:01:58.850 [http-nio-8080-exec-8] DEBUG o.s.orm.jpa.JpaTransactionManager - Creating new transaction with name [org.springframework.data.jpa.repository.support.SimpleJpaRepository.findById]: PROPAGATION_REQUIRED,ISOLATION_DEFAULT,readOnly
2026-01-25 11:01:58.850 [http-nio-8080-exec-8] DEBUG o.s.orm.jpa.JpaTransactionManager - Exposing JPA transaction as JDBC [org.springframework.orm.jpa.vendor.HibernateJpaDialect$HibernateConnectionHandle@216c544d]
2026-01-25 11:01:58.852 [http-nio-8080-exec-8] DEBUG o.s.orm.jpa.JpaTransactionManager - Initiating transaction commit
2026-01-25 11:01:58.852 [http-nio-8080-exec-8] DEBUG o.s.orm.jpa.JpaTransactionManager - Committing JPA transaction on EntityManager [SessionImpl(1296704667<open>)]
2026-01-25 11:01:58.852 [http-nio-8080-exec-8] DEBUG o.s.orm.jpa.JpaTransactionManager - Not closing pre-bound JPA EntityManager after transaction
2026-01-25 11:01:58.852 [http-nio-8080-exec-8] DEBUG o.s.orm.jpa.JpaTransactionManager - Found thread-bound EntityManager [SessionImpl(1296704667<open>)] for JPA transaction
2026-01-25 11:01:58.852 [http-nio-8080-exec-8] DEBUG o.s.orm.jpa.JpaTransactionManager - Creating new transaction with name [org.springframework.data.jpa.repository.support.SimpleJpaRepository.findById]: PROPAGATION_REQUIRED,ISOLATION_DEFAULT,readOnly
2026-01-25 11:01:58.852 [http-nio-8080-exec-8] DEBUG o.s.orm.jpa.JpaTransactionManager - Exposing JPA transaction as JDBC [org.springframework.orm.jpa.vendor.HibernateJpaDialect$HibernateConnectionHandle@5d512ca9]
2026-01-25 11:01:58.853 [http-nio-8080-exec-8] DEBUG o.s.orm.jpa.JpaTransactionManager - Initiating transaction commit
2026-01-25 11:01:58.853 [http-nio-8080-exec-8] DEBUG o.s.orm.jpa.JpaTransactionManager - Committing JPA transaction on EntityManager [SessionImpl(1296704667<open>)]
2026-01-25 11:01:58.853 [http-nio-8080-exec-8] DEBUG o.s.orm.jpa.JpaTransactionManager - Not closing pre-bound JPA EntityManager after transaction
2026-01-25 11:01:58.853 [http-nio-8080-exec-8] DEBUG o.s.orm.jpa.JpaTransactionManager - Found thread-bound EntityManager [SessionImpl(1296704667<open>)] for JPA transaction
2026-01-25 11:01:58.853 [http-nio-8080-exec-8] DEBUG o.s.orm.jpa.JpaTransactionManager - Creating new transaction with name [org.springframework.data.jpa.repository.support.SimpleJpaRepository.findById]: PROPAGATION_REQUIRED,ISOLATION_DEFAULT,readOnly
2026-01-25 11:01:58.853 [http-nio-8080-exec-8] DEBUG o.s.orm.jpa.JpaTransactionManager - Exposing JPA transaction as JDBC [org.springframework.orm.jpa.vendor.HibernateJpaDialect$HibernateConnectionHandle@4995c296]
2026-01-25 11:01:58.854 [http-nio-8080-exec-8] DEBUG o.s.orm.jpa.JpaTransactionManager - Initiating transaction commit
2026-01-25 11:01:58.855 [http-nio-8080-exec-8] DEBUG o.s.orm.jpa.JpaTransactionManager - Committing JPA transaction on EntityManager [SessionImpl(1296704667<open>)]
2026-01-25 11:01:58.855 [http-nio-8080-exec-8] DEBUG o.s.orm.jpa.JpaTransactionManager - Not closing pre-bound JPA EntityManager after transaction
2026-01-25 11:01:58.855 [http-nio-8080-exec-8] DEBUG o.s.orm.jpa.JpaTransactionManager - Found thread-bound EntityManager [SessionImpl(1296704667<open>)] for JPA transaction
2026-01-25 11:01:58.855 [http-nio-8080-exec-8] DEBUG o.s.orm.jpa.JpaTransactionManager - Creating new transaction with name [org.springframework.data.jpa.repository.support.SimpleJpaRepository.save]: PROPAGATION_REQUIRED,ISOLATION_DEFAULT
2026-01-25 11:01:58.855 [http-nio-8080-exec-8] DEBUG o.s.orm.jpa.JpaTransactionManager - Exposing JPA transaction as JDBC [org.springframework.orm.jpa.vendor.HibernateJpaDialect$HibernateConnectionHandle@2d273030]
2026-01-25 11:01:58.857 [http-nio-8080-exec-8] DEBUG o.s.orm.jpa.JpaTransactionManager - Initiating transaction commit
2026-01-25 11:01:58.857 [http-nio-8080-exec-8] DEBUG o.s.orm.jpa.JpaTransactionManager - Committing JPA transaction on EntityManager [SessionImpl(1296704667<open>)]
2026-01-25 11:01:58.860 [http-nio-8080-exec-8] DEBUG o.s.orm.jpa.JpaTransactionManager - Not closing pre-bound JPA EntityManager after transaction
2026-01-25 11:01:58.861 [http-nio-8080-exec-8] DEBUG o.s.orm.jpa.JpaTransactionManager - Found thread-bound EntityManager [SessionImpl(1296704667<open>)] for JPA transaction
2026-01-25 11:01:58.861 [http-nio-8080-exec-8] DEBUG o.s.orm.jpa.JpaTransactionManager - Creating new transaction with name [org.springframework.data.jpa.repository.support.SimpleJpaRepository.findById]: PROPAGATION_REQUIRED,ISOLATION_DEFAULT,readOnly
2026-01-25 11:01:58.861 [http-nio-8080-exec-8] DEBUG o.s.orm.jpa.JpaTransactionManager - Exposing JPA transaction as JDBC [org.springframework.orm.jpa.vendor.HibernateJpaDialect$HibernateConnectionHandle@470c7a9d]
2026-01-25 11:01:58.862 [http-nio-8080-exec-8] DEBUG o.s.orm.jpa.JpaTransactionManager - Initiating transaction commit
2026-01-25 11:01:58.862 [http-nio-8080-exec-8] DEBUG o.s.orm.jpa.JpaTransactionManager - Committing JPA transaction on EntityManager [SessionImpl(1296704667<open>)]
2026-01-25 11:01:58.863 [http-nio-8080-exec-8] DEBUG o.s.orm.jpa.JpaTransactionManager - Not closing pre-bound JPA EntityManager after transaction
2026-01-25 11:01:58.863 [http-nio-8080-exec-8] DEBUG o.s.orm.jpa.JpaTransactionManager - Found thread-bound EntityManager [SessionImpl(1296704667<open>)] for JPA transaction
2026-01-25 11:01:58.863 [http-nio-8080-exec-8] DEBUG o.s.orm.jpa.JpaTransactionManager - Creating new transaction with name [org.springframework.data.jpa.repository.support.SimpleJpaRepository.findById]: PROPAGATION_REQUIRED,ISOLATION_DEFAULT,readOnly
2026-01-25 11:01:58.863 [http-nio-8080-exec-8] DEBUG o.s.orm.jpa.JpaTransactionManager - Exposing JPA transaction as JDBC [org.springframework.orm.jpa.vendor.HibernateJpaDialect$HibernateConnectionHandle@1da85f92]
2026-01-25 11:01:58.863 [http-nio-8080-exec-8] DEBUG o.s.orm.jpa.JpaTransactionManager - Initiating transaction commit
2026-01-25 11:01:58.863 [http-nio-8080-exec-8] DEBUG o.s.orm.jpa.JpaTransactionManager - Committing JPA transaction on EntityManager [SessionImpl(1296704667<open>)]
2026-01-25 11:01:58.863 [http-nio-8080-exec-8] DEBUG o.s.orm.jpa.JpaTransactionManager - Not closing pre-bound JPA EntityManager after transaction
2026-01-25 11:01:58.864 [http-nio-8080-exec-8] DEBUG o.s.orm.jpa.JpaTransactionManager - Found thread-bound EntityManager [SessionImpl(1296704667<open>)] for JPA transaction
2026-01-25 11:01:58.864 [http-nio-8080-exec-8] DEBUG o.s.orm.jpa.JpaTransactionManager - Creating new transaction with name [org.springframework.data.jpa.repository.support.SimpleJpaRepository.save]: PROPAGATION_REQUIRED,ISOLATION_DEFAULT
2026-01-25 11:01:58.864 [http-nio-8080-exec-8] DEBUG o.s.orm.jpa.JpaTransactionManager - Exposing JPA transaction as JDBC [org.springframework.orm.jpa.vendor.HibernateJpaDialect$HibernateConnectionHandle@c9645f6]
2026-01-25 11:01:58.864 [http-nio-8080-exec-8] DEBUG o.s.orm.jpa.JpaTransactionManager - Initiating transaction commit
2026-01-25 11:01:58.864 [http-nio-8080-exec-8] DEBUG o.s.orm.jpa.JpaTransactionManager - Committing JPA transaction on EntityManager [SessionImpl(1296704667<open>)]
2026-01-25 11:01:58.867 [http-nio-8080-exec-8] DEBUG o.s.orm.jpa.JpaTransactionManager - Not closing pre-bound JPA EntityManager after transaction
2026-01-25 11:01:58.867 [http-nio-8080-exec-8] DEBUG o.s.w.s.m.m.a.RequestResponseBodyMethodProcessor - Using 'application/json', given [*/*] and supported [application/json, application/*+json]
2026-01-25 11:01:58.867 [http-nio-8080-exec-8] DEBUG o.s.w.s.m.m.a.RequestResponseBodyMethodProcessor - Writing [Result(code=200, message=Mock支付成功，订单状态已更新, data=success)]
2026-01-25 11:01:58.867 [http-nio-8080-exec-8] DEBUG o.s.o.j.s.OpenEntityManagerInViewInterceptor - Closing JPA EntityManager in OpenEntityManagerInViewInterceptor
2026-01-25 11:01:58.867 [http-nio-8080-exec-8] DEBUG o.s.web.servlet.DispatcherServlet - Completed 200 OK
2026-01-25 11:02:01.159 [http-nio-8080-exec-7] DEBUG o.s.web.servlet.DispatcherServlet - GET "/api/user/info", parameters={}
2026-01-25 11:02:01.159 [http-nio-8080-exec-4] DEBUG o.s.web.servlet.DispatcherServlet - GET "/api/payment/orders", parameters={}
2026-01-25 11:02:01.159 [http-nio-8080-exec-7] DEBUG o.s.w.s.m.m.a.RequestMappingHandlerMapping - Mapped to com.oxygen.capsule.controller.UserController#getUserInfo(String)
2026-01-25 11:02:01.159 [http-nio-8080-exec-4] DEBUG o.s.w.s.m.m.a.RequestMappingHandlerMapping - Mapped to com.oxygen.capsule.controller.PaymentController#getUserPaymentOrders(String)
2026-01-25 11:02:01.159 [http-nio-8080-exec-7] DEBUG o.s.o.j.s.OpenEntityManagerInViewInterceptor - Opening JPA EntityManager in OpenEntityManagerInViewInterceptor
2026-01-25 11:02:01.159 [http-nio-8080-exec-4] DEBUG o.s.o.j.s.OpenEntityManagerInViewInterceptor - Opening JPA EntityManager in OpenEntityManagerInViewInterceptor
2026-01-25 11:02:01.160 [http-nio-8080-exec-9] DEBUG o.s.web.servlet.DispatcherServlet - GET "/api/booking/orders", parameters={}
2026-01-25 11:02:01.160 [http-nio-8080-exec-7] DEBUG o.s.orm.jpa.JpaTransactionManager - Found thread-bound EntityManager [SessionImpl(195082016<open>)] for JPA transaction
2026-01-25 11:02:01.160 [http-nio-8080-exec-7] DEBUG o.s.orm.jpa.JpaTransactionManager - Creating new transaction with name [org.springframework.data.jpa.repository.support.SimpleJpaRepository.findById]: PROPAGATION_REQUIRED,ISOLATION_DEFAULT,readOnly
2026-01-25 11:02:01.160 [http-nio-8080-exec-9] DEBUG o.s.w.s.m.m.a.RequestMappingHandlerMapping - Mapped to com.oxygen.capsule.controller.BookingController#getUserOrders(String)
2026-01-25 11:02:01.160 [http-nio-8080-exec-9] DEBUG o.s.o.j.s.OpenEntityManagerInViewInterceptor - Opening JPA EntityManager in OpenEntityManagerInViewInterceptor
2026-01-25 11:02:01.161 [http-nio-8080-exec-7] DEBUG o.s.orm.jpa.JpaTransactionManager - Exposing JPA transaction as JDBC [org.springframework.orm.jpa.vendor.HibernateJpaDialect$HibernateConnectionHandle@30943b0d]
2026-01-25 11:02:01.161 [http-nio-8080-exec-9] DEBUG o.s.orm.jpa.JpaTransactionManager - Found thread-bound EntityManager [SessionImpl(681387639<open>)] for JPA transaction
2026-01-25 11:02:01.161 [http-nio-8080-exec-9] DEBUG o.s.orm.jpa.JpaTransactionManager - Creating new transaction with name [org.springframework.data.jpa.repository.support.SimpleJpaRepository.findById]: PROPAGATION_REQUIRED,ISOLATION_DEFAULT,readOnly
2026-01-25 11:02:01.162 [http-nio-8080-exec-7] DEBUG o.s.orm.jpa.JpaTransactionManager - Initiating transaction commit
2026-01-25 11:02:01.162 [http-nio-8080-exec-9] DEBUG o.s.orm.jpa.JpaTransactionManager - Exposing JPA transaction as JDBC [org.springframework.orm.jpa.vendor.HibernateJpaDialect$HibernateConnectionHandle@6f830482]
2026-01-25 11:02:01.162 [http-nio-8080-exec-7] DEBUG o.s.orm.jpa.JpaTransactionManager - Committing JPA transaction on EntityManager [SessionImpl(195082016<open>)]
2026-01-25 11:02:01.162 [http-nio-8080-exec-4] DEBUG o.s.orm.jpa.JpaTransactionManager - Found thread-bound EntityManager [SessionImpl(121766975<open>)] for JPA transaction
2026-01-25 11:02:01.162 [http-nio-8080-exec-4] DEBUG o.s.orm.jpa.JpaTransactionManager - Creating new transaction with name [org.springframework.data.jpa.repository.support.SimpleJpaRepository.findById]: PROPAGATION_REQUIRED,ISOLATION_DEFAULT,readOnly
2026-01-25 11:02:01.162 [http-nio-8080-exec-4] DEBUG o.s.orm.jpa.JpaTransactionManager - Exposing JPA transaction as JDBC [org.springframework.orm.jpa.vendor.HibernateJpaDialect$HibernateConnectionHandle@285cae04]
2026-01-25 11:02:01.162 [http-nio-8080-exec-7] DEBUG o.s.orm.jpa.JpaTransactionManager - Not closing pre-bound JPA EntityManager after transaction
2026-01-25 11:02:01.163 [http-nio-8080-exec-9] DEBUG o.s.orm.jpa.JpaTransactionManager - Initiating transaction commit
2026-01-25 11:02:01.163 [http-nio-8080-exec-9] DEBUG o.s.orm.jpa.JpaTransactionManager - Committing JPA transaction on EntityManager [SessionImpl(681387639<open>)]
2026-01-25 11:02:01.163 [http-nio-8080-exec-9] DEBUG o.s.orm.jpa.JpaTransactionManager - Not closing pre-bound JPA EntityManager after transaction
2026-01-25 11:02:01.164 [http-nio-8080-exec-4] DEBUG o.s.orm.jpa.JpaTransactionManager - Initiating transaction commit
2026-01-25 11:02:01.164 [http-nio-8080-exec-4] DEBUG o.s.orm.jpa.JpaTransactionManager - Committing JPA transaction on EntityManager [SessionImpl(121766975<open>)]
2026-01-25 11:02:01.164 [http-nio-8080-exec-4] DEBUG o.s.orm.jpa.JpaTransactionManager - Not closing pre-bound JPA EntityManager after transaction
2026-01-25 11:02:01.164 [http-nio-8080-exec-4] DEBUG o.s.orm.jpa.JpaTransactionManager - Found thread-bound EntityManager [SessionImpl(121766975<open>)] for JPA transaction
2026-01-25 11:02:01.164 [http-nio-8080-exec-4] DEBUG o.s.orm.jpa.JpaTransactionManager - Creating new transaction with name [org.springframework.data.jpa.repository.support.SimpleJpaRepository.findById]: PROPAGATION_REQUIRED,ISOLATION_DEFAULT,readOnly
2026-01-25 11:02:01.165 [http-nio-8080-exec-4] DEBUG o.s.orm.jpa.JpaTransactionManager - Exposing JPA transaction as JDBC [org.springframework.orm.jpa.vendor.HibernateJpaDialect$HibernateConnectionHandle@76410910]
2026-01-25 11:02:01.165 [http-nio-8080-exec-9] DEBUG o.s.w.s.m.m.a.RequestResponseBodyMethodProcessor - Using 'application/json', given [*/*] and supported [application/json, application/*+json]
2026-01-25 11:02:01.165 [http-nio-8080-exec-7] DEBUG o.s.w.s.m.m.a.RequestResponseBodyMethodProcessor - Using 'application/json', given [*/*] and supported [application/json, application/*+json]
2026-01-25 11:02:01.165 [http-nio-8080-exec-9] DEBUG o.s.w.s.m.m.a.RequestResponseBodyMethodProcessor - Writing [Result(code=200, message=success, data=[])]
2026-01-25 11:02:01.165 [http-nio-8080-exec-7] DEBUG o.s.w.s.m.m.a.RequestResponseBodyMethodProcessor - Writing [Result(code=200, message=success, data={totalVisits=0, remainingVisits=200, memberExpireTime=2038-03 (truncated)...]
2026-01-25 11:02:01.165 [http-nio-8080-exec-9] DEBUG o.s.o.j.s.OpenEntityManagerInViewInterceptor - Closing JPA EntityManager in OpenEntityManagerInViewInterceptor
2026-01-25 11:02:01.165 [http-nio-8080-exec-7] DEBUG o.s.o.j.s.OpenEntityManagerInViewInterceptor - Closing JPA EntityManager in OpenEntityManagerInViewInterceptor
2026-01-25 11:02:01.165 [http-nio-8080-exec-9] DEBUG o.s.web.servlet.DispatcherServlet - Completed 200 OK
2026-01-25 11:02:01.165 [http-nio-8080-exec-7] DEBUG o.s.web.servlet.DispatcherServlet - Completed 200 OK
2026-01-25 11:02:01.166 [http-nio-8080-exec-4] DEBUG o.s.orm.jpa.JpaTransactionManager - Initiating transaction commit
2026-01-25 11:02:01.166 [http-nio-8080-exec-4] DEBUG o.s.orm.jpa.JpaTransactionManager - Committing JPA transaction on EntityManager [SessionImpl(121766975<open>)]
2026-01-25 11:02:01.166 [http-nio-8080-exec-4] DEBUG o.s.orm.jpa.JpaTransactionManager - Not closing pre-bound JPA EntityManager after transaction
2026-01-25 11:02:01.166 [http-nio-8080-exec-4] DEBUG o.s.orm.jpa.JpaTransactionManager - Found thread-bound EntityManager [SessionImpl(121766975<open>)] for JPA transaction
2026-01-25 11:02:01.166 [http-nio-8080-exec-4] DEBUG o.s.orm.jpa.JpaTransactionManager - Creating new transaction with name [org.springframework.data.jpa.repository.support.SimpleJpaRepository.findById]: PROPAGATION_REQUIRED,ISOLATION_DEFAULT,readOnly
2026-01-25 11:02:01.167 [http-nio-8080-exec-4] DEBUG o.s.orm.jpa.JpaTransactionManager - Exposing JPA transaction as JDBC [org.springframework.orm.jpa.vendor.HibernateJpaDialect$HibernateConnectionHandle@42860b5c]
2026-01-25 11:02:01.168 [http-nio-8080-exec-3] DEBUG o.s.web.servlet.DispatcherServlet - GET "/api/user/info", parameters={}
2026-01-25 11:02:01.168 [http-nio-8080-exec-3] DEBUG o.s.w.s.m.m.a.RequestMappingHandlerMapping - Mapped to com.oxygen.capsule.controller.UserController#getUserInfo(String)
2026-01-25 11:02:01.168 [http-nio-8080-exec-3] DEBUG o.s.o.j.s.OpenEntityManagerInViewInterceptor - Opening JPA EntityManager in OpenEntityManagerInViewInterceptor
2026-01-25 11:02:01.169 [http-nio-8080-exec-4] DEBUG o.s.orm.jpa.JpaTransactionManager - Initiating transaction commit
2026-01-25 11:02:01.169 [http-nio-8080-exec-4] DEBUG o.s.orm.jpa.JpaTransactionManager - Committing JPA transaction on EntityManager [SessionImpl(121766975<open>)]
2026-01-25 11:02:01.169 [http-nio-8080-exec-3] DEBUG o.s.orm.jpa.JpaTransactionManager - Found thread-bound EntityManager [SessionImpl(204405256<open>)] for JPA transaction
2026-01-25 11:02:01.169 [http-nio-8080-exec-3] DEBUG o.s.orm.jpa.JpaTransactionManager - Creating new transaction with name [org.springframework.data.jpa.repository.support.SimpleJpaRepository.findById]: PROPAGATION_REQUIRED,ISOLATION_DEFAULT,readOnly
2026-01-25 11:02:01.169 [http-nio-8080-exec-1] DEBUG o.s.web.servlet.DispatcherServlet - GET "/api/booking/orders", parameters={}
2026-01-25 11:02:01.169 [http-nio-8080-exec-3] DEBUG o.s.orm.jpa.JpaTransactionManager - Exposing JPA transaction as JDBC [org.springframework.orm.jpa.vendor.HibernateJpaDialect$HibernateConnectionHandle@557551d2]
2026-01-25 11:02:01.169 [http-nio-8080-exec-4] DEBUG o.s.orm.jpa.JpaTransactionManager - Not closing pre-bound JPA EntityManager after transaction
2026-01-25 11:02:01.169 [http-nio-8080-exec-1] DEBUG o.s.w.s.m.m.a.RequestMappingHandlerMapping - Mapped to com.oxygen.capsule.controller.BookingController#getUserOrders(String)
2026-01-25 11:02:01.169 [http-nio-8080-exec-4] DEBUG o.s.orm.jpa.JpaTransactionManager - Found thread-bound EntityManager [SessionImpl(121766975<open>)] for JPA transaction
2026-01-25 11:02:01.169 [http-nio-8080-exec-4] DEBUG o.s.orm.jpa.JpaTransactionManager - Creating new transaction with name [org.springframework.data.jpa.repository.support.SimpleJpaRepository.findById]: PROPAGATION_REQUIRED,ISOLATION_DEFAULT,readOnly
2026-01-25 11:02:01.169 [http-nio-8080-exec-1] DEBUG o.s.o.j.s.OpenEntityManagerInViewInterceptor - Opening JPA EntityManager in OpenEntityManagerInViewInterceptor
2026-01-25 11:02:01.170 [http-nio-8080-exec-4] DEBUG o.s.orm.jpa.JpaTransactionManager - Exposing JPA transaction as JDBC [org.springframework.orm.jpa.vendor.HibernateJpaDialect$HibernateConnectionHandle@1377dc1a]
2026-01-25 11:02:01.171 [http-nio-8080-exec-1] DEBUG o.s.orm.jpa.JpaTransactionManager - Found thread-bound EntityManager [SessionImpl(1155698266<open>)] for JPA transaction
2026-01-25 11:02:01.171 [http-nio-8080-exec-1] DEBUG o.s.orm.jpa.JpaTransactionManager - Creating new transaction with name [org.springframework.data.jpa.repository.support.SimpleJpaRepository.findById]: PROPAGATION_REQUIRED,ISOLATION_DEFAULT,readOnly
2026-01-25 11:02:01.171 [http-nio-8080-exec-3] DEBUG o.s.orm.jpa.JpaTransactionManager - Initiating transaction commit
2026-01-25 11:02:01.171 [http-nio-8080-exec-4] DEBUG o.s.orm.jpa.JpaTransactionManager - Initiating transaction commit
2026-01-25 11:02:01.171 [http-nio-8080-exec-3] DEBUG o.s.orm.jpa.JpaTransactionManager - Committing JPA transaction on EntityManager [SessionImpl(204405256<open>)]
2026-01-25 11:02:01.171 [http-nio-8080-exec-4] DEBUG o.s.orm.jpa.JpaTransactionManager - Committing JPA transaction on EntityManager [SessionImpl(121766975<open>)]
2026-01-25 11:02:01.171 [http-nio-8080-exec-1] DEBUG o.s.orm.jpa.JpaTransactionManager - Exposing JPA transaction as JDBC [org.springframework.orm.jpa.vendor.HibernateJpaDialect$HibernateConnectionHandle@350eeab]
2026-01-25 11:02:01.171 [http-nio-8080-exec-3] DEBUG o.s.orm.jpa.JpaTransactionManager - Not closing pre-bound JPA EntityManager after transaction
2026-01-25 11:02:01.172 [http-nio-8080-exec-4] DEBUG o.s.orm.jpa.JpaTransactionManager - Not closing pre-bound JPA EntityManager after transaction
2026-01-25 11:02:01.172 [http-nio-8080-exec-4] DEBUG o.s.w.s.m.m.a.RequestResponseBodyMethodProcessor - Using 'application/json', given [*/*] and supported [application/json, application/*+json]
2026-01-25 11:02:01.172 [http-nio-8080-exec-1] DEBUG o.s.orm.jpa.JpaTransactionManager - Initiating transaction commit
2026-01-25 11:02:01.172 [http-nio-8080-exec-1] DEBUG o.s.orm.jpa.JpaTransactionManager - Committing JPA transaction on EntityManager [SessionImpl(1155698266<open>)]
2026-01-25 11:02:01.172 [http-nio-8080-exec-4] DEBUG o.s.w.s.m.m.a.RequestResponseBodyMethodProcessor - Writing [Result(code=200, message=success, data=[{packageCategory=个人畅享, cardEndDate=2026-02-24T00:00, orderNo (truncated)...]
2026-01-25 11:02:01.173 [http-nio-8080-exec-1] DEBUG o.s.orm.jpa.JpaTransactionManager - Not closing pre-bound JPA EntityManager after transaction
2026-01-25 11:02:01.173 [http-nio-8080-exec-4] DEBUG o.s.o.j.s.OpenEntityManagerInViewInterceptor - Closing JPA EntityManager in OpenEntityManagerInViewInterceptor
2026-01-25 11:02:01.173 [http-nio-8080-exec-4] DEBUG o.s.web.servlet.DispatcherServlet - Completed 200 OK
2026-01-25 11:02:01.174 [http-nio-8080-exec-3] DEBUG o.s.w.s.m.m.a.RequestResponseBodyMethodProcessor - Using 'application/json', given [*/*] and supported [application/json, application/*+json]
2026-01-25 11:02:01.175 [http-nio-8080-exec-3] DEBUG o.s.w.s.m.m.a.RequestResponseBodyMethodProcessor - Writing [Result(code=200, message=success, data={totalVisits=0, remainingVisits=200, memberExpireTime=2038-03 (truncated)...]
2026-01-25 11:02:01.175 [http-nio-8080-exec-3] DEBUG o.s.o.j.s.OpenEntityManagerInViewInterceptor - Closing JPA EntityManager in OpenEntityManagerInViewInterceptor
2026-01-25 11:02:01.175 [http-nio-8080-exec-3] DEBUG o.s.web.servlet.DispatcherServlet - Completed 200 OK
2026-01-25 11:02:01.175 [http-nio-8080-exec-10] DEBUG o.s.web.servlet.DispatcherServlet - GET "/api/payment/orders", parameters={}
2026-01-25 11:02:01.175 [http-nio-8080-exec-10] DEBUG o.s.w.s.m.m.a.RequestMappingHandlerMapping - Mapped to com.oxygen.capsule.controller.PaymentController#getUserPaymentOrders(String)
2026-01-25 11:02:01.175 [http-nio-8080-exec-1] DEBUG o.s.w.s.m.m.a.RequestResponseBodyMethodProcessor - Using 'application/json', given [*/*] and supported [application/json, application/*+json]
2026-01-25 11:02:01.176 [http-nio-8080-exec-10] DEBUG o.s.o.j.s.OpenEntityManagerInViewInterceptor - Opening JPA EntityManager in OpenEntityManagerInViewInterceptor
2026-01-25 11:02:01.176 [http-nio-8080-exec-1] DEBUG o.s.w.s.m.m.a.RequestResponseBodyMethodProcessor - Writing [Result(code=200, message=success, data=[])]
2026-01-25 11:02:01.176 [http-nio-8080-exec-1] DEBUG o.s.o.j.s.OpenEntityManagerInViewInterceptor - Closing JPA EntityManager in OpenEntityManagerInViewInterceptor
2026-01-25 11:02:01.176 [http-nio-8080-exec-1] DEBUG o.s.web.servlet.DispatcherServlet - Completed 200 OK
2026-01-25 11:02:01.178 [http-nio-8080-exec-10] DEBUG o.s.orm.jpa.JpaTransactionManager - Found thread-bound EntityManager [SessionImpl(121742709<open>)] for JPA transaction
2026-01-25 11:02:01.178 [http-nio-8080-exec-10] DEBUG o.s.orm.jpa.JpaTransactionManager - Creating new transaction with name [org.springframework.data.jpa.repository.support.SimpleJpaRepository.findById]: PROPAGATION_REQUIRED,ISOLATION_DEFAULT,readOnly
2026-01-25 11:02:01.179 [http-nio-8080-exec-10] DEBUG o.s.orm.jpa.JpaTransactionManager - Exposing JPA transaction as JDBC [org.springframework.orm.jpa.vendor.HibernateJpaDialect$HibernateConnectionHandle@38de72ea]
2026-01-25 11:02:01.180 [http-nio-8080-exec-10] DEBUG o.s.orm.jpa.JpaTransactionManager - Initiating transaction commit
2026-01-25 11:02:01.180 [http-nio-8080-exec-10] DEBUG o.s.orm.jpa.JpaTransactionManager - Committing JPA transaction on EntityManager [SessionImpl(121742709<open>)]
2026-01-25 11:02:01.180 [http-nio-8080-exec-10] DEBUG o.s.orm.jpa.JpaTransactionManager - Not closing pre-bound JPA EntityManager after transaction
2026-01-25 11:02:01.181 [http-nio-8080-exec-10] DEBUG o.s.orm.jpa.JpaTransactionManager - Found thread-bound EntityManager [SessionImpl(121742709<open>)] for JPA transaction
2026-01-25 11:02:01.181 [http-nio-8080-exec-10] DEBUG o.s.orm.jpa.JpaTransactionManager - Creating new transaction with name [org.springframework.data.jpa.repository.support.SimpleJpaRepository.findById]: PROPAGATION_REQUIRED,ISOLATION_DEFAULT,readOnly
2026-01-25 11:02:01.181 [http-nio-8080-exec-10] DEBUG o.s.orm.jpa.JpaTransactionManager - Exposing JPA transaction as JDBC [org.springframework.orm.jpa.vendor.HibernateJpaDialect$HibernateConnectionHandle@66a55cf9]
2026-01-25 11:02:01.182 [http-nio-8080-exec-10] DEBUG o.s.orm.jpa.JpaTransactionManager - Initiating transaction commit
2026-01-25 11:02:01.182 [http-nio-8080-exec-10] DEBUG o.s.orm.jpa.JpaTransactionManager - Committing JPA transaction on EntityManager [SessionImpl(121742709<open>)]
2026-01-25 11:02:01.183 [http-nio-8080-exec-10] DEBUG o.s.orm.jpa.JpaTransactionManager - Not closing pre-bound JPA EntityManager after transaction
2026-01-25 11:02:01.183 [http-nio-8080-exec-10] DEBUG o.s.orm.jpa.JpaTransactionManager - Found thread-bound EntityManager [SessionImpl(121742709<open>)] for JPA transaction
2026-01-25 11:02:01.183 [http-nio-8080-exec-10] DEBUG o.s.orm.jpa.JpaTransactionManager - Creating new transaction with name [org.springframework.data.jpa.repository.support.SimpleJpaRepository.findById]: PROPAGATION_REQUIRED,ISOLATION_DEFAULT,readOnly
2026-01-25 11:02:01.183 [http-nio-8080-exec-10] DEBUG o.s.orm.jpa.JpaTransactionManager - Exposing JPA transaction as JDBC [org.springframework.orm.jpa.vendor.HibernateJpaDialect$HibernateConnectionHandle@4a610e6d]
2026-01-25 11:02:01.185 [http-nio-8080-exec-10] DEBUG o.s.orm.jpa.JpaTransactionManager - Initiating transaction commit
2026-01-25 11:02:01.185 [http-nio-8080-exec-10] DEBUG o.s.orm.jpa.JpaTransactionManager - Committing JPA transaction on EntityManager [SessionImpl(121742709<open>)]
2026-01-25 11:02:01.185 [http-nio-8080-exec-10] DEBUG o.s.orm.jpa.JpaTransactionManager - Not closing pre-bound JPA EntityManager after transaction
2026-01-25 11:02:01.185 [http-nio-8080-exec-10] DEBUG o.s.orm.jpa.JpaTransactionManager - Found thread-bound EntityManager [SessionImpl(121742709<open>)] for JPA transaction
2026-01-25 11:02:01.185 [http-nio-8080-exec-10] DEBUG o.s.orm.jpa.JpaTransactionManager - Creating new transaction with name [org.springframework.data.jpa.repository.support.SimpleJpaRepository.findById]: PROPAGATION_REQUIRED,ISOLATION_DEFAULT,readOnly
2026-01-25 11:02:01.185 [http-nio-8080-exec-10] DEBUG o.s.orm.jpa.JpaTransactionManager - Exposing JPA transaction as JDBC [org.springframework.orm.jpa.vendor.HibernateJpaDialect$HibernateConnectionHandle@71bf4473]
2026-01-25 11:02:01.186 [http-nio-8080-exec-10] DEBUG o.s.orm.jpa.JpaTransactionManager - Initiating transaction commit
2026-01-25 11:02:01.187 [http-nio-8080-exec-10] DEBUG o.s.orm.jpa.JpaTransactionManager - Committing JPA transaction on EntityManager [SessionImpl(121742709<open>)]
2026-01-25 11:02:01.187 [http-nio-8080-exec-10] DEBUG o.s.orm.jpa.JpaTransactionManager - Not closing pre-bound JPA EntityManager after transaction
2026-01-25 11:02:01.187 [http-nio-8080-exec-10] DEBUG o.s.w.s.m.m.a.RequestResponseBodyMethodProcessor - Using 'application/json', given [*/*] and supported [application/json, application/*+json]
2026-01-25 11:02:01.187 [http-nio-8080-exec-10] DEBUG o.s.w.s.m.m.a.RequestResponseBodyMethodProcessor - Writing [Result(code=200, message=success, data=[{packageCategory=个人畅享, cardEndDate=2026-02-24T00:00, orderNo (truncated)...]
2026-01-25 11:02:01.188 [http-nio-8080-exec-10] DEBUG o.s.o.j.s.OpenEntityManagerInViewInterceptor - Closing JPA EntityManager in OpenEntityManagerInViewInterceptor
2026-01-25 11:02:01.188 [http-nio-8080-exec-10] DEBUG o.s.web.servlet.DispatcherServlet - Completed 200 OK
2026-01-25 11:02:01.194 [http-nio-8080-exec-6] DEBUG o.s.web.servlet.DispatcherServlet - GET "/api/user/info", parameters={}
2026-01-25 11:02:01.194 [http-nio-8080-exec-6] DEBUG o.s.w.s.m.m.a.RequestMappingHandlerMapping - Mapped to com.oxygen.capsule.controller.UserController#getUserInfo(String)
2026-01-25 11:02:01.194 [http-nio-8080-exec-6] DEBUG o.s.o.j.s.OpenEntityManagerInViewInterceptor - Opening JPA EntityManager in OpenEntityManagerInViewInterceptor
2026-01-25 11:02:01.195 [http-nio-8080-exec-6] DEBUG o.s.orm.jpa.JpaTransactionManager - Found thread-bound EntityManager [SessionImpl(287081745<open>)] for JPA transaction
2026-01-25 11:02:01.195 [http-nio-8080-exec-6] DEBUG o.s.orm.jpa.JpaTransactionManager - Creating new transaction with name [org.springframework.data.jpa.repository.support.SimpleJpaRepository.findById]: PROPAGATION_REQUIRED,ISOLATION_DEFAULT,readOnly
2026-01-25 11:02:01.195 [http-nio-8080-exec-6] DEBUG o.s.orm.jpa.JpaTransactionManager - Exposing JPA transaction as JDBC [org.springframework.orm.jpa.vendor.HibernateJpaDialect$HibernateConnectionHandle@265333a6]
2026-01-25 11:02:01.196 [http-nio-8080-exec-6] DEBUG o.s.orm.jpa.JpaTransactionManager - Initiating transaction commit
2026-01-25 11:02:01.196 [http-nio-8080-exec-6] DEBUG o.s.orm.jpa.JpaTransactionManager - Committing JPA transaction on EntityManager [SessionImpl(287081745<open>)]
2026-01-25 11:02:01.196 [http-nio-8080-exec-6] DEBUG o.s.orm.jpa.JpaTransactionManager - Not closing pre-bound JPA EntityManager after transaction
2026-01-25 11:02:01.198 [http-nio-8080-exec-6] DEBUG o.s.w.s.m.m.a.RequestResponseBodyMethodProcessor - Using 'application/json', given [*/*] and supported [application/json, application/*+json]
2026-01-25 11:02:01.199 [http-nio-8080-exec-6] DEBUG o.s.w.s.m.m.a.RequestResponseBodyMethodProcessor - Writing [Result(code=200, message=success, data={totalVisits=0, remainingVisits=200, memberExpireTime=2038-03 (truncated)...]
2026-01-25 11:02:01.199 [http-nio-8080-exec-6] DEBUG o.s.o.j.s.OpenEntityManagerInViewInterceptor - Closing JPA EntityManager in OpenEntityManagerInViewInterceptor
2026-01-25 11:02:01.199 [http-nio-8080-exec-6] DEBUG o.s.web.servlet.DispatcherServlet - Completed 200 OK
2026-01-25 11:02:01.206 [http-nio-8080-exec-5] DEBUG o.s.web.servlet.DispatcherServlet - GET "/api/user/info", parameters={}
2026-01-25 11:02:01.206 [http-nio-8080-exec-5] DEBUG o.s.w.s.m.m.a.RequestMappingHandlerMapping - Mapped to com.oxygen.capsule.controller.UserController#getUserInfo(String)
2026-01-25 11:02:01.206 [http-nio-8080-exec-5] DEBUG o.s.o.j.s.OpenEntityManagerInViewInterceptor - Opening JPA EntityManager in OpenEntityManagerInViewInterceptor
2026-01-25 11:02:01.207 [http-nio-8080-exec-5] DEBUG o.s.orm.jpa.JpaTransactionManager - Found thread-bound EntityManager [SessionImpl(1294794637<open>)] for JPA transaction
2026-01-25 11:02:01.207 [http-nio-8080-exec-5] DEBUG o.s.orm.jpa.JpaTransactionManager - Creating new transaction with name [org.springframework.data.jpa.repository.support.SimpleJpaRepository.findById]: PROPAGATION_REQUIRED,ISOLATION_DEFAULT,readOnly
2026-01-25 11:02:01.208 [http-nio-8080-exec-5] DEBUG o.s.orm.jpa.JpaTransactionManager - Exposing JPA transaction as JDBC [org.springframework.orm.jpa.vendor.HibernateJpaDialect$HibernateConnectionHandle@7d301d01]
2026-01-25 11:02:01.209 [http-nio-8080-exec-5] DEBUG o.s.orm.jpa.JpaTransactionManager - Initiating transaction commit
2026-01-25 11:02:01.209 [http-nio-8080-exec-5] DEBUG o.s.orm.jpa.JpaTransactionManager - Committing JPA transaction on EntityManager [SessionImpl(1294794637<open>)]
2026-01-25 11:02:01.209 [http-nio-8080-exec-5] DEBUG o.s.orm.jpa.JpaTransactionManager - Not closing pre-bound JPA EntityManager after transaction
2026-01-25 11:02:01.211 [http-nio-8080-exec-5] DEBUG o.s.w.s.m.m.a.RequestResponseBodyMethodProcessor - Using 'application/json', given [*/*] and supported [application/json, application/*+json]
2026-01-25 11:02:01.211 [http-nio-8080-exec-5] DEBUG o.s.w.s.m.m.a.RequestResponseBodyMethodProcessor - Writing [Result(code=200, message=success, data={totalVisits=0, remainingVisits=200, memberExpireTime=2038-03 (truncated)...]
2026-01-25 11:02:01.211 [http-nio-8080-exec-5] DEBUG o.s.o.j.s.OpenEntityManagerInViewInterceptor - Closing JPA EntityManager in OpenEntityManagerInViewInterceptor
2026-01-25 11:02:01.211 [http-nio-8080-exec-5] DEBUG o.s.web.servlet.DispatcherServlet - Completed 200 OK
2026-01-25 11:02:41.223 [http-nio-8080-exec-2] DEBUG o.s.web.servlet.DispatcherServlet - GET "/api/payment/orders", parameters={}
2026-01-25 11:02:41.225 [http-nio-8080-exec-2] DEBUG o.s.w.s.m.m.a.RequestMappingHandlerMapping - Mapped to com.oxygen.capsule.controller.PaymentController#getUserPaymentOrders(String)
2026-01-25 11:02:41.225 [http-nio-8080-exec-2] DEBUG o.s.o.j.s.OpenEntityManagerInViewInterceptor - Opening JPA EntityManager in OpenEntityManagerInViewInterceptor
2026-01-25 11:02:41.241 [http-nio-8080-exec-2] DEBUG o.s.orm.jpa.JpaTransactionManager - Found thread-bound EntityManager [SessionImpl(399577139<open>)] for JPA transaction
2026-01-25 11:02:41.241 [http-nio-8080-exec-2] DEBUG o.s.orm.jpa.JpaTransactionManager - Creating new transaction with name [org.springframework.data.jpa.repository.support.SimpleJpaRepository.findById]: PROPAGATION_REQUIRED,ISOLATION_DEFAULT,readOnly
2026-01-25 11:02:41.242 [http-nio-8080-exec-2] DEBUG o.s.orm.jpa.JpaTransactionManager - Exposing JPA transaction as JDBC [org.springframework.orm.jpa.vendor.HibernateJpaDialect$HibernateConnectionHandle@329055a5]
2026-01-25 11:02:41.243 [http-nio-8080-exec-2] DEBUG o.s.orm.jpa.JpaTransactionManager - Initiating transaction commit
2026-01-25 11:02:41.244 [http-nio-8080-exec-2] DEBUG o.s.orm.jpa.JpaTransactionManager - Committing JPA transaction on EntityManager [SessionImpl(399577139<open>)]
2026-01-25 11:02:41.244 [http-nio-8080-exec-2] DEBUG o.s.orm.jpa.JpaTransactionManager - Not closing pre-bound JPA EntityManager after transaction
2026-01-25 11:02:41.244 [http-nio-8080-exec-2] DEBUG o.s.orm.jpa.JpaTransactionManager - Found thread-bound EntityManager [SessionImpl(399577139<open>)] for JPA transaction
2026-01-25 11:02:41.244 [http-nio-8080-exec-2] DEBUG o.s.orm.jpa.JpaTransactionManager - Creating new transaction with name [org.springframework.data.jpa.repository.support.SimpleJpaRepository.findById]: PROPAGATION_REQUIRED,ISOLATION_DEFAULT,readOnly
2026-01-25 11:02:41.245 [http-nio-8080-exec-2] DEBUG o.s.orm.jpa.JpaTransactionManager - Exposing JPA transaction as JDBC [org.springframework.orm.jpa.vendor.HibernateJpaDialect$HibernateConnectionHandle@5e76d200]
2026-01-25 11:02:41.245 [http-nio-8080-exec-2] DEBUG o.s.orm.jpa.JpaTransactionManager - Initiating transaction commit
2026-01-25 11:02:41.245 [http-nio-8080-exec-2] DEBUG o.s.orm.jpa.JpaTransactionManager - Committing JPA transaction on EntityManager [SessionImpl(399577139<open>)]
2026-01-25 11:02:41.246 [http-nio-8080-exec-2] DEBUG o.s.orm.jpa.JpaTransactionManager - Not closing pre-bound JPA EntityManager after transaction
2026-01-25 11:02:41.246 [http-nio-8080-exec-2] DEBUG o.s.orm.jpa.JpaTransactionManager - Found thread-bound EntityManager [SessionImpl(399577139<open>)] for JPA transaction
2026-01-25 11:02:41.246 [http-nio-8080-exec-2] DEBUG o.s.orm.jpa.JpaTransactionManager - Creating new transaction with name [org.springframework.data.jpa.repository.support.SimpleJpaRepository.findById]: PROPAGATION_REQUIRED,ISOLATION_DEFAULT,readOnly
2026-01-25 11:02:41.246 [http-nio-8080-exec-2] DEBUG o.s.orm.jpa.JpaTransactionManager - Exposing JPA transaction as JDBC [org.springframework.orm.jpa.vendor.HibernateJpaDialect$HibernateConnectionHandle@40a772e1]
2026-01-25 11:02:41.247 [http-nio-8080-exec-2] DEBUG o.s.orm.jpa.JpaTransactionManager - Initiating transaction commit
2026-01-25 11:02:41.247 [http-nio-8080-exec-2] DEBUG o.s.orm.jpa.JpaTransactionManager - Committing JPA transaction on EntityManager [SessionImpl(399577139<open>)]
2026-01-25 11:02:41.247 [http-nio-8080-exec-2] DEBUG o.s.orm.jpa.JpaTransactionManager - Not closing pre-bound JPA EntityManager after transaction
2026-01-25 11:02:41.247 [http-nio-8080-exec-2] DEBUG o.s.orm.jpa.JpaTransactionManager - Found thread-bound EntityManager [SessionImpl(399577139<open>)] for JPA transaction
2026-01-25 11:02:41.247 [http-nio-8080-exec-2] DEBUG o.s.orm.jpa.JpaTransactionManager - Creating new transaction with name [org.springframework.data.jpa.repository.support.SimpleJpaRepository.findById]: PROPAGATION_REQUIRED,ISOLATION_DEFAULT,readOnly
2026-01-25 11:02:41.247 [http-nio-8080-exec-2] DEBUG o.s.orm.jpa.JpaTransactionManager - Exposing JPA transaction as JDBC [org.springframework.orm.jpa.vendor.HibernateJpaDialect$HibernateConnectionHandle@6b7f4b2f]
2026-01-25 11:02:41.248 [http-nio-8080-exec-2] DEBUG o.s.orm.jpa.JpaTransactionManager - Initiating transaction commit
2026-01-25 11:02:41.248 [http-nio-8080-exec-2] DEBUG o.s.orm.jpa.JpaTransactionManager - Committing JPA transaction on EntityManager [SessionImpl(399577139<open>)]
2026-01-25 11:02:41.248 [http-nio-8080-exec-2] DEBUG o.s.orm.jpa.JpaTransactionManager - Not closing pre-bound JPA EntityManager after transaction
2026-01-25 11:02:41.249 [http-nio-8080-exec-2] DEBUG o.s.w.s.m.m.a.RequestResponseBodyMethodProcessor - Using 'application/json', given [*/*] and supported [application/json, application/*+json]
2026-01-25 11:02:41.250 [http-nio-8080-exec-2] DEBUG o.s.w.s.m.m.a.RequestResponseBodyMethodProcessor - Writing [Result(code=200, message=success, data=[{packageCategory=个人畅享, cardEndDate=2026-02-24T00:00, orderNo (truncated)...]
2026-01-25 11:02:41.251 [http-nio-8080-exec-2] DEBUG o.s.o.j.s.OpenEntityManagerInViewInterceptor - Closing JPA EntityManager in OpenEntityManagerInViewInterceptor
2026-01-25 11:02:41.252 [http-nio-8080-exec-2] DEBUG o.s.web.servlet.DispatcherServlet - Completed 200 OK
2026-01-25 11:02:41.254 [http-nio-8080-exec-8] DEBUG o.s.web.servlet.DispatcherServlet - GET "/api/payment/orders", parameters={}
2026-01-25 11:02:41.254 [http-nio-8080-exec-8] DEBUG o.s.w.s.m.m.a.RequestMappingHandlerMapping - Mapped to com.oxygen.capsule.controller.PaymentController#getUserPaymentOrders(String)
2026-01-25 11:02:41.254 [http-nio-8080-exec-8] DEBUG o.s.o.j.s.OpenEntityManagerInViewInterceptor - Opening JPA EntityManager in OpenEntityManagerInViewInterceptor
2026-01-25 11:02:41.258 [http-nio-8080-exec-8] DEBUG o.s.orm.jpa.JpaTransactionManager - Found thread-bound EntityManager [SessionImpl(460979243<open>)] for JPA transaction
2026-01-25 11:02:41.259 [http-nio-8080-exec-8] DEBUG o.s.orm.jpa.JpaTransactionManager - Creating new transaction with name [org.springframework.data.jpa.repository.support.SimpleJpaRepository.findById]: PROPAGATION_REQUIRED,ISOLATION_DEFAULT,readOnly
2026-01-25 11:02:41.259 [http-nio-8080-exec-8] DEBUG o.s.orm.jpa.JpaTransactionManager - Exposing JPA transaction as JDBC [org.springframework.orm.jpa.vendor.HibernateJpaDialect$HibernateConnectionHandle@373ea676]
2026-01-25 11:02:41.260 [http-nio-8080-exec-8] DEBUG o.s.orm.jpa.JpaTransactionManager - Initiating transaction commit
2026-01-25 11:02:41.260 [http-nio-8080-exec-8] DEBUG o.s.orm.jpa.JpaTransactionManager - Committing JPA transaction on EntityManager [SessionImpl(460979243<open>)]
2026-01-25 11:02:41.260 [http-nio-8080-exec-8] DEBUG o.s.orm.jpa.JpaTransactionManager - Not closing pre-bound JPA EntityManager after transaction
2026-01-25 11:02:41.261 [http-nio-8080-exec-8] DEBUG o.s.orm.jpa.JpaTransactionManager - Found thread-bound EntityManager [SessionImpl(460979243<open>)] for JPA transaction
2026-01-25 11:02:41.261 [http-nio-8080-exec-8] DEBUG o.s.orm.jpa.JpaTransactionManager - Creating new transaction with name [org.springframework.data.jpa.repository.support.SimpleJpaRepository.findById]: PROPAGATION_REQUIRED,ISOLATION_DEFAULT,readOnly
2026-01-25 11:02:41.261 [http-nio-8080-exec-8] DEBUG o.s.orm.jpa.JpaTransactionManager - Exposing JPA transaction as JDBC [org.springframework.orm.jpa.vendor.HibernateJpaDialect$HibernateConnectionHandle@1f79294b]
2026-01-25 11:02:41.263 [http-nio-8080-exec-8] DEBUG o.s.orm.jpa.JpaTransactionManager - Initiating transaction commit
2026-01-25 11:02:41.263 [http-nio-8080-exec-8] DEBUG o.s.orm.jpa.JpaTransactionManager - Committing JPA transaction on EntityManager [SessionImpl(460979243<open>)]
2026-01-25 11:02:41.263 [http-nio-8080-exec-8] DEBUG o.s.orm.jpa.JpaTransactionManager - Not closing pre-bound JPA EntityManager after transaction
2026-01-25 11:02:41.263 [http-nio-8080-exec-8] DEBUG o.s.orm.jpa.JpaTransactionManager - Found thread-bound EntityManager [SessionImpl(460979243<open>)] for JPA transaction
2026-01-25 11:02:41.263 [http-nio-8080-exec-8] DEBUG o.s.orm.jpa.JpaTransactionManager - Creating new transaction with name [org.springframework.data.jpa.repository.support.SimpleJpaRepository.findById]: PROPAGATION_REQUIRED,ISOLATION_DEFAULT,readOnly
2026-01-25 11:02:41.264 [http-nio-8080-exec-8] DEBUG o.s.orm.jpa.JpaTransactionManager - Exposing JPA transaction as JDBC [org.springframework.orm.jpa.vendor.HibernateJpaDialect$HibernateConnectionHandle@68d44379]
2026-01-25 11:02:41.264 [http-nio-8080-exec-8] DEBUG o.s.orm.jpa.JpaTransactionManager - Initiating transaction commit
2026-01-25 11:02:41.264 [http-nio-8080-exec-8] DEBUG o.s.orm.jpa.JpaTransactionManager - Committing JPA transaction on EntityManager [SessionImpl(460979243<open>)]
2026-01-25 11:02:41.265 [http-nio-8080-exec-8] DEBUG o.s.orm.jpa.JpaTransactionManager - Not closing pre-bound JPA EntityManager after transaction
2026-01-25 11:02:41.265 [http-nio-8080-exec-8] DEBUG o.s.orm.jpa.JpaTransactionManager - Found thread-bound EntityManager [SessionImpl(460979243<open>)] for JPA transaction
2026-01-25 11:02:41.265 [http-nio-8080-exec-8] DEBUG o.s.orm.jpa.JpaTransactionManager - Creating new transaction with name [org.springframework.data.jpa.repository.support.SimpleJpaRepository.findById]: PROPAGATION_REQUIRED,ISOLATION_DEFAULT,readOnly
2026-01-25 11:02:41.265 [http-nio-8080-exec-8] DEBUG o.s.orm.jpa.JpaTransactionManager - Exposing JPA transaction as JDBC [org.springframework.orm.jpa.vendor.HibernateJpaDialect$HibernateConnectionHandle@7663758e]
2026-01-25 11:02:41.266 [http-nio-8080-exec-8] DEBUG o.s.orm.jpa.JpaTransactionManager - Initiating transaction commit
2026-01-25 11:02:41.267 [http-nio-8080-exec-8] DEBUG o.s.orm.jpa.JpaTransactionManager - Committing JPA transaction on EntityManager [SessionImpl(460979243<open>)]
2026-01-25 11:02:41.267 [http-nio-8080-exec-8] DEBUG o.s.orm.jpa.JpaTransactionManager - Not closing pre-bound JPA EntityManager after transaction
2026-01-25 11:02:41.267 [http-nio-8080-exec-8] DEBUG o.s.w.s.m.m.a.RequestResponseBodyMethodProcessor - Using 'application/json', given [*/*] and supported [application/json, application/*+json]
2026-01-25 11:02:41.267 [http-nio-8080-exec-8] DEBUG o.s.w.s.m.m.a.RequestResponseBodyMethodProcessor - Writing [Result(code=200, message=success, data=[{packageCategory=个人畅享, cardEndDate=2026-02-24T00:00, orderNo (truncated)...]
2026-01-25 11:02:41.268 [http-nio-8080-exec-8] DEBUG o.s.o.j.s.OpenEntityManagerInViewInterceptor - Closing JPA EntityManager in OpenEntityManagerInViewInterceptor
2026-01-25 11:02:41.268 [http-nio-8080-exec-8] DEBUG o.s.web.servlet.DispatcherServlet - Completed 200 OK
2026-01-25 11:02:43.350 [http-nio-8080-exec-7] DEBUG o.s.web.servlet.DispatcherServlet - GET "/api/booking/booked-seats?date=2026-01-25&timeSlot=18%3A45%E2%80%9319%3A45", parameters={masked}
2026-01-25 11:02:43.350 [http-nio-8080-exec-7] DEBUG o.s.w.s.m.m.a.RequestMappingHandlerMapping - Mapped to com.oxygen.capsule.controller.BookingController#getBookedSeats(String, String)
2026-01-25 11:02:43.350 [http-nio-8080-exec-7] DEBUG o.s.o.j.s.OpenEntityManagerInViewInterceptor - Opening JPA EntityManager in OpenEntityManagerInViewInterceptor
2026-01-25 11:02:43.354 [http-nio-8080-exec-7] DEBUG o.s.w.s.m.m.a.RequestResponseBodyMethodProcessor - Using 'application/json', given [*/*] and supported [application/json, application/*+json]
2026-01-25 11:02:43.354 [http-nio-8080-exec-7] DEBUG o.s.w.s.m.m.a.RequestResponseBodyMethodProcessor - Writing [Result(code=200, message=success, data=[])]
2026-01-25 11:02:43.355 [http-nio-8080-exec-7] DEBUG o.s.o.j.s.OpenEntityManagerInViewInterceptor - Closing JPA EntityManager in OpenEntityManagerInViewInterceptor
2026-01-25 11:02:43.355 [http-nio-8080-exec-7] DEBUG o.s.web.servlet.DispatcherServlet - Completed 200 OK
2026-01-25 11:02:45.642 [http-nio-8080-exec-9] DEBUG o.s.web.servlet.DispatcherServlet - GET "/api/payment/orders", parameters={}
2026-01-25 11:02:45.644 [http-nio-8080-exec-9] DEBUG o.s.w.s.m.m.a.RequestMappingHandlerMapping - Mapped to com.oxygen.capsule.controller.PaymentController#getUserPaymentOrders(String)
2026-01-25 11:02:45.644 [http-nio-8080-exec-9] DEBUG o.s.o.j.s.OpenEntityManagerInViewInterceptor - Opening JPA EntityManager in OpenEntityManagerInViewInterceptor
2026-01-25 11:02:45.648 [http-nio-8080-exec-9] DEBUG o.s.orm.jpa.JpaTransactionManager - Found thread-bound EntityManager [SessionImpl(1350531637<open>)] for JPA transaction
2026-01-25 11:02:45.648 [http-nio-8080-exec-9] DEBUG o.s.orm.jpa.JpaTransactionManager - Creating new transaction with name [org.springframework.data.jpa.repository.support.SimpleJpaRepository.findById]: PROPAGATION_REQUIRED,ISOLATION_DEFAULT,readOnly
2026-01-25 11:02:45.649 [http-nio-8080-exec-9] DEBUG o.s.orm.jpa.JpaTransactionManager - Exposing JPA transaction as JDBC [org.springframework.orm.jpa.vendor.HibernateJpaDialect$HibernateConnectionHandle@4d7e1235]
2026-01-25 11:02:45.651 [http-nio-8080-exec-9] DEBUG o.s.orm.jpa.JpaTransactionManager - Initiating transaction commit
2026-01-25 11:02:45.651 [http-nio-8080-exec-9] DEBUG o.s.orm.jpa.JpaTransactionManager - Committing JPA transaction on EntityManager [SessionImpl(1350531637<open>)]
2026-01-25 11:02:45.651 [http-nio-8080-exec-9] DEBUG o.s.orm.jpa.JpaTransactionManager - Not closing pre-bound JPA EntityManager after transaction
2026-01-25 11:02:45.651 [http-nio-8080-exec-9] DEBUG o.s.orm.jpa.JpaTransactionManager - Found thread-bound EntityManager [SessionImpl(1350531637<open>)] for JPA transaction
2026-01-25 11:02:45.651 [http-nio-8080-exec-9] DEBUG o.s.orm.jpa.JpaTransactionManager - Creating new transaction with name [org.springframework.data.jpa.repository.support.SimpleJpaRepository.findById]: PROPAGATION_REQUIRED,ISOLATION_DEFAULT,readOnly
2026-01-25 11:02:45.651 [http-nio-8080-exec-9] DEBUG o.s.orm.jpa.JpaTransactionManager - Exposing JPA transaction as JDBC [org.springframework.orm.jpa.vendor.HibernateJpaDialect$HibernateConnectionHandle@6d5f91d]
2026-01-25 11:02:45.653 [http-nio-8080-exec-9] DEBUG o.s.orm.jpa.JpaTransactionManager - Initiating transaction commit
2026-01-25 11:02:45.653 [http-nio-8080-exec-9] DEBUG o.s.orm.jpa.JpaTransactionManager - Committing JPA transaction on EntityManager [SessionImpl(1350531637<open>)]
2026-01-25 11:02:45.653 [http-nio-8080-exec-9] DEBUG o.s.orm.jpa.JpaTransactionManager - Not closing pre-bound JPA EntityManager after transaction
2026-01-25 11:02:45.653 [http-nio-8080-exec-9] DEBUG o.s.orm.jpa.JpaTransactionManager - Found thread-bound EntityManager [SessionImpl(1350531637<open>)] for JPA transaction
2026-01-25 11:02:45.653 [http-nio-8080-exec-9] DEBUG o.s.orm.jpa.JpaTransactionManager - Creating new transaction with name [org.springframework.data.jpa.repository.support.SimpleJpaRepository.findById]: PROPAGATION_REQUIRED,ISOLATION_DEFAULT,readOnly
2026-01-25 11:02:45.653 [http-nio-8080-exec-9] DEBUG o.s.orm.jpa.JpaTransactionManager - Exposing JPA transaction as JDBC [org.springframework.orm.jpa.vendor.HibernateJpaDialect$HibernateConnectionHandle@24715ffd]
2026-01-25 11:02:45.654 [http-nio-8080-exec-9] DEBUG o.s.orm.jpa.JpaTransactionManager - Initiating transaction commit
2026-01-25 11:02:45.654 [http-nio-8080-exec-9] DEBUG o.s.orm.jpa.JpaTransactionManager - Committing JPA transaction on EntityManager [SessionImpl(1350531637<open>)]
2026-01-25 11:02:45.655 [http-nio-8080-exec-9] DEBUG o.s.orm.jpa.JpaTransactionManager - Not closing pre-bound JPA EntityManager after transaction
2026-01-25 11:02:45.655 [http-nio-8080-exec-9] DEBUG o.s.orm.jpa.JpaTransactionManager - Found thread-bound EntityManager [SessionImpl(1350531637<open>)] for JPA transaction
2026-01-25 11:02:45.655 [http-nio-8080-exec-9] DEBUG o.s.orm.jpa.JpaTransactionManager - Creating new transaction with name [org.springframework.data.jpa.repository.support.SimpleJpaRepository.findById]: PROPAGATION_REQUIRED,ISOLATION_DEFAULT,readOnly
2026-01-25 11:02:45.655 [http-nio-8080-exec-9] DEBUG o.s.orm.jpa.JpaTransactionManager - Exposing JPA transaction as JDBC [org.springframework.orm.jpa.vendor.HibernateJpaDialect$HibernateConnectionHandle@61f909df]
2026-01-25 11:02:45.656 [http-nio-8080-exec-9] DEBUG o.s.orm.jpa.JpaTransactionManager - Initiating transaction commit
2026-01-25 11:02:45.656 [http-nio-8080-exec-9] DEBUG o.s.orm.jpa.JpaTransactionManager - Committing JPA transaction on EntityManager [SessionImpl(1350531637<open>)]
2026-01-25 11:02:45.656 [http-nio-8080-exec-9] DEBUG o.s.orm.jpa.JpaTransactionManager - Not closing pre-bound JPA EntityManager after transaction
2026-01-25 11:02:45.656 [http-nio-8080-exec-9] DEBUG o.s.w.s.m.m.a.RequestResponseBodyMethodProcessor - Using 'application/json', given [*/*] and supported [application/json, application/*+json]
2026-01-25 11:02:45.657 [http-nio-8080-exec-9] DEBUG o.s.w.s.m.m.a.RequestResponseBodyMethodProcessor - Writing [Result(code=200, message=success, data=[{packageCategory=个人畅享, cardEndDate=2026-02-24T00:00, orderNo (truncated)...]
2026-01-25 11:02:45.657 [http-nio-8080-exec-9] DEBUG o.s.o.j.s.OpenEntityManagerInViewInterceptor - Closing JPA EntityManager in OpenEntityManagerInViewInterceptor
2026-01-25 11:02:45.657 [http-nio-8080-exec-9] DEBUG o.s.web.servlet.DispatcherServlet - Completed 200 OK
2026-01-25 11:02:45.669 [http-nio-8080-exec-4] DEBUG o.s.web.servlet.DispatcherServlet - GET "/api/booking/can-book-today?date=2026-01-25", parameters={masked}
2026-01-25 11:02:45.669 [http-nio-8080-exec-4] DEBUG o.s.w.s.m.m.a.RequestMappingHandlerMapping - Mapped to com.oxygen.capsule.controller.BookingController#canBookToday(String, String)
2026-01-25 11:02:45.669 [http-nio-8080-exec-4] DEBUG o.s.o.j.s.OpenEntityManagerInViewInterceptor - Opening JPA EntityManager in OpenEntityManagerInViewInterceptor
2026-01-25 11:02:45.671 [http-nio-8080-exec-4] DEBUG o.s.orm.jpa.JpaTransactionManager - Found thread-bound EntityManager [SessionImpl(720331481<open>)] for JPA transaction
2026-01-25 11:02:45.671 [http-nio-8080-exec-4] DEBUG o.s.orm.jpa.JpaTransactionManager - Creating new transaction with name [org.springframework.data.jpa.repository.support.SimpleJpaRepository.findById]: PROPAGATION_REQUIRED,ISOLATION_DEFAULT,readOnly
2026-01-25 11:02:45.672 [http-nio-8080-exec-4] DEBUG o.s.orm.jpa.JpaTransactionManager - Exposing JPA transaction as JDBC [org.springframework.orm.jpa.vendor.HibernateJpaDialect$HibernateConnectionHandle@190abaf5]
2026-01-25 11:02:45.673 [http-nio-8080-exec-4] DEBUG o.s.orm.jpa.JpaTransactionManager - Initiating transaction commit
2026-01-25 11:02:45.673 [http-nio-8080-exec-4] DEBUG o.s.orm.jpa.JpaTransactionManager - Committing JPA transaction on EntityManager [SessionImpl(720331481<open>)]
2026-01-25 11:02:45.673 [http-nio-8080-exec-4] DEBUG o.s.orm.jpa.JpaTransactionManager - Not closing pre-bound JPA EntityManager after transaction
2026-01-25 11:02:45.675 [http-nio-8080-exec-4] DEBUG o.s.w.s.m.m.a.RequestResponseBodyMethodProcessor - Using 'application/json', given [*/*] and supported [application/json, application/*+json]
2026-01-25 11:02:45.676 [http-nio-8080-exec-4] DEBUG o.s.w.s.m.m.a.RequestResponseBodyMethodProcessor - Writing [Result(code=200, message=success, data=true)]
2026-01-25 11:02:45.676 [http-nio-8080-exec-4] DEBUG o.s.o.j.s.OpenEntityManagerInViewInterceptor - Closing JPA EntityManager in OpenEntityManagerInViewInterceptor
2026-01-25 11:02:45.676 [http-nio-8080-exec-4] DEBUG o.s.web.servlet.DispatcherServlet - Completed 200 OK
2026-01-25 11:02:46.343 [http-nio-8080-exec-3] DEBUG o.s.web.servlet.DispatcherServlet - POST "/api/booking/create", parameters={}
2026-01-25 11:02:46.343 [http-nio-8080-exec-3] DEBUG o.s.w.s.m.m.a.RequestMappingHandlerMapping - Mapped to com.oxygen.capsule.controller.BookingController#createBooking(String, Map)
2026-01-25 11:02:46.343 [http-nio-8080-exec-3] DEBUG o.s.o.j.s.OpenEntityManagerInViewInterceptor - Opening JPA EntityManager in OpenEntityManagerInViewInterceptor
2026-01-25 11:02:46.344 [http-nio-8080-exec-3] DEBUG o.s.w.s.m.m.a.RequestResponseBodyMethodProcessor - Read "application/json;charset=UTF-8" to [{date=2026-01-25, timeSlot=18:45–19:45, cabinName=1号舱, seatName=A座, price=0, originalPrice=0}]
2026-01-25 11:02:46.345 [http-nio-8080-exec-3] DEBUG o.s.orm.jpa.JpaTransactionManager - Found thread-bound EntityManager [SessionImpl(793207471<open>)] for JPA transaction
2026-01-25 11:02:46.345 [http-nio-8080-exec-3] DEBUG o.s.orm.jpa.JpaTransactionManager - Creating new transaction with name [org.springframework.data.jpa.repository.support.SimpleJpaRepository.findById]: PROPAGATION_REQUIRED,ISOLATION_DEFAULT,readOnly
2026-01-25 11:02:46.346 [http-nio-8080-exec-3] DEBUG o.s.orm.jpa.JpaTransactionManager - Exposing JPA transaction as JDBC [org.springframework.orm.jpa.vendor.HibernateJpaDialect$HibernateConnectionHandle@2b4703e6]
2026-01-25 11:02:46.347 [http-nio-8080-exec-3] DEBUG o.s.orm.jpa.JpaTransactionManager - Initiating transaction commit
2026-01-25 11:02:46.347 [http-nio-8080-exec-3] DEBUG o.s.orm.jpa.JpaTransactionManager - Committing JPA transaction on EntityManager [SessionImpl(793207471<open>)]
2026-01-25 11:02:46.347 [http-nio-8080-exec-3] DEBUG o.s.orm.jpa.JpaTransactionManager - Not closing pre-bound JPA EntityManager after transaction
2026-01-25 11:02:46.354 [http-nio-8080-exec-3] DEBUG o.s.orm.jpa.JpaTransactionManager - Found thread-bound EntityManager [SessionImpl(793207471<open>)] for JPA transaction
2026-01-25 11:02:46.354 [http-nio-8080-exec-3] DEBUG o.s.orm.jpa.JpaTransactionManager - Creating new transaction with name [org.springframework.data.jpa.repository.support.SimpleJpaRepository.findById]: PROPAGATION_REQUIRED,ISOLATION_DEFAULT,readOnly
2026-01-25 11:02:46.355 [http-nio-8080-exec-3] DEBUG o.s.orm.jpa.JpaTransactionManager - Exposing JPA transaction as JDBC [org.springframework.orm.jpa.vendor.HibernateJpaDialect$HibernateConnectionHandle@a708a8c]
2026-01-25 11:02:46.355 [http-nio-8080-exec-3] DEBUG o.s.orm.jpa.JpaTransactionManager - Initiating transaction commit
2026-01-25 11:02:46.355 [http-nio-8080-exec-3] DEBUG o.s.orm.jpa.JpaTransactionManager - Committing JPA transaction on EntityManager [SessionImpl(793207471<open>)]
2026-01-25 11:02:46.356 [http-nio-8080-exec-3] DEBUG o.s.orm.jpa.JpaTransactionManager - Not closing pre-bound JPA EntityManager after transaction
2026-01-25 11:02:46.356 [http-nio-8080-exec-3] DEBUG o.s.orm.jpa.JpaTransactionManager - Found thread-bound EntityManager [SessionImpl(793207471<open>)] for JPA transaction
2026-01-25 11:02:46.356 [http-nio-8080-exec-3] DEBUG o.s.orm.jpa.JpaTransactionManager - Creating new transaction with name [org.springframework.data.jpa.repository.support.SimpleJpaRepository.save]: PROPAGATION_REQUIRED,ISOLATION_DEFAULT
2026-01-25 11:02:46.356 [http-nio-8080-exec-3] DEBUG o.s.orm.jpa.JpaTransactionManager - Exposing JPA transaction as JDBC [org.springframework.orm.jpa.vendor.HibernateJpaDialect$HibernateConnectionHandle@226ecd80]
2026-01-25 11:02:46.359 [http-nio-8080-exec-3] DEBUG o.s.orm.jpa.JpaTransactionManager - Initiating transaction commit
2026-01-25 11:02:46.359 [http-nio-8080-exec-3] DEBUG o.s.orm.jpa.JpaTransactionManager - Committing JPA transaction on EntityManager [SessionImpl(793207471<open>)]
2026-01-25 11:02:46.361 [http-nio-8080-exec-3] DEBUG o.s.orm.jpa.JpaTransactionManager - Not closing pre-bound JPA EntityManager after transaction
2026-01-25 11:02:46.361 [http-nio-8080-exec-3] DEBUG o.s.w.s.m.m.a.RequestResponseBodyMethodProcessor - Using 'application/json', given [*/*] and supported [application/json, application/*+json]
2026-01-25 11:02:46.361 [http-nio-8080-exec-3] DEBUG o.s.w.s.m.m.a.RequestResponseBodyMethodProcessor - Writing [Result(code=200, message=预约成功, data=BookingOrder(id=6, orderNo=BK17693101663577888, userId=1, paymen (truncated)...]
2026-01-25 11:02:46.365 [http-nio-8080-exec-3] DEBUG o.s.o.j.s.OpenEntityManagerInViewInterceptor - Closing JPA EntityManager in OpenEntityManagerInViewInterceptor
2026-01-25 11:02:46.365 [http-nio-8080-exec-3] DEBUG o.s.web.servlet.DispatcherServlet - Completed 200 OK
2026-01-25 11:02:48.003 [http-nio-8080-exec-1] DEBUG o.s.web.servlet.DispatcherServlet - GET "/api/user/info", parameters={}
2026-01-25 11:02:48.003 [http-nio-8080-exec-10] DEBUG o.s.web.servlet.DispatcherServlet - GET "/api/payment/orders", parameters={}
2026-01-25 11:02:48.004 [http-nio-8080-exec-1] DEBUG o.s.w.s.m.m.a.RequestMappingHandlerMapping - Mapped to com.oxygen.capsule.controller.UserController#getUserInfo(String)
2026-01-25 11:02:48.004 [http-nio-8080-exec-10] DEBUG o.s.w.s.m.m.a.RequestMappingHandlerMapping - Mapped to com.oxygen.capsule.controller.PaymentController#getUserPaymentOrders(String)
2026-01-25 11:02:48.004 [http-nio-8080-exec-1] DEBUG o.s.o.j.s.OpenEntityManagerInViewInterceptor - Opening JPA EntityManager in OpenEntityManagerInViewInterceptor
2026-01-25 11:02:48.004 [http-nio-8080-exec-10] DEBUG o.s.o.j.s.OpenEntityManagerInViewInterceptor - Opening JPA EntityManager in OpenEntityManagerInViewInterceptor
2026-01-25 11:02:48.005 [http-nio-8080-exec-1] DEBUG o.s.orm.jpa.JpaTransactionManager - Found thread-bound EntityManager [SessionImpl(603955131<open>)] for JPA transaction
2026-01-25 11:02:48.005 [http-nio-8080-exec-1] DEBUG o.s.orm.jpa.JpaTransactionManager - Creating new transaction with name [org.springframework.data.jpa.repository.support.SimpleJpaRepository.findById]: PROPAGATION_REQUIRED,ISOLATION_DEFAULT,readOnly
2026-01-25 11:02:48.005 [http-nio-8080-exec-1] DEBUG o.s.orm.jpa.JpaTransactionManager - Exposing JPA transaction as JDBC [org.springframework.orm.jpa.vendor.HibernateJpaDialect$HibernateConnectionHandle@221dcec9]
2026-01-25 11:02:48.006 [http-nio-8080-exec-6] DEBUG o.s.web.servlet.DispatcherServlet - GET "/api/booking/orders", parameters={}
2026-01-25 11:02:48.006 [http-nio-8080-exec-6] DEBUG o.s.w.s.m.m.a.RequestMappingHandlerMapping - Mapped to com.oxygen.capsule.controller.BookingController#getUserOrders(String)
2026-01-25 11:02:48.006 [http-nio-8080-exec-6] DEBUG o.s.o.j.s.OpenEntityManagerInViewInterceptor - Opening JPA EntityManager in OpenEntityManagerInViewInterceptor
2026-01-25 11:02:48.006 [http-nio-8080-exec-1] DEBUG o.s.orm.jpa.JpaTransactionManager - Initiating transaction commit
2026-01-25 11:02:48.006 [http-nio-8080-exec-1] DEBUG o.s.orm.jpa.JpaTransactionManager - Committing JPA transaction on EntityManager [SessionImpl(603955131<open>)]
2026-01-25 11:02:48.007 [http-nio-8080-exec-10] DEBUG o.s.orm.jpa.JpaTransactionManager - Found thread-bound EntityManager [SessionImpl(1603891436<open>)] for JPA transaction
2026-01-25 11:02:48.007 [http-nio-8080-exec-10] DEBUG o.s.orm.jpa.JpaTransactionManager - Creating new transaction with name [org.springframework.data.jpa.repository.support.SimpleJpaRepository.findById]: PROPAGATION_REQUIRED,ISOLATION_DEFAULT,readOnly
2026-01-25 11:02:48.007 [http-nio-8080-exec-6] DEBUG o.s.orm.jpa.JpaTransactionManager - Found thread-bound EntityManager [SessionImpl(1749308552<open>)] for JPA transaction
2026-01-25 11:02:48.007 [http-nio-8080-exec-6] DEBUG o.s.orm.jpa.JpaTransactionManager - Creating new transaction with name [org.springframework.data.jpa.repository.support.SimpleJpaRepository.findById]: PROPAGATION_REQUIRED,ISOLATION_DEFAULT,readOnly
2026-01-25 11:02:48.007 [http-nio-8080-exec-10] DEBUG o.s.orm.jpa.JpaTransactionManager - Exposing JPA transaction as JDBC [org.springframework.orm.jpa.vendor.HibernateJpaDialect$HibernateConnectionHandle@7532374]
2026-01-25 11:02:48.007 [http-nio-8080-exec-1] DEBUG o.s.orm.jpa.JpaTransactionManager - Not closing pre-bound JPA EntityManager after transaction
2026-01-25 11:02:48.007 [http-nio-8080-exec-6] DEBUG o.s.orm.jpa.JpaTransactionManager - Exposing JPA transaction as JDBC [org.springframework.orm.jpa.vendor.HibernateJpaDialect$HibernateConnectionHandle@26930e0]
2026-01-25 11:02:48.008 [http-nio-8080-exec-10] DEBUG o.s.orm.jpa.JpaTransactionManager - Initiating transaction commit
2026-01-25 11:02:48.008 [http-nio-8080-exec-10] DEBUG o.s.orm.jpa.JpaTransactionManager - Committing JPA transaction on EntityManager [SessionImpl(1603891436<open>)]
2026-01-25 11:02:48.009 [http-nio-8080-exec-10] DEBUG o.s.orm.jpa.JpaTransactionManager - Not closing pre-bound JPA EntityManager after transaction
2026-01-25 11:02:48.009 [http-nio-8080-exec-6] DEBUG o.s.orm.jpa.JpaTransactionManager - Initiating transaction commit
2026-01-25 11:02:48.009 [http-nio-8080-exec-10] DEBUG o.s.orm.jpa.JpaTransactionManager - Found thread-bound EntityManager [SessionImpl(1603891436<open>)] for JPA transaction
2026-01-25 11:02:48.009 [http-nio-8080-exec-10] DEBUG o.s.orm.jpa.JpaTransactionManager - Creating new transaction with name [org.springframework.data.jpa.repository.support.SimpleJpaRepository.findById]: PROPAGATION_REQUIRED,ISOLATION_DEFAULT,readOnly
2026-01-25 11:02:48.009 [http-nio-8080-exec-6] DEBUG o.s.orm.jpa.JpaTransactionManager - Committing JPA transaction on EntityManager [SessionImpl(1749308552<open>)]
2026-01-25 11:02:48.009 [http-nio-8080-exec-10] DEBUG o.s.orm.jpa.JpaTransactionManager - Exposing JPA transaction as JDBC [org.springframework.orm.jpa.vendor.HibernateJpaDialect$HibernateConnectionHandle@11bf264d]
2026-01-25 11:02:48.009 [http-nio-8080-exec-6] DEBUG o.s.orm.jpa.JpaTransactionManager - Not closing pre-bound JPA EntityManager after transaction
2026-01-25 11:02:48.010 [http-nio-8080-exec-10] DEBUG o.s.orm.jpa.JpaTransactionManager - Initiating transaction commit
2026-01-25 11:02:48.010 [http-nio-8080-exec-10] DEBUG o.s.orm.jpa.JpaTransactionManager - Committing JPA transaction on EntityManager [SessionImpl(1603891436<open>)]
2026-01-25 11:02:48.010 [http-nio-8080-exec-1] DEBUG o.s.w.s.m.m.a.RequestResponseBodyMethodProcessor - Using 'application/json', given [*/*] and supported [application/json, application/*+json]
2026-01-25 11:02:48.010 [http-nio-8080-exec-10] DEBUG o.s.orm.jpa.JpaTransactionManager - Not closing pre-bound JPA EntityManager after transaction
2026-01-25 11:02:48.010 [http-nio-8080-exec-10] DEBUG o.s.orm.jpa.JpaTransactionManager - Found thread-bound EntityManager [SessionImpl(1603891436<open>)] for JPA transaction
2026-01-25 11:02:48.010 [http-nio-8080-exec-1] DEBUG o.s.w.s.m.m.a.RequestResponseBodyMethodProcessor - Writing [Result(code=200, message=success, data={totalVisits=0, remainingVisits=200, memberExpireTime=2038-03 (truncated)...]
2026-01-25 11:02:48.010 [http-nio-8080-exec-10] DEBUG o.s.orm.jpa.JpaTransactionManager - Creating new transaction with name [org.springframework.data.jpa.repository.support.SimpleJpaRepository.findById]: PROPAGATION_REQUIRED,ISOLATION_DEFAULT,readOnly
2026-01-25 11:02:48.011 [http-nio-8080-exec-1] DEBUG o.s.o.j.s.OpenEntityManagerInViewInterceptor - Closing JPA EntityManager in OpenEntityManagerInViewInterceptor
2026-01-25 11:02:48.011 [http-nio-8080-exec-1] DEBUG o.s.web.servlet.DispatcherServlet - Completed 200 OK
2026-01-25 11:02:48.011 [http-nio-8080-exec-10] DEBUG o.s.orm.jpa.JpaTransactionManager - Exposing JPA transaction as JDBC [org.springframework.orm.jpa.vendor.HibernateJpaDialect$HibernateConnectionHandle@52c9c260]
2026-01-25 11:02:48.012 [http-nio-8080-exec-6] DEBUG o.s.w.s.m.m.a.RequestResponseBodyMethodProcessor - Using 'application/json', given [*/*] and supported [application/json, application/*+json]
2026-01-25 11:02:48.012 [http-nio-8080-exec-6] DEBUG o.s.w.s.m.m.a.RequestResponseBodyMethodProcessor - Writing [Result(code=200, message=success, data=[BookingOrder(id=6, orderNo=BK17693101663577888, userId=1, pa (truncated)...]
2026-01-25 11:02:48.012 [http-nio-8080-exec-10] DEBUG o.s.orm.jpa.JpaTransactionManager - Initiating transaction commit
2026-01-25 11:02:48.012 [http-nio-8080-exec-10] DEBUG o.s.orm.jpa.JpaTransactionManager - Committing JPA transaction on EntityManager [SessionImpl(1603891436<open>)]
2026-01-25 11:02:48.012 [http-nio-8080-exec-6] DEBUG o.s.o.j.s.OpenEntityManagerInViewInterceptor - Closing JPA EntityManager in OpenEntityManagerInViewInterceptor
2026-01-25 11:02:48.013 [http-nio-8080-exec-6] DEBUG o.s.web.servlet.DispatcherServlet - Completed 200 OK
2026-01-25 11:02:48.013 [http-nio-8080-exec-10] DEBUG o.s.orm.jpa.JpaTransactionManager - Not closing pre-bound JPA EntityManager after transaction
2026-01-25 11:02:48.013 [http-nio-8080-exec-10] DEBUG o.s.orm.jpa.JpaTransactionManager - Found thread-bound EntityManager [SessionImpl(1603891436<open>)] for JPA transaction
2026-01-25 11:02:48.013 [http-nio-8080-exec-10] DEBUG o.s.orm.jpa.JpaTransactionManager - Creating new transaction with name [org.springframework.data.jpa.repository.support.SimpleJpaRepository.findById]: PROPAGATION_REQUIRED,ISOLATION_DEFAULT,readOnly
2026-01-25 11:02:48.013 [http-nio-8080-exec-10] DEBUG o.s.orm.jpa.JpaTransactionManager - Exposing JPA transaction as JDBC [org.springframework.orm.jpa.vendor.HibernateJpaDialect$HibernateConnectionHandle@37cc665d]
2026-01-25 11:02:48.014 [http-nio-8080-exec-10] DEBUG o.s.orm.jpa.JpaTransactionManager - Initiating transaction commit
2026-01-25 11:02:48.014 [http-nio-8080-exec-10] DEBUG o.s.orm.jpa.JpaTransactionManager - Committing JPA transaction on EntityManager [SessionImpl(1603891436<open>)]
2026-01-25 11:02:48.014 [http-nio-8080-exec-10] DEBUG o.s.orm.jpa.JpaTransactionManager - Not closing pre-bound JPA EntityManager after transaction
2026-01-25 11:02:48.014 [http-nio-8080-exec-10] DEBUG o.s.w.s.m.m.a.RequestResponseBodyMethodProcessor - Using 'application/json', given [*/*] and supported [application/json, application/*+json]
2026-01-25 11:02:48.014 [http-nio-8080-exec-10] DEBUG o.s.w.s.m.m.a.RequestResponseBodyMethodProcessor - Writing [Result(code=200, message=success, data=[{packageCategory=个人畅享, cardEndDate=2026-02-24T00:00, orderNo (truncated)...]
2026-01-25 11:02:48.015 [http-nio-8080-exec-10] DEBUG o.s.o.j.s.OpenEntityManagerInViewInterceptor - Closing JPA EntityManager in OpenEntityManagerInViewInterceptor
2026-01-25 11:02:48.015 [http-nio-8080-exec-10] DEBUG o.s.web.servlet.DispatcherServlet - Completed 200 OK
2026-01-25 11:02:48.018 [http-nio-8080-exec-5] DEBUG o.s.web.servlet.DispatcherServlet - GET "/api/user/info", parameters={}
2026-01-25 11:02:48.018 [http-nio-8080-exec-5] DEBUG o.s.w.s.m.m.a.RequestMappingHandlerMapping - Mapped to com.oxygen.capsule.controller.UserController#getUserInfo(String)
2026-01-25 11:02:48.018 [http-nio-8080-exec-5] DEBUG o.s.o.j.s.OpenEntityManagerInViewInterceptor - Opening JPA EntityManager in OpenEntityManagerInViewInterceptor
2026-01-25 11:02:48.020 [http-nio-8080-exec-5] DEBUG o.s.orm.jpa.JpaTransactionManager - Found thread-bound EntityManager [SessionImpl(474661350<open>)] for JPA transaction
2026-01-25 11:02:48.020 [http-nio-8080-exec-5] DEBUG o.s.orm.jpa.JpaTransactionManager - Creating new transaction with name [org.springframework.data.jpa.repository.support.SimpleJpaRepository.findById]: PROPAGATION_REQUIRED,ISOLATION_DEFAULT,readOnly
2026-01-25 11:02:48.020 [http-nio-8080-exec-2] DEBUG o.s.web.servlet.DispatcherServlet - GET "/api/payment/orders", parameters={}
2026-01-25 11:02:48.020 [http-nio-8080-exec-2] DEBUG o.s.w.s.m.m.a.RequestMappingHandlerMapping - Mapped to com.oxygen.capsule.controller.PaymentController#getUserPaymentOrders(String)
2026-01-25 11:02:48.020 [http-nio-8080-exec-2] DEBUG o.s.o.j.s.OpenEntityManagerInViewInterceptor - Opening JPA EntityManager in OpenEntityManagerInViewInterceptor
2026-01-25 11:02:48.020 [http-nio-8080-exec-5] DEBUG o.s.orm.jpa.JpaTransactionManager - Exposing JPA transaction as JDBC [org.springframework.orm.jpa.vendor.HibernateJpaDialect$HibernateConnectionHandle@bef1cff]
2026-01-25 11:02:48.021 [http-nio-8080-exec-5] DEBUG o.s.orm.jpa.JpaTransactionManager - Initiating transaction commit
2026-01-25 11:02:48.021 [http-nio-8080-exec-5] DEBUG o.s.orm.jpa.JpaTransactionManager - Committing JPA transaction on EntityManager [SessionImpl(474661350<open>)]
2026-01-25 11:02:48.022 [http-nio-8080-exec-5] DEBUG o.s.orm.jpa.JpaTransactionManager - Not closing pre-bound JPA EntityManager after transaction
2026-01-25 11:02:48.022 [http-nio-8080-exec-2] DEBUG o.s.orm.jpa.JpaTransactionManager - Found thread-bound EntityManager [SessionImpl(628717728<open>)] for JPA transaction
2026-01-25 11:02:48.022 [http-nio-8080-exec-2] DEBUG o.s.orm.jpa.JpaTransactionManager - Creating new transaction with name [org.springframework.data.jpa.repository.support.SimpleJpaRepository.findById]: PROPAGATION_REQUIRED,ISOLATION_DEFAULT,readOnly
2026-01-25 11:02:48.022 [http-nio-8080-exec-2] DEBUG o.s.orm.jpa.JpaTransactionManager - Exposing JPA transaction as JDBC [org.springframework.orm.jpa.vendor.HibernateJpaDialect$HibernateConnectionHandle@75fe9aa3]
2026-01-25 11:02:48.023 [http-nio-8080-exec-5] DEBUG o.s.w.s.m.m.a.RequestResponseBodyMethodProcessor - Using 'application/json', given [*/*] and supported [application/json, application/*+json]
2026-01-25 11:02:48.023 [http-nio-8080-exec-5] DEBUG o.s.w.s.m.m.a.RequestResponseBodyMethodProcessor - Writing [Result(code=200, message=success, data={totalVisits=0, remainingVisits=200, memberExpireTime=2038-03 (truncated)...]
2026-01-25 11:02:48.023 [http-nio-8080-exec-5] DEBUG o.s.o.j.s.OpenEntityManagerInViewInterceptor - Closing JPA EntityManager in OpenEntityManagerInViewInterceptor
2026-01-25 11:02:48.023 [http-nio-8080-exec-5] DEBUG o.s.web.servlet.DispatcherServlet - Completed 200 OK
2026-01-25 11:02:48.024 [http-nio-8080-exec-2] DEBUG o.s.orm.jpa.JpaTransactionManager - Initiating transaction commit
2026-01-25 11:02:48.024 [http-nio-8080-exec-2] DEBUG o.s.orm.jpa.JpaTransactionManager - Committing JPA transaction on EntityManager [SessionImpl(628717728<open>)]
2026-01-25 11:02:48.024 [http-nio-8080-exec-2] DEBUG o.s.orm.jpa.JpaTransactionManager - Not closing pre-bound JPA EntityManager after transaction
2026-01-25 11:02:48.024 [http-nio-8080-exec-2] DEBUG o.s.orm.jpa.JpaTransactionManager - Found thread-bound EntityManager [SessionImpl(628717728<open>)] for JPA transaction
2026-01-25 11:02:48.024 [http-nio-8080-exec-2] DEBUG o.s.orm.jpa.JpaTransactionManager - Creating new transaction with name [org.springframework.data.jpa.repository.support.SimpleJpaRepository.findById]: PROPAGATION_REQUIRED,ISOLATION_DEFAULT,readOnly
2026-01-25 11:02:48.024 [http-nio-8080-exec-2] DEBUG o.s.orm.jpa.JpaTransactionManager - Exposing JPA transaction as JDBC [org.springframework.orm.jpa.vendor.HibernateJpaDialect$HibernateConnectionHandle@1c53f7f7]
2026-01-25 11:02:48.025 [http-nio-8080-exec-8] DEBUG o.s.web.servlet.DispatcherServlet - GET "/api/booking/orders", parameters={}
2026-01-25 11:02:48.025 [http-nio-8080-exec-2] DEBUG o.s.orm.jpa.JpaTransactionManager - Initiating transaction commit
2026-01-25 11:02:48.025 [http-nio-8080-exec-2] DEBUG o.s.orm.jpa.JpaTransactionManager - Committing JPA transaction on EntityManager [SessionImpl(628717728<open>)]
2026-01-25 11:02:48.025 [http-nio-8080-exec-8] DEBUG o.s.w.s.m.m.a.RequestMappingHandlerMapping - Mapped to com.oxygen.capsule.controller.BookingController#getUserOrders(String)
2026-01-25 11:02:48.025 [http-nio-8080-exec-8] DEBUG o.s.o.j.s.OpenEntityManagerInViewInterceptor - Opening JPA EntityManager in OpenEntityManagerInViewInterceptor
2026-01-25 11:02:48.025 [http-nio-8080-exec-2] DEBUG o.s.orm.jpa.JpaTransactionManager - Not closing pre-bound JPA EntityManager after transaction
2026-01-25 11:02:48.025 [http-nio-8080-exec-2] DEBUG o.s.orm.jpa.JpaTransactionManager - Found thread-bound EntityManager [SessionImpl(628717728<open>)] for JPA transaction
2026-01-25 11:02:48.025 [http-nio-8080-exec-2] DEBUG o.s.orm.jpa.JpaTransactionManager - Creating new transaction with name [org.springframework.data.jpa.repository.support.SimpleJpaRepository.findById]: PROPAGATION_REQUIRED,ISOLATION_DEFAULT,readOnly
2026-01-25 11:02:48.026 [http-nio-8080-exec-2] DEBUG o.s.orm.jpa.JpaTransactionManager - Exposing JPA transaction as JDBC [org.springframework.orm.jpa.vendor.HibernateJpaDialect$HibernateConnectionHandle@157b9801]
2026-01-25 11:02:48.026 [http-nio-8080-exec-2] DEBUG o.s.orm.jpa.JpaTransactionManager - Initiating transaction commit
2026-01-25 11:02:48.026 [http-nio-8080-exec-8] DEBUG o.s.orm.jpa.JpaTransactionManager - Found thread-bound EntityManager [SessionImpl(1906337187<open>)] for JPA transaction
2026-01-25 11:02:48.026 [http-nio-8080-exec-2] DEBUG o.s.orm.jpa.JpaTransactionManager - Committing JPA transaction on EntityManager [SessionImpl(628717728<open>)]
2026-01-25 11:02:48.026 [http-nio-8080-exec-8] DEBUG o.s.orm.jpa.JpaTransactionManager - Creating new transaction with name [org.springframework.data.jpa.repository.support.SimpleJpaRepository.findById]: PROPAGATION_REQUIRED,ISOLATION_DEFAULT,readOnly
2026-01-25 11:02:48.027 [http-nio-8080-exec-2] DEBUG o.s.orm.jpa.JpaTransactionManager - Not closing pre-bound JPA EntityManager after transaction
2026-01-25 11:02:48.027 [http-nio-8080-exec-8] DEBUG o.s.orm.jpa.JpaTransactionManager - Exposing JPA transaction as JDBC [org.springframework.orm.jpa.vendor.HibernateJpaDialect$HibernateConnectionHandle@41fc331d]
2026-01-25 11:02:48.027 [http-nio-8080-exec-2] DEBUG o.s.orm.jpa.JpaTransactionManager - Found thread-bound EntityManager [SessionImpl(628717728<open>)] for JPA transaction
2026-01-25 11:02:48.027 [http-nio-8080-exec-2] DEBUG o.s.orm.jpa.JpaTransactionManager - Creating new transaction with name [org.springframework.data.jpa.repository.support.SimpleJpaRepository.findById]: PROPAGATION_REQUIRED,ISOLATION_DEFAULT,readOnly
2026-01-25 11:02:48.027 [http-nio-8080-exec-2] DEBUG o.s.orm.jpa.JpaTransactionManager - Exposing JPA transaction as JDBC [org.springframework.orm.jpa.vendor.HibernateJpaDialect$HibernateConnectionHandle@7b48821]
2026-01-25 11:02:48.028 [http-nio-8080-exec-8] DEBUG o.s.orm.jpa.JpaTransactionManager - Initiating transaction commit
2026-01-25 11:02:48.028 [http-nio-8080-exec-2] DEBUG o.s.orm.jpa.JpaTransactionManager - Initiating transaction commit
2026-01-25 11:02:48.028 [http-nio-8080-exec-8] DEBUG o.s.orm.jpa.JpaTransactionManager - Committing JPA transaction on EntityManager [SessionImpl(1906337187<open>)]
2026-01-25 11:02:48.028 [http-nio-8080-exec-2] DEBUG o.s.orm.jpa.JpaTransactionManager - Committing JPA transaction on EntityManager [SessionImpl(628717728<open>)]
2026-01-25 11:02:48.028 [http-nio-8080-exec-8] DEBUG o.s.orm.jpa.JpaTransactionManager - Not closing pre-bound JPA EntityManager after transaction
2026-01-25 11:02:48.028 [http-nio-8080-exec-2] DEBUG o.s.orm.jpa.JpaTransactionManager - Not closing pre-bound JPA EntityManager after transaction
2026-01-25 11:02:48.029 [http-nio-8080-exec-2] DEBUG o.s.w.s.m.m.a.RequestResponseBodyMethodProcessor - Using 'application/json', given [*/*] and supported [application/json, application/*+json]
2026-01-25 11:02:48.029 [http-nio-8080-exec-2] DEBUG o.s.w.s.m.m.a.RequestResponseBodyMethodProcessor - Writing [Result(code=200, message=success, data=[{packageCategory=个人畅享, cardEndDate=2026-02-24T00:00, orderNo (truncated)...]
2026-01-25 11:02:48.029 [http-nio-8080-exec-2] DEBUG o.s.o.j.s.OpenEntityManagerInViewInterceptor - Closing JPA EntityManager in OpenEntityManagerInViewInterceptor
2026-01-25 11:02:48.029 [http-nio-8080-exec-2] DEBUG o.s.web.servlet.DispatcherServlet - Completed 200 OK
2026-01-25 11:02:48.030 [http-nio-8080-exec-8] DEBUG o.s.w.s.m.m.a.RequestResponseBodyMethodProcessor - Using 'application/json', given [*/*] and supported [application/json, application/*+json]
2026-01-25 11:02:48.030 [http-nio-8080-exec-8] DEBUG o.s.w.s.m.m.a.RequestResponseBodyMethodProcessor - Writing [Result(code=200, message=success, data=[BookingOrder(id=6, orderNo=BK17693101663577888, userId=1, pa (truncated)...]
2026-01-25 11:02:48.030 [http-nio-8080-exec-8] DEBUG o.s.o.j.s.OpenEntityManagerInViewInterceptor - Closing JPA EntityManager in OpenEntityManagerInViewInterceptor
2026-01-25 11:02:48.031 [http-nio-8080-exec-8] DEBUG o.s.web.servlet.DispatcherServlet - Completed 200 OK
2026-01-25 11:02:48.046 [http-nio-8080-exec-7] DEBUG o.s.web.servlet.DispatcherServlet - GET "/api/user/info", parameters={}
2026-01-25 11:02:48.047 [http-nio-8080-exec-7] DEBUG o.s.w.s.m.m.a.RequestMappingHandlerMapping - Mapped to com.oxygen.capsule.controller.UserController#getUserInfo(String)
2026-01-25 11:02:48.047 [http-nio-8080-exec-7] DEBUG o.s.o.j.s.OpenEntityManagerInViewInterceptor - Opening JPA EntityManager in OpenEntityManagerInViewInterceptor
2026-01-25 11:02:48.048 [http-nio-8080-exec-7] DEBUG o.s.orm.jpa.JpaTransactionManager - Found thread-bound EntityManager [SessionImpl(561766441<open>)] for JPA transaction
2026-01-25 11:02:48.048 [http-nio-8080-exec-7] DEBUG o.s.orm.jpa.JpaTransactionManager - Creating new transaction with name [org.springframework.data.jpa.repository.support.SimpleJpaRepository.findById]: PROPAGATION_REQUIRED,ISOLATION_DEFAULT,readOnly
2026-01-25 11:02:48.049 [http-nio-8080-exec-7] DEBUG o.s.orm.jpa.JpaTransactionManager - Exposing JPA transaction as JDBC [org.springframework.orm.jpa.vendor.HibernateJpaDialect$HibernateConnectionHandle@ce2a8ef]
2026-01-25 11:02:48.050 [http-nio-8080-exec-7] DEBUG o.s.orm.jpa.JpaTransactionManager - Initiating transaction commit
2026-01-25 11:02:48.050 [http-nio-8080-exec-7] DEBUG o.s.orm.jpa.JpaTransactionManager - Committing JPA transaction on EntityManager [SessionImpl(561766441<open>)]
2026-01-25 11:02:48.050 [http-nio-8080-exec-7] DEBUG o.s.orm.jpa.JpaTransactionManager - Not closing pre-bound JPA EntityManager after transaction
2026-01-25 11:02:48.052 [http-nio-8080-exec-7] DEBUG o.s.w.s.m.m.a.RequestResponseBodyMethodProcessor - Using 'application/json', given [*/*] and supported [application/json, application/*+json]
2026-01-25 11:02:48.052 [http-nio-8080-exec-7] DEBUG o.s.w.s.m.m.a.RequestResponseBodyMethodProcessor - Writing [Result(code=200, message=success, data={totalVisits=0, remainingVisits=200, memberExpireTime=2038-03 (truncated)...]
2026-01-25 11:02:48.053 [http-nio-8080-exec-7] DEBUG o.s.o.j.s.OpenEntityManagerInViewInterceptor - Closing JPA EntityManager in OpenEntityManagerInViewInterceptor
2026-01-25 11:02:48.053 [http-nio-8080-exec-7] DEBUG o.s.web.servlet.DispatcherServlet - Completed 200 OK
2026-01-25 11:02:48.058 [http-nio-8080-exec-9] DEBUG o.s.web.servlet.DispatcherServlet - GET "/api/user/info", parameters={}
2026-01-25 11:02:48.058 [http-nio-8080-exec-9] DEBUG o.s.w.s.m.m.a.RequestMappingHandlerMapping - Mapped to com.oxygen.capsule.controller.UserController#getUserInfo(String)
2026-01-25 11:02:48.058 [http-nio-8080-exec-9] DEBUG o.s.o.j.s.OpenEntityManagerInViewInterceptor - Opening JPA EntityManager in OpenEntityManagerInViewInterceptor
2026-01-25 11:02:48.060 [http-nio-8080-exec-9] DEBUG o.s.orm.jpa.JpaTransactionManager - Found thread-bound EntityManager [SessionImpl(1218865762<open>)] for JPA transaction
2026-01-25 11:02:48.060 [http-nio-8080-exec-9] DEBUG o.s.orm.jpa.JpaTransactionManager - Creating new transaction with name [org.springframework.data.jpa.repository.support.SimpleJpaRepository.findById]: PROPAGATION_REQUIRED,ISOLATION_DEFAULT,readOnly
2026-01-25 11:02:48.060 [http-nio-8080-exec-9] DEBUG o.s.orm.jpa.JpaTransactionManager - Exposing JPA transaction as JDBC [org.springframework.orm.jpa.vendor.HibernateJpaDialect$HibernateConnectionHandle@3eb85e6]
2026-01-25 11:02:48.061 [http-nio-8080-exec-9] DEBUG o.s.orm.jpa.JpaTransactionManager - Initiating transaction commit
2026-01-25 11:02:48.061 [http-nio-8080-exec-9] DEBUG o.s.orm.jpa.JpaTransactionManager - Committing JPA transaction on EntityManager [SessionImpl(1218865762<open>)]
2026-01-25 11:02:48.061 [http-nio-8080-exec-9] DEBUG o.s.orm.jpa.JpaTransactionManager - Not closing pre-bound JPA EntityManager after transaction
2026-01-25 11:02:48.062 [http-nio-8080-exec-9] DEBUG o.s.w.s.m.m.a.RequestResponseBodyMethodProcessor - Using 'application/json', given [*/*] and supported [application/json, application/*+json]
2026-01-25 11:02:48.062 [http-nio-8080-exec-9] DEBUG o.s.w.s.m.m.a.RequestResponseBodyMethodProcessor - Writing [Result(code=200, message=success, data={totalVisits=0, remainingVisits=200, memberExpireTime=2038-03 (truncated)...]
2026-01-25 11:02:48.063 [http-nio-8080-exec-9] DEBUG o.s.o.j.s.OpenEntityManagerInViewInterceptor - Closing JPA EntityManager in OpenEntityManagerInViewInterceptor
2026-01-25 11:02:48.063 [http-nio-8080-exec-9] DEBUG o.s.web.servlet.DispatcherServlet - Completed 200 OK
2026-01-25 11:03:08.922 [http-nio-8080-exec-4] DEBUG o.s.web.servlet.DispatcherServlet - GET "/api/packages/all", parameters={}
2026-01-25 11:03:08.924 [http-nio-8080-exec-4] DEBUG o.s.w.s.m.m.a.RequestMappingHandlerMapping - Mapped to com.oxygen.capsule.controller.MemberPackageController#getAllPackages()
2026-01-25 11:03:08.925 [http-nio-8080-exec-4] DEBUG o.s.o.j.s.OpenEntityManagerInViewInterceptor - Opening JPA EntityManager in OpenEntityManagerInViewInterceptor
2026-01-25 11:03:08.935 [http-nio-8080-exec-4] DEBUG o.s.w.s.m.m.a.RequestResponseBodyMethodProcessor - Using 'application/json', given [*/*] and supported [application/json, application/*+json]
2026-01-25 11:03:08.935 [http-nio-8080-exec-4] DEBUG o.s.w.s.m.m.a.RequestResponseBodyMethodProcessor - Writing [Result(code=200, message=success, data=[MemberPackage(id=1, code=MONTHLY, name=月卡, price=3980.0, peo (truncated)...]
2026-01-25 11:03:08.939 [http-nio-8080-exec-4] DEBUG o.s.o.j.s.OpenEntityManagerInViewInterceptor - Closing JPA EntityManager in OpenEntityManagerInViewInterceptor
2026-01-25 11:03:08.939 [http-nio-8080-exec-4] DEBUG o.s.web.servlet.DispatcherServlet - Completed 200 OK
2026-01-25 11:03:10.254 [http-nio-8080-exec-3] DEBUG o.s.web.servlet.DispatcherServlet - GET "/api/user/info", parameters={}
2026-01-25 11:03:10.255 [http-nio-8080-exec-3] DEBUG o.s.w.s.m.m.a.RequestMappingHandlerMapping - Mapped to com.oxygen.capsule.controller.UserController#getUserInfo(String)
2026-01-25 11:03:10.255 [http-nio-8080-exec-3] DEBUG o.s.o.j.s.OpenEntityManagerInViewInterceptor - Opening JPA EntityManager in OpenEntityManagerInViewInterceptor
2026-01-25 11:03:10.260 [http-nio-8080-exec-3] DEBUG o.s.o.j.s.OpenEntityManagerInViewInterceptor - Closing JPA EntityManager in OpenEntityManagerInViewInterceptor
2026-01-25 11:03:10.260 [http-nio-8080-exec-3] DEBUG o.s.web.servlet.DispatcherServlet - Failed to complete request: io.jsonwebtoken.ExpiredJwtException: JWT expired at 2026-01-23T04:24:57Z. Current time: 2026-01-25T03:03:10Z, a difference of 167893259 milliseconds.  Allowed clock skew: 0 milliseconds.
2026-01-25 11:03:10.262 [http-nio-8080-exec-3] ERROR o.a.c.c.C.[.[.[.[dispatcherServlet] - Servlet.service() for servlet [dispatcherServlet] in context with path [] threw exception [Request processing failed: io.jsonwebtoken.ExpiredJwtException: JWT expired at 2026-01-23T04:24:57Z. Current time: 2026-01-25T03:03:10Z, a difference of 167893259 milliseconds.  Allowed clock skew: 0 milliseconds.] with root cause
io.jsonwebtoken.ExpiredJwtException: JWT expired at 2026-01-23T04:24:57Z. Current time: 2026-01-25T03:03:10Z, a difference of 167893259 milliseconds.  Allowed clock skew: 0 milliseconds.
	at io.jsonwebtoken.impl.DefaultJwtParser.parse(DefaultJwtParser.java:427)
	at io.jsonwebtoken.impl.DefaultJwtParser.parse(DefaultJwtParser.java:529)
	at io.jsonwebtoken.impl.DefaultJwtParser.parseClaimsJws(DefaultJwtParser.java:589)
	at com.oxygen.capsule.util.JwtUtil.getUserIdFromToken(JwtUtil.java:48)
	at com.oxygen.capsule.controller.UserController.getUserInfo(UserController.java:145)
	at jdk.internal.reflect.GeneratedMethodAccessor53.invoke(Unknown Source)
	at java.base/jdk.internal.reflect.DelegatingMethodAccessorImpl.invoke(DelegatingMethodAccessorImpl.java:43)
	at java.base/java.lang.reflect.Method.invoke(Method.java:568)
	at org.springframework.web.method.support.InvocableHandlerMethod.doInvoke(InvocableHandlerMethod.java:254)
	at org.springframework.web.method.support.InvocableHandlerMethod.invokeForRequest(InvocableHandlerMethod.java:182)
	at org.springframework.web.servlet.mvc.method.annotation.ServletInvocableHandlerMethod.invokeAndHandle(ServletInvocableHandlerMethod.java:118)
	at org.springframework.web.servlet.mvc.method.annotation.RequestMappingHandlerAdapter.invokeHandlerMethod(RequestMappingHandlerAdapter.java:917)
	at org.springframework.web.servlet.mvc.method.annotation.RequestMappingHandlerAdapter.handleInternal(RequestMappingHandlerAdapter.java:829)
	at org.springframework.web.servlet.mvc.method.AbstractHandlerMethodAdapter.handle(AbstractHandlerMethodAdapter.java:87)
	at org.springframework.web.servlet.DispatcherServlet.doDispatch(DispatcherServlet.java:1089)
	at org.springframework.web.servlet.DispatcherServlet.doService(DispatcherServlet.java:979)
	at org.springframework.web.servlet.FrameworkServlet.processRequest(FrameworkServlet.java:1014)
	at org.springframework.web.servlet.FrameworkServlet.doGet(FrameworkServlet.java:903)
	at jakarta.servlet.http.HttpServlet.service(HttpServlet.java:564)
	at org.springframework.web.servlet.FrameworkServlet.service(FrameworkServlet.java:885)
	at jakarta.servlet.http.HttpServlet.service(HttpServlet.java:658)
	at org.apache.catalina.core.ApplicationFilterChain.internalDoFilter(ApplicationFilterChain.java:205)
	at org.apache.catalina.core.ApplicationFilterChain.doFilter(ApplicationFilterChain.java:149)
	at org.apache.tomcat.websocket.server.WsFilter.doFilter(WsFilter.java:51)
	at org.apache.catalina.core.ApplicationFilterChain.internalDoFilter(ApplicationFilterChain.java:174)
	at org.apache.catalina.core.ApplicationFilterChain.doFilter(ApplicationFilterChain.java:149)
	at org.springframework.web.filter.RequestContextFilter.doFilterInternal(RequestContextFilter.java:100)
	at org.springframework.web.filter.OncePerRequestFilter.doFilter(OncePerRequestFilter.java:116)
	at org.apache.catalina.core.ApplicationFilterChain.internalDoFilter(ApplicationFilterChain.java:174)
	at org.apache.catalina.core.ApplicationFilterChain.doFilter(ApplicationFilterChain.java:149)
	at org.springframework.web.filter.FormContentFilter.doFilterInternal(FormContentFilter.java:93)
	at org.springframework.web.filter.OncePerRequestFilter.doFilter(OncePerRequestFilter.java:116)
	at org.apache.catalina.core.ApplicationFilterChain.internalDoFilter(ApplicationFilterChain.java:174)
	at org.apache.catalina.core.ApplicationFilterChain.doFilter(ApplicationFilterChain.java:149)
	at org.springframework.web.filter.CharacterEncodingFilter.doFilterInternal(CharacterEncodingFilter.java:201)
	at org.springframework.web.filter.OncePerRequestFilter.doFilter(OncePerRequestFilter.java:116)
	at org.apache.catalina.core.ApplicationFilterChain.internalDoFilter(ApplicationFilterChain.java:174)
	at org.apache.catalina.core.ApplicationFilterChain.doFilter(ApplicationFilterChain.java:149)
	at org.apache.catalina.core.StandardWrapperValve.invoke(StandardWrapperValve.java:167)
	at org.apache.catalina.core.StandardContextValve.invoke(StandardContextValve.java:90)
	at org.apache.catalina.authenticator.AuthenticatorBase.invoke(AuthenticatorBase.java:482)
	at org.apache.catalina.core.StandardHostValve.invoke(StandardHostValve.java:115)
	at org.apache.catalina.valves.ErrorReportValve.invoke(ErrorReportValve.java:93)
	at org.apache.catalina.core.StandardEngineValve.invoke(StandardEngineValve.java:74)
	at org.apache.catalina.connector.CoyoteAdapter.service(CoyoteAdapter.java:340)
	at org.apache.coyote.http11.Http11Processor.service(Http11Processor.java:391)
	at org.apache.coyote.AbstractProcessorLight.process(AbstractProcessorLight.java:63)
	at org.apache.coyote.AbstractProtocol$ConnectionHandler.process(AbstractProtocol.java:896)
	at org.apache.tomcat.util.net.NioEndpoint$SocketProcessor.doRun(NioEndpoint.java:1744)
	at org.apache.tomcat.util.net.SocketProcessorBase.run(SocketProcessorBase.java:52)
	at org.apache.tomcat.util.threads.ThreadPoolExecutor.runWorker(ThreadPoolExecutor.java:1191)
	at org.apache.tomcat.util.threads.ThreadPoolExecutor$Worker.run(ThreadPoolExecutor.java:659)
	at org.apache.tomcat.util.threads.TaskThread$WrappingRunnable.run(TaskThread.java:61)
	at java.base/java.lang.Thread.run(Thread.java:842)
2026-01-25 11:03:10.264 [http-nio-8080-exec-3] DEBUG o.s.web.servlet.DispatcherServlet - "ERROR" dispatch for GET "/error", parameters={}
2026-01-25 11:03:10.264 [http-nio-8080-exec-3] DEBUG o.s.w.s.m.m.a.RequestMappingHandlerMapping - Mapped to org.springframework.boot.autoconfigure.web.servlet.error.BasicErrorController#error(HttpServletRequest)
2026-01-25 11:03:10.265 [http-nio-8080-exec-3] DEBUG o.s.o.j.s.OpenEntityManagerInViewInterceptor - Opening JPA EntityManager in OpenEntityManagerInViewInterceptor
2026-01-25 11:03:10.265 [http-nio-8080-exec-1] DEBUG o.s.web.servlet.DispatcherServlet - GET "/api/payment/orders", parameters={}
2026-01-25 11:03:10.265 [http-nio-8080-exec-1] DEBUG o.s.w.s.m.m.a.RequestMappingHandlerMapping - Mapped to com.oxygen.capsule.controller.PaymentController#getUserPaymentOrders(String)
2026-01-25 11:03:10.265 [http-nio-8080-exec-1] DEBUG o.s.o.j.s.OpenEntityManagerInViewInterceptor - Opening JPA EntityManager in OpenEntityManagerInViewInterceptor
2026-01-25 11:03:10.266 [http-nio-8080-exec-3] DEBUG o.s.w.s.m.m.a.HttpEntityMethodProcessor - Using 'application/json', given [*/*] and supported [application/json, application/*+json]
2026-01-25 11:03:10.266 [http-nio-8080-exec-3] DEBUG o.s.w.s.m.m.a.HttpEntityMethodProcessor - Writing [{timestamp=Sun Jan 25 11:03:10 GMT+08:00 2026, status=500, error=Internal Server Error, path=/api/us (truncated)...]
2026-01-25 11:03:10.267 [http-nio-8080-exec-3] DEBUG o.s.o.j.s.OpenEntityManagerInViewInterceptor - Closing JPA EntityManager in OpenEntityManagerInViewInterceptor
2026-01-25 11:03:10.267 [http-nio-8080-exec-3] DEBUG o.s.web.servlet.DispatcherServlet - Exiting from "ERROR" dispatch, status 500
2026-01-25 11:03:10.268 [http-nio-8080-exec-1] DEBUG o.s.o.j.s.OpenEntityManagerInViewInterceptor - Closing JPA EntityManager in OpenEntityManagerInViewInterceptor
2026-01-25 11:03:10.268 [http-nio-8080-exec-1] DEBUG o.s.web.servlet.DispatcherServlet - Failed to complete request: io.jsonwebtoken.ExpiredJwtException: JWT expired at 2026-01-23T04:24:57Z. Current time: 2026-01-25T03:03:10Z, a difference of 167893267 milliseconds.  Allowed clock skew: 0 milliseconds.
2026-01-25 11:03:10.268 [http-nio-8080-exec-1] ERROR o.a.c.c.C.[.[.[.[dispatcherServlet] - Servlet.service() for servlet [dispatcherServlet] in context with path [] threw exception [Request processing failed: io.jsonwebtoken.ExpiredJwtException: JWT expired at 2026-01-23T04:24:57Z. Current time: 2026-01-25T03:03:10Z, a difference of 167893267 milliseconds.  Allowed clock skew: 0 milliseconds.] with root cause
io.jsonwebtoken.ExpiredJwtException: JWT expired at 2026-01-23T04:24:57Z. Current time: 2026-01-25T03:03:10Z, a difference of 167893267 milliseconds.  Allowed clock skew: 0 milliseconds.
	at io.jsonwebtoken.impl.DefaultJwtParser.parse(DefaultJwtParser.java:427)
	at io.jsonwebtoken.impl.DefaultJwtParser.parse(DefaultJwtParser.java:529)
	at io.jsonwebtoken.impl.DefaultJwtParser.parseClaimsJws(DefaultJwtParser.java:589)
	at com.oxygen.capsule.util.JwtUtil.getUserIdFromToken(JwtUtil.java:48)
	at com.oxygen.capsule.controller.PaymentController.getUserPaymentOrders(PaymentController.java:213)
	at jdk.internal.reflect.GeneratedMethodAccessor54.invoke(Unknown Source)
	at java.base/jdk.internal.reflect.DelegatingMethodAccessorImpl.invoke(DelegatingMethodAccessorImpl.java:43)
	at java.base/java.lang.reflect.Method.invoke(Method.java:568)
	at org.springframework.web.method.support.InvocableHandlerMethod.doInvoke(InvocableHandlerMethod.java:254)
	at org.springframework.web.method.support.InvocableHandlerMethod.invokeForRequest(InvocableHandlerMethod.java:182)
	at org.springframework.web.servlet.mvc.method.annotation.ServletInvocableHandlerMethod.invokeAndHandle(ServletInvocableHandlerMethod.java:118)
	at org.springframework.web.servlet.mvc.method.annotation.RequestMappingHandlerAdapter.invokeHandlerMethod(RequestMappingHandlerAdapter.java:917)
	at org.springframework.web.servlet.mvc.method.annotation.RequestMappingHandlerAdapter.handleInternal(RequestMappingHandlerAdapter.java:829)
	at org.springframework.web.servlet.mvc.method.AbstractHandlerMethodAdapter.handle(AbstractHandlerMethodAdapter.java:87)
	at org.springframework.web.servlet.DispatcherServlet.doDispatch(DispatcherServlet.java:1089)
	at org.springframework.web.servlet.DispatcherServlet.doService(DispatcherServlet.java:979)
	at org.springframework.web.servlet.FrameworkServlet.processRequest(FrameworkServlet.java:1014)
	at org.springframework.web.servlet.FrameworkServlet.doGet(FrameworkServlet.java:903)
	at jakarta.servlet.http.HttpServlet.service(HttpServlet.java:564)
	at org.springframework.web.servlet.FrameworkServlet.service(FrameworkServlet.java:885)
	at jakarta.servlet.http.HttpServlet.service(HttpServlet.java:658)
	at org.apache.catalina.core.ApplicationFilterChain.internalDoFilter(ApplicationFilterChain.java:205)
	at org.apache.catalina.core.ApplicationFilterChain.doFilter(ApplicationFilterChain.java:149)
	at org.apache.tomcat.websocket.server.WsFilter.doFilter(WsFilter.java:51)
	at org.apache.catalina.core.ApplicationFilterChain.internalDoFilter(ApplicationFilterChain.java:174)
	at org.apache.catalina.core.ApplicationFilterChain.doFilter(ApplicationFilterChain.java:149)
	at org.springframework.web.filter.RequestContextFilter.doFilterInternal(RequestContextFilter.java:100)
	at org.springframework.web.filter.OncePerRequestFilter.doFilter(OncePerRequestFilter.java:116)
	at org.apache.catalina.core.ApplicationFilterChain.internalDoFilter(ApplicationFilterChain.java:174)
	at org.apache.catalina.core.ApplicationFilterChain.doFilter(ApplicationFilterChain.java:149)
	at org.springframework.web.filter.FormContentFilter.doFilterInternal(FormContentFilter.java:93)
	at org.springframework.web.filter.OncePerRequestFilter.doFilter(OncePerRequestFilter.java:116)
	at org.apache.catalina.core.ApplicationFilterChain.internalDoFilter(ApplicationFilterChain.java:174)
	at org.apache.catalina.core.ApplicationFilterChain.doFilter(ApplicationFilterChain.java:149)
	at org.springframework.web.filter.CharacterEncodingFilter.doFilterInternal(CharacterEncodingFilter.java:201)
	at org.springframework.web.filter.OncePerRequestFilter.doFilter(OncePerRequestFilter.java:116)
	at org.apache.catalina.core.ApplicationFilterChain.internalDoFilter(ApplicationFilterChain.java:174)
	at org.apache.catalina.core.ApplicationFilterChain.doFilter(ApplicationFilterChain.java:149)
	at org.apache.catalina.core.StandardWrapperValve.invoke(StandardWrapperValve.java:167)
	at org.apache.catalina.core.StandardContextValve.invoke(StandardContextValve.java:90)
	at org.apache.catalina.authenticator.AuthenticatorBase.invoke(AuthenticatorBase.java:482)
	at org.apache.catalina.core.StandardHostValve.invoke(StandardHostValve.java:115)
	at org.apache.catalina.valves.ErrorReportValve.invoke(ErrorReportValve.java:93)
	at org.apache.catalina.core.StandardEngineValve.invoke(StandardEngineValve.java:74)
	at org.apache.catalina.connector.CoyoteAdapter.service(CoyoteAdapter.java:340)
	at org.apache.coyote.http11.Http11Processor.service(Http11Processor.java:391)
	at org.apache.coyote.AbstractProcessorLight.process(AbstractProcessorLight.java:63)
	at org.apache.coyote.AbstractProtocol$ConnectionHandler.process(AbstractProtocol.java:896)
	at org.apache.tomcat.util.net.NioEndpoint$SocketProcessor.doRun(NioEndpoint.java:1744)
	at org.apache.tomcat.util.net.SocketProcessorBase.run(SocketProcessorBase.java:52)
	at org.apache.tomcat.util.threads.ThreadPoolExecutor.runWorker(ThreadPoolExecutor.java:1191)
	at org.apache.tomcat.util.threads.ThreadPoolExecutor$Worker.run(ThreadPoolExecutor.java:659)
	at org.apache.tomcat.util.threads.TaskThread$WrappingRunnable.run(TaskThread.java:61)
	at java.base/java.lang.Thread.run(Thread.java:842)
2026-01-25 11:03:10.269 [http-nio-8080-exec-1] DEBUG o.s.web.servlet.DispatcherServlet - "ERROR" dispatch for GET "/error", parameters={}
2026-01-25 11:03:10.269 [http-nio-8080-exec-1] DEBUG o.s.w.s.m.m.a.RequestMappingHandlerMapping - Mapped to org.springframework.boot.autoconfigure.web.servlet.error.BasicErrorController#error(HttpServletRequest)
2026-01-25 11:03:10.269 [http-nio-8080-exec-1] DEBUG o.s.o.j.s.OpenEntityManagerInViewInterceptor - Opening JPA EntityManager in OpenEntityManagerInViewInterceptor
2026-01-25 11:03:10.270 [http-nio-8080-exec-1] DEBUG o.s.w.s.m.m.a.HttpEntityMethodProcessor - Using 'application/json', given [*/*] and supported [application/json, application/*+json]
2026-01-25 11:03:10.270 [http-nio-8080-exec-1] DEBUG o.s.w.s.m.m.a.HttpEntityMethodProcessor - Writing [{timestamp=Sun Jan 25 11:03:10 GMT+08:00 2026, status=500, error=Internal Server Error, path=/api/pa (truncated)...]
2026-01-25 11:03:10.271 [http-nio-8080-exec-1] DEBUG o.s.o.j.s.OpenEntityManagerInViewInterceptor - Closing JPA EntityManager in OpenEntityManagerInViewInterceptor
2026-01-25 11:03:10.271 [http-nio-8080-exec-1] DEBUG o.s.web.servlet.DispatcherServlet - Exiting from "ERROR" dispatch, status 500
2026-01-25 11:03:10.276 [http-nio-8080-exec-6] DEBUG o.s.web.servlet.DispatcherServlet - GET "/api/booking/orders", parameters={}
2026-01-25 11:03:10.277 [http-nio-8080-exec-6] DEBUG o.s.w.s.m.m.a.RequestMappingHandlerMapping - Mapped to com.oxygen.capsule.controller.BookingController#getUserOrders(String)
2026-01-25 11:03:10.277 [http-nio-8080-exec-6] DEBUG o.s.o.j.s.OpenEntityManagerInViewInterceptor - Opening JPA EntityManager in OpenEntityManagerInViewInterceptor
2026-01-25 11:03:10.277 [http-nio-8080-exec-10] DEBUG o.s.web.servlet.DispatcherServlet - GET "/api/user/info", parameters={}
2026-01-25 11:03:10.277 [http-nio-8080-exec-10] DEBUG o.s.w.s.m.m.a.RequestMappingHandlerMapping - Mapped to com.oxygen.capsule.controller.UserController#getUserInfo(String)
2026-01-25 11:03:10.277 [http-nio-8080-exec-10] DEBUG o.s.o.j.s.OpenEntityManagerInViewInterceptor - Opening JPA EntityManager in OpenEntityManagerInViewInterceptor
2026-01-25 11:03:10.279 [http-nio-8080-exec-10] DEBUG o.s.o.j.s.OpenEntityManagerInViewInterceptor - Closing JPA EntityManager in OpenEntityManagerInViewInterceptor
2026-01-25 11:03:10.279 [http-nio-8080-exec-6] DEBUG o.s.o.j.s.OpenEntityManagerInViewInterceptor - Closing JPA EntityManager in OpenEntityManagerInViewInterceptor
2026-01-25 11:03:10.279 [http-nio-8080-exec-6] DEBUG o.s.web.servlet.DispatcherServlet - Failed to complete request: io.jsonwebtoken.ExpiredJwtException: JWT expired at 2026-01-23T04:24:57Z. Current time: 2026-01-25T03:03:10Z, a difference of 167893278 milliseconds.  Allowed clock skew: 0 milliseconds.
2026-01-25 11:03:10.279 [http-nio-8080-exec-10] DEBUG o.s.web.servlet.DispatcherServlet - Failed to complete request: io.jsonwebtoken.ExpiredJwtException: JWT expired at 2026-01-23T04:24:57Z. Current time: 2026-01-25T03:03:10Z, a difference of 167893278 milliseconds.  Allowed clock skew: 0 milliseconds.
2026-01-25 11:03:10.279 [http-nio-8080-exec-6] ERROR o.a.c.c.C.[.[.[.[dispatcherServlet] - Servlet.service() for servlet [dispatcherServlet] in context with path [] threw exception [Request processing failed: io.jsonwebtoken.ExpiredJwtException: JWT expired at 2026-01-23T04:24:57Z. Current time: 2026-01-25T03:03:10Z, a difference of 167893278 milliseconds.  Allowed clock skew: 0 milliseconds.] with root cause
io.jsonwebtoken.ExpiredJwtException: JWT expired at 2026-01-23T04:24:57Z. Current time: 2026-01-25T03:03:10Z, a difference of 167893278 milliseconds.  Allowed clock skew: 0 milliseconds.
	at io.jsonwebtoken.impl.DefaultJwtParser.parse(DefaultJwtParser.java:427)
	at io.jsonwebtoken.impl.DefaultJwtParser.parse(DefaultJwtParser.java:529)
	at io.jsonwebtoken.impl.DefaultJwtParser.parseClaimsJws(DefaultJwtParser.java:589)
	at com.oxygen.capsule.util.JwtUtil.getUserIdFromToken(JwtUtil.java:48)
	at com.oxygen.capsule.controller.BookingController.getUserOrders(BookingController.java:318)
	at jdk.internal.reflect.GeneratedMethodAccessor56.invoke(Unknown Source)
	at java.base/jdk.internal.reflect.DelegatingMethodAccessorImpl.invoke(DelegatingMethodAccessorImpl.java:43)
	at java.base/java.lang.reflect.Method.invoke(Method.java:568)
	at org.springframework.web.method.support.InvocableHandlerMethod.doInvoke(InvocableHandlerMethod.java:254)
	at org.springframework.web.method.support.InvocableHandlerMethod.invokeForRequest(InvocableHandlerMethod.java:182)
	at org.springframework.web.servlet.mvc.method.annotation.ServletInvocableHandlerMethod.invokeAndHandle(ServletInvocableHandlerMethod.java:118)
	at org.springframework.web.servlet.mvc.method.annotation.RequestMappingHandlerAdapter.invokeHandlerMethod(RequestMappingHandlerAdapter.java:917)
	at org.springframework.web.servlet.mvc.method.annotation.RequestMappingHandlerAdapter.handleInternal(RequestMappingHandlerAdapter.java:829)
	at org.springframework.web.servlet.mvc.method.AbstractHandlerMethodAdapter.handle(AbstractHandlerMethodAdapter.java:87)
	at org.springframework.web.servlet.DispatcherServlet.doDispatch(DispatcherServlet.java:1089)
	at org.springframework.web.servlet.DispatcherServlet.doService(DispatcherServlet.java:979)
	at org.springframework.web.servlet.FrameworkServlet.processRequest(FrameworkServlet.java:1014)
	at org.springframework.web.servlet.FrameworkServlet.doGet(FrameworkServlet.java:903)
	at jakarta.servlet.http.HttpServlet.service(HttpServlet.java:564)
	at org.springframework.web.servlet.FrameworkServlet.service(FrameworkServlet.java:885)
	at jakarta.servlet.http.HttpServlet.service(HttpServlet.java:658)
	at org.apache.catalina.core.ApplicationFilterChain.internalDoFilter(ApplicationFilterChain.java:205)
	at org.apache.catalina.core.ApplicationFilterChain.doFilter(ApplicationFilterChain.java:149)
	at org.apache.tomcat.websocket.server.WsFilter.doFilter(WsFilter.java:51)
	at org.apache.catalina.core.ApplicationFilterChain.internalDoFilter(ApplicationFilterChain.java:174)
	at org.apache.catalina.core.ApplicationFilterChain.doFilter(ApplicationFilterChain.java:149)
	at org.springframework.web.filter.RequestContextFilter.doFilterInternal(RequestContextFilter.java:100)
	at org.springframework.web.filter.OncePerRequestFilter.doFilter(OncePerRequestFilter.java:116)
	at org.apache.catalina.core.ApplicationFilterChain.internalDoFilter(ApplicationFilterChain.java:174)
	at org.apache.catalina.core.ApplicationFilterChain.doFilter(ApplicationFilterChain.java:149)
	at org.springframework.web.filter.FormContentFilter.doFilterInternal(FormContentFilter.java:93)
	at org.springframework.web.filter.OncePerRequestFilter.doFilter(OncePerRequestFilter.java:116)
	at org.apache.catalina.core.ApplicationFilterChain.internalDoFilter(ApplicationFilterChain.java:174)
	at org.apache.catalina.core.ApplicationFilterChain.doFilter(ApplicationFilterChain.java:149)
	at org.springframework.web.filter.CharacterEncodingFilter.doFilterInternal(CharacterEncodingFilter.java:201)
	at org.springframework.web.filter.OncePerRequestFilter.doFilter(OncePerRequestFilter.java:116)
	at org.apache.catalina.core.ApplicationFilterChain.internalDoFilter(ApplicationFilterChain.java:174)
	at org.apache.catalina.core.ApplicationFilterChain.doFilter(ApplicationFilterChain.java:149)
	at org.apache.catalina.core.StandardWrapperValve.invoke(StandardWrapperValve.java:167)
	at org.apache.catalina.core.StandardContextValve.invoke(StandardContextValve.java:90)
	at org.apache.catalina.authenticator.AuthenticatorBase.invoke(AuthenticatorBase.java:482)
	at org.apache.catalina.core.StandardHostValve.invoke(StandardHostValve.java:115)
	at org.apache.catalina.valves.ErrorReportValve.invoke(ErrorReportValve.java:93)
	at org.apache.catalina.core.StandardEngineValve.invoke(StandardEngineValve.java:74)
	at org.apache.catalina.connector.CoyoteAdapter.service(CoyoteAdapter.java:340)
	at org.apache.coyote.http11.Http11Processor.service(Http11Processor.java:391)
	at org.apache.coyote.AbstractProcessorLight.process(AbstractProcessorLight.java:63)
	at org.apache.coyote.AbstractProtocol$ConnectionHandler.process(AbstractProtocol.java:896)
	at org.apache.tomcat.util.net.NioEndpoint$SocketProcessor.doRun(NioEndpoint.java:1744)
	at org.apache.tomcat.util.net.SocketProcessorBase.run(SocketProcessorBase.java:52)
	at org.apache.tomcat.util.threads.ThreadPoolExecutor.runWorker(ThreadPoolExecutor.java:1191)
	at org.apache.tomcat.util.threads.ThreadPoolExecutor$Worker.run(ThreadPoolExecutor.java:659)
	at org.apache.tomcat.util.threads.TaskThread$WrappingRunnable.run(TaskThread.java:61)
	at java.base/java.lang.Thread.run(Thread.java:842)
2026-01-25 11:03:10.280 [http-nio-8080-exec-6] DEBUG o.s.web.servlet.DispatcherServlet - "ERROR" dispatch for GET "/error", parameters={}
2026-01-25 11:03:10.279 [http-nio-8080-exec-10] ERROR o.a.c.c.C.[.[.[.[dispatcherServlet] - Servlet.service() for servlet [dispatcherServlet] in context with path [] threw exception [Request processing failed: io.jsonwebtoken.ExpiredJwtException: JWT expired at 2026-01-23T04:24:57Z. Current time: 2026-01-25T03:03:10Z, a difference of 167893278 milliseconds.  Allowed clock skew: 0 milliseconds.] with root cause
io.jsonwebtoken.ExpiredJwtException: JWT expired at 2026-01-23T04:24:57Z. Current time: 2026-01-25T03:03:10Z, a difference of 167893278 milliseconds.  Allowed clock skew: 0 milliseconds.
	at io.jsonwebtoken.impl.DefaultJwtParser.parse(DefaultJwtParser.java:427)
	at io.jsonwebtoken.impl.DefaultJwtParser.parse(DefaultJwtParser.java:529)
	at io.jsonwebtoken.impl.DefaultJwtParser.parseClaimsJws(DefaultJwtParser.java:589)
	at com.oxygen.capsule.util.JwtUtil.getUserIdFromToken(JwtUtil.java:48)
	at com.oxygen.capsule.controller.UserController.getUserInfo(UserController.java:145)
	at jdk.internal.reflect.GeneratedMethodAccessor53.invoke(Unknown Source)
	at java.base/jdk.internal.reflect.DelegatingMethodAccessorImpl.invoke(DelegatingMethodAccessorImpl.java:43)
	at java.base/java.lang.reflect.Method.invoke(Method.java:568)
	at org.springframework.web.method.support.InvocableHandlerMethod.doInvoke(InvocableHandlerMethod.java:254)
	at org.springframework.web.method.support.InvocableHandlerMethod.invokeForRequest(InvocableHandlerMethod.java:182)
	at org.springframework.web.servlet.mvc.method.annotation.ServletInvocableHandlerMethod.invokeAndHandle(ServletInvocableHandlerMethod.java:118)
	at org.springframework.web.servlet.mvc.method.annotation.RequestMappingHandlerAdapter.invokeHandlerMethod(RequestMappingHandlerAdapter.java:917)
	at org.springframework.web.servlet.mvc.method.annotation.RequestMappingHandlerAdapter.handleInternal(RequestMappingHandlerAdapter.java:829)
	at org.springframework.web.servlet.mvc.method.AbstractHandlerMethodAdapter.handle(AbstractHandlerMethodAdapter.java:87)
	at org.springframework.web.servlet.DispatcherServlet.doDispatch(DispatcherServlet.java:1089)
	at org.springframework.web.servlet.DispatcherServlet.doService(DispatcherServlet.java:979)
	at org.springframework.web.servlet.FrameworkServlet.processRequest(FrameworkServlet.java:1014)
	at org.springframework.web.servlet.FrameworkServlet.doGet(FrameworkServlet.java:903)
	at jakarta.servlet.http.HttpServlet.service(HttpServlet.java:564)
	at org.springframework.web.servlet.FrameworkServlet.service(FrameworkServlet.java:885)
	at jakarta.servlet.http.HttpServlet.service(HttpServlet.java:658)
	at org.apache.catalina.core.ApplicationFilterChain.internalDoFilter(ApplicationFilterChain.java:205)
	at org.apache.catalina.core.ApplicationFilterChain.doFilter(ApplicationFilterChain.java:149)
	at org.apache.tomcat.websocket.server.WsFilter.doFilter(WsFilter.java:51)
	at org.apache.catalina.core.ApplicationFilterChain.internalDoFilter(ApplicationFilterChain.java:174)
	at org.apache.catalina.core.ApplicationFilterChain.doFilter(ApplicationFilterChain.java:149)
	at org.springframework.web.filter.RequestContextFilter.doFilterInternal(RequestContextFilter.java:100)
	at org.springframework.web.filter.OncePerRequestFilter.doFilter(OncePerRequestFilter.java:116)
	at org.apache.catalina.core.ApplicationFilterChain.internalDoFilter(ApplicationFilterChain.java:174)
	at org.apache.catalina.core.ApplicationFilterChain.doFilter(ApplicationFilterChain.java:149)
	at org.springframework.web.filter.FormContentFilter.doFilterInternal(FormContentFilter.java:93)
	at org.springframework.web.filter.OncePerRequestFilter.doFilter(OncePerRequestFilter.java:116)
	at org.apache.catalina.core.ApplicationFilterChain.internalDoFilter(ApplicationFilterChain.java:174)
	at org.apache.catalina.core.ApplicationFilterChain.doFilter(ApplicationFilterChain.java:149)
	at org.springframework.web.filter.CharacterEncodingFilter.doFilterInternal(CharacterEncodingFilter.java:201)
	at org.springframework.web.filter.OncePerRequestFilter.doFilter(OncePerRequestFilter.java:116)
	at org.apache.catalina.core.ApplicationFilterChain.internalDoFilter(ApplicationFilterChain.java:174)
	at org.apache.catalina.core.ApplicationFilterChain.doFilter(ApplicationFilterChain.java:149)
	at org.apache.catalina.core.StandardWrapperValve.invoke(StandardWrapperValve.java:167)
	at org.apache.catalina.core.StandardContextValve.invoke(StandardContextValve.java:90)
	at org.apache.catalina.authenticator.AuthenticatorBase.invoke(AuthenticatorBase.java:482)
	at org.apache.catalina.core.StandardHostValve.invoke(StandardHostValve.java:115)
	at org.apache.catalina.valves.ErrorReportValve.invoke(ErrorReportValve.java:93)
	at org.apache.catalina.core.StandardEngineValve.invoke(StandardEngineValve.java:74)
	at org.apache.catalina.connector.CoyoteAdapter.service(CoyoteAdapter.java:340)
	at org.apache.coyote.http11.Http11Processor.service(Http11Processor.java:391)
	at org.apache.coyote.AbstractProcessorLight.process(AbstractProcessorLight.java:63)
	at org.apache.coyote.AbstractProtocol$ConnectionHandler.process(AbstractProtocol.java:896)
	at org.apache.tomcat.util.net.NioEndpoint$SocketProcessor.doRun(NioEndpoint.java:1744)
	at org.apache.tomcat.util.net.SocketProcessorBase.run(SocketProcessorBase.java:52)
	at org.apache.tomcat.util.threads.ThreadPoolExecutor.runWorker(ThreadPoolExecutor.java:1191)
	at org.apache.tomcat.util.threads.ThreadPoolExecutor$Worker.run(ThreadPoolExecutor.java:659)
	at org.apache.tomcat.util.threads.TaskThread$WrappingRunnable.run(TaskThread.java:61)
	at java.base/java.lang.Thread.run(Thread.java:842)
2026-01-25 11:03:10.280 [http-nio-8080-exec-6] DEBUG o.s.w.s.m.m.a.RequestMappingHandlerMapping - Mapped to org.springframework.boot.autoconfigure.web.servlet.error.BasicErrorController#error(HttpServletRequest)
2026-01-25 11:03:10.280 [http-nio-8080-exec-10] DEBUG o.s.web.servlet.DispatcherServlet - "ERROR" dispatch for GET "/error", parameters={}
2026-01-25 11:03:10.280 [http-nio-8080-exec-6] DEBUG o.s.o.j.s.OpenEntityManagerInViewInterceptor - Opening JPA EntityManager in OpenEntityManagerInViewInterceptor
2026-01-25 11:03:10.280 [http-nio-8080-exec-10] DEBUG o.s.w.s.m.m.a.RequestMappingHandlerMapping - Mapped to org.springframework.boot.autoconfigure.web.servlet.error.BasicErrorController#error(HttpServletRequest)
2026-01-25 11:03:10.280 [http-nio-8080-exec-10] DEBUG o.s.o.j.s.OpenEntityManagerInViewInterceptor - Opening JPA EntityManager in OpenEntityManagerInViewInterceptor
2026-01-25 11:03:10.281 [http-nio-8080-exec-6] DEBUG o.s.w.s.m.m.a.HttpEntityMethodProcessor - Using 'application/json', given [*/*] and supported [application/json, application/*+json]
2026-01-25 11:03:10.281 [http-nio-8080-exec-10] DEBUG o.s.w.s.m.m.a.HttpEntityMethodProcessor - Using 'application/json', given [*/*] and supported [application/json, application/*+json]
2026-01-25 11:03:10.281 [http-nio-8080-exec-10] DEBUG o.s.w.s.m.m.a.HttpEntityMethodProcessor - Writing [{timestamp=Sun Jan 25 11:03:10 GMT+08:00 2026, status=500, error=Internal Server Error, path=/api/us (truncated)...]
2026-01-25 11:03:10.281 [http-nio-8080-exec-6] DEBUG o.s.w.s.m.m.a.HttpEntityMethodProcessor - Writing [{timestamp=Sun Jan 25 11:03:10 GMT+08:00 2026, status=500, error=Internal Server Error, path=/api/bo (truncated)...]
2026-01-25 11:03:10.281 [http-nio-8080-exec-10] DEBUG o.s.o.j.s.OpenEntityManagerInViewInterceptor - Closing JPA EntityManager in OpenEntityManagerInViewInterceptor
2026-01-25 11:03:10.281 [http-nio-8080-exec-6] DEBUG o.s.o.j.s.OpenEntityManagerInViewInterceptor - Closing JPA EntityManager in OpenEntityManagerInViewInterceptor
2026-01-25 11:03:10.281 [http-nio-8080-exec-10] DEBUG o.s.web.servlet.DispatcherServlet - Exiting from "ERROR" dispatch, status 500
2026-01-25 11:03:10.281 [http-nio-8080-exec-6] DEBUG o.s.web.servlet.DispatcherServlet - Exiting from "ERROR" dispatch, status 500
2026-01-25 11:03:10.295 [http-nio-8080-exec-5] DEBUG o.s.web.servlet.DispatcherServlet - GET "/api/payment/orders", parameters={}
2026-01-25 11:03:10.295 [http-nio-8080-exec-5] DEBUG o.s.w.s.m.m.a.RequestMappingHandlerMapping - Mapped to com.oxygen.capsule.controller.PaymentController#getUserPaymentOrders(String)
2026-01-25 11:03:10.295 [http-nio-8080-exec-5] DEBUG o.s.o.j.s.OpenEntityManagerInViewInterceptor - Opening JPA EntityManager in OpenEntityManagerInViewInterceptor
2026-01-25 11:03:10.296 [http-nio-8080-exec-5] DEBUG o.s.o.j.s.OpenEntityManagerInViewInterceptor - Closing JPA EntityManager in OpenEntityManagerInViewInterceptor
2026-01-25 11:03:10.296 [http-nio-8080-exec-5] DEBUG o.s.web.servlet.DispatcherServlet - Failed to complete request: io.jsonwebtoken.ExpiredJwtException: JWT expired at 2026-01-23T04:24:57Z. Current time: 2026-01-25T03:03:10Z, a difference of 167893296 milliseconds.  Allowed clock skew: 0 milliseconds.
2026-01-25 11:03:10.296 [http-nio-8080-exec-5] ERROR o.a.c.c.C.[.[.[.[dispatcherServlet] - Servlet.service() for servlet [dispatcherServlet] in context with path [] threw exception [Request processing failed: io.jsonwebtoken.ExpiredJwtException: JWT expired at 2026-01-23T04:24:57Z. Current time: 2026-01-25T03:03:10Z, a difference of 167893296 milliseconds.  Allowed clock skew: 0 milliseconds.] with root cause
io.jsonwebtoken.ExpiredJwtException: JWT expired at 2026-01-23T04:24:57Z. Current time: 2026-01-25T03:03:10Z, a difference of 167893296 milliseconds.  Allowed clock skew: 0 milliseconds.
	at io.jsonwebtoken.impl.DefaultJwtParser.parse(DefaultJwtParser.java:427)
	at io.jsonwebtoken.impl.DefaultJwtParser.parse(DefaultJwtParser.java:529)
	at io.jsonwebtoken.impl.DefaultJwtParser.parseClaimsJws(DefaultJwtParser.java:589)
	at com.oxygen.capsule.util.JwtUtil.getUserIdFromToken(JwtUtil.java:48)
	at com.oxygen.capsule.controller.PaymentController.getUserPaymentOrders(PaymentController.java:213)
	at jdk.internal.reflect.GeneratedMethodAccessor54.invoke(Unknown Source)
	at java.base/jdk.internal.reflect.DelegatingMethodAccessorImpl.invoke(DelegatingMethodAccessorImpl.java:43)
	at java.base/java.lang.reflect.Method.invoke(Method.java:568)
	at org.springframework.web.method.support.InvocableHandlerMethod.doInvoke(InvocableHandlerMethod.java:254)
	at org.springframework.web.method.support.InvocableHandlerMethod.invokeForRequest(InvocableHandlerMethod.java:182)
	at org.springframework.web.servlet.mvc.method.annotation.ServletInvocableHandlerMethod.invokeAndHandle(ServletInvocableHandlerMethod.java:118)
	at org.springframework.web.servlet.mvc.method.annotation.RequestMappingHandlerAdapter.invokeHandlerMethod(RequestMappingHandlerAdapter.java:917)
	at org.springframework.web.servlet.mvc.method.annotation.RequestMappingHandlerAdapter.handleInternal(RequestMappingHandlerAdapter.java:829)
	at org.springframework.web.servlet.mvc.method.AbstractHandlerMethodAdapter.handle(AbstractHandlerMethodAdapter.java:87)
	at org.springframework.web.servlet.DispatcherServlet.doDispatch(DispatcherServlet.java:1089)
	at org.springframework.web.servlet.DispatcherServlet.doService(DispatcherServlet.java:979)
	at org.springframework.web.servlet.FrameworkServlet.processRequest(FrameworkServlet.java:1014)
	at org.springframework.web.servlet.FrameworkServlet.doGet(FrameworkServlet.java:903)
	at jakarta.servlet.http.HttpServlet.service(HttpServlet.java:564)
	at org.springframework.web.servlet.FrameworkServlet.service(FrameworkServlet.java:885)
	at jakarta.servlet.http.HttpServlet.service(HttpServlet.java:658)
	at org.apache.catalina.core.ApplicationFilterChain.internalDoFilter(ApplicationFilterChain.java:205)
	at org.apache.catalina.core.ApplicationFilterChain.doFilter(ApplicationFilterChain.java:149)
	at org.apache.tomcat.websocket.server.WsFilter.doFilter(WsFilter.java:51)
	at org.apache.catalina.core.ApplicationFilterChain.internalDoFilter(ApplicationFilterChain.java:174)
	at org.apache.catalina.core.ApplicationFilterChain.doFilter(ApplicationFilterChain.java:149)
	at org.springframework.web.filter.RequestContextFilter.doFilterInternal(RequestContextFilter.java:100)
	at org.springframework.web.filter.OncePerRequestFilter.doFilter(OncePerRequestFilter.java:116)
	at org.apache.catalina.core.ApplicationFilterChain.internalDoFilter(ApplicationFilterChain.java:174)
	at org.apache.catalina.core.ApplicationFilterChain.doFilter(ApplicationFilterChain.java:149)
	at org.springframework.web.filter.FormContentFilter.doFilterInternal(FormContentFilter.java:93)
	at org.springframework.web.filter.OncePerRequestFilter.doFilter(OncePerRequestFilter.java:116)
	at org.apache.catalina.core.ApplicationFilterChain.internalDoFilter(ApplicationFilterChain.java:174)
	at org.apache.catalina.core.ApplicationFilterChain.doFilter(ApplicationFilterChain.java:149)
	at org.springframework.web.filter.CharacterEncodingFilter.doFilterInternal(CharacterEncodingFilter.java:201)
	at org.springframework.web.filter.OncePerRequestFilter.doFilter(OncePerRequestFilter.java:116)
	at org.apache.catalina.core.ApplicationFilterChain.internalDoFilter(ApplicationFilterChain.java:174)
	at org.apache.catalina.core.ApplicationFilterChain.doFilter(ApplicationFilterChain.java:149)
	at org.apache.catalina.core.StandardWrapperValve.invoke(StandardWrapperValve.java:167)
	at org.apache.catalina.core.StandardContextValve.invoke(StandardContextValve.java:90)
	at org.apache.catalina.authenticator.AuthenticatorBase.invoke(AuthenticatorBase.java:482)
	at org.apache.catalina.core.StandardHostValve.invoke(StandardHostValve.java:115)
	at org.apache.catalina.valves.ErrorReportValve.invoke(ErrorReportValve.java:93)
	at org.apache.catalina.core.StandardEngineValve.invoke(StandardEngineValve.java:74)
	at org.apache.catalina.connector.CoyoteAdapter.service(CoyoteAdapter.java:340)
	at org.apache.coyote.http11.Http11Processor.service(Http11Processor.java:391)
	at org.apache.coyote.AbstractProcessorLight.process(AbstractProcessorLight.java:63)
	at org.apache.coyote.AbstractProtocol$ConnectionHandler.process(AbstractProtocol.java:896)
	at org.apache.tomcat.util.net.NioEndpoint$SocketProcessor.doRun(NioEndpoint.java:1744)
	at org.apache.tomcat.util.net.SocketProcessorBase.run(SocketProcessorBase.java:52)
	at org.apache.tomcat.util.threads.ThreadPoolExecutor.runWorker(ThreadPoolExecutor.java:1191)
	at org.apache.tomcat.util.threads.ThreadPoolExecutor$Worker.run(ThreadPoolExecutor.java:659)
	at org.apache.tomcat.util.threads.TaskThread$WrappingRunnable.run(TaskThread.java:61)
	at java.base/java.lang.Thread.run(Thread.java:842)
2026-01-25 11:03:10.297 [http-nio-8080-exec-5] DEBUG o.s.web.servlet.DispatcherServlet - "ERROR" dispatch for GET "/error", parameters={}
2026-01-25 11:03:10.297 [http-nio-8080-exec-5] DEBUG o.s.w.s.m.m.a.RequestMappingHandlerMapping - Mapped to org.springframework.boot.autoconfigure.web.servlet.error.BasicErrorController#error(HttpServletRequest)
2026-01-25 11:03:10.297 [http-nio-8080-exec-5] DEBUG o.s.o.j.s.OpenEntityManagerInViewInterceptor - Opening JPA EntityManager in OpenEntityManagerInViewInterceptor
2026-01-25 11:03:10.297 [http-nio-8080-exec-5] DEBUG o.s.w.s.m.m.a.HttpEntityMethodProcessor - Using 'application/json', given [*/*] and supported [application/json, application/*+json]
2026-01-25 11:03:10.297 [http-nio-8080-exec-5] DEBUG o.s.w.s.m.m.a.HttpEntityMethodProcessor - Writing [{timestamp=Sun Jan 25 11:03:10 GMT+08:00 2026, status=500, error=Internal Server Error, path=/api/pa (truncated)...]
2026-01-25 11:03:10.298 [http-nio-8080-exec-5] DEBUG o.s.o.j.s.OpenEntityManagerInViewInterceptor - Closing JPA EntityManager in OpenEntityManagerInViewInterceptor
2026-01-25 11:03:10.298 [http-nio-8080-exec-5] DEBUG o.s.web.servlet.DispatcherServlet - Exiting from "ERROR" dispatch, status 500
2026-01-25 11:03:10.304 [http-nio-8080-exec-2] DEBUG o.s.web.servlet.DispatcherServlet - GET "/api/booking/orders", parameters={}
2026-01-25 11:03:10.304 [http-nio-8080-exec-2] DEBUG o.s.w.s.m.m.a.RequestMappingHandlerMapping - Mapped to com.oxygen.capsule.controller.BookingController#getUserOrders(String)
2026-01-25 11:03:10.304 [http-nio-8080-exec-2] DEBUG o.s.o.j.s.OpenEntityManagerInViewInterceptor - Opening JPA EntityManager in OpenEntityManagerInViewInterceptor
2026-01-25 11:03:10.305 [http-nio-8080-exec-2] DEBUG o.s.o.j.s.OpenEntityManagerInViewInterceptor - Closing JPA EntityManager in OpenEntityManagerInViewInterceptor
2026-01-25 11:03:10.305 [http-nio-8080-exec-2] DEBUG o.s.web.servlet.DispatcherServlet - Failed to complete request: io.jsonwebtoken.ExpiredJwtException: JWT expired at 2026-01-23T04:24:57Z. Current time: 2026-01-25T03:03:10Z, a difference of 167893305 milliseconds.  Allowed clock skew: 0 milliseconds.
2026-01-25 11:03:10.305 [http-nio-8080-exec-2] ERROR o.a.c.c.C.[.[.[.[dispatcherServlet] - Servlet.service() for servlet [dispatcherServlet] in context with path [] threw exception [Request processing failed: io.jsonwebtoken.ExpiredJwtException: JWT expired at 2026-01-23T04:24:57Z. Current time: 2026-01-25T03:03:10Z, a difference of 167893305 milliseconds.  Allowed clock skew: 0 milliseconds.] with root cause
io.jsonwebtoken.ExpiredJwtException: JWT expired at 2026-01-23T04:24:57Z. Current time: 2026-01-25T03:03:10Z, a difference of 167893305 milliseconds.  Allowed clock skew: 0 milliseconds.
	at io.jsonwebtoken.impl.DefaultJwtParser.parse(DefaultJwtParser.java:427)
	at io.jsonwebtoken.impl.DefaultJwtParser.parse(DefaultJwtParser.java:529)
	at io.jsonwebtoken.impl.DefaultJwtParser.parseClaimsJws(DefaultJwtParser.java:589)
	at com.oxygen.capsule.util.JwtUtil.getUserIdFromToken(JwtUtil.java:48)
	at com.oxygen.capsule.controller.BookingController.getUserOrders(BookingController.java:318)
	at jdk.internal.reflect.GeneratedMethodAccessor56.invoke(Unknown Source)
	at java.base/jdk.internal.reflect.DelegatingMethodAccessorImpl.invoke(DelegatingMethodAccessorImpl.java:43)
	at java.base/java.lang.reflect.Method.invoke(Method.java:568)
	at org.springframework.web.method.support.InvocableHandlerMethod.doInvoke(InvocableHandlerMethod.java:254)
	at org.springframework.web.method.support.InvocableHandlerMethod.invokeForRequest(InvocableHandlerMethod.java:182)
	at org.springframework.web.servlet.mvc.method.annotation.ServletInvocableHandlerMethod.invokeAndHandle(ServletInvocableHandlerMethod.java:118)
	at org.springframework.web.servlet.mvc.method.annotation.RequestMappingHandlerAdapter.invokeHandlerMethod(RequestMappingHandlerAdapter.java:917)
	at org.springframework.web.servlet.mvc.method.annotation.RequestMappingHandlerAdapter.handleInternal(RequestMappingHandlerAdapter.java:829)
	at org.springframework.web.servlet.mvc.method.AbstractHandlerMethodAdapter.handle(AbstractHandlerMethodAdapter.java:87)
	at org.springframework.web.servlet.DispatcherServlet.doDispatch(DispatcherServlet.java:1089)
	at org.springframework.web.servlet.DispatcherServlet.doService(DispatcherServlet.java:979)
	at org.springframework.web.servlet.FrameworkServlet.processRequest(FrameworkServlet.java:1014)
	at org.springframework.web.servlet.FrameworkServlet.doGet(FrameworkServlet.java:903)
	at jakarta.servlet.http.HttpServlet.service(HttpServlet.java:564)
	at org.springframework.web.servlet.FrameworkServlet.service(FrameworkServlet.java:885)
	at jakarta.servlet.http.HttpServlet.service(HttpServlet.java:658)
	at org.apache.catalina.core.ApplicationFilterChain.internalDoFilter(ApplicationFilterChain.java:205)
	at org.apache.catalina.core.ApplicationFilterChain.doFilter(ApplicationFilterChain.java:149)
	at org.apache.tomcat.websocket.server.WsFilter.doFilter(WsFilter.java:51)
	at org.apache.catalina.core.ApplicationFilterChain.internalDoFilter(ApplicationFilterChain.java:174)
	at org.apache.catalina.core.ApplicationFilterChain.doFilter(ApplicationFilterChain.java:149)
	at org.springframework.web.filter.RequestContextFilter.doFilterInternal(RequestContextFilter.java:100)
	at org.springframework.web.filter.OncePerRequestFilter.doFilter(OncePerRequestFilter.java:116)
	at org.apache.catalina.core.ApplicationFilterChain.internalDoFilter(ApplicationFilterChain.java:174)
	at org.apache.catalina.core.ApplicationFilterChain.doFilter(ApplicationFilterChain.java:149)
	at org.springframework.web.filter.FormContentFilter.doFilterInternal(FormContentFilter.java:93)
	at org.springframework.web.filter.OncePerRequestFilter.doFilter(OncePerRequestFilter.java:116)
	at org.apache.catalina.core.ApplicationFilterChain.internalDoFilter(ApplicationFilterChain.java:174)
	at org.apache.catalina.core.ApplicationFilterChain.doFilter(ApplicationFilterChain.java:149)
	at org.springframework.web.filter.CharacterEncodingFilter.doFilterInternal(CharacterEncodingFilter.java:201)
	at org.springframework.web.filter.OncePerRequestFilter.doFilter(OncePerRequestFilter.java:116)
	at org.apache.catalina.core.ApplicationFilterChain.internalDoFilter(ApplicationFilterChain.java:174)
	at org.apache.catalina.core.ApplicationFilterChain.doFilter(ApplicationFilterChain.java:149)
	at org.apache.catalina.core.StandardWrapperValve.invoke(StandardWrapperValve.java:167)
	at org.apache.catalina.core.StandardContextValve.invoke(StandardContextValve.java:90)
	at org.apache.catalina.authenticator.AuthenticatorBase.invoke(AuthenticatorBase.java:482)
	at org.apache.catalina.core.StandardHostValve.invoke(StandardHostValve.java:115)
	at org.apache.catalina.valves.ErrorReportValve.invoke(ErrorReportValve.java:93)
	at org.apache.catalina.core.StandardEngineValve.invoke(StandardEngineValve.java:74)
	at org.apache.catalina.connector.CoyoteAdapter.service(CoyoteAdapter.java:340)
	at org.apache.coyote.http11.Http11Processor.service(Http11Processor.java:391)
	at org.apache.coyote.AbstractProcessorLight.process(AbstractProcessorLight.java:63)
	at org.apache.coyote.AbstractProtocol$ConnectionHandler.process(AbstractProtocol.java:896)
	at org.apache.tomcat.util.net.NioEndpoint$SocketProcessor.doRun(NioEndpoint.java:1744)
	at org.apache.tomcat.util.net.SocketProcessorBase.run(SocketProcessorBase.java:52)
	at org.apache.tomcat.util.threads.ThreadPoolExecutor.runWorker(ThreadPoolExecutor.java:1191)
	at org.apache.tomcat.util.threads.ThreadPoolExecutor$Worker.run(ThreadPoolExecutor.java:659)
	at org.apache.tomcat.util.threads.TaskThread$WrappingRunnable.run(TaskThread.java:61)
	at java.base/java.lang.Thread.run(Thread.java:842)
2026-01-25 11:03:10.305 [http-nio-8080-exec-2] DEBUG o.s.web.servlet.DispatcherServlet - "ERROR" dispatch for GET "/error", parameters={}
2026-01-25 11:03:10.305 [http-nio-8080-exec-2] DEBUG o.s.w.s.m.m.a.RequestMappingHandlerMapping - Mapped to org.springframework.boot.autoconfigure.web.servlet.error.BasicErrorController#error(HttpServletRequest)
2026-01-25 11:03:10.305 [http-nio-8080-exec-2] DEBUG o.s.o.j.s.OpenEntityManagerInViewInterceptor - Opening JPA EntityManager in OpenEntityManagerInViewInterceptor
2026-01-25 11:03:10.305 [http-nio-8080-exec-2] DEBUG o.s.w.s.m.m.a.HttpEntityMethodProcessor - Using 'application/json', given [*/*] and supported [application/json, application/*+json]
2026-01-25 11:03:10.306 [http-nio-8080-exec-2] DEBUG o.s.w.s.m.m.a.HttpEntityMethodProcessor - Writing [{timestamp=Sun Jan 25 11:03:10 GMT+08:00 2026, status=500, error=Internal Server Error, path=/api/bo (truncated)...]
2026-01-25 11:03:10.306 [http-nio-8080-exec-2] DEBUG o.s.o.j.s.OpenEntityManagerInViewInterceptor - Closing JPA EntityManager in OpenEntityManagerInViewInterceptor
2026-01-25 11:03:10.306 [http-nio-8080-exec-2] DEBUG o.s.web.servlet.DispatcherServlet - Exiting from "ERROR" dispatch, status 500
2026-01-25 11:03:19.306 [http-nio-8080-exec-8] DEBUG o.s.web.servlet.DispatcherServlet - POST "/api/staff/login", parameters={}
2026-01-25 11:03:19.306 [http-nio-8080-exec-8] DEBUG o.s.w.s.m.m.a.RequestMappingHandlerMapping - Mapped to com.oxygen.capsule.controller.StaffController#login(Map)
2026-01-25 11:03:19.306 [http-nio-8080-exec-8] DEBUG o.s.o.j.s.OpenEntityManagerInViewInterceptor - Opening JPA EntityManager in OpenEntityManagerInViewInterceptor
2026-01-25 11:03:19.310 [http-nio-8080-exec-8] DEBUG o.s.w.s.m.m.a.RequestResponseBodyMethodProcessor - Read "application/json;charset=UTF-8" to [{username=admin, password=admin}]
2026-01-25 11:03:19.322 [http-nio-8080-exec-8] DEBUG o.s.orm.jpa.JpaTransactionManager - Found thread-bound EntityManager [SessionImpl(2072542556<open>)] for JPA transaction
2026-01-25 11:03:19.322 [http-nio-8080-exec-8] DEBUG o.s.orm.jpa.JpaTransactionManager - Creating new transaction with name [org.springframework.data.jpa.repository.support.SimpleJpaRepository.save]: PROPAGATION_REQUIRED,ISOLATION_DEFAULT
2026-01-25 11:03:19.322 [http-nio-8080-exec-8] DEBUG o.s.orm.jpa.JpaTransactionManager - Exposing JPA transaction as JDBC [org.springframework.orm.jpa.vendor.HibernateJpaDialect$HibernateConnectionHandle@8eda5fd]
2026-01-25 11:03:19.324 [http-nio-8080-exec-8] DEBUG o.s.orm.jpa.JpaTransactionManager - Initiating transaction commit
2026-01-25 11:03:19.324 [http-nio-8080-exec-8] DEBUG o.s.orm.jpa.JpaTransactionManager - Committing JPA transaction on EntityManager [SessionImpl(2072542556<open>)]
2026-01-25 11:03:19.329 [http-nio-8080-exec-8] DEBUG o.s.orm.jpa.JpaTransactionManager - Not closing pre-bound JPA EntityManager after transaction
2026-01-25 11:03:19.330 [http-nio-8080-exec-8] DEBUG o.s.w.s.m.m.a.RequestResponseBodyMethodProcessor - Using 'application/json', given [*/*] and supported [application/json, application/*+json]
2026-01-25 11:03:19.330 [http-nio-8080-exec-8] DEBUG o.s.w.s.m.m.a.RequestResponseBodyMethodProcessor - Writing [Result(code=200, message=登录成功, data={userInfo={role=staff, phone=13800138000, name=管理员, id=1, userna (truncated)...]
2026-01-25 11:03:19.330 [http-nio-8080-exec-8] DEBUG o.s.o.j.s.OpenEntityManagerInViewInterceptor - Closing JPA EntityManager in OpenEntityManagerInViewInterceptor
2026-01-25 11:03:19.330 [http-nio-8080-exec-8] DEBUG o.s.web.servlet.DispatcherServlet - Completed 200 OK
2026-01-25 11:03:22.680 [http-nio-8080-exec-7] DEBUG o.s.web.servlet.DispatcherServlet - POST "/api/booking/verify/BK17693101663577888", parameters={}
2026-01-25 11:03:22.681 [http-nio-8080-exec-7] DEBUG o.s.w.s.m.m.a.RequestMappingHandlerMapping - Mapped to com.oxygen.capsule.controller.BookingController#verifyOrderByOrderNo(String, String)
2026-01-25 11:03:22.681 [http-nio-8080-exec-7] DEBUG o.s.o.j.s.OpenEntityManagerInViewInterceptor - Opening JPA EntityManager in OpenEntityManagerInViewInterceptor
2026-01-25 11:03:22.689 [http-nio-8080-exec-7] DEBUG o.s.orm.jpa.JpaTransactionManager - Found thread-bound EntityManager [SessionImpl(690167702<open>)] for JPA transaction
2026-01-25 11:03:22.689 [http-nio-8080-exec-7] DEBUG o.s.orm.jpa.JpaTransactionManager - Creating new transaction with name [org.springframework.data.jpa.repository.support.SimpleJpaRepository.findById]: PROPAGATION_REQUIRED,ISOLATION_DEFAULT,readOnly
2026-01-25 11:03:22.690 [http-nio-8080-exec-7] DEBUG o.s.orm.jpa.JpaTransactionManager - Exposing JPA transaction as JDBC [org.springframework.orm.jpa.vendor.HibernateJpaDialect$HibernateConnectionHandle@2c7f8a98]
2026-01-25 11:03:22.691 [http-nio-8080-exec-7] DEBUG o.s.orm.jpa.JpaTransactionManager - Initiating transaction commit
2026-01-25 11:03:22.691 [http-nio-8080-exec-7] DEBUG o.s.orm.jpa.JpaTransactionManager - Committing JPA transaction on EntityManager [SessionImpl(690167702<open>)]
2026-01-25 11:03:22.692 [http-nio-8080-exec-7] DEBUG o.s.orm.jpa.JpaTransactionManager - Not closing pre-bound JPA EntityManager after transaction
2026-01-25 11:03:22.692 [http-nio-8080-exec-7] DEBUG o.s.orm.jpa.JpaTransactionManager - Found thread-bound EntityManager [SessionImpl(690167702<open>)] for JPA transaction
2026-01-25 11:03:22.692 [http-nio-8080-exec-7] DEBUG o.s.orm.jpa.JpaTransactionManager - Creating new transaction with name [org.springframework.data.jpa.repository.support.SimpleJpaRepository.save]: PROPAGATION_REQUIRED,ISOLATION_DEFAULT
2026-01-25 11:03:22.692 [http-nio-8080-exec-7] DEBUG o.s.orm.jpa.JpaTransactionManager - Exposing JPA transaction as JDBC [org.springframework.orm.jpa.vendor.HibernateJpaDialect$HibernateConnectionHandle@3cc36a87]
2026-01-25 11:03:22.692 [http-nio-8080-exec-7] DEBUG o.s.orm.jpa.JpaTransactionManager - Initiating transaction commit
2026-01-25 11:03:22.692 [http-nio-8080-exec-7] DEBUG o.s.orm.jpa.JpaTransactionManager - Committing JPA transaction on EntityManager [SessionImpl(690167702<open>)]
2026-01-25 11:03:22.695 [http-nio-8080-exec-7] DEBUG o.s.orm.jpa.JpaTransactionManager - Not closing pre-bound JPA EntityManager after transaction
2026-01-25 11:03:22.695 [http-nio-8080-exec-7] DEBUG o.s.orm.jpa.JpaTransactionManager - Found thread-bound EntityManager [SessionImpl(690167702<open>)] for JPA transaction
2026-01-25 11:03:22.695 [http-nio-8080-exec-7] DEBUG o.s.orm.jpa.JpaTransactionManager - Creating new transaction with name [org.springframework.data.jpa.repository.support.SimpleJpaRepository.save]: PROPAGATION_REQUIRED,ISOLATION_DEFAULT
2026-01-25 11:03:22.695 [http-nio-8080-exec-7] DEBUG o.s.orm.jpa.JpaTransactionManager - Exposing JPA transaction as JDBC [org.springframework.orm.jpa.vendor.HibernateJpaDialect$HibernateConnectionHandle@7661096b]
2026-01-25 11:03:22.695 [http-nio-8080-exec-7] DEBUG o.s.orm.jpa.JpaTransactionManager - Initiating transaction commit
2026-01-25 11:03:22.695 [http-nio-8080-exec-7] DEBUG o.s.orm.jpa.JpaTransactionManager - Committing JPA transaction on EntityManager [SessionImpl(690167702<open>)]
2026-01-25 11:03:22.698 [http-nio-8080-exec-7] DEBUG o.s.orm.jpa.JpaTransactionManager - Not closing pre-bound JPA EntityManager after transaction
2026-01-25 11:03:22.707 [http-nio-8080-exec-7] DEBUG o.s.orm.jpa.JpaTransactionManager - Found thread-bound EntityManager [SessionImpl(690167702<open>)] for JPA transaction
2026-01-25 11:03:22.708 [http-nio-8080-exec-7] DEBUG o.s.orm.jpa.JpaTransactionManager - Creating new transaction with name [org.springframework.data.jpa.repository.support.SimpleJpaRepository.save]: PROPAGATION_REQUIRED,ISOLATION_DEFAULT
2026-01-25 11:03:22.708 [http-nio-8080-exec-7] DEBUG o.s.orm.jpa.JpaTransactionManager - Exposing JPA transaction as JDBC [org.springframework.orm.jpa.vendor.HibernateJpaDialect$HibernateConnectionHandle@56554b4c]
2026-01-25 11:03:22.710 [http-nio-8080-exec-7] DEBUG o.s.orm.jpa.JpaTransactionManager - Initiating transaction commit
2026-01-25 11:03:22.711 [http-nio-8080-exec-7] DEBUG o.s.orm.jpa.JpaTransactionManager - Committing JPA transaction on EntityManager [SessionImpl(690167702<open>)]
2026-01-25 11:03:22.712 [http-nio-8080-exec-7] DEBUG o.s.orm.jpa.JpaTransactionManager - Not closing pre-bound JPA EntityManager after transaction
2026-01-25 11:03:22.712 [http-nio-8080-exec-7] DEBUG o.s.orm.jpa.JpaTransactionManager - Found thread-bound EntityManager [SessionImpl(690167702<open>)] for JPA transaction
2026-01-25 11:03:22.712 [http-nio-8080-exec-7] DEBUG o.s.orm.jpa.JpaTransactionManager - Creating new transaction with name [org.springframework.data.jpa.repository.support.SimpleJpaRepository.save]: PROPAGATION_REQUIRED,ISOLATION_DEFAULT
2026-01-25 11:03:22.712 [http-nio-8080-exec-7] DEBUG o.s.orm.jpa.JpaTransactionManager - Exposing JPA transaction as JDBC [org.springframework.orm.jpa.vendor.HibernateJpaDialect$HibernateConnectionHandle@165a9d2d]
2026-01-25 11:03:22.712 [http-nio-8080-exec-7] DEBUG o.s.orm.jpa.JpaTransactionManager - Initiating transaction commit
2026-01-25 11:03:22.712 [http-nio-8080-exec-7] DEBUG o.s.orm.jpa.JpaTransactionManager - Committing JPA transaction on EntityManager [SessionImpl(690167702<open>)]
2026-01-25 11:03:22.713 [http-nio-8080-exec-7] DEBUG o.s.orm.jpa.JpaTransactionManager - Not closing pre-bound JPA EntityManager after transaction
2026-01-25 11:03:22.714 [http-nio-8080-exec-7] DEBUG o.s.w.s.m.m.a.RequestResponseBodyMethodProcessor - Using 'application/json', given [*/*] and supported [application/json, application/*+json]
2026-01-25 11:03:22.714 [http-nio-8080-exec-7] DEBUG o.s.w.s.m.m.a.RequestResponseBodyMethodProcessor - Writing [Result(code=200, message=核销成功, data=BookingOrder(id=6, orderNo=BK17693101663577888, userId=1, paymen (truncated)...]
2026-01-25 11:03:22.715 [http-nio-8080-exec-7] DEBUG o.s.o.j.s.OpenEntityManagerInViewInterceptor - Closing JPA EntityManager in OpenEntityManagerInViewInterceptor
2026-01-25 11:03:22.715 [http-nio-8080-exec-7] DEBUG o.s.web.servlet.DispatcherServlet - Completed 200 OK
2026-01-25 11:05:00.013 [scheduling-1] DEBUG o.s.o.j.SharedEntityManagerCreator$SharedEntityManagerInvocationHandler - Creating new EntityManager for shared EntityManager invocation
2026-01-25 11:09:00.726 [main] INFO  c.o.capsule.OxygenCapsuleApplication - Starting OxygenCapsuleApplication using Java 17.0.17 with PID 95110 (/Users/liuchang/Downloads/my0110-6/backend/target/classes started by liuchang in /Users/liuchang/Downloads/my0110-6/backend)
2026-01-25 11:09:00.727 [main] DEBUG c.o.capsule.OxygenCapsuleApplication - Running with Spring Boot v3.2.0, Spring v6.1.1
2026-01-25 11:09:00.727 [main] INFO  c.o.capsule.OxygenCapsuleApplication - No active profile set, falling back to 1 default profile: "default"
2026-01-25 11:09:01.776 [main] INFO  o.s.d.r.c.RepositoryConfigurationDelegate - Multiple Spring Data modules found, entering strict repository configuration mode
2026-01-25 11:09:01.777 [main] INFO  o.s.d.r.c.RepositoryConfigurationDelegate - Bootstrapping Spring Data JPA repositories in DEFAULT mode.
2026-01-25 11:09:02.031 [main] INFO  o.s.d.r.c.RepositoryConfigurationDelegate - Finished Spring Data repository scanning in 244 ms. Found 7 JPA repository interfaces.
2026-01-25 11:09:02.058 [main] INFO  o.s.d.r.c.RepositoryConfigurationDelegate - Multiple Spring Data modules found, entering strict repository configuration mode
2026-01-25 11:09:02.059 [main] INFO  o.s.d.r.c.RepositoryConfigurationDelegate - Bootstrapping Spring Data Redis repositories in DEFAULT mode.
2026-01-25 11:09:02.074 [main] INFO  o.s.d.r.c.RepositoryConfigurationExtensionSupport - Spring Data Redis - Could not safely identify store assignment for repository candidate interface com.oxygen.capsule.repository.BookingOrderRepository; If you want this repository to be a Redis repository, consider annotating your entities with one of these annotations: org.springframework.data.redis.core.RedisHash (preferred), or consider extending one of the following types with your repository: org.springframework.data.keyvalue.repository.KeyValueRepository
2026-01-25 11:09:02.074 [main] INFO  o.s.d.r.c.RepositoryConfigurationExtensionSupport - Spring Data Redis - Could not safely identify store assignment for repository candidate interface com.oxygen.capsule.repository.DailyVisitRecordRepository; If you want this repository to be a Redis repository, consider annotating your entities with one of these annotations: org.springframework.data.redis.core.RedisHash (preferred), or consider extending one of the following types with your repository: org.springframework.data.keyvalue.repository.KeyValueRepository
2026-01-25 11:09:02.074 [main] INFO  o.s.d.r.c.RepositoryConfigurationExtensionSupport - Spring Data Redis - Could not safely identify store assignment for repository candidate interface com.oxygen.capsule.repository.InvitationRepository; If you want this repository to be a Redis repository, consider annotating your entities with one of these annotations: org.springframework.data.redis.core.RedisHash (preferred), or consider extending one of the following types with your repository: org.springframework.data.keyvalue.repository.KeyValueRepository
2026-01-25 11:09:02.074 [main] INFO  o.s.d.r.c.RepositoryConfigurationExtensionSupport - Spring Data Redis - Could not safely identify store assignment for repository candidate interface com.oxygen.capsule.repository.MemberPackageRepository; If you want this repository to be a Redis repository, consider annotating your entities with one of these annotations: org.springframework.data.redis.core.RedisHash (preferred), or consider extending one of the following types with your repository: org.springframework.data.keyvalue.repository.KeyValueRepository
2026-01-25 11:09:02.074 [main] INFO  o.s.d.r.c.RepositoryConfigurationExtensionSupport - Spring Data Redis - Could not safely identify store assignment for repository candidate interface com.oxygen.capsule.repository.PaymentOrderRepository; If you want this repository to be a Redis repository, consider annotating your entities with one of these annotations: org.springframework.data.redis.core.RedisHash (preferred), or consider extending one of the following types with your repository: org.springframework.data.keyvalue.repository.KeyValueRepository
2026-01-25 11:09:02.074 [main] INFO  o.s.d.r.c.RepositoryConfigurationExtensionSupport - Spring Data Redis - Could not safely identify store assignment for repository candidate interface com.oxygen.capsule.repository.StaffRepository; If you want this repository to be a Redis repository, consider annotating your entities with one of these annotations: org.springframework.data.redis.core.RedisHash (preferred), or consider extending one of the following types with your repository: org.springframework.data.keyvalue.repository.KeyValueRepository
2026-01-25 11:09:02.074 [main] INFO  o.s.d.r.c.RepositoryConfigurationExtensionSupport - Spring Data Redis - Could not safely identify store assignment for repository candidate interface com.oxygen.capsule.repository.UserRepository; If you want this repository to be a Redis repository, consider annotating your entities with one of these annotations: org.springframework.data.redis.core.RedisHash (preferred), or consider extending one of the following types with your repository: org.springframework.data.keyvalue.repository.KeyValueRepository
2026-01-25 11:09:02.074 [main] INFO  o.s.d.r.c.RepositoryConfigurationDelegate - Finished Spring Data repository scanning in 4 ms. Found 0 Redis repository interfaces.
2026-01-25 11:09:02.170 [main] WARN  o.m.s.mapper.ClassPathMapperScanner - No MyBatis mapper was found in '[com.oxygen.capsule]' package. Please check your configuration.
2026-01-25 11:09:02.578 [main] INFO  o.s.b.w.e.tomcat.TomcatWebServer - Tomcat initialized with port 8080 (http)
2026-01-25 11:09:02.587 [main] INFO  o.a.catalina.core.StandardService - Starting service [Tomcat]
2026-01-25 11:09:02.587 [main] INFO  o.a.catalina.core.StandardEngine - Starting Servlet engine: [Apache Tomcat/10.1.16]
2026-01-25 11:09:02.644 [main] INFO  o.a.c.c.C.[Tomcat].[localhost].[/] - Initializing Spring embedded WebApplicationContext
2026-01-25 11:09:02.644 [main] INFO  o.s.b.w.s.c.ServletWebServerApplicationContext - Root WebApplicationContext: initialization completed in 1879 ms
2026-01-25 11:09:02.768 [main] DEBUG o.s.o.j.LocalContainerEntityManagerFactoryBean - Building JPA container EntityManagerFactory for persistence unit 'default'
2026-01-25 11:09:02.782 [main] INFO  o.h.jpa.internal.util.LogHelper - HHH000204: Processing PersistenceUnitInfo [name: default]
2026-01-25 11:09:02.889 [main] INFO  org.hibernate.Version - HHH000412: Hibernate ORM core version 6.3.1.Final
2026-01-25 11:09:02.897 [main] WARN  org.hibernate.orm.deprecation - HHH90000021: Encountered deprecated setting [javax.persistence.validation.mode], use [jakarta.persistence.validation.mode] instead
2026-01-25 11:09:02.934 [main] INFO  o.h.c.i.RegionFactoryInitiator - HHH000026: Second-level cache disabled
2026-01-25 11:09:03.110 [main] INFO  o.s.o.j.p.SpringPersistenceUnitInfo - No LoadTimeWeaver setup: ignoring JPA class transformer
2026-01-25 11:09:03.145 [main] WARN  org.hibernate.orm.deprecation - HHH90000025: MySQL8Dialect does not need to be specified explicitly using 'hibernate.dialect' (remove the property setting and it will be selected by default)
2026-01-25 11:09:03.145 [main] WARN  org.hibernate.orm.deprecation - HHH90000026: MySQL8Dialect has been deprecated; use org.hibernate.dialect.MySQLDialect instead
2026-01-25 11:09:03.997 [main] INFO  o.h.e.t.j.p.i.JtaPlatformInitiator - HHH000489: No JTA platform available (set 'hibernate.transaction.jta.platform' to enable JTA platform integration)
2026-01-25 11:09:04.008 [main] INFO  com.zaxxer.hikari.HikariDataSource - HikariPool-1 - Starting...
2026-01-25 11:09:04.169 [main] INFO  com.zaxxer.hikari.pool.HikariPool - HikariPool-1 - Added connection com.mysql.cj.jdbc.ConnectionImpl@6778636f
2026-01-25 11:09:04.170 [main] INFO  com.zaxxer.hikari.HikariDataSource - HikariPool-1 - Start completed.
2026-01-25 11:09:05.006 [main] INFO  o.s.o.j.LocalContainerEntityManagerFactoryBean - Initialized JPA EntityManagerFactory for persistence unit 'default'
2026-01-25 11:09:05.133 [main] DEBUG o.s.o.j.SharedEntityManagerCreator$SharedEntityManagerInvocationHandler - Creating new EntityManager for shared EntityManager invocation
2026-01-25 11:09:05.191 [main] DEBUG o.s.o.j.SharedEntityManagerCreator$SharedEntityManagerInvocationHandler - Creating new EntityManager for shared EntityManager invocation
2026-01-25 11:09:05.244 [main] DEBUG o.s.o.j.SharedEntityManagerCreator$SharedEntityManagerInvocationHandler - Creating new EntityManager for shared EntityManager invocation
2026-01-25 11:09:05.367 [main] DEBUG o.s.o.j.SharedEntityManagerCreator$SharedEntityManagerInvocationHandler - Creating new EntityManager for shared EntityManager invocation
2026-01-25 11:09:05.649 [main] DEBUG o.s.o.j.SharedEntityManagerCreator$SharedEntityManagerInvocationHandler - Creating new EntityManager for shared EntityManager invocation
2026-01-25 11:09:05.650 [main] DEBUG o.s.o.j.SharedEntityManagerCreator$SharedEntityManagerInvocationHandler - Creating new EntityManager for shared EntityManager invocation
2026-01-25 11:09:05.656 [main] DEBUG o.s.o.j.SharedEntityManagerCreator$SharedEntityManagerInvocationHandler - Creating new EntityManager for shared EntityManager invocation
2026-01-25 11:09:05.684 [main] DEBUG o.s.o.j.SharedEntityManagerCreator$SharedEntityManagerInvocationHandler - Creating new EntityManager for shared EntityManager invocation
2026-01-25 11:09:05.689 [main] DEBUG o.s.o.j.SharedEntityManagerCreator$SharedEntityManagerInvocationHandler - Creating new EntityManager for shared EntityManager invocation
2026-01-25 11:09:05.708 [main] DEBUG o.s.o.j.SharedEntityManagerCreator$SharedEntityManagerInvocationHandler - Creating new EntityManager for shared EntityManager invocation
2026-01-25 11:09:05.709 [main] DEBUG o.s.o.j.SharedEntityManagerCreator$SharedEntityManagerInvocationHandler - Creating new EntityManager for shared EntityManager invocation
2026-01-25 11:09:05.711 [main] DEBUG o.s.o.j.SharedEntityManagerCreator$SharedEntityManagerInvocationHandler - Creating new EntityManager for shared EntityManager invocation
2026-01-25 11:09:05.711 [main] DEBUG o.s.o.j.SharedEntityManagerCreator$SharedEntityManagerInvocationHandler - Creating new EntityManager for shared EntityManager invocation
2026-01-25 11:09:05.712 [main] DEBUG o.s.o.j.SharedEntityManagerCreator$SharedEntityManagerInvocationHandler - Creating new EntityManager for shared EntityManager invocation
2026-01-25 11:09:05.713 [main] DEBUG o.s.o.j.SharedEntityManagerCreator$SharedEntityManagerInvocationHandler - Creating new EntityManager for shared EntityManager invocation
2026-01-25 11:09:05.715 [main] DEBUG o.s.o.j.SharedEntityManagerCreator$SharedEntityManagerInvocationHandler - Creating new EntityManager for shared EntityManager invocation
2026-01-25 11:09:05.715 [main] DEBUG o.s.o.j.SharedEntityManagerCreator$SharedEntityManagerInvocationHandler - Creating new EntityManager for shared EntityManager invocation
2026-01-25 11:09:05.716 [main] DEBUG o.s.o.j.SharedEntityManagerCreator$SharedEntityManagerInvocationHandler - Creating new EntityManager for shared EntityManager invocation
2026-01-25 11:09:05.717 [main] DEBUG o.s.o.j.SharedEntityManagerCreator$SharedEntityManagerInvocationHandler - Creating new EntityManager for shared EntityManager invocation
2026-01-25 11:09:05.717 [main] DEBUG o.s.o.j.SharedEntityManagerCreator$SharedEntityManagerInvocationHandler - Creating new EntityManager for shared EntityManager invocation
2026-01-25 11:09:05.722 [main] DEBUG o.s.o.j.SharedEntityManagerCreator$SharedEntityManagerInvocationHandler - Creating new EntityManager for shared EntityManager invocation
2026-01-25 11:09:05.725 [main] DEBUG o.s.o.j.SharedEntityManagerCreator$SharedEntityManagerInvocationHandler - Creating new EntityManager for shared EntityManager invocation
2026-01-25 11:09:05.731 [main] DEBUG o.s.o.j.SharedEntityManagerCreator$SharedEntityManagerInvocationHandler - Creating new EntityManager for shared EntityManager invocation
2026-01-25 11:09:05.759 [main] DEBUG o.s.o.j.SharedEntityManagerCreator$SharedEntityManagerInvocationHandler - Creating new EntityManager for shared EntityManager invocation
2026-01-25 11:09:05.763 [main] DEBUG o.s.o.j.SharedEntityManagerCreator$SharedEntityManagerInvocationHandler - Creating new EntityManager for shared EntityManager invocation
2026-01-25 11:09:05.776 [main] DEBUG o.s.o.j.SharedEntityManagerCreator$SharedEntityManagerInvocationHandler - Creating new EntityManager for shared EntityManager invocation
2026-01-25 11:09:05.786 [main] DEBUG o.s.o.j.SharedEntityManagerCreator$SharedEntityManagerInvocationHandler - Creating new EntityManager for shared EntityManager invocation
2026-01-25 11:09:05.788 [main] DEBUG o.s.o.j.SharedEntityManagerCreator$SharedEntityManagerInvocationHandler - Creating new EntityManager for shared EntityManager invocation
2026-01-25 11:09:05.799 [main] DEBUG o.s.o.j.SharedEntityManagerCreator$SharedEntityManagerInvocationHandler - Creating new EntityManager for shared EntityManager invocation
2026-01-25 11:09:05.800 [main] DEBUG o.s.o.j.SharedEntityManagerCreator$SharedEntityManagerInvocationHandler - Creating new EntityManager for shared EntityManager invocation
2026-01-25 11:09:05.801 [main] DEBUG o.s.o.j.SharedEntityManagerCreator$SharedEntityManagerInvocationHandler - Creating new EntityManager for shared EntityManager invocation
2026-01-25 11:09:05.801 [main] DEBUG o.s.o.j.SharedEntityManagerCreator$SharedEntityManagerInvocationHandler - Creating new EntityManager for shared EntityManager invocation
2026-01-25 11:09:05.812 [main] WARN  com.oxygen.capsule.util.WxPayUtil - ⚠️  微信支付已启用 MOCK 模式，将使用模拟数据，不会调用真实微信支付接口
2026-01-25 11:09:05.812 [main] WARN  com.oxygen.capsule.util.WxPayUtil - ⚠️  此模式仅用于开发测试，生产环境请设置为 false
2026-01-25 11:09:05.824 [main] DEBUG o.s.o.j.SharedEntityManagerCreator$SharedEntityManagerInvocationHandler - Creating new EntityManager for shared EntityManager invocation
2026-01-25 11:09:05.829 [main] DEBUG o.s.o.j.SharedEntityManagerCreator$SharedEntityManagerInvocationHandler - Creating new EntityManager for shared EntityManager invocation
2026-01-25 11:09:05.842 [main] DEBUG o.s.o.j.SharedEntityManagerCreator$SharedEntityManagerInvocationHandler - Creating new EntityManager for shared EntityManager invocation
2026-01-25 11:09:05.843 [main] DEBUG o.s.o.j.SharedEntityManagerCreator$SharedEntityManagerInvocationHandler - Creating new EntityManager for shared EntityManager invocation
2026-01-25 11:09:05.862 [main] DEBUG o.s.o.j.SharedEntityManagerCreator$SharedEntityManagerInvocationHandler - Creating new EntityManager for shared EntityManager invocation
2026-01-25 11:09:05.867 [main] DEBUG o.s.o.j.SharedEntityManagerCreator$SharedEntityManagerInvocationHandler - Creating new EntityManager for shared EntityManager invocation
2026-01-25 11:09:05.907 [main] DEBUG o.s.o.j.SharedEntityManagerCreator$SharedEntityManagerInvocationHandler - Creating new EntityManager for shared EntityManager invocation
2026-01-25 11:09:05.908 [main] DEBUG o.s.o.j.SharedEntityManagerCreator$SharedEntityManagerInvocationHandler - Creating new EntityManager for shared EntityManager invocation
2026-01-25 11:09:05.909 [main] DEBUG o.s.o.j.SharedEntityManagerCreator$SharedEntityManagerInvocationHandler - Creating new EntityManager for shared EntityManager invocation
2026-01-25 11:09:05.910 [main] DEBUG o.s.o.j.SharedEntityManagerCreator$SharedEntityManagerInvocationHandler - Creating new EntityManager for shared EntityManager invocation
2026-01-25 11:09:05.910 [main] DEBUG o.s.o.j.SharedEntityManagerCreator$SharedEntityManagerInvocationHandler - Creating new EntityManager for shared EntityManager invocation
2026-01-25 11:09:05.911 [main] DEBUG o.s.o.j.SharedEntityManagerCreator$SharedEntityManagerInvocationHandler - Creating new EntityManager for shared EntityManager invocation
2026-01-25 11:09:05.994 [main] WARN  o.s.b.a.o.j.JpaBaseConfiguration$JpaWebConfiguration - spring.jpa.open-in-view is enabled by default. Therefore, database queries may be performed during view rendering. Explicitly configure spring.jpa.open-in-view to disable this warning
2026-01-25 11:09:06.075 [main] DEBUG o.s.w.s.m.m.a.RequestMappingHandlerMapping - 37 mappings in 'requestMappingHandlerMapping'
2026-01-25 11:09:06.119 [main] DEBUG o.s.w.s.h.SimpleUrlHandlerMapping - Patterns [/webjars/**, /**] in 'resourceHandlerMapping'
2026-01-25 11:09:06.143 [main] DEBUG o.s.w.s.m.m.a.RequestMappingHandlerAdapter - ControllerAdvice beans: 0 @ModelAttribute, 0 @InitBinder, 1 RequestBodyAdvice, 1 ResponseBodyAdvice
2026-01-25 11:09:06.165 [main] DEBUG o.s.w.s.m.m.a.ExceptionHandlerExceptionResolver - ControllerAdvice beans: 0 @ExceptionHandler, 1 ResponseBodyAdvice
2026-01-25 11:09:06.682 [main] INFO  o.s.b.w.e.tomcat.TomcatWebServer - Tomcat started on port 8080 (http) with context path ''
2026-01-25 11:09:06.692 [main] INFO  c.o.capsule.OxygenCapsuleApplication - Started OxygenCapsuleApplication in 6.453 seconds (process running for 6.982)
2026-01-25 11:09:06.726 [main] DEBUG o.s.o.j.SharedEntityManagerCreator$SharedEntityManagerInvocationHandler - Creating new EntityManager for shared EntityManager invocation
2026-01-25 11:09:06.824 [main] DEBUG o.s.o.j.SharedEntityManagerCreator$SharedEntityManagerInvocationHandler - Creating new EntityManager for shared EntityManager invocation
2026-01-25 11:09:06.826 [main] DEBUG o.s.o.j.SharedEntityManagerCreator$SharedEntityManagerInvocationHandler - Creating new EntityManager for shared EntityManager invocation
2026-01-25 11:09:06.828 [main] DEBUG o.s.o.j.SharedEntityManagerCreator$SharedEntityManagerInvocationHandler - Creating new EntityManager for shared EntityManager invocation
2026-01-25 11:09:06.830 [main] DEBUG o.s.o.j.SharedEntityManagerCreator$SharedEntityManagerInvocationHandler - Creating new EntityManager for shared EntityManager invocation
2026-01-25 11:09:06.831 [main] DEBUG o.s.o.j.SharedEntityManagerCreator$SharedEntityManagerInvocationHandler - Creating new EntityManager for shared EntityManager invocation
2026-01-25 11:09:06.833 [main] DEBUG o.s.o.j.SharedEntityManagerCreator$SharedEntityManagerInvocationHandler - Creating new EntityManager for shared EntityManager invocation
2026-01-25 11:09:06.834 [main] DEBUG o.s.o.j.SharedEntityManagerCreator$SharedEntityManagerInvocationHandler - Creating new EntityManager for shared EntityManager invocation
2026-01-25 11:09:06.835 [main] DEBUG o.s.o.j.SharedEntityManagerCreator$SharedEntityManagerInvocationHandler - Creating new EntityManager for shared EntityManager invocation
2026-01-25 11:09:06.836 [main] DEBUG o.s.o.j.SharedEntityManagerCreator$SharedEntityManagerInvocationHandler - Creating new EntityManager for shared EntityManager invocation
2026-01-25 11:10:00.058 [scheduling-1] DEBUG o.s.o.j.SharedEntityManagerCreator$SharedEntityManagerInvocationHandler - Creating new EntityManager for shared EntityManager invocation
2026-01-25 11:11:49.005 [http-nio-8080-exec-1] INFO  o.a.c.c.C.[Tomcat].[localhost].[/] - Initializing Spring DispatcherServlet 'dispatcherServlet'
2026-01-25 11:11:49.007 [http-nio-8080-exec-1] INFO  o.s.web.servlet.DispatcherServlet - Initializing Servlet 'dispatcherServlet'
2026-01-25 11:11:49.007 [http-nio-8080-exec-1] DEBUG o.s.web.servlet.DispatcherServlet - Detected StandardServletMultipartResolver
2026-01-25 11:11:49.007 [http-nio-8080-exec-1] DEBUG o.s.web.servlet.DispatcherServlet - Detected AcceptHeaderLocaleResolver
2026-01-25 11:11:49.007 [http-nio-8080-exec-1] DEBUG o.s.web.servlet.DispatcherServlet - Detected FixedThemeResolver
2026-01-25 11:11:49.010 [http-nio-8080-exec-1] DEBUG o.s.web.servlet.DispatcherServlet - Detected org.springframework.web.servlet.view.DefaultRequestToViewNameTranslator@614d01b
2026-01-25 11:11:49.010 [http-nio-8080-exec-1] DEBUG o.s.web.servlet.DispatcherServlet - Detected org.springframework.web.servlet.support.SessionFlashMapManager@3390621a
2026-01-25 11:11:49.012 [http-nio-8080-exec-1] DEBUG o.s.web.servlet.DispatcherServlet - enableLoggingRequestDetails='false': request parameters and headers will be masked to prevent unsafe logging of potentially sensitive data
2026-01-25 11:11:49.012 [http-nio-8080-exec-1] INFO  o.s.web.servlet.DispatcherServlet - Completed initialization in 5 ms
2026-01-25 11:11:49.020 [http-nio-8080-exec-1] DEBUG o.s.web.servlet.DispatcherServlet - GET "/api/packages/all", parameters={}
2026-01-25 11:11:49.024 [http-nio-8080-exec-1] DEBUG o.s.w.s.m.m.a.RequestMappingHandlerMapping - Mapped to com.oxygen.capsule.controller.MemberPackageController#getAllPackages()
2026-01-25 11:11:49.026 [http-nio-8080-exec-1] DEBUG o.s.o.j.s.OpenEntityManagerInViewInterceptor - Opening JPA EntityManager in OpenEntityManagerInViewInterceptor
2026-01-25 11:11:49.071 [http-nio-8080-exec-1] DEBUG o.s.w.s.m.m.a.RequestResponseBodyMethodProcessor - Using 'application/json', given [*/*] and supported [application/json, application/*+json]
2026-01-25 11:11:49.081 [http-nio-8080-exec-1] DEBUG o.s.w.s.m.m.a.RequestResponseBodyMethodProcessor - Writing [Result(code=200, message=success, data=[MemberPackage(id=1, code=MONTHLY, name=月卡, price=3980.0, peo (truncated)...]
2026-01-25 11:11:49.096 [http-nio-8080-exec-1] DEBUG o.s.o.j.s.OpenEntityManagerInViewInterceptor - Closing JPA EntityManager in OpenEntityManagerInViewInterceptor
2026-01-25 11:11:49.096 [http-nio-8080-exec-1] DEBUG o.s.web.servlet.DispatcherServlet - Completed 200 OK
2026-01-25 11:11:54.807 [http-nio-8080-exec-2] DEBUG o.s.web.servlet.DispatcherServlet - GET "/api/user/info", parameters={}
2026-01-25 11:11:54.808 [http-nio-8080-exec-2] DEBUG o.s.w.s.m.m.a.RequestMappingHandlerMapping - Mapped to com.oxygen.capsule.controller.UserController#getUserInfo(String)
2026-01-25 11:11:54.808 [http-nio-8080-exec-2] DEBUG o.s.o.j.s.OpenEntityManagerInViewInterceptor - Opening JPA EntityManager in OpenEntityManagerInViewInterceptor
2026-01-25 11:11:54.809 [http-nio-8080-exec-3] DEBUG o.s.web.servlet.DispatcherServlet - GET "/api/payment/orders", parameters={}
2026-01-25 11:11:54.809 [http-nio-8080-exec-3] DEBUG o.s.w.s.m.m.a.RequestMappingHandlerMapping - Mapped to com.oxygen.capsule.controller.PaymentController#getUserPaymentOrders(String)
2026-01-25 11:11:54.809 [http-nio-8080-exec-3] DEBUG o.s.o.j.s.OpenEntityManagerInViewInterceptor - Opening JPA EntityManager in OpenEntityManagerInViewInterceptor
2026-01-25 11:11:54.812 [http-nio-8080-exec-4] DEBUG o.s.web.servlet.DispatcherServlet - GET "/api/booking/orders", parameters={}
2026-01-25 11:11:54.812 [http-nio-8080-exec-4] DEBUG o.s.w.s.m.m.a.RequestMappingHandlerMapping - Mapped to com.oxygen.capsule.controller.BookingController#getUserOrders(String)
2026-01-25 11:11:54.812 [http-nio-8080-exec-4] DEBUG o.s.o.j.s.OpenEntityManagerInViewInterceptor - Opening JPA EntityManager in OpenEntityManagerInViewInterceptor
2026-01-25 11:11:54.867 [http-nio-8080-exec-4] DEBUG o.s.orm.jpa.JpaTransactionManager - Found thread-bound EntityManager [SessionImpl(709960254<open>)] for JPA transaction
2026-01-25 11:11:54.867 [http-nio-8080-exec-2] DEBUG o.s.orm.jpa.JpaTransactionManager - Found thread-bound EntityManager [SessionImpl(1225743877<open>)] for JPA transaction
2026-01-25 11:11:54.867 [http-nio-8080-exec-4] DEBUG o.s.orm.jpa.JpaTransactionManager - Creating new transaction with name [org.springframework.data.jpa.repository.support.SimpleJpaRepository.findById]: PROPAGATION_REQUIRED,ISOLATION_DEFAULT,readOnly
2026-01-25 11:11:54.867 [http-nio-8080-exec-2] DEBUG o.s.orm.jpa.JpaTransactionManager - Creating new transaction with name [org.springframework.data.jpa.repository.support.SimpleJpaRepository.findById]: PROPAGATION_REQUIRED,ISOLATION_DEFAULT,readOnly
2026-01-25 11:11:54.870 [http-nio-8080-exec-3] DEBUG o.s.w.s.m.m.a.RequestResponseBodyMethodProcessor - Using 'application/json', given [*/*] and supported [application/json, application/*+json]
2026-01-25 11:11:54.870 [http-nio-8080-exec-3] DEBUG o.s.w.s.m.m.a.RequestResponseBodyMethodProcessor - Writing [Result(code=200, message=success, data=[])]
2026-01-25 11:11:54.871 [http-nio-8080-exec-3] DEBUG o.s.o.j.s.OpenEntityManagerInViewInterceptor - Closing JPA EntityManager in OpenEntityManagerInViewInterceptor
2026-01-25 11:11:54.871 [http-nio-8080-exec-3] DEBUG o.s.web.servlet.DispatcherServlet - Completed 200 OK
2026-01-25 11:11:54.873 [http-nio-8080-exec-4] DEBUG o.s.orm.jpa.JpaTransactionManager - Exposing JPA transaction as JDBC [org.springframework.orm.jpa.vendor.HibernateJpaDialect$HibernateConnectionHandle@1f20210e]
2026-01-25 11:11:54.873 [http-nio-8080-exec-2] DEBUG o.s.orm.jpa.JpaTransactionManager - Exposing JPA transaction as JDBC [org.springframework.orm.jpa.vendor.HibernateJpaDialect$HibernateConnectionHandle@6abba4d6]
2026-01-25 11:11:54.873 [http-nio-8080-exec-5] DEBUG o.s.web.servlet.DispatcherServlet - GET "/api/payment/orders", parameters={}
2026-01-25 11:11:54.873 [http-nio-8080-exec-5] DEBUG o.s.w.s.m.m.a.RequestMappingHandlerMapping - Mapped to com.oxygen.capsule.controller.PaymentController#getUserPaymentOrders(String)
2026-01-25 11:11:54.873 [http-nio-8080-exec-5] DEBUG o.s.o.j.s.OpenEntityManagerInViewInterceptor - Opening JPA EntityManager in OpenEntityManagerInViewInterceptor
2026-01-25 11:11:54.877 [http-nio-8080-exec-5] DEBUG o.s.w.s.m.m.a.RequestResponseBodyMethodProcessor - Using 'application/json', given [*/*] and supported [application/json, application/*+json]
2026-01-25 11:11:54.877 [http-nio-8080-exec-5] DEBUG o.s.w.s.m.m.a.RequestResponseBodyMethodProcessor - Writing [Result(code=200, message=success, data=[])]
2026-01-25 11:11:54.877 [http-nio-8080-exec-5] DEBUG o.s.o.j.s.OpenEntityManagerInViewInterceptor - Closing JPA EntityManager in OpenEntityManagerInViewInterceptor
2026-01-25 11:11:54.877 [http-nio-8080-exec-5] DEBUG o.s.web.servlet.DispatcherServlet - Completed 200 OK
2026-01-25 11:11:54.881 [http-nio-8080-exec-4] DEBUG o.s.orm.jpa.JpaTransactionManager - Initiating transaction commit
2026-01-25 11:11:54.881 [http-nio-8080-exec-2] DEBUG o.s.orm.jpa.JpaTransactionManager - Initiating transaction commit
2026-01-25 11:11:54.881 [http-nio-8080-exec-4] DEBUG o.s.orm.jpa.JpaTransactionManager - Committing JPA transaction on EntityManager [SessionImpl(709960254<open>)]
2026-01-25 11:11:54.881 [http-nio-8080-exec-2] DEBUG o.s.orm.jpa.JpaTransactionManager - Committing JPA transaction on EntityManager [SessionImpl(1225743877<open>)]
2026-01-25 11:11:54.883 [http-nio-8080-exec-2] DEBUG o.s.orm.jpa.JpaTransactionManager - Not closing pre-bound JPA EntityManager after transaction
2026-01-25 11:11:54.883 [http-nio-8080-exec-4] DEBUG o.s.orm.jpa.JpaTransactionManager - Not closing pre-bound JPA EntityManager after transaction
2026-01-25 11:11:54.885 [http-nio-8080-exec-2] DEBUG o.s.w.s.m.m.a.RequestResponseBodyMethodProcessor - Using 'application/json', given [*/*] and supported [application/json, application/*+json]
2026-01-25 11:11:54.885 [http-nio-8080-exec-4] DEBUG o.s.w.s.m.m.a.RequestResponseBodyMethodProcessor - Using 'application/json', given [*/*] and supported [application/json, application/*+json]
2026-01-25 11:11:54.885 [http-nio-8080-exec-2] DEBUG o.s.w.s.m.m.a.RequestResponseBodyMethodProcessor - Writing [Result(code=200, message=success, data={totalVisits=0, remainingVisits=200, memberExpireTime=2038-03 (truncated)...]
2026-01-25 11:11:54.886 [http-nio-8080-exec-4] DEBUG o.s.w.s.m.m.a.RequestResponseBodyMethodProcessor - Writing [Result(code=200, message=success, data=[])]
2026-01-25 11:11:54.886 [http-nio-8080-exec-4] DEBUG o.s.o.j.s.OpenEntityManagerInViewInterceptor - Closing JPA EntityManager in OpenEntityManagerInViewInterceptor
2026-01-25 11:11:54.886 [http-nio-8080-exec-4] DEBUG o.s.web.servlet.DispatcherServlet - Completed 200 OK
2026-01-25 11:11:54.888 [http-nio-8080-exec-2] DEBUG o.s.o.j.s.OpenEntityManagerInViewInterceptor - Closing JPA EntityManager in OpenEntityManagerInViewInterceptor
2026-01-25 11:11:54.889 [http-nio-8080-exec-2] DEBUG o.s.web.servlet.DispatcherServlet - Completed 200 OK
2026-01-25 11:11:54.889 [http-nio-8080-exec-6] DEBUG o.s.web.servlet.DispatcherServlet - GET "/api/booking/orders", parameters={}
2026-01-25 11:11:54.889 [http-nio-8080-exec-6] DEBUG o.s.w.s.m.m.a.RequestMappingHandlerMapping - Mapped to com.oxygen.capsule.controller.BookingController#getUserOrders(String)
2026-01-25 11:11:54.889 [http-nio-8080-exec-6] DEBUG o.s.o.j.s.OpenEntityManagerInViewInterceptor - Opening JPA EntityManager in OpenEntityManagerInViewInterceptor
2026-01-25 11:11:54.891 [http-nio-8080-exec-6] DEBUG o.s.orm.jpa.JpaTransactionManager - Found thread-bound EntityManager [SessionImpl(1424842377<open>)] for JPA transaction
2026-01-25 11:11:54.892 [http-nio-8080-exec-6] DEBUG o.s.orm.jpa.JpaTransactionManager - Creating new transaction with name [org.springframework.data.jpa.repository.support.SimpleJpaRepository.findById]: PROPAGATION_REQUIRED,ISOLATION_DEFAULT,readOnly
2026-01-25 11:11:54.892 [http-nio-8080-exec-6] DEBUG o.s.orm.jpa.JpaTransactionManager - Exposing JPA transaction as JDBC [org.springframework.orm.jpa.vendor.HibernateJpaDialect$HibernateConnectionHandle@60bdad50]
2026-01-25 11:11:54.893 [http-nio-8080-exec-7] DEBUG o.s.web.servlet.DispatcherServlet - GET "/api/user/info", parameters={}
2026-01-25 11:11:54.894 [http-nio-8080-exec-7] DEBUG o.s.w.s.m.m.a.RequestMappingHandlerMapping - Mapped to com.oxygen.capsule.controller.UserController#getUserInfo(String)
2026-01-25 11:11:54.894 [http-nio-8080-exec-7] DEBUG o.s.o.j.s.OpenEntityManagerInViewInterceptor - Opening JPA EntityManager in OpenEntityManagerInViewInterceptor
2026-01-25 11:11:54.894 [http-nio-8080-exec-6] DEBUG o.s.orm.jpa.JpaTransactionManager - Initiating transaction commit
2026-01-25 11:11:54.894 [http-nio-8080-exec-6] DEBUG o.s.orm.jpa.JpaTransactionManager - Committing JPA transaction on EntityManager [SessionImpl(1424842377<open>)]
2026-01-25 11:11:54.895 [http-nio-8080-exec-7] DEBUG o.s.orm.jpa.JpaTransactionManager - Found thread-bound EntityManager [SessionImpl(1372814573<open>)] for JPA transaction
2026-01-25 11:11:54.895 [http-nio-8080-exec-6] DEBUG o.s.orm.jpa.JpaTransactionManager - Not closing pre-bound JPA EntityManager after transaction
2026-01-25 11:11:54.895 [http-nio-8080-exec-7] DEBUG o.s.orm.jpa.JpaTransactionManager - Creating new transaction with name [org.springframework.data.jpa.repository.support.SimpleJpaRepository.findById]: PROPAGATION_REQUIRED,ISOLATION_DEFAULT,readOnly
2026-01-25 11:11:54.895 [http-nio-8080-exec-7] DEBUG o.s.orm.jpa.JpaTransactionManager - Exposing JPA transaction as JDBC [org.springframework.orm.jpa.vendor.HibernateJpaDialect$HibernateConnectionHandle@2ce47005]
2026-01-25 11:11:54.896 [http-nio-8080-exec-7] DEBUG o.s.orm.jpa.JpaTransactionManager - Initiating transaction commit
2026-01-25 11:11:54.897 [http-nio-8080-exec-7] DEBUG o.s.orm.jpa.JpaTransactionManager - Committing JPA transaction on EntityManager [SessionImpl(1372814573<open>)]
2026-01-25 11:11:54.897 [http-nio-8080-exec-6] DEBUG o.s.w.s.m.m.a.RequestResponseBodyMethodProcessor - Using 'application/json', given [*/*] and supported [application/json, application/*+json]
2026-01-25 11:11:54.897 [http-nio-8080-exec-6] DEBUG o.s.w.s.m.m.a.RequestResponseBodyMethodProcessor - Writing [Result(code=200, message=success, data=[])]
2026-01-25 11:11:54.897 [http-nio-8080-exec-7] DEBUG o.s.orm.jpa.JpaTransactionManager - Not closing pre-bound JPA EntityManager after transaction
2026-01-25 11:11:54.897 [http-nio-8080-exec-6] DEBUG o.s.o.j.s.OpenEntityManagerInViewInterceptor - Closing JPA EntityManager in OpenEntityManagerInViewInterceptor
2026-01-25 11:11:54.897 [http-nio-8080-exec-6] DEBUG o.s.web.servlet.DispatcherServlet - Completed 200 OK
2026-01-25 11:11:54.900 [http-nio-8080-exec-7] DEBUG o.s.w.s.m.m.a.RequestResponseBodyMethodProcessor - Using 'application/json', given [*/*] and supported [application/json, application/*+json]
2026-01-25 11:11:54.900 [http-nio-8080-exec-7] DEBUG o.s.w.s.m.m.a.RequestResponseBodyMethodProcessor - Writing [Result(code=200, message=success, data={totalVisits=0, remainingVisits=200, memberExpireTime=2038-03 (truncated)...]
2026-01-25 11:11:54.901 [http-nio-8080-exec-7] DEBUG o.s.o.j.s.OpenEntityManagerInViewInterceptor - Closing JPA EntityManager in OpenEntityManagerInViewInterceptor
2026-01-25 11:11:54.901 [http-nio-8080-exec-7] DEBUG o.s.web.servlet.DispatcherServlet - Completed 200 OK
2026-01-25 11:11:55.737 [http-nio-8080-exec-8] DEBUG o.s.web.servlet.DispatcherServlet - GET "/api/packages/category?category=%E4%B8%AA%E4%BA%BA%E7%95%85%E4%BA%AB", parameters={masked}
2026-01-25 11:11:55.738 [http-nio-8080-exec-8] DEBUG o.s.w.s.m.m.a.RequestMappingHandlerMapping - Mapped to com.oxygen.capsule.controller.MemberPackageController#getPackagesByCategoryParam(String)
2026-01-25 11:11:55.738 [http-nio-8080-exec-8] DEBUG o.s.o.j.s.OpenEntityManagerInViewInterceptor - Opening JPA EntityManager in OpenEntityManagerInViewInterceptor
2026-01-25 11:11:55.743 [http-nio-8080-exec-8] DEBUG o.s.w.s.m.m.a.RequestResponseBodyMethodProcessor - Using 'application/json', given [*/*] and supported [application/json, application/*+json]
2026-01-25 11:11:55.743 [http-nio-8080-exec-8] DEBUG o.s.w.s.m.m.a.RequestResponseBodyMethodProcessor - Writing [Result(code=200, message=success, data=[MemberPackage(id=1, code=MONTHLY, name=月卡, price=3980.0, peo (truncated)...]
2026-01-25 11:11:55.744 [http-nio-8080-exec-8] DEBUG o.s.o.j.s.OpenEntityManagerInViewInterceptor - Closing JPA EntityManager in OpenEntityManagerInViewInterceptor
2026-01-25 11:11:55.744 [http-nio-8080-exec-8] DEBUG o.s.web.servlet.DispatcherServlet - Completed 200 OK
2026-01-25 11:11:55.746 [http-nio-8080-exec-9] DEBUG o.s.web.servlet.DispatcherServlet - GET "/api/packages/category?category=%E4%B8%AA%E4%BA%BA%E7%95%85%E4%BA%AB", parameters={masked}
2026-01-25 11:11:55.746 [http-nio-8080-exec-9] DEBUG o.s.w.s.m.m.a.RequestMappingHandlerMapping - Mapped to com.oxygen.capsule.controller.MemberPackageController#getPackagesByCategoryParam(String)
2026-01-25 11:11:55.746 [http-nio-8080-exec-9] DEBUG o.s.o.j.s.OpenEntityManagerInViewInterceptor - Opening JPA EntityManager in OpenEntityManagerInViewInterceptor
2026-01-25 11:11:55.751 [http-nio-8080-exec-9] DEBUG o.s.w.s.m.m.a.RequestResponseBodyMethodProcessor - Using 'application/json', given [*/*] and supported [application/json, application/*+json]
2026-01-25 11:11:55.751 [http-nio-8080-exec-9] DEBUG o.s.w.s.m.m.a.RequestResponseBodyMethodProcessor - Writing [Result(code=200, message=success, data=[MemberPackage(id=1, code=MONTHLY, name=月卡, price=3980.0, peo (truncated)...]
2026-01-25 11:11:55.754 [http-nio-8080-exec-9] DEBUG o.s.o.j.s.OpenEntityManagerInViewInterceptor - Closing JPA EntityManager in OpenEntityManagerInViewInterceptor
2026-01-25 11:11:55.755 [http-nio-8080-exec-9] DEBUG o.s.web.servlet.DispatcherServlet - Completed 200 OK
2026-01-25 11:11:57.141 [http-nio-8080-exec-10] DEBUG o.s.web.servlet.DispatcherServlet - GET "/api/packages/category?category=%E5%AE%B6%E5%BA%AD%2F%E6%AC%A1%E5%8D%A1", parameters={masked}
2026-01-25 11:11:57.141 [http-nio-8080-exec-10] DEBUG o.s.w.s.m.m.a.RequestMappingHandlerMapping - Mapped to com.oxygen.capsule.controller.MemberPackageController#getPackagesByCategoryParam(String)
2026-01-25 11:11:57.141 [http-nio-8080-exec-10] DEBUG o.s.o.j.s.OpenEntityManagerInViewInterceptor - Opening JPA EntityManager in OpenEntityManagerInViewInterceptor
2026-01-25 11:11:57.145 [http-nio-8080-exec-10] DEBUG o.s.w.s.m.m.a.RequestResponseBodyMethodProcessor - Using 'application/json', given [*/*] and supported [application/json, application/*+json]
2026-01-25 11:11:57.145 [http-nio-8080-exec-10] DEBUG o.s.w.s.m.m.a.RequestResponseBodyMethodProcessor - Writing [Result(code=200, message=success, data=[MemberPackage(id=9, code=FAMILY_100, name=家庭100次卡, price=198 (truncated)...]
2026-01-25 11:11:57.145 [http-nio-8080-exec-10] DEBUG o.s.o.j.s.OpenEntityManagerInViewInterceptor - Closing JPA EntityManager in OpenEntityManagerInViewInterceptor
2026-01-25 11:11:57.146 [http-nio-8080-exec-10] DEBUG o.s.web.servlet.DispatcherServlet - Completed 200 OK
2026-01-25 11:11:58.899 [http-nio-8080-exec-1] DEBUG o.s.web.servlet.DispatcherServlet - GET "/api/payment/orders", parameters={}
2026-01-25 11:11:58.907 [http-nio-8080-exec-1] DEBUG o.s.w.s.m.m.a.RequestMappingHandlerMapping - Mapped to com.oxygen.capsule.controller.PaymentController#getUserPaymentOrders(String)
2026-01-25 11:11:58.908 [http-nio-8080-exec-1] DEBUG o.s.o.j.s.OpenEntityManagerInViewInterceptor - Opening JPA EntityManager in OpenEntityManagerInViewInterceptor
2026-01-25 11:11:58.930 [http-nio-8080-exec-1] DEBUG o.s.w.s.m.m.a.RequestResponseBodyMethodProcessor - Using 'application/json', given [*/*] and supported [application/json, application/*+json]
2026-01-25 11:11:58.930 [http-nio-8080-exec-1] DEBUG o.s.w.s.m.m.a.RequestResponseBodyMethodProcessor - Writing [Result(code=200, message=success, data=[])]
2026-01-25 11:11:58.936 [http-nio-8080-exec-1] DEBUG o.s.o.j.s.OpenEntityManagerInViewInterceptor - Closing JPA EntityManager in OpenEntityManagerInViewInterceptor
2026-01-25 11:11:58.936 [http-nio-8080-exec-1] DEBUG o.s.web.servlet.DispatcherServlet - Completed 200 OK
2026-01-25 11:11:58.975 [http-nio-8080-exec-3] DEBUG o.s.web.servlet.DispatcherServlet - GET "/api/staff/active-list", parameters={}
2026-01-25 11:11:58.975 [http-nio-8080-exec-3] DEBUG o.s.w.s.m.m.a.RequestMappingHandlerMapping - Mapped to com.oxygen.capsule.controller.StaffController#getActiveStaffs()
2026-01-25 11:11:58.976 [http-nio-8080-exec-3] DEBUG o.s.o.j.s.OpenEntityManagerInViewInterceptor - Opening JPA EntityManager in OpenEntityManagerInViewInterceptor
2026-01-25 11:11:58.995 [http-nio-8080-exec-3] DEBUG o.s.w.s.m.m.a.RequestResponseBodyMethodProcessor - Using 'application/json', given [*/*] and supported [application/json, application/*+json]
2026-01-25 11:11:58.996 [http-nio-8080-exec-3] DEBUG o.s.w.s.m.m.a.RequestResponseBodyMethodProcessor - Writing [Result(code=200, message=success, data=[{phone=18680815221, name=员工, id=2}])]
2026-01-25 11:11:58.998 [http-nio-8080-exec-3] DEBUG o.s.o.j.s.OpenEntityManagerInViewInterceptor - Closing JPA EntityManager in OpenEntityManagerInViewInterceptor
2026-01-25 11:11:58.999 [http-nio-8080-exec-3] DEBUG o.s.web.servlet.DispatcherServlet - Completed 200 OK
2026-01-25 11:12:03.159 [http-nio-8080-exec-5] DEBUG o.s.web.servlet.DispatcherServlet - GET "/api/payment/orders", parameters={}
2026-01-25 11:12:03.160 [http-nio-8080-exec-5] DEBUG o.s.w.s.m.m.a.RequestMappingHandlerMapping - Mapped to com.oxygen.capsule.controller.PaymentController#getUserPaymentOrders(String)
2026-01-25 11:12:03.160 [http-nio-8080-exec-5] DEBUG o.s.o.j.s.OpenEntityManagerInViewInterceptor - Opening JPA EntityManager in OpenEntityManagerInViewInterceptor
2026-01-25 11:12:03.165 [http-nio-8080-exec-5] DEBUG o.s.w.s.m.m.a.RequestResponseBodyMethodProcessor - Using 'application/json', given [*/*] and supported [application/json, application/*+json]
2026-01-25 11:12:03.165 [http-nio-8080-exec-5] DEBUG o.s.w.s.m.m.a.RequestResponseBodyMethodProcessor - Writing [Result(code=200, message=success, data=[])]
2026-01-25 11:12:03.166 [http-nio-8080-exec-5] DEBUG o.s.o.j.s.OpenEntityManagerInViewInterceptor - Closing JPA EntityManager in OpenEntityManagerInViewInterceptor
2026-01-25 11:12:03.166 [http-nio-8080-exec-5] DEBUG o.s.web.servlet.DispatcherServlet - Completed 200 OK
2026-01-25 11:12:03.180 [http-nio-8080-exec-4] DEBUG o.s.web.servlet.DispatcherServlet - GET "/api/staff/active-list", parameters={}
2026-01-25 11:12:03.180 [http-nio-8080-exec-4] DEBUG o.s.w.s.m.m.a.RequestMappingHandlerMapping - Mapped to com.oxygen.capsule.controller.StaffController#getActiveStaffs()
2026-01-25 11:12:03.181 [http-nio-8080-exec-4] DEBUG o.s.o.j.s.OpenEntityManagerInViewInterceptor - Opening JPA EntityManager in OpenEntityManagerInViewInterceptor
2026-01-25 11:12:03.185 [http-nio-8080-exec-4] DEBUG o.s.w.s.m.m.a.RequestResponseBodyMethodProcessor - Using 'application/json', given [*/*] and supported [application/json, application/*+json]
2026-01-25 11:12:03.185 [http-nio-8080-exec-4] DEBUG o.s.w.s.m.m.a.RequestResponseBodyMethodProcessor - Writing [Result(code=200, message=success, data=[{phone=18680815221, name=员工, id=2}])]
2026-01-25 11:12:03.186 [http-nio-8080-exec-4] DEBUG o.s.o.j.s.OpenEntityManagerInViewInterceptor - Closing JPA EntityManager in OpenEntityManagerInViewInterceptor
2026-01-25 11:12:03.186 [http-nio-8080-exec-4] DEBUG o.s.web.servlet.DispatcherServlet - Completed 200 OK
2026-01-25 11:12:05.075 [http-nio-8080-exec-2] DEBUG o.s.web.servlet.DispatcherServlet - POST "/api/payment/create-package-order", parameters={}
2026-01-25 11:12:05.076 [http-nio-8080-exec-2] DEBUG o.s.w.s.m.m.a.RequestMappingHandlerMapping - Mapped to com.oxygen.capsule.controller.PaymentController#createPackageOrder(String, Map)
2026-01-25 11:12:05.076 [http-nio-8080-exec-2] DEBUG o.s.o.j.s.OpenEntityManagerInViewInterceptor - Opening JPA EntityManager in OpenEntityManagerInViewInterceptor
2026-01-25 11:12:05.089 [http-nio-8080-exec-2] DEBUG o.s.w.s.m.m.a.RequestResponseBodyMethodProcessor - Read "application/json;charset=UTF-8" to [{packageId=12, price=1, cardStartDate=2026-01-25, staffId=2, staffName=员工}]
2026-01-25 11:12:05.095 [http-nio-8080-exec-2] DEBUG o.s.orm.jpa.JpaTransactionManager - Found thread-bound EntityManager [SessionImpl(1324923245<open>)] for JPA transaction
2026-01-25 11:12:05.095 [http-nio-8080-exec-2] DEBUG o.s.orm.jpa.JpaTransactionManager - Creating new transaction with name [org.springframework.data.jpa.repository.support.SimpleJpaRepository.findById]: PROPAGATION_REQUIRED,ISOLATION_DEFAULT,readOnly
2026-01-25 11:12:05.096 [http-nio-8080-exec-2] DEBUG o.s.orm.jpa.JpaTransactionManager - Exposing JPA transaction as JDBC [org.springframework.orm.jpa.vendor.HibernateJpaDialect$HibernateConnectionHandle@31de464e]
2026-01-25 11:12:05.098 [http-nio-8080-exec-2] DEBUG o.s.orm.jpa.JpaTransactionManager - Initiating transaction commit
2026-01-25 11:12:05.098 [http-nio-8080-exec-2] DEBUG o.s.orm.jpa.JpaTransactionManager - Committing JPA transaction on EntityManager [SessionImpl(1324923245<open>)]
2026-01-25 11:12:05.099 [http-nio-8080-exec-2] DEBUG o.s.orm.jpa.JpaTransactionManager - Not closing pre-bound JPA EntityManager after transaction
2026-01-25 11:12:05.099 [http-nio-8080-exec-2] DEBUG o.s.orm.jpa.JpaTransactionManager - Found thread-bound EntityManager [SessionImpl(1324923245<open>)] for JPA transaction
2026-01-25 11:12:05.099 [http-nio-8080-exec-2] DEBUG o.s.orm.jpa.JpaTransactionManager - Creating new transaction with name [org.springframework.data.jpa.repository.support.SimpleJpaRepository.findById]: PROPAGATION_REQUIRED,ISOLATION_DEFAULT,readOnly
2026-01-25 11:12:05.099 [http-nio-8080-exec-2] DEBUG o.s.orm.jpa.JpaTransactionManager - Exposing JPA transaction as JDBC [org.springframework.orm.jpa.vendor.HibernateJpaDialect$HibernateConnectionHandle@6721793b]
2026-01-25 11:12:05.102 [http-nio-8080-exec-2] DEBUG o.s.orm.jpa.JpaTransactionManager - Initiating transaction commit
2026-01-25 11:12:05.102 [http-nio-8080-exec-2] DEBUG o.s.orm.jpa.JpaTransactionManager - Committing JPA transaction on EntityManager [SessionImpl(1324923245<open>)]
2026-01-25 11:12:05.103 [http-nio-8080-exec-2] DEBUG o.s.orm.jpa.JpaTransactionManager - Not closing pre-bound JPA EntityManager after transaction
2026-01-25 11:12:05.105 [http-nio-8080-exec-2] DEBUG o.s.orm.jpa.JpaTransactionManager - Found thread-bound EntityManager [SessionImpl(1324923245<open>)] for JPA transaction
2026-01-25 11:12:05.105 [http-nio-8080-exec-2] DEBUG o.s.orm.jpa.JpaTransactionManager - Creating new transaction with name [org.springframework.data.jpa.repository.support.SimpleJpaRepository.save]: PROPAGATION_REQUIRED,ISOLATION_DEFAULT
2026-01-25 11:12:05.106 [http-nio-8080-exec-2] DEBUG o.s.orm.jpa.JpaTransactionManager - Exposing JPA transaction as JDBC [org.springframework.orm.jpa.vendor.HibernateJpaDialect$HibernateConnectionHandle@58caf1cb]
2026-01-25 11:12:05.143 [http-nio-8080-exec-2] DEBUG o.s.orm.jpa.JpaTransactionManager - Initiating transaction commit
2026-01-25 11:12:05.143 [http-nio-8080-exec-2] DEBUG o.s.orm.jpa.JpaTransactionManager - Committing JPA transaction on EntityManager [SessionImpl(1324923245<open>)]
2026-01-25 11:12:05.151 [http-nio-8080-exec-2] DEBUG o.s.orm.jpa.JpaTransactionManager - Not closing pre-bound JPA EntityManager after transaction
2026-01-25 11:12:05.151 [http-nio-8080-exec-2] DEBUG o.s.w.s.m.m.a.RequestResponseBodyMethodProcessor - Using 'application/json', given [*/*] and supported [application/json, application/*+json]
2026-01-25 11:12:05.151 [http-nio-8080-exec-2] DEBUG o.s.w.s.m.m.a.RequestResponseBodyMethodProcessor - Writing [Result(code=200, message=订单创建成功, data={transactionType=NEW, cardEndDate=2027-01-25T00:00, orderNo=PA (truncated)...]
2026-01-25 11:12:05.152 [http-nio-8080-exec-2] DEBUG o.s.o.j.s.OpenEntityManagerInViewInterceptor - Closing JPA EntityManager in OpenEntityManagerInViewInterceptor
2026-01-25 11:12:05.152 [http-nio-8080-exec-2] DEBUG o.s.web.servlet.DispatcherServlet - Completed 200 OK
2026-01-25 11:12:05.164 [http-nio-8080-exec-6] DEBUG o.s.web.servlet.DispatcherServlet - POST "/api/payment/wechat-pay/24", parameters={}
2026-01-25 11:12:05.165 [http-nio-8080-exec-6] DEBUG o.s.w.s.m.m.a.RequestMappingHandlerMapping - Mapped to com.oxygen.capsule.controller.PaymentController#getWechatPayParams(String, Long)
2026-01-25 11:12:05.165 [http-nio-8080-exec-6] DEBUG o.s.o.j.s.OpenEntityManagerInViewInterceptor - Opening JPA EntityManager in OpenEntityManagerInViewInterceptor
2026-01-25 11:12:05.168 [http-nio-8080-exec-6] DEBUG o.s.orm.jpa.JpaTransactionManager - Found thread-bound EntityManager [SessionImpl(976795225<open>)] for JPA transaction
2026-01-25 11:12:05.168 [http-nio-8080-exec-6] DEBUG o.s.orm.jpa.JpaTransactionManager - Creating new transaction with name [org.springframework.data.jpa.repository.support.SimpleJpaRepository.findById]: PROPAGATION_REQUIRED,ISOLATION_DEFAULT,readOnly
2026-01-25 11:12:05.168 [http-nio-8080-exec-6] DEBUG o.s.orm.jpa.JpaTransactionManager - Exposing JPA transaction as JDBC [org.springframework.orm.jpa.vendor.HibernateJpaDialect$HibernateConnectionHandle@1ea39e80]
2026-01-25 11:12:05.170 [http-nio-8080-exec-6] DEBUG o.s.orm.jpa.JpaTransactionManager - Initiating transaction commit
2026-01-25 11:12:05.170 [http-nio-8080-exec-6] DEBUG o.s.orm.jpa.JpaTransactionManager - Committing JPA transaction on EntityManager [SessionImpl(976795225<open>)]
2026-01-25 11:12:05.170 [http-nio-8080-exec-6] DEBUG o.s.orm.jpa.JpaTransactionManager - Not closing pre-bound JPA EntityManager after transaction
2026-01-25 11:12:05.170 [http-nio-8080-exec-6] DEBUG o.s.orm.jpa.JpaTransactionManager - Found thread-bound EntityManager [SessionImpl(976795225<open>)] for JPA transaction
2026-01-25 11:12:05.170 [http-nio-8080-exec-6] DEBUG o.s.orm.jpa.JpaTransactionManager - Creating new transaction with name [org.springframework.data.jpa.repository.support.SimpleJpaRepository.findById]: PROPAGATION_REQUIRED,ISOLATION_DEFAULT,readOnly
2026-01-25 11:12:05.170 [http-nio-8080-exec-6] DEBUG o.s.orm.jpa.JpaTransactionManager - Exposing JPA transaction as JDBC [org.springframework.orm.jpa.vendor.HibernateJpaDialect$HibernateConnectionHandle@155528b6]
2026-01-25 11:12:05.171 [http-nio-8080-exec-6] DEBUG o.s.orm.jpa.JpaTransactionManager - Initiating transaction commit
2026-01-25 11:12:05.171 [http-nio-8080-exec-6] DEBUG o.s.orm.jpa.JpaTransactionManager - Committing JPA transaction on EntityManager [SessionImpl(976795225<open>)]
2026-01-25 11:12:05.172 [http-nio-8080-exec-6] DEBUG o.s.orm.jpa.JpaTransactionManager - Not closing pre-bound JPA EntityManager after transaction
2026-01-25 11:12:05.172 [http-nio-8080-exec-6] INFO  com.oxygen.capsule.util.WxPayUtil - 使用 MOCK 模式生成支付参数，订单号: PAY17693107251124717, 金额: 100分
2026-01-25 11:12:05.172 [http-nio-8080-exec-6] INFO  com.oxygen.capsule.util.WxPayUtil - 生成Mock支付参数，订单号: PAY17693107251124717, 金额: 100分
2026-01-25 11:12:05.172 [http-nio-8080-exec-6] WARN  com.oxygen.capsule.util.WxPayUtil - ⚠️  返回Mock支付参数，前端调用 uni.requestPayment 会失败，但可以测试支付流程
2026-01-25 11:12:05.172 [http-nio-8080-exec-6] WARN  com.oxygen.capsule.util.WxPayUtil - ⚠️  订单数据已保存到数据库，可以通过其他方式模拟支付成功
2026-01-25 11:12:05.172 [http-nio-8080-exec-6] DEBUG o.s.w.s.m.m.a.RequestResponseBodyMethodProcessor - Using 'application/json', given [*/*] and supported [application/json, application/*+json]
2026-01-25 11:12:05.172 [http-nio-8080-exec-6] DEBUG o.s.w.s.m.m.a.RequestResponseBodyMethodProcessor - Writing [Result(code=200, message=获取支付参数成功, data={timeStamp=1769310725, package=prepay_id=MOCK_PREPAY_ID_1769 (truncated)...]
2026-01-25 11:12:05.173 [http-nio-8080-exec-6] DEBUG o.s.o.j.s.OpenEntityManagerInViewInterceptor - Closing JPA EntityManager in OpenEntityManagerInViewInterceptor
2026-01-25 11:12:05.173 [http-nio-8080-exec-6] DEBUG o.s.web.servlet.DispatcherServlet - Completed 200 OK
2026-01-25 11:12:06.041 [http-nio-8080-exec-7] DEBUG o.s.web.servlet.DispatcherServlet - POST "/api/payment/mock-success/24", parameters={}
2026-01-25 11:12:06.042 [http-nio-8080-exec-7] DEBUG o.s.w.s.m.m.a.RequestMappingHandlerMapping - Mapped to com.oxygen.capsule.controller.PaymentController#mockPaymentSuccess(String, Long)
2026-01-25 11:12:06.042 [http-nio-8080-exec-7] DEBUG o.s.o.j.s.OpenEntityManagerInViewInterceptor - Opening JPA EntityManager in OpenEntityManagerInViewInterceptor
2026-01-25 11:12:06.045 [http-nio-8080-exec-7] DEBUG o.s.orm.jpa.JpaTransactionManager - Found thread-bound EntityManager [SessionImpl(556053622<open>)] for JPA transaction
2026-01-25 11:12:06.045 [http-nio-8080-exec-7] DEBUG o.s.orm.jpa.JpaTransactionManager - Creating new transaction with name [org.springframework.data.jpa.repository.support.SimpleJpaRepository.findById]: PROPAGATION_REQUIRED,ISOLATION_DEFAULT,readOnly
2026-01-25 11:12:06.046 [http-nio-8080-exec-7] DEBUG o.s.orm.jpa.JpaTransactionManager - Exposing JPA transaction as JDBC [org.springframework.orm.jpa.vendor.HibernateJpaDialect$HibernateConnectionHandle@68152744]
2026-01-25 11:12:06.048 [http-nio-8080-exec-7] DEBUG o.s.orm.jpa.JpaTransactionManager - Initiating transaction commit
2026-01-25 11:12:06.048 [http-nio-8080-exec-7] DEBUG o.s.orm.jpa.JpaTransactionManager - Committing JPA transaction on EntityManager [SessionImpl(556053622<open>)]
2026-01-25 11:12:06.049 [http-nio-8080-exec-7] DEBUG o.s.orm.jpa.JpaTransactionManager - Not closing pre-bound JPA EntityManager after transaction
2026-01-25 11:12:06.049 [http-nio-8080-exec-7] DEBUG o.s.orm.jpa.JpaTransactionManager - Found thread-bound EntityManager [SessionImpl(556053622<open>)] for JPA transaction
2026-01-25 11:12:06.049 [http-nio-8080-exec-7] DEBUG o.s.orm.jpa.JpaTransactionManager - Creating new transaction with name [org.springframework.data.jpa.repository.support.SimpleJpaRepository.findById]: PROPAGATION_REQUIRED,ISOLATION_DEFAULT,readOnly
2026-01-25 11:12:06.049 [http-nio-8080-exec-7] DEBUG o.s.orm.jpa.JpaTransactionManager - Exposing JPA transaction as JDBC [org.springframework.orm.jpa.vendor.HibernateJpaDialect$HibernateConnectionHandle@681b8652]
2026-01-25 11:12:06.050 [http-nio-8080-exec-7] DEBUG o.s.orm.jpa.JpaTransactionManager - Initiating transaction commit
2026-01-25 11:12:06.050 [http-nio-8080-exec-7] DEBUG o.s.orm.jpa.JpaTransactionManager - Committing JPA transaction on EntityManager [SessionImpl(556053622<open>)]
2026-01-25 11:12:06.051 [http-nio-8080-exec-7] DEBUG o.s.orm.jpa.JpaTransactionManager - Not closing pre-bound JPA EntityManager after transaction
2026-01-25 11:12:06.051 [http-nio-8080-exec-7] DEBUG o.s.orm.jpa.JpaTransactionManager - Found thread-bound EntityManager [SessionImpl(556053622<open>)] for JPA transaction
2026-01-25 11:12:06.051 [http-nio-8080-exec-7] DEBUG o.s.orm.jpa.JpaTransactionManager - Creating new transaction with name [org.springframework.data.jpa.repository.support.SimpleJpaRepository.findById]: PROPAGATION_REQUIRED,ISOLATION_DEFAULT,readOnly
2026-01-25 11:12:06.051 [http-nio-8080-exec-7] DEBUG o.s.orm.jpa.JpaTransactionManager - Exposing JPA transaction as JDBC [org.springframework.orm.jpa.vendor.HibernateJpaDialect$HibernateConnectionHandle@4f405252]
2026-01-25 11:12:06.053 [http-nio-8080-exec-7] DEBUG o.s.orm.jpa.JpaTransactionManager - Initiating transaction commit
2026-01-25 11:12:06.053 [http-nio-8080-exec-7] DEBUG o.s.orm.jpa.JpaTransactionManager - Committing JPA transaction on EntityManager [SessionImpl(556053622<open>)]
2026-01-25 11:12:06.054 [http-nio-8080-exec-7] DEBUG o.s.orm.jpa.JpaTransactionManager - Not closing pre-bound JPA EntityManager after transaction
2026-01-25 11:12:06.054 [http-nio-8080-exec-7] DEBUG o.s.orm.jpa.JpaTransactionManager - Found thread-bound EntityManager [SessionImpl(556053622<open>)] for JPA transaction
2026-01-25 11:12:06.054 [http-nio-8080-exec-7] DEBUG o.s.orm.jpa.JpaTransactionManager - Creating new transaction with name [org.springframework.data.jpa.repository.support.SimpleJpaRepository.save]: PROPAGATION_REQUIRED,ISOLATION_DEFAULT
2026-01-25 11:12:06.055 [http-nio-8080-exec-7] DEBUG o.s.orm.jpa.JpaTransactionManager - Exposing JPA transaction as JDBC [org.springframework.orm.jpa.vendor.HibernateJpaDialect$HibernateConnectionHandle@3dc67ebc]
2026-01-25 11:12:06.057 [http-nio-8080-exec-7] DEBUG o.s.orm.jpa.JpaTransactionManager - Initiating transaction commit
2026-01-25 11:12:06.057 [http-nio-8080-exec-7] DEBUG o.s.orm.jpa.JpaTransactionManager - Committing JPA transaction on EntityManager [SessionImpl(556053622<open>)]
2026-01-25 11:12:06.067 [http-nio-8080-exec-7] DEBUG o.s.orm.jpa.JpaTransactionManager - Not closing pre-bound JPA EntityManager after transaction
2026-01-25 11:12:06.067 [http-nio-8080-exec-7] DEBUG o.s.orm.jpa.JpaTransactionManager - Found thread-bound EntityManager [SessionImpl(556053622<open>)] for JPA transaction
2026-01-25 11:12:06.067 [http-nio-8080-exec-7] DEBUG o.s.orm.jpa.JpaTransactionManager - Creating new transaction with name [org.springframework.data.jpa.repository.support.SimpleJpaRepository.findById]: PROPAGATION_REQUIRED,ISOLATION_DEFAULT,readOnly
2026-01-25 11:12:06.068 [http-nio-8080-exec-7] DEBUG o.s.orm.jpa.JpaTransactionManager - Exposing JPA transaction as JDBC [org.springframework.orm.jpa.vendor.HibernateJpaDialect$HibernateConnectionHandle@448b2948]
2026-01-25 11:12:06.069 [http-nio-8080-exec-7] DEBUG o.s.orm.jpa.JpaTransactionManager - Initiating transaction commit
2026-01-25 11:12:06.069 [http-nio-8080-exec-7] DEBUG o.s.orm.jpa.JpaTransactionManager - Committing JPA transaction on EntityManager [SessionImpl(556053622<open>)]
2026-01-25 11:12:06.069 [http-nio-8080-exec-7] DEBUG o.s.orm.jpa.JpaTransactionManager - Not closing pre-bound JPA EntityManager after transaction
2026-01-25 11:12:06.069 [http-nio-8080-exec-7] DEBUG o.s.orm.jpa.JpaTransactionManager - Found thread-bound EntityManager [SessionImpl(556053622<open>)] for JPA transaction
2026-01-25 11:12:06.069 [http-nio-8080-exec-7] DEBUG o.s.orm.jpa.JpaTransactionManager - Creating new transaction with name [org.springframework.data.jpa.repository.support.SimpleJpaRepository.findById]: PROPAGATION_REQUIRED,ISOLATION_DEFAULT,readOnly
2026-01-25 11:12:06.070 [http-nio-8080-exec-7] DEBUG o.s.orm.jpa.JpaTransactionManager - Exposing JPA transaction as JDBC [org.springframework.orm.jpa.vendor.HibernateJpaDialect$HibernateConnectionHandle@65382656]
2026-01-25 11:12:06.070 [http-nio-8080-exec-7] DEBUG o.s.orm.jpa.JpaTransactionManager - Initiating transaction commit
2026-01-25 11:12:06.070 [http-nio-8080-exec-7] DEBUG o.s.orm.jpa.JpaTransactionManager - Committing JPA transaction on EntityManager [SessionImpl(556053622<open>)]
2026-01-25 11:12:06.070 [http-nio-8080-exec-7] DEBUG o.s.orm.jpa.JpaTransactionManager - Not closing pre-bound JPA EntityManager after transaction
2026-01-25 11:12:06.071 [http-nio-8080-exec-7] DEBUG o.s.orm.jpa.JpaTransactionManager - Found thread-bound EntityManager [SessionImpl(556053622<open>)] for JPA transaction
2026-01-25 11:12:06.071 [http-nio-8080-exec-7] DEBUG o.s.orm.jpa.JpaTransactionManager - Creating new transaction with name [org.springframework.data.jpa.repository.support.SimpleJpaRepository.save]: PROPAGATION_REQUIRED,ISOLATION_DEFAULT
2026-01-25 11:12:06.071 [http-nio-8080-exec-7] DEBUG o.s.orm.jpa.JpaTransactionManager - Exposing JPA transaction as JDBC [org.springframework.orm.jpa.vendor.HibernateJpaDialect$HibernateConnectionHandle@6bd30028]
2026-01-25 11:12:06.071 [http-nio-8080-exec-7] DEBUG o.s.orm.jpa.JpaTransactionManager - Initiating transaction commit
2026-01-25 11:12:06.071 [http-nio-8080-exec-7] DEBUG o.s.orm.jpa.JpaTransactionManager - Committing JPA transaction on EntityManager [SessionImpl(556053622<open>)]
2026-01-25 11:12:06.073 [http-nio-8080-exec-7] DEBUG o.s.orm.jpa.JpaTransactionManager - Not closing pre-bound JPA EntityManager after transaction
2026-01-25 11:12:06.074 [http-nio-8080-exec-7] DEBUG o.s.w.s.m.m.a.RequestResponseBodyMethodProcessor - Using 'application/json', given [*/*] and supported [application/json, application/*+json]
2026-01-25 11:12:06.074 [http-nio-8080-exec-7] DEBUG o.s.w.s.m.m.a.RequestResponseBodyMethodProcessor - Writing [Result(code=200, message=Mock支付成功，订单状态已更新, data=success)]
2026-01-25 11:12:06.074 [http-nio-8080-exec-7] DEBUG o.s.o.j.s.OpenEntityManagerInViewInterceptor - Closing JPA EntityManager in OpenEntityManagerInViewInterceptor
2026-01-25 11:12:06.074 [http-nio-8080-exec-7] DEBUG o.s.web.servlet.DispatcherServlet - Completed 200 OK
2026-01-25 11:12:08.370 [http-nio-8080-exec-8] DEBUG o.s.web.servlet.DispatcherServlet - GET "/api/user/info", parameters={}
2026-01-25 11:12:08.370 [http-nio-8080-exec-8] DEBUG o.s.w.s.m.m.a.RequestMappingHandlerMapping - Mapped to com.oxygen.capsule.controller.UserController#getUserInfo(String)
2026-01-25 11:12:08.371 [http-nio-8080-exec-8] DEBUG o.s.o.j.s.OpenEntityManagerInViewInterceptor - Opening JPA EntityManager in OpenEntityManagerInViewInterceptor
2026-01-25 11:12:08.372 [http-nio-8080-exec-8] DEBUG o.s.orm.jpa.JpaTransactionManager - Found thread-bound EntityManager [SessionImpl(1234773646<open>)] for JPA transaction
2026-01-25 11:12:08.372 [http-nio-8080-exec-8] DEBUG o.s.orm.jpa.JpaTransactionManager - Creating new transaction with name [org.springframework.data.jpa.repository.support.SimpleJpaRepository.findById]: PROPAGATION_REQUIRED,ISOLATION_DEFAULT,readOnly
2026-01-25 11:12:08.374 [http-nio-8080-exec-8] DEBUG o.s.orm.jpa.JpaTransactionManager - Exposing JPA transaction as JDBC [org.springframework.orm.jpa.vendor.HibernateJpaDialect$HibernateConnectionHandle@4951135f]
2026-01-25 11:12:08.374 [http-nio-8080-exec-9] DEBUG o.s.web.servlet.DispatcherServlet - GET "/api/payment/orders", parameters={}
2026-01-25 11:12:08.375 [http-nio-8080-exec-9] DEBUG o.s.w.s.m.m.a.RequestMappingHandlerMapping - Mapped to com.oxygen.capsule.controller.PaymentController#getUserPaymentOrders(String)
2026-01-25 11:12:08.375 [http-nio-8080-exec-9] DEBUG o.s.o.j.s.OpenEntityManagerInViewInterceptor - Opening JPA EntityManager in OpenEntityManagerInViewInterceptor
2026-01-25 11:12:08.376 [http-nio-8080-exec-8] DEBUG o.s.orm.jpa.JpaTransactionManager - Initiating transaction commit
2026-01-25 11:12:08.376 [http-nio-8080-exec-8] DEBUG o.s.orm.jpa.JpaTransactionManager - Committing JPA transaction on EntityManager [SessionImpl(1234773646<open>)]
2026-01-25 11:12:08.376 [http-nio-8080-exec-8] DEBUG o.s.orm.jpa.JpaTransactionManager - Not closing pre-bound JPA EntityManager after transaction
2026-01-25 11:12:08.379 [http-nio-8080-exec-10] DEBUG o.s.web.servlet.DispatcherServlet - GET "/api/booking/orders", parameters={}
2026-01-25 11:12:08.379 [http-nio-8080-exec-10] DEBUG o.s.w.s.m.m.a.RequestMappingHandlerMapping - Mapped to com.oxygen.capsule.controller.BookingController#getUserOrders(String)
2026-01-25 11:12:08.379 [http-nio-8080-exec-10] DEBUG o.s.o.j.s.OpenEntityManagerInViewInterceptor - Opening JPA EntityManager in OpenEntityManagerInViewInterceptor
2026-01-25 11:12:08.380 [http-nio-8080-exec-9] DEBUG o.s.orm.jpa.JpaTransactionManager - Found thread-bound EntityManager [SessionImpl(1136875059<open>)] for JPA transaction
2026-01-25 11:12:08.380 [http-nio-8080-exec-9] DEBUG o.s.orm.jpa.JpaTransactionManager - Creating new transaction with name [org.springframework.data.jpa.repository.support.SimpleJpaRepository.findById]: PROPAGATION_REQUIRED,ISOLATION_DEFAULT,readOnly
2026-01-25 11:12:08.380 [http-nio-8080-exec-10] DEBUG o.s.orm.jpa.JpaTransactionManager - Found thread-bound EntityManager [SessionImpl(1075322422<open>)] for JPA transaction
2026-01-25 11:12:08.380 [http-nio-8080-exec-10] DEBUG o.s.orm.jpa.JpaTransactionManager - Creating new transaction with name [org.springframework.data.jpa.repository.support.SimpleJpaRepository.findById]: PROPAGATION_REQUIRED,ISOLATION_DEFAULT,readOnly
2026-01-25 11:12:08.381 [http-nio-8080-exec-9] DEBUG o.s.orm.jpa.JpaTransactionManager - Exposing JPA transaction as JDBC [org.springframework.orm.jpa.vendor.HibernateJpaDialect$HibernateConnectionHandle@3e371345]
2026-01-25 11:12:08.381 [http-nio-8080-exec-10] DEBUG o.s.orm.jpa.JpaTransactionManager - Exposing JPA transaction as JDBC [org.springframework.orm.jpa.vendor.HibernateJpaDialect$HibernateConnectionHandle@6fa63a8a]
2026-01-25 11:12:08.381 [http-nio-8080-exec-8] DEBUG o.s.w.s.m.m.a.RequestResponseBodyMethodProcessor - Using 'application/json', given [*/*] and supported [application/json, application/*+json]
2026-01-25 11:12:08.381 [http-nio-8080-exec-8] DEBUG o.s.w.s.m.m.a.RequestResponseBodyMethodProcessor - Writing [Result(code=200, message=success, data={totalVisits=0, remainingVisits=201, memberExpireTime=2039-03 (truncated)...]
2026-01-25 11:12:08.382 [http-nio-8080-exec-8] DEBUG o.s.o.j.s.OpenEntityManagerInViewInterceptor - Closing JPA EntityManager in OpenEntityManagerInViewInterceptor
2026-01-25 11:12:08.382 [http-nio-8080-exec-8] DEBUG o.s.web.servlet.DispatcherServlet - Completed 200 OK
2026-01-25 11:12:08.382 [http-nio-8080-exec-9] DEBUG o.s.orm.jpa.JpaTransactionManager - Initiating transaction commit
2026-01-25 11:12:08.382 [http-nio-8080-exec-9] DEBUG o.s.orm.jpa.JpaTransactionManager - Committing JPA transaction on EntityManager [SessionImpl(1136875059<open>)]
2026-01-25 11:12:08.383 [http-nio-8080-exec-9] DEBUG o.s.orm.jpa.JpaTransactionManager - Not closing pre-bound JPA EntityManager after transaction
2026-01-25 11:12:08.383 [http-nio-8080-exec-10] DEBUG o.s.orm.jpa.JpaTransactionManager - Initiating transaction commit
2026-01-25 11:12:08.383 [http-nio-8080-exec-10] DEBUG o.s.orm.jpa.JpaTransactionManager - Committing JPA transaction on EntityManager [SessionImpl(1075322422<open>)]
2026-01-25 11:12:08.383 [http-nio-8080-exec-9] DEBUG o.s.w.s.m.m.a.RequestResponseBodyMethodProcessor - Using 'application/json', given [*/*] and supported [application/json, application/*+json]
2026-01-25 11:12:08.384 [http-nio-8080-exec-9] DEBUG o.s.w.s.m.m.a.RequestResponseBodyMethodProcessor - Writing [Result(code=200, message=success, data=[{packageCategory=家庭/次卡, cardEndDate=2027-01-25T00:00, orderN (truncated)...]
2026-01-25 11:12:08.384 [http-nio-8080-exec-10] DEBUG o.s.orm.jpa.JpaTransactionManager - Not closing pre-bound JPA EntityManager after transaction
2026-01-25 11:12:08.384 [http-nio-8080-exec-9] DEBUG o.s.o.j.s.OpenEntityManagerInViewInterceptor - Closing JPA EntityManager in OpenEntityManagerInViewInterceptor
2026-01-25 11:12:08.385 [http-nio-8080-exec-9] DEBUG o.s.web.servlet.DispatcherServlet - Completed 200 OK
2026-01-25 11:12:08.385 [http-nio-8080-exec-1] DEBUG o.s.web.servlet.DispatcherServlet - GET "/api/user/info", parameters={}
2026-01-25 11:12:08.385 [http-nio-8080-exec-1] DEBUG o.s.w.s.m.m.a.RequestMappingHandlerMapping - Mapped to com.oxygen.capsule.controller.UserController#getUserInfo(String)
2026-01-25 11:12:08.385 [http-nio-8080-exec-1] DEBUG o.s.o.j.s.OpenEntityManagerInViewInterceptor - Opening JPA EntityManager in OpenEntityManagerInViewInterceptor
2026-01-25 11:12:08.387 [http-nio-8080-exec-1] DEBUG o.s.orm.jpa.JpaTransactionManager - Found thread-bound EntityManager [SessionImpl(1459536372<open>)] for JPA transaction
2026-01-25 11:12:08.387 [http-nio-8080-exec-1] DEBUG o.s.orm.jpa.JpaTransactionManager - Creating new transaction with name [org.springframework.data.jpa.repository.support.SimpleJpaRepository.findById]: PROPAGATION_REQUIRED,ISOLATION_DEFAULT,readOnly
2026-01-25 11:12:08.387 [http-nio-8080-exec-1] DEBUG o.s.orm.jpa.JpaTransactionManager - Exposing JPA transaction as JDBC [org.springframework.orm.jpa.vendor.HibernateJpaDialect$HibernateConnectionHandle@5ef2b56b]
2026-01-25 11:12:08.387 [http-nio-8080-exec-10] DEBUG o.s.w.s.m.m.a.RequestResponseBodyMethodProcessor - Using 'application/json', given [*/*] and supported [application/json, application/*+json]
2026-01-25 11:12:08.388 [http-nio-8080-exec-10] DEBUG o.s.w.s.m.m.a.RequestResponseBodyMethodProcessor - Writing [Result(code=200, message=success, data=[])]
2026-01-25 11:12:08.388 [http-nio-8080-exec-10] DEBUG o.s.o.j.s.OpenEntityManagerInViewInterceptor - Closing JPA EntityManager in OpenEntityManagerInViewInterceptor
2026-01-25 11:12:08.388 [http-nio-8080-exec-10] DEBUG o.s.web.servlet.DispatcherServlet - Completed 200 OK
2026-01-25 11:12:08.389 [http-nio-8080-exec-1] DEBUG o.s.orm.jpa.JpaTransactionManager - Initiating transaction commit
2026-01-25 11:12:08.389 [http-nio-8080-exec-1] DEBUG o.s.orm.jpa.JpaTransactionManager - Committing JPA transaction on EntityManager [SessionImpl(1459536372<open>)]
2026-01-25 11:12:08.389 [http-nio-8080-exec-3] DEBUG o.s.web.servlet.DispatcherServlet - GET "/api/payment/orders", parameters={}
2026-01-25 11:12:08.389 [http-nio-8080-exec-3] DEBUG o.s.w.s.m.m.a.RequestMappingHandlerMapping - Mapped to com.oxygen.capsule.controller.PaymentController#getUserPaymentOrders(String)
2026-01-25 11:12:08.389 [http-nio-8080-exec-3] DEBUG o.s.o.j.s.OpenEntityManagerInViewInterceptor - Opening JPA EntityManager in OpenEntityManagerInViewInterceptor
2026-01-25 11:12:08.390 [http-nio-8080-exec-1] DEBUG o.s.orm.jpa.JpaTransactionManager - Not closing pre-bound JPA EntityManager after transaction
2026-01-25 11:12:08.393 [http-nio-8080-exec-3] DEBUG o.s.orm.jpa.JpaTransactionManager - Found thread-bound EntityManager [SessionImpl(599794848<open>)] for JPA transaction
2026-01-25 11:12:08.393 [http-nio-8080-exec-3] DEBUG o.s.orm.jpa.JpaTransactionManager - Creating new transaction with name [org.springframework.data.jpa.repository.support.SimpleJpaRepository.findById]: PROPAGATION_REQUIRED,ISOLATION_DEFAULT,readOnly
2026-01-25 11:12:08.393 [http-nio-8080-exec-1] DEBUG o.s.w.s.m.m.a.RequestResponseBodyMethodProcessor - Using 'application/json', given [*/*] and supported [application/json, application/*+json]
2026-01-25 11:12:08.393 [http-nio-8080-exec-1] DEBUG o.s.w.s.m.m.a.RequestResponseBodyMethodProcessor - Writing [Result(code=200, message=success, data={totalVisits=0, remainingVisits=201, memberExpireTime=2039-03 (truncated)...]
2026-01-25 11:12:08.393 [http-nio-8080-exec-5] DEBUG o.s.web.servlet.DispatcherServlet - GET "/api/booking/orders", parameters={}
2026-01-25 11:12:08.394 [http-nio-8080-exec-3] DEBUG o.s.orm.jpa.JpaTransactionManager - Exposing JPA transaction as JDBC [org.springframework.orm.jpa.vendor.HibernateJpaDialect$HibernateConnectionHandle@5770447c]
2026-01-25 11:12:08.394 [http-nio-8080-exec-5] DEBUG o.s.w.s.m.m.a.RequestMappingHandlerMapping - Mapped to com.oxygen.capsule.controller.BookingController#getUserOrders(String)
2026-01-25 11:12:08.394 [http-nio-8080-exec-1] DEBUG o.s.o.j.s.OpenEntityManagerInViewInterceptor - Closing JPA EntityManager in OpenEntityManagerInViewInterceptor
2026-01-25 11:12:08.394 [http-nio-8080-exec-1] DEBUG o.s.web.servlet.DispatcherServlet - Completed 200 OK
2026-01-25 11:12:08.394 [http-nio-8080-exec-5] DEBUG o.s.o.j.s.OpenEntityManagerInViewInterceptor - Opening JPA EntityManager in OpenEntityManagerInViewInterceptor
2026-01-25 11:12:08.396 [http-nio-8080-exec-3] DEBUG o.s.orm.jpa.JpaTransactionManager - Initiating transaction commit
2026-01-25 11:12:08.396 [http-nio-8080-exec-3] DEBUG o.s.orm.jpa.JpaTransactionManager - Committing JPA transaction on EntityManager [SessionImpl(599794848<open>)]
2026-01-25 11:12:08.396 [http-nio-8080-exec-3] DEBUG o.s.orm.jpa.JpaTransactionManager - Not closing pre-bound JPA EntityManager after transaction
2026-01-25 11:12:08.396 [http-nio-8080-exec-5] DEBUG o.s.orm.jpa.JpaTransactionManager - Found thread-bound EntityManager [SessionImpl(729895186<open>)] for JPA transaction
2026-01-25 11:12:08.396 [http-nio-8080-exec-5] DEBUG o.s.orm.jpa.JpaTransactionManager - Creating new transaction with name [org.springframework.data.jpa.repository.support.SimpleJpaRepository.findById]: PROPAGATION_REQUIRED,ISOLATION_DEFAULT,readOnly
2026-01-25 11:12:08.397 [http-nio-8080-exec-3] DEBUG o.s.w.s.m.m.a.RequestResponseBodyMethodProcessor - Using 'application/json', given [*/*] and supported [application/json, application/*+json]
2026-01-25 11:12:08.397 [http-nio-8080-exec-3] DEBUG o.s.w.s.m.m.a.RequestResponseBodyMethodProcessor - Writing [Result(code=200, message=success, data=[{packageCategory=家庭/次卡, cardEndDate=2027-01-25T00:00, orderN (truncated)...]
2026-01-25 11:12:08.397 [http-nio-8080-exec-5] DEBUG o.s.orm.jpa.JpaTransactionManager - Exposing JPA transaction as JDBC [org.springframework.orm.jpa.vendor.HibernateJpaDialect$HibernateConnectionHandle@484aeb48]
2026-01-25 11:12:08.397 [http-nio-8080-exec-3] DEBUG o.s.o.j.s.OpenEntityManagerInViewInterceptor - Closing JPA EntityManager in OpenEntityManagerInViewInterceptor
2026-01-25 11:12:08.397 [http-nio-8080-exec-3] DEBUG o.s.web.servlet.DispatcherServlet - Completed 200 OK
2026-01-25 11:12:08.398 [http-nio-8080-exec-5] DEBUG o.s.orm.jpa.JpaTransactionManager - Initiating transaction commit
2026-01-25 11:12:08.398 [http-nio-8080-exec-5] DEBUG o.s.orm.jpa.JpaTransactionManager - Committing JPA transaction on EntityManager [SessionImpl(729895186<open>)]
2026-01-25 11:12:08.398 [http-nio-8080-exec-5] DEBUG o.s.orm.jpa.JpaTransactionManager - Not closing pre-bound JPA EntityManager after transaction
2026-01-25 11:12:08.401 [http-nio-8080-exec-5] DEBUG o.s.w.s.m.m.a.RequestResponseBodyMethodProcessor - Using 'application/json', given [*/*] and supported [application/json, application/*+json]
2026-01-25 11:12:08.401 [http-nio-8080-exec-5] DEBUG o.s.w.s.m.m.a.RequestResponseBodyMethodProcessor - Writing [Result(code=200, message=success, data=[])]
2026-01-25 11:12:08.401 [http-nio-8080-exec-5] DEBUG o.s.o.j.s.OpenEntityManagerInViewInterceptor - Closing JPA EntityManager in OpenEntityManagerInViewInterceptor
2026-01-25 11:12:08.401 [http-nio-8080-exec-5] DEBUG o.s.web.servlet.DispatcherServlet - Completed 200 OK
2026-01-25 11:12:08.409 [http-nio-8080-exec-4] DEBUG o.s.web.servlet.DispatcherServlet - GET "/api/user/info", parameters={}
2026-01-25 11:12:08.409 [http-nio-8080-exec-4] DEBUG o.s.w.s.m.m.a.RequestMappingHandlerMapping - Mapped to com.oxygen.capsule.controller.UserController#getUserInfo(String)
2026-01-25 11:12:08.409 [http-nio-8080-exec-4] DEBUG o.s.o.j.s.OpenEntityManagerInViewInterceptor - Opening JPA EntityManager in OpenEntityManagerInViewInterceptor
2026-01-25 11:12:08.411 [http-nio-8080-exec-4] DEBUG o.s.orm.jpa.JpaTransactionManager - Found thread-bound EntityManager [SessionImpl(1697405104<open>)] for JPA transaction
2026-01-25 11:12:08.411 [http-nio-8080-exec-4] DEBUG o.s.orm.jpa.JpaTransactionManager - Creating new transaction with name [org.springframework.data.jpa.repository.support.SimpleJpaRepository.findById]: PROPAGATION_REQUIRED,ISOLATION_DEFAULT,readOnly
2026-01-25 11:12:08.412 [http-nio-8080-exec-4] DEBUG o.s.orm.jpa.JpaTransactionManager - Exposing JPA transaction as JDBC [org.springframework.orm.jpa.vendor.HibernateJpaDialect$HibernateConnectionHandle@13816f7f]
2026-01-25 11:12:08.413 [http-nio-8080-exec-4] DEBUG o.s.orm.jpa.JpaTransactionManager - Initiating transaction commit
2026-01-25 11:12:08.414 [http-nio-8080-exec-4] DEBUG o.s.orm.jpa.JpaTransactionManager - Committing JPA transaction on EntityManager [SessionImpl(1697405104<open>)]
2026-01-25 11:12:08.414 [http-nio-8080-exec-4] DEBUG o.s.orm.jpa.JpaTransactionManager - Not closing pre-bound JPA EntityManager after transaction
2026-01-25 11:12:08.417 [http-nio-8080-exec-4] DEBUG o.s.w.s.m.m.a.RequestResponseBodyMethodProcessor - Using 'application/json', given [*/*] and supported [application/json, application/*+json]
2026-01-25 11:12:08.418 [http-nio-8080-exec-4] DEBUG o.s.w.s.m.m.a.RequestResponseBodyMethodProcessor - Writing [Result(code=200, message=success, data={totalVisits=0, remainingVisits=201, memberExpireTime=2039-03 (truncated)...]
2026-01-25 11:12:08.418 [http-nio-8080-exec-4] DEBUG o.s.o.j.s.OpenEntityManagerInViewInterceptor - Closing JPA EntityManager in OpenEntityManagerInViewInterceptor
2026-01-25 11:12:08.418 [http-nio-8080-exec-4] DEBUG o.s.web.servlet.DispatcherServlet - Completed 200 OK
2026-01-25 11:12:08.421 [http-nio-8080-exec-2] DEBUG o.s.web.servlet.DispatcherServlet - GET "/api/user/info", parameters={}
2026-01-25 11:12:08.422 [http-nio-8080-exec-2] DEBUG o.s.w.s.m.m.a.RequestMappingHandlerMapping - Mapped to com.oxygen.capsule.controller.UserController#getUserInfo(String)
2026-01-25 11:12:08.422 [http-nio-8080-exec-2] DEBUG o.s.o.j.s.OpenEntityManagerInViewInterceptor - Opening JPA EntityManager in OpenEntityManagerInViewInterceptor
2026-01-25 11:12:08.424 [http-nio-8080-exec-2] DEBUG o.s.orm.jpa.JpaTransactionManager - Found thread-bound EntityManager [SessionImpl(865872593<open>)] for JPA transaction
2026-01-25 11:12:08.424 [http-nio-8080-exec-2] DEBUG o.s.orm.jpa.JpaTransactionManager - Creating new transaction with name [org.springframework.data.jpa.repository.support.SimpleJpaRepository.findById]: PROPAGATION_REQUIRED,ISOLATION_DEFAULT,readOnly
2026-01-25 11:12:08.424 [http-nio-8080-exec-2] DEBUG o.s.orm.jpa.JpaTransactionManager - Exposing JPA transaction as JDBC [org.springframework.orm.jpa.vendor.HibernateJpaDialect$HibernateConnectionHandle@61949005]
2026-01-25 11:12:08.426 [http-nio-8080-exec-2] DEBUG o.s.orm.jpa.JpaTransactionManager - Initiating transaction commit
2026-01-25 11:12:08.426 [http-nio-8080-exec-2] DEBUG o.s.orm.jpa.JpaTransactionManager - Committing JPA transaction on EntityManager [SessionImpl(865872593<open>)]
2026-01-25 11:12:08.427 [http-nio-8080-exec-2] DEBUG o.s.orm.jpa.JpaTransactionManager - Not closing pre-bound JPA EntityManager after transaction
2026-01-25 11:12:08.431 [http-nio-8080-exec-2] DEBUG o.s.w.s.m.m.a.RequestResponseBodyMethodProcessor - Using 'application/json', given [*/*] and supported [application/json, application/*+json]
2026-01-25 11:12:08.431 [http-nio-8080-exec-2] DEBUG o.s.w.s.m.m.a.RequestResponseBodyMethodProcessor - Writing [Result(code=200, message=success, data={totalVisits=0, remainingVisits=201, memberExpireTime=2039-03 (truncated)...]
2026-01-25 11:12:08.432 [http-nio-8080-exec-2] DEBUG o.s.o.j.s.OpenEntityManagerInViewInterceptor - Closing JPA EntityManager in OpenEntityManagerInViewInterceptor
2026-01-25 11:12:08.432 [http-nio-8080-exec-2] DEBUG o.s.web.servlet.DispatcherServlet - Completed 200 OK
2026-01-25 11:12:11.888 [http-nio-8080-exec-6] DEBUG o.s.web.servlet.DispatcherServlet - GET "/api/payment/orders", parameters={}
2026-01-25 11:12:11.888 [http-nio-8080-exec-6] DEBUG o.s.w.s.m.m.a.RequestMappingHandlerMapping - Mapped to com.oxygen.capsule.controller.PaymentController#getUserPaymentOrders(String)
2026-01-25 11:12:11.888 [http-nio-8080-exec-6] DEBUG o.s.o.j.s.OpenEntityManagerInViewInterceptor - Opening JPA EntityManager in OpenEntityManagerInViewInterceptor
2026-01-25 11:12:11.893 [http-nio-8080-exec-6] DEBUG o.s.orm.jpa.JpaTransactionManager - Found thread-bound EntityManager [SessionImpl(1756886646<open>)] for JPA transaction
2026-01-25 11:12:11.894 [http-nio-8080-exec-6] DEBUG o.s.orm.jpa.JpaTransactionManager - Creating new transaction with name [org.springframework.data.jpa.repository.support.SimpleJpaRepository.findById]: PROPAGATION_REQUIRED,ISOLATION_DEFAULT,readOnly
2026-01-25 11:12:11.894 [http-nio-8080-exec-6] DEBUG o.s.orm.jpa.JpaTransactionManager - Exposing JPA transaction as JDBC [org.springframework.orm.jpa.vendor.HibernateJpaDialect$HibernateConnectionHandle@67a50dca]
2026-01-25 11:12:11.895 [http-nio-8080-exec-6] DEBUG o.s.orm.jpa.JpaTransactionManager - Initiating transaction commit
2026-01-25 11:12:11.895 [http-nio-8080-exec-6] DEBUG o.s.orm.jpa.JpaTransactionManager - Committing JPA transaction on EntityManager [SessionImpl(1756886646<open>)]
2026-01-25 11:12:11.896 [http-nio-8080-exec-6] DEBUG o.s.orm.jpa.JpaTransactionManager - Not closing pre-bound JPA EntityManager after transaction
2026-01-25 11:12:11.896 [http-nio-8080-exec-6] DEBUG o.s.w.s.m.m.a.RequestResponseBodyMethodProcessor - Using 'application/json', given [*/*] and supported [application/json, application/*+json]
2026-01-25 11:12:11.896 [http-nio-8080-exec-6] DEBUG o.s.w.s.m.m.a.RequestResponseBodyMethodProcessor - Writing [Result(code=200, message=success, data=[{packageCategory=家庭/次卡, cardEndDate=2027-01-25T00:00, orderN (truncated)...]
2026-01-25 11:12:11.897 [http-nio-8080-exec-6] DEBUG o.s.o.j.s.OpenEntityManagerInViewInterceptor - Closing JPA EntityManager in OpenEntityManagerInViewInterceptor
2026-01-25 11:12:11.897 [http-nio-8080-exec-6] DEBUG o.s.web.servlet.DispatcherServlet - Completed 200 OK
2026-01-25 11:12:11.898 [http-nio-8080-exec-7] DEBUG o.s.web.servlet.DispatcherServlet - GET "/api/payment/orders", parameters={}
2026-01-25 11:12:11.898 [http-nio-8080-exec-7] DEBUG o.s.w.s.m.m.a.RequestMappingHandlerMapping - Mapped to com.oxygen.capsule.controller.PaymentController#getUserPaymentOrders(String)
2026-01-25 11:12:11.898 [http-nio-8080-exec-7] DEBUG o.s.o.j.s.OpenEntityManagerInViewInterceptor - Opening JPA EntityManager in OpenEntityManagerInViewInterceptor
2026-01-25 11:12:11.902 [http-nio-8080-exec-7] DEBUG o.s.orm.jpa.JpaTransactionManager - Found thread-bound EntityManager [SessionImpl(368561451<open>)] for JPA transaction
2026-01-25 11:12:11.902 [http-nio-8080-exec-7] DEBUG o.s.orm.jpa.JpaTransactionManager - Creating new transaction with name [org.springframework.data.jpa.repository.support.SimpleJpaRepository.findById]: PROPAGATION_REQUIRED,ISOLATION_DEFAULT,readOnly
2026-01-25 11:12:11.903 [http-nio-8080-exec-7] DEBUG o.s.orm.jpa.JpaTransactionManager - Exposing JPA transaction as JDBC [org.springframework.orm.jpa.vendor.HibernateJpaDialect$HibernateConnectionHandle@434f8d40]
2026-01-25 11:12:11.904 [http-nio-8080-exec-7] DEBUG o.s.orm.jpa.JpaTransactionManager - Initiating transaction commit
2026-01-25 11:12:11.905 [http-nio-8080-exec-7] DEBUG o.s.orm.jpa.JpaTransactionManager - Committing JPA transaction on EntityManager [SessionImpl(368561451<open>)]
2026-01-25 11:12:11.905 [http-nio-8080-exec-7] DEBUG o.s.orm.jpa.JpaTransactionManager - Not closing pre-bound JPA EntityManager after transaction
2026-01-25 11:12:11.905 [http-nio-8080-exec-7] DEBUG o.s.w.s.m.m.a.RequestResponseBodyMethodProcessor - Using 'application/json', given [*/*] and supported [application/json, application/*+json]
2026-01-25 11:12:11.906 [http-nio-8080-exec-7] DEBUG o.s.w.s.m.m.a.RequestResponseBodyMethodProcessor - Writing [Result(code=200, message=success, data=[{packageCategory=家庭/次卡, cardEndDate=2027-01-25T00:00, orderN (truncated)...]
2026-01-25 11:12:11.907 [http-nio-8080-exec-7] DEBUG o.s.o.j.s.OpenEntityManagerInViewInterceptor - Closing JPA EntityManager in OpenEntityManagerInViewInterceptor
2026-01-25 11:12:11.907 [http-nio-8080-exec-7] DEBUG o.s.web.servlet.DispatcherServlet - Completed 200 OK
2026-01-25 11:12:13.688 [http-nio-8080-exec-8] DEBUG o.s.web.servlet.DispatcherServlet - GET "/api/booking/booked-seats?date=2026-01-25&timeSlot=12%3A30%E2%80%9313%3A30", parameters={masked}
2026-01-25 11:12:13.688 [http-nio-8080-exec-8] DEBUG o.s.w.s.m.m.a.RequestMappingHandlerMapping - Mapped to com.oxygen.capsule.controller.BookingController#getBookedSeats(String, String)
2026-01-25 11:12:13.689 [http-nio-8080-exec-8] DEBUG o.s.o.j.s.OpenEntityManagerInViewInterceptor - Opening JPA EntityManager in OpenEntityManagerInViewInterceptor
2026-01-25 11:12:13.695 [http-nio-8080-exec-8] DEBUG o.s.w.s.m.m.a.RequestResponseBodyMethodProcessor - Using 'application/json', given [*/*] and supported [application/json, application/*+json]
2026-01-25 11:12:13.695 [http-nio-8080-exec-8] DEBUG o.s.w.s.m.m.a.RequestResponseBodyMethodProcessor - Writing [Result(code=200, message=success, data=[])]
2026-01-25 11:12:13.695 [http-nio-8080-exec-8] DEBUG o.s.o.j.s.OpenEntityManagerInViewInterceptor - Closing JPA EntityManager in OpenEntityManagerInViewInterceptor
2026-01-25 11:12:13.695 [http-nio-8080-exec-8] DEBUG o.s.web.servlet.DispatcherServlet - Completed 200 OK
2026-01-25 11:12:14.918 [http-nio-8080-exec-9] DEBUG o.s.web.servlet.DispatcherServlet - GET "/api/payment/orders", parameters={}
2026-01-25 11:12:14.919 [http-nio-8080-exec-9] DEBUG o.s.w.s.m.m.a.RequestMappingHandlerMapping - Mapped to com.oxygen.capsule.controller.PaymentController#getUserPaymentOrders(String)
2026-01-25 11:12:14.919 [http-nio-8080-exec-9] DEBUG o.s.o.j.s.OpenEntityManagerInViewInterceptor - Opening JPA EntityManager in OpenEntityManagerInViewInterceptor
2026-01-25 11:12:14.923 [http-nio-8080-exec-9] DEBUG o.s.orm.jpa.JpaTransactionManager - Found thread-bound EntityManager [SessionImpl(762866603<open>)] for JPA transaction
2026-01-25 11:12:14.923 [http-nio-8080-exec-9] DEBUG o.s.orm.jpa.JpaTransactionManager - Creating new transaction with name [org.springframework.data.jpa.repository.support.SimpleJpaRepository.findById]: PROPAGATION_REQUIRED,ISOLATION_DEFAULT,readOnly
2026-01-25 11:12:14.923 [http-nio-8080-exec-9] DEBUG o.s.orm.jpa.JpaTransactionManager - Exposing JPA transaction as JDBC [org.springframework.orm.jpa.vendor.HibernateJpaDialect$HibernateConnectionHandle@4017597]
2026-01-25 11:12:14.925 [http-nio-8080-exec-9] DEBUG o.s.orm.jpa.JpaTransactionManager - Initiating transaction commit
2026-01-25 11:12:14.925 [http-nio-8080-exec-9] DEBUG o.s.orm.jpa.JpaTransactionManager - Committing JPA transaction on EntityManager [SessionImpl(762866603<open>)]
2026-01-25 11:12:14.926 [http-nio-8080-exec-9] DEBUG o.s.orm.jpa.JpaTransactionManager - Not closing pre-bound JPA EntityManager after transaction
2026-01-25 11:12:14.926 [http-nio-8080-exec-9] DEBUG o.s.w.s.m.m.a.RequestResponseBodyMethodProcessor - Using 'application/json', given [*/*] and supported [application/json, application/*+json]
2026-01-25 11:12:14.926 [http-nio-8080-exec-9] DEBUG o.s.w.s.m.m.a.RequestResponseBodyMethodProcessor - Writing [Result(code=200, message=success, data=[{packageCategory=家庭/次卡, cardEndDate=2027-01-25T00:00, orderN (truncated)...]
2026-01-25 11:12:14.927 [http-nio-8080-exec-9] DEBUG o.s.o.j.s.OpenEntityManagerInViewInterceptor - Closing JPA EntityManager in OpenEntityManagerInViewInterceptor
2026-01-25 11:12:14.927 [http-nio-8080-exec-9] DEBUG o.s.web.servlet.DispatcherServlet - Completed 200 OK
2026-01-25 11:12:14.940 [http-nio-8080-exec-10] DEBUG o.s.web.servlet.DispatcherServlet - GET "/api/booking/can-book-today?date=2026-01-25", parameters={masked}
2026-01-25 11:12:14.940 [http-nio-8080-exec-10] DEBUG o.s.w.s.m.m.a.RequestMappingHandlerMapping - Mapped to com.oxygen.capsule.controller.BookingController#canBookToday(String, String)
2026-01-25 11:12:14.940 [http-nio-8080-exec-10] DEBUG o.s.o.j.s.OpenEntityManagerInViewInterceptor - Opening JPA EntityManager in OpenEntityManagerInViewInterceptor
2026-01-25 11:12:14.942 [http-nio-8080-exec-10] DEBUG o.s.orm.jpa.JpaTransactionManager - Found thread-bound EntityManager [SessionImpl(1394316612<open>)] for JPA transaction
2026-01-25 11:12:14.942 [http-nio-8080-exec-10] DEBUG o.s.orm.jpa.JpaTransactionManager - Creating new transaction with name [org.springframework.data.jpa.repository.support.SimpleJpaRepository.findById]: PROPAGATION_REQUIRED,ISOLATION_DEFAULT,readOnly
2026-01-25 11:12:14.943 [http-nio-8080-exec-10] DEBUG o.s.orm.jpa.JpaTransactionManager - Exposing JPA transaction as JDBC [org.springframework.orm.jpa.vendor.HibernateJpaDialect$HibernateConnectionHandle@2c23074e]
2026-01-25 11:12:14.945 [http-nio-8080-exec-10] DEBUG o.s.orm.jpa.JpaTransactionManager - Initiating transaction commit
2026-01-25 11:12:14.945 [http-nio-8080-exec-10] DEBUG o.s.orm.jpa.JpaTransactionManager - Committing JPA transaction on EntityManager [SessionImpl(1394316612<open>)]
2026-01-25 11:12:14.945 [http-nio-8080-exec-10] DEBUG o.s.orm.jpa.JpaTransactionManager - Not closing pre-bound JPA EntityManager after transaction
2026-01-25 11:12:14.949 [http-nio-8080-exec-10] DEBUG o.s.w.s.m.m.a.RequestResponseBodyMethodProcessor - Using 'application/json', given [*/*] and supported [application/json, application/*+json]
2026-01-25 11:12:14.949 [http-nio-8080-exec-10] DEBUG o.s.w.s.m.m.a.RequestResponseBodyMethodProcessor - Writing [Result(code=200, message=success, data=true)]
2026-01-25 11:12:14.949 [http-nio-8080-exec-10] DEBUG o.s.o.j.s.OpenEntityManagerInViewInterceptor - Closing JPA EntityManager in OpenEntityManagerInViewInterceptor
2026-01-25 11:12:14.949 [http-nio-8080-exec-10] DEBUG o.s.web.servlet.DispatcherServlet - Completed 200 OK
2026-01-25 11:12:15.697 [http-nio-8080-exec-1] DEBUG o.s.web.servlet.DispatcherServlet - POST "/api/booking/create", parameters={}
2026-01-25 11:12:15.698 [http-nio-8080-exec-1] DEBUG o.s.w.s.m.m.a.RequestMappingHandlerMapping - Mapped to com.oxygen.capsule.controller.BookingController#createBooking(String, Map)
2026-01-25 11:12:15.699 [http-nio-8080-exec-1] DEBUG o.s.o.j.s.OpenEntityManagerInViewInterceptor - Opening JPA EntityManager in OpenEntityManagerInViewInterceptor
2026-01-25 11:12:15.700 [http-nio-8080-exec-1] DEBUG o.s.w.s.m.m.a.RequestResponseBodyMethodProcessor - Read "application/json;charset=UTF-8" to [{date=2026-01-25, timeSlot=12:30–13:30, cabinName=1号舱, seatName=A座, price=0, originalPrice=0}]
2026-01-25 11:12:15.701 [http-nio-8080-exec-1] DEBUG o.s.orm.jpa.JpaTransactionManager - Found thread-bound EntityManager [SessionImpl(231466842<open>)] for JPA transaction
2026-01-25 11:12:15.702 [http-nio-8080-exec-1] DEBUG o.s.orm.jpa.JpaTransactionManager - Creating new transaction with name [org.springframework.data.jpa.repository.support.SimpleJpaRepository.findById]: PROPAGATION_REQUIRED,ISOLATION_DEFAULT,readOnly
2026-01-25 11:12:15.702 [http-nio-8080-exec-1] DEBUG o.s.orm.jpa.JpaTransactionManager - Exposing JPA transaction as JDBC [org.springframework.orm.jpa.vendor.HibernateJpaDialect$HibernateConnectionHandle@61b46f47]
2026-01-25 11:12:15.704 [http-nio-8080-exec-1] DEBUG o.s.orm.jpa.JpaTransactionManager - Initiating transaction commit
2026-01-25 11:12:15.704 [http-nio-8080-exec-1] DEBUG o.s.orm.jpa.JpaTransactionManager - Committing JPA transaction on EntityManager [SessionImpl(231466842<open>)]
2026-01-25 11:12:15.705 [http-nio-8080-exec-1] DEBUG o.s.orm.jpa.JpaTransactionManager - Not closing pre-bound JPA EntityManager after transaction
2026-01-25 11:12:15.716 [http-nio-8080-exec-1] DEBUG o.s.orm.jpa.JpaTransactionManager - Found thread-bound EntityManager [SessionImpl(231466842<open>)] for JPA transaction
2026-01-25 11:12:15.716 [http-nio-8080-exec-1] DEBUG o.s.orm.jpa.JpaTransactionManager - Creating new transaction with name [org.springframework.data.jpa.repository.support.SimpleJpaRepository.findById]: PROPAGATION_REQUIRED,ISOLATION_DEFAULT,readOnly
2026-01-25 11:12:15.717 [http-nio-8080-exec-1] DEBUG o.s.orm.jpa.JpaTransactionManager - Exposing JPA transaction as JDBC [org.springframework.orm.jpa.vendor.HibernateJpaDialect$HibernateConnectionHandle@3b4ae177]
2026-01-25 11:12:15.718 [http-nio-8080-exec-1] DEBUG o.s.orm.jpa.JpaTransactionManager - Initiating transaction commit
2026-01-25 11:12:15.719 [http-nio-8080-exec-1] DEBUG o.s.orm.jpa.JpaTransactionManager - Committing JPA transaction on EntityManager [SessionImpl(231466842<open>)]
2026-01-25 11:12:15.719 [http-nio-8080-exec-1] DEBUG o.s.orm.jpa.JpaTransactionManager - Not closing pre-bound JPA EntityManager after transaction
2026-01-25 11:12:15.719 [http-nio-8080-exec-1] DEBUG o.s.orm.jpa.JpaTransactionManager - Found thread-bound EntityManager [SessionImpl(231466842<open>)] for JPA transaction
2026-01-25 11:12:15.719 [http-nio-8080-exec-1] DEBUG o.s.orm.jpa.JpaTransactionManager - Creating new transaction with name [org.springframework.data.jpa.repository.support.SimpleJpaRepository.save]: PROPAGATION_REQUIRED,ISOLATION_DEFAULT
2026-01-25 11:12:15.720 [http-nio-8080-exec-1] DEBUG o.s.orm.jpa.JpaTransactionManager - Exposing JPA transaction as JDBC [org.springframework.orm.jpa.vendor.HibernateJpaDialect$HibernateConnectionHandle@462ff66f]
2026-01-25 11:12:15.723 [http-nio-8080-exec-1] DEBUG o.s.orm.jpa.JpaTransactionManager - Initiating transaction commit
2026-01-25 11:12:15.723 [http-nio-8080-exec-1] DEBUG o.s.orm.jpa.JpaTransactionManager - Committing JPA transaction on EntityManager [SessionImpl(231466842<open>)]
2026-01-25 11:12:15.724 [http-nio-8080-exec-1] DEBUG o.s.orm.jpa.JpaTransactionManager - Not closing pre-bound JPA EntityManager after transaction
2026-01-25 11:12:15.724 [http-nio-8080-exec-1] DEBUG o.s.w.s.m.m.a.RequestResponseBodyMethodProcessor - Using 'application/json', given [*/*] and supported [application/json, application/*+json]
2026-01-25 11:12:15.732 [http-nio-8080-exec-1] DEBUG o.s.w.s.m.m.a.RequestResponseBodyMethodProcessor - Writing [Result(code=200, message=预约成功, data=BookingOrder(id=7, orderNo=BK17693107357209356, userId=1, paymen (truncated)...]
2026-01-25 11:12:15.736 [http-nio-8080-exec-1] DEBUG o.s.o.j.s.OpenEntityManagerInViewInterceptor - Closing JPA EntityManager in OpenEntityManagerInViewInterceptor
2026-01-25 11:12:15.736 [http-nio-8080-exec-1] DEBUG o.s.web.servlet.DispatcherServlet - Completed 200 OK
2026-01-25 11:12:16.932 [http-nio-8080-exec-3] DEBUG o.s.web.servlet.DispatcherServlet - GET "/api/user/info", parameters={}
2026-01-25 11:12:16.932 [http-nio-8080-exec-3] DEBUG o.s.w.s.m.m.a.RequestMappingHandlerMapping - Mapped to com.oxygen.capsule.controller.UserController#getUserInfo(String)
2026-01-25 11:12:16.932 [http-nio-8080-exec-3] DEBUG o.s.o.j.s.OpenEntityManagerInViewInterceptor - Opening JPA EntityManager in OpenEntityManagerInViewInterceptor
2026-01-25 11:12:16.934 [http-nio-8080-exec-3] DEBUG o.s.orm.jpa.JpaTransactionManager - Found thread-bound EntityManager [SessionImpl(1295538844<open>)] for JPA transaction
2026-01-25 11:12:16.934 [http-nio-8080-exec-3] DEBUG o.s.orm.jpa.JpaTransactionManager - Creating new transaction with name [org.springframework.data.jpa.repository.support.SimpleJpaRepository.findById]: PROPAGATION_REQUIRED,ISOLATION_DEFAULT,readOnly
2026-01-25 11:12:16.934 [http-nio-8080-exec-5] DEBUG o.s.web.servlet.DispatcherServlet - GET "/api/payment/orders", parameters={}
2026-01-25 11:12:16.934 [http-nio-8080-exec-5] DEBUG o.s.w.s.m.m.a.RequestMappingHandlerMapping - Mapped to com.oxygen.capsule.controller.PaymentController#getUserPaymentOrders(String)
2026-01-25 11:12:16.934 [http-nio-8080-exec-3] DEBUG o.s.orm.jpa.JpaTransactionManager - Exposing JPA transaction as JDBC [org.springframework.orm.jpa.vendor.HibernateJpaDialect$HibernateConnectionHandle@10463718]
2026-01-25 11:12:16.934 [http-nio-8080-exec-5] DEBUG o.s.o.j.s.OpenEntityManagerInViewInterceptor - Opening JPA EntityManager in OpenEntityManagerInViewInterceptor
2026-01-25 11:12:16.935 [http-nio-8080-exec-4] DEBUG o.s.web.servlet.DispatcherServlet - GET "/api/booking/orders", parameters={}
2026-01-25 11:12:16.935 [http-nio-8080-exec-4] DEBUG o.s.w.s.m.m.a.RequestMappingHandlerMapping - Mapped to com.oxygen.capsule.controller.BookingController#getUserOrders(String)
2026-01-25 11:12:16.935 [http-nio-8080-exec-4] DEBUG o.s.o.j.s.OpenEntityManagerInViewInterceptor - Opening JPA EntityManager in OpenEntityManagerInViewInterceptor
2026-01-25 11:12:16.936 [http-nio-8080-exec-4] DEBUG o.s.orm.jpa.JpaTransactionManager - Found thread-bound EntityManager [SessionImpl(704978034<open>)] for JPA transaction
2026-01-25 11:12:16.936 [http-nio-8080-exec-4] DEBUG o.s.orm.jpa.JpaTransactionManager - Creating new transaction with name [org.springframework.data.jpa.repository.support.SimpleJpaRepository.findById]: PROPAGATION_REQUIRED,ISOLATION_DEFAULT,readOnly
2026-01-25 11:12:16.936 [http-nio-8080-exec-4] DEBUG o.s.orm.jpa.JpaTransactionManager - Exposing JPA transaction as JDBC [org.springframework.orm.jpa.vendor.HibernateJpaDialect$HibernateConnectionHandle@b31a872]
2026-01-25 11:12:16.936 [http-nio-8080-exec-3] DEBUG o.s.orm.jpa.JpaTransactionManager - Initiating transaction commit
2026-01-25 11:12:16.936 [http-nio-8080-exec-3] DEBUG o.s.orm.jpa.JpaTransactionManager - Committing JPA transaction on EntityManager [SessionImpl(1295538844<open>)]
2026-01-25 11:12:16.937 [http-nio-8080-exec-3] DEBUG o.s.orm.jpa.JpaTransactionManager - Not closing pre-bound JPA EntityManager after transaction
2026-01-25 11:12:16.938 [http-nio-8080-exec-4] DEBUG o.s.orm.jpa.JpaTransactionManager - Initiating transaction commit
2026-01-25 11:12:16.938 [http-nio-8080-exec-4] DEBUG o.s.orm.jpa.JpaTransactionManager - Committing JPA transaction on EntityManager [SessionImpl(704978034<open>)]
2026-01-25 11:12:16.938 [http-nio-8080-exec-5] DEBUG o.s.orm.jpa.JpaTransactionManager - Found thread-bound EntityManager [SessionImpl(1830841928<open>)] for JPA transaction
2026-01-25 11:12:16.938 [http-nio-8080-exec-5] DEBUG o.s.orm.jpa.JpaTransactionManager - Creating new transaction with name [org.springframework.data.jpa.repository.support.SimpleJpaRepository.findById]: PROPAGATION_REQUIRED,ISOLATION_DEFAULT,readOnly
2026-01-25 11:12:16.938 [http-nio-8080-exec-4] DEBUG o.s.orm.jpa.JpaTransactionManager - Not closing pre-bound JPA EntityManager after transaction
2026-01-25 11:12:16.938 [http-nio-8080-exec-5] DEBUG o.s.orm.jpa.JpaTransactionManager - Exposing JPA transaction as JDBC [org.springframework.orm.jpa.vendor.HibernateJpaDialect$HibernateConnectionHandle@55af68b0]
2026-01-25 11:12:16.939 [http-nio-8080-exec-3] DEBUG o.s.w.s.m.m.a.RequestResponseBodyMethodProcessor - Using 'application/json', given [*/*] and supported [application/json, application/*+json]
2026-01-25 11:12:16.939 [http-nio-8080-exec-3] DEBUG o.s.w.s.m.m.a.RequestResponseBodyMethodProcessor - Writing [Result(code=200, message=success, data={totalVisits=0, remainingVisits=201, memberExpireTime=2039-03 (truncated)...]
2026-01-25 11:12:16.940 [http-nio-8080-exec-5] DEBUG o.s.orm.jpa.JpaTransactionManager - Initiating transaction commit
2026-01-25 11:12:16.940 [http-nio-8080-exec-5] DEBUG o.s.orm.jpa.JpaTransactionManager - Committing JPA transaction on EntityManager [SessionImpl(1830841928<open>)]
2026-01-25 11:12:16.940 [http-nio-8080-exec-4] DEBUG o.s.w.s.m.m.a.RequestResponseBodyMethodProcessor - Using 'application/json', given [*/*] and supported [application/json, application/*+json]
2026-01-25 11:12:16.940 [http-nio-8080-exec-3] DEBUG o.s.o.j.s.OpenEntityManagerInViewInterceptor - Closing JPA EntityManager in OpenEntityManagerInViewInterceptor
2026-01-25 11:12:16.940 [http-nio-8080-exec-3] DEBUG o.s.web.servlet.DispatcherServlet - Completed 200 OK
2026-01-25 11:12:16.941 [http-nio-8080-exec-4] DEBUG o.s.w.s.m.m.a.RequestResponseBodyMethodProcessor - Writing [Result(code=200, message=success, data=[BookingOrder(id=7, orderNo=BK17693107357209356, userId=1, pa (truncated)...]
2026-01-25 11:12:16.941 [http-nio-8080-exec-5] DEBUG o.s.orm.jpa.JpaTransactionManager - Not closing pre-bound JPA EntityManager after transaction
2026-01-25 11:12:16.941 [http-nio-8080-exec-4] DEBUG o.s.o.j.s.OpenEntityManagerInViewInterceptor - Closing JPA EntityManager in OpenEntityManagerInViewInterceptor
2026-01-25 11:12:16.941 [http-nio-8080-exec-4] DEBUG o.s.web.servlet.DispatcherServlet - Completed 200 OK
2026-01-25 11:12:16.941 [http-nio-8080-exec-5] DEBUG o.s.w.s.m.m.a.RequestResponseBodyMethodProcessor - Using 'application/json', given [*/*] and supported [application/json, application/*+json]
2026-01-25 11:12:16.942 [http-nio-8080-exec-5] DEBUG o.s.w.s.m.m.a.RequestResponseBodyMethodProcessor - Writing [Result(code=200, message=success, data=[{packageCategory=家庭/次卡, cardEndDate=2027-01-25T00:00, orderN (truncated)...]
2026-01-25 11:12:16.942 [http-nio-8080-exec-2] DEBUG o.s.web.servlet.DispatcherServlet - GET "/api/user/info", parameters={}
2026-01-25 11:12:16.942 [http-nio-8080-exec-2] DEBUG o.s.w.s.m.m.a.RequestMappingHandlerMapping - Mapped to com.oxygen.capsule.controller.UserController#getUserInfo(String)
2026-01-25 11:12:16.942 [http-nio-8080-exec-2] DEBUG o.s.o.j.s.OpenEntityManagerInViewInterceptor - Opening JPA EntityManager in OpenEntityManagerInViewInterceptor
2026-01-25 11:12:16.942 [http-nio-8080-exec-5] DEBUG o.s.o.j.s.OpenEntityManagerInViewInterceptor - Closing JPA EntityManager in OpenEntityManagerInViewInterceptor
2026-01-25 11:12:16.943 [http-nio-8080-exec-5] DEBUG o.s.web.servlet.DispatcherServlet - Completed 200 OK
2026-01-25 11:12:16.943 [http-nio-8080-exec-6] DEBUG o.s.web.servlet.DispatcherServlet - GET "/api/booking/orders", parameters={}
2026-01-25 11:12:16.943 [http-nio-8080-exec-6] DEBUG o.s.w.s.m.m.a.RequestMappingHandlerMapping - Mapped to com.oxygen.capsule.controller.BookingController#getUserOrders(String)
2026-01-25 11:12:16.943 [http-nio-8080-exec-6] DEBUG o.s.o.j.s.OpenEntityManagerInViewInterceptor - Opening JPA EntityManager in OpenEntityManagerInViewInterceptor
2026-01-25 11:12:16.944 [http-nio-8080-exec-7] DEBUG o.s.web.servlet.DispatcherServlet - GET "/api/payment/orders", parameters={}
2026-01-25 11:12:16.944 [http-nio-8080-exec-2] DEBUG o.s.orm.jpa.JpaTransactionManager - Found thread-bound EntityManager [SessionImpl(162551730<open>)] for JPA transaction
2026-01-25 11:12:16.944 [http-nio-8080-exec-2] DEBUG o.s.orm.jpa.JpaTransactionManager - Creating new transaction with name [org.springframework.data.jpa.repository.support.SimpleJpaRepository.findById]: PROPAGATION_REQUIRED,ISOLATION_DEFAULT,readOnly
2026-01-25 11:12:16.945 [http-nio-8080-exec-7] DEBUG o.s.w.s.m.m.a.RequestMappingHandlerMapping - Mapped to com.oxygen.capsule.controller.PaymentController#getUserPaymentOrders(String)
2026-01-25 11:12:16.945 [http-nio-8080-exec-7] DEBUG o.s.o.j.s.OpenEntityManagerInViewInterceptor - Opening JPA EntityManager in OpenEntityManagerInViewInterceptor
2026-01-25 11:12:16.945 [http-nio-8080-exec-6] DEBUG o.s.orm.jpa.JpaTransactionManager - Found thread-bound EntityManager [SessionImpl(1685485545<open>)] for JPA transaction
2026-01-25 11:12:16.945 [http-nio-8080-exec-6] DEBUG o.s.orm.jpa.JpaTransactionManager - Creating new transaction with name [org.springframework.data.jpa.repository.support.SimpleJpaRepository.findById]: PROPAGATION_REQUIRED,ISOLATION_DEFAULT,readOnly
2026-01-25 11:12:16.945 [http-nio-8080-exec-2] DEBUG o.s.orm.jpa.JpaTransactionManager - Exposing JPA transaction as JDBC [org.springframework.orm.jpa.vendor.HibernateJpaDialect$HibernateConnectionHandle@6551d4b0]
2026-01-25 11:12:16.945 [http-nio-8080-exec-6] DEBUG o.s.orm.jpa.JpaTransactionManager - Exposing JPA transaction as JDBC [org.springframework.orm.jpa.vendor.HibernateJpaDialect$HibernateConnectionHandle@3b3b186]
2026-01-25 11:12:16.946 [http-nio-8080-exec-6] DEBUG o.s.orm.jpa.JpaTransactionManager - Initiating transaction commit
2026-01-25 11:12:16.946 [http-nio-8080-exec-2] DEBUG o.s.orm.jpa.JpaTransactionManager - Initiating transaction commit
2026-01-25 11:12:16.946 [http-nio-8080-exec-6] DEBUG o.s.orm.jpa.JpaTransactionManager - Committing JPA transaction on EntityManager [SessionImpl(1685485545<open>)]
2026-01-25 11:12:16.947 [http-nio-8080-exec-2] DEBUG o.s.orm.jpa.JpaTransactionManager - Committing JPA transaction on EntityManager [SessionImpl(162551730<open>)]
2026-01-25 11:12:16.947 [http-nio-8080-exec-6] DEBUG o.s.orm.jpa.JpaTransactionManager - Not closing pre-bound JPA EntityManager after transaction
2026-01-25 11:12:16.947 [http-nio-8080-exec-2] DEBUG o.s.orm.jpa.JpaTransactionManager - Not closing pre-bound JPA EntityManager after transaction
2026-01-25 11:12:16.949 [http-nio-8080-exec-7] DEBUG o.s.orm.jpa.JpaTransactionManager - Found thread-bound EntityManager [SessionImpl(1636123253<open>)] for JPA transaction
2026-01-25 11:12:16.949 [http-nio-8080-exec-7] DEBUG o.s.orm.jpa.JpaTransactionManager - Creating new transaction with name [org.springframework.data.jpa.repository.support.SimpleJpaRepository.findById]: PROPAGATION_REQUIRED,ISOLATION_DEFAULT,readOnly
2026-01-25 11:12:16.949 [http-nio-8080-exec-2] DEBUG o.s.w.s.m.m.a.RequestResponseBodyMethodProcessor - Using 'application/json', given [*/*] and supported [application/json, application/*+json]
2026-01-25 11:12:16.949 [http-nio-8080-exec-2] DEBUG o.s.w.s.m.m.a.RequestResponseBodyMethodProcessor - Writing [Result(code=200, message=success, data={totalVisits=0, remainingVisits=201, memberExpireTime=2039-03 (truncated)...]
2026-01-25 11:12:16.949 [http-nio-8080-exec-6] DEBUG o.s.w.s.m.m.a.RequestResponseBodyMethodProcessor - Using 'application/json', given [*/*] and supported [application/json, application/*+json]
2026-01-25 11:12:16.949 [http-nio-8080-exec-6] DEBUG o.s.w.s.m.m.a.RequestResponseBodyMethodProcessor - Writing [Result(code=200, message=success, data=[BookingOrder(id=7, orderNo=BK17693107357209356, userId=1, pa (truncated)...]
2026-01-25 11:12:16.950 [http-nio-8080-exec-7] DEBUG o.s.orm.jpa.JpaTransactionManager - Exposing JPA transaction as JDBC [org.springframework.orm.jpa.vendor.HibernateJpaDialect$HibernateConnectionHandle@7edc05a1]
2026-01-25 11:12:16.950 [http-nio-8080-exec-6] DEBUG o.s.o.j.s.OpenEntityManagerInViewInterceptor - Closing JPA EntityManager in OpenEntityManagerInViewInterceptor
2026-01-25 11:12:16.950 [http-nio-8080-exec-2] DEBUG o.s.o.j.s.OpenEntityManagerInViewInterceptor - Closing JPA EntityManager in OpenEntityManagerInViewInterceptor
2026-01-25 11:12:16.950 [http-nio-8080-exec-6] DEBUG o.s.web.servlet.DispatcherServlet - Completed 200 OK
2026-01-25 11:12:16.950 [http-nio-8080-exec-2] DEBUG o.s.web.servlet.DispatcherServlet - Completed 200 OK
2026-01-25 11:12:16.951 [http-nio-8080-exec-7] DEBUG o.s.orm.jpa.JpaTransactionManager - Initiating transaction commit
2026-01-25 11:12:16.951 [http-nio-8080-exec-7] DEBUG o.s.orm.jpa.JpaTransactionManager - Committing JPA transaction on EntityManager [SessionImpl(1636123253<open>)]
2026-01-25 11:12:16.952 [http-nio-8080-exec-7] DEBUG o.s.orm.jpa.JpaTransactionManager - Not closing pre-bound JPA EntityManager after transaction
2026-01-25 11:12:16.952 [http-nio-8080-exec-7] DEBUG o.s.w.s.m.m.a.RequestResponseBodyMethodProcessor - Using 'application/json', given [*/*] and supported [application/json, application/*+json]
2026-01-25 11:12:16.952 [http-nio-8080-exec-7] DEBUG o.s.w.s.m.m.a.RequestResponseBodyMethodProcessor - Writing [Result(code=200, message=success, data=[{packageCategory=家庭/次卡, cardEndDate=2027-01-25T00:00, orderN (truncated)...]
2026-01-25 11:12:16.952 [http-nio-8080-exec-7] DEBUG o.s.o.j.s.OpenEntityManagerInViewInterceptor - Closing JPA EntityManager in OpenEntityManagerInViewInterceptor
2026-01-25 11:12:16.953 [http-nio-8080-exec-7] DEBUG o.s.web.servlet.DispatcherServlet - Completed 200 OK
2026-01-25 11:12:16.953 [http-nio-8080-exec-8] DEBUG o.s.web.servlet.DispatcherServlet - GET "/api/user/info", parameters={}
2026-01-25 11:12:16.953 [http-nio-8080-exec-8] DEBUG o.s.w.s.m.m.a.RequestMappingHandlerMapping - Mapped to com.oxygen.capsule.controller.UserController#getUserInfo(String)
2026-01-25 11:12:16.953 [http-nio-8080-exec-8] DEBUG o.s.o.j.s.OpenEntityManagerInViewInterceptor - Opening JPA EntityManager in OpenEntityManagerInViewInterceptor
2026-01-25 11:12:16.954 [http-nio-8080-exec-8] DEBUG o.s.orm.jpa.JpaTransactionManager - Found thread-bound EntityManager [SessionImpl(251293229<open>)] for JPA transaction
2026-01-25 11:12:16.954 [http-nio-8080-exec-8] DEBUG o.s.orm.jpa.JpaTransactionManager - Creating new transaction with name [org.springframework.data.jpa.repository.support.SimpleJpaRepository.findById]: PROPAGATION_REQUIRED,ISOLATION_DEFAULT,readOnly
2026-01-25 11:12:16.954 [http-nio-8080-exec-8] DEBUG o.s.orm.jpa.JpaTransactionManager - Exposing JPA transaction as JDBC [org.springframework.orm.jpa.vendor.HibernateJpaDialect$HibernateConnectionHandle@777a8f1a]
2026-01-25 11:12:16.955 [http-nio-8080-exec-8] DEBUG o.s.orm.jpa.JpaTransactionManager - Initiating transaction commit
2026-01-25 11:12:16.955 [http-nio-8080-exec-8] DEBUG o.s.orm.jpa.JpaTransactionManager - Committing JPA transaction on EntityManager [SessionImpl(251293229<open>)]
2026-01-25 11:12:16.955 [http-nio-8080-exec-8] DEBUG o.s.orm.jpa.JpaTransactionManager - Not closing pre-bound JPA EntityManager after transaction
2026-01-25 11:12:16.958 [http-nio-8080-exec-8] DEBUG o.s.w.s.m.m.a.RequestResponseBodyMethodProcessor - Using 'application/json', given [*/*] and supported [application/json, application/*+json]
2026-01-25 11:12:16.958 [http-nio-8080-exec-8] DEBUG o.s.w.s.m.m.a.RequestResponseBodyMethodProcessor - Writing [Result(code=200, message=success, data={totalVisits=0, remainingVisits=201, memberExpireTime=2039-03 (truncated)...]
2026-01-25 11:12:16.958 [http-nio-8080-exec-8] DEBUG o.s.o.j.s.OpenEntityManagerInViewInterceptor - Closing JPA EntityManager in OpenEntityManagerInViewInterceptor
2026-01-25 11:12:16.958 [http-nio-8080-exec-8] DEBUG o.s.web.servlet.DispatcherServlet - Completed 200 OK
2026-01-25 11:12:16.964 [http-nio-8080-exec-9] DEBUG o.s.web.servlet.DispatcherServlet - GET "/api/user/info", parameters={}
2026-01-25 11:12:16.964 [http-nio-8080-exec-9] DEBUG o.s.w.s.m.m.a.RequestMappingHandlerMapping - Mapped to com.oxygen.capsule.controller.UserController#getUserInfo(String)
2026-01-25 11:12:16.965 [http-nio-8080-exec-9] DEBUG o.s.o.j.s.OpenEntityManagerInViewInterceptor - Opening JPA EntityManager in OpenEntityManagerInViewInterceptor
2026-01-25 11:12:16.966 [http-nio-8080-exec-9] DEBUG o.s.orm.jpa.JpaTransactionManager - Found thread-bound EntityManager [SessionImpl(1322411208<open>)] for JPA transaction
2026-01-25 11:12:16.966 [http-nio-8080-exec-9] DEBUG o.s.orm.jpa.JpaTransactionManager - Creating new transaction with name [org.springframework.data.jpa.repository.support.SimpleJpaRepository.findById]: PROPAGATION_REQUIRED,ISOLATION_DEFAULT,readOnly
2026-01-25 11:12:16.966 [http-nio-8080-exec-9] DEBUG o.s.orm.jpa.JpaTransactionManager - Exposing JPA transaction as JDBC [org.springframework.orm.jpa.vendor.HibernateJpaDialect$HibernateConnectionHandle@3f6805eb]
2026-01-25 11:12:16.968 [http-nio-8080-exec-9] DEBUG o.s.orm.jpa.JpaTransactionManager - Initiating transaction commit
2026-01-25 11:12:16.968 [http-nio-8080-exec-9] DEBUG o.s.orm.jpa.JpaTransactionManager - Committing JPA transaction on EntityManager [SessionImpl(1322411208<open>)]
2026-01-25 11:12:16.968 [http-nio-8080-exec-9] DEBUG o.s.orm.jpa.JpaTransactionManager - Not closing pre-bound JPA EntityManager after transaction
2026-01-25 11:12:16.971 [http-nio-8080-exec-9] DEBUG o.s.w.s.m.m.a.RequestResponseBodyMethodProcessor - Using 'application/json', given [*/*] and supported [application/json, application/*+json]
2026-01-25 11:12:16.972 [http-nio-8080-exec-9] DEBUG o.s.w.s.m.m.a.RequestResponseBodyMethodProcessor - Writing [Result(code=200, message=success, data={totalVisits=0, remainingVisits=201, memberExpireTime=2039-03 (truncated)...]
2026-01-25 11:12:16.972 [http-nio-8080-exec-9] DEBUG o.s.o.j.s.OpenEntityManagerInViewInterceptor - Closing JPA EntityManager in OpenEntityManagerInViewInterceptor
2026-01-25 11:12:16.972 [http-nio-8080-exec-9] DEBUG o.s.web.servlet.DispatcherServlet - Completed 200 OK
2026-01-25 11:12:17.400 [http-nio-8080-exec-10] DEBUG o.s.web.servlet.DispatcherServlet - GET "/api/user/info", parameters={}
2026-01-25 11:12:17.400 [http-nio-8080-exec-1] DEBUG o.s.web.servlet.DispatcherServlet - GET "/api/payment/orders", parameters={}
2026-01-25 11:12:17.401 [http-nio-8080-exec-1] DEBUG o.s.w.s.m.m.a.RequestMappingHandlerMapping - Mapped to com.oxygen.capsule.controller.PaymentController#getUserPaymentOrders(String)
2026-01-25 11:12:17.401 [http-nio-8080-exec-1] DEBUG o.s.o.j.s.OpenEntityManagerInViewInterceptor - Opening JPA EntityManager in OpenEntityManagerInViewInterceptor
2026-01-25 11:12:17.401 [http-nio-8080-exec-10] DEBUG o.s.w.s.m.m.a.RequestMappingHandlerMapping - Mapped to com.oxygen.capsule.controller.UserController#getUserInfo(String)
2026-01-25 11:12:17.401 [http-nio-8080-exec-3] DEBUG o.s.web.servlet.DispatcherServlet - GET "/api/booking/orders", parameters={}
2026-01-25 11:12:17.401 [http-nio-8080-exec-3] DEBUG o.s.w.s.m.m.a.RequestMappingHandlerMapping - Mapped to com.oxygen.capsule.controller.BookingController#getUserOrders(String)
2026-01-25 11:12:17.401 [http-nio-8080-exec-3] DEBUG o.s.o.j.s.OpenEntityManagerInViewInterceptor - Opening JPA EntityManager in OpenEntityManagerInViewInterceptor
2026-01-25 11:12:17.401 [http-nio-8080-exec-10] DEBUG o.s.o.j.s.OpenEntityManagerInViewInterceptor - Opening JPA EntityManager in OpenEntityManagerInViewInterceptor
2026-01-25 11:12:17.404 [http-nio-8080-exec-3] DEBUG o.s.orm.jpa.JpaTransactionManager - Found thread-bound EntityManager [SessionImpl(786530135<open>)] for JPA transaction
2026-01-25 11:12:17.404 [http-nio-8080-exec-3] DEBUG o.s.orm.jpa.JpaTransactionManager - Creating new transaction with name [org.springframework.data.jpa.repository.support.SimpleJpaRepository.findById]: PROPAGATION_REQUIRED,ISOLATION_DEFAULT,readOnly
2026-01-25 11:12:17.405 [http-nio-8080-exec-10] DEBUG o.s.orm.jpa.JpaTransactionManager - Found thread-bound EntityManager [SessionImpl(322894944<open>)] for JPA transaction
2026-01-25 11:12:17.405 [http-nio-8080-exec-10] DEBUG o.s.orm.jpa.JpaTransactionManager - Creating new transaction with name [org.springframework.data.jpa.repository.support.SimpleJpaRepository.findById]: PROPAGATION_REQUIRED,ISOLATION_DEFAULT,readOnly
2026-01-25 11:12:17.405 [http-nio-8080-exec-3] DEBUG o.s.orm.jpa.JpaTransactionManager - Exposing JPA transaction as JDBC [org.springframework.orm.jpa.vendor.HibernateJpaDialect$HibernateConnectionHandle@1d179ab3]
2026-01-25 11:12:17.405 [http-nio-8080-exec-10] DEBUG o.s.orm.jpa.JpaTransactionManager - Exposing JPA transaction as JDBC [org.springframework.orm.jpa.vendor.HibernateJpaDialect$HibernateConnectionHandle@29abce33]
2026-01-25 11:12:17.407 [http-nio-8080-exec-10] DEBUG o.s.orm.jpa.JpaTransactionManager - Initiating transaction commit
2026-01-25 11:12:17.407 [http-nio-8080-exec-10] DEBUG o.s.orm.jpa.JpaTransactionManager - Committing JPA transaction on EntityManager [SessionImpl(322894944<open>)]
2026-01-25 11:12:17.407 [http-nio-8080-exec-3] DEBUG o.s.orm.jpa.JpaTransactionManager - Initiating transaction commit
2026-01-25 11:12:17.407 [http-nio-8080-exec-3] DEBUG o.s.orm.jpa.JpaTransactionManager - Committing JPA transaction on EntityManager [SessionImpl(786530135<open>)]
2026-01-25 11:12:17.407 [http-nio-8080-exec-1] DEBUG o.s.orm.jpa.JpaTransactionManager - Found thread-bound EntityManager [SessionImpl(12477297<open>)] for JPA transaction
2026-01-25 11:12:17.407 [http-nio-8080-exec-1] DEBUG o.s.orm.jpa.JpaTransactionManager - Creating new transaction with name [org.springframework.data.jpa.repository.support.SimpleJpaRepository.findById]: PROPAGATION_REQUIRED,ISOLATION_DEFAULT,readOnly
2026-01-25 11:12:17.407 [http-nio-8080-exec-3] DEBUG o.s.orm.jpa.JpaTransactionManager - Not closing pre-bound JPA EntityManager after transaction
2026-01-25 11:12:17.407 [http-nio-8080-exec-10] DEBUG o.s.orm.jpa.JpaTransactionManager - Not closing pre-bound JPA EntityManager after transaction
2026-01-25 11:12:17.408 [http-nio-8080-exec-1] DEBUG o.s.orm.jpa.JpaTransactionManager - Exposing JPA transaction as JDBC [org.springframework.orm.jpa.vendor.HibernateJpaDialect$HibernateConnectionHandle@7c851b3]
2026-01-25 11:12:17.410 [http-nio-8080-exec-1] DEBUG o.s.orm.jpa.JpaTransactionManager - Initiating transaction commit
2026-01-25 11:12:17.410 [http-nio-8080-exec-1] DEBUG o.s.orm.jpa.JpaTransactionManager - Committing JPA transaction on EntityManager [SessionImpl(12477297<open>)]
2026-01-25 11:12:17.411 [http-nio-8080-exec-3] DEBUG o.s.w.s.m.m.a.RequestResponseBodyMethodProcessor - Using 'application/json', given [*/*] and supported [application/json, application/*+json]
2026-01-25 11:12:17.411 [http-nio-8080-exec-3] DEBUG o.s.w.s.m.m.a.RequestResponseBodyMethodProcessor - Writing [Result(code=200, message=success, data=[BookingOrder(id=7, orderNo=BK17693107357209356, userId=1, pa (truncated)...]
2026-01-25 11:12:17.411 [http-nio-8080-exec-10] DEBUG o.s.w.s.m.m.a.RequestResponseBodyMethodProcessor - Using 'application/json', given [*/*] and supported [application/json, application/*+json]
2026-01-25 11:12:17.412 [http-nio-8080-exec-10] DEBUG o.s.w.s.m.m.a.RequestResponseBodyMethodProcessor - Writing [Result(code=200, message=success, data={totalVisits=0, remainingVisits=201, memberExpireTime=2039-03 (truncated)...]
2026-01-25 11:12:17.412 [http-nio-8080-exec-10] DEBUG o.s.o.j.s.OpenEntityManagerInViewInterceptor - Closing JPA EntityManager in OpenEntityManagerInViewInterceptor
2026-01-25 11:12:17.412 [http-nio-8080-exec-10] DEBUG o.s.web.servlet.DispatcherServlet - Completed 200 OK
2026-01-25 11:12:17.412 [http-nio-8080-exec-3] DEBUG o.s.o.j.s.OpenEntityManagerInViewInterceptor - Closing JPA EntityManager in OpenEntityManagerInViewInterceptor
2026-01-25 11:12:17.413 [http-nio-8080-exec-3] DEBUG o.s.web.servlet.DispatcherServlet - Completed 200 OK
2026-01-25 11:12:17.414 [http-nio-8080-exec-1] DEBUG o.s.orm.jpa.JpaTransactionManager - Not closing pre-bound JPA EntityManager after transaction
2026-01-25 11:12:17.414 [http-nio-8080-exec-1] DEBUG o.s.w.s.m.m.a.RequestResponseBodyMethodProcessor - Using 'application/json', given [*/*] and supported [application/json, application/*+json]
2026-01-25 11:12:17.414 [http-nio-8080-exec-1] DEBUG o.s.w.s.m.m.a.RequestResponseBodyMethodProcessor - Writing [Result(code=200, message=success, data=[{packageCategory=家庭/次卡, cardEndDate=2027-01-25T00:00, orderN (truncated)...]
2026-01-25 11:12:17.414 [http-nio-8080-exec-4] DEBUG o.s.web.servlet.DispatcherServlet - GET "/api/user/info", parameters={}
2026-01-25 11:12:17.414 [http-nio-8080-exec-5] DEBUG o.s.web.servlet.DispatcherServlet - GET "/api/booking/orders", parameters={}
2026-01-25 11:12:17.415 [http-nio-8080-exec-4] DEBUG o.s.w.s.m.m.a.RequestMappingHandlerMapping - Mapped to com.oxygen.capsule.controller.UserController#getUserInfo(String)
2026-01-25 11:12:17.415 [http-nio-8080-exec-5] DEBUG o.s.w.s.m.m.a.RequestMappingHandlerMapping - Mapped to com.oxygen.capsule.controller.BookingController#getUserOrders(String)
2026-01-25 11:12:17.415 [http-nio-8080-exec-1] DEBUG o.s.o.j.s.OpenEntityManagerInViewInterceptor - Closing JPA EntityManager in OpenEntityManagerInViewInterceptor
2026-01-25 11:12:17.415 [http-nio-8080-exec-5] DEBUG o.s.o.j.s.OpenEntityManagerInViewInterceptor - Opening JPA EntityManager in OpenEntityManagerInViewInterceptor
2026-01-25 11:12:17.415 [http-nio-8080-exec-4] DEBUG o.s.o.j.s.OpenEntityManagerInViewInterceptor - Opening JPA EntityManager in OpenEntityManagerInViewInterceptor
2026-01-25 11:12:17.415 [http-nio-8080-exec-1] DEBUG o.s.web.servlet.DispatcherServlet - Completed 200 OK
2026-01-25 11:12:17.417 [http-nio-8080-exec-5] DEBUG o.s.orm.jpa.JpaTransactionManager - Found thread-bound EntityManager [SessionImpl(1577247806<open>)] for JPA transaction
2026-01-25 11:12:17.417 [http-nio-8080-exec-4] DEBUG o.s.orm.jpa.JpaTransactionManager - Found thread-bound EntityManager [SessionImpl(1738479319<open>)] for JPA transaction
2026-01-25 11:12:17.417 [http-nio-8080-exec-5] DEBUG o.s.orm.jpa.JpaTransactionManager - Creating new transaction with name [org.springframework.data.jpa.repository.support.SimpleJpaRepository.findById]: PROPAGATION_REQUIRED,ISOLATION_DEFAULT,readOnly
2026-01-25 11:12:17.417 [http-nio-8080-exec-4] DEBUG o.s.orm.jpa.JpaTransactionManager - Creating new transaction with name [org.springframework.data.jpa.repository.support.SimpleJpaRepository.findById]: PROPAGATION_REQUIRED,ISOLATION_DEFAULT,readOnly
2026-01-25 11:12:17.418 [http-nio-8080-exec-4] DEBUG o.s.orm.jpa.JpaTransactionManager - Exposing JPA transaction as JDBC [org.springframework.orm.jpa.vendor.HibernateJpaDialect$HibernateConnectionHandle@19b6d558]
2026-01-25 11:12:17.418 [http-nio-8080-exec-5] DEBUG o.s.orm.jpa.JpaTransactionManager - Exposing JPA transaction as JDBC [org.springframework.orm.jpa.vendor.HibernateJpaDialect$HibernateConnectionHandle@49f21868]
2026-01-25 11:12:17.418 [http-nio-8080-exec-6] DEBUG o.s.web.servlet.DispatcherServlet - GET "/api/payment/orders", parameters={}
2026-01-25 11:12:17.418 [http-nio-8080-exec-6] DEBUG o.s.w.s.m.m.a.RequestMappingHandlerMapping - Mapped to com.oxygen.capsule.controller.PaymentController#getUserPaymentOrders(String)
2026-01-25 11:12:17.418 [http-nio-8080-exec-6] DEBUG o.s.o.j.s.OpenEntityManagerInViewInterceptor - Opening JPA EntityManager in OpenEntityManagerInViewInterceptor
2026-01-25 11:12:17.419 [http-nio-8080-exec-5] DEBUG o.s.orm.jpa.JpaTransactionManager - Initiating transaction commit
2026-01-25 11:12:17.419 [http-nio-8080-exec-4] DEBUG o.s.orm.jpa.JpaTransactionManager - Initiating transaction commit
2026-01-25 11:12:17.419 [http-nio-8080-exec-4] DEBUG o.s.orm.jpa.JpaTransactionManager - Committing JPA transaction on EntityManager [SessionImpl(1738479319<open>)]
2026-01-25 11:12:17.419 [http-nio-8080-exec-5] DEBUG o.s.orm.jpa.JpaTransactionManager - Committing JPA transaction on EntityManager [SessionImpl(1577247806<open>)]
2026-01-25 11:12:17.419 [http-nio-8080-exec-5] DEBUG o.s.orm.jpa.JpaTransactionManager - Not closing pre-bound JPA EntityManager after transaction
2026-01-25 11:12:17.419 [http-nio-8080-exec-4] DEBUG o.s.orm.jpa.JpaTransactionManager - Not closing pre-bound JPA EntityManager after transaction
2026-01-25 11:12:17.422 [http-nio-8080-exec-6] DEBUG o.s.orm.jpa.JpaTransactionManager - Found thread-bound EntityManager [SessionImpl(2100107090<open>)] for JPA transaction
2026-01-25 11:12:17.422 [http-nio-8080-exec-6] DEBUG o.s.orm.jpa.JpaTransactionManager - Creating new transaction with name [org.springframework.data.jpa.repository.support.SimpleJpaRepository.findById]: PROPAGATION_REQUIRED,ISOLATION_DEFAULT,readOnly
2026-01-25 11:12:17.422 [http-nio-8080-exec-4] DEBUG o.s.w.s.m.m.a.RequestResponseBodyMethodProcessor - Using 'application/json', given [*/*] and supported [application/json, application/*+json]
2026-01-25 11:12:17.422 [http-nio-8080-exec-5] DEBUG o.s.w.s.m.m.a.RequestResponseBodyMethodProcessor - Using 'application/json', given [*/*] and supported [application/json, application/*+json]
2026-01-25 11:12:17.422 [http-nio-8080-exec-4] DEBUG o.s.w.s.m.m.a.RequestResponseBodyMethodProcessor - Writing [Result(code=200, message=success, data={totalVisits=0, remainingVisits=201, memberExpireTime=2039-03 (truncated)...]
2026-01-25 11:12:17.422 [http-nio-8080-exec-5] DEBUG o.s.w.s.m.m.a.RequestResponseBodyMethodProcessor - Writing [Result(code=200, message=success, data=[BookingOrder(id=7, orderNo=BK17693107357209356, userId=1, pa (truncated)...]
2026-01-25 11:12:17.422 [http-nio-8080-exec-6] DEBUG o.s.orm.jpa.JpaTransactionManager - Exposing JPA transaction as JDBC [org.springframework.orm.jpa.vendor.HibernateJpaDialect$HibernateConnectionHandle@3e1d1542]
2026-01-25 11:12:17.423 [http-nio-8080-exec-4] DEBUG o.s.o.j.s.OpenEntityManagerInViewInterceptor - Closing JPA EntityManager in OpenEntityManagerInViewInterceptor
2026-01-25 11:12:17.423 [http-nio-8080-exec-4] DEBUG o.s.web.servlet.DispatcherServlet - Completed 200 OK
2026-01-25 11:12:17.423 [http-nio-8080-exec-5] DEBUG o.s.o.j.s.OpenEntityManagerInViewInterceptor - Closing JPA EntityManager in OpenEntityManagerInViewInterceptor
2026-01-25 11:12:17.423 [http-nio-8080-exec-5] DEBUG o.s.web.servlet.DispatcherServlet - Completed 200 OK
2026-01-25 11:12:17.424 [http-nio-8080-exec-6] DEBUG o.s.orm.jpa.JpaTransactionManager - Initiating transaction commit
2026-01-25 11:12:17.424 [http-nio-8080-exec-6] DEBUG o.s.orm.jpa.JpaTransactionManager - Committing JPA transaction on EntityManager [SessionImpl(2100107090<open>)]
2026-01-25 11:12:17.425 [http-nio-8080-exec-6] DEBUG o.s.orm.jpa.JpaTransactionManager - Not closing pre-bound JPA EntityManager after transaction
2026-01-25 11:12:17.425 [http-nio-8080-exec-6] DEBUG o.s.w.s.m.m.a.RequestResponseBodyMethodProcessor - Using 'application/json', given [*/*] and supported [application/json, application/*+json]
2026-01-25 11:12:17.425 [http-nio-8080-exec-6] DEBUG o.s.w.s.m.m.a.RequestResponseBodyMethodProcessor - Writing [Result(code=200, message=success, data=[{packageCategory=家庭/次卡, cardEndDate=2027-01-25T00:00, orderN (truncated)...]
2026-01-25 11:12:17.426 [http-nio-8080-exec-6] DEBUG o.s.o.j.s.OpenEntityManagerInViewInterceptor - Closing JPA EntityManager in OpenEntityManagerInViewInterceptor
2026-01-25 11:12:17.426 [http-nio-8080-exec-6] DEBUG o.s.web.servlet.DispatcherServlet - Completed 200 OK
2026-01-25 11:12:17.448 [http-nio-8080-exec-2] DEBUG o.s.web.servlet.DispatcherServlet - GET "/api/user/info", parameters={}
2026-01-25 11:12:17.449 [http-nio-8080-exec-2] DEBUG o.s.w.s.m.m.a.RequestMappingHandlerMapping - Mapped to com.oxygen.capsule.controller.UserController#getUserInfo(String)
2026-01-25 11:12:17.449 [http-nio-8080-exec-2] DEBUG o.s.o.j.s.OpenEntityManagerInViewInterceptor - Opening JPA EntityManager in OpenEntityManagerInViewInterceptor
2026-01-25 11:12:17.451 [http-nio-8080-exec-2] DEBUG o.s.orm.jpa.JpaTransactionManager - Found thread-bound EntityManager [SessionImpl(1041098569<open>)] for JPA transaction
2026-01-25 11:12:17.451 [http-nio-8080-exec-2] DEBUG o.s.orm.jpa.JpaTransactionManager - Creating new transaction with name [org.springframework.data.jpa.repository.support.SimpleJpaRepository.findById]: PROPAGATION_REQUIRED,ISOLATION_DEFAULT,readOnly
2026-01-25 11:12:17.452 [http-nio-8080-exec-2] DEBUG o.s.orm.jpa.JpaTransactionManager - Exposing JPA transaction as JDBC [org.springframework.orm.jpa.vendor.HibernateJpaDialect$HibernateConnectionHandle@5aa24292]
2026-01-25 11:12:17.454 [http-nio-8080-exec-2] DEBUG o.s.orm.jpa.JpaTransactionManager - Initiating transaction commit
2026-01-25 11:12:17.454 [http-nio-8080-exec-2] DEBUG o.s.orm.jpa.JpaTransactionManager - Committing JPA transaction on EntityManager [SessionImpl(1041098569<open>)]
2026-01-25 11:12:17.454 [http-nio-8080-exec-2] DEBUG o.s.orm.jpa.JpaTransactionManager - Not closing pre-bound JPA EntityManager after transaction
2026-01-25 11:12:17.457 [http-nio-8080-exec-2] DEBUG o.s.w.s.m.m.a.RequestResponseBodyMethodProcessor - Using 'application/json', given [*/*] and supported [application/json, application/*+json]
2026-01-25 11:12:17.457 [http-nio-8080-exec-2] DEBUG o.s.w.s.m.m.a.RequestResponseBodyMethodProcessor - Writing [Result(code=200, message=success, data={totalVisits=0, remainingVisits=201, memberExpireTime=2039-03 (truncated)...]
2026-01-25 11:12:17.457 [http-nio-8080-exec-2] DEBUG o.s.o.j.s.OpenEntityManagerInViewInterceptor - Closing JPA EntityManager in OpenEntityManagerInViewInterceptor
2026-01-25 11:12:17.457 [http-nio-8080-exec-2] DEBUG o.s.web.servlet.DispatcherServlet - Completed 200 OK
2026-01-25 11:12:17.463 [http-nio-8080-exec-7] DEBUG o.s.web.servlet.DispatcherServlet - GET "/api/user/info", parameters={}
2026-01-25 11:12:17.463 [http-nio-8080-exec-7] DEBUG o.s.w.s.m.m.a.RequestMappingHandlerMapping - Mapped to com.oxygen.capsule.controller.UserController#getUserInfo(String)
2026-01-25 11:12:17.464 [http-nio-8080-exec-7] DEBUG o.s.o.j.s.OpenEntityManagerInViewInterceptor - Opening JPA EntityManager in OpenEntityManagerInViewInterceptor
2026-01-25 11:12:17.465 [http-nio-8080-exec-7] DEBUG o.s.orm.jpa.JpaTransactionManager - Found thread-bound EntityManager [SessionImpl(1055558355<open>)] for JPA transaction
2026-01-25 11:12:17.465 [http-nio-8080-exec-7] DEBUG o.s.orm.jpa.JpaTransactionManager - Creating new transaction with name [org.springframework.data.jpa.repository.support.SimpleJpaRepository.findById]: PROPAGATION_REQUIRED,ISOLATION_DEFAULT,readOnly
2026-01-25 11:12:17.466 [http-nio-8080-exec-7] DEBUG o.s.orm.jpa.JpaTransactionManager - Exposing JPA transaction as JDBC [org.springframework.orm.jpa.vendor.HibernateJpaDialect$HibernateConnectionHandle@9bf1068]
2026-01-25 11:12:17.468 [http-nio-8080-exec-7] DEBUG o.s.orm.jpa.JpaTransactionManager - Initiating transaction commit
2026-01-25 11:12:17.468 [http-nio-8080-exec-7] DEBUG o.s.orm.jpa.JpaTransactionManager - Committing JPA transaction on EntityManager [SessionImpl(1055558355<open>)]
2026-01-25 11:12:17.468 [http-nio-8080-exec-7] DEBUG o.s.orm.jpa.JpaTransactionManager - Not closing pre-bound JPA EntityManager after transaction
2026-01-25 11:12:17.471 [http-nio-8080-exec-7] DEBUG o.s.w.s.m.m.a.RequestResponseBodyMethodProcessor - Using 'application/json', given [*/*] and supported [application/json, application/*+json]
2026-01-25 11:12:17.471 [http-nio-8080-exec-7] DEBUG o.s.w.s.m.m.a.RequestResponseBodyMethodProcessor - Writing [Result(code=200, message=success, data={totalVisits=0, remainingVisits=201, memberExpireTime=2039-03 (truncated)...]
2026-01-25 11:12:17.472 [http-nio-8080-exec-7] DEBUG o.s.o.j.s.OpenEntityManagerInViewInterceptor - Closing JPA EntityManager in OpenEntityManagerInViewInterceptor
2026-01-25 11:12:17.472 [http-nio-8080-exec-7] DEBUG o.s.web.servlet.DispatcherServlet - Completed 200 OK
2026-01-25 11:13:00.741 [http-nio-8080-exec-8] DEBUG o.s.web.servlet.DispatcherServlet - GET "/api/packages/all", parameters={}
2026-01-25 11:13:00.742 [http-nio-8080-exec-8] DEBUG o.s.w.s.m.m.a.RequestMappingHandlerMapping - Mapped to com.oxygen.capsule.controller.MemberPackageController#getAllPackages()
2026-01-25 11:13:00.743 [http-nio-8080-exec-8] DEBUG o.s.o.j.s.OpenEntityManagerInViewInterceptor - Opening JPA EntityManager in OpenEntityManagerInViewInterceptor
2026-01-25 11:13:00.758 [http-nio-8080-exec-8] DEBUG o.s.w.s.m.m.a.RequestResponseBodyMethodProcessor - Using 'application/json', given [*/*] and supported [application/json, application/*+json]
2026-01-25 11:13:00.759 [http-nio-8080-exec-8] DEBUG o.s.w.s.m.m.a.RequestResponseBodyMethodProcessor - Writing [Result(code=200, message=success, data=[MemberPackage(id=1, code=MONTHLY, name=月卡, price=3980.0, peo (truncated)...]
2026-01-25 11:13:00.761 [http-nio-8080-exec-8] DEBUG o.s.o.j.s.OpenEntityManagerInViewInterceptor - Closing JPA EntityManager in OpenEntityManagerInViewInterceptor
2026-01-25 11:13:00.761 [http-nio-8080-exec-8] DEBUG o.s.web.servlet.DispatcherServlet - Completed 200 OK
2026-01-25 11:13:39.296 [http-nio-8080-exec-9] DEBUG o.s.web.servlet.DispatcherServlet - GET "/api/user/info", parameters={}
2026-01-25 11:13:39.297 [http-nio-8080-exec-9] DEBUG o.s.w.s.m.m.a.RequestMappingHandlerMapping - Mapped to com.oxygen.capsule.controller.UserController#getUserInfo(String)
2026-01-25 11:13:39.297 [http-nio-8080-exec-9] DEBUG o.s.o.j.s.OpenEntityManagerInViewInterceptor - Opening JPA EntityManager in OpenEntityManagerInViewInterceptor
2026-01-25 11:13:39.301 [http-nio-8080-exec-10] DEBUG o.s.web.servlet.DispatcherServlet - GET "/api/payment/orders", parameters={}
2026-01-25 11:13:39.302 [http-nio-8080-exec-10] DEBUG o.s.w.s.m.m.a.RequestMappingHandlerMapping - Mapped to com.oxygen.capsule.controller.PaymentController#getUserPaymentOrders(String)
2026-01-25 11:13:39.302 [http-nio-8080-exec-10] DEBUG o.s.o.j.s.OpenEntityManagerInViewInterceptor - Opening JPA EntityManager in OpenEntityManagerInViewInterceptor
2026-01-25 11:13:39.305 [http-nio-8080-exec-9] DEBUG o.s.orm.jpa.JpaTransactionManager - Found thread-bound EntityManager [SessionImpl(1864296834<open>)] for JPA transaction
2026-01-25 11:13:39.305 [http-nio-8080-exec-9] DEBUG o.s.orm.jpa.JpaTransactionManager - Creating new transaction with name [org.springframework.data.jpa.repository.support.SimpleJpaRepository.findById]: PROPAGATION_REQUIRED,ISOLATION_DEFAULT,readOnly
2026-01-25 11:13:39.308 [http-nio-8080-exec-9] DEBUG o.s.orm.jpa.JpaTransactionManager - Exposing JPA transaction as JDBC [org.springframework.orm.jpa.vendor.HibernateJpaDialect$HibernateConnectionHandle@e373b31]
2026-01-25 11:13:39.310 [http-nio-8080-exec-3] DEBUG o.s.web.servlet.DispatcherServlet - GET "/api/booking/orders", parameters={}
2026-01-25 11:13:39.311 [http-nio-8080-exec-3] DEBUG o.s.w.s.m.m.a.RequestMappingHandlerMapping - Mapped to com.oxygen.capsule.controller.BookingController#getUserOrders(String)
2026-01-25 11:13:39.312 [http-nio-8080-exec-3] DEBUG o.s.o.j.s.OpenEntityManagerInViewInterceptor - Opening JPA EntityManager in OpenEntityManagerInViewInterceptor
2026-01-25 11:13:39.314 [http-nio-8080-exec-9] DEBUG o.s.orm.jpa.JpaTransactionManager - Initiating transaction commit
2026-01-25 11:13:39.314 [http-nio-8080-exec-9] DEBUG o.s.orm.jpa.JpaTransactionManager - Committing JPA transaction on EntityManager [SessionImpl(1864296834<open>)]
2026-01-25 11:13:39.314 [http-nio-8080-exec-10] DEBUG o.s.orm.jpa.JpaTransactionManager - Found thread-bound EntityManager [SessionImpl(938682705<open>)] for JPA transaction
2026-01-25 11:13:39.314 [http-nio-8080-exec-10] DEBUG o.s.orm.jpa.JpaTransactionManager - Creating new transaction with name [org.springframework.data.jpa.repository.support.SimpleJpaRepository.findById]: PROPAGATION_REQUIRED,ISOLATION_DEFAULT,readOnly
2026-01-25 11:13:39.314 [http-nio-8080-exec-3] DEBUG o.s.orm.jpa.JpaTransactionManager - Found thread-bound EntityManager [SessionImpl(1346391831<open>)] for JPA transaction
2026-01-25 11:13:39.314 [http-nio-8080-exec-3] DEBUG o.s.orm.jpa.JpaTransactionManager - Creating new transaction with name [org.springframework.data.jpa.repository.support.SimpleJpaRepository.findById]: PROPAGATION_REQUIRED,ISOLATION_DEFAULT,readOnly
2026-01-25 11:13:39.314 [http-nio-8080-exec-9] DEBUG o.s.orm.jpa.JpaTransactionManager - Not closing pre-bound JPA EntityManager after transaction
2026-01-25 11:13:39.315 [http-nio-8080-exec-10] DEBUG o.s.orm.jpa.JpaTransactionManager - Exposing JPA transaction as JDBC [org.springframework.orm.jpa.vendor.HibernateJpaDialect$HibernateConnectionHandle@4bf8f65f]
2026-01-25 11:13:39.315 [http-nio-8080-exec-3] DEBUG o.s.orm.jpa.JpaTransactionManager - Exposing JPA transaction as JDBC [org.springframework.orm.jpa.vendor.HibernateJpaDialect$HibernateConnectionHandle@2125f6b2]
2026-01-25 11:13:39.315 [http-nio-8080-exec-1] DEBUG o.s.web.servlet.DispatcherServlet - GET "/api/user/info", parameters={}
2026-01-25 11:13:39.316 [http-nio-8080-exec-1] DEBUG o.s.w.s.m.m.a.RequestMappingHandlerMapping - Mapped to com.oxygen.capsule.controller.UserController#getUserInfo(String)
2026-01-25 11:13:39.316 [http-nio-8080-exec-10] DEBUG o.s.orm.jpa.JpaTransactionManager - Initiating transaction commit
2026-01-25 11:13:39.316 [http-nio-8080-exec-1] DEBUG o.s.o.j.s.OpenEntityManagerInViewInterceptor - Opening JPA EntityManager in OpenEntityManagerInViewInterceptor
2026-01-25 11:13:39.316 [http-nio-8080-exec-10] DEBUG o.s.orm.jpa.JpaTransactionManager - Committing JPA transaction on EntityManager [SessionImpl(938682705<open>)]
2026-01-25 11:13:39.316 [http-nio-8080-exec-4] DEBUG o.s.web.servlet.DispatcherServlet - GET "/api/payment/orders", parameters={}
2026-01-25 11:13:39.316 [http-nio-8080-exec-4] DEBUG o.s.w.s.m.m.a.RequestMappingHandlerMapping - Mapped to com.oxygen.capsule.controller.PaymentController#getUserPaymentOrders(String)
2026-01-25 11:13:39.316 [http-nio-8080-exec-4] DEBUG o.s.o.j.s.OpenEntityManagerInViewInterceptor - Opening JPA EntityManager in OpenEntityManagerInViewInterceptor
2026-01-25 11:13:39.316 [http-nio-8080-exec-3] DEBUG o.s.orm.jpa.JpaTransactionManager - Initiating transaction commit
2026-01-25 11:13:39.316 [http-nio-8080-exec-9] DEBUG o.s.w.s.m.m.a.RequestResponseBodyMethodProcessor - Using 'application/json', given [*/*] and supported [application/json, application/*+json]
2026-01-25 11:13:39.316 [http-nio-8080-exec-10] DEBUG o.s.orm.jpa.JpaTransactionManager - Not closing pre-bound JPA EntityManager after transaction
2026-01-25 11:13:39.316 [http-nio-8080-exec-9] DEBUG o.s.w.s.m.m.a.RequestResponseBodyMethodProcessor - Writing [Result(code=200, message=success, data={totalVisits=0, remainingVisits=201, memberExpireTime=2039-03 (truncated)...]
2026-01-25 11:13:39.316 [http-nio-8080-exec-10] DEBUG o.s.w.s.m.m.a.RequestResponseBodyMethodProcessor - Using 'application/json', given [*/*] and supported [application/json, application/*+json]
2026-01-25 11:13:39.316 [http-nio-8080-exec-3] DEBUG o.s.orm.jpa.JpaTransactionManager - Committing JPA transaction on EntityManager [SessionImpl(1346391831<open>)]
2026-01-25 11:13:39.317 [http-nio-8080-exec-10] DEBUG o.s.w.s.m.m.a.RequestResponseBodyMethodProcessor - Writing [Result(code=200, message=success, data=[{packageCategory=家庭/次卡, cardEndDate=2027-01-25T00:00, orderN (truncated)...]
2026-01-25 11:13:39.317 [http-nio-8080-exec-3] DEBUG o.s.orm.jpa.JpaTransactionManager - Not closing pre-bound JPA EntityManager after transaction
2026-01-25 11:13:39.317 [http-nio-8080-exec-9] DEBUG o.s.o.j.s.OpenEntityManagerInViewInterceptor - Closing JPA EntityManager in OpenEntityManagerInViewInterceptor
2026-01-25 11:13:39.317 [http-nio-8080-exec-1] DEBUG o.s.orm.jpa.JpaTransactionManager - Found thread-bound EntityManager [SessionImpl(1769916464<open>)] for JPA transaction
2026-01-25 11:13:39.317 [http-nio-8080-exec-1] DEBUG o.s.orm.jpa.JpaTransactionManager - Creating new transaction with name [org.springframework.data.jpa.repository.support.SimpleJpaRepository.findById]: PROPAGATION_REQUIRED,ISOLATION_DEFAULT,readOnly
2026-01-25 11:13:39.317 [http-nio-8080-exec-9] DEBUG o.s.web.servlet.DispatcherServlet - Completed 200 OK
2026-01-25 11:13:39.317 [http-nio-8080-exec-10] DEBUG o.s.o.j.s.OpenEntityManagerInViewInterceptor - Closing JPA EntityManager in OpenEntityManagerInViewInterceptor
2026-01-25 11:13:39.317 [http-nio-8080-exec-10] DEBUG o.s.web.servlet.DispatcherServlet - Completed 200 OK
2026-01-25 11:13:39.317 [http-nio-8080-exec-5] DEBUG o.s.web.servlet.DispatcherServlet - GET "/api/booking/orders", parameters={}
2026-01-25 11:13:39.318 [http-nio-8080-exec-5] DEBUG o.s.w.s.m.m.a.RequestMappingHandlerMapping - Mapped to com.oxygen.capsule.controller.BookingController#getUserOrders(String)
2026-01-25 11:13:39.318 [http-nio-8080-exec-1] DEBUG o.s.orm.jpa.JpaTransactionManager - Exposing JPA transaction as JDBC [org.springframework.orm.jpa.vendor.HibernateJpaDialect$HibernateConnectionHandle@53910e7b]
2026-01-25 11:13:39.318 [http-nio-8080-exec-5] DEBUG o.s.o.j.s.OpenEntityManagerInViewInterceptor - Opening JPA EntityManager in OpenEntityManagerInViewInterceptor
2026-01-25 11:13:39.318 [http-nio-8080-exec-5] DEBUG o.s.orm.jpa.JpaTransactionManager - Found thread-bound EntityManager [SessionImpl(4198130<open>)] for JPA transaction
2026-01-25 11:13:39.318 [http-nio-8080-exec-5] DEBUG o.s.orm.jpa.JpaTransactionManager - Creating new transaction with name [org.springframework.data.jpa.repository.support.SimpleJpaRepository.findById]: PROPAGATION_REQUIRED,ISOLATION_DEFAULT,readOnly
2026-01-25 11:13:39.318 [http-nio-8080-exec-1] DEBUG o.s.orm.jpa.JpaTransactionManager - Initiating transaction commit
2026-01-25 11:13:39.318 [http-nio-8080-exec-1] DEBUG o.s.orm.jpa.JpaTransactionManager - Committing JPA transaction on EntityManager [SessionImpl(1769916464<open>)]
2026-01-25 11:13:39.319 [http-nio-8080-exec-4] DEBUG o.s.orm.jpa.JpaTransactionManager - Found thread-bound EntityManager [SessionImpl(1347048531<open>)] for JPA transaction
2026-01-25 11:13:39.319 [http-nio-8080-exec-3] DEBUG o.s.w.s.m.m.a.RequestResponseBodyMethodProcessor - Using 'application/json', given [*/*] and supported [application/json, application/*+json]
2026-01-25 11:13:39.319 [http-nio-8080-exec-4] DEBUG o.s.orm.jpa.JpaTransactionManager - Creating new transaction with name [org.springframework.data.jpa.repository.support.SimpleJpaRepository.findById]: PROPAGATION_REQUIRED,ISOLATION_DEFAULT,readOnly
2026-01-25 11:13:39.319 [http-nio-8080-exec-1] DEBUG o.s.orm.jpa.JpaTransactionManager - Not closing pre-bound JPA EntityManager after transaction
2026-01-25 11:13:39.319 [http-nio-8080-exec-4] DEBUG o.s.orm.jpa.JpaTransactionManager - Exposing JPA transaction as JDBC [org.springframework.orm.jpa.vendor.HibernateJpaDialect$HibernateConnectionHandle@19e2200c]
2026-01-25 11:13:39.319 [http-nio-8080-exec-3] DEBUG o.s.w.s.m.m.a.RequestResponseBodyMethodProcessor - Writing [Result(code=200, message=success, data=[BookingOrder(id=7, orderNo=BK17693107357209356, userId=1, pa (truncated)...]
2026-01-25 11:13:39.319 [http-nio-8080-exec-5] DEBUG o.s.orm.jpa.JpaTransactionManager - Exposing JPA transaction as JDBC [org.springframework.orm.jpa.vendor.HibernateJpaDialect$HibernateConnectionHandle@6cfb5b43]
2026-01-25 11:13:39.319 [http-nio-8080-exec-3] DEBUG o.s.o.j.s.OpenEntityManagerInViewInterceptor - Closing JPA EntityManager in OpenEntityManagerInViewInterceptor
2026-01-25 11:13:39.320 [http-nio-8080-exec-3] DEBUG o.s.web.servlet.DispatcherServlet - Completed 200 OK
2026-01-25 11:13:39.320 [http-nio-8080-exec-4] DEBUG o.s.orm.jpa.JpaTransactionManager - Initiating transaction commit
2026-01-25 11:13:39.320 [http-nio-8080-exec-4] DEBUG o.s.orm.jpa.JpaTransactionManager - Committing JPA transaction on EntityManager [SessionImpl(1347048531<open>)]
2026-01-25 11:13:39.321 [http-nio-8080-exec-1] DEBUG o.s.w.s.m.m.a.RequestResponseBodyMethodProcessor - Using 'application/json', given [*/*] and supported [application/json, application/*+json]
2026-01-25 11:13:39.321 [http-nio-8080-exec-1] DEBUG o.s.w.s.m.m.a.RequestResponseBodyMethodProcessor - Writing [Result(code=200, message=success, data={totalVisits=0, remainingVisits=201, memberExpireTime=2039-03 (truncated)...]
2026-01-25 11:13:39.321 [http-nio-8080-exec-5] DEBUG o.s.orm.jpa.JpaTransactionManager - Initiating transaction commit
2026-01-25 11:13:39.321 [http-nio-8080-exec-4] DEBUG o.s.orm.jpa.JpaTransactionManager - Not closing pre-bound JPA EntityManager after transaction
2026-01-25 11:13:39.321 [http-nio-8080-exec-1] DEBUG o.s.o.j.s.OpenEntityManagerInViewInterceptor - Closing JPA EntityManager in OpenEntityManagerInViewInterceptor
2026-01-25 11:13:39.321 [http-nio-8080-exec-1] DEBUG o.s.web.servlet.DispatcherServlet - Completed 200 OK
2026-01-25 11:13:39.321 [http-nio-8080-exec-5] DEBUG o.s.orm.jpa.JpaTransactionManager - Committing JPA transaction on EntityManager [SessionImpl(4198130<open>)]
2026-01-25 11:13:39.321 [http-nio-8080-exec-4] DEBUG o.s.w.s.m.m.a.RequestResponseBodyMethodProcessor - Using 'application/json', given [*/*] and supported [application/json, application/*+json]
2026-01-25 11:13:39.321 [http-nio-8080-exec-4] DEBUG o.s.w.s.m.m.a.RequestResponseBodyMethodProcessor - Writing [Result(code=200, message=success, data=[{packageCategory=家庭/次卡, cardEndDate=2027-01-25T00:00, orderN (truncated)...]
2026-01-25 11:13:39.321 [http-nio-8080-exec-5] DEBUG o.s.orm.jpa.JpaTransactionManager - Not closing pre-bound JPA EntityManager after transaction
2026-01-25 11:13:39.321 [http-nio-8080-exec-4] DEBUG o.s.o.j.s.OpenEntityManagerInViewInterceptor - Closing JPA EntityManager in OpenEntityManagerInViewInterceptor
2026-01-25 11:13:39.321 [http-nio-8080-exec-4] DEBUG o.s.web.servlet.DispatcherServlet - Completed 200 OK
2026-01-25 11:13:39.323 [http-nio-8080-exec-5] DEBUG o.s.w.s.m.m.a.RequestResponseBodyMethodProcessor - Using 'application/json', given [*/*] and supported [application/json, application/*+json]
2026-01-25 11:13:39.323 [http-nio-8080-exec-5] DEBUG o.s.w.s.m.m.a.RequestResponseBodyMethodProcessor - Writing [Result(code=200, message=success, data=[BookingOrder(id=7, orderNo=BK17693107357209356, userId=1, pa (truncated)...]
2026-01-25 11:13:39.323 [http-nio-8080-exec-5] DEBUG o.s.o.j.s.OpenEntityManagerInViewInterceptor - Closing JPA EntityManager in OpenEntityManagerInViewInterceptor
2026-01-25 11:13:39.323 [http-nio-8080-exec-5] DEBUG o.s.web.servlet.DispatcherServlet - Completed 200 OK
2026-01-25 11:13:39.374 [http-nio-8080-exec-6] DEBUG o.s.web.servlet.DispatcherServlet - GET "/api/user/info", parameters={}
2026-01-25 11:13:39.375 [http-nio-8080-exec-6] DEBUG o.s.w.s.m.m.a.RequestMappingHandlerMapping - Mapped to com.oxygen.capsule.controller.UserController#getUserInfo(String)
2026-01-25 11:13:39.375 [http-nio-8080-exec-6] DEBUG o.s.o.j.s.OpenEntityManagerInViewInterceptor - Opening JPA EntityManager in OpenEntityManagerInViewInterceptor
2026-01-25 11:13:39.377 [http-nio-8080-exec-6] DEBUG o.s.orm.jpa.JpaTransactionManager - Found thread-bound EntityManager [SessionImpl(1883053547<open>)] for JPA transaction
2026-01-25 11:13:39.377 [http-nio-8080-exec-6] DEBUG o.s.orm.jpa.JpaTransactionManager - Creating new transaction with name [org.springframework.data.jpa.repository.support.SimpleJpaRepository.findById]: PROPAGATION_REQUIRED,ISOLATION_DEFAULT,readOnly
2026-01-25 11:13:39.378 [http-nio-8080-exec-6] DEBUG o.s.orm.jpa.JpaTransactionManager - Exposing JPA transaction as JDBC [org.springframework.orm.jpa.vendor.HibernateJpaDialect$HibernateConnectionHandle@23a2da5b]
2026-01-25 11:13:39.380 [http-nio-8080-exec-6] DEBUG o.s.orm.jpa.JpaTransactionManager - Initiating transaction commit
2026-01-25 11:13:39.380 [http-nio-8080-exec-6] DEBUG o.s.orm.jpa.JpaTransactionManager - Committing JPA transaction on EntityManager [SessionImpl(1883053547<open>)]
2026-01-25 11:13:39.381 [http-nio-8080-exec-6] DEBUG o.s.orm.jpa.JpaTransactionManager - Not closing pre-bound JPA EntityManager after transaction
2026-01-25 11:13:39.384 [http-nio-8080-exec-6] DEBUG o.s.w.s.m.m.a.RequestResponseBodyMethodProcessor - Using 'application/json', given [*/*] and supported [application/json, application/*+json]
2026-01-25 11:13:39.384 [http-nio-8080-exec-6] DEBUG o.s.w.s.m.m.a.RequestResponseBodyMethodProcessor - Writing [Result(code=200, message=success, data={totalVisits=0, remainingVisits=201, memberExpireTime=2039-03 (truncated)...]
2026-01-25 11:13:39.384 [http-nio-8080-exec-6] DEBUG o.s.o.j.s.OpenEntityManagerInViewInterceptor - Closing JPA EntityManager in OpenEntityManagerInViewInterceptor
2026-01-25 11:13:39.384 [http-nio-8080-exec-6] DEBUG o.s.web.servlet.DispatcherServlet - Completed 200 OK
2026-01-25 11:13:39.415 [http-nio-8080-exec-2] DEBUG o.s.web.servlet.DispatcherServlet - GET "/api/user/info", parameters={}
2026-01-25 11:13:39.415 [http-nio-8080-exec-2] DEBUG o.s.w.s.m.m.a.RequestMappingHandlerMapping - Mapped to com.oxygen.capsule.controller.UserController#getUserInfo(String)
2026-01-25 11:13:39.415 [http-nio-8080-exec-2] DEBUG o.s.o.j.s.OpenEntityManagerInViewInterceptor - Opening JPA EntityManager in OpenEntityManagerInViewInterceptor
2026-01-25 11:13:39.417 [http-nio-8080-exec-2] DEBUG o.s.orm.jpa.JpaTransactionManager - Found thread-bound EntityManager [SessionImpl(1393886560<open>)] for JPA transaction
2026-01-25 11:13:39.417 [http-nio-8080-exec-2] DEBUG o.s.orm.jpa.JpaTransactionManager - Creating new transaction with name [org.springframework.data.jpa.repository.support.SimpleJpaRepository.findById]: PROPAGATION_REQUIRED,ISOLATION_DEFAULT,readOnly
2026-01-25 11:13:39.417 [http-nio-8080-exec-2] DEBUG o.s.orm.jpa.JpaTransactionManager - Exposing JPA transaction as JDBC [org.springframework.orm.jpa.vendor.HibernateJpaDialect$HibernateConnectionHandle@7c19d4aa]
2026-01-25 11:13:39.418 [http-nio-8080-exec-2] DEBUG o.s.orm.jpa.JpaTransactionManager - Initiating transaction commit
2026-01-25 11:13:39.418 [http-nio-8080-exec-2] DEBUG o.s.orm.jpa.JpaTransactionManager - Committing JPA transaction on EntityManager [SessionImpl(1393886560<open>)]
2026-01-25 11:13:39.419 [http-nio-8080-exec-2] DEBUG o.s.orm.jpa.JpaTransactionManager - Not closing pre-bound JPA EntityManager after transaction
2026-01-25 11:13:39.421 [http-nio-8080-exec-2] DEBUG o.s.w.s.m.m.a.RequestResponseBodyMethodProcessor - Using 'application/json', given [*/*] and supported [application/json, application/*+json]
2026-01-25 11:13:39.421 [http-nio-8080-exec-2] DEBUG o.s.w.s.m.m.a.RequestResponseBodyMethodProcessor - Writing [Result(code=200, message=success, data={totalVisits=0, remainingVisits=201, memberExpireTime=2039-03 (truncated)...]
2026-01-25 11:13:39.421 [http-nio-8080-exec-2] DEBUG o.s.o.j.s.OpenEntityManagerInViewInterceptor - Closing JPA EntityManager in OpenEntityManagerInViewInterceptor
2026-01-25 11:13:39.422 [http-nio-8080-exec-2] DEBUG o.s.web.servlet.DispatcherServlet - Completed 200 OK
2026-01-25 11:13:53.906 [http-nio-8080-exec-7] DEBUG o.s.web.servlet.DispatcherServlet - POST "/api/staff/login", parameters={}
2026-01-25 11:13:53.909 [http-nio-8080-exec-7] DEBUG o.s.w.s.m.m.a.RequestMappingHandlerMapping - Mapped to com.oxygen.capsule.controller.StaffController#login(Map)
2026-01-25 11:13:53.909 [http-nio-8080-exec-7] DEBUG o.s.o.j.s.OpenEntityManagerInViewInterceptor - Opening JPA EntityManager in OpenEntityManagerInViewInterceptor
2026-01-25 11:13:53.915 [http-nio-8080-exec-7] DEBUG o.s.w.s.m.m.a.RequestResponseBodyMethodProcessor - Read "application/json;charset=UTF-8" to [{username=Admin, password=admin}]
2026-01-25 11:13:53.931 [http-nio-8080-exec-7] DEBUG o.s.orm.jpa.JpaTransactionManager - Found thread-bound EntityManager [SessionImpl(1958237451<open>)] for JPA transaction
2026-01-25 11:13:53.931 [http-nio-8080-exec-7] DEBUG o.s.orm.jpa.JpaTransactionManager - Creating new transaction with name [org.springframework.data.jpa.repository.support.SimpleJpaRepository.save]: PROPAGATION_REQUIRED,ISOLATION_DEFAULT
2026-01-25 11:13:53.932 [http-nio-8080-exec-7] DEBUG o.s.orm.jpa.JpaTransactionManager - Exposing JPA transaction as JDBC [org.springframework.orm.jpa.vendor.HibernateJpaDialect$HibernateConnectionHandle@228b6e29]
2026-01-25 11:13:53.933 [http-nio-8080-exec-7] DEBUG o.s.orm.jpa.JpaTransactionManager - Initiating transaction commit
2026-01-25 11:13:53.933 [http-nio-8080-exec-7] DEBUG o.s.orm.jpa.JpaTransactionManager - Committing JPA transaction on EntityManager [SessionImpl(1958237451<open>)]
2026-01-25 11:13:53.945 [http-nio-8080-exec-7] DEBUG o.s.orm.jpa.JpaTransactionManager - Not closing pre-bound JPA EntityManager after transaction
2026-01-25 11:13:53.958 [http-nio-8080-exec-7] DEBUG o.s.w.s.m.m.a.RequestResponseBodyMethodProcessor - Using 'application/json', given [*/*] and supported [application/json, application/*+json]
2026-01-25 11:13:53.958 [http-nio-8080-exec-7] DEBUG o.s.w.s.m.m.a.RequestResponseBodyMethodProcessor - Writing [Result(code=200, message=登录成功, data={userInfo={role=staff, phone=13800138000, name=管理员, id=1, userna (truncated)...]
2026-01-25 11:13:53.959 [http-nio-8080-exec-7] DEBUG o.s.o.j.s.OpenEntityManagerInViewInterceptor - Closing JPA EntityManager in OpenEntityManagerInViewInterceptor
2026-01-25 11:13:53.959 [http-nio-8080-exec-7] DEBUG o.s.web.servlet.DispatcherServlet - Completed 200 OK
2026-01-25 11:14:04.310 [http-nio-8080-exec-8] DEBUG o.s.web.servlet.DispatcherServlet - POST "/api/booking/verify/BK17693107357209356", parameters={}
2026-01-25 11:14:04.311 [http-nio-8080-exec-8] DEBUG o.s.w.s.m.m.a.RequestMappingHandlerMapping - Mapped to com.oxygen.capsule.controller.BookingController#verifyOrderByOrderNo(String, String)
2026-01-25 11:14:04.311 [http-nio-8080-exec-8] DEBUG o.s.o.j.s.OpenEntityManagerInViewInterceptor - Opening JPA EntityManager in OpenEntityManagerInViewInterceptor
2026-01-25 11:14:04.322 [http-nio-8080-exec-8] DEBUG o.s.orm.jpa.JpaTransactionManager - Found thread-bound EntityManager [SessionImpl(545377032<open>)] for JPA transaction
2026-01-25 11:14:04.322 [http-nio-8080-exec-8] DEBUG o.s.orm.jpa.JpaTransactionManager - Creating new transaction with name [org.springframework.data.jpa.repository.support.SimpleJpaRepository.findById]: PROPAGATION_REQUIRED,ISOLATION_DEFAULT,readOnly
2026-01-25 11:14:04.323 [http-nio-8080-exec-8] DEBUG o.s.orm.jpa.JpaTransactionManager - Exposing JPA transaction as JDBC [org.springframework.orm.jpa.vendor.HibernateJpaDialect$HibernateConnectionHandle@2f8b9bfc]
2026-01-25 11:14:04.324 [http-nio-8080-exec-8] DEBUG o.s.orm.jpa.JpaTransactionManager - Initiating transaction commit
2026-01-25 11:14:04.324 [http-nio-8080-exec-8] DEBUG o.s.orm.jpa.JpaTransactionManager - Committing JPA transaction on EntityManager [SessionImpl(545377032<open>)]
2026-01-25 11:14:04.324 [http-nio-8080-exec-8] DEBUG o.s.orm.jpa.JpaTransactionManager - Not closing pre-bound JPA EntityManager after transaction
2026-01-25 11:14:04.324 [http-nio-8080-exec-8] DEBUG o.s.orm.jpa.JpaTransactionManager - Found thread-bound EntityManager [SessionImpl(545377032<open>)] for JPA transaction
2026-01-25 11:14:04.324 [http-nio-8080-exec-8] DEBUG o.s.orm.jpa.JpaTransactionManager - Creating new transaction with name [org.springframework.data.jpa.repository.support.SimpleJpaRepository.save]: PROPAGATION_REQUIRED,ISOLATION_DEFAULT
2026-01-25 11:14:04.324 [http-nio-8080-exec-8] DEBUG o.s.orm.jpa.JpaTransactionManager - Exposing JPA transaction as JDBC [org.springframework.orm.jpa.vendor.HibernateJpaDialect$HibernateConnectionHandle@4675e980]
2026-01-25 11:14:04.325 [http-nio-8080-exec-8] DEBUG o.s.orm.jpa.JpaTransactionManager - Initiating transaction commit
2026-01-25 11:14:04.325 [http-nio-8080-exec-8] DEBUG o.s.orm.jpa.JpaTransactionManager - Committing JPA transaction on EntityManager [SessionImpl(545377032<open>)]
2026-01-25 11:14:04.328 [http-nio-8080-exec-8] DEBUG o.s.orm.jpa.JpaTransactionManager - Not closing pre-bound JPA EntityManager after transaction
2026-01-25 11:14:04.328 [http-nio-8080-exec-8] DEBUG o.s.orm.jpa.JpaTransactionManager - Found thread-bound EntityManager [SessionImpl(545377032<open>)] for JPA transaction
2026-01-25 11:14:04.328 [http-nio-8080-exec-8] DEBUG o.s.orm.jpa.JpaTransactionManager - Creating new transaction with name [org.springframework.data.jpa.repository.support.SimpleJpaRepository.save]: PROPAGATION_REQUIRED,ISOLATION_DEFAULT
2026-01-25 11:14:04.329 [http-nio-8080-exec-8] DEBUG o.s.orm.jpa.JpaTransactionManager - Exposing JPA transaction as JDBC [org.springframework.orm.jpa.vendor.HibernateJpaDialect$HibernateConnectionHandle@2fe5eb5a]
2026-01-25 11:14:04.329 [http-nio-8080-exec-8] DEBUG o.s.orm.jpa.JpaTransactionManager - Initiating transaction commit
2026-01-25 11:14:04.329 [http-nio-8080-exec-8] DEBUG o.s.orm.jpa.JpaTransactionManager - Committing JPA transaction on EntityManager [SessionImpl(545377032<open>)]
2026-01-25 11:14:04.333 [http-nio-8080-exec-8] DEBUG o.s.orm.jpa.JpaTransactionManager - Not closing pre-bound JPA EntityManager after transaction
2026-01-25 11:14:04.339 [http-nio-8080-exec-8] DEBUG o.s.orm.jpa.JpaTransactionManager - Found thread-bound EntityManager [SessionImpl(545377032<open>)] for JPA transaction
2026-01-25 11:14:04.339 [http-nio-8080-exec-8] DEBUG o.s.orm.jpa.JpaTransactionManager - Creating new transaction with name [org.springframework.data.jpa.repository.support.SimpleJpaRepository.save]: PROPAGATION_REQUIRED,ISOLATION_DEFAULT
2026-01-25 11:14:04.339 [http-nio-8080-exec-8] DEBUG o.s.orm.jpa.JpaTransactionManager - Exposing JPA transaction as JDBC [org.springframework.orm.jpa.vendor.HibernateJpaDialect$HibernateConnectionHandle@5be81379]
2026-01-25 11:14:04.341 [http-nio-8080-exec-8] DEBUG o.s.orm.jpa.JpaTransactionManager - Initiating transaction commit
2026-01-25 11:14:04.341 [http-nio-8080-exec-8] DEBUG o.s.orm.jpa.JpaTransactionManager - Committing JPA transaction on EntityManager [SessionImpl(545377032<open>)]
2026-01-25 11:14:04.342 [http-nio-8080-exec-8] DEBUG o.s.orm.jpa.JpaTransactionManager - Not closing pre-bound JPA EntityManager after transaction
2026-01-25 11:14:04.342 [http-nio-8080-exec-8] DEBUG o.s.orm.jpa.JpaTransactionManager - Found thread-bound EntityManager [SessionImpl(545377032<open>)] for JPA transaction
2026-01-25 11:14:04.342 [http-nio-8080-exec-8] DEBUG o.s.orm.jpa.JpaTransactionManager - Creating new transaction with name [org.springframework.data.jpa.repository.support.SimpleJpaRepository.save]: PROPAGATION_REQUIRED,ISOLATION_DEFAULT
2026-01-25 11:14:04.342 [http-nio-8080-exec-8] DEBUG o.s.orm.jpa.JpaTransactionManager - Exposing JPA transaction as JDBC [org.springframework.orm.jpa.vendor.HibernateJpaDialect$HibernateConnectionHandle@1cf3e5cd]
2026-01-25 11:14:04.342 [http-nio-8080-exec-8] DEBUG o.s.orm.jpa.JpaTransactionManager - Initiating transaction commit
2026-01-25 11:14:04.342 [http-nio-8080-exec-8] DEBUG o.s.orm.jpa.JpaTransactionManager - Committing JPA transaction on EntityManager [SessionImpl(545377032<open>)]
2026-01-25 11:14:04.344 [http-nio-8080-exec-8] DEBUG o.s.orm.jpa.JpaTransactionManager - Not closing pre-bound JPA EntityManager after transaction
2026-01-25 11:14:04.344 [http-nio-8080-exec-8] DEBUG o.s.orm.jpa.JpaTransactionManager - Found thread-bound EntityManager [SessionImpl(545377032<open>)] for JPA transaction
2026-01-25 11:14:04.344 [http-nio-8080-exec-8] DEBUG o.s.orm.jpa.JpaTransactionManager - Creating new transaction with name [org.springframework.data.jpa.repository.support.SimpleJpaRepository.findById]: PROPAGATION_REQUIRED,ISOLATION_DEFAULT,readOnly
2026-01-25 11:14:04.344 [http-nio-8080-exec-8] DEBUG o.s.orm.jpa.JpaTransactionManager - Exposing JPA transaction as JDBC [org.springframework.orm.jpa.vendor.HibernateJpaDialect$HibernateConnectionHandle@27f89330]
2026-01-25 11:14:04.346 [http-nio-8080-exec-8] DEBUG o.s.orm.jpa.JpaTransactionManager - Initiating transaction commit
2026-01-25 11:14:04.346 [http-nio-8080-exec-8] DEBUG o.s.orm.jpa.JpaTransactionManager - Committing JPA transaction on EntityManager [SessionImpl(545377032<open>)]
2026-01-25 11:14:04.346 [http-nio-8080-exec-8] DEBUG o.s.orm.jpa.JpaTransactionManager - Not closing pre-bound JPA EntityManager after transaction
2026-01-25 11:14:04.346 [http-nio-8080-exec-8] DEBUG o.s.orm.jpa.JpaTransactionManager - Found thread-bound EntityManager [SessionImpl(545377032<open>)] for JPA transaction
2026-01-25 11:14:04.346 [http-nio-8080-exec-8] DEBUG o.s.orm.jpa.JpaTransactionManager - Creating new transaction with name [org.springframework.data.jpa.repository.support.SimpleJpaRepository.findById]: PROPAGATION_REQUIRED,ISOLATION_DEFAULT,readOnly
2026-01-25 11:14:04.346 [http-nio-8080-exec-8] DEBUG o.s.orm.jpa.JpaTransactionManager - Exposing JPA transaction as JDBC [org.springframework.orm.jpa.vendor.HibernateJpaDialect$HibernateConnectionHandle@2ef4f8f3]
2026-01-25 11:14:04.347 [http-nio-8080-exec-8] DEBUG o.s.orm.jpa.JpaTransactionManager - Initiating transaction commit
2026-01-25 11:14:04.347 [http-nio-8080-exec-8] DEBUG o.s.orm.jpa.JpaTransactionManager - Committing JPA transaction on EntityManager [SessionImpl(545377032<open>)]
2026-01-25 11:14:04.347 [http-nio-8080-exec-8] DEBUG o.s.orm.jpa.JpaTransactionManager - Not closing pre-bound JPA EntityManager after transaction
2026-01-25 11:14:04.347 [http-nio-8080-exec-8] DEBUG o.s.orm.jpa.JpaTransactionManager - Found thread-bound EntityManager [SessionImpl(545377032<open>)] for JPA transaction
2026-01-25 11:14:04.347 [http-nio-8080-exec-8] DEBUG o.s.orm.jpa.JpaTransactionManager - Creating new transaction with name [org.springframework.data.jpa.repository.support.SimpleJpaRepository.save]: PROPAGATION_REQUIRED,ISOLATION_DEFAULT
2026-01-25 11:14:04.348 [http-nio-8080-exec-8] DEBUG o.s.orm.jpa.JpaTransactionManager - Exposing JPA transaction as JDBC [org.springframework.orm.jpa.vendor.HibernateJpaDialect$HibernateConnectionHandle@32f6d220]
2026-01-25 11:14:04.348 [http-nio-8080-exec-8] DEBUG o.s.orm.jpa.JpaTransactionManager - Initiating transaction commit
2026-01-25 11:14:04.348 [http-nio-8080-exec-8] DEBUG o.s.orm.jpa.JpaTransactionManager - Committing JPA transaction on EntityManager [SessionImpl(545377032<open>)]
2026-01-25 11:14:04.349 [http-nio-8080-exec-8] DEBUG o.s.orm.jpa.JpaTransactionManager - Not closing pre-bound JPA EntityManager after transaction
2026-01-25 11:14:04.349 [http-nio-8080-exec-8] DEBUG o.s.w.s.m.m.a.RequestResponseBodyMethodProcessor - Using 'application/json', given [*/*] and supported [application/json, application/*+json]
2026-01-25 11:14:04.350 [http-nio-8080-exec-8] DEBUG o.s.w.s.m.m.a.RequestResponseBodyMethodProcessor - Writing [Result(code=200, message=核销成功, data=BookingOrder(id=7, orderNo=BK17693107357209356, userId=1, paymen (truncated)...]
2026-01-25 11:14:04.350 [http-nio-8080-exec-8] DEBUG o.s.o.j.s.OpenEntityManagerInViewInterceptor - Closing JPA EntityManager in OpenEntityManagerInViewInterceptor
2026-01-25 11:14:04.350 [http-nio-8080-exec-8] DEBUG o.s.web.servlet.DispatcherServlet - Completed 200 OK
2026-01-25 11:14:09.816 [http-nio-8080-exec-10] DEBUG o.s.web.servlet.DispatcherServlet - GET "/api/payment/orders", parameters={}
2026-01-25 11:14:09.820 [http-nio-8080-exec-10] DEBUG o.s.w.s.m.m.a.RequestMappingHandlerMapping - Mapped to com.oxygen.capsule.controller.PaymentController#getUserPaymentOrders(String)
2026-01-25 11:14:09.820 [http-nio-8080-exec-10] DEBUG o.s.o.j.s.OpenEntityManagerInViewInterceptor - Opening JPA EntityManager in OpenEntityManagerInViewInterceptor
2026-01-25 11:14:09.835 [http-nio-8080-exec-10] DEBUG o.s.orm.jpa.JpaTransactionManager - Found thread-bound EntityManager [SessionImpl(899630456<open>)] for JPA transaction
2026-01-25 11:14:09.835 [http-nio-8080-exec-10] DEBUG o.s.orm.jpa.JpaTransactionManager - Creating new transaction with name [org.springframework.data.jpa.repository.support.SimpleJpaRepository.findById]: PROPAGATION_REQUIRED,ISOLATION_DEFAULT,readOnly
2026-01-25 11:14:09.836 [http-nio-8080-exec-10] DEBUG o.s.orm.jpa.JpaTransactionManager - Exposing JPA transaction as JDBC [org.springframework.orm.jpa.vendor.HibernateJpaDialect$HibernateConnectionHandle@9728259]
2026-01-25 11:14:09.837 [http-nio-8080-exec-10] DEBUG o.s.orm.jpa.JpaTransactionManager - Initiating transaction commit
2026-01-25 11:14:09.837 [http-nio-8080-exec-10] DEBUG o.s.orm.jpa.JpaTransactionManager - Committing JPA transaction on EntityManager [SessionImpl(899630456<open>)]
2026-01-25 11:14:09.838 [http-nio-8080-exec-10] DEBUG o.s.orm.jpa.JpaTransactionManager - Not closing pre-bound JPA EntityManager after transaction
2026-01-25 11:14:09.839 [http-nio-8080-exec-10] DEBUG o.s.w.s.m.m.a.RequestResponseBodyMethodProcessor - Using 'application/json', given [*/*] and supported [application/json, application/*+json]
2026-01-25 11:14:09.839 [http-nio-8080-exec-10] DEBUG o.s.w.s.m.m.a.RequestResponseBodyMethodProcessor - Writing [Result(code=200, message=success, data=[{packageCategory=家庭/次卡, cardEndDate=2027-01-25T00:00, orderN (truncated)...]
2026-01-25 11:14:09.840 [http-nio-8080-exec-10] DEBUG o.s.o.j.s.OpenEntityManagerInViewInterceptor - Closing JPA EntityManager in OpenEntityManagerInViewInterceptor
2026-01-25 11:14:09.841 [http-nio-8080-exec-10] DEBUG o.s.web.servlet.DispatcherServlet - Completed 200 OK
2026-01-25 11:14:09.842 [http-nio-8080-exec-9] DEBUG o.s.web.servlet.DispatcherServlet - GET "/api/payment/orders", parameters={}
2026-01-25 11:14:09.843 [http-nio-8080-exec-9] DEBUG o.s.w.s.m.m.a.RequestMappingHandlerMapping - Mapped to com.oxygen.capsule.controller.PaymentController#getUserPaymentOrders(String)
2026-01-25 11:14:09.843 [http-nio-8080-exec-9] DEBUG o.s.o.j.s.OpenEntityManagerInViewInterceptor - Opening JPA EntityManager in OpenEntityManagerInViewInterceptor
2026-01-25 11:14:09.846 [http-nio-8080-exec-9] DEBUG o.s.orm.jpa.JpaTransactionManager - Found thread-bound EntityManager [SessionImpl(891996028<open>)] for JPA transaction
2026-01-25 11:14:09.846 [http-nio-8080-exec-9] DEBUG o.s.orm.jpa.JpaTransactionManager - Creating new transaction with name [org.springframework.data.jpa.repository.support.SimpleJpaRepository.findById]: PROPAGATION_REQUIRED,ISOLATION_DEFAULT,readOnly
2026-01-25 11:14:09.847 [http-nio-8080-exec-9] DEBUG o.s.orm.jpa.JpaTransactionManager - Exposing JPA transaction as JDBC [org.springframework.orm.jpa.vendor.HibernateJpaDialect$HibernateConnectionHandle@15ebec4a]
2026-01-25 11:14:09.848 [http-nio-8080-exec-9] DEBUG o.s.orm.jpa.JpaTransactionManager - Initiating transaction commit
2026-01-25 11:14:09.848 [http-nio-8080-exec-9] DEBUG o.s.orm.jpa.JpaTransactionManager - Committing JPA transaction on EntityManager [SessionImpl(891996028<open>)]
2026-01-25 11:14:09.848 [http-nio-8080-exec-9] DEBUG o.s.orm.jpa.JpaTransactionManager - Not closing pre-bound JPA EntityManager after transaction
2026-01-25 11:14:09.849 [http-nio-8080-exec-9] DEBUG o.s.w.s.m.m.a.RequestResponseBodyMethodProcessor - Using 'application/json', given [*/*] and supported [application/json, application/*+json]
2026-01-25 11:14:09.849 [http-nio-8080-exec-9] DEBUG o.s.w.s.m.m.a.RequestResponseBodyMethodProcessor - Writing [Result(code=200, message=success, data=[{packageCategory=家庭/次卡, cardEndDate=2027-01-25T00:00, orderN (truncated)...]
2026-01-25 11:14:09.849 [http-nio-8080-exec-9] DEBUG o.s.o.j.s.OpenEntityManagerInViewInterceptor - Closing JPA EntityManager in OpenEntityManagerInViewInterceptor
2026-01-25 11:14:09.849 [http-nio-8080-exec-9] DEBUG o.s.web.servlet.DispatcherServlet - Completed 200 OK
2026-01-25 11:14:11.168 [http-nio-8080-exec-3] DEBUG o.s.web.servlet.DispatcherServlet - GET "/api/user/info", parameters={}
2026-01-25 11:14:11.168 [http-nio-8080-exec-1] DEBUG o.s.web.servlet.DispatcherServlet - GET "/api/payment/orders", parameters={}
2026-01-25 11:14:11.168 [http-nio-8080-exec-1] DEBUG o.s.w.s.m.m.a.RequestMappingHandlerMapping - Mapped to com.oxygen.capsule.controller.PaymentController#getUserPaymentOrders(String)
2026-01-25 11:14:11.168 [http-nio-8080-exec-3] DEBUG o.s.w.s.m.m.a.RequestMappingHandlerMapping - Mapped to com.oxygen.capsule.controller.UserController#getUserInfo(String)
2026-01-25 11:14:11.169 [http-nio-8080-exec-1] DEBUG o.s.o.j.s.OpenEntityManagerInViewInterceptor - Opening JPA EntityManager in OpenEntityManagerInViewInterceptor
2026-01-25 11:14:11.169 [http-nio-8080-exec-3] DEBUG o.s.o.j.s.OpenEntityManagerInViewInterceptor - Opening JPA EntityManager in OpenEntityManagerInViewInterceptor
2026-01-25 11:14:11.170 [http-nio-8080-exec-4] DEBUG o.s.web.servlet.DispatcherServlet - GET "/api/booking/orders", parameters={}
2026-01-25 11:14:11.170 [http-nio-8080-exec-4] DEBUG o.s.w.s.m.m.a.RequestMappingHandlerMapping - Mapped to com.oxygen.capsule.controller.BookingController#getUserOrders(String)
2026-01-25 11:14:11.171 [http-nio-8080-exec-4] DEBUG o.s.o.j.s.OpenEntityManagerInViewInterceptor - Opening JPA EntityManager in OpenEntityManagerInViewInterceptor
2026-01-25 11:14:11.171 [http-nio-8080-exec-3] DEBUG o.s.orm.jpa.JpaTransactionManager - Found thread-bound EntityManager [SessionImpl(1565680912<open>)] for JPA transaction
2026-01-25 11:14:11.171 [http-nio-8080-exec-3] DEBUG o.s.orm.jpa.JpaTransactionManager - Creating new transaction with name [org.springframework.data.jpa.repository.support.SimpleJpaRepository.findById]: PROPAGATION_REQUIRED,ISOLATION_DEFAULT,readOnly
2026-01-25 11:14:11.173 [http-nio-8080-exec-3] DEBUG o.s.orm.jpa.JpaTransactionManager - Exposing JPA transaction as JDBC [org.springframework.orm.jpa.vendor.HibernateJpaDialect$HibernateConnectionHandle@698f2946]
2026-01-25 11:14:11.175 [http-nio-8080-exec-4] DEBUG o.s.orm.jpa.JpaTransactionManager - Found thread-bound EntityManager [SessionImpl(2133932557<open>)] for JPA transaction
2026-01-25 11:14:11.175 [http-nio-8080-exec-4] DEBUG o.s.orm.jpa.JpaTransactionManager - Creating new transaction with name [org.springframework.data.jpa.repository.support.SimpleJpaRepository.findById]: PROPAGATION_REQUIRED,ISOLATION_DEFAULT,readOnly
2026-01-25 11:14:11.176 [http-nio-8080-exec-3] DEBUG o.s.orm.jpa.JpaTransactionManager - Initiating transaction commit
2026-01-25 11:14:11.176 [http-nio-8080-exec-1] DEBUG o.s.orm.jpa.JpaTransactionManager - Found thread-bound EntityManager [SessionImpl(30902268<open>)] for JPA transaction
2026-01-25 11:14:11.176 [http-nio-8080-exec-3] DEBUG o.s.orm.jpa.JpaTransactionManager - Committing JPA transaction on EntityManager [SessionImpl(1565680912<open>)]
2026-01-25 11:14:11.176 [http-nio-8080-exec-1] DEBUG o.s.orm.jpa.JpaTransactionManager - Creating new transaction with name [org.springframework.data.jpa.repository.support.SimpleJpaRepository.findById]: PROPAGATION_REQUIRED,ISOLATION_DEFAULT,readOnly
2026-01-25 11:14:11.176 [http-nio-8080-exec-4] DEBUG o.s.orm.jpa.JpaTransactionManager - Exposing JPA transaction as JDBC [org.springframework.orm.jpa.vendor.HibernateJpaDialect$HibernateConnectionHandle@32f03406]
2026-01-25 11:14:11.177 [http-nio-8080-exec-1] DEBUG o.s.orm.jpa.JpaTransactionManager - Exposing JPA transaction as JDBC [org.springframework.orm.jpa.vendor.HibernateJpaDialect$HibernateConnectionHandle@493643cd]
2026-01-25 11:14:11.177 [http-nio-8080-exec-3] DEBUG o.s.orm.jpa.JpaTransactionManager - Not closing pre-bound JPA EntityManager after transaction
2026-01-25 11:14:11.178 [http-nio-8080-exec-4] DEBUG o.s.orm.jpa.JpaTransactionManager - Initiating transaction commit
2026-01-25 11:14:11.178 [http-nio-8080-exec-1] DEBUG o.s.orm.jpa.JpaTransactionManager - Initiating transaction commit
2026-01-25 11:14:11.178 [http-nio-8080-exec-4] DEBUG o.s.orm.jpa.JpaTransactionManager - Committing JPA transaction on EntityManager [SessionImpl(2133932557<open>)]
2026-01-25 11:14:11.178 [http-nio-8080-exec-1] DEBUG o.s.orm.jpa.JpaTransactionManager - Committing JPA transaction on EntityManager [SessionImpl(30902268<open>)]
2026-01-25 11:14:11.178 [http-nio-8080-exec-4] DEBUG o.s.orm.jpa.JpaTransactionManager - Not closing pre-bound JPA EntityManager after transaction
2026-01-25 11:14:11.178 [http-nio-8080-exec-1] DEBUG o.s.orm.jpa.JpaTransactionManager - Not closing pre-bound JPA EntityManager after transaction
2026-01-25 11:14:11.179 [http-nio-8080-exec-1] DEBUG o.s.w.s.m.m.a.RequestResponseBodyMethodProcessor - Using 'application/json', given [*/*] and supported [application/json, application/*+json]
2026-01-25 11:14:11.179 [http-nio-8080-exec-1] DEBUG o.s.w.s.m.m.a.RequestResponseBodyMethodProcessor - Writing [Result(code=200, message=success, data=[{packageCategory=家庭/次卡, cardEndDate=2027-01-25T00:00, orderN (truncated)...]
2026-01-25 11:14:11.179 [http-nio-8080-exec-1] DEBUG o.s.o.j.s.OpenEntityManagerInViewInterceptor - Closing JPA EntityManager in OpenEntityManagerInViewInterceptor
2026-01-25 11:14:11.180 [http-nio-8080-exec-3] DEBUG o.s.w.s.m.m.a.RequestResponseBodyMethodProcessor - Using 'application/json', given [*/*] and supported [application/json, application/*+json]
2026-01-25 11:14:11.180 [http-nio-8080-exec-3] DEBUG o.s.w.s.m.m.a.RequestResponseBodyMethodProcessor - Writing [Result(code=200, message=success, data={totalVisits=0, remainingVisits=201, memberExpireTime=2039-03 (truncated)...]
2026-01-25 11:14:11.180 [http-nio-8080-exec-1] DEBUG o.s.web.servlet.DispatcherServlet - Completed 200 OK
2026-01-25 11:14:11.180 [http-nio-8080-exec-3] DEBUG o.s.o.j.s.OpenEntityManagerInViewInterceptor - Closing JPA EntityManager in OpenEntityManagerInViewInterceptor
2026-01-25 11:14:11.181 [http-nio-8080-exec-3] DEBUG o.s.web.servlet.DispatcherServlet - Completed 200 OK
2026-01-25 11:14:11.182 [http-nio-8080-exec-4] DEBUG o.s.w.s.m.m.a.RequestResponseBodyMethodProcessor - Using 'application/json', given [*/*] and supported [application/json, application/*+json]
2026-01-25 11:14:11.182 [http-nio-8080-exec-4] DEBUG o.s.w.s.m.m.a.RequestResponseBodyMethodProcessor - Writing [Result(code=200, message=success, data=[BookingOrder(id=7, orderNo=BK17693107357209356, userId=1, pa (truncated)...]
2026-01-25 11:14:11.182 [http-nio-8080-exec-3] DEBUG o.s.web.servlet.DispatcherServlet - GET "/api/payment/orders", parameters={}
2026-01-25 11:14:11.182 [http-nio-8080-exec-3] DEBUG o.s.w.s.m.m.a.RequestMappingHandlerMapping - Mapped to com.oxygen.capsule.controller.PaymentController#getUserPaymentOrders(String)
2026-01-25 11:14:11.183 [http-nio-8080-exec-3] DEBUG o.s.o.j.s.OpenEntityManagerInViewInterceptor - Opening JPA EntityManager in OpenEntityManagerInViewInterceptor
2026-01-25 11:14:11.183 [http-nio-8080-exec-4] DEBUG o.s.o.j.s.OpenEntityManagerInViewInterceptor - Closing JPA EntityManager in OpenEntityManagerInViewInterceptor
2026-01-25 11:14:11.183 [http-nio-8080-exec-4] DEBUG o.s.web.servlet.DispatcherServlet - Completed 200 OK
2026-01-25 11:14:11.185 [http-nio-8080-exec-6] DEBUG o.s.web.servlet.DispatcherServlet - GET "/api/user/info", parameters={}
2026-01-25 11:14:11.185 [http-nio-8080-exec-6] DEBUG o.s.w.s.m.m.a.RequestMappingHandlerMapping - Mapped to com.oxygen.capsule.controller.UserController#getUserInfo(String)
2026-01-25 11:14:11.186 [http-nio-8080-exec-6] DEBUG o.s.o.j.s.OpenEntityManagerInViewInterceptor - Opening JPA EntityManager in OpenEntityManagerInViewInterceptor
2026-01-25 11:14:11.186 [http-nio-8080-exec-2] DEBUG o.s.web.servlet.DispatcherServlet - GET "/api/booking/orders", parameters={}
2026-01-25 11:14:11.186 [http-nio-8080-exec-2] DEBUG o.s.w.s.m.m.a.RequestMappingHandlerMapping - Mapped to com.oxygen.capsule.controller.BookingController#getUserOrders(String)
2026-01-25 11:14:11.187 [http-nio-8080-exec-2] DEBUG o.s.o.j.s.OpenEntityManagerInViewInterceptor - Opening JPA EntityManager in OpenEntityManagerInViewInterceptor
2026-01-25 11:14:11.188 [http-nio-8080-exec-2] DEBUG o.s.orm.jpa.JpaTransactionManager - Found thread-bound EntityManager [SessionImpl(1695934191<open>)] for JPA transaction
2026-01-25 11:14:11.188 [http-nio-8080-exec-6] DEBUG o.s.orm.jpa.JpaTransactionManager - Found thread-bound EntityManager [SessionImpl(1082126693<open>)] for JPA transaction
2026-01-25 11:14:11.188 [http-nio-8080-exec-2] DEBUG o.s.orm.jpa.JpaTransactionManager - Creating new transaction with name [org.springframework.data.jpa.repository.support.SimpleJpaRepository.findById]: PROPAGATION_REQUIRED,ISOLATION_DEFAULT,readOnly
2026-01-25 11:14:11.188 [http-nio-8080-exec-3] DEBUG o.s.orm.jpa.JpaTransactionManager - Found thread-bound EntityManager [SessionImpl(1336912965<open>)] for JPA transaction
2026-01-25 11:14:11.188 [http-nio-8080-exec-6] DEBUG o.s.orm.jpa.JpaTransactionManager - Creating new transaction with name [org.springframework.data.jpa.repository.support.SimpleJpaRepository.findById]: PROPAGATION_REQUIRED,ISOLATION_DEFAULT,readOnly
2026-01-25 11:14:11.189 [http-nio-8080-exec-3] DEBUG o.s.orm.jpa.JpaTransactionManager - Creating new transaction with name [org.springframework.data.jpa.repository.support.SimpleJpaRepository.findById]: PROPAGATION_REQUIRED,ISOLATION_DEFAULT,readOnly
2026-01-25 11:14:11.189 [http-nio-8080-exec-3] DEBUG o.s.orm.jpa.JpaTransactionManager - Exposing JPA transaction as JDBC [org.springframework.orm.jpa.vendor.HibernateJpaDialect$HibernateConnectionHandle@55730f1a]
2026-01-25 11:14:11.189 [http-nio-8080-exec-2] DEBUG o.s.orm.jpa.JpaTransactionManager - Exposing JPA transaction as JDBC [org.springframework.orm.jpa.vendor.HibernateJpaDialect$HibernateConnectionHandle@55b35ada]
2026-01-25 11:14:11.189 [http-nio-8080-exec-6] DEBUG o.s.orm.jpa.JpaTransactionManager - Exposing JPA transaction as JDBC [org.springframework.orm.jpa.vendor.HibernateJpaDialect$HibernateConnectionHandle@1c21f15]
2026-01-25 11:14:11.190 [http-nio-8080-exec-6] DEBUG o.s.orm.jpa.JpaTransactionManager - Initiating transaction commit
2026-01-25 11:14:11.190 [http-nio-8080-exec-3] DEBUG o.s.orm.jpa.JpaTransactionManager - Initiating transaction commit
2026-01-25 11:14:11.190 [http-nio-8080-exec-6] DEBUG o.s.orm.jpa.JpaTransactionManager - Committing JPA transaction on EntityManager [SessionImpl(1082126693<open>)]
2026-01-25 11:14:11.190 [http-nio-8080-exec-2] DEBUG o.s.orm.jpa.JpaTransactionManager - Initiating transaction commit
2026-01-25 11:14:11.190 [http-nio-8080-exec-3] DEBUG o.s.orm.jpa.JpaTransactionManager - Committing JPA transaction on EntityManager [SessionImpl(1336912965<open>)]
2026-01-25 11:14:11.190 [http-nio-8080-exec-2] DEBUG o.s.orm.jpa.JpaTransactionManager - Committing JPA transaction on EntityManager [SessionImpl(1695934191<open>)]
2026-01-25 11:14:11.190 [http-nio-8080-exec-6] DEBUG o.s.orm.jpa.JpaTransactionManager - Not closing pre-bound JPA EntityManager after transaction
2026-01-25 11:14:11.190 [http-nio-8080-exec-2] DEBUG o.s.orm.jpa.JpaTransactionManager - Not closing pre-bound JPA EntityManager after transaction
2026-01-25 11:14:11.190 [http-nio-8080-exec-3] DEBUG o.s.orm.jpa.JpaTransactionManager - Not closing pre-bound JPA EntityManager after transaction
2026-01-25 11:14:11.190 [http-nio-8080-exec-3] DEBUG o.s.w.s.m.m.a.RequestResponseBodyMethodProcessor - Using 'application/json', given [*/*] and supported [application/json, application/*+json]
2026-01-25 11:14:11.191 [http-nio-8080-exec-3] DEBUG o.s.w.s.m.m.a.RequestResponseBodyMethodProcessor - Writing [Result(code=200, message=success, data=[{packageCategory=家庭/次卡, cardEndDate=2027-01-25T00:00, orderN (truncated)...]
2026-01-25 11:14:11.191 [http-nio-8080-exec-3] DEBUG o.s.o.j.s.OpenEntityManagerInViewInterceptor - Closing JPA EntityManager in OpenEntityManagerInViewInterceptor
2026-01-25 11:14:11.191 [http-nio-8080-exec-3] DEBUG o.s.web.servlet.DispatcherServlet - Completed 200 OK
2026-01-25 11:14:11.193 [http-nio-8080-exec-2] DEBUG o.s.w.s.m.m.a.RequestResponseBodyMethodProcessor - Using 'application/json', given [*/*] and supported [application/json, application/*+json]
2026-01-25 11:14:11.193 [http-nio-8080-exec-2] DEBUG o.s.w.s.m.m.a.RequestResponseBodyMethodProcessor - Writing [Result(code=200, message=success, data=[BookingOrder(id=7, orderNo=BK17693107357209356, userId=1, pa (truncated)...]
2026-01-25 11:14:11.193 [http-nio-8080-exec-6] DEBUG o.s.w.s.m.m.a.RequestResponseBodyMethodProcessor - Using 'application/json', given [*/*] and supported [application/json, application/*+json]
2026-01-25 11:14:11.194 [http-nio-8080-exec-6] DEBUG o.s.w.s.m.m.a.RequestResponseBodyMethodProcessor - Writing [Result(code=200, message=success, data={totalVisits=0, remainingVisits=201, memberExpireTime=2039-03 (truncated)...]
2026-01-25 11:14:11.194 [http-nio-8080-exec-2] DEBUG o.s.o.j.s.OpenEntityManagerInViewInterceptor - Closing JPA EntityManager in OpenEntityManagerInViewInterceptor
2026-01-25 11:14:11.194 [http-nio-8080-exec-6] DEBUG o.s.o.j.s.OpenEntityManagerInViewInterceptor - Closing JPA EntityManager in OpenEntityManagerInViewInterceptor
2026-01-25 11:14:11.194 [http-nio-8080-exec-2] DEBUG o.s.web.servlet.DispatcherServlet - Completed 200 OK
2026-01-25 11:14:11.194 [http-nio-8080-exec-6] DEBUG o.s.web.servlet.DispatcherServlet - Completed 200 OK
2026-01-25 11:14:46.608 [http-nio-8080-exec-5] DEBUG o.s.web.servlet.DispatcherServlet - GET "/api/packages/category?category=%E4%B8%AA%E4%BA%BA%E7%95%85%E4%BA%AB", parameters={masked}
2026-01-25 11:14:46.610 [http-nio-8080-exec-5] DEBUG o.s.w.s.m.m.a.RequestMappingHandlerMapping - Mapped to com.oxygen.capsule.controller.MemberPackageController#getPackagesByCategoryParam(String)
2026-01-25 11:14:46.610 [http-nio-8080-exec-5] DEBUG o.s.o.j.s.OpenEntityManagerInViewInterceptor - Opening JPA EntityManager in OpenEntityManagerInViewInterceptor
2026-01-25 11:14:46.623 [http-nio-8080-exec-5] DEBUG o.s.w.s.m.m.a.RequestResponseBodyMethodProcessor - Using 'application/json', given [*/*] and supported [application/json, application/*+json]
2026-01-25 11:14:46.623 [http-nio-8080-exec-5] DEBUG o.s.w.s.m.m.a.RequestResponseBodyMethodProcessor - Writing [Result(code=200, message=success, data=[MemberPackage(id=1, code=MONTHLY, name=月卡, price=3980.0, peo (truncated)...]
2026-01-25 11:14:46.624 [http-nio-8080-exec-5] DEBUG o.s.o.j.s.OpenEntityManagerInViewInterceptor - Closing JPA EntityManager in OpenEntityManagerInViewInterceptor
2026-01-25 11:14:46.624 [http-nio-8080-exec-5] DEBUG o.s.web.servlet.DispatcherServlet - Completed 200 OK
2026-01-25 11:14:46.627 [http-nio-8080-exec-4] DEBUG o.s.web.servlet.DispatcherServlet - GET "/api/packages/category?category=%E4%B8%AA%E4%BA%BA%E7%95%85%E4%BA%AB", parameters={masked}
2026-01-25 11:14:46.627 [http-nio-8080-exec-4] DEBUG o.s.w.s.m.m.a.RequestMappingHandlerMapping - Mapped to com.oxygen.capsule.controller.MemberPackageController#getPackagesByCategoryParam(String)
2026-01-25 11:14:46.627 [http-nio-8080-exec-4] DEBUG o.s.o.j.s.OpenEntityManagerInViewInterceptor - Opening JPA EntityManager in OpenEntityManagerInViewInterceptor
2026-01-25 11:14:46.630 [http-nio-8080-exec-4] DEBUG o.s.w.s.m.m.a.RequestResponseBodyMethodProcessor - Using 'application/json', given [*/*] and supported [application/json, application/*+json]
2026-01-25 11:14:46.630 [http-nio-8080-exec-4] DEBUG o.s.w.s.m.m.a.RequestResponseBodyMethodProcessor - Writing [Result(code=200, message=success, data=[MemberPackage(id=1, code=MONTHLY, name=月卡, price=3980.0, peo (truncated)...]
2026-01-25 11:14:46.631 [http-nio-8080-exec-4] DEBUG o.s.o.j.s.OpenEntityManagerInViewInterceptor - Closing JPA EntityManager in OpenEntityManagerInViewInterceptor
2026-01-25 11:14:46.631 [http-nio-8080-exec-4] DEBUG o.s.web.servlet.DispatcherServlet - Completed 200 OK
2026-01-25 11:14:48.315 [http-nio-8080-exec-3] DEBUG o.s.web.servlet.DispatcherServlet - GET "/api/packages/category?category=%E5%AE%B6%E5%BA%AD%2F%E6%AC%A1%E5%8D%A1", parameters={masked}
2026-01-25 11:14:48.315 [http-nio-8080-exec-3] DEBUG o.s.w.s.m.m.a.RequestMappingHandlerMapping - Mapped to com.oxygen.capsule.controller.MemberPackageController#getPackagesByCategoryParam(String)
2026-01-25 11:14:48.315 [http-nio-8080-exec-3] DEBUG o.s.o.j.s.OpenEntityManagerInViewInterceptor - Opening JPA EntityManager in OpenEntityManagerInViewInterceptor
2026-01-25 11:14:48.321 [http-nio-8080-exec-3] DEBUG o.s.w.s.m.m.a.RequestResponseBodyMethodProcessor - Using 'application/json', given [*/*] and supported [application/json, application/*+json]
2026-01-25 11:14:48.321 [http-nio-8080-exec-3] DEBUG o.s.w.s.m.m.a.RequestResponseBodyMethodProcessor - Writing [Result(code=200, message=success, data=[MemberPackage(id=9, code=FAMILY_100, name=家庭100次卡, price=198 (truncated)...]
2026-01-25 11:14:48.322 [http-nio-8080-exec-3] DEBUG o.s.o.j.s.OpenEntityManagerInViewInterceptor - Closing JPA EntityManager in OpenEntityManagerInViewInterceptor
2026-01-25 11:14:48.322 [http-nio-8080-exec-3] DEBUG o.s.web.servlet.DispatcherServlet - Completed 200 OK
2026-01-25 11:14:52.157 [http-nio-8080-exec-2] DEBUG o.s.web.servlet.DispatcherServlet - GET "/api/payment/orders", parameters={}
2026-01-25 11:14:52.159 [http-nio-8080-exec-2] DEBUG o.s.w.s.m.m.a.RequestMappingHandlerMapping - Mapped to com.oxygen.capsule.controller.PaymentController#getUserPaymentOrders(String)
2026-01-25 11:14:52.159 [http-nio-8080-exec-2] DEBUG o.s.o.j.s.OpenEntityManagerInViewInterceptor - Opening JPA EntityManager in OpenEntityManagerInViewInterceptor
2026-01-25 11:14:52.178 [http-nio-8080-exec-2] DEBUG o.s.orm.jpa.JpaTransactionManager - Found thread-bound EntityManager [SessionImpl(783257528<open>)] for JPA transaction
2026-01-25 11:14:52.178 [http-nio-8080-exec-2] DEBUG o.s.orm.jpa.JpaTransactionManager - Creating new transaction with name [org.springframework.data.jpa.repository.support.SimpleJpaRepository.findById]: PROPAGATION_REQUIRED,ISOLATION_DEFAULT,readOnly
2026-01-25 11:14:52.179 [http-nio-8080-exec-2] DEBUG o.s.orm.jpa.JpaTransactionManager - Exposing JPA transaction as JDBC [org.springframework.orm.jpa.vendor.HibernateJpaDialect$HibernateConnectionHandle@2cebb964]
2026-01-25 11:14:52.180 [http-nio-8080-exec-2] DEBUG o.s.orm.jpa.JpaTransactionManager - Initiating transaction commit
2026-01-25 11:14:52.180 [http-nio-8080-exec-2] DEBUG o.s.orm.jpa.JpaTransactionManager - Committing JPA transaction on EntityManager [SessionImpl(783257528<open>)]
2026-01-25 11:14:52.181 [http-nio-8080-exec-2] DEBUG o.s.orm.jpa.JpaTransactionManager - Not closing pre-bound JPA EntityManager after transaction
2026-01-25 11:14:52.183 [http-nio-8080-exec-2] DEBUG o.s.w.s.m.m.a.RequestResponseBodyMethodProcessor - Using 'application/json', given [*/*] and supported [application/json, application/*+json]
2026-01-25 11:14:52.183 [http-nio-8080-exec-2] DEBUG o.s.w.s.m.m.a.RequestResponseBodyMethodProcessor - Writing [Result(code=200, message=success, data=[{packageCategory=家庭/次卡, cardEndDate=2027-01-25T00:00, orderN (truncated)...]
2026-01-25 11:14:52.184 [http-nio-8080-exec-2] DEBUG o.s.o.j.s.OpenEntityManagerInViewInterceptor - Closing JPA EntityManager in OpenEntityManagerInViewInterceptor
2026-01-25 11:14:52.184 [http-nio-8080-exec-2] DEBUG o.s.web.servlet.DispatcherServlet - Completed 200 OK
2026-01-25 11:14:52.200 [http-nio-8080-exec-6] DEBUG o.s.web.servlet.DispatcherServlet - GET "/api/user/info", parameters={}
2026-01-25 11:14:52.200 [http-nio-8080-exec-6] DEBUG o.s.w.s.m.m.a.RequestMappingHandlerMapping - Mapped to com.oxygen.capsule.controller.UserController#getUserInfo(String)
2026-01-25 11:14:52.200 [http-nio-8080-exec-6] DEBUG o.s.o.j.s.OpenEntityManagerInViewInterceptor - Opening JPA EntityManager in OpenEntityManagerInViewInterceptor
2026-01-25 11:14:52.203 [http-nio-8080-exec-6] DEBUG o.s.orm.jpa.JpaTransactionManager - Found thread-bound EntityManager [SessionImpl(1074877684<open>)] for JPA transaction
2026-01-25 11:14:52.203 [http-nio-8080-exec-6] DEBUG o.s.orm.jpa.JpaTransactionManager - Creating new transaction with name [org.springframework.data.jpa.repository.support.SimpleJpaRepository.findById]: PROPAGATION_REQUIRED,ISOLATION_DEFAULT,readOnly
2026-01-25 11:14:52.204 [http-nio-8080-exec-6] DEBUG o.s.orm.jpa.JpaTransactionManager - Exposing JPA transaction as JDBC [org.springframework.orm.jpa.vendor.HibernateJpaDialect$HibernateConnectionHandle@7fd22461]
2026-01-25 11:14:52.206 [http-nio-8080-exec-6] DEBUG o.s.orm.jpa.JpaTransactionManager - Initiating transaction commit
2026-01-25 11:14:52.207 [http-nio-8080-exec-6] DEBUG o.s.orm.jpa.JpaTransactionManager - Committing JPA transaction on EntityManager [SessionImpl(1074877684<open>)]
2026-01-25 11:14:52.207 [http-nio-8080-exec-6] DEBUG o.s.orm.jpa.JpaTransactionManager - Not closing pre-bound JPA EntityManager after transaction
2026-01-25 11:14:52.210 [http-nio-8080-exec-6] DEBUG o.s.w.s.m.m.a.RequestResponseBodyMethodProcessor - Using 'application/json', given [*/*] and supported [application/json, application/*+json]
2026-01-25 11:14:52.210 [http-nio-8080-exec-6] DEBUG o.s.w.s.m.m.a.RequestResponseBodyMethodProcessor - Writing [Result(code=200, message=success, data={totalVisits=0, remainingVisits=201, memberExpireTime=2039-03 (truncated)...]
2026-01-25 11:14:52.211 [http-nio-8080-exec-6] DEBUG o.s.o.j.s.OpenEntityManagerInViewInterceptor - Closing JPA EntityManager in OpenEntityManagerInViewInterceptor
2026-01-25 11:14:52.211 [http-nio-8080-exec-6] DEBUG o.s.web.servlet.DispatcherServlet - Completed 200 OK
2026-01-25 11:14:52.229 [http-nio-8080-exec-10] DEBUG o.s.web.servlet.DispatcherServlet - GET "/api/staff/active-list", parameters={}
2026-01-25 11:14:52.229 [http-nio-8080-exec-10] DEBUG o.s.w.s.m.m.a.RequestMappingHandlerMapping - Mapped to com.oxygen.capsule.controller.StaffController#getActiveStaffs()
2026-01-25 11:14:52.229 [http-nio-8080-exec-10] DEBUG o.s.o.j.s.OpenEntityManagerInViewInterceptor - Opening JPA EntityManager in OpenEntityManagerInViewInterceptor
2026-01-25 11:14:52.232 [http-nio-8080-exec-10] DEBUG o.s.w.s.m.m.a.RequestResponseBodyMethodProcessor - Using 'application/json', given [*/*] and supported [application/json, application/*+json]
2026-01-25 11:14:52.232 [http-nio-8080-exec-10] DEBUG o.s.w.s.m.m.a.RequestResponseBodyMethodProcessor - Writing [Result(code=200, message=success, data=[{phone=18680815221, name=员工, id=2}])]
2026-01-25 11:14:52.232 [http-nio-8080-exec-10] DEBUG o.s.o.j.s.OpenEntityManagerInViewInterceptor - Closing JPA EntityManager in OpenEntityManagerInViewInterceptor
2026-01-25 11:14:52.232 [http-nio-8080-exec-10] DEBUG o.s.web.servlet.DispatcherServlet - Completed 200 OK
2026-01-25 11:14:54.184 [http-nio-8080-exec-1] DEBUG o.s.web.servlet.DispatcherServlet - POST "/api/payment/create-package-order", parameters={}
2026-01-25 11:14:54.185 [http-nio-8080-exec-1] DEBUG o.s.w.s.m.m.a.RequestMappingHandlerMapping - Mapped to com.oxygen.capsule.controller.PaymentController#createPackageOrder(String, Map)
2026-01-25 11:14:54.185 [http-nio-8080-exec-1] DEBUG o.s.o.j.s.OpenEntityManagerInViewInterceptor - Opening JPA EntityManager in OpenEntityManagerInViewInterceptor
2026-01-25 11:14:54.186 [http-nio-8080-exec-1] DEBUG o.s.w.s.m.m.a.RequestResponseBodyMethodProcessor - Read "application/json;charset=UTF-8" to [{packageId=12, price=1, cardStartDate=2039-03-15, staffId=2, staffName=员工}]
2026-01-25 11:14:54.189 [http-nio-8080-exec-1] DEBUG o.s.orm.jpa.JpaTransactionManager - Found thread-bound EntityManager [SessionImpl(1899170838<open>)] for JPA transaction
2026-01-25 11:14:54.189 [http-nio-8080-exec-1] DEBUG o.s.orm.jpa.JpaTransactionManager - Creating new transaction with name [org.springframework.data.jpa.repository.support.SimpleJpaRepository.findById]: PROPAGATION_REQUIRED,ISOLATION_DEFAULT,readOnly
2026-01-25 11:14:54.189 [http-nio-8080-exec-1] DEBUG o.s.orm.jpa.JpaTransactionManager - Exposing JPA transaction as JDBC [org.springframework.orm.jpa.vendor.HibernateJpaDialect$HibernateConnectionHandle@2f872681]
2026-01-25 11:14:54.191 [http-nio-8080-exec-1] DEBUG o.s.orm.jpa.JpaTransactionManager - Initiating transaction commit
2026-01-25 11:14:54.191 [http-nio-8080-exec-1] DEBUG o.s.orm.jpa.JpaTransactionManager - Committing JPA transaction on EntityManager [SessionImpl(1899170838<open>)]
2026-01-25 11:14:54.191 [http-nio-8080-exec-1] DEBUG o.s.orm.jpa.JpaTransactionManager - Not closing pre-bound JPA EntityManager after transaction
2026-01-25 11:14:54.191 [http-nio-8080-exec-1] DEBUG o.s.orm.jpa.JpaTransactionManager - Found thread-bound EntityManager [SessionImpl(1899170838<open>)] for JPA transaction
2026-01-25 11:14:54.191 [http-nio-8080-exec-1] DEBUG o.s.orm.jpa.JpaTransactionManager - Creating new transaction with name [org.springframework.data.jpa.repository.support.SimpleJpaRepository.findById]: PROPAGATION_REQUIRED,ISOLATION_DEFAULT,readOnly
2026-01-25 11:14:54.192 [http-nio-8080-exec-1] DEBUG o.s.orm.jpa.JpaTransactionManager - Exposing JPA transaction as JDBC [org.springframework.orm.jpa.vendor.HibernateJpaDialect$HibernateConnectionHandle@2060d2db]
2026-01-25 11:14:54.194 [http-nio-8080-exec-1] DEBUG o.s.orm.jpa.JpaTransactionManager - Initiating transaction commit
2026-01-25 11:14:54.194 [http-nio-8080-exec-1] DEBUG o.s.orm.jpa.JpaTransactionManager - Committing JPA transaction on EntityManager [SessionImpl(1899170838<open>)]
2026-01-25 11:14:54.194 [http-nio-8080-exec-1] DEBUG o.s.orm.jpa.JpaTransactionManager - Not closing pre-bound JPA EntityManager after transaction
2026-01-25 11:14:54.199 [http-nio-8080-exec-1] DEBUG o.s.orm.jpa.JpaTransactionManager - Found thread-bound EntityManager [SessionImpl(1899170838<open>)] for JPA transaction
2026-01-25 11:14:54.199 [http-nio-8080-exec-1] DEBUG o.s.orm.jpa.JpaTransactionManager - Creating new transaction with name [org.springframework.data.jpa.repository.support.SimpleJpaRepository.save]: PROPAGATION_REQUIRED,ISOLATION_DEFAULT
2026-01-25 11:14:54.200 [http-nio-8080-exec-1] DEBUG o.s.orm.jpa.JpaTransactionManager - Exposing JPA transaction as JDBC [org.springframework.orm.jpa.vendor.HibernateJpaDialect$HibernateConnectionHandle@3230df84]
2026-01-25 11:14:54.203 [http-nio-8080-exec-1] DEBUG o.s.orm.jpa.JpaTransactionManager - Initiating transaction commit
2026-01-25 11:14:54.203 [http-nio-8080-exec-1] DEBUG o.s.orm.jpa.JpaTransactionManager - Committing JPA transaction on EntityManager [SessionImpl(1899170838<open>)]
2026-01-25 11:14:54.205 [http-nio-8080-exec-1] DEBUG o.s.orm.jpa.JpaTransactionManager - Not closing pre-bound JPA EntityManager after transaction
2026-01-25 11:14:54.205 [http-nio-8080-exec-1] DEBUG o.s.w.s.m.m.a.RequestResponseBodyMethodProcessor - Using 'application/json', given [*/*] and supported [application/json, application/*+json]
2026-01-25 11:14:54.205 [http-nio-8080-exec-1] DEBUG o.s.w.s.m.m.a.RequestResponseBodyMethodProcessor - Writing [Result(code=200, message=订单创建成功, data={transactionType=RENEW, cardEndDate=2040-03-14T00:00, orderNo= (truncated)...]
2026-01-25 11:14:54.205 [http-nio-8080-exec-1] DEBUG o.s.o.j.s.OpenEntityManagerInViewInterceptor - Closing JPA EntityManager in OpenEntityManagerInViewInterceptor
2026-01-25 11:14:54.206 [http-nio-8080-exec-1] DEBUG o.s.web.servlet.DispatcherServlet - Completed 200 OK
2026-01-25 11:14:54.212 [http-nio-8080-exec-8] DEBUG o.s.web.servlet.DispatcherServlet - POST "/api/payment/wechat-pay/25", parameters={}
2026-01-25 11:14:54.212 [http-nio-8080-exec-8] DEBUG o.s.w.s.m.m.a.RequestMappingHandlerMapping - Mapped to com.oxygen.capsule.controller.PaymentController#getWechatPayParams(String, Long)
2026-01-25 11:14:54.212 [http-nio-8080-exec-8] DEBUG o.s.o.j.s.OpenEntityManagerInViewInterceptor - Opening JPA EntityManager in OpenEntityManagerInViewInterceptor
2026-01-25 11:14:54.214 [http-nio-8080-exec-8] DEBUG o.s.orm.jpa.JpaTransactionManager - Found thread-bound EntityManager [SessionImpl(1162785862<open>)] for JPA transaction
2026-01-25 11:14:54.214 [http-nio-8080-exec-8] DEBUG o.s.orm.jpa.JpaTransactionManager - Creating new transaction with name [org.springframework.data.jpa.repository.support.SimpleJpaRepository.findById]: PROPAGATION_REQUIRED,ISOLATION_DEFAULT,readOnly
2026-01-25 11:14:54.215 [http-nio-8080-exec-8] DEBUG o.s.orm.jpa.JpaTransactionManager - Exposing JPA transaction as JDBC [org.springframework.orm.jpa.vendor.HibernateJpaDialect$HibernateConnectionHandle@76179ab5]
2026-01-25 11:14:54.217 [http-nio-8080-exec-8] DEBUG o.s.orm.jpa.JpaTransactionManager - Initiating transaction commit
2026-01-25 11:14:54.217 [http-nio-8080-exec-8] DEBUG o.s.orm.jpa.JpaTransactionManager - Committing JPA transaction on EntityManager [SessionImpl(1162785862<open>)]
2026-01-25 11:14:54.217 [http-nio-8080-exec-8] DEBUG o.s.orm.jpa.JpaTransactionManager - Not closing pre-bound JPA EntityManager after transaction
2026-01-25 11:14:54.217 [http-nio-8080-exec-8] DEBUG o.s.orm.jpa.JpaTransactionManager - Found thread-bound EntityManager [SessionImpl(1162785862<open>)] for JPA transaction
2026-01-25 11:14:54.217 [http-nio-8080-exec-8] DEBUG o.s.orm.jpa.JpaTransactionManager - Creating new transaction with name [org.springframework.data.jpa.repository.support.SimpleJpaRepository.findById]: PROPAGATION_REQUIRED,ISOLATION_DEFAULT,readOnly
2026-01-25 11:14:54.217 [http-nio-8080-exec-8] DEBUG o.s.orm.jpa.JpaTransactionManager - Exposing JPA transaction as JDBC [org.springframework.orm.jpa.vendor.HibernateJpaDialect$HibernateConnectionHandle@1f6cc16c]
2026-01-25 11:14:54.218 [http-nio-8080-exec-8] DEBUG o.s.orm.jpa.JpaTransactionManager - Initiating transaction commit
2026-01-25 11:14:54.218 [http-nio-8080-exec-8] DEBUG o.s.orm.jpa.JpaTransactionManager - Committing JPA transaction on EntityManager [SessionImpl(1162785862<open>)]
2026-01-25 11:14:54.219 [http-nio-8080-exec-8] DEBUG o.s.orm.jpa.JpaTransactionManager - Not closing pre-bound JPA EntityManager after transaction
2026-01-25 11:14:54.219 [http-nio-8080-exec-8] INFO  com.oxygen.capsule.util.WxPayUtil - 使用 MOCK 模式生成支付参数，订单号: PAY17693108942005125, 金额: 100分
2026-01-25 11:14:54.219 [http-nio-8080-exec-8] INFO  com.oxygen.capsule.util.WxPayUtil - 生成Mock支付参数，订单号: PAY17693108942005125, 金额: 100分
2026-01-25 11:14:54.219 [http-nio-8080-exec-8] WARN  com.oxygen.capsule.util.WxPayUtil - ⚠️  返回Mock支付参数，前端调用 uni.requestPayment 会失败，但可以测试支付流程
2026-01-25 11:14:54.219 [http-nio-8080-exec-8] WARN  com.oxygen.capsule.util.WxPayUtil - ⚠️  订单数据已保存到数据库，可以通过其他方式模拟支付成功
2026-01-25 11:14:54.219 [http-nio-8080-exec-8] DEBUG o.s.w.s.m.m.a.RequestResponseBodyMethodProcessor - Using 'application/json', given [*/*] and supported [application/json, application/*+json]
2026-01-25 11:14:54.219 [http-nio-8080-exec-8] DEBUG o.s.w.s.m.m.a.RequestResponseBodyMethodProcessor - Writing [Result(code=200, message=获取支付参数成功, data={timeStamp=1769310894, package=prepay_id=MOCK_PREPAY_ID_1769 (truncated)...]
2026-01-25 11:14:54.220 [http-nio-8080-exec-8] DEBUG o.s.o.j.s.OpenEntityManagerInViewInterceptor - Closing JPA EntityManager in OpenEntityManagerInViewInterceptor
2026-01-25 11:14:54.220 [http-nio-8080-exec-8] DEBUG o.s.web.servlet.DispatcherServlet - Completed 200 OK
2026-01-25 11:14:54.777 [http-nio-8080-exec-7] DEBUG o.s.web.servlet.DispatcherServlet - POST "/api/payment/mock-success/25", parameters={}
2026-01-25 11:14:54.778 [http-nio-8080-exec-7] DEBUG o.s.w.s.m.m.a.RequestMappingHandlerMapping - Mapped to com.oxygen.capsule.controller.PaymentController#mockPaymentSuccess(String, Long)
2026-01-25 11:14:54.778 [http-nio-8080-exec-7] DEBUG o.s.o.j.s.OpenEntityManagerInViewInterceptor - Opening JPA EntityManager in OpenEntityManagerInViewInterceptor
2026-01-25 11:14:54.781 [http-nio-8080-exec-7] DEBUG o.s.orm.jpa.JpaTransactionManager - Found thread-bound EntityManager [SessionImpl(1012851459<open>)] for JPA transaction
2026-01-25 11:14:54.781 [http-nio-8080-exec-7] DEBUG o.s.orm.jpa.JpaTransactionManager - Creating new transaction with name [org.springframework.data.jpa.repository.support.SimpleJpaRepository.findById]: PROPAGATION_REQUIRED,ISOLATION_DEFAULT,readOnly
2026-01-25 11:14:54.782 [http-nio-8080-exec-7] DEBUG o.s.orm.jpa.JpaTransactionManager - Exposing JPA transaction as JDBC [org.springframework.orm.jpa.vendor.HibernateJpaDialect$HibernateConnectionHandle@2e5521d6]
2026-01-25 11:14:54.784 [http-nio-8080-exec-7] DEBUG o.s.orm.jpa.JpaTransactionManager - Initiating transaction commit
2026-01-25 11:14:54.784 [http-nio-8080-exec-7] DEBUG o.s.orm.jpa.JpaTransactionManager - Committing JPA transaction on EntityManager [SessionImpl(1012851459<open>)]
2026-01-25 11:14:54.785 [http-nio-8080-exec-7] DEBUG o.s.orm.jpa.JpaTransactionManager - Not closing pre-bound JPA EntityManager after transaction
2026-01-25 11:14:54.786 [http-nio-8080-exec-7] DEBUG o.s.orm.jpa.JpaTransactionManager - Found thread-bound EntityManager [SessionImpl(1012851459<open>)] for JPA transaction
2026-01-25 11:14:54.786 [http-nio-8080-exec-7] DEBUG o.s.orm.jpa.JpaTransactionManager - Creating new transaction with name [org.springframework.data.jpa.repository.support.SimpleJpaRepository.findById]: PROPAGATION_REQUIRED,ISOLATION_DEFAULT,readOnly
2026-01-25 11:14:54.786 [http-nio-8080-exec-7] DEBUG o.s.orm.jpa.JpaTransactionManager - Exposing JPA transaction as JDBC [org.springframework.orm.jpa.vendor.HibernateJpaDialect$HibernateConnectionHandle@5ee6c051]
2026-01-25 11:14:54.787 [http-nio-8080-exec-7] DEBUG o.s.orm.jpa.JpaTransactionManager - Initiating transaction commit
2026-01-25 11:14:54.787 [http-nio-8080-exec-7] DEBUG o.s.orm.jpa.JpaTransactionManager - Committing JPA transaction on EntityManager [SessionImpl(1012851459<open>)]
2026-01-25 11:14:54.788 [http-nio-8080-exec-7] DEBUG o.s.orm.jpa.JpaTransactionManager - Not closing pre-bound JPA EntityManager after transaction
2026-01-25 11:14:54.788 [http-nio-8080-exec-7] DEBUG o.s.orm.jpa.JpaTransactionManager - Found thread-bound EntityManager [SessionImpl(1012851459<open>)] for JPA transaction
2026-01-25 11:14:54.788 [http-nio-8080-exec-7] DEBUG o.s.orm.jpa.JpaTransactionManager - Creating new transaction with name [org.springframework.data.jpa.repository.support.SimpleJpaRepository.findById]: PROPAGATION_REQUIRED,ISOLATION_DEFAULT,readOnly
2026-01-25 11:14:54.788 [http-nio-8080-exec-7] DEBUG o.s.orm.jpa.JpaTransactionManager - Exposing JPA transaction as JDBC [org.springframework.orm.jpa.vendor.HibernateJpaDialect$HibernateConnectionHandle@19141f9b]
2026-01-25 11:14:54.789 [http-nio-8080-exec-7] DEBUG o.s.orm.jpa.JpaTransactionManager - Initiating transaction commit
2026-01-25 11:14:54.790 [http-nio-8080-exec-7] DEBUG o.s.orm.jpa.JpaTransactionManager - Committing JPA transaction on EntityManager [SessionImpl(1012851459<open>)]
2026-01-25 11:14:54.790 [http-nio-8080-exec-7] DEBUG o.s.orm.jpa.JpaTransactionManager - Not closing pre-bound JPA EntityManager after transaction
2026-01-25 11:14:54.790 [http-nio-8080-exec-7] DEBUG o.s.orm.jpa.JpaTransactionManager - Found thread-bound EntityManager [SessionImpl(1012851459<open>)] for JPA transaction
2026-01-25 11:14:54.790 [http-nio-8080-exec-7] DEBUG o.s.orm.jpa.JpaTransactionManager - Creating new transaction with name [org.springframework.data.jpa.repository.support.SimpleJpaRepository.save]: PROPAGATION_REQUIRED,ISOLATION_DEFAULT
2026-01-25 11:14:54.790 [http-nio-8080-exec-7] DEBUG o.s.orm.jpa.JpaTransactionManager - Exposing JPA transaction as JDBC [org.springframework.orm.jpa.vendor.HibernateJpaDialect$HibernateConnectionHandle@4cc951ff]
2026-01-25 11:14:54.791 [http-nio-8080-exec-7] DEBUG o.s.orm.jpa.JpaTransactionManager - Initiating transaction commit
2026-01-25 11:14:54.791 [http-nio-8080-exec-7] DEBUG o.s.orm.jpa.JpaTransactionManager - Committing JPA transaction on EntityManager [SessionImpl(1012851459<open>)]
2026-01-25 11:14:54.794 [http-nio-8080-exec-7] DEBUG o.s.orm.jpa.JpaTransactionManager - Not closing pre-bound JPA EntityManager after transaction
2026-01-25 11:14:54.794 [http-nio-8080-exec-7] DEBUG o.s.orm.jpa.JpaTransactionManager - Found thread-bound EntityManager [SessionImpl(1012851459<open>)] for JPA transaction
2026-01-25 11:14:54.794 [http-nio-8080-exec-7] DEBUG o.s.orm.jpa.JpaTransactionManager - Creating new transaction with name [org.springframework.data.jpa.repository.support.SimpleJpaRepository.findById]: PROPAGATION_REQUIRED,ISOLATION_DEFAULT,readOnly
2026-01-25 11:14:54.794 [http-nio-8080-exec-7] DEBUG o.s.orm.jpa.JpaTransactionManager - Exposing JPA transaction as JDBC [org.springframework.orm.jpa.vendor.HibernateJpaDialect$HibernateConnectionHandle@6bfb7a17]
2026-01-25 11:14:54.795 [http-nio-8080-exec-7] DEBUG o.s.orm.jpa.JpaTransactionManager - Initiating transaction commit
2026-01-25 11:14:54.795 [http-nio-8080-exec-7] DEBUG o.s.orm.jpa.JpaTransactionManager - Committing JPA transaction on EntityManager [SessionImpl(1012851459<open>)]
2026-01-25 11:14:54.796 [http-nio-8080-exec-7] DEBUG o.s.orm.jpa.JpaTransactionManager - Not closing pre-bound JPA EntityManager after transaction
2026-01-25 11:14:54.796 [http-nio-8080-exec-7] DEBUG o.s.orm.jpa.JpaTransactionManager - Found thread-bound EntityManager [SessionImpl(1012851459<open>)] for JPA transaction
2026-01-25 11:14:54.796 [http-nio-8080-exec-7] DEBUG o.s.orm.jpa.JpaTransactionManager - Creating new transaction with name [org.springframework.data.jpa.repository.support.SimpleJpaRepository.findById]: PROPAGATION_REQUIRED,ISOLATION_DEFAULT,readOnly
2026-01-25 11:14:54.796 [http-nio-8080-exec-7] DEBUG o.s.orm.jpa.JpaTransactionManager - Exposing JPA transaction as JDBC [org.springframework.orm.jpa.vendor.HibernateJpaDialect$HibernateConnectionHandle@5f091670]
2026-01-25 11:14:54.796 [http-nio-8080-exec-7] DEBUG o.s.orm.jpa.JpaTransactionManager - Initiating transaction commit
2026-01-25 11:14:54.796 [http-nio-8080-exec-7] DEBUG o.s.orm.jpa.JpaTransactionManager - Committing JPA transaction on EntityManager [SessionImpl(1012851459<open>)]
2026-01-25 11:14:54.796 [http-nio-8080-exec-7] DEBUG o.s.orm.jpa.JpaTransactionManager - Not closing pre-bound JPA EntityManager after transaction
2026-01-25 11:14:54.796 [http-nio-8080-exec-7] DEBUG o.s.orm.jpa.JpaTransactionManager - Found thread-bound EntityManager [SessionImpl(1012851459<open>)] for JPA transaction
2026-01-25 11:14:54.796 [http-nio-8080-exec-7] DEBUG o.s.orm.jpa.JpaTransactionManager - Creating new transaction with name [org.springframework.data.jpa.repository.support.SimpleJpaRepository.save]: PROPAGATION_REQUIRED,ISOLATION_DEFAULT
2026-01-25 11:14:54.796 [http-nio-8080-exec-7] DEBUG o.s.orm.jpa.JpaTransactionManager - Exposing JPA transaction as JDBC [org.springframework.orm.jpa.vendor.HibernateJpaDialect$HibernateConnectionHandle@15c05d8d]
2026-01-25 11:14:54.796 [http-nio-8080-exec-7] DEBUG o.s.orm.jpa.JpaTransactionManager - Initiating transaction commit
2026-01-25 11:14:54.796 [http-nio-8080-exec-7] DEBUG o.s.orm.jpa.JpaTransactionManager - Committing JPA transaction on EntityManager [SessionImpl(1012851459<open>)]
2026-01-25 11:14:54.799 [http-nio-8080-exec-7] DEBUG o.s.orm.jpa.JpaTransactionManager - Not closing pre-bound JPA EntityManager after transaction
2026-01-25 11:14:54.799 [http-nio-8080-exec-7] DEBUG o.s.w.s.m.m.a.RequestResponseBodyMethodProcessor - Using 'application/json', given [*/*] and supported [application/json, application/*+json]
2026-01-25 11:14:54.799 [http-nio-8080-exec-7] DEBUG o.s.w.s.m.m.a.RequestResponseBodyMethodProcessor - Writing [Result(code=200, message=Mock支付成功，订单状态已更新, data=success)]
2026-01-25 11:14:54.799 [http-nio-8080-exec-7] DEBUG o.s.o.j.s.OpenEntityManagerInViewInterceptor - Closing JPA EntityManager in OpenEntityManagerInViewInterceptor
2026-01-25 11:14:54.799 [http-nio-8080-exec-7] DEBUG o.s.web.servlet.DispatcherServlet - Completed 200 OK
2026-01-25 11:14:57.564 [http-nio-8080-exec-9] DEBUG o.s.web.servlet.DispatcherServlet - GET "/api/booking/orders", parameters={}
2026-01-25 11:14:57.564 [http-nio-8080-exec-4] DEBUG o.s.web.servlet.DispatcherServlet - GET "/api/payment/orders", parameters={}
2026-01-25 11:14:57.564 [http-nio-8080-exec-5] DEBUG o.s.web.servlet.DispatcherServlet - GET "/api/user/info", parameters={}
2026-01-25 11:14:57.566 [http-nio-8080-exec-5] DEBUG o.s.w.s.m.m.a.RequestMappingHandlerMapping - Mapped to com.oxygen.capsule.controller.UserController#getUserInfo(String)
2026-01-25 11:14:57.566 [http-nio-8080-exec-9] DEBUG o.s.w.s.m.m.a.RequestMappingHandlerMapping - Mapped to com.oxygen.capsule.controller.BookingController#getUserOrders(String)
2026-01-25 11:14:57.566 [http-nio-8080-exec-4] DEBUG o.s.w.s.m.m.a.RequestMappingHandlerMapping - Mapped to com.oxygen.capsule.controller.PaymentController#getUserPaymentOrders(String)
2026-01-25 11:14:57.566 [http-nio-8080-exec-9] DEBUG o.s.o.j.s.OpenEntityManagerInViewInterceptor - Opening JPA EntityManager in OpenEntityManagerInViewInterceptor
2026-01-25 11:14:57.566 [http-nio-8080-exec-4] DEBUG o.s.o.j.s.OpenEntityManagerInViewInterceptor - Opening JPA EntityManager in OpenEntityManagerInViewInterceptor
2026-01-25 11:14:57.566 [http-nio-8080-exec-5] DEBUG o.s.o.j.s.OpenEntityManagerInViewInterceptor - Opening JPA EntityManager in OpenEntityManagerInViewInterceptor
2026-01-25 11:14:57.574 [http-nio-8080-exec-9] DEBUG o.s.orm.jpa.JpaTransactionManager - Found thread-bound EntityManager [SessionImpl(1416214318<open>)] for JPA transaction
2026-01-25 11:14:57.574 [http-nio-8080-exec-5] DEBUG o.s.orm.jpa.JpaTransactionManager - Found thread-bound EntityManager [SessionImpl(1852271987<open>)] for JPA transaction
2026-01-25 11:14:57.574 [http-nio-8080-exec-5] DEBUG o.s.orm.jpa.JpaTransactionManager - Creating new transaction with name [org.springframework.data.jpa.repository.support.SimpleJpaRepository.findById]: PROPAGATION_REQUIRED,ISOLATION_DEFAULT,readOnly
2026-01-25 11:14:57.574 [http-nio-8080-exec-9] DEBUG o.s.orm.jpa.JpaTransactionManager - Creating new transaction with name [org.springframework.data.jpa.repository.support.SimpleJpaRepository.findById]: PROPAGATION_REQUIRED,ISOLATION_DEFAULT,readOnly
2026-01-25 11:14:57.576 [http-nio-8080-exec-9] DEBUG o.s.orm.jpa.JpaTransactionManager - Exposing JPA transaction as JDBC [org.springframework.orm.jpa.vendor.HibernateJpaDialect$HibernateConnectionHandle@10793718]
2026-01-25 11:14:57.576 [http-nio-8080-exec-5] DEBUG o.s.orm.jpa.JpaTransactionManager - Exposing JPA transaction as JDBC [org.springframework.orm.jpa.vendor.HibernateJpaDialect$HibernateConnectionHandle@40226511]
2026-01-25 11:14:57.579 [http-nio-8080-exec-5] DEBUG o.s.orm.jpa.JpaTransactionManager - Initiating transaction commit
2026-01-25 11:14:57.579 [http-nio-8080-exec-9] DEBUG o.s.orm.jpa.JpaTransactionManager - Initiating transaction commit
2026-01-25 11:14:57.579 [http-nio-8080-exec-5] DEBUG o.s.orm.jpa.JpaTransactionManager - Committing JPA transaction on EntityManager [SessionImpl(1852271987<open>)]
2026-01-25 11:14:57.579 [http-nio-8080-exec-9] DEBUG o.s.orm.jpa.JpaTransactionManager - Committing JPA transaction on EntityManager [SessionImpl(1416214318<open>)]
2026-01-25 11:14:57.579 [http-nio-8080-exec-9] DEBUG o.s.orm.jpa.JpaTransactionManager - Not closing pre-bound JPA EntityManager after transaction
2026-01-25 11:14:57.579 [http-nio-8080-exec-5] DEBUG o.s.orm.jpa.JpaTransactionManager - Not closing pre-bound JPA EntityManager after transaction
2026-01-25 11:14:57.579 [http-nio-8080-exec-4] DEBUG o.s.orm.jpa.JpaTransactionManager - Found thread-bound EntityManager [SessionImpl(1993545889<open>)] for JPA transaction
2026-01-25 11:14:57.579 [http-nio-8080-exec-4] DEBUG o.s.orm.jpa.JpaTransactionManager - Creating new transaction with name [org.springframework.data.jpa.repository.support.SimpleJpaRepository.findById]: PROPAGATION_REQUIRED,ISOLATION_DEFAULT,readOnly
2026-01-25 11:14:57.579 [http-nio-8080-exec-4] DEBUG o.s.orm.jpa.JpaTransactionManager - Exposing JPA transaction as JDBC [org.springframework.orm.jpa.vendor.HibernateJpaDialect$HibernateConnectionHandle@35e87598]
2026-01-25 11:14:57.581 [http-nio-8080-exec-4] DEBUG o.s.orm.jpa.JpaTransactionManager - Initiating transaction commit
2026-01-25 11:14:57.581 [http-nio-8080-exec-4] DEBUG o.s.orm.jpa.JpaTransactionManager - Committing JPA transaction on EntityManager [SessionImpl(1993545889<open>)]
2026-01-25 11:14:57.581 [http-nio-8080-exec-4] DEBUG o.s.orm.jpa.JpaTransactionManager - Not closing pre-bound JPA EntityManager after transaction
2026-01-25 11:14:57.581 [http-nio-8080-exec-4] DEBUG o.s.orm.jpa.JpaTransactionManager - Found thread-bound EntityManager [SessionImpl(1993545889<open>)] for JPA transaction
2026-01-25 11:14:57.581 [http-nio-8080-exec-4] DEBUG o.s.orm.jpa.JpaTransactionManager - Creating new transaction with name [org.springframework.data.jpa.repository.support.SimpleJpaRepository.findById]: PROPAGATION_REQUIRED,ISOLATION_DEFAULT,readOnly
2026-01-25 11:14:57.581 [http-nio-8080-exec-9] DEBUG o.s.w.s.m.m.a.RequestResponseBodyMethodProcessor - Using 'application/json', given [*/*] and supported [application/json, application/*+json]
2026-01-25 11:14:57.581 [http-nio-8080-exec-5] DEBUG o.s.w.s.m.m.a.RequestResponseBodyMethodProcessor - Using 'application/json', given [*/*] and supported [application/json, application/*+json]
2026-01-25 11:14:57.581 [http-nio-8080-exec-5] DEBUG o.s.w.s.m.m.a.RequestResponseBodyMethodProcessor - Writing [Result(code=200, message=success, data={totalVisits=0, remainingVisits=202, memberExpireTime=2040-03 (truncated)...]
2026-01-25 11:14:57.581 [http-nio-8080-exec-9] DEBUG o.s.w.s.m.m.a.RequestResponseBodyMethodProcessor - Writing [Result(code=200, message=success, data=[BookingOrder(id=7, orderNo=BK17693107357209356, userId=1, pa (truncated)...]
2026-01-25 11:14:57.582 [http-nio-8080-exec-4] DEBUG o.s.orm.jpa.JpaTransactionManager - Exposing JPA transaction as JDBC [org.springframework.orm.jpa.vendor.HibernateJpaDialect$HibernateConnectionHandle@619029e2]
2026-01-25 11:14:57.582 [http-nio-8080-exec-4] DEBUG o.s.orm.jpa.JpaTransactionManager - Initiating transaction commit
2026-01-25 11:14:57.582 [http-nio-8080-exec-4] DEBUG o.s.orm.jpa.JpaTransactionManager - Committing JPA transaction on EntityManager [SessionImpl(1993545889<open>)]
2026-01-25 11:14:57.582 [http-nio-8080-exec-4] DEBUG o.s.orm.jpa.JpaTransactionManager - Not closing pre-bound JPA EntityManager after transaction
2026-01-25 11:14:57.582 [http-nio-8080-exec-4] DEBUG o.s.w.s.m.m.a.RequestResponseBodyMethodProcessor - Using 'application/json', given [*/*] and supported [application/json, application/*+json]
2026-01-25 11:14:57.582 [http-nio-8080-exec-4] DEBUG o.s.w.s.m.m.a.RequestResponseBodyMethodProcessor - Writing [Result(code=200, message=success, data=[{packageCategory=家庭/次卡, cardEndDate=2027-01-25T00:00, orderN (truncated)...]
2026-01-25 11:14:57.582 [http-nio-8080-exec-5] DEBUG o.s.o.j.s.OpenEntityManagerInViewInterceptor - Closing JPA EntityManager in OpenEntityManagerInViewInterceptor
2026-01-25 11:14:57.582 [http-nio-8080-exec-9] DEBUG o.s.o.j.s.OpenEntityManagerInViewInterceptor - Closing JPA EntityManager in OpenEntityManagerInViewInterceptor
2026-01-25 11:14:57.583 [http-nio-8080-exec-4] DEBUG o.s.o.j.s.OpenEntityManagerInViewInterceptor - Closing JPA EntityManager in OpenEntityManagerInViewInterceptor
2026-01-25 11:14:57.583 [http-nio-8080-exec-4] DEBUG o.s.web.servlet.DispatcherServlet - Completed 200 OK
2026-01-25 11:14:57.583 [http-nio-8080-exec-5] DEBUG o.s.web.servlet.DispatcherServlet - Completed 200 OK
2026-01-25 11:14:57.583 [http-nio-8080-exec-9] DEBUG o.s.web.servlet.DispatcherServlet - Completed 200 OK
2026-01-25 11:14:57.585 [http-nio-8080-exec-6] DEBUG o.s.web.servlet.DispatcherServlet - GET "/api/booking/orders", parameters={}
2026-01-25 11:14:57.585 [http-nio-8080-exec-2] DEBUG o.s.web.servlet.DispatcherServlet - GET "/api/payment/orders", parameters={}
2026-01-25 11:14:57.585 [http-nio-8080-exec-3] DEBUG o.s.web.servlet.DispatcherServlet - GET "/api/user/info", parameters={}
2026-01-25 11:14:57.586 [http-nio-8080-exec-6] DEBUG o.s.w.s.m.m.a.RequestMappingHandlerMapping - Mapped to com.oxygen.capsule.controller.BookingController#getUserOrders(String)
2026-01-25 11:14:57.586 [http-nio-8080-exec-3] DEBUG o.s.w.s.m.m.a.RequestMappingHandlerMapping - Mapped to com.oxygen.capsule.controller.UserController#getUserInfo(String)
2026-01-25 11:14:57.586 [http-nio-8080-exec-6] DEBUG o.s.o.j.s.OpenEntityManagerInViewInterceptor - Opening JPA EntityManager in OpenEntityManagerInViewInterceptor
2026-01-25 11:14:57.586 [http-nio-8080-exec-2] DEBUG o.s.w.s.m.m.a.RequestMappingHandlerMapping - Mapped to com.oxygen.capsule.controller.PaymentController#getUserPaymentOrders(String)
2026-01-25 11:14:57.586 [http-nio-8080-exec-3] DEBUG o.s.o.j.s.OpenEntityManagerInViewInterceptor - Opening JPA EntityManager in OpenEntityManagerInViewInterceptor
2026-01-25 11:14:57.586 [http-nio-8080-exec-2] DEBUG o.s.o.j.s.OpenEntityManagerInViewInterceptor - Opening JPA EntityManager in OpenEntityManagerInViewInterceptor
2026-01-25 11:14:57.587 [http-nio-8080-exec-6] DEBUG o.s.orm.jpa.JpaTransactionManager - Found thread-bound EntityManager [SessionImpl(1423484162<open>)] for JPA transaction
2026-01-25 11:14:57.587 [http-nio-8080-exec-6] DEBUG o.s.orm.jpa.JpaTransactionManager - Creating new transaction with name [org.springframework.data.jpa.repository.support.SimpleJpaRepository.findById]: PROPAGATION_REQUIRED,ISOLATION_DEFAULT,readOnly
2026-01-25 11:14:57.587 [http-nio-8080-exec-3] DEBUG o.s.orm.jpa.JpaTransactionManager - Found thread-bound EntityManager [SessionImpl(934507787<open>)] for JPA transaction
2026-01-25 11:14:57.587 [http-nio-8080-exec-3] DEBUG o.s.orm.jpa.JpaTransactionManager - Creating new transaction with name [org.springframework.data.jpa.repository.support.SimpleJpaRepository.findById]: PROPAGATION_REQUIRED,ISOLATION_DEFAULT,readOnly
2026-01-25 11:14:57.587 [http-nio-8080-exec-6] DEBUG o.s.orm.jpa.JpaTransactionManager - Exposing JPA transaction as JDBC [org.springframework.orm.jpa.vendor.HibernateJpaDialect$HibernateConnectionHandle@4b0de9f1]
2026-01-25 11:14:57.587 [http-nio-8080-exec-3] DEBUG o.s.orm.jpa.JpaTransactionManager - Exposing JPA transaction as JDBC [org.springframework.orm.jpa.vendor.HibernateJpaDialect$HibernateConnectionHandle@32dd87be]
2026-01-25 11:14:57.588 [http-nio-8080-exec-3] DEBUG o.s.orm.jpa.JpaTransactionManager - Initiating transaction commit
2026-01-25 11:14:57.588 [http-nio-8080-exec-6] DEBUG o.s.orm.jpa.JpaTransactionManager - Initiating transaction commit
2026-01-25 11:14:57.588 [http-nio-8080-exec-2] DEBUG o.s.orm.jpa.JpaTransactionManager - Found thread-bound EntityManager [SessionImpl(679328648<open>)] for JPA transaction
2026-01-25 11:14:57.588 [http-nio-8080-exec-3] DEBUG o.s.orm.jpa.JpaTransactionManager - Committing JPA transaction on EntityManager [SessionImpl(934507787<open>)]
2026-01-25 11:14:57.588 [http-nio-8080-exec-2] DEBUG o.s.orm.jpa.JpaTransactionManager - Creating new transaction with name [org.springframework.data.jpa.repository.support.SimpleJpaRepository.findById]: PROPAGATION_REQUIRED,ISOLATION_DEFAULT,readOnly
2026-01-25 11:14:57.588 [http-nio-8080-exec-6] DEBUG o.s.orm.jpa.JpaTransactionManager - Committing JPA transaction on EntityManager [SessionImpl(1423484162<open>)]
2026-01-25 11:14:57.589 [http-nio-8080-exec-2] DEBUG o.s.orm.jpa.JpaTransactionManager - Exposing JPA transaction as JDBC [org.springframework.orm.jpa.vendor.HibernateJpaDialect$HibernateConnectionHandle@41542e8b]
2026-01-25 11:14:57.589 [http-nio-8080-exec-6] DEBUG o.s.orm.jpa.JpaTransactionManager - Not closing pre-bound JPA EntityManager after transaction
2026-01-25 11:14:57.589 [http-nio-8080-exec-3] DEBUG o.s.orm.jpa.JpaTransactionManager - Not closing pre-bound JPA EntityManager after transaction
2026-01-25 11:14:57.590 [http-nio-8080-exec-2] DEBUG o.s.orm.jpa.JpaTransactionManager - Initiating transaction commit
2026-01-25 11:14:57.590 [http-nio-8080-exec-2] DEBUG o.s.orm.jpa.JpaTransactionManager - Committing JPA transaction on EntityManager [SessionImpl(679328648<open>)]
2026-01-25 11:14:57.590 [http-nio-8080-exec-6] DEBUG o.s.w.s.m.m.a.RequestResponseBodyMethodProcessor - Using 'application/json', given [*/*] and supported [application/json, application/*+json]
2026-01-25 11:14:57.590 [http-nio-8080-exec-2] DEBUG o.s.orm.jpa.JpaTransactionManager - Not closing pre-bound JPA EntityManager after transaction
2026-01-25 11:14:57.590 [http-nio-8080-exec-6] DEBUG o.s.w.s.m.m.a.RequestResponseBodyMethodProcessor - Writing [Result(code=200, message=success, data=[BookingOrder(id=7, orderNo=BK17693107357209356, userId=1, pa (truncated)...]
2026-01-25 11:14:57.591 [http-nio-8080-exec-2] DEBUG o.s.orm.jpa.JpaTransactionManager - Found thread-bound EntityManager [SessionImpl(679328648<open>)] for JPA transaction
2026-01-25 11:14:57.591 [http-nio-8080-exec-2] DEBUG o.s.orm.jpa.JpaTransactionManager - Creating new transaction with name [org.springframework.data.jpa.repository.support.SimpleJpaRepository.findById]: PROPAGATION_REQUIRED,ISOLATION_DEFAULT,readOnly
2026-01-25 11:14:57.591 [http-nio-8080-exec-3] DEBUG o.s.w.s.m.m.a.RequestResponseBodyMethodProcessor - Using 'application/json', given [*/*] and supported [application/json, application/*+json]
2026-01-25 11:14:57.591 [http-nio-8080-exec-3] DEBUG o.s.w.s.m.m.a.RequestResponseBodyMethodProcessor - Writing [Result(code=200, message=success, data={totalVisits=0, remainingVisits=202, memberExpireTime=2040-03 (truncated)...]
2026-01-25 11:14:57.591 [http-nio-8080-exec-3] DEBUG o.s.o.j.s.OpenEntityManagerInViewInterceptor - Closing JPA EntityManager in OpenEntityManagerInViewInterceptor
2026-01-25 11:14:57.591 [http-nio-8080-exec-6] DEBUG o.s.o.j.s.OpenEntityManagerInViewInterceptor - Closing JPA EntityManager in OpenEntityManagerInViewInterceptor
2026-01-25 11:14:57.591 [http-nio-8080-exec-3] DEBUG o.s.web.servlet.DispatcherServlet - Completed 200 OK
2026-01-25 11:14:57.591 [http-nio-8080-exec-6] DEBUG o.s.web.servlet.DispatcherServlet - Completed 200 OK
2026-01-25 11:14:57.591 [http-nio-8080-exec-2] DEBUG o.s.orm.jpa.JpaTransactionManager - Exposing JPA transaction as JDBC [org.springframework.orm.jpa.vendor.HibernateJpaDialect$HibernateConnectionHandle@71d563d8]
2026-01-25 11:14:57.591 [http-nio-8080-exec-2] DEBUG o.s.orm.jpa.JpaTransactionManager - Initiating transaction commit
2026-01-25 11:14:57.591 [http-nio-8080-exec-2] DEBUG o.s.orm.jpa.JpaTransactionManager - Committing JPA transaction on EntityManager [SessionImpl(679328648<open>)]
2026-01-25 11:14:57.591 [http-nio-8080-exec-2] DEBUG o.s.orm.jpa.JpaTransactionManager - Not closing pre-bound JPA EntityManager after transaction
2026-01-25 11:14:57.592 [http-nio-8080-exec-2] DEBUG o.s.w.s.m.m.a.RequestResponseBodyMethodProcessor - Using 'application/json', given [*/*] and supported [application/json, application/*+json]
2026-01-25 11:14:57.592 [http-nio-8080-exec-2] DEBUG o.s.w.s.m.m.a.RequestResponseBodyMethodProcessor - Writing [Result(code=200, message=success, data=[{packageCategory=家庭/次卡, cardEndDate=2027-01-25T00:00, orderN (truncated)...]
2026-01-25 11:14:57.592 [http-nio-8080-exec-2] DEBUG o.s.o.j.s.OpenEntityManagerInViewInterceptor - Closing JPA EntityManager in OpenEntityManagerInViewInterceptor
2026-01-25 11:14:57.592 [http-nio-8080-exec-2] DEBUG o.s.web.servlet.DispatcherServlet - Completed 200 OK
2026-01-25 11:14:59.997 [scheduling-1] DEBUG o.s.o.j.SharedEntityManagerCreator$SharedEntityManagerInvocationHandler - Creating new EntityManager for shared EntityManager invocation
2026-01-25 11:15:06.038 [http-nio-8080-exec-1] DEBUG o.s.web.servlet.DispatcherServlet - GET "/api/packages/category?category=%E4%B8%AA%E4%BA%BA%E7%95%85%E4%BA%AB", parameters={masked}
2026-01-25 11:15:06.038 [http-nio-8080-exec-1] DEBUG o.s.w.s.m.m.a.RequestMappingHandlerMapping - Mapped to com.oxygen.capsule.controller.MemberPackageController#getPackagesByCategoryParam(String)
2026-01-25 11:15:06.038 [http-nio-8080-exec-1] DEBUG o.s.o.j.s.OpenEntityManagerInViewInterceptor - Opening JPA EntityManager in OpenEntityManagerInViewInterceptor
2026-01-25 11:15:06.041 [http-nio-8080-exec-1] DEBUG o.s.w.s.m.m.a.RequestResponseBodyMethodProcessor - Using 'application/json', given [*/*] and supported [application/json, application/*+json]
2026-01-25 11:15:06.041 [http-nio-8080-exec-1] DEBUG o.s.w.s.m.m.a.RequestResponseBodyMethodProcessor - Writing [Result(code=200, message=success, data=[MemberPackage(id=1, code=MONTHLY, name=月卡, price=3980.0, peo (truncated)...]
2026-01-25 11:15:06.041 [http-nio-8080-exec-1] DEBUG o.s.o.j.s.OpenEntityManagerInViewInterceptor - Closing JPA EntityManager in OpenEntityManagerInViewInterceptor
2026-01-25 11:15:06.041 [http-nio-8080-exec-1] DEBUG o.s.web.servlet.DispatcherServlet - Completed 200 OK
2026-01-25 11:15:06.045 [http-nio-8080-exec-8] DEBUG o.s.web.servlet.DispatcherServlet - GET "/api/packages/category?category=%E4%B8%AA%E4%BA%BA%E7%95%85%E4%BA%AB", parameters={masked}
2026-01-25 11:15:06.045 [http-nio-8080-exec-8] DEBUG o.s.w.s.m.m.a.RequestMappingHandlerMapping - Mapped to com.oxygen.capsule.controller.MemberPackageController#getPackagesByCategoryParam(String)
2026-01-25 11:15:06.045 [http-nio-8080-exec-8] DEBUG o.s.o.j.s.OpenEntityManagerInViewInterceptor - Opening JPA EntityManager in OpenEntityManagerInViewInterceptor
2026-01-25 11:15:06.048 [http-nio-8080-exec-8] DEBUG o.s.w.s.m.m.a.RequestResponseBodyMethodProcessor - Using 'application/json', given [*/*] and supported [application/json, application/*+json]
2026-01-25 11:15:06.048 [http-nio-8080-exec-8] DEBUG o.s.w.s.m.m.a.RequestResponseBodyMethodProcessor - Writing [Result(code=200, message=success, data=[MemberPackage(id=1, code=MONTHLY, name=月卡, price=3980.0, peo (truncated)...]
2026-01-25 11:15:06.048 [http-nio-8080-exec-8] DEBUG o.s.o.j.s.OpenEntityManagerInViewInterceptor - Closing JPA EntityManager in OpenEntityManagerInViewInterceptor
2026-01-25 11:15:06.048 [http-nio-8080-exec-8] DEBUG o.s.web.servlet.DispatcherServlet - Completed 200 OK
2026-01-25 11:15:06.767 [http-nio-8080-exec-7] DEBUG o.s.web.servlet.DispatcherServlet - GET "/api/packages/category?category=%E5%AE%B6%E5%BA%AD%2F%E6%AC%A1%E5%8D%A1", parameters={masked}
2026-01-25 11:15:06.768 [http-nio-8080-exec-7] DEBUG o.s.w.s.m.m.a.RequestMappingHandlerMapping - Mapped to com.oxygen.capsule.controller.MemberPackageController#getPackagesByCategoryParam(String)
2026-01-25 11:15:06.768 [http-nio-8080-exec-7] DEBUG o.s.o.j.s.OpenEntityManagerInViewInterceptor - Opening JPA EntityManager in OpenEntityManagerInViewInterceptor
2026-01-25 11:15:06.773 [http-nio-8080-exec-7] DEBUG o.s.w.s.m.m.a.RequestResponseBodyMethodProcessor - Using 'application/json', given [*/*] and supported [application/json, application/*+json]
2026-01-25 11:15:06.773 [http-nio-8080-exec-7] DEBUG o.s.w.s.m.m.a.RequestResponseBodyMethodProcessor - Writing [Result(code=200, message=success, data=[MemberPackage(id=9, code=FAMILY_100, name=家庭100次卡, price=198 (truncated)...]
2026-01-25 11:15:06.773 [http-nio-8080-exec-7] DEBUG o.s.o.j.s.OpenEntityManagerInViewInterceptor - Closing JPA EntityManager in OpenEntityManagerInViewInterceptor
2026-01-25 11:15:06.774 [http-nio-8080-exec-7] DEBUG o.s.web.servlet.DispatcherServlet - Completed 200 OK
2026-01-25 11:15:08.621 [http-nio-8080-exec-4] DEBUG o.s.web.servlet.DispatcherServlet - GET "/api/payment/orders", parameters={}
2026-01-25 11:15:08.621 [http-nio-8080-exec-4] DEBUG o.s.w.s.m.m.a.RequestMappingHandlerMapping - Mapped to com.oxygen.capsule.controller.PaymentController#getUserPaymentOrders(String)
2026-01-25 11:15:08.621 [http-nio-8080-exec-4] DEBUG o.s.o.j.s.OpenEntityManagerInViewInterceptor - Opening JPA EntityManager in OpenEntityManagerInViewInterceptor
2026-01-25 11:15:08.625 [http-nio-8080-exec-4] DEBUG o.s.orm.jpa.JpaTransactionManager - Found thread-bound EntityManager [SessionImpl(2058827730<open>)] for JPA transaction
2026-01-25 11:15:08.625 [http-nio-8080-exec-4] DEBUG o.s.orm.jpa.JpaTransactionManager - Creating new transaction with name [org.springframework.data.jpa.repository.support.SimpleJpaRepository.findById]: PROPAGATION_REQUIRED,ISOLATION_DEFAULT,readOnly
2026-01-25 11:15:08.626 [http-nio-8080-exec-4] DEBUG o.s.orm.jpa.JpaTransactionManager - Exposing JPA transaction as JDBC [org.springframework.orm.jpa.vendor.HibernateJpaDialect$HibernateConnectionHandle@1436aa02]
2026-01-25 11:15:08.627 [http-nio-8080-exec-4] DEBUG o.s.orm.jpa.JpaTransactionManager - Initiating transaction commit
2026-01-25 11:15:08.627 [http-nio-8080-exec-4] DEBUG o.s.orm.jpa.JpaTransactionManager - Committing JPA transaction on EntityManager [SessionImpl(2058827730<open>)]
2026-01-25 11:15:08.627 [http-nio-8080-exec-4] DEBUG o.s.orm.jpa.JpaTransactionManager - Not closing pre-bound JPA EntityManager after transaction
2026-01-25 11:15:08.627 [http-nio-8080-exec-4] DEBUG o.s.orm.jpa.JpaTransactionManager - Found thread-bound EntityManager [SessionImpl(2058827730<open>)] for JPA transaction
2026-01-25 11:15:08.627 [http-nio-8080-exec-4] DEBUG o.s.orm.jpa.JpaTransactionManager - Creating new transaction with name [org.springframework.data.jpa.repository.support.SimpleJpaRepository.findById]: PROPAGATION_REQUIRED,ISOLATION_DEFAULT,readOnly
2026-01-25 11:15:08.627 [http-nio-8080-exec-4] DEBUG o.s.orm.jpa.JpaTransactionManager - Exposing JPA transaction as JDBC [org.springframework.orm.jpa.vendor.HibernateJpaDialect$HibernateConnectionHandle@48b36751]
2026-01-25 11:15:08.627 [http-nio-8080-exec-4] DEBUG o.s.orm.jpa.JpaTransactionManager - Initiating transaction commit
2026-01-25 11:15:08.627 [http-nio-8080-exec-4] DEBUG o.s.orm.jpa.JpaTransactionManager - Committing JPA transaction on EntityManager [SessionImpl(2058827730<open>)]
2026-01-25 11:15:08.627 [http-nio-8080-exec-4] DEBUG o.s.orm.jpa.JpaTransactionManager - Not closing pre-bound JPA EntityManager after transaction
2026-01-25 11:15:08.628 [http-nio-8080-exec-4] DEBUG o.s.w.s.m.m.a.RequestResponseBodyMethodProcessor - Using 'application/json', given [*/*] and supported [application/json, application/*+json]
2026-01-25 11:15:08.628 [http-nio-8080-exec-4] DEBUG o.s.w.s.m.m.a.RequestResponseBodyMethodProcessor - Writing [Result(code=200, message=success, data=[{packageCategory=家庭/次卡, cardEndDate=2027-01-25T00:00, orderN (truncated)...]
2026-01-25 11:15:08.628 [http-nio-8080-exec-4] DEBUG o.s.o.j.s.OpenEntityManagerInViewInterceptor - Closing JPA EntityManager in OpenEntityManagerInViewInterceptor
2026-01-25 11:15:08.628 [http-nio-8080-exec-4] DEBUG o.s.web.servlet.DispatcherServlet - Completed 200 OK
2026-01-25 11:15:08.637 [http-nio-8080-exec-5] DEBUG o.s.web.servlet.DispatcherServlet - GET "/api/user/info", parameters={}
2026-01-25 11:15:08.637 [http-nio-8080-exec-5] DEBUG o.s.w.s.m.m.a.RequestMappingHandlerMapping - Mapped to com.oxygen.capsule.controller.UserController#getUserInfo(String)
2026-01-25 11:15:08.638 [http-nio-8080-exec-5] DEBUG o.s.o.j.s.OpenEntityManagerInViewInterceptor - Opening JPA EntityManager in OpenEntityManagerInViewInterceptor
2026-01-25 11:15:08.639 [http-nio-8080-exec-5] DEBUG o.s.orm.jpa.JpaTransactionManager - Found thread-bound EntityManager [SessionImpl(604234259<open>)] for JPA transaction
2026-01-25 11:15:08.639 [http-nio-8080-exec-5] DEBUG o.s.orm.jpa.JpaTransactionManager - Creating new transaction with name [org.springframework.data.jpa.repository.support.SimpleJpaRepository.findById]: PROPAGATION_REQUIRED,ISOLATION_DEFAULT,readOnly
2026-01-25 11:15:08.640 [http-nio-8080-exec-5] DEBUG o.s.orm.jpa.JpaTransactionManager - Exposing JPA transaction as JDBC [org.springframework.orm.jpa.vendor.HibernateJpaDialect$HibernateConnectionHandle@511e793a]
2026-01-25 11:15:08.641 [http-nio-8080-exec-5] DEBUG o.s.orm.jpa.JpaTransactionManager - Initiating transaction commit
2026-01-25 11:15:08.641 [http-nio-8080-exec-5] DEBUG o.s.orm.jpa.JpaTransactionManager - Committing JPA transaction on EntityManager [SessionImpl(604234259<open>)]
2026-01-25 11:15:08.641 [http-nio-8080-exec-5] DEBUG o.s.orm.jpa.JpaTransactionManager - Not closing pre-bound JPA EntityManager after transaction
2026-01-25 11:15:08.644 [http-nio-8080-exec-5] DEBUG o.s.w.s.m.m.a.RequestResponseBodyMethodProcessor - Using 'application/json', given [*/*] and supported [application/json, application/*+json]
2026-01-25 11:15:08.644 [http-nio-8080-exec-5] DEBUG o.s.w.s.m.m.a.RequestResponseBodyMethodProcessor - Writing [Result(code=200, message=success, data={totalVisits=0, remainingVisits=202, memberExpireTime=2040-03 (truncated)...]
2026-01-25 11:15:08.645 [http-nio-8080-exec-5] DEBUG o.s.o.j.s.OpenEntityManagerInViewInterceptor - Closing JPA EntityManager in OpenEntityManagerInViewInterceptor
2026-01-25 11:15:08.645 [http-nio-8080-exec-5] DEBUG o.s.web.servlet.DispatcherServlet - Completed 200 OK
2026-01-25 11:15:08.662 [http-nio-8080-exec-9] DEBUG o.s.web.servlet.DispatcherServlet - GET "/api/staff/active-list", parameters={}
2026-01-25 11:15:08.662 [http-nio-8080-exec-9] DEBUG o.s.w.s.m.m.a.RequestMappingHandlerMapping - Mapped to com.oxygen.capsule.controller.StaffController#getActiveStaffs()
2026-01-25 11:15:08.663 [http-nio-8080-exec-9] DEBUG o.s.o.j.s.OpenEntityManagerInViewInterceptor - Opening JPA EntityManager in OpenEntityManagerInViewInterceptor
2026-01-25 11:15:08.668 [http-nio-8080-exec-9] DEBUG o.s.w.s.m.m.a.RequestResponseBodyMethodProcessor - Using 'application/json', given [*/*] and supported [application/json, application/*+json]
2026-01-25 11:15:08.668 [http-nio-8080-exec-9] DEBUG o.s.w.s.m.m.a.RequestResponseBodyMethodProcessor - Writing [Result(code=200, message=success, data=[{phone=18680815221, name=员工, id=2}])]
2026-01-25 11:15:08.668 [http-nio-8080-exec-9] DEBUG o.s.o.j.s.OpenEntityManagerInViewInterceptor - Closing JPA EntityManager in OpenEntityManagerInViewInterceptor
2026-01-25 11:15:08.668 [http-nio-8080-exec-9] DEBUG o.s.web.servlet.DispatcherServlet - Completed 200 OK
2026-01-25 11:15:19.019 [http-nio-8080-exec-6] DEBUG o.s.web.servlet.DispatcherServlet - GET "/api/payment/orders", parameters={}
2026-01-25 11:15:19.020 [http-nio-8080-exec-6] DEBUG o.s.w.s.m.m.a.RequestMappingHandlerMapping - Mapped to com.oxygen.capsule.controller.PaymentController#getUserPaymentOrders(String)
2026-01-25 11:15:19.020 [http-nio-8080-exec-6] DEBUG o.s.o.j.s.OpenEntityManagerInViewInterceptor - Opening JPA EntityManager in OpenEntityManagerInViewInterceptor
2026-01-25 11:15:19.026 [http-nio-8080-exec-6] DEBUG o.s.orm.jpa.JpaTransactionManager - Found thread-bound EntityManager [SessionImpl(58294664<open>)] for JPA transaction
2026-01-25 11:15:19.026 [http-nio-8080-exec-6] DEBUG o.s.orm.jpa.JpaTransactionManager - Creating new transaction with name [org.springframework.data.jpa.repository.support.SimpleJpaRepository.findById]: PROPAGATION_REQUIRED,ISOLATION_DEFAULT,readOnly
2026-01-25 11:15:19.026 [http-nio-8080-exec-6] DEBUG o.s.orm.jpa.JpaTransactionManager - Exposing JPA transaction as JDBC [org.springframework.orm.jpa.vendor.HibernateJpaDialect$HibernateConnectionHandle@231e88ff]
2026-01-25 11:15:19.028 [http-nio-8080-exec-6] DEBUG o.s.orm.jpa.JpaTransactionManager - Initiating transaction commit
2026-01-25 11:15:19.028 [http-nio-8080-exec-6] DEBUG o.s.orm.jpa.JpaTransactionManager - Committing JPA transaction on EntityManager [SessionImpl(58294664<open>)]
2026-01-25 11:15:19.028 [http-nio-8080-exec-6] DEBUG o.s.orm.jpa.JpaTransactionManager - Not closing pre-bound JPA EntityManager after transaction
2026-01-25 11:15:19.028 [http-nio-8080-exec-6] DEBUG o.s.orm.jpa.JpaTransactionManager - Found thread-bound EntityManager [SessionImpl(58294664<open>)] for JPA transaction
2026-01-25 11:15:19.028 [http-nio-8080-exec-6] DEBUG o.s.orm.jpa.JpaTransactionManager - Creating new transaction with name [org.springframework.data.jpa.repository.support.SimpleJpaRepository.findById]: PROPAGATION_REQUIRED,ISOLATION_DEFAULT,readOnly
2026-01-25 11:15:19.028 [http-nio-8080-exec-6] DEBUG o.s.orm.jpa.JpaTransactionManager - Exposing JPA transaction as JDBC [org.springframework.orm.jpa.vendor.HibernateJpaDialect$HibernateConnectionHandle@29040bea]
2026-01-25 11:15:19.028 [http-nio-8080-exec-6] DEBUG o.s.orm.jpa.JpaTransactionManager - Initiating transaction commit
2026-01-25 11:15:19.028 [http-nio-8080-exec-6] DEBUG o.s.orm.jpa.JpaTransactionManager - Committing JPA transaction on EntityManager [SessionImpl(58294664<open>)]
2026-01-25 11:15:19.029 [http-nio-8080-exec-6] DEBUG o.s.orm.jpa.JpaTransactionManager - Not closing pre-bound JPA EntityManager after transaction
2026-01-25 11:15:19.029 [http-nio-8080-exec-6] DEBUG o.s.w.s.m.m.a.RequestResponseBodyMethodProcessor - Using 'application/json', given [*/*] and supported [application/json, application/*+json]
2026-01-25 11:15:19.029 [http-nio-8080-exec-6] DEBUG o.s.w.s.m.m.a.RequestResponseBodyMethodProcessor - Writing [Result(code=200, message=success, data=[{packageCategory=家庭/次卡, cardEndDate=2027-01-25T00:00, orderN (truncated)...]
2026-01-25 11:15:19.030 [http-nio-8080-exec-6] DEBUG o.s.o.j.s.OpenEntityManagerInViewInterceptor - Closing JPA EntityManager in OpenEntityManagerInViewInterceptor
2026-01-25 11:15:19.030 [http-nio-8080-exec-6] DEBUG o.s.web.servlet.DispatcherServlet - Completed 200 OK
2026-01-25 11:15:21.500 [http-nio-8080-exec-3] DEBUG o.s.web.servlet.DispatcherServlet - POST "/api/payment/create-package-order", parameters={}
2026-01-25 11:15:21.500 [http-nio-8080-exec-3] DEBUG o.s.w.s.m.m.a.RequestMappingHandlerMapping - Mapped to com.oxygen.capsule.controller.PaymentController#createPackageOrder(String, Map)
2026-01-25 11:15:21.500 [http-nio-8080-exec-3] DEBUG o.s.o.j.s.OpenEntityManagerInViewInterceptor - Opening JPA EntityManager in OpenEntityManagerInViewInterceptor
2026-01-25 11:15:21.501 [http-nio-8080-exec-3] DEBUG o.s.w.s.m.m.a.RequestResponseBodyMethodProcessor - Read "application/json;charset=UTF-8" to [{packageId=12, price=1, cardStartDate=2026-01-25, staffId=2, staffName=员工}]
2026-01-25 11:15:21.504 [http-nio-8080-exec-3] DEBUG o.s.orm.jpa.JpaTransactionManager - Found thread-bound EntityManager [SessionImpl(1116057165<open>)] for JPA transaction
2026-01-25 11:15:21.504 [http-nio-8080-exec-3] DEBUG o.s.orm.jpa.JpaTransactionManager - Creating new transaction with name [org.springframework.data.jpa.repository.support.SimpleJpaRepository.findById]: PROPAGATION_REQUIRED,ISOLATION_DEFAULT,readOnly
2026-01-25 11:15:21.505 [http-nio-8080-exec-3] DEBUG o.s.orm.jpa.JpaTransactionManager - Exposing JPA transaction as JDBC [org.springframework.orm.jpa.vendor.HibernateJpaDialect$HibernateConnectionHandle@7138d901]
2026-01-25 11:15:21.506 [http-nio-8080-exec-3] DEBUG o.s.orm.jpa.JpaTransactionManager - Initiating transaction commit
2026-01-25 11:15:21.506 [http-nio-8080-exec-3] DEBUG o.s.orm.jpa.JpaTransactionManager - Committing JPA transaction on EntityManager [SessionImpl(1116057165<open>)]
2026-01-25 11:15:21.506 [http-nio-8080-exec-3] DEBUG o.s.orm.jpa.JpaTransactionManager - Not closing pre-bound JPA EntityManager after transaction
2026-01-25 11:15:21.506 [http-nio-8080-exec-3] DEBUG o.s.orm.jpa.JpaTransactionManager - Found thread-bound EntityManager [SessionImpl(1116057165<open>)] for JPA transaction
2026-01-25 11:15:21.506 [http-nio-8080-exec-3] DEBUG o.s.orm.jpa.JpaTransactionManager - Creating new transaction with name [org.springframework.data.jpa.repository.support.SimpleJpaRepository.findById]: PROPAGATION_REQUIRED,ISOLATION_DEFAULT,readOnly
2026-01-25 11:15:21.507 [http-nio-8080-exec-3] DEBUG o.s.orm.jpa.JpaTransactionManager - Exposing JPA transaction as JDBC [org.springframework.orm.jpa.vendor.HibernateJpaDialect$HibernateConnectionHandle@3d3f9967]
2026-01-25 11:15:21.507 [http-nio-8080-exec-3] DEBUG o.s.orm.jpa.JpaTransactionManager - Initiating transaction commit
2026-01-25 11:15:21.507 [http-nio-8080-exec-3] DEBUG o.s.orm.jpa.JpaTransactionManager - Committing JPA transaction on EntityManager [SessionImpl(1116057165<open>)]
2026-01-25 11:15:21.508 [http-nio-8080-exec-3] DEBUG o.s.orm.jpa.JpaTransactionManager - Not closing pre-bound JPA EntityManager after transaction
2026-01-25 11:15:21.510 [http-nio-8080-exec-3] DEBUG o.s.orm.jpa.JpaTransactionManager - Found thread-bound EntityManager [SessionImpl(1116057165<open>)] for JPA transaction
2026-01-25 11:15:21.511 [http-nio-8080-exec-3] DEBUG o.s.orm.jpa.JpaTransactionManager - Creating new transaction with name [org.springframework.data.jpa.repository.support.SimpleJpaRepository.save]: PROPAGATION_REQUIRED,ISOLATION_DEFAULT
2026-01-25 11:15:21.511 [http-nio-8080-exec-3] DEBUG o.s.orm.jpa.JpaTransactionManager - Exposing JPA transaction as JDBC [org.springframework.orm.jpa.vendor.HibernateJpaDialect$HibernateConnectionHandle@5d63655]
2026-01-25 11:15:21.513 [http-nio-8080-exec-3] DEBUG o.s.orm.jpa.JpaTransactionManager - Initiating transaction commit
2026-01-25 11:15:21.513 [http-nio-8080-exec-3] DEBUG o.s.orm.jpa.JpaTransactionManager - Committing JPA transaction on EntityManager [SessionImpl(1116057165<open>)]
2026-01-25 11:15:21.514 [http-nio-8080-exec-3] DEBUG o.s.orm.jpa.JpaTransactionManager - Not closing pre-bound JPA EntityManager after transaction
2026-01-25 11:15:21.515 [http-nio-8080-exec-3] DEBUG o.s.w.s.m.m.a.RequestResponseBodyMethodProcessor - Using 'application/json', given [*/*] and supported [application/json, application/*+json]
2026-01-25 11:15:21.515 [http-nio-8080-exec-3] DEBUG o.s.w.s.m.m.a.RequestResponseBodyMethodProcessor - Writing [Result(code=200, message=订单创建成功, data={transactionType=RENEW, cardEndDate=2027-01-25T00:00, orderNo= (truncated)...]
2026-01-25 11:15:21.515 [http-nio-8080-exec-3] DEBUG o.s.o.j.s.OpenEntityManagerInViewInterceptor - Closing JPA EntityManager in OpenEntityManagerInViewInterceptor
2026-01-25 11:15:21.516 [http-nio-8080-exec-3] DEBUG o.s.web.servlet.DispatcherServlet - Completed 200 OK
2026-01-25 11:15:21.524 [http-nio-8080-exec-2] DEBUG o.s.web.servlet.DispatcherServlet - POST "/api/payment/wechat-pay/26", parameters={}
2026-01-25 11:15:21.524 [http-nio-8080-exec-2] DEBUG o.s.w.s.m.m.a.RequestMappingHandlerMapping - Mapped to com.oxygen.capsule.controller.PaymentController#getWechatPayParams(String, Long)
2026-01-25 11:15:21.524 [http-nio-8080-exec-2] DEBUG o.s.o.j.s.OpenEntityManagerInViewInterceptor - Opening JPA EntityManager in OpenEntityManagerInViewInterceptor
2026-01-25 11:15:21.525 [http-nio-8080-exec-2] DEBUG o.s.orm.jpa.JpaTransactionManager - Found thread-bound EntityManager [SessionImpl(509052575<open>)] for JPA transaction
2026-01-25 11:15:21.525 [http-nio-8080-exec-2] DEBUG o.s.orm.jpa.JpaTransactionManager - Creating new transaction with name [org.springframework.data.jpa.repository.support.SimpleJpaRepository.findById]: PROPAGATION_REQUIRED,ISOLATION_DEFAULT,readOnly
2026-01-25 11:15:21.526 [http-nio-8080-exec-2] DEBUG o.s.orm.jpa.JpaTransactionManager - Exposing JPA transaction as JDBC [org.springframework.orm.jpa.vendor.HibernateJpaDialect$HibernateConnectionHandle@25d817aa]
2026-01-25 11:15:21.527 [http-nio-8080-exec-2] DEBUG o.s.orm.jpa.JpaTransactionManager - Initiating transaction commit
2026-01-25 11:15:21.527 [http-nio-8080-exec-2] DEBUG o.s.orm.jpa.JpaTransactionManager - Committing JPA transaction on EntityManager [SessionImpl(509052575<open>)]
2026-01-25 11:15:21.528 [http-nio-8080-exec-2] DEBUG o.s.orm.jpa.JpaTransactionManager - Not closing pre-bound JPA EntityManager after transaction
2026-01-25 11:15:21.528 [http-nio-8080-exec-2] DEBUG o.s.orm.jpa.JpaTransactionManager - Found thread-bound EntityManager [SessionImpl(509052575<open>)] for JPA transaction
2026-01-25 11:15:21.528 [http-nio-8080-exec-2] DEBUG o.s.orm.jpa.JpaTransactionManager - Creating new transaction with name [org.springframework.data.jpa.repository.support.SimpleJpaRepository.findById]: PROPAGATION_REQUIRED,ISOLATION_DEFAULT,readOnly
2026-01-25 11:15:21.528 [http-nio-8080-exec-2] DEBUG o.s.orm.jpa.JpaTransactionManager - Exposing JPA transaction as JDBC [org.springframework.orm.jpa.vendor.HibernateJpaDialect$HibernateConnectionHandle@6bd11fad]
2026-01-25 11:15:21.529 [http-nio-8080-exec-2] DEBUG o.s.orm.jpa.JpaTransactionManager - Initiating transaction commit
2026-01-25 11:15:21.529 [http-nio-8080-exec-2] DEBUG o.s.orm.jpa.JpaTransactionManager - Committing JPA transaction on EntityManager [SessionImpl(509052575<open>)]
2026-01-25 11:15:21.529 [http-nio-8080-exec-2] DEBUG o.s.orm.jpa.JpaTransactionManager - Not closing pre-bound JPA EntityManager after transaction
2026-01-25 11:15:21.529 [http-nio-8080-exec-2] INFO  com.oxygen.capsule.util.WxPayUtil - 使用 MOCK 模式生成支付参数，订单号: PAY17693109215115250, 金额: 100分
2026-01-25 11:15:21.529 [http-nio-8080-exec-2] INFO  com.oxygen.capsule.util.WxPayUtil - 生成Mock支付参数，订单号: PAY17693109215115250, 金额: 100分
2026-01-25 11:15:21.529 [http-nio-8080-exec-2] WARN  com.oxygen.capsule.util.WxPayUtil - ⚠️  返回Mock支付参数，前端调用 uni.requestPayment 会失败，但可以测试支付流程
2026-01-25 11:15:21.529 [http-nio-8080-exec-2] WARN  com.oxygen.capsule.util.WxPayUtil - ⚠️  订单数据已保存到数据库，可以通过其他方式模拟支付成功
2026-01-25 11:15:21.530 [http-nio-8080-exec-2] DEBUG o.s.w.s.m.m.a.RequestResponseBodyMethodProcessor - Using 'application/json', given [*/*] and supported [application/json, application/*+json]
2026-01-25 11:15:21.530 [http-nio-8080-exec-2] DEBUG o.s.w.s.m.m.a.RequestResponseBodyMethodProcessor - Writing [Result(code=200, message=获取支付参数成功, data={timeStamp=1769310921, package=prepay_id=MOCK_PREPAY_ID_1769 (truncated)...]
2026-01-25 11:15:21.530 [http-nio-8080-exec-2] DEBUG o.s.o.j.s.OpenEntityManagerInViewInterceptor - Closing JPA EntityManager in OpenEntityManagerInViewInterceptor
2026-01-25 11:15:21.530 [http-nio-8080-exec-2] DEBUG o.s.web.servlet.DispatcherServlet - Completed 200 OK
2026-01-25 11:15:22.149 [http-nio-8080-exec-10] DEBUG o.s.web.servlet.DispatcherServlet - POST "/api/payment/mock-success/26", parameters={}
2026-01-25 11:15:22.150 [http-nio-8080-exec-10] DEBUG o.s.w.s.m.m.a.RequestMappingHandlerMapping - Mapped to com.oxygen.capsule.controller.PaymentController#mockPaymentSuccess(String, Long)
2026-01-25 11:15:22.150 [http-nio-8080-exec-10] DEBUG o.s.o.j.s.OpenEntityManagerInViewInterceptor - Opening JPA EntityManager in OpenEntityManagerInViewInterceptor
2026-01-25 11:15:22.152 [http-nio-8080-exec-10] DEBUG o.s.orm.jpa.JpaTransactionManager - Found thread-bound EntityManager [SessionImpl(745337614<open>)] for JPA transaction
2026-01-25 11:15:22.153 [http-nio-8080-exec-10] DEBUG o.s.orm.jpa.JpaTransactionManager - Creating new transaction with name [org.springframework.data.jpa.repository.support.SimpleJpaRepository.findById]: PROPAGATION_REQUIRED,ISOLATION_DEFAULT,readOnly
2026-01-25 11:15:22.153 [http-nio-8080-exec-10] DEBUG o.s.orm.jpa.JpaTransactionManager - Exposing JPA transaction as JDBC [org.springframework.orm.jpa.vendor.HibernateJpaDialect$HibernateConnectionHandle@33b0bf3d]
2026-01-25 11:15:22.155 [http-nio-8080-exec-10] DEBUG o.s.orm.jpa.JpaTransactionManager - Initiating transaction commit
2026-01-25 11:15:22.155 [http-nio-8080-exec-10] DEBUG o.s.orm.jpa.JpaTransactionManager - Committing JPA transaction on EntityManager [SessionImpl(745337614<open>)]
2026-01-25 11:15:22.155 [http-nio-8080-exec-10] DEBUG o.s.orm.jpa.JpaTransactionManager - Not closing pre-bound JPA EntityManager after transaction
2026-01-25 11:15:22.155 [http-nio-8080-exec-10] DEBUG o.s.orm.jpa.JpaTransactionManager - Found thread-bound EntityManager [SessionImpl(745337614<open>)] for JPA transaction
2026-01-25 11:15:22.155 [http-nio-8080-exec-10] DEBUG o.s.orm.jpa.JpaTransactionManager - Creating new transaction with name [org.springframework.data.jpa.repository.support.SimpleJpaRepository.findById]: PROPAGATION_REQUIRED,ISOLATION_DEFAULT,readOnly
2026-01-25 11:15:22.155 [http-nio-8080-exec-10] DEBUG o.s.orm.jpa.JpaTransactionManager - Exposing JPA transaction as JDBC [org.springframework.orm.jpa.vendor.HibernateJpaDialect$HibernateConnectionHandle@79d210a4]
2026-01-25 11:15:22.155 [http-nio-8080-exec-10] DEBUG o.s.orm.jpa.JpaTransactionManager - Initiating transaction commit
2026-01-25 11:15:22.155 [http-nio-8080-exec-10] DEBUG o.s.orm.jpa.JpaTransactionManager - Committing JPA transaction on EntityManager [SessionImpl(745337614<open>)]
2026-01-25 11:15:22.156 [http-nio-8080-exec-10] DEBUG o.s.orm.jpa.JpaTransactionManager - Not closing pre-bound JPA EntityManager after transaction
2026-01-25 11:15:22.156 [http-nio-8080-exec-10] DEBUG o.s.orm.jpa.JpaTransactionManager - Found thread-bound EntityManager [SessionImpl(745337614<open>)] for JPA transaction
2026-01-25 11:15:22.156 [http-nio-8080-exec-10] DEBUG o.s.orm.jpa.JpaTransactionManager - Creating new transaction with name [org.springframework.data.jpa.repository.support.SimpleJpaRepository.findById]: PROPAGATION_REQUIRED,ISOLATION_DEFAULT,readOnly
2026-01-25 11:15:22.156 [http-nio-8080-exec-10] DEBUG o.s.orm.jpa.JpaTransactionManager - Exposing JPA transaction as JDBC [org.springframework.orm.jpa.vendor.HibernateJpaDialect$HibernateConnectionHandle@5bc596e6]
2026-01-25 11:15:22.157 [http-nio-8080-exec-10] DEBUG o.s.orm.jpa.JpaTransactionManager - Initiating transaction commit
2026-01-25 11:15:22.157 [http-nio-8080-exec-10] DEBUG o.s.orm.jpa.JpaTransactionManager - Committing JPA transaction on EntityManager [SessionImpl(745337614<open>)]
2026-01-25 11:15:22.157 [http-nio-8080-exec-10] DEBUG o.s.orm.jpa.JpaTransactionManager - Not closing pre-bound JPA EntityManager after transaction
2026-01-25 11:15:22.157 [http-nio-8080-exec-10] DEBUG o.s.orm.jpa.JpaTransactionManager - Found thread-bound EntityManager [SessionImpl(745337614<open>)] for JPA transaction
2026-01-25 11:15:22.157 [http-nio-8080-exec-10] DEBUG o.s.orm.jpa.JpaTransactionManager - Creating new transaction with name [org.springframework.data.jpa.repository.support.SimpleJpaRepository.save]: PROPAGATION_REQUIRED,ISOLATION_DEFAULT
2026-01-25 11:15:22.157 [http-nio-8080-exec-10] DEBUG o.s.orm.jpa.JpaTransactionManager - Exposing JPA transaction as JDBC [org.springframework.orm.jpa.vendor.HibernateJpaDialect$HibernateConnectionHandle@1c0a0390]
2026-01-25 11:15:22.157 [http-nio-8080-exec-10] DEBUG o.s.orm.jpa.JpaTransactionManager - Initiating transaction commit
2026-01-25 11:15:22.158 [http-nio-8080-exec-10] DEBUG o.s.orm.jpa.JpaTransactionManager - Committing JPA transaction on EntityManager [SessionImpl(745337614<open>)]
2026-01-25 11:15:22.161 [http-nio-8080-exec-10] DEBUG o.s.orm.jpa.JpaTransactionManager - Not closing pre-bound JPA EntityManager after transaction
2026-01-25 11:15:22.161 [http-nio-8080-exec-10] DEBUG o.s.orm.jpa.JpaTransactionManager - Found thread-bound EntityManager [SessionImpl(745337614<open>)] for JPA transaction
2026-01-25 11:15:22.161 [http-nio-8080-exec-10] DEBUG o.s.orm.jpa.JpaTransactionManager - Creating new transaction with name [org.springframework.data.jpa.repository.support.SimpleJpaRepository.findById]: PROPAGATION_REQUIRED,ISOLATION_DEFAULT,readOnly
2026-01-25 11:15:22.161 [http-nio-8080-exec-10] DEBUG o.s.orm.jpa.JpaTransactionManager - Exposing JPA transaction as JDBC [org.springframework.orm.jpa.vendor.HibernateJpaDialect$HibernateConnectionHandle@67d2329a]
2026-01-25 11:15:22.162 [http-nio-8080-exec-10] DEBUG o.s.orm.jpa.JpaTransactionManager - Initiating transaction commit
2026-01-25 11:15:22.162 [http-nio-8080-exec-10] DEBUG o.s.orm.jpa.JpaTransactionManager - Committing JPA transaction on EntityManager [SessionImpl(745337614<open>)]
2026-01-25 11:15:22.163 [http-nio-8080-exec-10] DEBUG o.s.orm.jpa.JpaTransactionManager - Not closing pre-bound JPA EntityManager after transaction
2026-01-25 11:15:22.163 [http-nio-8080-exec-10] DEBUG o.s.orm.jpa.JpaTransactionManager - Found thread-bound EntityManager [SessionImpl(745337614<open>)] for JPA transaction
2026-01-25 11:15:22.163 [http-nio-8080-exec-10] DEBUG o.s.orm.jpa.JpaTransactionManager - Creating new transaction with name [org.springframework.data.jpa.repository.support.SimpleJpaRepository.findById]: PROPAGATION_REQUIRED,ISOLATION_DEFAULT,readOnly
2026-01-25 11:15:22.163 [http-nio-8080-exec-10] DEBUG o.s.orm.jpa.JpaTransactionManager - Exposing JPA transaction as JDBC [org.springframework.orm.jpa.vendor.HibernateJpaDialect$HibernateConnectionHandle@3594593b]
2026-01-25 11:15:22.163 [http-nio-8080-exec-10] DEBUG o.s.orm.jpa.JpaTransactionManager - Initiating transaction commit
2026-01-25 11:15:22.163 [http-nio-8080-exec-10] DEBUG o.s.orm.jpa.JpaTransactionManager - Committing JPA transaction on EntityManager [SessionImpl(745337614<open>)]
2026-01-25 11:15:22.163 [http-nio-8080-exec-10] DEBUG o.s.orm.jpa.JpaTransactionManager - Not closing pre-bound JPA EntityManager after transaction
2026-01-25 11:15:22.163 [http-nio-8080-exec-10] DEBUG o.s.orm.jpa.JpaTransactionManager - Found thread-bound EntityManager [SessionImpl(745337614<open>)] for JPA transaction
2026-01-25 11:15:22.164 [http-nio-8080-exec-10] DEBUG o.s.orm.jpa.JpaTransactionManager - Creating new transaction with name [org.springframework.data.jpa.repository.support.SimpleJpaRepository.save]: PROPAGATION_REQUIRED,ISOLATION_DEFAULT
2026-01-25 11:15:22.164 [http-nio-8080-exec-10] DEBUG o.s.orm.jpa.JpaTransactionManager - Exposing JPA transaction as JDBC [org.springframework.orm.jpa.vendor.HibernateJpaDialect$HibernateConnectionHandle@7f9332f8]
2026-01-25 11:15:22.164 [http-nio-8080-exec-10] DEBUG o.s.orm.jpa.JpaTransactionManager - Initiating transaction commit
2026-01-25 11:15:22.164 [http-nio-8080-exec-10] DEBUG o.s.orm.jpa.JpaTransactionManager - Committing JPA transaction on EntityManager [SessionImpl(745337614<open>)]
2026-01-25 11:15:22.166 [http-nio-8080-exec-10] DEBUG o.s.orm.jpa.JpaTransactionManager - Not closing pre-bound JPA EntityManager after transaction
2026-01-25 11:15:22.166 [http-nio-8080-exec-10] DEBUG o.s.w.s.m.m.a.RequestResponseBodyMethodProcessor - Using 'application/json', given [*/*] and supported [application/json, application/*+json]
2026-01-25 11:15:22.166 [http-nio-8080-exec-10] DEBUG o.s.w.s.m.m.a.RequestResponseBodyMethodProcessor - Writing [Result(code=200, message=Mock支付成功，订单状态已更新, data=success)]
2026-01-25 11:15:22.167 [http-nio-8080-exec-10] DEBUG o.s.o.j.s.OpenEntityManagerInViewInterceptor - Closing JPA EntityManager in OpenEntityManagerInViewInterceptor
2026-01-25 11:15:22.167 [http-nio-8080-exec-10] DEBUG o.s.web.servlet.DispatcherServlet - Completed 200 OK
2026-01-25 11:15:24.470 [http-nio-8080-exec-1] DEBUG o.s.web.servlet.DispatcherServlet - GET "/api/user/info", parameters={}
2026-01-25 11:15:24.471 [http-nio-8080-exec-1] DEBUG o.s.w.s.m.m.a.RequestMappingHandlerMapping - Mapped to com.oxygen.capsule.controller.UserController#getUserInfo(String)
2026-01-25 11:15:24.471 [http-nio-8080-exec-1] DEBUG o.s.o.j.s.OpenEntityManagerInViewInterceptor - Opening JPA EntityManager in OpenEntityManagerInViewInterceptor
2026-01-25 11:15:24.473 [http-nio-8080-exec-1] DEBUG o.s.orm.jpa.JpaTransactionManager - Found thread-bound EntityManager [SessionImpl(312033791<open>)] for JPA transaction
2026-01-25 11:15:24.473 [http-nio-8080-exec-1] DEBUG o.s.orm.jpa.JpaTransactionManager - Creating new transaction with name [org.springframework.data.jpa.repository.support.SimpleJpaRepository.findById]: PROPAGATION_REQUIRED,ISOLATION_DEFAULT,readOnly
2026-01-25 11:15:24.473 [http-nio-8080-exec-1] DEBUG o.s.orm.jpa.JpaTransactionManager - Exposing JPA transaction as JDBC [org.springframework.orm.jpa.vendor.HibernateJpaDialect$HibernateConnectionHandle@7846885e]
2026-01-25 11:15:24.474 [http-nio-8080-exec-8] DEBUG o.s.web.servlet.DispatcherServlet - GET "/api/payment/orders", parameters={}
2026-01-25 11:15:24.474 [http-nio-8080-exec-8] DEBUG o.s.w.s.m.m.a.RequestMappingHandlerMapping - Mapped to com.oxygen.capsule.controller.PaymentController#getUserPaymentOrders(String)
2026-01-25 11:15:24.474 [http-nio-8080-exec-8] DEBUG o.s.o.j.s.OpenEntityManagerInViewInterceptor - Opening JPA EntityManager in OpenEntityManagerInViewInterceptor
2026-01-25 11:15:24.476 [http-nio-8080-exec-1] DEBUG o.s.orm.jpa.JpaTransactionManager - Initiating transaction commit
2026-01-25 11:15:24.476 [http-nio-8080-exec-1] DEBUG o.s.orm.jpa.JpaTransactionManager - Committing JPA transaction on EntityManager [SessionImpl(312033791<open>)]
2026-01-25 11:15:24.476 [http-nio-8080-exec-1] DEBUG o.s.orm.jpa.JpaTransactionManager - Not closing pre-bound JPA EntityManager after transaction
2026-01-25 11:15:24.478 [http-nio-8080-exec-8] DEBUG o.s.orm.jpa.JpaTransactionManager - Found thread-bound EntityManager [SessionImpl(279048432<open>)] for JPA transaction
2026-01-25 11:15:24.479 [http-nio-8080-exec-8] DEBUG o.s.orm.jpa.JpaTransactionManager - Creating new transaction with name [org.springframework.data.jpa.repository.support.SimpleJpaRepository.findById]: PROPAGATION_REQUIRED,ISOLATION_DEFAULT,readOnly
2026-01-25 11:15:24.479 [http-nio-8080-exec-1] DEBUG o.s.w.s.m.m.a.RequestResponseBodyMethodProcessor - Using 'application/json', given [*/*] and supported [application/json, application/*+json]
2026-01-25 11:15:24.479 [http-nio-8080-exec-1] DEBUG o.s.w.s.m.m.a.RequestResponseBodyMethodProcessor - Writing [Result(code=200, message=success, data={totalVisits=0, remainingVisits=203, memberExpireTime=2041-03 (truncated)...]
2026-01-25 11:15:24.479 [http-nio-8080-exec-8] DEBUG o.s.orm.jpa.JpaTransactionManager - Exposing JPA transaction as JDBC [org.springframework.orm.jpa.vendor.HibernateJpaDialect$HibernateConnectionHandle@3c42dc17]
2026-01-25 11:15:24.479 [http-nio-8080-exec-1] DEBUG o.s.o.j.s.OpenEntityManagerInViewInterceptor - Closing JPA EntityManager in OpenEntityManagerInViewInterceptor
2026-01-25 11:15:24.479 [http-nio-8080-exec-1] DEBUG o.s.web.servlet.DispatcherServlet - Completed 200 OK
2026-01-25 11:15:24.481 [http-nio-8080-exec-8] DEBUG o.s.orm.jpa.JpaTransactionManager - Initiating transaction commit
2026-01-25 11:15:24.481 [http-nio-8080-exec-8] DEBUG o.s.orm.jpa.JpaTransactionManager - Committing JPA transaction on EntityManager [SessionImpl(279048432<open>)]
2026-01-25 11:15:24.481 [http-nio-8080-exec-8] DEBUG o.s.orm.jpa.JpaTransactionManager - Not closing pre-bound JPA EntityManager after transaction
2026-01-25 11:15:24.481 [http-nio-8080-exec-8] DEBUG o.s.orm.jpa.JpaTransactionManager - Found thread-bound EntityManager [SessionImpl(279048432<open>)] for JPA transaction
2026-01-25 11:15:24.481 [http-nio-8080-exec-8] DEBUG o.s.orm.jpa.JpaTransactionManager - Creating new transaction with name [org.springframework.data.jpa.repository.support.SimpleJpaRepository.findById]: PROPAGATION_REQUIRED,ISOLATION_DEFAULT,readOnly
2026-01-25 11:15:24.482 [http-nio-8080-exec-8] DEBUG o.s.orm.jpa.JpaTransactionManager - Exposing JPA transaction as JDBC [org.springframework.orm.jpa.vendor.HibernateJpaDialect$HibernateConnectionHandle@5ad87e3f]
2026-01-25 11:15:24.482 [http-nio-8080-exec-8] DEBUG o.s.orm.jpa.JpaTransactionManager - Initiating transaction commit
2026-01-25 11:15:24.482 [http-nio-8080-exec-8] DEBUG o.s.orm.jpa.JpaTransactionManager - Committing JPA transaction on EntityManager [SessionImpl(279048432<open>)]
2026-01-25 11:15:24.483 [http-nio-8080-exec-7] DEBUG o.s.web.servlet.DispatcherServlet - GET "/api/booking/orders", parameters={}
2026-01-25 11:15:24.483 [http-nio-8080-exec-8] DEBUG o.s.orm.jpa.JpaTransactionManager - Not closing pre-bound JPA EntityManager after transaction
2026-01-25 11:15:24.483 [http-nio-8080-exec-8] DEBUG o.s.orm.jpa.JpaTransactionManager - Found thread-bound EntityManager [SessionImpl(279048432<open>)] for JPA transaction
2026-01-25 11:15:24.483 [http-nio-8080-exec-7] DEBUG o.s.w.s.m.m.a.RequestMappingHandlerMapping - Mapped to com.oxygen.capsule.controller.BookingController#getUserOrders(String)
2026-01-25 11:15:24.483 [http-nio-8080-exec-8] DEBUG o.s.orm.jpa.JpaTransactionManager - Creating new transaction with name [org.springframework.data.jpa.repository.support.SimpleJpaRepository.findById]: PROPAGATION_REQUIRED,ISOLATION_DEFAULT,readOnly
2026-01-25 11:15:24.483 [http-nio-8080-exec-7] DEBUG o.s.o.j.s.OpenEntityManagerInViewInterceptor - Opening JPA EntityManager in OpenEntityManagerInViewInterceptor
2026-01-25 11:15:24.483 [http-nio-8080-exec-8] DEBUG o.s.orm.jpa.JpaTransactionManager - Exposing JPA transaction as JDBC [org.springframework.orm.jpa.vendor.HibernateJpaDialect$HibernateConnectionHandle@29f834e4]
2026-01-25 11:15:24.483 [http-nio-8080-exec-8] DEBUG o.s.orm.jpa.JpaTransactionManager - Initiating transaction commit
2026-01-25 11:15:24.483 [http-nio-8080-exec-8] DEBUG o.s.orm.jpa.JpaTransactionManager - Committing JPA transaction on EntityManager [SessionImpl(279048432<open>)]
2026-01-25 11:15:24.484 [http-nio-8080-exec-8] DEBUG o.s.orm.jpa.JpaTransactionManager - Not closing pre-bound JPA EntityManager after transaction
2026-01-25 11:15:24.484 [http-nio-8080-exec-8] DEBUG o.s.w.s.m.m.a.RequestResponseBodyMethodProcessor - Using 'application/json', given [*/*] and supported [application/json, application/*+json]
2026-01-25 11:15:24.484 [http-nio-8080-exec-7] DEBUG o.s.orm.jpa.JpaTransactionManager - Found thread-bound EntityManager [SessionImpl(750028765<open>)] for JPA transaction
2026-01-25 11:15:24.484 [http-nio-8080-exec-7] DEBUG o.s.orm.jpa.JpaTransactionManager - Creating new transaction with name [org.springframework.data.jpa.repository.support.SimpleJpaRepository.findById]: PROPAGATION_REQUIRED,ISOLATION_DEFAULT,readOnly
2026-01-25 11:15:24.484 [http-nio-8080-exec-8] DEBUG o.s.w.s.m.m.a.RequestResponseBodyMethodProcessor - Writing [Result(code=200, message=success, data=[{packageCategory=家庭/次卡, cardEndDate=2027-01-25T00:00, orderN (truncated)...]
2026-01-25 11:15:24.485 [http-nio-8080-exec-7] DEBUG o.s.orm.jpa.JpaTransactionManager - Exposing JPA transaction as JDBC [org.springframework.orm.jpa.vendor.HibernateJpaDialect$HibernateConnectionHandle@704f8446]
2026-01-25 11:15:24.485 [http-nio-8080-exec-8] DEBUG o.s.o.j.s.OpenEntityManagerInViewInterceptor - Closing JPA EntityManager in OpenEntityManagerInViewInterceptor
2026-01-25 11:15:24.485 [http-nio-8080-exec-8] DEBUG o.s.web.servlet.DispatcherServlet - Completed 200 OK
2026-01-25 11:15:24.487 [http-nio-8080-exec-7] DEBUG o.s.orm.jpa.JpaTransactionManager - Initiating transaction commit
2026-01-25 11:15:24.487 [http-nio-8080-exec-7] DEBUG o.s.orm.jpa.JpaTransactionManager - Committing JPA transaction on EntityManager [SessionImpl(750028765<open>)]
2026-01-25 11:15:24.488 [http-nio-8080-exec-7] DEBUG o.s.orm.jpa.JpaTransactionManager - Not closing pre-bound JPA EntityManager after transaction
2026-01-25 11:15:24.491 [http-nio-8080-exec-4] DEBUG o.s.web.servlet.DispatcherServlet - GET "/api/user/info", parameters={}
2026-01-25 11:15:24.491 [http-nio-8080-exec-4] DEBUG o.s.w.s.m.m.a.RequestMappingHandlerMapping - Mapped to com.oxygen.capsule.controller.UserController#getUserInfo(String)
2026-01-25 11:15:24.491 [http-nio-8080-exec-4] DEBUG o.s.o.j.s.OpenEntityManagerInViewInterceptor - Opening JPA EntityManager in OpenEntityManagerInViewInterceptor
2026-01-25 11:15:24.491 [http-nio-8080-exec-7] DEBUG o.s.w.s.m.m.a.RequestResponseBodyMethodProcessor - Using 'application/json', given [*/*] and supported [application/json, application/*+json]
2026-01-25 11:15:24.492 [http-nio-8080-exec-7] DEBUG o.s.w.s.m.m.a.RequestResponseBodyMethodProcessor - Writing [Result(code=200, message=success, data=[BookingOrder(id=7, orderNo=BK17693107357209356, userId=1, pa (truncated)...]
2026-01-25 11:15:24.492 [http-nio-8080-exec-7] DEBUG o.s.o.j.s.OpenEntityManagerInViewInterceptor - Closing JPA EntityManager in OpenEntityManagerInViewInterceptor
2026-01-25 11:15:24.492 [http-nio-8080-exec-7] DEBUG o.s.web.servlet.DispatcherServlet - Completed 200 OK
2026-01-25 11:15:24.492 [http-nio-8080-exec-4] DEBUG o.s.orm.jpa.JpaTransactionManager - Found thread-bound EntityManager [SessionImpl(1188612768<open>)] for JPA transaction
2026-01-25 11:15:24.492 [http-nio-8080-exec-4] DEBUG o.s.orm.jpa.JpaTransactionManager - Creating new transaction with name [org.springframework.data.jpa.repository.support.SimpleJpaRepository.findById]: PROPAGATION_REQUIRED,ISOLATION_DEFAULT,readOnly
2026-01-25 11:15:24.493 [http-nio-8080-exec-4] DEBUG o.s.orm.jpa.JpaTransactionManager - Exposing JPA transaction as JDBC [org.springframework.orm.jpa.vendor.HibernateJpaDialect$HibernateConnectionHandle@6ef473b9]
2026-01-25 11:15:24.493 [http-nio-8080-exec-5] DEBUG o.s.web.servlet.DispatcherServlet - GET "/api/payment/orders", parameters={}
2026-01-25 11:15:24.493 [http-nio-8080-exec-5] DEBUG o.s.w.s.m.m.a.RequestMappingHandlerMapping - Mapped to com.oxygen.capsule.controller.PaymentController#getUserPaymentOrders(String)
2026-01-25 11:15:24.493 [http-nio-8080-exec-5] DEBUG o.s.o.j.s.OpenEntityManagerInViewInterceptor - Opening JPA EntityManager in OpenEntityManagerInViewInterceptor
2026-01-25 11:15:24.495 [http-nio-8080-exec-4] DEBUG o.s.orm.jpa.JpaTransactionManager - Initiating transaction commit
2026-01-25 11:15:24.495 [http-nio-8080-exec-4] DEBUG o.s.orm.jpa.JpaTransactionManager - Committing JPA transaction on EntityManager [SessionImpl(1188612768<open>)]
2026-01-25 11:15:24.495 [http-nio-8080-exec-4] DEBUG o.s.orm.jpa.JpaTransactionManager - Not closing pre-bound JPA EntityManager after transaction
2026-01-25 11:15:24.497 [http-nio-8080-exec-9] DEBUG o.s.web.servlet.DispatcherServlet - GET "/api/booking/orders", parameters={}
2026-01-25 11:15:24.497 [http-nio-8080-exec-4] DEBUG o.s.w.s.m.m.a.RequestResponseBodyMethodProcessor - Using 'application/json', given [*/*] and supported [application/json, application/*+json]
2026-01-25 11:15:24.497 [http-nio-8080-exec-4] DEBUG o.s.w.s.m.m.a.RequestResponseBodyMethodProcessor - Writing [Result(code=200, message=success, data={totalVisits=0, remainingVisits=203, memberExpireTime=2041-03 (truncated)...]
2026-01-25 11:15:24.497 [http-nio-8080-exec-9] DEBUG o.s.w.s.m.m.a.RequestMappingHandlerMapping - Mapped to com.oxygen.capsule.controller.BookingController#getUserOrders(String)
2026-01-25 11:15:24.498 [http-nio-8080-exec-9] DEBUG o.s.o.j.s.OpenEntityManagerInViewInterceptor - Opening JPA EntityManager in OpenEntityManagerInViewInterceptor
2026-01-25 11:15:24.498 [http-nio-8080-exec-5] DEBUG o.s.orm.jpa.JpaTransactionManager - Found thread-bound EntityManager [SessionImpl(1613886533<open>)] for JPA transaction
2026-01-25 11:15:24.498 [http-nio-8080-exec-5] DEBUG o.s.orm.jpa.JpaTransactionManager - Creating new transaction with name [org.springframework.data.jpa.repository.support.SimpleJpaRepository.findById]: PROPAGATION_REQUIRED,ISOLATION_DEFAULT,readOnly
2026-01-25 11:15:24.498 [http-nio-8080-exec-4] DEBUG o.s.o.j.s.OpenEntityManagerInViewInterceptor - Closing JPA EntityManager in OpenEntityManagerInViewInterceptor
2026-01-25 11:15:24.498 [http-nio-8080-exec-4] DEBUG o.s.web.servlet.DispatcherServlet - Completed 200 OK
2026-01-25 11:15:24.498 [http-nio-8080-exec-5] DEBUG o.s.orm.jpa.JpaTransactionManager - Exposing JPA transaction as JDBC [org.springframework.orm.jpa.vendor.HibernateJpaDialect$HibernateConnectionHandle@415d1535]
2026-01-25 11:15:24.499 [http-nio-8080-exec-9] DEBUG o.s.orm.jpa.JpaTransactionManager - Found thread-bound EntityManager [SessionImpl(1649704904<open>)] for JPA transaction
2026-01-25 11:15:24.499 [http-nio-8080-exec-9] DEBUG o.s.orm.jpa.JpaTransactionManager - Creating new transaction with name [org.springframework.data.jpa.repository.support.SimpleJpaRepository.findById]: PROPAGATION_REQUIRED,ISOLATION_DEFAULT,readOnly
2026-01-25 11:15:24.500 [http-nio-8080-exec-9] DEBUG o.s.orm.jpa.JpaTransactionManager - Exposing JPA transaction as JDBC [org.springframework.orm.jpa.vendor.HibernateJpaDialect$HibernateConnectionHandle@62f3ac3c]
2026-01-25 11:15:24.500 [http-nio-8080-exec-5] DEBUG o.s.orm.jpa.JpaTransactionManager - Initiating transaction commit
2026-01-25 11:15:24.500 [http-nio-8080-exec-5] DEBUG o.s.orm.jpa.JpaTransactionManager - Committing JPA transaction on EntityManager [SessionImpl(1613886533<open>)]
2026-01-25 11:15:24.501 [http-nio-8080-exec-5] DEBUG o.s.orm.jpa.JpaTransactionManager - Not closing pre-bound JPA EntityManager after transaction
2026-01-25 11:15:24.501 [http-nio-8080-exec-5] DEBUG o.s.orm.jpa.JpaTransactionManager - Found thread-bound EntityManager [SessionImpl(1613886533<open>)] for JPA transaction
2026-01-25 11:15:24.501 [http-nio-8080-exec-5] DEBUG o.s.orm.jpa.JpaTransactionManager - Creating new transaction with name [org.springframework.data.jpa.repository.support.SimpleJpaRepository.findById]: PROPAGATION_REQUIRED,ISOLATION_DEFAULT,readOnly
2026-01-25 11:15:24.501 [http-nio-8080-exec-5] DEBUG o.s.orm.jpa.JpaTransactionManager - Exposing JPA transaction as JDBC [org.springframework.orm.jpa.vendor.HibernateJpaDialect$HibernateConnectionHandle@7a7be1bd]
2026-01-25 11:15:24.501 [http-nio-8080-exec-9] DEBUG o.s.orm.jpa.JpaTransactionManager - Initiating transaction commit
2026-01-25 11:15:24.501 [http-nio-8080-exec-9] DEBUG o.s.orm.jpa.JpaTransactionManager - Committing JPA transaction on EntityManager [SessionImpl(1649704904<open>)]
2026-01-25 11:15:24.501 [http-nio-8080-exec-5] DEBUG o.s.orm.jpa.JpaTransactionManager - Initiating transaction commit
2026-01-25 11:15:24.501 [http-nio-8080-exec-5] DEBUG o.s.orm.jpa.JpaTransactionManager - Committing JPA transaction on EntityManager [SessionImpl(1613886533<open>)]
2026-01-25 11:15:24.501 [http-nio-8080-exec-9] DEBUG o.s.orm.jpa.JpaTransactionManager - Not closing pre-bound JPA EntityManager after transaction
2026-01-25 11:15:24.501 [http-nio-8080-exec-5] DEBUG o.s.orm.jpa.JpaTransactionManager - Not closing pre-bound JPA EntityManager after transaction
2026-01-25 11:15:24.501 [http-nio-8080-exec-5] DEBUG o.s.orm.jpa.JpaTransactionManager - Found thread-bound EntityManager [SessionImpl(1613886533<open>)] for JPA transaction
2026-01-25 11:15:24.501 [http-nio-8080-exec-5] DEBUG o.s.orm.jpa.JpaTransactionManager - Creating new transaction with name [org.springframework.data.jpa.repository.support.SimpleJpaRepository.findById]: PROPAGATION_REQUIRED,ISOLATION_DEFAULT,readOnly
2026-01-25 11:15:24.502 [http-nio-8080-exec-5] DEBUG o.s.orm.jpa.JpaTransactionManager - Exposing JPA transaction as JDBC [org.springframework.orm.jpa.vendor.HibernateJpaDialect$HibernateConnectionHandle@71fd533c]
2026-01-25 11:15:24.502 [http-nio-8080-exec-5] DEBUG o.s.orm.jpa.JpaTransactionManager - Initiating transaction commit
2026-01-25 11:15:24.502 [http-nio-8080-exec-5] DEBUG o.s.orm.jpa.JpaTransactionManager - Committing JPA transaction on EntityManager [SessionImpl(1613886533<open>)]
2026-01-25 11:15:24.502 [http-nio-8080-exec-5] DEBUG o.s.orm.jpa.JpaTransactionManager - Not closing pre-bound JPA EntityManager after transaction
2026-01-25 11:15:24.502 [http-nio-8080-exec-5] DEBUG o.s.w.s.m.m.a.RequestResponseBodyMethodProcessor - Using 'application/json', given [*/*] and supported [application/json, application/*+json]
2026-01-25 11:15:24.502 [http-nio-8080-exec-5] DEBUG o.s.w.s.m.m.a.RequestResponseBodyMethodProcessor - Writing [Result(code=200, message=success, data=[{packageCategory=家庭/次卡, cardEndDate=2027-01-25T00:00, orderN (truncated)...]
2026-01-25 11:15:24.503 [http-nio-8080-exec-5] DEBUG o.s.o.j.s.OpenEntityManagerInViewInterceptor - Closing JPA EntityManager in OpenEntityManagerInViewInterceptor
2026-01-25 11:15:24.503 [http-nio-8080-exec-5] DEBUG o.s.web.servlet.DispatcherServlet - Completed 200 OK
2026-01-25 11:15:24.503 [http-nio-8080-exec-9] DEBUG o.s.w.s.m.m.a.RequestResponseBodyMethodProcessor - Using 'application/json', given [*/*] and supported [application/json, application/*+json]
2026-01-25 11:15:24.503 [http-nio-8080-exec-9] DEBUG o.s.w.s.m.m.a.RequestResponseBodyMethodProcessor - Writing [Result(code=200, message=success, data=[BookingOrder(id=7, orderNo=BK17693107357209356, userId=1, pa (truncated)...]
2026-01-25 11:15:24.504 [http-nio-8080-exec-9] DEBUG o.s.o.j.s.OpenEntityManagerInViewInterceptor - Closing JPA EntityManager in OpenEntityManagerInViewInterceptor
2026-01-25 11:15:24.504 [http-nio-8080-exec-9] DEBUG o.s.web.servlet.DispatcherServlet - Completed 200 OK
2026-01-25 11:15:24.513 [http-nio-8080-exec-6] DEBUG o.s.web.servlet.DispatcherServlet - GET "/api/user/info", parameters={}
2026-01-25 11:15:24.514 [http-nio-8080-exec-6] DEBUG o.s.w.s.m.m.a.RequestMappingHandlerMapping - Mapped to com.oxygen.capsule.controller.UserController#getUserInfo(String)
2026-01-25 11:15:24.514 [http-nio-8080-exec-6] DEBUG o.s.o.j.s.OpenEntityManagerInViewInterceptor - Opening JPA EntityManager in OpenEntityManagerInViewInterceptor
2026-01-25 11:15:24.516 [http-nio-8080-exec-6] DEBUG o.s.orm.jpa.JpaTransactionManager - Found thread-bound EntityManager [SessionImpl(1893123193<open>)] for JPA transaction
2026-01-25 11:15:24.516 [http-nio-8080-exec-6] DEBUG o.s.orm.jpa.JpaTransactionManager - Creating new transaction with name [org.springframework.data.jpa.repository.support.SimpleJpaRepository.findById]: PROPAGATION_REQUIRED,ISOLATION_DEFAULT,readOnly
2026-01-25 11:15:24.517 [http-nio-8080-exec-6] DEBUG o.s.orm.jpa.JpaTransactionManager - Exposing JPA transaction as JDBC [org.springframework.orm.jpa.vendor.HibernateJpaDialect$HibernateConnectionHandle@292d861c]
2026-01-25 11:15:24.518 [http-nio-8080-exec-6] DEBUG o.s.orm.jpa.JpaTransactionManager - Initiating transaction commit
2026-01-25 11:15:24.518 [http-nio-8080-exec-6] DEBUG o.s.orm.jpa.JpaTransactionManager - Committing JPA transaction on EntityManager [SessionImpl(1893123193<open>)]
2026-01-25 11:15:24.518 [http-nio-8080-exec-6] DEBUG o.s.orm.jpa.JpaTransactionManager - Not closing pre-bound JPA EntityManager after transaction
2026-01-25 11:15:24.522 [http-nio-8080-exec-6] DEBUG o.s.w.s.m.m.a.RequestResponseBodyMethodProcessor - Using 'application/json', given [*/*] and supported [application/json, application/*+json]
2026-01-25 11:15:24.522 [http-nio-8080-exec-6] DEBUG o.s.w.s.m.m.a.RequestResponseBodyMethodProcessor - Writing [Result(code=200, message=success, data={totalVisits=0, remainingVisits=203, memberExpireTime=2041-03 (truncated)...]
2026-01-25 11:15:24.523 [http-nio-8080-exec-6] DEBUG o.s.o.j.s.OpenEntityManagerInViewInterceptor - Closing JPA EntityManager in OpenEntityManagerInViewInterceptor
2026-01-25 11:15:24.523 [http-nio-8080-exec-6] DEBUG o.s.web.servlet.DispatcherServlet - Completed 200 OK
2026-01-25 11:15:24.532 [http-nio-8080-exec-3] DEBUG o.s.web.servlet.DispatcherServlet - GET "/api/user/info", parameters={}
2026-01-25 11:15:24.532 [http-nio-8080-exec-3] DEBUG o.s.w.s.m.m.a.RequestMappingHandlerMapping - Mapped to com.oxygen.capsule.controller.UserController#getUserInfo(String)
2026-01-25 11:15:24.532 [http-nio-8080-exec-3] DEBUG o.s.o.j.s.OpenEntityManagerInViewInterceptor - Opening JPA EntityManager in OpenEntityManagerInViewInterceptor
2026-01-25 11:15:24.533 [http-nio-8080-exec-3] DEBUG o.s.orm.jpa.JpaTransactionManager - Found thread-bound EntityManager [SessionImpl(1736891303<open>)] for JPA transaction
2026-01-25 11:15:24.533 [http-nio-8080-exec-3] DEBUG o.s.orm.jpa.JpaTransactionManager - Creating new transaction with name [org.springframework.data.jpa.repository.support.SimpleJpaRepository.findById]: PROPAGATION_REQUIRED,ISOLATION_DEFAULT,readOnly
2026-01-25 11:15:24.534 [http-nio-8080-exec-3] DEBUG o.s.orm.jpa.JpaTransactionManager - Exposing JPA transaction as JDBC [org.springframework.orm.jpa.vendor.HibernateJpaDialect$HibernateConnectionHandle@71694f97]
2026-01-25 11:15:24.535 [http-nio-8080-exec-3] DEBUG o.s.orm.jpa.JpaTransactionManager - Initiating transaction commit
2026-01-25 11:15:24.535 [http-nio-8080-exec-3] DEBUG o.s.orm.jpa.JpaTransactionManager - Committing JPA transaction on EntityManager [SessionImpl(1736891303<open>)]
2026-01-25 11:15:24.535 [http-nio-8080-exec-3] DEBUG o.s.orm.jpa.JpaTransactionManager - Not closing pre-bound JPA EntityManager after transaction
2026-01-25 11:15:24.546 [http-nio-8080-exec-3] DEBUG o.s.w.s.m.m.a.RequestResponseBodyMethodProcessor - Using 'application/json', given [*/*] and supported [application/json, application/*+json]
2026-01-25 11:15:24.546 [http-nio-8080-exec-3] DEBUG o.s.w.s.m.m.a.RequestResponseBodyMethodProcessor - Writing [Result(code=200, message=success, data={totalVisits=0, remainingVisits=203, memberExpireTime=2041-03 (truncated)...]
2026-01-25 11:15:24.547 [http-nio-8080-exec-3] DEBUG o.s.o.j.s.OpenEntityManagerInViewInterceptor - Closing JPA EntityManager in OpenEntityManagerInViewInterceptor
2026-01-25 11:15:24.547 [http-nio-8080-exec-3] DEBUG o.s.web.servlet.DispatcherServlet - Completed 200 OK
2026-01-25 11:20:00.008 [scheduling-1] DEBUG o.s.o.j.SharedEntityManagerCreator$SharedEntityManagerInvocationHandler - Creating new EntityManager for shared EntityManager invocation
2026-01-25 11:25:00.026 [scheduling-1] DEBUG o.s.o.j.SharedEntityManagerCreator$SharedEntityManagerInvocationHandler - Creating new EntityManager for shared EntityManager invocation
2026-01-25 11:30:00.039 [scheduling-1] DEBUG o.s.o.j.SharedEntityManagerCreator$SharedEntityManagerInvocationHandler - Creating new EntityManager for shared EntityManager invocation
2026-01-25 11:35:00.019 [scheduling-1] DEBUG o.s.o.j.SharedEntityManagerCreator$SharedEntityManagerInvocationHandler - Creating new EntityManager for shared EntityManager invocation
2026-01-25 11:40:00.189 [scheduling-1] DEBUG o.s.o.j.SharedEntityManagerCreator$SharedEntityManagerInvocationHandler - Creating new EntityManager for shared EntityManager invocation
2026-01-25 11:45:00.019 [scheduling-1] DEBUG o.s.o.j.SharedEntityManagerCreator$SharedEntityManagerInvocationHandler - Creating new EntityManager for shared EntityManager invocation
2026-01-25 11:50:00.010 [scheduling-1] DEBUG o.s.o.j.SharedEntityManagerCreator$SharedEntityManagerInvocationHandler - Creating new EntityManager for shared EntityManager invocation
2026-01-25 11:55:00.013 [scheduling-1] DEBUG o.s.o.j.SharedEntityManagerCreator$SharedEntityManagerInvocationHandler - Creating new EntityManager for shared EntityManager invocation
2026-01-25 12:00:00.029 [scheduling-1] DEBUG o.s.o.j.SharedEntityManagerCreator$SharedEntityManagerInvocationHandler - Creating new EntityManager for shared EntityManager invocation
2026-01-25 12:05:00.016 [scheduling-1] DEBUG o.s.o.j.SharedEntityManagerCreator$SharedEntityManagerInvocationHandler - Creating new EntityManager for shared EntityManager invocation
2026-01-25 12:10:00.013 [scheduling-1] DEBUG o.s.o.j.SharedEntityManagerCreator$SharedEntityManagerInvocationHandler - Creating new EntityManager for shared EntityManager invocation
2026-01-25 12:15:00.000 [scheduling-1] DEBUG o.s.o.j.SharedEntityManagerCreator$SharedEntityManagerInvocationHandler - Creating new EntityManager for shared EntityManager invocation
2026-01-25 12:20:00.020 [scheduling-1] DEBUG o.s.o.j.SharedEntityManagerCreator$SharedEntityManagerInvocationHandler - Creating new EntityManager for shared EntityManager invocation
2026-01-25 12:25:00.041 [scheduling-1] DEBUG o.s.o.j.SharedEntityManagerCreator$SharedEntityManagerInvocationHandler - Creating new EntityManager for shared EntityManager invocation
2026-01-25 12:30:00.021 [scheduling-1] DEBUG o.s.o.j.SharedEntityManagerCreator$SharedEntityManagerInvocationHandler - Creating new EntityManager for shared EntityManager invocation
2026-01-25 12:35:00.029 [scheduling-1] DEBUG o.s.o.j.SharedEntityManagerCreator$SharedEntityManagerInvocationHandler - Creating new EntityManager for shared EntityManager invocation
2026-01-25 12:40:00.021 [scheduling-1] DEBUG o.s.o.j.SharedEntityManagerCreator$SharedEntityManagerInvocationHandler - Creating new EntityManager for shared EntityManager invocation
2026-01-25 12:45:00.011 [scheduling-1] DEBUG o.s.o.j.SharedEntityManagerCreator$SharedEntityManagerInvocationHandler - Creating new EntityManager for shared EntityManager invocation
2026-01-25 12:49:59.986 [scheduling-1] DEBUG o.s.o.j.SharedEntityManagerCreator$SharedEntityManagerInvocationHandler - Creating new EntityManager for shared EntityManager invocation
2026-01-25 12:55:00.020 [scheduling-1] DEBUG o.s.o.j.SharedEntityManagerCreator$SharedEntityManagerInvocationHandler - Creating new EntityManager for shared EntityManager invocation
2026-01-25 13:00:00.016 [scheduling-1] DEBUG o.s.o.j.SharedEntityManagerCreator$SharedEntityManagerInvocationHandler - Creating new EntityManager for shared EntityManager invocation
2026-01-25 13:05:00.037 [scheduling-1] DEBUG o.s.o.j.SharedEntityManagerCreator$SharedEntityManagerInvocationHandler - Creating new EntityManager for shared EntityManager invocation
2026-01-25 13:10:00.013 [scheduling-1] DEBUG o.s.o.j.SharedEntityManagerCreator$SharedEntityManagerInvocationHandler - Creating new EntityManager for shared EntityManager invocation
2026-01-25 13:15:00.019 [scheduling-1] DEBUG o.s.o.j.SharedEntityManagerCreator$SharedEntityManagerInvocationHandler - Creating new EntityManager for shared EntityManager invocation
2026-01-25 13:20:00.026 [scheduling-1] DEBUG o.s.o.j.SharedEntityManagerCreator$SharedEntityManagerInvocationHandler - Creating new EntityManager for shared EntityManager invocation
2026-01-25 13:25:00.021 [scheduling-1] DEBUG o.s.o.j.SharedEntityManagerCreator$SharedEntityManagerInvocationHandler - Creating new EntityManager for shared EntityManager invocation
2026-01-25 13:30:00.025 [scheduling-1] DEBUG o.s.o.j.SharedEntityManagerCreator$SharedEntityManagerInvocationHandler - Creating new EntityManager for shared EntityManager invocation
2026-01-25 13:35:00.020 [scheduling-1] DEBUG o.s.o.j.SharedEntityManagerCreator$SharedEntityManagerInvocationHandler - Creating new EntityManager for shared EntityManager invocation
2026-01-25 13:40:00.016 [scheduling-1] DEBUG o.s.o.j.SharedEntityManagerCreator$SharedEntityManagerInvocationHandler - Creating new EntityManager for shared EntityManager invocation
2026-01-25 13:45:00.030 [scheduling-1] DEBUG o.s.o.j.SharedEntityManagerCreator$SharedEntityManagerInvocationHandler - Creating new EntityManager for shared EntityManager invocation
2026-01-25 13:50:00.023 [scheduling-1] DEBUG o.s.o.j.SharedEntityManagerCreator$SharedEntityManagerInvocationHandler - Creating new EntityManager for shared EntityManager invocation
2026-01-25 13:55:00.033 [scheduling-1] DEBUG o.s.o.j.SharedEntityManagerCreator$SharedEntityManagerInvocationHandler - Creating new EntityManager for shared EntityManager invocation
2026-01-25 14:00:00.018 [scheduling-1] DEBUG o.s.o.j.SharedEntityManagerCreator$SharedEntityManagerInvocationHandler - Creating new EntityManager for shared EntityManager invocation
2026-01-25 14:05:00.019 [scheduling-1] DEBUG o.s.o.j.SharedEntityManagerCreator$SharedEntityManagerInvocationHandler - Creating new EntityManager for shared EntityManager invocation
2026-01-25 14:10:00.014 [scheduling-1] DEBUG o.s.o.j.SharedEntityManagerCreator$SharedEntityManagerInvocationHandler - Creating new EntityManager for shared EntityManager invocation
2026-01-25 14:15:00.019 [scheduling-1] DEBUG o.s.o.j.SharedEntityManagerCreator$SharedEntityManagerInvocationHandler - Creating new EntityManager for shared EntityManager invocation
2026-01-25 14:20:00.018 [scheduling-1] DEBUG o.s.o.j.SharedEntityManagerCreator$SharedEntityManagerInvocationHandler - Creating new EntityManager for shared EntityManager invocation
2026-01-25 14:24:59.945 [scheduling-1] DEBUG o.s.o.j.SharedEntityManagerCreator$SharedEntityManagerInvocationHandler - Creating new EntityManager for shared EntityManager invocation
2026-01-25 14:30:00.014 [scheduling-1] DEBUG o.s.o.j.SharedEntityManagerCreator$SharedEntityManagerInvocationHandler - Creating new EntityManager for shared EntityManager invocation
2026-01-25 14:35:00.017 [scheduling-1] DEBUG o.s.o.j.SharedEntityManagerCreator$SharedEntityManagerInvocationHandler - Creating new EntityManager for shared EntityManager invocation
2026-01-25 14:40:00.020 [scheduling-1] DEBUG o.s.o.j.SharedEntityManagerCreator$SharedEntityManagerInvocationHandler - Creating new EntityManager for shared EntityManager invocation
2026-01-25 14:45:00.000 [scheduling-1] DEBUG o.s.o.j.SharedEntityManagerCreator$SharedEntityManagerInvocationHandler - Creating new EntityManager for shared EntityManager invocation
2026-01-25 14:50:00.012 [scheduling-1] DEBUG o.s.o.j.SharedEntityManagerCreator$SharedEntityManagerInvocationHandler - Creating new EntityManager for shared EntityManager invocation
2026-01-25 14:55:00.012 [scheduling-1] DEBUG o.s.o.j.SharedEntityManagerCreator$SharedEntityManagerInvocationHandler - Creating new EntityManager for shared EntityManager invocation
2026-01-25 15:00:00.006 [scheduling-1] DEBUG o.s.o.j.SharedEntityManagerCreator$SharedEntityManagerInvocationHandler - Creating new EntityManager for shared EntityManager invocation
2026-01-25 15:05:00.014 [scheduling-1] DEBUG o.s.o.j.SharedEntityManagerCreator$SharedEntityManagerInvocationHandler - Creating new EntityManager for shared EntityManager invocation
2026-01-25 15:10:00.013 [scheduling-1] DEBUG o.s.o.j.SharedEntityManagerCreator$SharedEntityManagerInvocationHandler - Creating new EntityManager for shared EntityManager invocation
2026-01-25 15:15:00.014 [scheduling-1] DEBUG o.s.o.j.SharedEntityManagerCreator$SharedEntityManagerInvocationHandler - Creating new EntityManager for shared EntityManager invocation
2026-01-25 15:20:00.007 [scheduling-1] DEBUG o.s.o.j.SharedEntityManagerCreator$SharedEntityManagerInvocationHandler - Creating new EntityManager for shared EntityManager invocation
2026-01-25 15:25:00.012 [scheduling-1] DEBUG o.s.o.j.SharedEntityManagerCreator$SharedEntityManagerInvocationHandler - Creating new EntityManager for shared EntityManager invocation
2026-01-25 15:30:00.014 [scheduling-1] DEBUG o.s.o.j.SharedEntityManagerCreator$SharedEntityManagerInvocationHandler - Creating new EntityManager for shared EntityManager invocation
2026-01-25 15:35:00.109 [scheduling-1] DEBUG o.s.o.j.SharedEntityManagerCreator$SharedEntityManagerInvocationHandler - Creating new EntityManager for shared EntityManager invocation
2026-01-25 15:40:00.012 [scheduling-1] DEBUG o.s.o.j.SharedEntityManagerCreator$SharedEntityManagerInvocationHandler - Creating new EntityManager for shared EntityManager invocation
2026-01-25 15:45:00.030 [scheduling-1] DEBUG o.s.o.j.SharedEntityManagerCreator$SharedEntityManagerInvocationHandler - Creating new EntityManager for shared EntityManager invocation
2026-01-25 15:50:00.019 [scheduling-1] DEBUG o.s.o.j.SharedEntityManagerCreator$SharedEntityManagerInvocationHandler - Creating new EntityManager for shared EntityManager invocation
2026-01-25 15:55:00.018 [scheduling-1] DEBUG o.s.o.j.SharedEntityManagerCreator$SharedEntityManagerInvocationHandler - Creating new EntityManager for shared EntityManager invocation
2026-01-25 16:00:00.014 [scheduling-1] DEBUG o.s.o.j.SharedEntityManagerCreator$SharedEntityManagerInvocationHandler - Creating new EntityManager for shared EntityManager invocation
2026-01-25 16:05:00.025 [scheduling-1] DEBUG o.s.o.j.SharedEntityManagerCreator$SharedEntityManagerInvocationHandler - Creating new EntityManager for shared EntityManager invocation
2026-01-25 16:10:00.019 [scheduling-1] DEBUG o.s.o.j.SharedEntityManagerCreator$SharedEntityManagerInvocationHandler - Creating new EntityManager for shared EntityManager invocation
2026-01-25 16:15:00.020 [scheduling-1] DEBUG o.s.o.j.SharedEntityManagerCreator$SharedEntityManagerInvocationHandler - Creating new EntityManager for shared EntityManager invocation
2026-01-25 16:20:00.020 [scheduling-1] DEBUG o.s.o.j.SharedEntityManagerCreator$SharedEntityManagerInvocationHandler - Creating new EntityManager for shared EntityManager invocation
2026-01-25 16:25:00.021 [scheduling-1] DEBUG o.s.o.j.SharedEntityManagerCreator$SharedEntityManagerInvocationHandler - Creating new EntityManager for shared EntityManager invocation
2026-01-25 16:30:00.026 [scheduling-1] DEBUG o.s.o.j.SharedEntityManagerCreator$SharedEntityManagerInvocationHandler - Creating new EntityManager for shared EntityManager invocation
2026-01-25 16:35:00.018 [scheduling-1] DEBUG o.s.o.j.SharedEntityManagerCreator$SharedEntityManagerInvocationHandler - Creating new EntityManager for shared EntityManager invocation
2026-01-25 16:39:59.975 [scheduling-1] DEBUG o.s.o.j.SharedEntityManagerCreator$SharedEntityManagerInvocationHandler - Creating new EntityManager for shared EntityManager invocation
2026-01-25 16:45:00.016 [scheduling-1] DEBUG o.s.o.j.SharedEntityManagerCreator$SharedEntityManagerInvocationHandler - Creating new EntityManager for shared EntityManager invocation
2026-01-25 16:50:00.011 [scheduling-1] DEBUG o.s.o.j.SharedEntityManagerCreator$SharedEntityManagerInvocationHandler - Creating new EntityManager for shared EntityManager invocation
2026-01-25 16:55:00.015 [scheduling-1] DEBUG o.s.o.j.SharedEntityManagerCreator$SharedEntityManagerInvocationHandler - Creating new EntityManager for shared EntityManager invocation
2026-01-25 17:00:00.015 [scheduling-1] DEBUG o.s.o.j.SharedEntityManagerCreator$SharedEntityManagerInvocationHandler - Creating new EntityManager for shared EntityManager invocation
2026-01-25 17:05:00.010 [scheduling-1] DEBUG o.s.o.j.SharedEntityManagerCreator$SharedEntityManagerInvocationHandler - Creating new EntityManager for shared EntityManager invocation
2026-01-25 17:10:00.014 [scheduling-1] DEBUG o.s.o.j.SharedEntityManagerCreator$SharedEntityManagerInvocationHandler - Creating new EntityManager for shared EntityManager invocation
2026-01-25 17:15:00.017 [scheduling-1] DEBUG o.s.o.j.SharedEntityManagerCreator$SharedEntityManagerInvocationHandler - Creating new EntityManager for shared EntityManager invocation
2026-01-25 17:20:00.016 [scheduling-1] DEBUG o.s.o.j.SharedEntityManagerCreator$SharedEntityManagerInvocationHandler - Creating new EntityManager for shared EntityManager invocation
2026-01-25 17:25:00.017 [scheduling-1] DEBUG o.s.o.j.SharedEntityManagerCreator$SharedEntityManagerInvocationHandler - Creating new EntityManager for shared EntityManager invocation
2026-01-25 17:30:00.023 [scheduling-1] DEBUG o.s.o.j.SharedEntityManagerCreator$SharedEntityManagerInvocationHandler - Creating new EntityManager for shared EntityManager invocation
2026-01-25 17:35:00.015 [scheduling-1] DEBUG o.s.o.j.SharedEntityManagerCreator$SharedEntityManagerInvocationHandler - Creating new EntityManager for shared EntityManager invocation
2026-01-25 17:40:00.015 [scheduling-1] DEBUG o.s.o.j.SharedEntityManagerCreator$SharedEntityManagerInvocationHandler - Creating new EntityManager for shared EntityManager invocation
2026-01-25 17:45:00.040 [scheduling-1] DEBUG o.s.o.j.SharedEntityManagerCreator$SharedEntityManagerInvocationHandler - Creating new EntityManager for shared EntityManager invocation
2026-01-25 17:50:00.021 [scheduling-1] DEBUG o.s.o.j.SharedEntityManagerCreator$SharedEntityManagerInvocationHandler - Creating new EntityManager for shared EntityManager invocation
2026-01-25 17:55:00.015 [scheduling-1] DEBUG o.s.o.j.SharedEntityManagerCreator$SharedEntityManagerInvocationHandler - Creating new EntityManager for shared EntityManager invocation
2026-01-25 18:00:00.012 [scheduling-1] DEBUG o.s.o.j.SharedEntityManagerCreator$SharedEntityManagerInvocationHandler - Creating new EntityManager for shared EntityManager invocation
2026-01-25 18:05:00.013 [scheduling-1] DEBUG o.s.o.j.SharedEntityManagerCreator$SharedEntityManagerInvocationHandler - Creating new EntityManager for shared EntityManager invocation
2026-01-25 18:10:00.018 [scheduling-1] DEBUG o.s.o.j.SharedEntityManagerCreator$SharedEntityManagerInvocationHandler - Creating new EntityManager for shared EntityManager invocation
2026-01-25 18:15:00.018 [scheduling-1] DEBUG o.s.o.j.SharedEntityManagerCreator$SharedEntityManagerInvocationHandler - Creating new EntityManager for shared EntityManager invocation
2026-01-25 18:20:00.022 [scheduling-1] DEBUG o.s.o.j.SharedEntityManagerCreator$SharedEntityManagerInvocationHandler - Creating new EntityManager for shared EntityManager invocation
2026-01-25 18:25:00.021 [scheduling-1] DEBUG o.s.o.j.SharedEntityManagerCreator$SharedEntityManagerInvocationHandler - Creating new EntityManager for shared EntityManager invocation
2026-01-25 18:30:00.018 [scheduling-1] DEBUG o.s.o.j.SharedEntityManagerCreator$SharedEntityManagerInvocationHandler - Creating new EntityManager for shared EntityManager invocation
2026-01-25 18:35:00.017 [scheduling-1] DEBUG o.s.o.j.SharedEntityManagerCreator$SharedEntityManagerInvocationHandler - Creating new EntityManager for shared EntityManager invocation
2026-01-25 18:40:00.038 [scheduling-1] DEBUG o.s.o.j.SharedEntityManagerCreator$SharedEntityManagerInvocationHandler - Creating new EntityManager for shared EntityManager invocation
2026-01-25 18:45:00.031 [scheduling-1] DEBUG o.s.o.j.SharedEntityManagerCreator$SharedEntityManagerInvocationHandler - Creating new EntityManager for shared EntityManager invocation
2026-01-25 18:50:00.027 [scheduling-1] DEBUG o.s.o.j.SharedEntityManagerCreator$SharedEntityManagerInvocationHandler - Creating new EntityManager for shared EntityManager invocation
2026-01-25 18:55:00.012 [scheduling-1] DEBUG o.s.o.j.SharedEntityManagerCreator$SharedEntityManagerInvocationHandler - Creating new EntityManager for shared EntityManager invocation
2026-01-25 19:00:00.023 [scheduling-1] DEBUG o.s.o.j.SharedEntityManagerCreator$SharedEntityManagerInvocationHandler - Creating new EntityManager for shared EntityManager invocation
2026-01-25 19:05:00.013 [scheduling-1] DEBUG o.s.o.j.SharedEntityManagerCreator$SharedEntityManagerInvocationHandler - Creating new EntityManager for shared EntityManager invocation
2026-01-25 19:10:00.019 [scheduling-1] DEBUG o.s.o.j.SharedEntityManagerCreator$SharedEntityManagerInvocationHandler - Creating new EntityManager for shared EntityManager invocation
2026-01-25 19:15:00.015 [scheduling-1] DEBUG o.s.o.j.SharedEntityManagerCreator$SharedEntityManagerInvocationHandler - Creating new EntityManager for shared EntityManager invocation
2026-01-25 19:20:00.020 [scheduling-1] DEBUG o.s.o.j.SharedEntityManagerCreator$SharedEntityManagerInvocationHandler - Creating new EntityManager for shared EntityManager invocation
2026-01-25 19:25:00.019 [scheduling-1] DEBUG o.s.o.j.SharedEntityManagerCreator$SharedEntityManagerInvocationHandler - Creating new EntityManager for shared EntityManager invocation
2026-01-25 19:30:00.023 [scheduling-1] DEBUG o.s.o.j.SharedEntityManagerCreator$SharedEntityManagerInvocationHandler - Creating new EntityManager for shared EntityManager invocation
2026-01-25 19:35:00.020 [scheduling-1] DEBUG o.s.o.j.SharedEntityManagerCreator$SharedEntityManagerInvocationHandler - Creating new EntityManager for shared EntityManager invocation
2026-01-25 19:40:00.020 [scheduling-1] DEBUG o.s.o.j.SharedEntityManagerCreator$SharedEntityManagerInvocationHandler - Creating new EntityManager for shared EntityManager invocation
2026-01-25 19:45:00.022 [scheduling-1] DEBUG o.s.o.j.SharedEntityManagerCreator$SharedEntityManagerInvocationHandler - Creating new EntityManager for shared EntityManager invocation
2026-01-25 19:50:00.013 [scheduling-1] DEBUG o.s.o.j.SharedEntityManagerCreator$SharedEntityManagerInvocationHandler - Creating new EntityManager for shared EntityManager invocation
2026-01-25 19:55:00.039 [scheduling-1] DEBUG o.s.o.j.SharedEntityManagerCreator$SharedEntityManagerInvocationHandler - Creating new EntityManager for shared EntityManager invocation
2026-01-25 20:00:00.015 [scheduling-1] DEBUG o.s.o.j.SharedEntityManagerCreator$SharedEntityManagerInvocationHandler - Creating new EntityManager for shared EntityManager invocation
2026-01-25 20:05:00.020 [scheduling-1] DEBUG o.s.o.j.SharedEntityManagerCreator$SharedEntityManagerInvocationHandler - Creating new EntityManager for shared EntityManager invocation
2026-01-25 20:10:00.022 [scheduling-1] DEBUG o.s.o.j.SharedEntityManagerCreator$SharedEntityManagerInvocationHandler - Creating new EntityManager for shared EntityManager invocation
2026-01-25 20:15:00.025 [scheduling-1] DEBUG o.s.o.j.SharedEntityManagerCreator$SharedEntityManagerInvocationHandler - Creating new EntityManager for shared EntityManager invocation
2026-01-25 20:19:59.969 [scheduling-1] DEBUG o.s.o.j.SharedEntityManagerCreator$SharedEntityManagerInvocationHandler - Creating new EntityManager for shared EntityManager invocation
2026-01-25 20:25:00.007 [scheduling-1] DEBUG o.s.o.j.SharedEntityManagerCreator$SharedEntityManagerInvocationHandler - Creating new EntityManager for shared EntityManager invocation
2026-01-25 20:30:00.011 [scheduling-1] DEBUG o.s.o.j.SharedEntityManagerCreator$SharedEntityManagerInvocationHandler - Creating new EntityManager for shared EntityManager invocation
2026-01-25 20:35:00.033 [scheduling-1] DEBUG o.s.o.j.SharedEntityManagerCreator$SharedEntityManagerInvocationHandler - Creating new EntityManager for shared EntityManager invocation
2026-01-25 20:40:00.016 [scheduling-1] DEBUG o.s.o.j.SharedEntityManagerCreator$SharedEntityManagerInvocationHandler - Creating new EntityManager for shared EntityManager invocation
2026-01-25 20:45:00.015 [scheduling-1] DEBUG o.s.o.j.SharedEntityManagerCreator$SharedEntityManagerInvocationHandler - Creating new EntityManager for shared EntityManager invocation
2026-01-25 20:50:00.012 [scheduling-1] DEBUG o.s.o.j.SharedEntityManagerCreator$SharedEntityManagerInvocationHandler - Creating new EntityManager for shared EntityManager invocation
2026-01-25 20:55:00.013 [scheduling-1] DEBUG o.s.o.j.SharedEntityManagerCreator$SharedEntityManagerInvocationHandler - Creating new EntityManager for shared EntityManager invocation
2026-01-25 21:00:00.013 [scheduling-1] DEBUG o.s.o.j.SharedEntityManagerCreator$SharedEntityManagerInvocationHandler - Creating new EntityManager for shared EntityManager invocation
2026-01-25 21:05:00.028 [scheduling-1] DEBUG o.s.o.j.SharedEntityManagerCreator$SharedEntityManagerInvocationHandler - Creating new EntityManager for shared EntityManager invocation
2026-01-25 21:10:00.021 [scheduling-1] DEBUG o.s.o.j.SharedEntityManagerCreator$SharedEntityManagerInvocationHandler - Creating new EntityManager for shared EntityManager invocation
2026-01-25 21:15:00.020 [scheduling-1] DEBUG o.s.o.j.SharedEntityManagerCreator$SharedEntityManagerInvocationHandler - Creating new EntityManager for shared EntityManager invocation
2026-01-25 21:20:00.021 [scheduling-1] DEBUG o.s.o.j.SharedEntityManagerCreator$SharedEntityManagerInvocationHandler - Creating new EntityManager for shared EntityManager invocation
2026-01-25 21:25:00.016 [scheduling-1] DEBUG o.s.o.j.SharedEntityManagerCreator$SharedEntityManagerInvocationHandler - Creating new EntityManager for shared EntityManager invocation
2026-01-25 21:30:00.022 [scheduling-1] DEBUG o.s.o.j.SharedEntityManagerCreator$SharedEntityManagerInvocationHandler - Creating new EntityManager for shared EntityManager invocation
2026-01-25 21:35:00.027 [scheduling-1] DEBUG o.s.o.j.SharedEntityManagerCreator$SharedEntityManagerInvocationHandler - Creating new EntityManager for shared EntityManager invocation
2026-01-25 21:40:00.033 [scheduling-1] DEBUG o.s.o.j.SharedEntityManagerCreator$SharedEntityManagerInvocationHandler - Creating new EntityManager for shared EntityManager invocation
2026-01-25 21:45:00.018 [scheduling-1] DEBUG o.s.o.j.SharedEntityManagerCreator$SharedEntityManagerInvocationHandler - Creating new EntityManager for shared EntityManager invocation
2026-01-25 21:50:00.011 [scheduling-1] DEBUG o.s.o.j.SharedEntityManagerCreator$SharedEntityManagerInvocationHandler - Creating new EntityManager for shared EntityManager invocation
2026-01-25 21:55:00.017 [scheduling-1] DEBUG o.s.o.j.SharedEntityManagerCreator$SharedEntityManagerInvocationHandler - Creating new EntityManager for shared EntityManager invocation
2026-01-25 22:00:00.013 [scheduling-1] DEBUG o.s.o.j.SharedEntityManagerCreator$SharedEntityManagerInvocationHandler - Creating new EntityManager for shared EntityManager invocation
2026-01-25 22:05:00.017 [scheduling-1] DEBUG o.s.o.j.SharedEntityManagerCreator$SharedEntityManagerInvocationHandler - Creating new EntityManager for shared EntityManager invocation
2026-01-25 22:10:00.017 [scheduling-1] DEBUG o.s.o.j.SharedEntityManagerCreator$SharedEntityManagerInvocationHandler - Creating new EntityManager for shared EntityManager invocation
2026-01-25 22:15:00.018 [scheduling-1] DEBUG o.s.o.j.SharedEntityManagerCreator$SharedEntityManagerInvocationHandler - Creating new EntityManager for shared EntityManager invocation
2026-01-25 22:20:00.019 [scheduling-1] DEBUG o.s.o.j.SharedEntityManagerCreator$SharedEntityManagerInvocationHandler - Creating new EntityManager for shared EntityManager invocation
2026-01-25 22:25:00.014 [scheduling-1] DEBUG o.s.o.j.SharedEntityManagerCreator$SharedEntityManagerInvocationHandler - Creating new EntityManager for shared EntityManager invocation
2026-01-25 22:30:00.014 [scheduling-1] DEBUG o.s.o.j.SharedEntityManagerCreator$SharedEntityManagerInvocationHandler - Creating new EntityManager for shared EntityManager invocation
2026-01-25 22:35:00.016 [scheduling-1] DEBUG o.s.o.j.SharedEntityManagerCreator$SharedEntityManagerInvocationHandler - Creating new EntityManager for shared EntityManager invocation
2026-01-25 22:40:00.018 [scheduling-1] DEBUG o.s.o.j.SharedEntityManagerCreator$SharedEntityManagerInvocationHandler - Creating new EntityManager for shared EntityManager invocation
2026-01-25 22:42:12.742 [HikariPool-1 housekeeper] WARN  com.zaxxer.hikari.pool.HikariPool - HikariPool-1 - Retrograde clock change detected (housekeeper delta=29s823ms), soft-evicting connections from pool.
2026-01-25 22:44:59.825 [scheduling-1] DEBUG o.s.o.j.SharedEntityManagerCreator$SharedEntityManagerInvocationHandler - Creating new EntityManager for shared EntityManager invocation
2026-01-25 22:50:00.018 [scheduling-1] DEBUG o.s.o.j.SharedEntityManagerCreator$SharedEntityManagerInvocationHandler - Creating new EntityManager for shared EntityManager invocation
2026-01-25 22:55:00.004 [scheduling-1] DEBUG o.s.o.j.SharedEntityManagerCreator$SharedEntityManagerInvocationHandler - Creating new EntityManager for shared EntityManager invocation
2026-01-25 23:00:00.068 [scheduling-1] DEBUG o.s.o.j.SharedEntityManagerCreator$SharedEntityManagerInvocationHandler - Creating new EntityManager for shared EntityManager invocation
2026-01-25 23:05:00.009 [scheduling-1] DEBUG o.s.o.j.SharedEntityManagerCreator$SharedEntityManagerInvocationHandler - Creating new EntityManager for shared EntityManager invocation
2026-01-25 23:10:00.007 [scheduling-1] DEBUG o.s.o.j.SharedEntityManagerCreator$SharedEntityManagerInvocationHandler - Creating new EntityManager for shared EntityManager invocation
2026-01-25 23:15:00.016 [scheduling-1] DEBUG o.s.o.j.SharedEntityManagerCreator$SharedEntityManagerInvocationHandler - Creating new EntityManager for shared EntityManager invocation
2026-01-25 23:20:00.023 [scheduling-1] DEBUG o.s.o.j.SharedEntityManagerCreator$SharedEntityManagerInvocationHandler - Creating new EntityManager for shared EntityManager invocation
2026-01-25 23:25:00.010 [scheduling-1] DEBUG o.s.o.j.SharedEntityManagerCreator$SharedEntityManagerInvocationHandler - Creating new EntityManager for shared EntityManager invocation
2026-01-25 23:30:00.010 [scheduling-1] DEBUG o.s.o.j.SharedEntityManagerCreator$SharedEntityManagerInvocationHandler - Creating new EntityManager for shared EntityManager invocation
2026-01-25 23:35:00.011 [scheduling-1] DEBUG o.s.o.j.SharedEntityManagerCreator$SharedEntityManagerInvocationHandler - Creating new EntityManager for shared EntityManager invocation
2026-01-25 23:40:00.025 [scheduling-1] DEBUG o.s.o.j.SharedEntityManagerCreator$SharedEntityManagerInvocationHandler - Creating new EntityManager for shared EntityManager invocation
2026-01-25 23:40:56.987 [main] INFO  c.o.capsule.OxygenCapsuleApplication - Starting OxygenCapsuleApplication using Java 17.0.17 with PID 71521 (/Users/liuchang/Downloads/my0110-6/backend/target/classes started by liuchang in /Users/liuchang/Downloads/my0110-6/backend)
2026-01-25 23:40:56.988 [main] DEBUG c.o.capsule.OxygenCapsuleApplication - Running with Spring Boot v3.2.0, Spring v6.1.1
2026-01-25 23:40:56.988 [main] INFO  c.o.capsule.OxygenCapsuleApplication - No active profile set, falling back to 1 default profile: "default"
2026-01-25 23:40:57.393 [main] INFO  o.s.d.r.c.RepositoryConfigurationDelegate - Multiple Spring Data modules found, entering strict repository configuration mode
2026-01-25 23:40:57.394 [main] INFO  o.s.d.r.c.RepositoryConfigurationDelegate - Bootstrapping Spring Data JPA repositories in DEFAULT mode.
2026-01-25 23:40:57.444 [main] INFO  o.s.d.r.c.RepositoryConfigurationDelegate - Finished Spring Data repository scanning in 47 ms. Found 7 JPA repository interfaces.
2026-01-25 23:40:57.449 [main] INFO  o.s.d.r.c.RepositoryConfigurationDelegate - Multiple Spring Data modules found, entering strict repository configuration mode
2026-01-25 23:40:57.449 [main] INFO  o.s.d.r.c.RepositoryConfigurationDelegate - Bootstrapping Spring Data Redis repositories in DEFAULT mode.
2026-01-25 23:40:57.454 [main] INFO  o.s.d.r.c.RepositoryConfigurationExtensionSupport - Spring Data Redis - Could not safely identify store assignment for repository candidate interface com.oxygen.capsule.repository.BookingOrderRepository; If you want this repository to be a Redis repository, consider annotating your entities with one of these annotations: org.springframework.data.redis.core.RedisHash (preferred), or consider extending one of the following types with your repository: org.springframework.data.keyvalue.repository.KeyValueRepository
2026-01-25 23:40:57.454 [main] INFO  o.s.d.r.c.RepositoryConfigurationExtensionSupport - Spring Data Redis - Could not safely identify store assignment for repository candidate interface com.oxygen.capsule.repository.DailyVisitRecordRepository; If you want this repository to be a Redis repository, consider annotating your entities with one of these annotations: org.springframework.data.redis.core.RedisHash (preferred), or consider extending one of the following types with your repository: org.springframework.data.keyvalue.repository.KeyValueRepository
2026-01-25 23:40:57.454 [main] INFO  o.s.d.r.c.RepositoryConfigurationExtensionSupport - Spring Data Redis - Could not safely identify store assignment for repository candidate interface com.oxygen.capsule.repository.InvitationRepository; If you want this repository to be a Redis repository, consider annotating your entities with one of these annotations: org.springframework.data.redis.core.RedisHash (preferred), or consider extending one of the following types with your repository: org.springframework.data.keyvalue.repository.KeyValueRepository
2026-01-25 23:40:57.454 [main] INFO  o.s.d.r.c.RepositoryConfigurationExtensionSupport - Spring Data Redis - Could not safely identify store assignment for repository candidate interface com.oxygen.capsule.repository.MemberPackageRepository; If you want this repository to be a Redis repository, consider annotating your entities with one of these annotations: org.springframework.data.redis.core.RedisHash (preferred), or consider extending one of the following types with your repository: org.springframework.data.keyvalue.repository.KeyValueRepository
2026-01-25 23:40:57.455 [main] INFO  o.s.d.r.c.RepositoryConfigurationExtensionSupport - Spring Data Redis - Could not safely identify store assignment for repository candidate interface com.oxygen.capsule.repository.PaymentOrderRepository; If you want this repository to be a Redis repository, consider annotating your entities with one of these annotations: org.springframework.data.redis.core.RedisHash (preferred), or consider extending one of the following types with your repository: org.springframework.data.keyvalue.repository.KeyValueRepository
2026-01-25 23:40:57.455 [main] INFO  o.s.d.r.c.RepositoryConfigurationExtensionSupport - Spring Data Redis - Could not safely identify store assignment for repository candidate interface com.oxygen.capsule.repository.StaffRepository; If you want this repository to be a Redis repository, consider annotating your entities with one of these annotations: org.springframework.data.redis.core.RedisHash (preferred), or consider extending one of the following types with your repository: org.springframework.data.keyvalue.repository.KeyValueRepository
2026-01-25 23:40:57.455 [main] INFO  o.s.d.r.c.RepositoryConfigurationExtensionSupport - Spring Data Redis - Could not safely identify store assignment for repository candidate interface com.oxygen.capsule.repository.UserRepository; If you want this repository to be a Redis repository, consider annotating your entities with one of these annotations: org.springframework.data.redis.core.RedisHash (preferred), or consider extending one of the following types with your repository: org.springframework.data.keyvalue.repository.KeyValueRepository
2026-01-25 23:40:57.455 [main] INFO  o.s.d.r.c.RepositoryConfigurationDelegate - Finished Spring Data repository scanning in 3 ms. Found 0 Redis repository interfaces.
2026-01-25 23:40:57.500 [main] WARN  o.m.s.mapper.ClassPathMapperScanner - No MyBatis mapper was found in '[com.oxygen.capsule]' package. Please check your configuration.
2026-01-25 23:40:57.659 [main] INFO  o.s.b.w.e.tomcat.TomcatWebServer - Tomcat initialized with port 8080 (http)
2026-01-25 23:40:57.666 [main] INFO  o.a.catalina.core.StandardService - Starting service [Tomcat]
2026-01-25 23:40:57.666 [main] INFO  o.a.catalina.core.StandardEngine - Starting Servlet engine: [Apache Tomcat/10.1.16]
2026-01-25 23:40:57.705 [main] INFO  o.a.c.c.C.[Tomcat].[localhost].[/] - Initializing Spring embedded WebApplicationContext
2026-01-25 23:40:57.706 [main] INFO  o.s.b.w.s.c.ServletWebServerApplicationContext - Root WebApplicationContext: initialization completed in 693 ms
2026-01-25 23:40:57.754 [main] DEBUG o.s.o.j.LocalContainerEntityManagerFactoryBean - Building JPA container EntityManagerFactory for persistence unit 'default'
2026-01-25 23:40:57.759 [main] INFO  o.h.jpa.internal.util.LogHelper - HHH000204: Processing PersistenceUnitInfo [name: default]
2026-01-25 23:40:57.775 [main] INFO  org.hibernate.Version - HHH000412: Hibernate ORM core version 6.3.1.Final
2026-01-25 23:40:57.777 [main] WARN  org.hibernate.orm.deprecation - HHH90000021: Encountered deprecated setting [javax.persistence.validation.mode], use [jakarta.persistence.validation.mode] instead
2026-01-25 23:40:57.788 [main] INFO  o.h.c.i.RegionFactoryInitiator - HHH000026: Second-level cache disabled
2026-01-25 23:40:57.851 [main] INFO  o.s.o.j.p.SpringPersistenceUnitInfo - No LoadTimeWeaver setup: ignoring JPA class transformer
2026-01-25 23:40:57.859 [main] WARN  org.hibernate.orm.deprecation - HHH90000025: MySQL8Dialect does not need to be specified explicitly using 'hibernate.dialect' (remove the property setting and it will be selected by default)
2026-01-25 23:40:57.859 [main] WARN  org.hibernate.orm.deprecation - HHH90000026: MySQL8Dialect has been deprecated; use org.hibernate.dialect.MySQLDialect instead
2026-01-25 23:40:58.167 [main] INFO  o.h.e.t.j.p.i.JtaPlatformInitiator - HHH000489: No JTA platform available (set 'hibernate.transaction.jta.platform' to enable JTA platform integration)
2026-01-25 23:40:58.173 [main] INFO  com.zaxxer.hikari.HikariDataSource - HikariPool-1 - Starting...
2026-01-25 23:40:58.225 [main] INFO  com.zaxxer.hikari.pool.HikariPool - HikariPool-1 - Added connection com.mysql.cj.jdbc.ConnectionImpl@531b1778
2026-01-25 23:40:58.226 [main] INFO  com.zaxxer.hikari.HikariDataSource - HikariPool-1 - Start completed.
2026-01-25 23:40:58.447 [main] INFO  o.s.o.j.LocalContainerEntityManagerFactoryBean - Initialized JPA EntityManagerFactory for persistence unit 'default'
2026-01-25 23:40:58.481 [main] DEBUG o.s.o.j.SharedEntityManagerCreator$SharedEntityManagerInvocationHandler - Creating new EntityManager for shared EntityManager invocation
2026-01-25 23:40:58.493 [main] DEBUG o.s.o.j.SharedEntityManagerCreator$SharedEntityManagerInvocationHandler - Creating new EntityManager for shared EntityManager invocation
2026-01-25 23:40:58.508 [main] DEBUG o.s.o.j.SharedEntityManagerCreator$SharedEntityManagerInvocationHandler - Creating new EntityManager for shared EntityManager invocation
2026-01-25 23:40:58.529 [main] DEBUG o.s.o.j.SharedEntityManagerCreator$SharedEntityManagerInvocationHandler - Creating new EntityManager for shared EntityManager invocation
2026-01-25 23:40:58.544 [main] DEBUG o.s.o.j.SharedEntityManagerCreator$SharedEntityManagerInvocationHandler - Creating new EntityManager for shared EntityManager invocation
2026-01-25 23:40:58.545 [main] DEBUG o.s.o.j.SharedEntityManagerCreator$SharedEntityManagerInvocationHandler - Creating new EntityManager for shared EntityManager invocation
2026-01-25 23:40:58.546 [main] DEBUG o.s.o.j.SharedEntityManagerCreator$SharedEntityManagerInvocationHandler - Creating new EntityManager for shared EntityManager invocation
2026-01-25 23:40:58.552 [main] DEBUG o.s.o.j.SharedEntityManagerCreator$SharedEntityManagerInvocationHandler - Creating new EntityManager for shared EntityManager invocation
2026-01-25 23:40:58.554 [main] DEBUG o.s.o.j.SharedEntityManagerCreator$SharedEntityManagerInvocationHandler - Creating new EntityManager for shared EntityManager invocation
2026-01-25 23:40:58.571 [main] DEBUG o.s.o.j.SharedEntityManagerCreator$SharedEntityManagerInvocationHandler - Creating new EntityManager for shared EntityManager invocation
2026-01-25 23:40:58.572 [main] DEBUG o.s.o.j.SharedEntityManagerCreator$SharedEntityManagerInvocationHandler - Creating new EntityManager for shared EntityManager invocation
2026-01-25 23:40:58.573 [main] DEBUG o.s.o.j.SharedEntityManagerCreator$SharedEntityManagerInvocationHandler - Creating new EntityManager for shared EntityManager invocation
2026-01-25 23:40:58.573 [main] DEBUG o.s.o.j.SharedEntityManagerCreator$SharedEntityManagerInvocationHandler - Creating new EntityManager for shared EntityManager invocation
2026-01-25 23:40:58.574 [main] DEBUG o.s.o.j.SharedEntityManagerCreator$SharedEntityManagerInvocationHandler - Creating new EntityManager for shared EntityManager invocation
2026-01-25 23:40:58.574 [main] DEBUG o.s.o.j.SharedEntityManagerCreator$SharedEntityManagerInvocationHandler - Creating new EntityManager for shared EntityManager invocation
2026-01-25 23:40:58.574 [main] DEBUG o.s.o.j.SharedEntityManagerCreator$SharedEntityManagerInvocationHandler - Creating new EntityManager for shared EntityManager invocation
2026-01-25 23:40:58.575 [main] DEBUG o.s.o.j.SharedEntityManagerCreator$SharedEntityManagerInvocationHandler - Creating new EntityManager for shared EntityManager invocation
2026-01-25 23:40:58.575 [main] DEBUG o.s.o.j.SharedEntityManagerCreator$SharedEntityManagerInvocationHandler - Creating new EntityManager for shared EntityManager invocation
2026-01-25 23:40:58.576 [main] DEBUG o.s.o.j.SharedEntityManagerCreator$SharedEntityManagerInvocationHandler - Creating new EntityManager for shared EntityManager invocation
2026-01-25 23:40:58.577 [main] DEBUG o.s.o.j.SharedEntityManagerCreator$SharedEntityManagerInvocationHandler - Creating new EntityManager for shared EntityManager invocation
2026-01-25 23:40:58.581 [main] DEBUG o.s.o.j.SharedEntityManagerCreator$SharedEntityManagerInvocationHandler - Creating new EntityManager for shared EntityManager invocation
2026-01-25 23:40:58.583 [main] DEBUG o.s.o.j.SharedEntityManagerCreator$SharedEntityManagerInvocationHandler - Creating new EntityManager for shared EntityManager invocation
2026-01-25 23:40:58.589 [main] DEBUG o.s.o.j.SharedEntityManagerCreator$SharedEntityManagerInvocationHandler - Creating new EntityManager for shared EntityManager invocation
2026-01-25 23:40:58.598 [main] DEBUG o.s.o.j.SharedEntityManagerCreator$SharedEntityManagerInvocationHandler - Creating new EntityManager for shared EntityManager invocation
2026-01-25 23:40:58.599 [main] DEBUG o.s.o.j.SharedEntityManagerCreator$SharedEntityManagerInvocationHandler - Creating new EntityManager for shared EntityManager invocation
2026-01-25 23:40:58.605 [main] DEBUG o.s.o.j.SharedEntityManagerCreator$SharedEntityManagerInvocationHandler - Creating new EntityManager for shared EntityManager invocation
2026-01-25 23:40:58.610 [main] DEBUG o.s.o.j.SharedEntityManagerCreator$SharedEntityManagerInvocationHandler - Creating new EntityManager for shared EntityManager invocation
2026-01-25 23:40:58.613 [main] DEBUG o.s.o.j.SharedEntityManagerCreator$SharedEntityManagerInvocationHandler - Creating new EntityManager for shared EntityManager invocation
2026-01-25 23:40:58.622 [main] DEBUG o.s.o.j.SharedEntityManagerCreator$SharedEntityManagerInvocationHandler - Creating new EntityManager for shared EntityManager invocation
2026-01-25 23:40:58.622 [main] DEBUG o.s.o.j.SharedEntityManagerCreator$SharedEntityManagerInvocationHandler - Creating new EntityManager for shared EntityManager invocation
2026-01-25 23:40:58.623 [main] DEBUG o.s.o.j.SharedEntityManagerCreator$SharedEntityManagerInvocationHandler - Creating new EntityManager for shared EntityManager invocation
2026-01-25 23:40:58.623 [main] DEBUG o.s.o.j.SharedEntityManagerCreator$SharedEntityManagerInvocationHandler - Creating new EntityManager for shared EntityManager invocation
2026-01-25 23:40:58.627 [main] WARN  com.oxygen.capsule.util.WxPayUtil - ⚠️  微信支付已启用 MOCK 模式，将使用模拟数据，不会调用真实微信支付接口
2026-01-25 23:40:58.627 [main] WARN  com.oxygen.capsule.util.WxPayUtil - ⚠️  此模式仅用于开发测试，生产环境请设置为 false
2026-01-25 23:40:58.629 [main] DEBUG o.s.o.j.SharedEntityManagerCreator$SharedEntityManagerInvocationHandler - Creating new EntityManager for shared EntityManager invocation
2026-01-25 23:40:58.631 [main] DEBUG o.s.o.j.SharedEntityManagerCreator$SharedEntityManagerInvocationHandler - Creating new EntityManager for shared EntityManager invocation
2026-01-25 23:40:58.639 [main] DEBUG o.s.o.j.SharedEntityManagerCreator$SharedEntityManagerInvocationHandler - Creating new EntityManager for shared EntityManager invocation
2026-01-25 23:40:58.640 [main] DEBUG o.s.o.j.SharedEntityManagerCreator$SharedEntityManagerInvocationHandler - Creating new EntityManager for shared EntityManager invocation
2026-01-25 23:40:58.646 [main] DEBUG o.s.o.j.SharedEntityManagerCreator$SharedEntityManagerInvocationHandler - Creating new EntityManager for shared EntityManager invocation
2026-01-25 23:40:58.648 [main] DEBUG o.s.o.j.SharedEntityManagerCreator$SharedEntityManagerInvocationHandler - Creating new EntityManager for shared EntityManager invocation
2026-01-25 23:40:58.659 [main] DEBUG o.s.o.j.SharedEntityManagerCreator$SharedEntityManagerInvocationHandler - Creating new EntityManager for shared EntityManager invocation
2026-01-25 23:40:58.660 [main] DEBUG o.s.o.j.SharedEntityManagerCreator$SharedEntityManagerInvocationHandler - Creating new EntityManager for shared EntityManager invocation
2026-01-25 23:40:58.661 [main] DEBUG o.s.o.j.SharedEntityManagerCreator$SharedEntityManagerInvocationHandler - Creating new EntityManager for shared EntityManager invocation
2026-01-25 23:40:58.661 [main] DEBUG o.s.o.j.SharedEntityManagerCreator$SharedEntityManagerInvocationHandler - Creating new EntityManager for shared EntityManager invocation
2026-01-25 23:40:58.662 [main] DEBUG o.s.o.j.SharedEntityManagerCreator$SharedEntityManagerInvocationHandler - Creating new EntityManager for shared EntityManager invocation
2026-01-25 23:40:58.662 [main] DEBUG o.s.o.j.SharedEntityManagerCreator$SharedEntityManagerInvocationHandler - Creating new EntityManager for shared EntityManager invocation
2026-01-25 23:40:58.695 [main] WARN  o.s.b.a.o.j.JpaBaseConfiguration$JpaWebConfiguration - spring.jpa.open-in-view is enabled by default. Therefore, database queries may be performed during view rendering. Explicitly configure spring.jpa.open-in-view to disable this warning
2026-01-25 23:40:58.734 [main] DEBUG o.s.w.s.m.m.a.RequestMappingHandlerMapping - 37 mappings in 'requestMappingHandlerMapping'
2026-01-25 23:40:58.757 [main] DEBUG o.s.w.s.h.SimpleUrlHandlerMapping - Patterns [/webjars/**, /**] in 'resourceHandlerMapping'
2026-01-25 23:40:58.766 [main] DEBUG o.s.w.s.m.m.a.RequestMappingHandlerAdapter - ControllerAdvice beans: 0 @ModelAttribute, 0 @InitBinder, 1 RequestBodyAdvice, 1 ResponseBodyAdvice
2026-01-25 23:40:58.779 [main] DEBUG o.s.w.s.m.m.a.ExceptionHandlerExceptionResolver - ControllerAdvice beans: 0 @ExceptionHandler, 1 ResponseBodyAdvice
2026-01-25 23:40:59.042 [main] INFO  o.s.b.w.e.tomcat.TomcatWebServer - Tomcat started on port 8080 (http) with context path ''
2026-01-25 23:40:59.051 [main] INFO  c.o.capsule.OxygenCapsuleApplication - Started OxygenCapsuleApplication in 2.373 seconds (process running for 2.652)
2026-01-25 23:40:59.079 [main] DEBUG o.s.o.j.SharedEntityManagerCreator$SharedEntityManagerInvocationHandler - Creating new EntityManager for shared EntityManager invocation
2026-01-25 23:40:59.203 [main] DEBUG o.s.o.j.SharedEntityManagerCreator$SharedEntityManagerInvocationHandler - Creating new EntityManager for shared EntityManager invocation
2026-01-25 23:40:59.206 [main] DEBUG o.s.o.j.SharedEntityManagerCreator$SharedEntityManagerInvocationHandler - Creating new EntityManager for shared EntityManager invocation
2026-01-25 23:40:59.207 [main] DEBUG o.s.o.j.SharedEntityManagerCreator$SharedEntityManagerInvocationHandler - Creating new EntityManager for shared EntityManager invocation
2026-01-25 23:40:59.209 [main] DEBUG o.s.o.j.SharedEntityManagerCreator$SharedEntityManagerInvocationHandler - Creating new EntityManager for shared EntityManager invocation
2026-01-25 23:40:59.212 [main] DEBUG o.s.o.j.SharedEntityManagerCreator$SharedEntityManagerInvocationHandler - Creating new EntityManager for shared EntityManager invocation
2026-01-25 23:40:59.214 [main] DEBUG o.s.o.j.SharedEntityManagerCreator$SharedEntityManagerInvocationHandler - Creating new EntityManager for shared EntityManager invocation
2026-01-25 23:40:59.215 [main] DEBUG o.s.o.j.SharedEntityManagerCreator$SharedEntityManagerInvocationHandler - Creating new EntityManager for shared EntityManager invocation
2026-01-25 23:40:59.216 [main] DEBUG o.s.o.j.SharedEntityManagerCreator$SharedEntityManagerInvocationHandler - Creating new EntityManager for shared EntityManager invocation
2026-01-25 23:40:59.218 [main] DEBUG o.s.o.j.SharedEntityManagerCreator$SharedEntityManagerInvocationHandler - Creating new EntityManager for shared EntityManager invocation
2026-01-25 23:41:16.686 [http-nio-8080-exec-1] INFO  o.a.c.c.C.[Tomcat].[localhost].[/] - Initializing Spring DispatcherServlet 'dispatcherServlet'
2026-01-25 23:41:16.696 [http-nio-8080-exec-1] INFO  o.s.web.servlet.DispatcherServlet - Initializing Servlet 'dispatcherServlet'
2026-01-25 23:41:16.698 [http-nio-8080-exec-1] DEBUG o.s.web.servlet.DispatcherServlet - Detected StandardServletMultipartResolver
2026-01-25 23:41:16.699 [http-nio-8080-exec-1] DEBUG o.s.web.servlet.DispatcherServlet - Detected AcceptHeaderLocaleResolver
2026-01-25 23:41:16.699 [http-nio-8080-exec-1] DEBUG o.s.web.servlet.DispatcherServlet - Detected FixedThemeResolver
2026-01-25 23:41:16.726 [http-nio-8080-exec-1] DEBUG o.s.web.servlet.DispatcherServlet - Detected org.springframework.web.servlet.view.DefaultRequestToViewNameTranslator@500beb9f
2026-01-25 23:41:16.726 [http-nio-8080-exec-1] DEBUG o.s.web.servlet.DispatcherServlet - Detected org.springframework.web.servlet.support.SessionFlashMapManager@701c413
2026-01-25 23:41:16.726 [http-nio-8080-exec-1] DEBUG o.s.web.servlet.DispatcherServlet - enableLoggingRequestDetails='false': request parameters and headers will be masked to prevent unsafe logging of potentially sensitive data
2026-01-25 23:41:16.726 [http-nio-8080-exec-1] INFO  o.s.web.servlet.DispatcherServlet - Completed initialization in 30 ms
2026-01-25 23:41:16.745 [http-nio-8080-exec-1] DEBUG o.s.web.servlet.DispatcherServlet - GET "/api/packages/all", parameters={}
2026-01-25 23:41:16.767 [http-nio-8080-exec-1] DEBUG o.s.w.s.m.m.a.RequestMappingHandlerMapping - Mapped to com.oxygen.capsule.controller.MemberPackageController#getAllPackages()
2026-01-25 23:41:16.773 [http-nio-8080-exec-1] DEBUG o.s.o.j.s.OpenEntityManagerInViewInterceptor - Opening JPA EntityManager in OpenEntityManagerInViewInterceptor
2026-01-25 23:41:16.897 [http-nio-8080-exec-1] DEBUG o.s.w.s.m.m.a.RequestResponseBodyMethodProcessor - Using 'application/json', given [*/*] and supported [application/json, application/*+json]
2026-01-25 23:41:16.901 [http-nio-8080-exec-1] DEBUG o.s.w.s.m.m.a.RequestResponseBodyMethodProcessor - Writing [Result(code=200, message=success, data=[MemberPackage(id=1, code=MONTHLY, name=月卡, price=3980.0, peo (truncated)...]
2026-01-25 23:41:16.929 [http-nio-8080-exec-1] DEBUG o.s.o.j.s.OpenEntityManagerInViewInterceptor - Closing JPA EntityManager in OpenEntityManagerInViewInterceptor
2026-01-25 23:41:16.929 [http-nio-8080-exec-1] DEBUG o.s.web.servlet.DispatcherServlet - Completed 200 OK
2026-01-25 23:41:18.303 [http-nio-8080-exec-2] DEBUG o.s.web.servlet.DispatcherServlet - GET "/api/packages/category?category=%E4%B8%AA%E4%BA%BA%E7%95%85%E4%BA%AB", parameters={masked}
2026-01-25 23:41:18.303 [http-nio-8080-exec-2] DEBUG o.s.w.s.m.m.a.RequestMappingHandlerMapping - Mapped to com.oxygen.capsule.controller.MemberPackageController#getPackagesByCategoryParam(String)
2026-01-25 23:41:18.304 [http-nio-8080-exec-2] DEBUG o.s.o.j.s.OpenEntityManagerInViewInterceptor - Opening JPA EntityManager in OpenEntityManagerInViewInterceptor
2026-01-25 23:41:18.337 [http-nio-8080-exec-2] DEBUG o.s.w.s.m.m.a.RequestResponseBodyMethodProcessor - Using 'application/json', given [*/*] and supported [application/json, application/*+json]
2026-01-25 23:41:18.340 [http-nio-8080-exec-2] DEBUG o.s.w.s.m.m.a.RequestResponseBodyMethodProcessor - Writing [Result(code=200, message=success, data=[MemberPackage(id=1, code=MONTHLY, name=月卡, price=3980.0, peo (truncated)...]
2026-01-25 23:41:18.342 [http-nio-8080-exec-2] DEBUG o.s.o.j.s.OpenEntityManagerInViewInterceptor - Closing JPA EntityManager in OpenEntityManagerInViewInterceptor
2026-01-25 23:41:18.342 [http-nio-8080-exec-2] DEBUG o.s.web.servlet.DispatcherServlet - Completed 200 OK
2026-01-25 23:41:18.876 [http-nio-8080-exec-3] DEBUG o.s.web.servlet.DispatcherServlet - GET "/api/packages/category?category=%E4%B8%AA%E4%BA%BA%E7%95%85%E4%BA%AB", parameters={masked}
2026-01-25 23:41:18.876 [http-nio-8080-exec-3] DEBUG o.s.w.s.m.m.a.RequestMappingHandlerMapping - Mapped to com.oxygen.capsule.controller.MemberPackageController#getPackagesByCategoryParam(String)
2026-01-25 23:41:18.876 [http-nio-8080-exec-3] DEBUG o.s.o.j.s.OpenEntityManagerInViewInterceptor - Opening JPA EntityManager in OpenEntityManagerInViewInterceptor
2026-01-25 23:41:18.884 [http-nio-8080-exec-3] DEBUG o.s.w.s.m.m.a.RequestResponseBodyMethodProcessor - Using 'application/json', given [*/*] and supported [application/json, application/*+json]
2026-01-25 23:41:18.884 [http-nio-8080-exec-3] DEBUG o.s.w.s.m.m.a.RequestResponseBodyMethodProcessor - Writing [Result(code=200, message=success, data=[MemberPackage(id=1, code=MONTHLY, name=月卡, price=3980.0, peo (truncated)...]
2026-01-25 23:41:18.889 [http-nio-8080-exec-3] DEBUG o.s.o.j.s.OpenEntityManagerInViewInterceptor - Closing JPA EntityManager in OpenEntityManagerInViewInterceptor
2026-01-25 23:41:18.889 [http-nio-8080-exec-3] DEBUG o.s.web.servlet.DispatcherServlet - Completed 200 OK
2026-01-25 23:41:22.031 [http-nio-8080-exec-4] DEBUG o.s.web.servlet.DispatcherServlet - GET "/api/payment/orders", parameters={}
2026-01-25 23:41:22.032 [http-nio-8080-exec-4] DEBUG o.s.w.s.m.m.a.RequestMappingHandlerMapping - Mapped to com.oxygen.capsule.controller.PaymentController#getUserPaymentOrders(String)
2026-01-25 23:41:22.032 [http-nio-8080-exec-4] DEBUG o.s.o.j.s.OpenEntityManagerInViewInterceptor - Opening JPA EntityManager in OpenEntityManagerInViewInterceptor
2026-01-25 23:41:22.184 [http-nio-8080-exec-4] DEBUG o.s.orm.jpa.JpaTransactionManager - Found thread-bound EntityManager [SessionImpl(1756581386<open>)] for JPA transaction
2026-01-25 23:41:22.184 [http-nio-8080-exec-4] DEBUG o.s.orm.jpa.JpaTransactionManager - Creating new transaction with name [org.springframework.data.jpa.repository.support.SimpleJpaRepository.findById]: PROPAGATION_REQUIRED,ISOLATION_DEFAULT,readOnly
2026-01-25 23:41:22.199 [http-nio-8080-exec-4] DEBUG o.s.orm.jpa.JpaTransactionManager - Exposing JPA transaction as JDBC [org.springframework.orm.jpa.vendor.HibernateJpaDialect$HibernateConnectionHandle@19e822f1]
2026-01-25 23:41:22.225 [http-nio-8080-exec-4] DEBUG o.s.orm.jpa.JpaTransactionManager - Initiating transaction commit
2026-01-25 23:41:22.225 [http-nio-8080-exec-4] DEBUG o.s.orm.jpa.JpaTransactionManager - Committing JPA transaction on EntityManager [SessionImpl(1756581386<open>)]
2026-01-25 23:41:22.230 [http-nio-8080-exec-4] DEBUG o.s.orm.jpa.JpaTransactionManager - Not closing pre-bound JPA EntityManager after transaction
2026-01-25 23:41:22.230 [http-nio-8080-exec-4] DEBUG o.s.orm.jpa.JpaTransactionManager - Found thread-bound EntityManager [SessionImpl(1756581386<open>)] for JPA transaction
2026-01-25 23:41:22.230 [http-nio-8080-exec-4] DEBUG o.s.orm.jpa.JpaTransactionManager - Creating new transaction with name [org.springframework.data.jpa.repository.support.SimpleJpaRepository.findById]: PROPAGATION_REQUIRED,ISOLATION_DEFAULT,readOnly
2026-01-25 23:41:22.230 [http-nio-8080-exec-4] DEBUG o.s.orm.jpa.JpaTransactionManager - Exposing JPA transaction as JDBC [org.springframework.orm.jpa.vendor.HibernateJpaDialect$HibernateConnectionHandle@553a2f4f]
2026-01-25 23:41:22.231 [http-nio-8080-exec-4] DEBUG o.s.orm.jpa.JpaTransactionManager - Initiating transaction commit
2026-01-25 23:41:22.233 [http-nio-8080-exec-4] DEBUG o.s.orm.jpa.JpaTransactionManager - Committing JPA transaction on EntityManager [SessionImpl(1756581386<open>)]
2026-01-25 23:41:22.233 [http-nio-8080-exec-4] DEBUG o.s.orm.jpa.JpaTransactionManager - Not closing pre-bound JPA EntityManager after transaction
2026-01-25 23:41:22.233 [http-nio-8080-exec-4] DEBUG o.s.orm.jpa.JpaTransactionManager - Found thread-bound EntityManager [SessionImpl(1756581386<open>)] for JPA transaction
2026-01-25 23:41:22.233 [http-nio-8080-exec-4] DEBUG o.s.orm.jpa.JpaTransactionManager - Creating new transaction with name [org.springframework.data.jpa.repository.support.SimpleJpaRepository.findById]: PROPAGATION_REQUIRED,ISOLATION_DEFAULT,readOnly
2026-01-25 23:41:22.234 [http-nio-8080-exec-4] DEBUG o.s.orm.jpa.JpaTransactionManager - Exposing JPA transaction as JDBC [org.springframework.orm.jpa.vendor.HibernateJpaDialect$HibernateConnectionHandle@739f3953]
2026-01-25 23:41:22.234 [http-nio-8080-exec-4] DEBUG o.s.orm.jpa.JpaTransactionManager - Initiating transaction commit
2026-01-25 23:41:22.234 [http-nio-8080-exec-4] DEBUG o.s.orm.jpa.JpaTransactionManager - Committing JPA transaction on EntityManager [SessionImpl(1756581386<open>)]
2026-01-25 23:41:22.234 [http-nio-8080-exec-4] DEBUG o.s.orm.jpa.JpaTransactionManager - Not closing pre-bound JPA EntityManager after transaction
2026-01-25 23:41:22.234 [http-nio-8080-exec-4] DEBUG o.s.w.s.m.m.a.RequestResponseBodyMethodProcessor - Using 'application/json', given [*/*] and supported [application/json, application/*+json]
2026-01-25 23:41:22.235 [http-nio-8080-exec-4] DEBUG o.s.w.s.m.m.a.RequestResponseBodyMethodProcessor - Writing [Result(code=200, message=success, data=[{packageCategory=家庭/次卡, cardEndDate=2027-01-25T00:00, orderN (truncated)...]
2026-01-25 23:41:22.244 [http-nio-8080-exec-4] DEBUG o.s.o.j.s.OpenEntityManagerInViewInterceptor - Closing JPA EntityManager in OpenEntityManagerInViewInterceptor
2026-01-25 23:41:22.244 [http-nio-8080-exec-4] DEBUG o.s.web.servlet.DispatcherServlet - Completed 200 OK
2026-01-25 23:41:22.290 [http-nio-8080-exec-5] DEBUG o.s.web.servlet.DispatcherServlet - GET "/api/payment/orders", parameters={}
2026-01-25 23:41:22.292 [http-nio-8080-exec-5] DEBUG o.s.w.s.m.m.a.RequestMappingHandlerMapping - Mapped to com.oxygen.capsule.controller.PaymentController#getUserPaymentOrders(String)
2026-01-25 23:41:22.292 [http-nio-8080-exec-5] DEBUG o.s.o.j.s.OpenEntityManagerInViewInterceptor - Opening JPA EntityManager in OpenEntityManagerInViewInterceptor
2026-01-25 23:41:22.301 [http-nio-8080-exec-5] DEBUG o.s.orm.jpa.JpaTransactionManager - Found thread-bound EntityManager [SessionImpl(1199035581<open>)] for JPA transaction
2026-01-25 23:41:22.301 [http-nio-8080-exec-5] DEBUG o.s.orm.jpa.JpaTransactionManager - Creating new transaction with name [org.springframework.data.jpa.repository.support.SimpleJpaRepository.findById]: PROPAGATION_REQUIRED,ISOLATION_DEFAULT,readOnly
2026-01-25 23:41:22.302 [http-nio-8080-exec-5] DEBUG o.s.orm.jpa.JpaTransactionManager - Exposing JPA transaction as JDBC [org.springframework.orm.jpa.vendor.HibernateJpaDialect$HibernateConnectionHandle@704baa7]
2026-01-25 23:41:22.305 [http-nio-8080-exec-5] DEBUG o.s.orm.jpa.JpaTransactionManager - Initiating transaction commit
2026-01-25 23:41:22.305 [http-nio-8080-exec-5] DEBUG o.s.orm.jpa.JpaTransactionManager - Committing JPA transaction on EntityManager [SessionImpl(1199035581<open>)]
2026-01-25 23:41:22.306 [http-nio-8080-exec-5] DEBUG o.s.orm.jpa.JpaTransactionManager - Not closing pre-bound JPA EntityManager after transaction
2026-01-25 23:41:22.306 [http-nio-8080-exec-5] DEBUG o.s.orm.jpa.JpaTransactionManager - Found thread-bound EntityManager [SessionImpl(1199035581<open>)] for JPA transaction
2026-01-25 23:41:22.306 [http-nio-8080-exec-5] DEBUG o.s.orm.jpa.JpaTransactionManager - Creating new transaction with name [org.springframework.data.jpa.repository.support.SimpleJpaRepository.findById]: PROPAGATION_REQUIRED,ISOLATION_DEFAULT,readOnly
2026-01-25 23:41:22.307 [http-nio-8080-exec-5] DEBUG o.s.orm.jpa.JpaTransactionManager - Exposing JPA transaction as JDBC [org.springframework.orm.jpa.vendor.HibernateJpaDialect$HibernateConnectionHandle@1824b3ad]
2026-01-25 23:41:22.308 [http-nio-8080-exec-5] DEBUG o.s.orm.jpa.JpaTransactionManager - Initiating transaction commit
2026-01-25 23:41:22.308 [http-nio-8080-exec-5] DEBUG o.s.orm.jpa.JpaTransactionManager - Committing JPA transaction on EntityManager [SessionImpl(1199035581<open>)]
2026-01-25 23:41:22.309 [http-nio-8080-exec-5] DEBUG o.s.orm.jpa.JpaTransactionManager - Not closing pre-bound JPA EntityManager after transaction
2026-01-25 23:41:22.309 [http-nio-8080-exec-5] DEBUG o.s.orm.jpa.JpaTransactionManager - Found thread-bound EntityManager [SessionImpl(1199035581<open>)] for JPA transaction
2026-01-25 23:41:22.309 [http-nio-8080-exec-5] DEBUG o.s.orm.jpa.JpaTransactionManager - Creating new transaction with name [org.springframework.data.jpa.repository.support.SimpleJpaRepository.findById]: PROPAGATION_REQUIRED,ISOLATION_DEFAULT,readOnly
2026-01-25 23:41:22.310 [http-nio-8080-exec-5] DEBUG o.s.orm.jpa.JpaTransactionManager - Exposing JPA transaction as JDBC [org.springframework.orm.jpa.vendor.HibernateJpaDialect$HibernateConnectionHandle@24a36852]
2026-01-25 23:41:22.311 [http-nio-8080-exec-5] DEBUG o.s.orm.jpa.JpaTransactionManager - Initiating transaction commit
2026-01-25 23:41:22.311 [http-nio-8080-exec-5] DEBUG o.s.orm.jpa.JpaTransactionManager - Committing JPA transaction on EntityManager [SessionImpl(1199035581<open>)]
2026-01-25 23:41:22.313 [http-nio-8080-exec-5] DEBUG o.s.orm.jpa.JpaTransactionManager - Not closing pre-bound JPA EntityManager after transaction
2026-01-25 23:41:22.314 [http-nio-8080-exec-5] DEBUG o.s.w.s.m.m.a.RequestResponseBodyMethodProcessor - Using 'application/json', given [*/*] and supported [application/json, application/*+json]
2026-01-25 23:41:22.314 [http-nio-8080-exec-5] DEBUG o.s.w.s.m.m.a.RequestResponseBodyMethodProcessor - Writing [Result(code=200, message=success, data=[{packageCategory=家庭/次卡, cardEndDate=2027-01-25T00:00, orderN (truncated)...]
2026-01-25 23:41:22.316 [http-nio-8080-exec-5] DEBUG o.s.o.j.s.OpenEntityManagerInViewInterceptor - Closing JPA EntityManager in OpenEntityManagerInViewInterceptor
2026-01-25 23:41:22.316 [http-nio-8080-exec-5] DEBUG o.s.web.servlet.DispatcherServlet - Completed 200 OK
2026-01-25 23:41:24.978 [http-nio-8080-exec-6] DEBUG o.s.web.servlet.DispatcherServlet - GET "/api/user/info", parameters={}
2026-01-25 23:41:24.978 [http-nio-8080-exec-6] DEBUG o.s.w.s.m.m.a.RequestMappingHandlerMapping - Mapped to com.oxygen.capsule.controller.UserController#getUserInfo(String)
2026-01-25 23:41:24.978 [http-nio-8080-exec-6] DEBUG o.s.o.j.s.OpenEntityManagerInViewInterceptor - Opening JPA EntityManager in OpenEntityManagerInViewInterceptor
2026-01-25 23:41:24.987 [http-nio-8080-exec-6] DEBUG o.s.orm.jpa.JpaTransactionManager - Found thread-bound EntityManager [SessionImpl(370132956<open>)] for JPA transaction
2026-01-25 23:41:24.987 [http-nio-8080-exec-6] DEBUG o.s.orm.jpa.JpaTransactionManager - Creating new transaction with name [org.springframework.data.jpa.repository.support.SimpleJpaRepository.findById]: PROPAGATION_REQUIRED,ISOLATION_DEFAULT,readOnly
2026-01-25 23:41:24.987 [http-nio-8080-exec-8] DEBUG o.s.web.servlet.DispatcherServlet - GET "/api/booking/orders", parameters={}
2026-01-25 23:41:24.987 [http-nio-8080-exec-7] DEBUG o.s.web.servlet.DispatcherServlet - GET "/api/payment/orders", parameters={}
2026-01-25 23:41:24.988 [http-nio-8080-exec-8] DEBUG o.s.w.s.m.m.a.RequestMappingHandlerMapping - Mapped to com.oxygen.capsule.controller.BookingController#getUserOrders(String)
2026-01-25 23:41:24.988 [http-nio-8080-exec-7] DEBUG o.s.w.s.m.m.a.RequestMappingHandlerMapping - Mapped to com.oxygen.capsule.controller.PaymentController#getUserPaymentOrders(String)
2026-01-25 23:41:24.989 [http-nio-8080-exec-8] DEBUG o.s.o.j.s.OpenEntityManagerInViewInterceptor - Opening JPA EntityManager in OpenEntityManagerInViewInterceptor
2026-01-25 23:41:24.989 [http-nio-8080-exec-6] DEBUG o.s.orm.jpa.JpaTransactionManager - Exposing JPA transaction as JDBC [org.springframework.orm.jpa.vendor.HibernateJpaDialect$HibernateConnectionHandle@640c5a94]
2026-01-25 23:41:24.989 [http-nio-8080-exec-7] DEBUG o.s.o.j.s.OpenEntityManagerInViewInterceptor - Opening JPA EntityManager in OpenEntityManagerInViewInterceptor
2026-01-25 23:41:24.992 [http-nio-8080-exec-6] DEBUG o.s.orm.jpa.JpaTransactionManager - Initiating transaction commit
2026-01-25 23:41:24.993 [http-nio-8080-exec-6] DEBUG o.s.orm.jpa.JpaTransactionManager - Committing JPA transaction on EntityManager [SessionImpl(370132956<open>)]
2026-01-25 23:41:24.992 [http-nio-8080-exec-8] DEBUG o.s.orm.jpa.JpaTransactionManager - Found thread-bound EntityManager [SessionImpl(117693017<open>)] for JPA transaction
2026-01-25 23:41:24.993 [http-nio-8080-exec-8] DEBUG o.s.orm.jpa.JpaTransactionManager - Creating new transaction with name [org.springframework.data.jpa.repository.support.SimpleJpaRepository.findById]: PROPAGATION_REQUIRED,ISOLATION_DEFAULT,readOnly
2026-01-25 23:41:24.994 [http-nio-8080-exec-8] DEBUG o.s.orm.jpa.JpaTransactionManager - Exposing JPA transaction as JDBC [org.springframework.orm.jpa.vendor.HibernateJpaDialect$HibernateConnectionHandle@3cc29bf4]
2026-01-25 23:41:24.994 [http-nio-8080-exec-6] DEBUG o.s.orm.jpa.JpaTransactionManager - Not closing pre-bound JPA EntityManager after transaction
2026-01-25 23:41:24.996 [http-nio-8080-exec-8] DEBUG o.s.orm.jpa.JpaTransactionManager - Initiating transaction commit
2026-01-25 23:41:24.996 [http-nio-8080-exec-8] DEBUG o.s.orm.jpa.JpaTransactionManager - Committing JPA transaction on EntityManager [SessionImpl(117693017<open>)]
2026-01-25 23:41:24.996 [http-nio-8080-exec-7] DEBUG o.s.orm.jpa.JpaTransactionManager - Found thread-bound EntityManager [SessionImpl(709721767<open>)] for JPA transaction
2026-01-25 23:41:24.997 [http-nio-8080-exec-7] DEBUG o.s.orm.jpa.JpaTransactionManager - Creating new transaction with name [org.springframework.data.jpa.repository.support.SimpleJpaRepository.findById]: PROPAGATION_REQUIRED,ISOLATION_DEFAULT,readOnly
2026-01-25 23:41:24.997 [http-nio-8080-exec-7] DEBUG o.s.orm.jpa.JpaTransactionManager - Exposing JPA transaction as JDBC [org.springframework.orm.jpa.vendor.HibernateJpaDialect$HibernateConnectionHandle@52cb39d3]
2026-01-25 23:41:24.998 [http-nio-8080-exec-8] DEBUG o.s.orm.jpa.JpaTransactionManager - Not closing pre-bound JPA EntityManager after transaction
2026-01-25 23:41:24.999 [http-nio-8080-exec-7] DEBUG o.s.orm.jpa.JpaTransactionManager - Initiating transaction commit
2026-01-25 23:41:24.999 [http-nio-8080-exec-7] DEBUG o.s.orm.jpa.JpaTransactionManager - Committing JPA transaction on EntityManager [SessionImpl(709721767<open>)]
2026-01-25 23:41:25.000 [http-nio-8080-exec-6] DEBUG o.s.w.s.m.m.a.RequestResponseBodyMethodProcessor - Using 'application/json', given [*/*] and supported [application/json, application/*+json]
2026-01-25 23:41:25.000 [http-nio-8080-exec-6] DEBUG o.s.w.s.m.m.a.RequestResponseBodyMethodProcessor - Writing [Result(code=200, message=success, data={totalVisits=0, remainingVisits=203, memberExpireTime=2041-03 (truncated)...]
2026-01-25 23:41:25.001 [http-nio-8080-exec-7] DEBUG o.s.orm.jpa.JpaTransactionManager - Not closing pre-bound JPA EntityManager after transaction
2026-01-25 23:41:25.001 [http-nio-8080-exec-7] DEBUG o.s.orm.jpa.JpaTransactionManager - Found thread-bound EntityManager [SessionImpl(709721767<open>)] for JPA transaction
2026-01-25 23:41:25.001 [http-nio-8080-exec-7] DEBUG o.s.orm.jpa.JpaTransactionManager - Creating new transaction with name [org.springframework.data.jpa.repository.support.SimpleJpaRepository.findById]: PROPAGATION_REQUIRED,ISOLATION_DEFAULT,readOnly
2026-01-25 23:41:25.002 [http-nio-8080-exec-6] DEBUG o.s.o.j.s.OpenEntityManagerInViewInterceptor - Closing JPA EntityManager in OpenEntityManagerInViewInterceptor
2026-01-25 23:41:25.003 [http-nio-8080-exec-6] DEBUG o.s.web.servlet.DispatcherServlet - Completed 200 OK
2026-01-25 23:41:25.003 [http-nio-8080-exec-8] DEBUG o.s.w.s.m.m.a.RequestResponseBodyMethodProcessor - Using 'application/json', given [*/*] and supported [application/json, application/*+json]
2026-01-25 23:41:25.003 [http-nio-8080-exec-7] DEBUG o.s.orm.jpa.JpaTransactionManager - Exposing JPA transaction as JDBC [org.springframework.orm.jpa.vendor.HibernateJpaDialect$HibernateConnectionHandle@1ccb6524]
2026-01-25 23:41:25.004 [http-nio-8080-exec-7] DEBUG o.s.orm.jpa.JpaTransactionManager - Initiating transaction commit
2026-01-25 23:41:25.004 [http-nio-8080-exec-7] DEBUG o.s.orm.jpa.JpaTransactionManager - Committing JPA transaction on EntityManager [SessionImpl(709721767<open>)]
2026-01-25 23:41:25.004 [http-nio-8080-exec-7] DEBUG o.s.orm.jpa.JpaTransactionManager - Not closing pre-bound JPA EntityManager after transaction
2026-01-25 23:41:25.005 [http-nio-8080-exec-7] DEBUG o.s.orm.jpa.JpaTransactionManager - Found thread-bound EntityManager [SessionImpl(709721767<open>)] for JPA transaction
2026-01-25 23:41:25.005 [http-nio-8080-exec-7] DEBUG o.s.orm.jpa.JpaTransactionManager - Creating new transaction with name [org.springframework.data.jpa.repository.support.SimpleJpaRepository.findById]: PROPAGATION_REQUIRED,ISOLATION_DEFAULT,readOnly
2026-01-25 23:41:25.005 [http-nio-8080-exec-7] DEBUG o.s.orm.jpa.JpaTransactionManager - Exposing JPA transaction as JDBC [org.springframework.orm.jpa.vendor.HibernateJpaDialect$HibernateConnectionHandle@7fc5e11e]
2026-01-25 23:41:25.005 [http-nio-8080-exec-7] DEBUG o.s.orm.jpa.JpaTransactionManager - Initiating transaction commit
2026-01-25 23:41:25.005 [http-nio-8080-exec-7] DEBUG o.s.orm.jpa.JpaTransactionManager - Committing JPA transaction on EntityManager [SessionImpl(709721767<open>)]
2026-01-25 23:41:25.006 [http-nio-8080-exec-7] DEBUG o.s.orm.jpa.JpaTransactionManager - Not closing pre-bound JPA EntityManager after transaction
2026-01-25 23:41:25.006 [http-nio-8080-exec-7] DEBUG o.s.w.s.m.m.a.RequestResponseBodyMethodProcessor - Using 'application/json', given [*/*] and supported [application/json, application/*+json]
2026-01-25 23:41:25.006 [http-nio-8080-exec-7] DEBUG o.s.w.s.m.m.a.RequestResponseBodyMethodProcessor - Writing [Result(code=200, message=success, data=[{packageCategory=家庭/次卡, cardEndDate=2027-01-25T00:00, orderN (truncated)...]
2026-01-25 23:41:25.007 [http-nio-8080-exec-7] DEBUG o.s.o.j.s.OpenEntityManagerInViewInterceptor - Closing JPA EntityManager in OpenEntityManagerInViewInterceptor
2026-01-25 23:41:25.007 [http-nio-8080-exec-7] DEBUG o.s.web.servlet.DispatcherServlet - Completed 200 OK
2026-01-25 23:41:25.010 [http-nio-8080-exec-9] DEBUG o.s.web.servlet.DispatcherServlet - GET "/api/user/info", parameters={}
2026-01-25 23:41:25.010 [http-nio-8080-exec-8] DEBUG o.s.w.s.m.m.a.RequestResponseBodyMethodProcessor - Writing [Result(code=200, message=success, data=[BookingOrder(id=7, orderNo=BK17693107357209356, userId=1, pa (truncated)...]
2026-01-25 23:41:25.010 [http-nio-8080-exec-10] DEBUG o.s.web.servlet.DispatcherServlet - GET "/api/payment/orders", parameters={}
2026-01-25 23:41:25.010 [http-nio-8080-exec-9] DEBUG o.s.w.s.m.m.a.RequestMappingHandlerMapping - Mapped to com.oxygen.capsule.controller.UserController#getUserInfo(String)
2026-01-25 23:41:25.010 [http-nio-8080-exec-9] DEBUG o.s.o.j.s.OpenEntityManagerInViewInterceptor - Opening JPA EntityManager in OpenEntityManagerInViewInterceptor
2026-01-25 23:41:25.010 [http-nio-8080-exec-10] DEBUG o.s.w.s.m.m.a.RequestMappingHandlerMapping - Mapped to com.oxygen.capsule.controller.PaymentController#getUserPaymentOrders(String)
2026-01-25 23:41:25.010 [http-nio-8080-exec-10] DEBUG o.s.o.j.s.OpenEntityManagerInViewInterceptor - Opening JPA EntityManager in OpenEntityManagerInViewInterceptor
2026-01-25 23:41:25.012 [http-nio-8080-exec-9] DEBUG o.s.orm.jpa.JpaTransactionManager - Found thread-bound EntityManager [SessionImpl(382343887<open>)] for JPA transaction
2026-01-25 23:41:25.012 [http-nio-8080-exec-9] DEBUG o.s.orm.jpa.JpaTransactionManager - Creating new transaction with name [org.springframework.data.jpa.repository.support.SimpleJpaRepository.findById]: PROPAGATION_REQUIRED,ISOLATION_DEFAULT,readOnly
2026-01-25 23:41:25.012 [http-nio-8080-exec-9] DEBUG o.s.orm.jpa.JpaTransactionManager - Exposing JPA transaction as JDBC [org.springframework.orm.jpa.vendor.HibernateJpaDialect$HibernateConnectionHandle@3f0c0a4c]
2026-01-25 23:41:25.013 [http-nio-8080-exec-9] DEBUG o.s.orm.jpa.JpaTransactionManager - Initiating transaction commit
2026-01-25 23:41:25.013 [http-nio-8080-exec-9] DEBUG o.s.orm.jpa.JpaTransactionManager - Committing JPA transaction on EntityManager [SessionImpl(382343887<open>)]
2026-01-25 23:41:25.014 [http-nio-8080-exec-9] DEBUG o.s.orm.jpa.JpaTransactionManager - Not closing pre-bound JPA EntityManager after transaction
2026-01-25 23:41:25.014 [http-nio-8080-exec-8] DEBUG o.s.o.j.s.OpenEntityManagerInViewInterceptor - Closing JPA EntityManager in OpenEntityManagerInViewInterceptor
2026-01-25 23:41:25.014 [http-nio-8080-exec-8] DEBUG o.s.web.servlet.DispatcherServlet - Completed 200 OK
2026-01-25 23:41:25.014 [http-nio-8080-exec-10] DEBUG o.s.orm.jpa.JpaTransactionManager - Found thread-bound EntityManager [SessionImpl(71045245<open>)] for JPA transaction
2026-01-25 23:41:25.014 [http-nio-8080-exec-10] DEBUG o.s.orm.jpa.JpaTransactionManager - Creating new transaction with name [org.springframework.data.jpa.repository.support.SimpleJpaRepository.findById]: PROPAGATION_REQUIRED,ISOLATION_DEFAULT,readOnly
2026-01-25 23:41:25.015 [http-nio-8080-exec-10] DEBUG o.s.orm.jpa.JpaTransactionManager - Exposing JPA transaction as JDBC [org.springframework.orm.jpa.vendor.HibernateJpaDialect$HibernateConnectionHandle@50d7428f]
2026-01-25 23:41:25.016 [http-nio-8080-exec-10] DEBUG o.s.orm.jpa.JpaTransactionManager - Initiating transaction commit
2026-01-25 23:41:25.016 [http-nio-8080-exec-10] DEBUG o.s.orm.jpa.JpaTransactionManager - Committing JPA transaction on EntityManager [SessionImpl(71045245<open>)]
2026-01-25 23:41:25.016 [http-nio-8080-exec-10] DEBUG o.s.orm.jpa.JpaTransactionManager - Not closing pre-bound JPA EntityManager after transaction
2026-01-25 23:41:25.016 [http-nio-8080-exec-1] DEBUG o.s.web.servlet.DispatcherServlet - GET "/api/booking/orders", parameters={}
2026-01-25 23:41:25.016 [http-nio-8080-exec-10] DEBUG o.s.orm.jpa.JpaTransactionManager - Found thread-bound EntityManager [SessionImpl(71045245<open>)] for JPA transaction
2026-01-25 23:41:25.016 [http-nio-8080-exec-10] DEBUG o.s.orm.jpa.JpaTransactionManager - Creating new transaction with name [org.springframework.data.jpa.repository.support.SimpleJpaRepository.findById]: PROPAGATION_REQUIRED,ISOLATION_DEFAULT,readOnly
2026-01-25 23:41:25.016 [http-nio-8080-exec-1] DEBUG o.s.w.s.m.m.a.RequestMappingHandlerMapping - Mapped to com.oxygen.capsule.controller.BookingController#getUserOrders(String)
2026-01-25 23:41:25.017 [http-nio-8080-exec-10] DEBUG o.s.orm.jpa.JpaTransactionManager - Exposing JPA transaction as JDBC [org.springframework.orm.jpa.vendor.HibernateJpaDialect$HibernateConnectionHandle@17a2d8bb]
2026-01-25 23:41:25.017 [http-nio-8080-exec-1] DEBUG o.s.o.j.s.OpenEntityManagerInViewInterceptor - Opening JPA EntityManager in OpenEntityManagerInViewInterceptor
2026-01-25 23:41:25.017 [http-nio-8080-exec-10] DEBUG o.s.orm.jpa.JpaTransactionManager - Initiating transaction commit
2026-01-25 23:41:25.017 [http-nio-8080-exec-10] DEBUG o.s.orm.jpa.JpaTransactionManager - Committing JPA transaction on EntityManager [SessionImpl(71045245<open>)]
2026-01-25 23:41:25.017 [http-nio-8080-exec-9] DEBUG o.s.w.s.m.m.a.RequestResponseBodyMethodProcessor - Using 'application/json', given [*/*] and supported [application/json, application/*+json]
2026-01-25 23:41:25.017 [http-nio-8080-exec-9] DEBUG o.s.w.s.m.m.a.RequestResponseBodyMethodProcessor - Writing [Result(code=200, message=success, data={totalVisits=0, remainingVisits=203, memberExpireTime=2041-03 (truncated)...]
2026-01-25 23:41:25.017 [http-nio-8080-exec-10] DEBUG o.s.orm.jpa.JpaTransactionManager - Not closing pre-bound JPA EntityManager after transaction
2026-01-25 23:41:25.017 [http-nio-8080-exec-10] DEBUG o.s.orm.jpa.JpaTransactionManager - Found thread-bound EntityManager [SessionImpl(71045245<open>)] for JPA transaction
2026-01-25 23:41:25.017 [http-nio-8080-exec-10] DEBUG o.s.orm.jpa.JpaTransactionManager - Creating new transaction with name [org.springframework.data.jpa.repository.support.SimpleJpaRepository.findById]: PROPAGATION_REQUIRED,ISOLATION_DEFAULT,readOnly
2026-01-25 23:41:25.018 [http-nio-8080-exec-9] DEBUG o.s.o.j.s.OpenEntityManagerInViewInterceptor - Closing JPA EntityManager in OpenEntityManagerInViewInterceptor
2026-01-25 23:41:25.018 [http-nio-8080-exec-9] DEBUG o.s.web.servlet.DispatcherServlet - Completed 200 OK
2026-01-25 23:41:25.018 [http-nio-8080-exec-1] DEBUG o.s.orm.jpa.JpaTransactionManager - Found thread-bound EntityManager [SessionImpl(1498190745<open>)] for JPA transaction
2026-01-25 23:41:25.018 [http-nio-8080-exec-1] DEBUG o.s.orm.jpa.JpaTransactionManager - Creating new transaction with name [org.springframework.data.jpa.repository.support.SimpleJpaRepository.findById]: PROPAGATION_REQUIRED,ISOLATION_DEFAULT,readOnly
2026-01-25 23:41:25.018 [http-nio-8080-exec-10] DEBUG o.s.orm.jpa.JpaTransactionManager - Exposing JPA transaction as JDBC [org.springframework.orm.jpa.vendor.HibernateJpaDialect$HibernateConnectionHandle@62858e95]
2026-01-25 23:41:25.018 [http-nio-8080-exec-10] DEBUG o.s.orm.jpa.JpaTransactionManager - Initiating transaction commit
2026-01-25 23:41:25.018 [http-nio-8080-exec-1] DEBUG o.s.orm.jpa.JpaTransactionManager - Exposing JPA transaction as JDBC [org.springframework.orm.jpa.vendor.HibernateJpaDialect$HibernateConnectionHandle@49521593]
2026-01-25 23:41:25.018 [http-nio-8080-exec-10] DEBUG o.s.orm.jpa.JpaTransactionManager - Committing JPA transaction on EntityManager [SessionImpl(71045245<open>)]
2026-01-25 23:41:25.019 [http-nio-8080-exec-10] DEBUG o.s.orm.jpa.JpaTransactionManager - Not closing pre-bound JPA EntityManager after transaction
2026-01-25 23:41:25.019 [http-nio-8080-exec-10] DEBUG o.s.w.s.m.m.a.RequestResponseBodyMethodProcessor - Using 'application/json', given [*/*] and supported [application/json, application/*+json]
2026-01-25 23:41:25.020 [http-nio-8080-exec-10] DEBUG o.s.w.s.m.m.a.RequestResponseBodyMethodProcessor - Writing [Result(code=200, message=success, data=[{packageCategory=家庭/次卡, cardEndDate=2027-01-25T00:00, orderN (truncated)...]
2026-01-25 23:41:25.020 [http-nio-8080-exec-10] DEBUG o.s.o.j.s.OpenEntityManagerInViewInterceptor - Closing JPA EntityManager in OpenEntityManagerInViewInterceptor
2026-01-25 23:41:25.020 [http-nio-8080-exec-10] DEBUG o.s.web.servlet.DispatcherServlet - Completed 200 OK
2026-01-25 23:41:25.020 [http-nio-8080-exec-1] DEBUG o.s.orm.jpa.JpaTransactionManager - Initiating transaction commit
2026-01-25 23:41:25.020 [http-nio-8080-exec-1] DEBUG o.s.orm.jpa.JpaTransactionManager - Committing JPA transaction on EntityManager [SessionImpl(1498190745<open>)]
2026-01-25 23:41:25.021 [http-nio-8080-exec-1] DEBUG o.s.orm.jpa.JpaTransactionManager - Not closing pre-bound JPA EntityManager after transaction
2026-01-25 23:41:25.023 [http-nio-8080-exec-1] DEBUG o.s.w.s.m.m.a.RequestResponseBodyMethodProcessor - Using 'application/json', given [*/*] and supported [application/json, application/*+json]
2026-01-25 23:41:25.023 [http-nio-8080-exec-1] DEBUG o.s.w.s.m.m.a.RequestResponseBodyMethodProcessor - Writing [Result(code=200, message=success, data=[BookingOrder(id=7, orderNo=BK17693107357209356, userId=1, pa (truncated)...]
2026-01-25 23:41:25.023 [http-nio-8080-exec-1] DEBUG o.s.o.j.s.OpenEntityManagerInViewInterceptor - Closing JPA EntityManager in OpenEntityManagerInViewInterceptor
2026-01-25 23:41:25.023 [http-nio-8080-exec-1] DEBUG o.s.web.servlet.DispatcherServlet - Completed 200 OK
2026-01-25 23:41:25.028 [http-nio-8080-exec-2] DEBUG o.s.web.servlet.DispatcherServlet - GET "/api/user/info", parameters={}
2026-01-25 23:41:25.029 [http-nio-8080-exec-2] DEBUG o.s.w.s.m.m.a.RequestMappingHandlerMapping - Mapped to com.oxygen.capsule.controller.UserController#getUserInfo(String)
2026-01-25 23:41:25.029 [http-nio-8080-exec-2] DEBUG o.s.o.j.s.OpenEntityManagerInViewInterceptor - Opening JPA EntityManager in OpenEntityManagerInViewInterceptor
2026-01-25 23:41:25.030 [http-nio-8080-exec-2] DEBUG o.s.orm.jpa.JpaTransactionManager - Found thread-bound EntityManager [SessionImpl(458836221<open>)] for JPA transaction
2026-01-25 23:41:25.030 [http-nio-8080-exec-2] DEBUG o.s.orm.jpa.JpaTransactionManager - Creating new transaction with name [org.springframework.data.jpa.repository.support.SimpleJpaRepository.findById]: PROPAGATION_REQUIRED,ISOLATION_DEFAULT,readOnly
2026-01-25 23:41:25.031 [http-nio-8080-exec-2] DEBUG o.s.orm.jpa.JpaTransactionManager - Exposing JPA transaction as JDBC [org.springframework.orm.jpa.vendor.HibernateJpaDialect$HibernateConnectionHandle@4a347fe2]
2026-01-25 23:41:25.032 [http-nio-8080-exec-2] DEBUG o.s.orm.jpa.JpaTransactionManager - Initiating transaction commit
2026-01-25 23:41:25.032 [http-nio-8080-exec-2] DEBUG o.s.orm.jpa.JpaTransactionManager - Committing JPA transaction on EntityManager [SessionImpl(458836221<open>)]
2026-01-25 23:41:25.032 [http-nio-8080-exec-2] DEBUG o.s.orm.jpa.JpaTransactionManager - Not closing pre-bound JPA EntityManager after transaction
2026-01-25 23:41:25.035 [http-nio-8080-exec-2] DEBUG o.s.w.s.m.m.a.RequestResponseBodyMethodProcessor - Using 'application/json', given [*/*] and supported [application/json, application/*+json]
2026-01-25 23:41:25.035 [http-nio-8080-exec-2] DEBUG o.s.w.s.m.m.a.RequestResponseBodyMethodProcessor - Writing [Result(code=200, message=success, data={totalVisits=0, remainingVisits=203, memberExpireTime=2041-03 (truncated)...]
2026-01-25 23:41:25.036 [http-nio-8080-exec-2] DEBUG o.s.o.j.s.OpenEntityManagerInViewInterceptor - Closing JPA EntityManager in OpenEntityManagerInViewInterceptor
2026-01-25 23:41:25.036 [http-nio-8080-exec-2] DEBUG o.s.web.servlet.DispatcherServlet - Completed 200 OK
2026-01-25 23:41:25.042 [http-nio-8080-exec-3] DEBUG o.s.web.servlet.DispatcherServlet - GET "/api/user/info", parameters={}
2026-01-25 23:41:25.042 [http-nio-8080-exec-3] DEBUG o.s.w.s.m.m.a.RequestMappingHandlerMapping - Mapped to com.oxygen.capsule.controller.UserController#getUserInfo(String)
2026-01-25 23:41:25.042 [http-nio-8080-exec-3] DEBUG o.s.o.j.s.OpenEntityManagerInViewInterceptor - Opening JPA EntityManager in OpenEntityManagerInViewInterceptor
2026-01-25 23:41:25.044 [http-nio-8080-exec-3] DEBUG o.s.orm.jpa.JpaTransactionManager - Found thread-bound EntityManager [SessionImpl(1654913521<open>)] for JPA transaction
2026-01-25 23:41:25.044 [http-nio-8080-exec-3] DEBUG o.s.orm.jpa.JpaTransactionManager - Creating new transaction with name [org.springframework.data.jpa.repository.support.SimpleJpaRepository.findById]: PROPAGATION_REQUIRED,ISOLATION_DEFAULT,readOnly
2026-01-25 23:41:25.045 [http-nio-8080-exec-3] DEBUG o.s.orm.jpa.JpaTransactionManager - Exposing JPA transaction as JDBC [org.springframework.orm.jpa.vendor.HibernateJpaDialect$HibernateConnectionHandle@556390ef]
2026-01-25 23:41:25.046 [http-nio-8080-exec-3] DEBUG o.s.orm.jpa.JpaTransactionManager - Initiating transaction commit
2026-01-25 23:41:25.046 [http-nio-8080-exec-3] DEBUG o.s.orm.jpa.JpaTransactionManager - Committing JPA transaction on EntityManager [SessionImpl(1654913521<open>)]
2026-01-25 23:41:25.046 [http-nio-8080-exec-3] DEBUG o.s.orm.jpa.JpaTransactionManager - Not closing pre-bound JPA EntityManager after transaction
2026-01-25 23:41:25.050 [http-nio-8080-exec-3] DEBUG o.s.w.s.m.m.a.RequestResponseBodyMethodProcessor - Using 'application/json', given [*/*] and supported [application/json, application/*+json]
2026-01-25 23:41:25.050 [http-nio-8080-exec-3] DEBUG o.s.w.s.m.m.a.RequestResponseBodyMethodProcessor - Writing [Result(code=200, message=success, data={totalVisits=0, remainingVisits=203, memberExpireTime=2041-03 (truncated)...]
2026-01-25 23:41:25.051 [http-nio-8080-exec-3] DEBUG o.s.o.j.s.OpenEntityManagerInViewInterceptor - Closing JPA EntityManager in OpenEntityManagerInViewInterceptor
2026-01-25 23:41:25.051 [http-nio-8080-exec-3] DEBUG o.s.web.servlet.DispatcherServlet - Completed 200 OK
2026-01-25 23:41:31.645 [http-nio-8080-exec-4] DEBUG o.s.web.servlet.DispatcherServlet - GET "/api/payment/orders", parameters={}
2026-01-25 23:41:31.645 [http-nio-8080-exec-4] DEBUG o.s.w.s.m.m.a.RequestMappingHandlerMapping - Mapped to com.oxygen.capsule.controller.PaymentController#getUserPaymentOrders(String)
2026-01-25 23:41:31.645 [http-nio-8080-exec-4] DEBUG o.s.o.j.s.OpenEntityManagerInViewInterceptor - Opening JPA EntityManager in OpenEntityManagerInViewInterceptor
2026-01-25 23:41:31.652 [http-nio-8080-exec-4] DEBUG o.s.orm.jpa.JpaTransactionManager - Found thread-bound EntityManager [SessionImpl(85570967<open>)] for JPA transaction
2026-01-25 23:41:31.653 [http-nio-8080-exec-4] DEBUG o.s.orm.jpa.JpaTransactionManager - Creating new transaction with name [org.springframework.data.jpa.repository.support.SimpleJpaRepository.findById]: PROPAGATION_REQUIRED,ISOLATION_DEFAULT,readOnly
2026-01-25 23:41:31.654 [http-nio-8080-exec-4] DEBUG o.s.orm.jpa.JpaTransactionManager - Exposing JPA transaction as JDBC [org.springframework.orm.jpa.vendor.HibernateJpaDialect$HibernateConnectionHandle@7b6d36f9]
2026-01-25 23:41:31.656 [http-nio-8080-exec-4] DEBUG o.s.orm.jpa.JpaTransactionManager - Initiating transaction commit
2026-01-25 23:41:31.656 [http-nio-8080-exec-4] DEBUG o.s.orm.jpa.JpaTransactionManager - Committing JPA transaction on EntityManager [SessionImpl(85570967<open>)]
2026-01-25 23:41:31.657 [http-nio-8080-exec-4] DEBUG o.s.orm.jpa.JpaTransactionManager - Not closing pre-bound JPA EntityManager after transaction
2026-01-25 23:41:31.657 [http-nio-8080-exec-4] DEBUG o.s.orm.jpa.JpaTransactionManager - Found thread-bound EntityManager [SessionImpl(85570967<open>)] for JPA transaction
2026-01-25 23:41:31.657 [http-nio-8080-exec-4] DEBUG o.s.orm.jpa.JpaTransactionManager - Creating new transaction with name [org.springframework.data.jpa.repository.support.SimpleJpaRepository.findById]: PROPAGATION_REQUIRED,ISOLATION_DEFAULT,readOnly
2026-01-25 23:41:31.658 [http-nio-8080-exec-4] DEBUG o.s.orm.jpa.JpaTransactionManager - Exposing JPA transaction as JDBC [org.springframework.orm.jpa.vendor.HibernateJpaDialect$HibernateConnectionHandle@3085f31c]
2026-01-25 23:41:31.658 [http-nio-8080-exec-4] DEBUG o.s.orm.jpa.JpaTransactionManager - Initiating transaction commit
2026-01-25 23:41:31.658 [http-nio-8080-exec-4] DEBUG o.s.orm.jpa.JpaTransactionManager - Committing JPA transaction on EntityManager [SessionImpl(85570967<open>)]
2026-01-25 23:41:31.658 [http-nio-8080-exec-4] DEBUG o.s.orm.jpa.JpaTransactionManager - Not closing pre-bound JPA EntityManager after transaction
2026-01-25 23:41:31.658 [http-nio-8080-exec-4] DEBUG o.s.orm.jpa.JpaTransactionManager - Found thread-bound EntityManager [SessionImpl(85570967<open>)] for JPA transaction
2026-01-25 23:41:31.658 [http-nio-8080-exec-4] DEBUG o.s.orm.jpa.JpaTransactionManager - Creating new transaction with name [org.springframework.data.jpa.repository.support.SimpleJpaRepository.findById]: PROPAGATION_REQUIRED,ISOLATION_DEFAULT,readOnly
2026-01-25 23:41:31.659 [http-nio-8080-exec-4] DEBUG o.s.orm.jpa.JpaTransactionManager - Exposing JPA transaction as JDBC [org.springframework.orm.jpa.vendor.HibernateJpaDialect$HibernateConnectionHandle@7437e8e4]
2026-01-25 23:41:31.659 [http-nio-8080-exec-4] DEBUG o.s.orm.jpa.JpaTransactionManager - Initiating transaction commit
2026-01-25 23:41:31.659 [http-nio-8080-exec-4] DEBUG o.s.orm.jpa.JpaTransactionManager - Committing JPA transaction on EntityManager [SessionImpl(85570967<open>)]
2026-01-25 23:41:31.659 [http-nio-8080-exec-4] DEBUG o.s.orm.jpa.JpaTransactionManager - Not closing pre-bound JPA EntityManager after transaction
2026-01-25 23:41:31.660 [http-nio-8080-exec-4] DEBUG o.s.w.s.m.m.a.RequestResponseBodyMethodProcessor - Using 'application/json', given [*/*] and supported [application/json, application/*+json]
2026-01-25 23:41:31.660 [http-nio-8080-exec-4] DEBUG o.s.w.s.m.m.a.RequestResponseBodyMethodProcessor - Writing [Result(code=200, message=success, data=[{packageCategory=家庭/次卡, cardEndDate=2027-01-25T00:00, orderN (truncated)...]
2026-01-25 23:41:31.660 [http-nio-8080-exec-4] DEBUG o.s.o.j.s.OpenEntityManagerInViewInterceptor - Closing JPA EntityManager in OpenEntityManagerInViewInterceptor
2026-01-25 23:41:31.661 [http-nio-8080-exec-4] DEBUG o.s.web.servlet.DispatcherServlet - Completed 200 OK
2026-01-25 23:41:31.663 [http-nio-8080-exec-5] DEBUG o.s.web.servlet.DispatcherServlet - GET "/api/payment/orders", parameters={}
2026-01-25 23:41:31.663 [http-nio-8080-exec-5] DEBUG o.s.w.s.m.m.a.RequestMappingHandlerMapping - Mapped to com.oxygen.capsule.controller.PaymentController#getUserPaymentOrders(String)
2026-01-25 23:41:31.663 [http-nio-8080-exec-5] DEBUG o.s.o.j.s.OpenEntityManagerInViewInterceptor - Opening JPA EntityManager in OpenEntityManagerInViewInterceptor
2026-01-25 23:41:31.668 [http-nio-8080-exec-5] DEBUG o.s.orm.jpa.JpaTransactionManager - Found thread-bound EntityManager [SessionImpl(1410188421<open>)] for JPA transaction
2026-01-25 23:41:31.668 [http-nio-8080-exec-5] DEBUG o.s.orm.jpa.JpaTransactionManager - Creating new transaction with name [org.springframework.data.jpa.repository.support.SimpleJpaRepository.findById]: PROPAGATION_REQUIRED,ISOLATION_DEFAULT,readOnly
2026-01-25 23:41:31.669 [http-nio-8080-exec-5] DEBUG o.s.orm.jpa.JpaTransactionManager - Exposing JPA transaction as JDBC [org.springframework.orm.jpa.vendor.HibernateJpaDialect$HibernateConnectionHandle@4b5e08bf]
2026-01-25 23:41:31.670 [http-nio-8080-exec-5] DEBUG o.s.orm.jpa.JpaTransactionManager - Initiating transaction commit
2026-01-25 23:41:31.670 [http-nio-8080-exec-5] DEBUG o.s.orm.jpa.JpaTransactionManager - Committing JPA transaction on EntityManager [SessionImpl(1410188421<open>)]
2026-01-25 23:41:31.670 [http-nio-8080-exec-5] DEBUG o.s.orm.jpa.JpaTransactionManager - Not closing pre-bound JPA EntityManager after transaction
2026-01-25 23:41:31.670 [http-nio-8080-exec-5] DEBUG o.s.orm.jpa.JpaTransactionManager - Found thread-bound EntityManager [SessionImpl(1410188421<open>)] for JPA transaction
2026-01-25 23:41:31.670 [http-nio-8080-exec-5] DEBUG o.s.orm.jpa.JpaTransactionManager - Creating new transaction with name [org.springframework.data.jpa.repository.support.SimpleJpaRepository.findById]: PROPAGATION_REQUIRED,ISOLATION_DEFAULT,readOnly
2026-01-25 23:41:31.671 [http-nio-8080-exec-5] DEBUG o.s.orm.jpa.JpaTransactionManager - Exposing JPA transaction as JDBC [org.springframework.orm.jpa.vendor.HibernateJpaDialect$HibernateConnectionHandle@4fb5e1ce]
2026-01-25 23:41:31.671 [http-nio-8080-exec-5] DEBUG o.s.orm.jpa.JpaTransactionManager - Initiating transaction commit
2026-01-25 23:41:31.671 [http-nio-8080-exec-5] DEBUG o.s.orm.jpa.JpaTransactionManager - Committing JPA transaction on EntityManager [SessionImpl(1410188421<open>)]
2026-01-25 23:41:31.672 [http-nio-8080-exec-5] DEBUG o.s.orm.jpa.JpaTransactionManager - Not closing pre-bound JPA EntityManager after transaction
2026-01-25 23:41:31.672 [http-nio-8080-exec-5] DEBUG o.s.orm.jpa.JpaTransactionManager - Found thread-bound EntityManager [SessionImpl(1410188421<open>)] for JPA transaction
2026-01-25 23:41:31.672 [http-nio-8080-exec-5] DEBUG o.s.orm.jpa.JpaTransactionManager - Creating new transaction with name [org.springframework.data.jpa.repository.support.SimpleJpaRepository.findById]: PROPAGATION_REQUIRED,ISOLATION_DEFAULT,readOnly
2026-01-25 23:41:31.672 [http-nio-8080-exec-5] DEBUG o.s.orm.jpa.JpaTransactionManager - Exposing JPA transaction as JDBC [org.springframework.orm.jpa.vendor.HibernateJpaDialect$HibernateConnectionHandle@1874cd46]
2026-01-25 23:41:31.672 [http-nio-8080-exec-5] DEBUG o.s.orm.jpa.JpaTransactionManager - Initiating transaction commit
2026-01-25 23:41:31.672 [http-nio-8080-exec-5] DEBUG o.s.orm.jpa.JpaTransactionManager - Committing JPA transaction on EntityManager [SessionImpl(1410188421<open>)]
2026-01-25 23:41:31.673 [http-nio-8080-exec-5] DEBUG o.s.orm.jpa.JpaTransactionManager - Not closing pre-bound JPA EntityManager after transaction
2026-01-25 23:41:31.673 [http-nio-8080-exec-5] DEBUG o.s.w.s.m.m.a.RequestResponseBodyMethodProcessor - Using 'application/json', given [*/*] and supported [application/json, application/*+json]
2026-01-25 23:41:31.673 [http-nio-8080-exec-5] DEBUG o.s.w.s.m.m.a.RequestResponseBodyMethodProcessor - Writing [Result(code=200, message=success, data=[{packageCategory=家庭/次卡, cardEndDate=2027-01-25T00:00, orderN (truncated)...]
2026-01-25 23:41:31.673 [http-nio-8080-exec-5] DEBUG o.s.o.j.s.OpenEntityManagerInViewInterceptor - Closing JPA EntityManager in OpenEntityManagerInViewInterceptor
2026-01-25 23:41:31.674 [http-nio-8080-exec-5] DEBUG o.s.web.servlet.DispatcherServlet - Completed 200 OK
2026-01-25 23:41:34.413 [http-nio-8080-exec-6] DEBUG o.s.web.servlet.DispatcherServlet - GET "/api/booking/booked-seats?date=2026-01-26&timeSlot=10%3A00%E2%80%9311%3A00", parameters={masked}
2026-01-25 23:41:34.414 [http-nio-8080-exec-6] DEBUG o.s.w.s.m.m.a.RequestMappingHandlerMapping - Mapped to com.oxygen.capsule.controller.BookingController#getBookedSeats(String, String)
2026-01-25 23:41:34.414 [http-nio-8080-exec-6] DEBUG o.s.o.j.s.OpenEntityManagerInViewInterceptor - Opening JPA EntityManager in OpenEntityManagerInViewInterceptor
2026-01-25 23:41:34.424 [http-nio-8080-exec-6] DEBUG o.s.w.s.m.m.a.RequestResponseBodyMethodProcessor - Using 'application/json', given [*/*] and supported [application/json, application/*+json]
2026-01-25 23:41:34.424 [http-nio-8080-exec-6] DEBUG o.s.w.s.m.m.a.RequestResponseBodyMethodProcessor - Writing [Result(code=200, message=success, data=[])]
2026-01-25 23:41:34.426 [http-nio-8080-exec-6] DEBUG o.s.o.j.s.OpenEntityManagerInViewInterceptor - Closing JPA EntityManager in OpenEntityManagerInViewInterceptor
2026-01-25 23:41:34.426 [http-nio-8080-exec-6] DEBUG o.s.web.servlet.DispatcherServlet - Completed 200 OK
2026-01-25 23:41:35.671 [http-nio-8080-exec-7] DEBUG o.s.web.servlet.DispatcherServlet - GET "/api/payment/orders", parameters={}
2026-01-25 23:41:35.671 [http-nio-8080-exec-7] DEBUG o.s.w.s.m.m.a.RequestMappingHandlerMapping - Mapped to com.oxygen.capsule.controller.PaymentController#getUserPaymentOrders(String)
2026-01-25 23:41:35.672 [http-nio-8080-exec-7] DEBUG o.s.o.j.s.OpenEntityManagerInViewInterceptor - Opening JPA EntityManager in OpenEntityManagerInViewInterceptor
2026-01-25 23:41:35.684 [http-nio-8080-exec-7] DEBUG o.s.orm.jpa.JpaTransactionManager - Found thread-bound EntityManager [SessionImpl(2018227733<open>)] for JPA transaction
2026-01-25 23:41:35.685 [http-nio-8080-exec-7] DEBUG o.s.orm.jpa.JpaTransactionManager - Creating new transaction with name [org.springframework.data.jpa.repository.support.SimpleJpaRepository.findById]: PROPAGATION_REQUIRED,ISOLATION_DEFAULT,readOnly
2026-01-25 23:41:35.685 [http-nio-8080-exec-7] DEBUG o.s.orm.jpa.JpaTransactionManager - Exposing JPA transaction as JDBC [org.springframework.orm.jpa.vendor.HibernateJpaDialect$HibernateConnectionHandle@2660da9e]
2026-01-25 23:41:35.687 [http-nio-8080-exec-7] DEBUG o.s.orm.jpa.JpaTransactionManager - Initiating transaction commit
2026-01-25 23:41:35.687 [http-nio-8080-exec-7] DEBUG o.s.orm.jpa.JpaTransactionManager - Committing JPA transaction on EntityManager [SessionImpl(2018227733<open>)]
2026-01-25 23:41:35.688 [http-nio-8080-exec-7] DEBUG o.s.orm.jpa.JpaTransactionManager - Not closing pre-bound JPA EntityManager after transaction
2026-01-25 23:41:35.688 [http-nio-8080-exec-7] DEBUG o.s.orm.jpa.JpaTransactionManager - Found thread-bound EntityManager [SessionImpl(2018227733<open>)] for JPA transaction
2026-01-25 23:41:35.688 [http-nio-8080-exec-7] DEBUG o.s.orm.jpa.JpaTransactionManager - Creating new transaction with name [org.springframework.data.jpa.repository.support.SimpleJpaRepository.findById]: PROPAGATION_REQUIRED,ISOLATION_DEFAULT,readOnly
2026-01-25 23:41:35.689 [http-nio-8080-exec-7] DEBUG o.s.orm.jpa.JpaTransactionManager - Exposing JPA transaction as JDBC [org.springframework.orm.jpa.vendor.HibernateJpaDialect$HibernateConnectionHandle@2ee11a61]
2026-01-25 23:41:35.689 [http-nio-8080-exec-7] DEBUG o.s.orm.jpa.JpaTransactionManager - Initiating transaction commit
2026-01-25 23:41:35.689 [http-nio-8080-exec-7] DEBUG o.s.orm.jpa.JpaTransactionManager - Committing JPA transaction on EntityManager [SessionImpl(2018227733<open>)]
2026-01-25 23:41:35.690 [http-nio-8080-exec-7] DEBUG o.s.orm.jpa.JpaTransactionManager - Not closing pre-bound JPA EntityManager after transaction
2026-01-25 23:41:35.690 [http-nio-8080-exec-7] DEBUG o.s.orm.jpa.JpaTransactionManager - Found thread-bound EntityManager [SessionImpl(2018227733<open>)] for JPA transaction
2026-01-25 23:41:35.690 [http-nio-8080-exec-7] DEBUG o.s.orm.jpa.JpaTransactionManager - Creating new transaction with name [org.springframework.data.jpa.repository.support.SimpleJpaRepository.findById]: PROPAGATION_REQUIRED,ISOLATION_DEFAULT,readOnly
2026-01-25 23:41:35.690 [http-nio-8080-exec-7] DEBUG o.s.orm.jpa.JpaTransactionManager - Exposing JPA transaction as JDBC [org.springframework.orm.jpa.vendor.HibernateJpaDialect$HibernateConnectionHandle@3de28000]
2026-01-25 23:41:35.691 [http-nio-8080-exec-7] DEBUG o.s.orm.jpa.JpaTransactionManager - Initiating transaction commit
2026-01-25 23:41:35.691 [http-nio-8080-exec-7] DEBUG o.s.orm.jpa.JpaTransactionManager - Committing JPA transaction on EntityManager [SessionImpl(2018227733<open>)]
2026-01-25 23:41:35.692 [http-nio-8080-exec-7] DEBUG o.s.orm.jpa.JpaTransactionManager - Not closing pre-bound JPA EntityManager after transaction
2026-01-25 23:41:35.692 [http-nio-8080-exec-7] DEBUG o.s.w.s.m.m.a.RequestResponseBodyMethodProcessor - Using 'application/json', given [*/*] and supported [application/json, application/*+json]
2026-01-25 23:41:35.692 [http-nio-8080-exec-7] DEBUG o.s.w.s.m.m.a.RequestResponseBodyMethodProcessor - Writing [Result(code=200, message=success, data=[{packageCategory=家庭/次卡, cardEndDate=2027-01-25T00:00, orderN (truncated)...]
2026-01-25 23:41:35.693 [http-nio-8080-exec-7] DEBUG o.s.o.j.s.OpenEntityManagerInViewInterceptor - Closing JPA EntityManager in OpenEntityManagerInViewInterceptor
2026-01-25 23:41:35.693 [http-nio-8080-exec-7] DEBUG o.s.web.servlet.DispatcherServlet - Completed 200 OK
2026-01-25 23:41:35.708 [http-nio-8080-exec-8] DEBUG o.s.web.servlet.DispatcherServlet - GET "/api/booking/can-book-today?date=2026-01-26", parameters={masked}
2026-01-25 23:41:35.708 [http-nio-8080-exec-8] DEBUG o.s.w.s.m.m.a.RequestMappingHandlerMapping - Mapped to com.oxygen.capsule.controller.BookingController#canBookToday(String, String)
2026-01-25 23:41:35.708 [http-nio-8080-exec-8] DEBUG o.s.o.j.s.OpenEntityManagerInViewInterceptor - Opening JPA EntityManager in OpenEntityManagerInViewInterceptor
2026-01-25 23:41:35.710 [http-nio-8080-exec-8] DEBUG o.s.orm.jpa.JpaTransactionManager - Found thread-bound EntityManager [SessionImpl(2104066383<open>)] for JPA transaction
2026-01-25 23:41:35.711 [http-nio-8080-exec-8] DEBUG o.s.orm.jpa.JpaTransactionManager - Creating new transaction with name [org.springframework.data.jpa.repository.support.SimpleJpaRepository.findById]: PROPAGATION_REQUIRED,ISOLATION_DEFAULT,readOnly
2026-01-25 23:41:35.712 [http-nio-8080-exec-8] DEBUG o.s.orm.jpa.JpaTransactionManager - Exposing JPA transaction as JDBC [org.springframework.orm.jpa.vendor.HibernateJpaDialect$HibernateConnectionHandle@10a6d5d3]
2026-01-25 23:41:35.713 [http-nio-8080-exec-8] DEBUG o.s.orm.jpa.JpaTransactionManager - Initiating transaction commit
2026-01-25 23:41:35.713 [http-nio-8080-exec-8] DEBUG o.s.orm.jpa.JpaTransactionManager - Committing JPA transaction on EntityManager [SessionImpl(2104066383<open>)]
2026-01-25 23:41:35.713 [http-nio-8080-exec-8] DEBUG o.s.orm.jpa.JpaTransactionManager - Not closing pre-bound JPA EntityManager after transaction
2026-01-25 23:41:35.715 [http-nio-8080-exec-8] DEBUG o.s.w.s.m.m.a.RequestResponseBodyMethodProcessor - Using 'application/json', given [*/*] and supported [application/json, application/*+json]
2026-01-25 23:41:35.715 [http-nio-8080-exec-8] DEBUG o.s.w.s.m.m.a.RequestResponseBodyMethodProcessor - Writing [Result(code=200, message=success, data=true)]
2026-01-25 23:41:35.716 [http-nio-8080-exec-8] DEBUG o.s.o.j.s.OpenEntityManagerInViewInterceptor - Closing JPA EntityManager in OpenEntityManagerInViewInterceptor
2026-01-25 23:41:35.716 [http-nio-8080-exec-8] DEBUG o.s.web.servlet.DispatcherServlet - Completed 200 OK
2026-01-25 23:41:36.786 [http-nio-8080-exec-9] DEBUG o.s.web.servlet.DispatcherServlet - POST "/api/booking/create", parameters={}
2026-01-25 23:41:36.787 [http-nio-8080-exec-9] DEBUG o.s.w.s.m.m.a.RequestMappingHandlerMapping - Mapped to com.oxygen.capsule.controller.BookingController#createBooking(String, Map)
2026-01-25 23:41:36.787 [http-nio-8080-exec-9] DEBUG o.s.o.j.s.OpenEntityManagerInViewInterceptor - Opening JPA EntityManager in OpenEntityManagerInViewInterceptor
2026-01-25 23:41:36.809 [http-nio-8080-exec-9] DEBUG o.s.w.s.m.m.a.RequestResponseBodyMethodProcessor - Read "application/json;charset=UTF-8" to [{date=2026-01-26, timeSlot=10:00–11:00, cabinName=1号舱, seatName=A座, price=0, originalPrice=0}]
2026-01-25 23:41:36.818 [http-nio-8080-exec-9] DEBUG o.s.orm.jpa.JpaTransactionManager - Found thread-bound EntityManager [SessionImpl(1890048161<open>)] for JPA transaction
2026-01-25 23:41:36.819 [http-nio-8080-exec-9] DEBUG o.s.orm.jpa.JpaTransactionManager - Creating new transaction with name [org.springframework.data.jpa.repository.support.SimpleJpaRepository.findById]: PROPAGATION_REQUIRED,ISOLATION_DEFAULT,readOnly
2026-01-25 23:41:36.819 [http-nio-8080-exec-9] DEBUG o.s.orm.jpa.JpaTransactionManager - Exposing JPA transaction as JDBC [org.springframework.orm.jpa.vendor.HibernateJpaDialect$HibernateConnectionHandle@2c887857]
2026-01-25 23:41:36.821 [http-nio-8080-exec-9] DEBUG o.s.orm.jpa.JpaTransactionManager - Initiating transaction commit
2026-01-25 23:41:36.821 [http-nio-8080-exec-9] DEBUG o.s.orm.jpa.JpaTransactionManager - Committing JPA transaction on EntityManager [SessionImpl(1890048161<open>)]
2026-01-25 23:41:36.821 [http-nio-8080-exec-9] DEBUG o.s.orm.jpa.JpaTransactionManager - Not closing pre-bound JPA EntityManager after transaction
2026-01-25 23:41:36.826 [http-nio-8080-exec-9] DEBUG o.s.orm.jpa.JpaTransactionManager - Found thread-bound EntityManager [SessionImpl(1890048161<open>)] for JPA transaction
2026-01-25 23:41:36.826 [http-nio-8080-exec-9] DEBUG o.s.orm.jpa.JpaTransactionManager - Creating new transaction with name [org.springframework.data.jpa.repository.support.SimpleJpaRepository.findById]: PROPAGATION_REQUIRED,ISOLATION_DEFAULT,readOnly
2026-01-25 23:41:36.827 [http-nio-8080-exec-9] DEBUG o.s.orm.jpa.JpaTransactionManager - Exposing JPA transaction as JDBC [org.springframework.orm.jpa.vendor.HibernateJpaDialect$HibernateConnectionHandle@c4149c5]
2026-01-25 23:41:36.827 [http-nio-8080-exec-9] DEBUG o.s.orm.jpa.JpaTransactionManager - Initiating transaction commit
2026-01-25 23:41:36.827 [http-nio-8080-exec-9] DEBUG o.s.orm.jpa.JpaTransactionManager - Committing JPA transaction on EntityManager [SessionImpl(1890048161<open>)]
2026-01-25 23:41:36.828 [http-nio-8080-exec-9] DEBUG o.s.orm.jpa.JpaTransactionManager - Not closing pre-bound JPA EntityManager after transaction
2026-01-25 23:41:36.828 [http-nio-8080-exec-9] DEBUG o.s.orm.jpa.JpaTransactionManager - Found thread-bound EntityManager [SessionImpl(1890048161<open>)] for JPA transaction
2026-01-25 23:41:36.828 [http-nio-8080-exec-9] DEBUG o.s.orm.jpa.JpaTransactionManager - Creating new transaction with name [org.springframework.data.jpa.repository.support.SimpleJpaRepository.save]: PROPAGATION_REQUIRED,ISOLATION_DEFAULT
2026-01-25 23:41:36.828 [http-nio-8080-exec-9] DEBUG o.s.orm.jpa.JpaTransactionManager - Exposing JPA transaction as JDBC [org.springframework.orm.jpa.vendor.HibernateJpaDialect$HibernateConnectionHandle@5b2ce5a7]
2026-01-25 23:41:36.853 [http-nio-8080-exec-9] DEBUG o.s.orm.jpa.JpaTransactionManager - Initiating transaction commit
2026-01-25 23:41:36.853 [http-nio-8080-exec-9] DEBUG o.s.orm.jpa.JpaTransactionManager - Committing JPA transaction on EntityManager [SessionImpl(1890048161<open>)]
2026-01-25 23:41:36.859 [http-nio-8080-exec-9] DEBUG o.s.orm.jpa.JpaTransactionManager - Not closing pre-bound JPA EntityManager after transaction
2026-01-25 23:41:36.859 [http-nio-8080-exec-9] DEBUG o.s.w.s.m.m.a.RequestResponseBodyMethodProcessor - Using 'application/json', given [*/*] and supported [application/json, application/*+json]
2026-01-25 23:41:36.859 [http-nio-8080-exec-9] DEBUG o.s.w.s.m.m.a.RequestResponseBodyMethodProcessor - Writing [Result(code=200, message=预约成功, data=BookingOrder(id=8, orderNo=BK17693556968312217, userId=1, paymen (truncated)...]
2026-01-25 23:41:36.860 [http-nio-8080-exec-9] DEBUG o.s.o.j.s.OpenEntityManagerInViewInterceptor - Closing JPA EntityManager in OpenEntityManagerInViewInterceptor
2026-01-25 23:41:36.860 [http-nio-8080-exec-9] DEBUG o.s.web.servlet.DispatcherServlet - Completed 200 OK
2026-01-25 23:41:38.174 [http-nio-8080-exec-10] DEBUG o.s.web.servlet.DispatcherServlet - GET "/api/user/info", parameters={}
2026-01-25 23:41:38.174 [http-nio-8080-exec-10] DEBUG o.s.w.s.m.m.a.RequestMappingHandlerMapping - Mapped to com.oxygen.capsule.controller.UserController#getUserInfo(String)
2026-01-25 23:41:38.174 [http-nio-8080-exec-10] DEBUG o.s.o.j.s.OpenEntityManagerInViewInterceptor - Opening JPA EntityManager in OpenEntityManagerInViewInterceptor
2026-01-25 23:41:38.175 [http-nio-8080-exec-1] DEBUG o.s.web.servlet.DispatcherServlet - GET "/api/payment/orders", parameters={}
2026-01-25 23:41:38.175 [http-nio-8080-exec-1] DEBUG o.s.w.s.m.m.a.RequestMappingHandlerMapping - Mapped to com.oxygen.capsule.controller.PaymentController#getUserPaymentOrders(String)
2026-01-25 23:41:38.175 [http-nio-8080-exec-1] DEBUG o.s.o.j.s.OpenEntityManagerInViewInterceptor - Opening JPA EntityManager in OpenEntityManagerInViewInterceptor
2026-01-25 23:41:38.177 [http-nio-8080-exec-10] DEBUG o.s.orm.jpa.JpaTransactionManager - Found thread-bound EntityManager [SessionImpl(1384734636<open>)] for JPA transaction
2026-01-25 23:41:38.177 [http-nio-8080-exec-10] DEBUG o.s.orm.jpa.JpaTransactionManager - Creating new transaction with name [org.springframework.data.jpa.repository.support.SimpleJpaRepository.findById]: PROPAGATION_REQUIRED,ISOLATION_DEFAULT,readOnly
2026-01-25 23:41:38.178 [http-nio-8080-exec-10] DEBUG o.s.orm.jpa.JpaTransactionManager - Exposing JPA transaction as JDBC [org.springframework.orm.jpa.vendor.HibernateJpaDialect$HibernateConnectionHandle@3653025e]
2026-01-25 23:41:38.178 [http-nio-8080-exec-2] DEBUG o.s.web.servlet.DispatcherServlet - GET "/api/booking/orders", parameters={}
2026-01-25 23:41:38.178 [http-nio-8080-exec-2] DEBUG o.s.w.s.m.m.a.RequestMappingHandlerMapping - Mapped to com.oxygen.capsule.controller.BookingController#getUserOrders(String)
2026-01-25 23:41:38.178 [http-nio-8080-exec-2] DEBUG o.s.o.j.s.OpenEntityManagerInViewInterceptor - Opening JPA EntityManager in OpenEntityManagerInViewInterceptor
2026-01-25 23:41:38.180 [http-nio-8080-exec-10] DEBUG o.s.orm.jpa.JpaTransactionManager - Initiating transaction commit
2026-01-25 23:41:38.180 [http-nio-8080-exec-10] DEBUG o.s.orm.jpa.JpaTransactionManager - Committing JPA transaction on EntityManager [SessionImpl(1384734636<open>)]
2026-01-25 23:41:38.180 [http-nio-8080-exec-2] DEBUG o.s.orm.jpa.JpaTransactionManager - Found thread-bound EntityManager [SessionImpl(1352868628<open>)] for JPA transaction
2026-01-25 23:41:38.180 [http-nio-8080-exec-2] DEBUG o.s.orm.jpa.JpaTransactionManager - Creating new transaction with name [org.springframework.data.jpa.repository.support.SimpleJpaRepository.findById]: PROPAGATION_REQUIRED,ISOLATION_DEFAULT,readOnly
2026-01-25 23:41:38.180 [http-nio-8080-exec-1] DEBUG o.s.orm.jpa.JpaTransactionManager - Found thread-bound EntityManager [SessionImpl(1155807366<open>)] for JPA transaction
2026-01-25 23:41:38.180 [http-nio-8080-exec-1] DEBUG o.s.orm.jpa.JpaTransactionManager - Creating new transaction with name [org.springframework.data.jpa.repository.support.SimpleJpaRepository.findById]: PROPAGATION_REQUIRED,ISOLATION_DEFAULT,readOnly
2026-01-25 23:41:38.181 [http-nio-8080-exec-1] DEBUG o.s.orm.jpa.JpaTransactionManager - Exposing JPA transaction as JDBC [org.springframework.orm.jpa.vendor.HibernateJpaDialect$HibernateConnectionHandle@4a0006d4]
2026-01-25 23:41:38.181 [http-nio-8080-exec-10] DEBUG o.s.orm.jpa.JpaTransactionManager - Not closing pre-bound JPA EntityManager after transaction
2026-01-25 23:41:38.181 [http-nio-8080-exec-2] DEBUG o.s.orm.jpa.JpaTransactionManager - Exposing JPA transaction as JDBC [org.springframework.orm.jpa.vendor.HibernateJpaDialect$HibernateConnectionHandle@22d25584]
2026-01-25 23:41:38.183 [http-nio-8080-exec-2] DEBUG o.s.orm.jpa.JpaTransactionManager - Initiating transaction commit
2026-01-25 23:41:38.183 [http-nio-8080-exec-2] DEBUG o.s.orm.jpa.JpaTransactionManager - Committing JPA transaction on EntityManager [SessionImpl(1352868628<open>)]
2026-01-25 23:41:38.183 [http-nio-8080-exec-1] DEBUG o.s.orm.jpa.JpaTransactionManager - Initiating transaction commit
2026-01-25 23:41:38.183 [http-nio-8080-exec-1] DEBUG o.s.orm.jpa.JpaTransactionManager - Committing JPA transaction on EntityManager [SessionImpl(1155807366<open>)]
2026-01-25 23:41:38.184 [http-nio-8080-exec-2] DEBUG o.s.orm.jpa.JpaTransactionManager - Not closing pre-bound JPA EntityManager after transaction
2026-01-25 23:41:38.184 [http-nio-8080-exec-1] DEBUG o.s.orm.jpa.JpaTransactionManager - Not closing pre-bound JPA EntityManager after transaction
2026-01-25 23:41:38.184 [http-nio-8080-exec-1] DEBUG o.s.orm.jpa.JpaTransactionManager - Found thread-bound EntityManager [SessionImpl(1155807366<open>)] for JPA transaction
2026-01-25 23:41:38.184 [http-nio-8080-exec-1] DEBUG o.s.orm.jpa.JpaTransactionManager - Creating new transaction with name [org.springframework.data.jpa.repository.support.SimpleJpaRepository.findById]: PROPAGATION_REQUIRED,ISOLATION_DEFAULT,readOnly
2026-01-25 23:41:38.185 [http-nio-8080-exec-10] DEBUG o.s.w.s.m.m.a.RequestResponseBodyMethodProcessor - Using 'application/json', given [*/*] and supported [application/json, application/*+json]
2026-01-25 23:41:38.185 [http-nio-8080-exec-1] DEBUG o.s.orm.jpa.JpaTransactionManager - Exposing JPA transaction as JDBC [org.springframework.orm.jpa.vendor.HibernateJpaDialect$HibernateConnectionHandle@2eefa53c]
2026-01-25 23:41:38.185 [http-nio-8080-exec-10] DEBUG o.s.w.s.m.m.a.RequestResponseBodyMethodProcessor - Writing [Result(code=200, message=success, data={totalVisits=0, remainingVisits=203, memberExpireTime=2041-03 (truncated)...]
2026-01-25 23:41:38.185 [http-nio-8080-exec-1] DEBUG o.s.orm.jpa.JpaTransactionManager - Initiating transaction commit
2026-01-25 23:41:38.185 [http-nio-8080-exec-1] DEBUG o.s.orm.jpa.JpaTransactionManager - Committing JPA transaction on EntityManager [SessionImpl(1155807366<open>)]
2026-01-25 23:41:38.185 [http-nio-8080-exec-10] DEBUG o.s.o.j.s.OpenEntityManagerInViewInterceptor - Closing JPA EntityManager in OpenEntityManagerInViewInterceptor
2026-01-25 23:41:38.186 [http-nio-8080-exec-10] DEBUG o.s.web.servlet.DispatcherServlet - Completed 200 OK
2026-01-25 23:41:38.187 [http-nio-8080-exec-1] DEBUG o.s.orm.jpa.JpaTransactionManager - Not closing pre-bound JPA EntityManager after transaction
2026-01-25 23:41:38.188 [http-nio-8080-exec-2] DEBUG o.s.w.s.m.m.a.RequestResponseBodyMethodProcessor - Using 'application/json', given [*/*] and supported [application/json, application/*+json]
2026-01-25 23:41:38.188 [http-nio-8080-exec-1] DEBUG o.s.orm.jpa.JpaTransactionManager - Found thread-bound EntityManager [SessionImpl(1155807366<open>)] for JPA transaction
2026-01-25 23:41:38.188 [http-nio-8080-exec-1] DEBUG o.s.orm.jpa.JpaTransactionManager - Creating new transaction with name [org.springframework.data.jpa.repository.support.SimpleJpaRepository.findById]: PROPAGATION_REQUIRED,ISOLATION_DEFAULT,readOnly
2026-01-25 23:41:38.188 [http-nio-8080-exec-2] DEBUG o.s.w.s.m.m.a.RequestResponseBodyMethodProcessor - Writing [Result(code=200, message=success, data=[BookingOrder(id=8, orderNo=BK17693556968312217, userId=1, pa (truncated)...]
2026-01-25 23:41:38.189 [http-nio-8080-exec-2] DEBUG o.s.o.j.s.OpenEntityManagerInViewInterceptor - Closing JPA EntityManager in OpenEntityManagerInViewInterceptor
2026-01-25 23:41:38.189 [http-nio-8080-exec-2] DEBUG o.s.web.servlet.DispatcherServlet - Completed 200 OK
2026-01-25 23:41:38.189 [http-nio-8080-exec-3] DEBUG o.s.web.servlet.DispatcherServlet - GET "/api/user/info", parameters={}
2026-01-25 23:41:38.189 [http-nio-8080-exec-3] DEBUG o.s.w.s.m.m.a.RequestMappingHandlerMapping - Mapped to com.oxygen.capsule.controller.UserController#getUserInfo(String)
2026-01-25 23:41:38.189 [http-nio-8080-exec-3] DEBUG o.s.o.j.s.OpenEntityManagerInViewInterceptor - Opening JPA EntityManager in OpenEntityManagerInViewInterceptor
2026-01-25 23:41:38.189 [http-nio-8080-exec-1] DEBUG o.s.orm.jpa.JpaTransactionManager - Exposing JPA transaction as JDBC [org.springframework.orm.jpa.vendor.HibernateJpaDialect$HibernateConnectionHandle@165ea1a4]
2026-01-25 23:41:38.190 [http-nio-8080-exec-1] DEBUG o.s.orm.jpa.JpaTransactionManager - Initiating transaction commit
2026-01-25 23:41:38.190 [http-nio-8080-exec-1] DEBUG o.s.orm.jpa.JpaTransactionManager - Committing JPA transaction on EntityManager [SessionImpl(1155807366<open>)]
2026-01-25 23:41:38.191 [http-nio-8080-exec-1] DEBUG o.s.orm.jpa.JpaTransactionManager - Not closing pre-bound JPA EntityManager after transaction
2026-01-25 23:41:38.191 [http-nio-8080-exec-3] DEBUG o.s.orm.jpa.JpaTransactionManager - Found thread-bound EntityManager [SessionImpl(283541306<open>)] for JPA transaction
2026-01-25 23:41:38.191 [http-nio-8080-exec-3] DEBUG o.s.orm.jpa.JpaTransactionManager - Creating new transaction with name [org.springframework.data.jpa.repository.support.SimpleJpaRepository.findById]: PROPAGATION_REQUIRED,ISOLATION_DEFAULT,readOnly
2026-01-25 23:41:38.191 [http-nio-8080-exec-1] DEBUG o.s.w.s.m.m.a.RequestResponseBodyMethodProcessor - Using 'application/json', given [*/*] and supported [application/json, application/*+json]
2026-01-25 23:41:38.192 [http-nio-8080-exec-1] DEBUG o.s.w.s.m.m.a.RequestResponseBodyMethodProcessor - Writing [Result(code=200, message=success, data=[{packageCategory=家庭/次卡, cardEndDate=2027-01-25T00:00, orderN (truncated)...]
2026-01-25 23:41:38.192 [http-nio-8080-exec-3] DEBUG o.s.orm.jpa.JpaTransactionManager - Exposing JPA transaction as JDBC [org.springframework.orm.jpa.vendor.HibernateJpaDialect$HibernateConnectionHandle@51ee39ee]
2026-01-25 23:41:38.193 [http-nio-8080-exec-1] DEBUG o.s.o.j.s.OpenEntityManagerInViewInterceptor - Closing JPA EntityManager in OpenEntityManagerInViewInterceptor
2026-01-25 23:41:38.193 [http-nio-8080-exec-1] DEBUG o.s.web.servlet.DispatcherServlet - Completed 200 OK
2026-01-25 23:41:38.194 [http-nio-8080-exec-3] DEBUG o.s.orm.jpa.JpaTransactionManager - Initiating transaction commit
2026-01-25 23:41:38.194 [http-nio-8080-exec-3] DEBUG o.s.orm.jpa.JpaTransactionManager - Committing JPA transaction on EntityManager [SessionImpl(283541306<open>)]
2026-01-25 23:41:38.194 [http-nio-8080-exec-3] DEBUG o.s.orm.jpa.JpaTransactionManager - Not closing pre-bound JPA EntityManager after transaction
2026-01-25 23:41:38.195 [http-nio-8080-exec-4] DEBUG o.s.web.servlet.DispatcherServlet - GET "/api/payment/orders", parameters={}
2026-01-25 23:41:38.195 [http-nio-8080-exec-4] DEBUG o.s.w.s.m.m.a.RequestMappingHandlerMapping - Mapped to com.oxygen.capsule.controller.PaymentController#getUserPaymentOrders(String)
2026-01-25 23:41:38.195 [http-nio-8080-exec-4] DEBUG o.s.o.j.s.OpenEntityManagerInViewInterceptor - Opening JPA EntityManager in OpenEntityManagerInViewInterceptor
2026-01-25 23:41:38.197 [http-nio-8080-exec-3] DEBUG o.s.w.s.m.m.a.RequestResponseBodyMethodProcessor - Using 'application/json', given [*/*] and supported [application/json, application/*+json]
2026-01-25 23:41:38.197 [http-nio-8080-exec-3] DEBUG o.s.w.s.m.m.a.RequestResponseBodyMethodProcessor - Writing [Result(code=200, message=success, data={totalVisits=0, remainingVisits=203, memberExpireTime=2041-03 (truncated)...]
2026-01-25 23:41:38.198 [http-nio-8080-exec-3] DEBUG o.s.o.j.s.OpenEntityManagerInViewInterceptor - Closing JPA EntityManager in OpenEntityManagerInViewInterceptor
2026-01-25 23:41:38.198 [http-nio-8080-exec-3] DEBUG o.s.web.servlet.DispatcherServlet - Completed 200 OK
2026-01-25 23:41:38.199 [http-nio-8080-exec-4] DEBUG o.s.orm.jpa.JpaTransactionManager - Found thread-bound EntityManager [SessionImpl(1124445991<open>)] for JPA transaction
2026-01-25 23:41:38.199 [http-nio-8080-exec-4] DEBUG o.s.orm.jpa.JpaTransactionManager - Creating new transaction with name [org.springframework.data.jpa.repository.support.SimpleJpaRepository.findById]: PROPAGATION_REQUIRED,ISOLATION_DEFAULT,readOnly
2026-01-25 23:41:38.200 [http-nio-8080-exec-4] DEBUG o.s.orm.jpa.JpaTransactionManager - Exposing JPA transaction as JDBC [org.springframework.orm.jpa.vendor.HibernateJpaDialect$HibernateConnectionHandle@4855d364]
2026-01-25 23:41:38.200 [http-nio-8080-exec-4] DEBUG o.s.orm.jpa.JpaTransactionManager - Initiating transaction commit
2026-01-25 23:41:38.200 [http-nio-8080-exec-4] DEBUG o.s.orm.jpa.JpaTransactionManager - Committing JPA transaction on EntityManager [SessionImpl(1124445991<open>)]
2026-01-25 23:41:38.200 [http-nio-8080-exec-4] DEBUG o.s.orm.jpa.JpaTransactionManager - Not closing pre-bound JPA EntityManager after transaction
2026-01-25 23:41:38.201 [http-nio-8080-exec-4] DEBUG o.s.orm.jpa.JpaTransactionManager - Found thread-bound EntityManager [SessionImpl(1124445991<open>)] for JPA transaction
2026-01-25 23:41:38.201 [http-nio-8080-exec-4] DEBUG o.s.orm.jpa.JpaTransactionManager - Creating new transaction with name [org.springframework.data.jpa.repository.support.SimpleJpaRepository.findById]: PROPAGATION_REQUIRED,ISOLATION_DEFAULT,readOnly
2026-01-25 23:41:38.201 [http-nio-8080-exec-4] DEBUG o.s.orm.jpa.JpaTransactionManager - Exposing JPA transaction as JDBC [org.springframework.orm.jpa.vendor.HibernateJpaDialect$HibernateConnectionHandle@56553f15]
2026-01-25 23:41:38.201 [http-nio-8080-exec-4] DEBUG o.s.orm.jpa.JpaTransactionManager - Initiating transaction commit
2026-01-25 23:41:38.201 [http-nio-8080-exec-4] DEBUG o.s.orm.jpa.JpaTransactionManager - Committing JPA transaction on EntityManager [SessionImpl(1124445991<open>)]
2026-01-25 23:41:38.201 [http-nio-8080-exec-4] DEBUG o.s.orm.jpa.JpaTransactionManager - Not closing pre-bound JPA EntityManager after transaction
2026-01-25 23:41:38.201 [http-nio-8080-exec-4] DEBUG o.s.orm.jpa.JpaTransactionManager - Found thread-bound EntityManager [SessionImpl(1124445991<open>)] for JPA transaction
2026-01-25 23:41:38.201 [http-nio-8080-exec-4] DEBUG o.s.orm.jpa.JpaTransactionManager - Creating new transaction with name [org.springframework.data.jpa.repository.support.SimpleJpaRepository.findById]: PROPAGATION_REQUIRED,ISOLATION_DEFAULT,readOnly
2026-01-25 23:41:38.202 [http-nio-8080-exec-4] DEBUG o.s.orm.jpa.JpaTransactionManager - Exposing JPA transaction as JDBC [org.springframework.orm.jpa.vendor.HibernateJpaDialect$HibernateConnectionHandle@147126d5]
2026-01-25 23:41:38.202 [http-nio-8080-exec-4] DEBUG o.s.orm.jpa.JpaTransactionManager - Initiating transaction commit
2026-01-25 23:41:38.202 [http-nio-8080-exec-4] DEBUG o.s.orm.jpa.JpaTransactionManager - Committing JPA transaction on EntityManager [SessionImpl(1124445991<open>)]
2026-01-25 23:41:38.202 [http-nio-8080-exec-4] DEBUG o.s.orm.jpa.JpaTransactionManager - Not closing pre-bound JPA EntityManager after transaction
2026-01-25 23:41:38.202 [http-nio-8080-exec-4] DEBUG o.s.w.s.m.m.a.RequestResponseBodyMethodProcessor - Using 'application/json', given [*/*] and supported [application/json, application/*+json]
2026-01-25 23:41:38.202 [http-nio-8080-exec-4] DEBUG o.s.w.s.m.m.a.RequestResponseBodyMethodProcessor - Writing [Result(code=200, message=success, data=[{packageCategory=家庭/次卡, cardEndDate=2027-01-25T00:00, orderN (truncated)...]
2026-01-25 23:41:38.203 [http-nio-8080-exec-4] DEBUG o.s.o.j.s.OpenEntityManagerInViewInterceptor - Closing JPA EntityManager in OpenEntityManagerInViewInterceptor
2026-01-25 23:41:38.203 [http-nio-8080-exec-4] DEBUG o.s.web.servlet.DispatcherServlet - Completed 200 OK
2026-01-25 23:41:38.230 [http-nio-8080-exec-5] DEBUG o.s.web.servlet.DispatcherServlet - GET "/api/booking/orders", parameters={}
2026-01-25 23:41:38.230 [http-nio-8080-exec-5] DEBUG o.s.w.s.m.m.a.RequestMappingHandlerMapping - Mapped to com.oxygen.capsule.controller.BookingController#getUserOrders(String)
2026-01-25 23:41:38.230 [http-nio-8080-exec-5] DEBUG o.s.o.j.s.OpenEntityManagerInViewInterceptor - Opening JPA EntityManager in OpenEntityManagerInViewInterceptor
2026-01-25 23:41:38.231 [http-nio-8080-exec-5] DEBUG o.s.orm.jpa.JpaTransactionManager - Found thread-bound EntityManager [SessionImpl(1320433036<open>)] for JPA transaction
2026-01-25 23:41:38.231 [http-nio-8080-exec-5] DEBUG o.s.orm.jpa.JpaTransactionManager - Creating new transaction with name [org.springframework.data.jpa.repository.support.SimpleJpaRepository.findById]: PROPAGATION_REQUIRED,ISOLATION_DEFAULT,readOnly
2026-01-25 23:41:38.231 [http-nio-8080-exec-5] DEBUG o.s.orm.jpa.JpaTransactionManager - Exposing JPA transaction as JDBC [org.springframework.orm.jpa.vendor.HibernateJpaDialect$HibernateConnectionHandle@25ad6591]
2026-01-25 23:41:38.233 [http-nio-8080-exec-5] DEBUG o.s.orm.jpa.JpaTransactionManager - Initiating transaction commit
2026-01-25 23:41:38.233 [http-nio-8080-exec-5] DEBUG o.s.orm.jpa.JpaTransactionManager - Committing JPA transaction on EntityManager [SessionImpl(1320433036<open>)]
2026-01-25 23:41:38.234 [http-nio-8080-exec-5] DEBUG o.s.orm.jpa.JpaTransactionManager - Not closing pre-bound JPA EntityManager after transaction
2026-01-25 23:41:38.237 [http-nio-8080-exec-5] DEBUG o.s.w.s.m.m.a.RequestResponseBodyMethodProcessor - Using 'application/json', given [*/*] and supported [application/json, application/*+json]
2026-01-25 23:41:38.237 [http-nio-8080-exec-5] DEBUG o.s.w.s.m.m.a.RequestResponseBodyMethodProcessor - Writing [Result(code=200, message=success, data=[BookingOrder(id=8, orderNo=BK17693556968312217, userId=1, pa (truncated)...]
2026-01-25 23:41:38.237 [http-nio-8080-exec-5] DEBUG o.s.o.j.s.OpenEntityManagerInViewInterceptor - Closing JPA EntityManager in OpenEntityManagerInViewInterceptor
2026-01-25 23:41:38.237 [http-nio-8080-exec-5] DEBUG o.s.web.servlet.DispatcherServlet - Completed 200 OK
2026-01-25 23:41:38.249 [http-nio-8080-exec-6] DEBUG o.s.web.servlet.DispatcherServlet - GET "/api/user/info", parameters={}
2026-01-25 23:41:38.249 [http-nio-8080-exec-6] DEBUG o.s.w.s.m.m.a.RequestMappingHandlerMapping - Mapped to com.oxygen.capsule.controller.UserController#getUserInfo(String)
2026-01-25 23:41:38.249 [http-nio-8080-exec-6] DEBUG o.s.o.j.s.OpenEntityManagerInViewInterceptor - Opening JPA EntityManager in OpenEntityManagerInViewInterceptor
2026-01-25 23:41:38.251 [http-nio-8080-exec-6] DEBUG o.s.orm.jpa.JpaTransactionManager - Found thread-bound EntityManager [SessionImpl(728014635<open>)] for JPA transaction
2026-01-25 23:41:38.251 [http-nio-8080-exec-6] DEBUG o.s.orm.jpa.JpaTransactionManager - Creating new transaction with name [org.springframework.data.jpa.repository.support.SimpleJpaRepository.findById]: PROPAGATION_REQUIRED,ISOLATION_DEFAULT,readOnly
2026-01-25 23:41:38.251 [http-nio-8080-exec-6] DEBUG o.s.orm.jpa.JpaTransactionManager - Exposing JPA transaction as JDBC [org.springframework.orm.jpa.vendor.HibernateJpaDialect$HibernateConnectionHandle@38bce26d]
2026-01-25 23:41:38.252 [http-nio-8080-exec-6] DEBUG o.s.orm.jpa.JpaTransactionManager - Initiating transaction commit
2026-01-25 23:41:38.253 [http-nio-8080-exec-6] DEBUG o.s.orm.jpa.JpaTransactionManager - Committing JPA transaction on EntityManager [SessionImpl(728014635<open>)]
2026-01-25 23:41:38.253 [http-nio-8080-exec-6] DEBUG o.s.orm.jpa.JpaTransactionManager - Not closing pre-bound JPA EntityManager after transaction
2026-01-25 23:41:38.256 [http-nio-8080-exec-6] DEBUG o.s.w.s.m.m.a.RequestResponseBodyMethodProcessor - Using 'application/json', given [*/*] and supported [application/json, application/*+json]
2026-01-25 23:41:38.256 [http-nio-8080-exec-6] DEBUG o.s.w.s.m.m.a.RequestResponseBodyMethodProcessor - Writing [Result(code=200, message=success, data={totalVisits=0, remainingVisits=203, memberExpireTime=2041-03 (truncated)...]
2026-01-25 23:41:38.256 [http-nio-8080-exec-6] DEBUG o.s.o.j.s.OpenEntityManagerInViewInterceptor - Closing JPA EntityManager in OpenEntityManagerInViewInterceptor
2026-01-25 23:41:38.256 [http-nio-8080-exec-6] DEBUG o.s.web.servlet.DispatcherServlet - Completed 200 OK
2026-01-25 23:41:38.263 [http-nio-8080-exec-7] DEBUG o.s.web.servlet.DispatcherServlet - GET "/api/user/info", parameters={}
2026-01-25 23:41:38.263 [http-nio-8080-exec-7] DEBUG o.s.w.s.m.m.a.RequestMappingHandlerMapping - Mapped to com.oxygen.capsule.controller.UserController#getUserInfo(String)
2026-01-25 23:41:38.263 [http-nio-8080-exec-7] DEBUG o.s.o.j.s.OpenEntityManagerInViewInterceptor - Opening JPA EntityManager in OpenEntityManagerInViewInterceptor
2026-01-25 23:41:38.264 [http-nio-8080-exec-7] DEBUG o.s.orm.jpa.JpaTransactionManager - Found thread-bound EntityManager [SessionImpl(1071832022<open>)] for JPA transaction
2026-01-25 23:41:38.264 [http-nio-8080-exec-7] DEBUG o.s.orm.jpa.JpaTransactionManager - Creating new transaction with name [org.springframework.data.jpa.repository.support.SimpleJpaRepository.findById]: PROPAGATION_REQUIRED,ISOLATION_DEFAULT,readOnly
2026-01-25 23:41:38.265 [http-nio-8080-exec-7] DEBUG o.s.orm.jpa.JpaTransactionManager - Exposing JPA transaction as JDBC [org.springframework.orm.jpa.vendor.HibernateJpaDialect$HibernateConnectionHandle@12718dc7]
2026-01-25 23:41:38.266 [http-nio-8080-exec-7] DEBUG o.s.orm.jpa.JpaTransactionManager - Initiating transaction commit
2026-01-25 23:41:38.266 [http-nio-8080-exec-7] DEBUG o.s.orm.jpa.JpaTransactionManager - Committing JPA transaction on EntityManager [SessionImpl(1071832022<open>)]
2026-01-25 23:41:38.267 [http-nio-8080-exec-7] DEBUG o.s.orm.jpa.JpaTransactionManager - Not closing pre-bound JPA EntityManager after transaction
2026-01-25 23:41:38.269 [http-nio-8080-exec-7] DEBUG o.s.w.s.m.m.a.RequestResponseBodyMethodProcessor - Using 'application/json', given [*/*] and supported [application/json, application/*+json]
2026-01-25 23:41:38.269 [http-nio-8080-exec-7] DEBUG o.s.w.s.m.m.a.RequestResponseBodyMethodProcessor - Writing [Result(code=200, message=success, data={totalVisits=0, remainingVisits=203, memberExpireTime=2041-03 (truncated)...]
2026-01-25 23:41:38.269 [http-nio-8080-exec-7] DEBUG o.s.o.j.s.OpenEntityManagerInViewInterceptor - Closing JPA EntityManager in OpenEntityManagerInViewInterceptor
2026-01-25 23:41:38.269 [http-nio-8080-exec-7] DEBUG o.s.web.servlet.DispatcherServlet - Completed 200 OK
2026-01-25 23:41:38.597 [http-nio-8080-exec-8] DEBUG o.s.web.servlet.DispatcherServlet - GET "/api/user/info", parameters={}
2026-01-25 23:41:38.598 [http-nio-8080-exec-8] DEBUG o.s.w.s.m.m.a.RequestMappingHandlerMapping - Mapped to com.oxygen.capsule.controller.UserController#getUserInfo(String)
2026-01-25 23:41:38.598 [http-nio-8080-exec-8] DEBUG o.s.o.j.s.OpenEntityManagerInViewInterceptor - Opening JPA EntityManager in OpenEntityManagerInViewInterceptor
2026-01-25 23:41:38.598 [http-nio-8080-exec-9] DEBUG o.s.web.servlet.DispatcherServlet - GET "/api/payment/orders", parameters={}
2026-01-25 23:41:38.598 [http-nio-8080-exec-9] DEBUG o.s.w.s.m.m.a.RequestMappingHandlerMapping - Mapped to com.oxygen.capsule.controller.PaymentController#getUserPaymentOrders(String)
2026-01-25 23:41:38.598 [http-nio-8080-exec-9] DEBUG o.s.o.j.s.OpenEntityManagerInViewInterceptor - Opening JPA EntityManager in OpenEntityManagerInViewInterceptor
2026-01-25 23:41:38.599 [http-nio-8080-exec-8] DEBUG o.s.orm.jpa.JpaTransactionManager - Found thread-bound EntityManager [SessionImpl(1600958629<open>)] for JPA transaction
2026-01-25 23:41:38.599 [http-nio-8080-exec-8] DEBUG o.s.orm.jpa.JpaTransactionManager - Creating new transaction with name [org.springframework.data.jpa.repository.support.SimpleJpaRepository.findById]: PROPAGATION_REQUIRED,ISOLATION_DEFAULT,readOnly
2026-01-25 23:41:38.599 [http-nio-8080-exec-8] DEBUG o.s.orm.jpa.JpaTransactionManager - Exposing JPA transaction as JDBC [org.springframework.orm.jpa.vendor.HibernateJpaDialect$HibernateConnectionHandle@735f5dc0]
2026-01-25 23:41:38.601 [http-nio-8080-exec-8] DEBUG o.s.orm.jpa.JpaTransactionManager - Initiating transaction commit
2026-01-25 23:41:38.601 [http-nio-8080-exec-8] DEBUG o.s.orm.jpa.JpaTransactionManager - Committing JPA transaction on EntityManager [SessionImpl(1600958629<open>)]
2026-01-25 23:41:38.601 [http-nio-8080-exec-9] DEBUG o.s.orm.jpa.JpaTransactionManager - Found thread-bound EntityManager [SessionImpl(1035751385<open>)] for JPA transaction
2026-01-25 23:41:38.601 [http-nio-8080-exec-9] DEBUG o.s.orm.jpa.JpaTransactionManager - Creating new transaction with name [org.springframework.data.jpa.repository.support.SimpleJpaRepository.findById]: PROPAGATION_REQUIRED,ISOLATION_DEFAULT,readOnly
2026-01-25 23:41:38.601 [http-nio-8080-exec-8] DEBUG o.s.orm.jpa.JpaTransactionManager - Not closing pre-bound JPA EntityManager after transaction
2026-01-25 23:41:38.601 [http-nio-8080-exec-9] DEBUG o.s.orm.jpa.JpaTransactionManager - Exposing JPA transaction as JDBC [org.springframework.orm.jpa.vendor.HibernateJpaDialect$HibernateConnectionHandle@260908a0]
2026-01-25 23:41:38.601 [http-nio-8080-exec-10] DEBUG o.s.web.servlet.DispatcherServlet - GET "/api/booking/orders", parameters={}
2026-01-25 23:41:38.601 [http-nio-8080-exec-10] DEBUG o.s.w.s.m.m.a.RequestMappingHandlerMapping - Mapped to com.oxygen.capsule.controller.BookingController#getUserOrders(String)
2026-01-25 23:41:38.602 [http-nio-8080-exec-10] DEBUG o.s.o.j.s.OpenEntityManagerInViewInterceptor - Opening JPA EntityManager in OpenEntityManagerInViewInterceptor
2026-01-25 23:41:38.602 [http-nio-8080-exec-9] DEBUG o.s.orm.jpa.JpaTransactionManager - Initiating transaction commit
2026-01-25 23:41:38.602 [http-nio-8080-exec-9] DEBUG o.s.orm.jpa.JpaTransactionManager - Committing JPA transaction on EntityManager [SessionImpl(1035751385<open>)]
2026-01-25 23:41:38.602 [http-nio-8080-exec-10] DEBUG o.s.orm.jpa.JpaTransactionManager - Found thread-bound EntityManager [SessionImpl(686528597<open>)] for JPA transaction
2026-01-25 23:41:38.602 [http-nio-8080-exec-10] DEBUG o.s.orm.jpa.JpaTransactionManager - Creating new transaction with name [org.springframework.data.jpa.repository.support.SimpleJpaRepository.findById]: PROPAGATION_REQUIRED,ISOLATION_DEFAULT,readOnly
2026-01-25 23:41:38.603 [http-nio-8080-exec-10] DEBUG o.s.orm.jpa.JpaTransactionManager - Exposing JPA transaction as JDBC [org.springframework.orm.jpa.vendor.HibernateJpaDialect$HibernateConnectionHandle@49aaf167]
2026-01-25 23:41:38.603 [http-nio-8080-exec-9] DEBUG o.s.orm.jpa.JpaTransactionManager - Not closing pre-bound JPA EntityManager after transaction
2026-01-25 23:41:38.603 [http-nio-8080-exec-9] DEBUG o.s.orm.jpa.JpaTransactionManager - Found thread-bound EntityManager [SessionImpl(1035751385<open>)] for JPA transaction
2026-01-25 23:41:38.603 [http-nio-8080-exec-9] DEBUG o.s.orm.jpa.JpaTransactionManager - Creating new transaction with name [org.springframework.data.jpa.repository.support.SimpleJpaRepository.findById]: PROPAGATION_REQUIRED,ISOLATION_DEFAULT,readOnly
2026-01-25 23:41:38.603 [http-nio-8080-exec-9] DEBUG o.s.orm.jpa.JpaTransactionManager - Exposing JPA transaction as JDBC [org.springframework.orm.jpa.vendor.HibernateJpaDialect$HibernateConnectionHandle@196d3449]
2026-01-25 23:41:38.603 [http-nio-8080-exec-8] DEBUG o.s.w.s.m.m.a.RequestResponseBodyMethodProcessor - Using 'application/json', given [*/*] and supported [application/json, application/*+json]
2026-01-25 23:41:38.603 [http-nio-8080-exec-8] DEBUG o.s.w.s.m.m.a.RequestResponseBodyMethodProcessor - Writing [Result(code=200, message=success, data={totalVisits=0, remainingVisits=203, memberExpireTime=2041-03 (truncated)...]
2026-01-25 23:41:38.603 [http-nio-8080-exec-10] DEBUG o.s.orm.jpa.JpaTransactionManager - Initiating transaction commit
2026-01-25 23:41:38.603 [http-nio-8080-exec-10] DEBUG o.s.orm.jpa.JpaTransactionManager - Committing JPA transaction on EntityManager [SessionImpl(686528597<open>)]
2026-01-25 23:41:38.603 [http-nio-8080-exec-9] DEBUG o.s.orm.jpa.JpaTransactionManager - Initiating transaction commit
2026-01-25 23:41:38.603 [http-nio-8080-exec-9] DEBUG o.s.orm.jpa.JpaTransactionManager - Committing JPA transaction on EntityManager [SessionImpl(1035751385<open>)]
2026-01-25 23:41:38.603 [http-nio-8080-exec-8] DEBUG o.s.o.j.s.OpenEntityManagerInViewInterceptor - Closing JPA EntityManager in OpenEntityManagerInViewInterceptor
2026-01-25 23:41:38.604 [http-nio-8080-exec-8] DEBUG o.s.web.servlet.DispatcherServlet - Completed 200 OK
2026-01-25 23:41:38.604 [http-nio-8080-exec-10] DEBUG o.s.orm.jpa.JpaTransactionManager - Not closing pre-bound JPA EntityManager after transaction
2026-01-25 23:41:38.604 [http-nio-8080-exec-9] DEBUG o.s.orm.jpa.JpaTransactionManager - Not closing pre-bound JPA EntityManager after transaction
2026-01-25 23:41:38.604 [http-nio-8080-exec-9] DEBUG o.s.orm.jpa.JpaTransactionManager - Found thread-bound EntityManager [SessionImpl(1035751385<open>)] for JPA transaction
2026-01-25 23:41:38.604 [http-nio-8080-exec-9] DEBUG o.s.orm.jpa.JpaTransactionManager - Creating new transaction with name [org.springframework.data.jpa.repository.support.SimpleJpaRepository.findById]: PROPAGATION_REQUIRED,ISOLATION_DEFAULT,readOnly
2026-01-25 23:41:38.605 [http-nio-8080-exec-9] DEBUG o.s.orm.jpa.JpaTransactionManager - Exposing JPA transaction as JDBC [org.springframework.orm.jpa.vendor.HibernateJpaDialect$HibernateConnectionHandle@31428b7b]
2026-01-25 23:41:38.605 [http-nio-8080-exec-9] DEBUG o.s.orm.jpa.JpaTransactionManager - Initiating transaction commit
2026-01-25 23:41:38.605 [http-nio-8080-exec-9] DEBUG o.s.orm.jpa.JpaTransactionManager - Committing JPA transaction on EntityManager [SessionImpl(1035751385<open>)]
2026-01-25 23:41:38.605 [http-nio-8080-exec-9] DEBUG o.s.orm.jpa.JpaTransactionManager - Not closing pre-bound JPA EntityManager after transaction
2026-01-25 23:41:38.606 [http-nio-8080-exec-9] DEBUG o.s.w.s.m.m.a.RequestResponseBodyMethodProcessor - Using 'application/json', given [*/*] and supported [application/json, application/*+json]
2026-01-25 23:41:38.606 [http-nio-8080-exec-9] DEBUG o.s.w.s.m.m.a.RequestResponseBodyMethodProcessor - Writing [Result(code=200, message=success, data=[{packageCategory=家庭/次卡, cardEndDate=2027-01-25T00:00, orderN (truncated)...]
2026-01-25 23:41:38.606 [http-nio-8080-exec-9] DEBUG o.s.o.j.s.OpenEntityManagerInViewInterceptor - Closing JPA EntityManager in OpenEntityManagerInViewInterceptor
2026-01-25 23:41:38.606 [http-nio-8080-exec-9] DEBUG o.s.web.servlet.DispatcherServlet - Completed 200 OK
2026-01-25 23:41:38.607 [http-nio-8080-exec-10] DEBUG o.s.w.s.m.m.a.RequestResponseBodyMethodProcessor - Using 'application/json', given [*/*] and supported [application/json, application/*+json]
2026-01-25 23:41:38.607 [http-nio-8080-exec-10] DEBUG o.s.w.s.m.m.a.RequestResponseBodyMethodProcessor - Writing [Result(code=200, message=success, data=[BookingOrder(id=8, orderNo=BK17693556968312217, userId=1, pa (truncated)...]
2026-01-25 23:41:38.608 [http-nio-8080-exec-10] DEBUG o.s.o.j.s.OpenEntityManagerInViewInterceptor - Closing JPA EntityManager in OpenEntityManagerInViewInterceptor
2026-01-25 23:41:38.608 [http-nio-8080-exec-10] DEBUG o.s.web.servlet.DispatcherServlet - Completed 200 OK
2026-01-25 23:41:38.609 [http-nio-8080-exec-2] DEBUG o.s.web.servlet.DispatcherServlet - GET "/api/user/info", parameters={}
2026-01-25 23:41:38.609 [http-nio-8080-exec-2] DEBUG o.s.w.s.m.m.a.RequestMappingHandlerMapping - Mapped to com.oxygen.capsule.controller.UserController#getUserInfo(String)
2026-01-25 23:41:38.609 [http-nio-8080-exec-2] DEBUG o.s.o.j.s.OpenEntityManagerInViewInterceptor - Opening JPA EntityManager in OpenEntityManagerInViewInterceptor
2026-01-25 23:41:38.610 [http-nio-8080-exec-2] DEBUG o.s.orm.jpa.JpaTransactionManager - Found thread-bound EntityManager [SessionImpl(1694520010<open>)] for JPA transaction
2026-01-25 23:41:38.610 [http-nio-8080-exec-2] DEBUG o.s.orm.jpa.JpaTransactionManager - Creating new transaction with name [org.springframework.data.jpa.repository.support.SimpleJpaRepository.findById]: PROPAGATION_REQUIRED,ISOLATION_DEFAULT,readOnly
2026-01-25 23:41:38.611 [http-nio-8080-exec-2] DEBUG o.s.orm.jpa.JpaTransactionManager - Exposing JPA transaction as JDBC [org.springframework.orm.jpa.vendor.HibernateJpaDialect$HibernateConnectionHandle@5eb0bef3]
2026-01-25 23:41:38.612 [http-nio-8080-exec-2] DEBUG o.s.orm.jpa.JpaTransactionManager - Initiating transaction commit
2026-01-25 23:41:38.612 [http-nio-8080-exec-1] DEBUG o.s.web.servlet.DispatcherServlet - GET "/api/payment/orders", parameters={}
2026-01-25 23:41:38.612 [http-nio-8080-exec-2] DEBUG o.s.orm.jpa.JpaTransactionManager - Committing JPA transaction on EntityManager [SessionImpl(1694520010<open>)]
2026-01-25 23:41:38.613 [http-nio-8080-exec-1] DEBUG o.s.w.s.m.m.a.RequestMappingHandlerMapping - Mapped to com.oxygen.capsule.controller.PaymentController#getUserPaymentOrders(String)
2026-01-25 23:41:38.613 [http-nio-8080-exec-1] DEBUG o.s.o.j.s.OpenEntityManagerInViewInterceptor - Opening JPA EntityManager in OpenEntityManagerInViewInterceptor
2026-01-25 23:41:38.613 [http-nio-8080-exec-2] DEBUG o.s.orm.jpa.JpaTransactionManager - Not closing pre-bound JPA EntityManager after transaction
2026-01-25 23:41:38.615 [http-nio-8080-exec-2] DEBUG o.s.w.s.m.m.a.RequestResponseBodyMethodProcessor - Using 'application/json', given [*/*] and supported [application/json, application/*+json]
2026-01-25 23:41:38.615 [http-nio-8080-exec-1] DEBUG o.s.orm.jpa.JpaTransactionManager - Found thread-bound EntityManager [SessionImpl(587884210<open>)] for JPA transaction
2026-01-25 23:41:38.615 [http-nio-8080-exec-2] DEBUG o.s.w.s.m.m.a.RequestResponseBodyMethodProcessor - Writing [Result(code=200, message=success, data={totalVisits=0, remainingVisits=203, memberExpireTime=2041-03 (truncated)...]
2026-01-25 23:41:38.615 [http-nio-8080-exec-1] DEBUG o.s.orm.jpa.JpaTransactionManager - Creating new transaction with name [org.springframework.data.jpa.repository.support.SimpleJpaRepository.findById]: PROPAGATION_REQUIRED,ISOLATION_DEFAULT,readOnly
2026-01-25 23:41:38.615 [http-nio-8080-exec-3] DEBUG o.s.web.servlet.DispatcherServlet - GET "/api/booking/orders", parameters={}
2026-01-25 23:41:38.615 [http-nio-8080-exec-3] DEBUG o.s.w.s.m.m.a.RequestMappingHandlerMapping - Mapped to com.oxygen.capsule.controller.BookingController#getUserOrders(String)
2026-01-25 23:41:38.615 [http-nio-8080-exec-3] DEBUG o.s.o.j.s.OpenEntityManagerInViewInterceptor - Opening JPA EntityManager in OpenEntityManagerInViewInterceptor
2026-01-25 23:41:38.615 [http-nio-8080-exec-2] DEBUG o.s.o.j.s.OpenEntityManagerInViewInterceptor - Closing JPA EntityManager in OpenEntityManagerInViewInterceptor
2026-01-25 23:41:38.616 [http-nio-8080-exec-2] DEBUG o.s.web.servlet.DispatcherServlet - Completed 200 OK
2026-01-25 23:41:38.616 [http-nio-8080-exec-1] DEBUG o.s.orm.jpa.JpaTransactionManager - Exposing JPA transaction as JDBC [org.springframework.orm.jpa.vendor.HibernateJpaDialect$HibernateConnectionHandle@28afecbd]
2026-01-25 23:41:38.616 [http-nio-8080-exec-3] DEBUG o.s.orm.jpa.JpaTransactionManager - Found thread-bound EntityManager [SessionImpl(1906640636<open>)] for JPA transaction
2026-01-25 23:41:38.616 [http-nio-8080-exec-3] DEBUG o.s.orm.jpa.JpaTransactionManager - Creating new transaction with name [org.springframework.data.jpa.repository.support.SimpleJpaRepository.findById]: PROPAGATION_REQUIRED,ISOLATION_DEFAULT,readOnly
2026-01-25 23:41:38.617 [http-nio-8080-exec-3] DEBUG o.s.orm.jpa.JpaTransactionManager - Exposing JPA transaction as JDBC [org.springframework.orm.jpa.vendor.HibernateJpaDialect$HibernateConnectionHandle@1e56f6e8]
2026-01-25 23:41:38.617 [http-nio-8080-exec-1] DEBUG o.s.orm.jpa.JpaTransactionManager - Initiating transaction commit
2026-01-25 23:41:38.617 [http-nio-8080-exec-1] DEBUG o.s.orm.jpa.JpaTransactionManager - Committing JPA transaction on EntityManager [SessionImpl(587884210<open>)]
2026-01-25 23:41:38.617 [http-nio-8080-exec-1] DEBUG o.s.orm.jpa.JpaTransactionManager - Not closing pre-bound JPA EntityManager after transaction
2026-01-25 23:41:38.617 [http-nio-8080-exec-3] DEBUG o.s.orm.jpa.JpaTransactionManager - Initiating transaction commit
2026-01-25 23:41:38.617 [http-nio-8080-exec-1] DEBUG o.s.orm.jpa.JpaTransactionManager - Found thread-bound EntityManager [SessionImpl(587884210<open>)] for JPA transaction
2026-01-25 23:41:38.617 [http-nio-8080-exec-3] DEBUG o.s.orm.jpa.JpaTransactionManager - Committing JPA transaction on EntityManager [SessionImpl(1906640636<open>)]
2026-01-25 23:41:38.617 [http-nio-8080-exec-1] DEBUG o.s.orm.jpa.JpaTransactionManager - Creating new transaction with name [org.springframework.data.jpa.repository.support.SimpleJpaRepository.findById]: PROPAGATION_REQUIRED,ISOLATION_DEFAULT,readOnly
2026-01-25 23:41:38.618 [http-nio-8080-exec-1] DEBUG o.s.orm.jpa.JpaTransactionManager - Exposing JPA transaction as JDBC [org.springframework.orm.jpa.vendor.HibernateJpaDialect$HibernateConnectionHandle@5894a85c]
2026-01-25 23:41:38.618 [http-nio-8080-exec-3] DEBUG o.s.orm.jpa.JpaTransactionManager - Not closing pre-bound JPA EntityManager after transaction
2026-01-25 23:41:38.618 [http-nio-8080-exec-1] DEBUG o.s.orm.jpa.JpaTransactionManager - Initiating transaction commit
2026-01-25 23:41:38.618 [http-nio-8080-exec-1] DEBUG o.s.orm.jpa.JpaTransactionManager - Committing JPA transaction on EntityManager [SessionImpl(587884210<open>)]
2026-01-25 23:41:38.619 [http-nio-8080-exec-1] DEBUG o.s.orm.jpa.JpaTransactionManager - Not closing pre-bound JPA EntityManager after transaction
2026-01-25 23:41:38.619 [http-nio-8080-exec-1] DEBUG o.s.orm.jpa.JpaTransactionManager - Found thread-bound EntityManager [SessionImpl(587884210<open>)] for JPA transaction
2026-01-25 23:41:38.619 [http-nio-8080-exec-1] DEBUG o.s.orm.jpa.JpaTransactionManager - Creating new transaction with name [org.springframework.data.jpa.repository.support.SimpleJpaRepository.findById]: PROPAGATION_REQUIRED,ISOLATION_DEFAULT,readOnly
2026-01-25 23:41:38.619 [http-nio-8080-exec-1] DEBUG o.s.orm.jpa.JpaTransactionManager - Exposing JPA transaction as JDBC [org.springframework.orm.jpa.vendor.HibernateJpaDialect$HibernateConnectionHandle@5f7012b0]
2026-01-25 23:41:38.619 [http-nio-8080-exec-1] DEBUG o.s.orm.jpa.JpaTransactionManager - Initiating transaction commit
2026-01-25 23:41:38.619 [http-nio-8080-exec-1] DEBUG o.s.orm.jpa.JpaTransactionManager - Committing JPA transaction on EntityManager [SessionImpl(587884210<open>)]
2026-01-25 23:41:38.620 [http-nio-8080-exec-3] DEBUG o.s.w.s.m.m.a.RequestResponseBodyMethodProcessor - Using 'application/json', given [*/*] and supported [application/json, application/*+json]
2026-01-25 23:41:38.620 [http-nio-8080-exec-3] DEBUG o.s.w.s.m.m.a.RequestResponseBodyMethodProcessor - Writing [Result(code=200, message=success, data=[BookingOrder(id=8, orderNo=BK17693556968312217, userId=1, pa (truncated)...]
2026-01-25 23:41:38.620 [http-nio-8080-exec-1] DEBUG o.s.orm.jpa.JpaTransactionManager - Not closing pre-bound JPA EntityManager after transaction
2026-01-25 23:41:38.620 [http-nio-8080-exec-1] DEBUG o.s.w.s.m.m.a.RequestResponseBodyMethodProcessor - Using 'application/json', given [*/*] and supported [application/json, application/*+json]
2026-01-25 23:41:38.620 [http-nio-8080-exec-3] DEBUG o.s.o.j.s.OpenEntityManagerInViewInterceptor - Closing JPA EntityManager in OpenEntityManagerInViewInterceptor
2026-01-25 23:41:38.620 [http-nio-8080-exec-1] DEBUG o.s.w.s.m.m.a.RequestResponseBodyMethodProcessor - Writing [Result(code=200, message=success, data=[{packageCategory=家庭/次卡, cardEndDate=2027-01-25T00:00, orderN (truncated)...]
2026-01-25 23:41:38.620 [http-nio-8080-exec-3] DEBUG o.s.web.servlet.DispatcherServlet - Completed 200 OK
2026-01-25 23:41:38.620 [http-nio-8080-exec-1] DEBUG o.s.o.j.s.OpenEntityManagerInViewInterceptor - Closing JPA EntityManager in OpenEntityManagerInViewInterceptor
2026-01-25 23:41:38.621 [http-nio-8080-exec-1] DEBUG o.s.web.servlet.DispatcherServlet - Completed 200 OK
2026-01-25 23:41:38.636 [http-nio-8080-exec-4] DEBUG o.s.web.servlet.DispatcherServlet - GET "/api/user/info", parameters={}
2026-01-25 23:41:38.636 [http-nio-8080-exec-4] DEBUG o.s.w.s.m.m.a.RequestMappingHandlerMapping - Mapped to com.oxygen.capsule.controller.UserController#getUserInfo(String)
2026-01-25 23:41:38.636 [http-nio-8080-exec-4] DEBUG o.s.o.j.s.OpenEntityManagerInViewInterceptor - Opening JPA EntityManager in OpenEntityManagerInViewInterceptor
2026-01-25 23:41:38.637 [http-nio-8080-exec-4] DEBUG o.s.orm.jpa.JpaTransactionManager - Found thread-bound EntityManager [SessionImpl(1211111443<open>)] for JPA transaction
2026-01-25 23:41:38.637 [http-nio-8080-exec-4] DEBUG o.s.orm.jpa.JpaTransactionManager - Creating new transaction with name [org.springframework.data.jpa.repository.support.SimpleJpaRepository.findById]: PROPAGATION_REQUIRED,ISOLATION_DEFAULT,readOnly
2026-01-25 23:41:38.637 [http-nio-8080-exec-4] DEBUG o.s.orm.jpa.JpaTransactionManager - Exposing JPA transaction as JDBC [org.springframework.orm.jpa.vendor.HibernateJpaDialect$HibernateConnectionHandle@3fb89726]
2026-01-25 23:41:38.638 [http-nio-8080-exec-4] DEBUG o.s.orm.jpa.JpaTransactionManager - Initiating transaction commit
2026-01-25 23:41:38.638 [http-nio-8080-exec-4] DEBUG o.s.orm.jpa.JpaTransactionManager - Committing JPA transaction on EntityManager [SessionImpl(1211111443<open>)]
2026-01-25 23:41:38.639 [http-nio-8080-exec-4] DEBUG o.s.orm.jpa.JpaTransactionManager - Not closing pre-bound JPA EntityManager after transaction
2026-01-25 23:41:38.642 [http-nio-8080-exec-4] DEBUG o.s.w.s.m.m.a.RequestResponseBodyMethodProcessor - Using 'application/json', given [*/*] and supported [application/json, application/*+json]
2026-01-25 23:41:38.642 [http-nio-8080-exec-4] DEBUG o.s.w.s.m.m.a.RequestResponseBodyMethodProcessor - Writing [Result(code=200, message=success, data={totalVisits=0, remainingVisits=203, memberExpireTime=2041-03 (truncated)...]
2026-01-25 23:41:38.642 [http-nio-8080-exec-4] DEBUG o.s.o.j.s.OpenEntityManagerInViewInterceptor - Closing JPA EntityManager in OpenEntityManagerInViewInterceptor
2026-01-25 23:41:38.642 [http-nio-8080-exec-4] DEBUG o.s.web.servlet.DispatcherServlet - Completed 200 OK
2026-01-25 23:41:38.669 [http-nio-8080-exec-5] DEBUG o.s.web.servlet.DispatcherServlet - GET "/api/user/info", parameters={}
2026-01-25 23:41:38.670 [http-nio-8080-exec-5] DEBUG o.s.w.s.m.m.a.RequestMappingHandlerMapping - Mapped to com.oxygen.capsule.controller.UserController#getUserInfo(String)
2026-01-25 23:41:38.670 [http-nio-8080-exec-5] DEBUG o.s.o.j.s.OpenEntityManagerInViewInterceptor - Opening JPA EntityManager in OpenEntityManagerInViewInterceptor
2026-01-25 23:41:38.671 [http-nio-8080-exec-5] DEBUG o.s.orm.jpa.JpaTransactionManager - Found thread-bound EntityManager [SessionImpl(2007112499<open>)] for JPA transaction
2026-01-25 23:41:38.671 [http-nio-8080-exec-5] DEBUG o.s.orm.jpa.JpaTransactionManager - Creating new transaction with name [org.springframework.data.jpa.repository.support.SimpleJpaRepository.findById]: PROPAGATION_REQUIRED,ISOLATION_DEFAULT,readOnly
2026-01-25 23:41:38.671 [http-nio-8080-exec-5] DEBUG o.s.orm.jpa.JpaTransactionManager - Exposing JPA transaction as JDBC [org.springframework.orm.jpa.vendor.HibernateJpaDialect$HibernateConnectionHandle@2348c695]
2026-01-25 23:41:38.672 [http-nio-8080-exec-5] DEBUG o.s.orm.jpa.JpaTransactionManager - Initiating transaction commit
2026-01-25 23:41:38.672 [http-nio-8080-exec-5] DEBUG o.s.orm.jpa.JpaTransactionManager - Committing JPA transaction on EntityManager [SessionImpl(2007112499<open>)]
2026-01-25 23:41:38.672 [http-nio-8080-exec-5] DEBUG o.s.orm.jpa.JpaTransactionManager - Not closing pre-bound JPA EntityManager after transaction
2026-01-25 23:41:38.674 [http-nio-8080-exec-5] DEBUG o.s.w.s.m.m.a.RequestResponseBodyMethodProcessor - Using 'application/json', given [*/*] and supported [application/json, application/*+json]
2026-01-25 23:41:38.674 [http-nio-8080-exec-5] DEBUG o.s.w.s.m.m.a.RequestResponseBodyMethodProcessor - Writing [Result(code=200, message=success, data={totalVisits=0, remainingVisits=203, memberExpireTime=2041-03 (truncated)...]
2026-01-25 23:41:38.674 [http-nio-8080-exec-5] DEBUG o.s.o.j.s.OpenEntityManagerInViewInterceptor - Closing JPA EntityManager in OpenEntityManagerInViewInterceptor
2026-01-25 23:41:38.674 [http-nio-8080-exec-5] DEBUG o.s.web.servlet.DispatcherServlet - Completed 200 OK
2026-01-25 23:42:11.623 [http-nio-8080-exec-6] DEBUG o.s.web.servlet.DispatcherServlet - GET "/api/packages/all", parameters={}
2026-01-25 23:42:11.625 [http-nio-8080-exec-6] DEBUG o.s.w.s.m.m.a.RequestMappingHandlerMapping - Mapped to com.oxygen.capsule.controller.MemberPackageController#getAllPackages()
2026-01-25 23:42:11.625 [http-nio-8080-exec-6] DEBUG o.s.o.j.s.OpenEntityManagerInViewInterceptor - Opening JPA EntityManager in OpenEntityManagerInViewInterceptor
2026-01-25 23:42:11.636 [http-nio-8080-exec-6] DEBUG o.s.w.s.m.m.a.RequestResponseBodyMethodProcessor - Using 'application/json', given [*/*] and supported [application/json, application/*+json]
2026-01-25 23:42:11.637 [http-nio-8080-exec-6] DEBUG o.s.w.s.m.m.a.RequestResponseBodyMethodProcessor - Writing [Result(code=200, message=success, data=[MemberPackage(id=1, code=MONTHLY, name=月卡, price=3980.0, peo (truncated)...]
2026-01-25 23:42:11.639 [http-nio-8080-exec-6] DEBUG o.s.o.j.s.OpenEntityManagerInViewInterceptor - Closing JPA EntityManager in OpenEntityManagerInViewInterceptor
2026-01-25 23:42:11.640 [http-nio-8080-exec-6] DEBUG o.s.web.servlet.DispatcherServlet - Completed 200 OK
2026-01-25 23:42:13.012 [http-nio-8080-exec-7] DEBUG o.s.web.servlet.DispatcherServlet - GET "/api/user/info", parameters={}
2026-01-25 23:42:13.013 [http-nio-8080-exec-7] DEBUG o.s.w.s.m.m.a.RequestMappingHandlerMapping - Mapped to com.oxygen.capsule.controller.UserController#getUserInfo(String)
2026-01-25 23:42:13.013 [http-nio-8080-exec-7] DEBUG o.s.o.j.s.OpenEntityManagerInViewInterceptor - Opening JPA EntityManager in OpenEntityManagerInViewInterceptor
2026-01-25 23:42:13.020 [http-nio-8080-exec-7] DEBUG o.s.orm.jpa.JpaTransactionManager - Found thread-bound EntityManager [SessionImpl(1460147821<open>)] for JPA transaction
2026-01-25 23:42:13.020 [http-nio-8080-exec-7] DEBUG o.s.orm.jpa.JpaTransactionManager - Creating new transaction with name [org.springframework.data.jpa.repository.support.SimpleJpaRepository.findById]: PROPAGATION_REQUIRED,ISOLATION_DEFAULT,readOnly
2026-01-25 23:42:13.021 [http-nio-8080-exec-7] DEBUG o.s.orm.jpa.JpaTransactionManager - Exposing JPA transaction as JDBC [org.springframework.orm.jpa.vendor.HibernateJpaDialect$HibernateConnectionHandle@4d0463c0]
2026-01-25 23:42:13.029 [http-nio-8080-exec-7] DEBUG o.s.orm.jpa.JpaTransactionManager - Initiating transaction commit
2026-01-25 23:42:13.029 [http-nio-8080-exec-7] DEBUG o.s.orm.jpa.JpaTransactionManager - Committing JPA transaction on EntityManager [SessionImpl(1460147821<open>)]
2026-01-25 23:42:13.030 [http-nio-8080-exec-7] DEBUG o.s.orm.jpa.JpaTransactionManager - Not closing pre-bound JPA EntityManager after transaction
2026-01-25 23:42:13.034 [http-nio-8080-exec-7] DEBUG o.s.w.s.m.m.a.RequestResponseBodyMethodProcessor - Using 'application/json', given [*/*] and supported [application/json, application/*+json]
2026-01-25 23:42:13.034 [http-nio-8080-exec-7] DEBUG o.s.w.s.m.m.a.RequestResponseBodyMethodProcessor - Writing [Result(code=200, message=success, data={totalVisits=0, remainingVisits=203, memberExpireTime=2041-03 (truncated)...]
2026-01-25 23:42:13.034 [http-nio-8080-exec-8] DEBUG o.s.web.servlet.DispatcherServlet - GET "/api/payment/orders", parameters={}
2026-01-25 23:42:13.034 [http-nio-8080-exec-8] DEBUG o.s.w.s.m.m.a.RequestMappingHandlerMapping - Mapped to com.oxygen.capsule.controller.PaymentController#getUserPaymentOrders(String)
2026-01-25 23:42:13.034 [http-nio-8080-exec-8] DEBUG o.s.o.j.s.OpenEntityManagerInViewInterceptor - Opening JPA EntityManager in OpenEntityManagerInViewInterceptor
2026-01-25 23:42:13.034 [http-nio-8080-exec-7] DEBUG o.s.o.j.s.OpenEntityManagerInViewInterceptor - Closing JPA EntityManager in OpenEntityManagerInViewInterceptor
2026-01-25 23:42:13.034 [http-nio-8080-exec-7] DEBUG o.s.web.servlet.DispatcherServlet - Completed 200 OK
2026-01-25 23:42:13.037 [http-nio-8080-exec-8] DEBUG o.s.orm.jpa.JpaTransactionManager - Found thread-bound EntityManager [SessionImpl(2048907029<open>)] for JPA transaction
2026-01-25 23:42:13.037 [http-nio-8080-exec-8] DEBUG o.s.orm.jpa.JpaTransactionManager - Creating new transaction with name [org.springframework.data.jpa.repository.support.SimpleJpaRepository.findById]: PROPAGATION_REQUIRED,ISOLATION_DEFAULT,readOnly
2026-01-25 23:42:13.038 [http-nio-8080-exec-8] DEBUG o.s.orm.jpa.JpaTransactionManager - Exposing JPA transaction as JDBC [org.springframework.orm.jpa.vendor.HibernateJpaDialect$HibernateConnectionHandle@7db5a580]
2026-01-25 23:42:13.039 [http-nio-8080-exec-8] DEBUG o.s.orm.jpa.JpaTransactionManager - Initiating transaction commit
2026-01-25 23:42:13.039 [http-nio-8080-exec-8] DEBUG o.s.orm.jpa.JpaTransactionManager - Committing JPA transaction on EntityManager [SessionImpl(2048907029<open>)]
2026-01-25 23:42:13.039 [http-nio-8080-exec-8] DEBUG o.s.orm.jpa.JpaTransactionManager - Not closing pre-bound JPA EntityManager after transaction
2026-01-25 23:42:13.040 [http-nio-8080-exec-8] DEBUG o.s.orm.jpa.JpaTransactionManager - Found thread-bound EntityManager [SessionImpl(2048907029<open>)] for JPA transaction
2026-01-25 23:42:13.040 [http-nio-8080-exec-8] DEBUG o.s.orm.jpa.JpaTransactionManager - Creating new transaction with name [org.springframework.data.jpa.repository.support.SimpleJpaRepository.findById]: PROPAGATION_REQUIRED,ISOLATION_DEFAULT,readOnly
2026-01-25 23:42:13.040 [http-nio-8080-exec-8] DEBUG o.s.orm.jpa.JpaTransactionManager - Exposing JPA transaction as JDBC [org.springframework.orm.jpa.vendor.HibernateJpaDialect$HibernateConnectionHandle@5e4d7d3e]
2026-01-25 23:42:13.040 [http-nio-8080-exec-8] DEBUG o.s.orm.jpa.JpaTransactionManager - Initiating transaction commit
2026-01-25 23:42:13.040 [http-nio-8080-exec-8] DEBUG o.s.orm.jpa.JpaTransactionManager - Committing JPA transaction on EntityManager [SessionImpl(2048907029<open>)]
2026-01-25 23:42:13.040 [http-nio-8080-exec-8] DEBUG o.s.orm.jpa.JpaTransactionManager - Not closing pre-bound JPA EntityManager after transaction
2026-01-25 23:42:13.040 [http-nio-8080-exec-8] DEBUG o.s.orm.jpa.JpaTransactionManager - Found thread-bound EntityManager [SessionImpl(2048907029<open>)] for JPA transaction
2026-01-25 23:42:13.040 [http-nio-8080-exec-8] DEBUG o.s.orm.jpa.JpaTransactionManager - Creating new transaction with name [org.springframework.data.jpa.repository.support.SimpleJpaRepository.findById]: PROPAGATION_REQUIRED,ISOLATION_DEFAULT,readOnly
2026-01-25 23:42:13.041 [http-nio-8080-exec-8] DEBUG o.s.orm.jpa.JpaTransactionManager - Exposing JPA transaction as JDBC [org.springframework.orm.jpa.vendor.HibernateJpaDialect$HibernateConnectionHandle@721525a1]
2026-01-25 23:42:13.041 [http-nio-8080-exec-8] DEBUG o.s.orm.jpa.JpaTransactionManager - Initiating transaction commit
2026-01-25 23:42:13.041 [http-nio-8080-exec-8] DEBUG o.s.orm.jpa.JpaTransactionManager - Committing JPA transaction on EntityManager [SessionImpl(2048907029<open>)]
2026-01-25 23:42:13.041 [http-nio-8080-exec-8] DEBUG o.s.orm.jpa.JpaTransactionManager - Not closing pre-bound JPA EntityManager after transaction
2026-01-25 23:42:13.041 [http-nio-8080-exec-8] DEBUG o.s.w.s.m.m.a.RequestResponseBodyMethodProcessor - Using 'application/json', given [*/*] and supported [application/json, application/*+json]
2026-01-25 23:42:13.041 [http-nio-8080-exec-8] DEBUG o.s.w.s.m.m.a.RequestResponseBodyMethodProcessor - Writing [Result(code=200, message=success, data=[{packageCategory=家庭/次卡, cardEndDate=2027-01-25T00:00, orderN (truncated)...]
2026-01-25 23:42:13.042 [http-nio-8080-exec-8] DEBUG o.s.o.j.s.OpenEntityManagerInViewInterceptor - Closing JPA EntityManager in OpenEntityManagerInViewInterceptor
2026-01-25 23:42:13.042 [http-nio-8080-exec-8] DEBUG o.s.web.servlet.DispatcherServlet - Completed 200 OK
2026-01-25 23:42:13.042 [http-nio-8080-exec-9] DEBUG o.s.web.servlet.DispatcherServlet - GET "/api/booking/orders", parameters={}
2026-01-25 23:42:13.042 [http-nio-8080-exec-9] DEBUG o.s.w.s.m.m.a.RequestMappingHandlerMapping - Mapped to com.oxygen.capsule.controller.BookingController#getUserOrders(String)
2026-01-25 23:42:13.042 [http-nio-8080-exec-9] DEBUG o.s.o.j.s.OpenEntityManagerInViewInterceptor - Opening JPA EntityManager in OpenEntityManagerInViewInterceptor
2026-01-25 23:42:13.042 [http-nio-8080-exec-9] DEBUG o.s.orm.jpa.JpaTransactionManager - Found thread-bound EntityManager [SessionImpl(633190352<open>)] for JPA transaction
2026-01-25 23:42:13.042 [http-nio-8080-exec-9] DEBUG o.s.orm.jpa.JpaTransactionManager - Creating new transaction with name [org.springframework.data.jpa.repository.support.SimpleJpaRepository.findById]: PROPAGATION_REQUIRED,ISOLATION_DEFAULT,readOnly
2026-01-25 23:42:13.043 [http-nio-8080-exec-9] DEBUG o.s.orm.jpa.JpaTransactionManager - Exposing JPA transaction as JDBC [org.springframework.orm.jpa.vendor.HibernateJpaDialect$HibernateConnectionHandle@33576151]
2026-01-25 23:42:13.044 [http-nio-8080-exec-9] DEBUG o.s.orm.jpa.JpaTransactionManager - Initiating transaction commit
2026-01-25 23:42:13.044 [http-nio-8080-exec-9] DEBUG o.s.orm.jpa.JpaTransactionManager - Committing JPA transaction on EntityManager [SessionImpl(633190352<open>)]
2026-01-25 23:42:13.044 [http-nio-8080-exec-9] DEBUG o.s.orm.jpa.JpaTransactionManager - Not closing pre-bound JPA EntityManager after transaction
2026-01-25 23:42:13.047 [http-nio-8080-exec-9] DEBUG o.s.w.s.m.m.a.RequestResponseBodyMethodProcessor - Using 'application/json', given [*/*] and supported [application/json, application/*+json]
2026-01-25 23:42:13.047 [http-nio-8080-exec-9] DEBUG o.s.w.s.m.m.a.RequestResponseBodyMethodProcessor - Writing [Result(code=200, message=success, data=[BookingOrder(id=8, orderNo=BK17693556968312217, userId=1, pa (truncated)...]
2026-01-25 23:42:13.048 [http-nio-8080-exec-9] DEBUG o.s.o.j.s.OpenEntityManagerInViewInterceptor - Closing JPA EntityManager in OpenEntityManagerInViewInterceptor
2026-01-25 23:42:13.048 [http-nio-8080-exec-9] DEBUG o.s.web.servlet.DispatcherServlet - Completed 200 OK
2026-01-25 23:42:13.051 [http-nio-8080-exec-10] DEBUG o.s.web.servlet.DispatcherServlet - GET "/api/user/info", parameters={}
2026-01-25 23:42:13.051 [http-nio-8080-exec-10] DEBUG o.s.w.s.m.m.a.RequestMappingHandlerMapping - Mapped to com.oxygen.capsule.controller.UserController#getUserInfo(String)
2026-01-25 23:42:13.051 [http-nio-8080-exec-10] DEBUG o.s.o.j.s.OpenEntityManagerInViewInterceptor - Opening JPA EntityManager in OpenEntityManagerInViewInterceptor
2026-01-25 23:42:13.051 [http-nio-8080-exec-2] DEBUG o.s.web.servlet.DispatcherServlet - GET "/api/payment/orders", parameters={}
2026-01-25 23:42:13.052 [http-nio-8080-exec-2] DEBUG o.s.w.s.m.m.a.RequestMappingHandlerMapping - Mapped to com.oxygen.capsule.controller.PaymentController#getUserPaymentOrders(String)
2026-01-25 23:42:13.052 [http-nio-8080-exec-2] DEBUG o.s.o.j.s.OpenEntityManagerInViewInterceptor - Opening JPA EntityManager in OpenEntityManagerInViewInterceptor
2026-01-25 23:42:13.052 [http-nio-8080-exec-10] DEBUG o.s.orm.jpa.JpaTransactionManager - Found thread-bound EntityManager [SessionImpl(436090237<open>)] for JPA transaction
2026-01-25 23:42:13.052 [http-nio-8080-exec-10] DEBUG o.s.orm.jpa.JpaTransactionManager - Creating new transaction with name [org.springframework.data.jpa.repository.support.SimpleJpaRepository.findById]: PROPAGATION_REQUIRED,ISOLATION_DEFAULT,readOnly
2026-01-25 23:42:13.052 [http-nio-8080-exec-10] DEBUG o.s.orm.jpa.JpaTransactionManager - Exposing JPA transaction as JDBC [org.springframework.orm.jpa.vendor.HibernateJpaDialect$HibernateConnectionHandle@16847e37]
2026-01-25 23:42:13.053 [http-nio-8080-exec-10] DEBUG o.s.orm.jpa.JpaTransactionManager - Initiating transaction commit
2026-01-25 23:42:13.053 [http-nio-8080-exec-10] DEBUG o.s.orm.jpa.JpaTransactionManager - Committing JPA transaction on EntityManager [SessionImpl(436090237<open>)]
2026-01-25 23:42:13.054 [http-nio-8080-exec-10] DEBUG o.s.orm.jpa.JpaTransactionManager - Not closing pre-bound JPA EntityManager after transaction
2026-01-25 23:42:13.054 [http-nio-8080-exec-2] DEBUG o.s.orm.jpa.JpaTransactionManager - Found thread-bound EntityManager [SessionImpl(989345349<open>)] for JPA transaction
2026-01-25 23:42:13.054 [http-nio-8080-exec-2] DEBUG o.s.orm.jpa.JpaTransactionManager - Creating new transaction with name [org.springframework.data.jpa.repository.support.SimpleJpaRepository.findById]: PROPAGATION_REQUIRED,ISOLATION_DEFAULT,readOnly
2026-01-25 23:42:13.054 [http-nio-8080-exec-2] DEBUG o.s.orm.jpa.JpaTransactionManager - Exposing JPA transaction as JDBC [org.springframework.orm.jpa.vendor.HibernateJpaDialect$HibernateConnectionHandle@2c794c3]
2026-01-25 23:42:13.055 [http-nio-8080-exec-2] DEBUG o.s.orm.jpa.JpaTransactionManager - Initiating transaction commit
2026-01-25 23:42:13.055 [http-nio-8080-exec-2] DEBUG o.s.orm.jpa.JpaTransactionManager - Committing JPA transaction on EntityManager [SessionImpl(989345349<open>)]
2026-01-25 23:42:13.055 [http-nio-8080-exec-3] DEBUG o.s.web.servlet.DispatcherServlet - GET "/api/booking/orders", parameters={}
2026-01-25 23:42:13.055 [http-nio-8080-exec-2] DEBUG o.s.orm.jpa.JpaTransactionManager - Not closing pre-bound JPA EntityManager after transaction
2026-01-25 23:42:13.055 [http-nio-8080-exec-2] DEBUG o.s.orm.jpa.JpaTransactionManager - Found thread-bound EntityManager [SessionImpl(989345349<open>)] for JPA transaction
2026-01-25 23:42:13.055 [http-nio-8080-exec-2] DEBUG o.s.orm.jpa.JpaTransactionManager - Creating new transaction with name [org.springframework.data.jpa.repository.support.SimpleJpaRepository.findById]: PROPAGATION_REQUIRED,ISOLATION_DEFAULT,readOnly
2026-01-25 23:42:13.055 [http-nio-8080-exec-3] DEBUG o.s.w.s.m.m.a.RequestMappingHandlerMapping - Mapped to com.oxygen.capsule.controller.BookingController#getUserOrders(String)
2026-01-25 23:42:13.055 [http-nio-8080-exec-3] DEBUG o.s.o.j.s.OpenEntityManagerInViewInterceptor - Opening JPA EntityManager in OpenEntityManagerInViewInterceptor
2026-01-25 23:42:13.055 [http-nio-8080-exec-10] DEBUG o.s.w.s.m.m.a.RequestResponseBodyMethodProcessor - Using 'application/json', given [*/*] and supported [application/json, application/*+json]
2026-01-25 23:42:13.055 [http-nio-8080-exec-10] DEBUG o.s.w.s.m.m.a.RequestResponseBodyMethodProcessor - Writing [Result(code=200, message=success, data={totalVisits=0, remainingVisits=203, memberExpireTime=2041-03 (truncated)...]
2026-01-25 23:42:13.055 [http-nio-8080-exec-2] DEBUG o.s.orm.jpa.JpaTransactionManager - Exposing JPA transaction as JDBC [org.springframework.orm.jpa.vendor.HibernateJpaDialect$HibernateConnectionHandle@9857b70]
2026-01-25 23:42:13.055 [http-nio-8080-exec-2] DEBUG o.s.orm.jpa.JpaTransactionManager - Initiating transaction commit
2026-01-25 23:42:13.055 [http-nio-8080-exec-2] DEBUG o.s.orm.jpa.JpaTransactionManager - Committing JPA transaction on EntityManager [SessionImpl(989345349<open>)]
2026-01-25 23:42:13.055 [http-nio-8080-exec-2] DEBUG o.s.orm.jpa.JpaTransactionManager - Not closing pre-bound JPA EntityManager after transaction
2026-01-25 23:42:13.055 [http-nio-8080-exec-2] DEBUG o.s.orm.jpa.JpaTransactionManager - Found thread-bound EntityManager [SessionImpl(989345349<open>)] for JPA transaction
2026-01-25 23:42:13.055 [http-nio-8080-exec-2] DEBUG o.s.orm.jpa.JpaTransactionManager - Creating new transaction with name [org.springframework.data.jpa.repository.support.SimpleJpaRepository.findById]: PROPAGATION_REQUIRED,ISOLATION_DEFAULT,readOnly
2026-01-25 23:42:13.056 [http-nio-8080-exec-10] DEBUG o.s.o.j.s.OpenEntityManagerInViewInterceptor - Closing JPA EntityManager in OpenEntityManagerInViewInterceptor
2026-01-25 23:42:13.056 [http-nio-8080-exec-10] DEBUG o.s.web.servlet.DispatcherServlet - Completed 200 OK
2026-01-25 23:42:13.056 [http-nio-8080-exec-2] DEBUG o.s.orm.jpa.JpaTransactionManager - Exposing JPA transaction as JDBC [org.springframework.orm.jpa.vendor.HibernateJpaDialect$HibernateConnectionHandle@8d34c9a]
2026-01-25 23:42:13.056 [http-nio-8080-exec-2] DEBUG o.s.orm.jpa.JpaTransactionManager - Initiating transaction commit
2026-01-25 23:42:13.056 [http-nio-8080-exec-2] DEBUG o.s.orm.jpa.JpaTransactionManager - Committing JPA transaction on EntityManager [SessionImpl(989345349<open>)]
2026-01-25 23:42:13.056 [http-nio-8080-exec-2] DEBUG o.s.orm.jpa.JpaTransactionManager - Not closing pre-bound JPA EntityManager after transaction
2026-01-25 23:42:13.056 [http-nio-8080-exec-2] DEBUG o.s.w.s.m.m.a.RequestResponseBodyMethodProcessor - Using 'application/json', given [*/*] and supported [application/json, application/*+json]
2026-01-25 23:42:13.056 [http-nio-8080-exec-2] DEBUG o.s.w.s.m.m.a.RequestResponseBodyMethodProcessor - Writing [Result(code=200, message=success, data=[{packageCategory=家庭/次卡, cardEndDate=2027-01-25T00:00, orderN (truncated)...]
2026-01-25 23:42:13.056 [http-nio-8080-exec-3] DEBUG o.s.orm.jpa.JpaTransactionManager - Found thread-bound EntityManager [SessionImpl(805421315<open>)] for JPA transaction
2026-01-25 23:42:13.057 [http-nio-8080-exec-3] DEBUG o.s.orm.jpa.JpaTransactionManager - Creating new transaction with name [org.springframework.data.jpa.repository.support.SimpleJpaRepository.findById]: PROPAGATION_REQUIRED,ISOLATION_DEFAULT,readOnly
2026-01-25 23:42:13.057 [http-nio-8080-exec-2] DEBUG o.s.o.j.s.OpenEntityManagerInViewInterceptor - Closing JPA EntityManager in OpenEntityManagerInViewInterceptor
2026-01-25 23:42:13.057 [http-nio-8080-exec-2] DEBUG o.s.web.servlet.DispatcherServlet - Completed 200 OK
2026-01-25 23:42:13.057 [http-nio-8080-exec-3] DEBUG o.s.orm.jpa.JpaTransactionManager - Exposing JPA transaction as JDBC [org.springframework.orm.jpa.vendor.HibernateJpaDialect$HibernateConnectionHandle@601f6c00]
2026-01-25 23:42:13.057 [http-nio-8080-exec-3] DEBUG o.s.orm.jpa.JpaTransactionManager - Initiating transaction commit
2026-01-25 23:42:13.057 [http-nio-8080-exec-3] DEBUG o.s.orm.jpa.JpaTransactionManager - Committing JPA transaction on EntityManager [SessionImpl(805421315<open>)]
2026-01-25 23:42:13.058 [http-nio-8080-exec-3] DEBUG o.s.orm.jpa.JpaTransactionManager - Not closing pre-bound JPA EntityManager after transaction
2026-01-25 23:42:13.059 [http-nio-8080-exec-3] DEBUG o.s.w.s.m.m.a.RequestResponseBodyMethodProcessor - Using 'application/json', given [*/*] and supported [application/json, application/*+json]
2026-01-25 23:42:13.059 [http-nio-8080-exec-3] DEBUG o.s.w.s.m.m.a.RequestResponseBodyMethodProcessor - Writing [Result(code=200, message=success, data=[BookingOrder(id=8, orderNo=BK17693556968312217, userId=1, pa (truncated)...]
2026-01-25 23:42:13.060 [http-nio-8080-exec-3] DEBUG o.s.o.j.s.OpenEntityManagerInViewInterceptor - Closing JPA EntityManager in OpenEntityManagerInViewInterceptor
2026-01-25 23:42:13.060 [http-nio-8080-exec-3] DEBUG o.s.web.servlet.DispatcherServlet - Completed 200 OK
2026-01-25 23:42:13.099 [http-nio-8080-exec-1] DEBUG o.s.web.servlet.DispatcherServlet - GET "/api/user/info", parameters={}
2026-01-25 23:42:13.099 [http-nio-8080-exec-1] DEBUG o.s.w.s.m.m.a.RequestMappingHandlerMapping - Mapped to com.oxygen.capsule.controller.UserController#getUserInfo(String)
2026-01-25 23:42:13.099 [http-nio-8080-exec-1] DEBUG o.s.o.j.s.OpenEntityManagerInViewInterceptor - Opening JPA EntityManager in OpenEntityManagerInViewInterceptor
2026-01-25 23:42:13.100 [http-nio-8080-exec-1] DEBUG o.s.orm.jpa.JpaTransactionManager - Found thread-bound EntityManager [SessionImpl(1886654071<open>)] for JPA transaction
2026-01-25 23:42:13.100 [http-nio-8080-exec-1] DEBUG o.s.orm.jpa.JpaTransactionManager - Creating new transaction with name [org.springframework.data.jpa.repository.support.SimpleJpaRepository.findById]: PROPAGATION_REQUIRED,ISOLATION_DEFAULT,readOnly
2026-01-25 23:42:13.100 [http-nio-8080-exec-1] DEBUG o.s.orm.jpa.JpaTransactionManager - Exposing JPA transaction as JDBC [org.springframework.orm.jpa.vendor.HibernateJpaDialect$HibernateConnectionHandle@67aeaadd]
2026-01-25 23:42:13.101 [http-nio-8080-exec-1] DEBUG o.s.orm.jpa.JpaTransactionManager - Initiating transaction commit
2026-01-25 23:42:13.101 [http-nio-8080-exec-1] DEBUG o.s.orm.jpa.JpaTransactionManager - Committing JPA transaction on EntityManager [SessionImpl(1886654071<open>)]
2026-01-25 23:42:13.101 [http-nio-8080-exec-1] DEBUG o.s.orm.jpa.JpaTransactionManager - Not closing pre-bound JPA EntityManager after transaction
2026-01-25 23:42:13.103 [http-nio-8080-exec-1] DEBUG o.s.w.s.m.m.a.RequestResponseBodyMethodProcessor - Using 'application/json', given [*/*] and supported [application/json, application/*+json]
2026-01-25 23:42:13.103 [http-nio-8080-exec-1] DEBUG o.s.w.s.m.m.a.RequestResponseBodyMethodProcessor - Writing [Result(code=200, message=success, data={totalVisits=0, remainingVisits=203, memberExpireTime=2041-03 (truncated)...]
2026-01-25 23:42:13.104 [http-nio-8080-exec-1] DEBUG o.s.o.j.s.OpenEntityManagerInViewInterceptor - Closing JPA EntityManager in OpenEntityManagerInViewInterceptor
2026-01-25 23:42:13.104 [http-nio-8080-exec-1] DEBUG o.s.web.servlet.DispatcherServlet - Completed 200 OK
2026-01-25 23:42:13.138 [http-nio-8080-exec-4] DEBUG o.s.web.servlet.DispatcherServlet - GET "/api/user/info", parameters={}
2026-01-25 23:42:13.138 [http-nio-8080-exec-4] DEBUG o.s.w.s.m.m.a.RequestMappingHandlerMapping - Mapped to com.oxygen.capsule.controller.UserController#getUserInfo(String)
2026-01-25 23:42:13.138 [http-nio-8080-exec-4] DEBUG o.s.o.j.s.OpenEntityManagerInViewInterceptor - Opening JPA EntityManager in OpenEntityManagerInViewInterceptor
2026-01-25 23:42:13.140 [http-nio-8080-exec-4] DEBUG o.s.orm.jpa.JpaTransactionManager - Found thread-bound EntityManager [SessionImpl(1835535097<open>)] for JPA transaction
2026-01-25 23:42:13.140 [http-nio-8080-exec-4] DEBUG o.s.orm.jpa.JpaTransactionManager - Creating new transaction with name [org.springframework.data.jpa.repository.support.SimpleJpaRepository.findById]: PROPAGATION_REQUIRED,ISOLATION_DEFAULT,readOnly
2026-01-25 23:42:13.141 [http-nio-8080-exec-4] DEBUG o.s.orm.jpa.JpaTransactionManager - Exposing JPA transaction as JDBC [org.springframework.orm.jpa.vendor.HibernateJpaDialect$HibernateConnectionHandle@77b89280]
2026-01-25 23:42:13.142 [http-nio-8080-exec-4] DEBUG o.s.orm.jpa.JpaTransactionManager - Initiating transaction commit
2026-01-25 23:42:13.142 [http-nio-8080-exec-4] DEBUG o.s.orm.jpa.JpaTransactionManager - Committing JPA transaction on EntityManager [SessionImpl(1835535097<open>)]
2026-01-25 23:42:13.142 [http-nio-8080-exec-4] DEBUG o.s.orm.jpa.JpaTransactionManager - Not closing pre-bound JPA EntityManager after transaction
2026-01-25 23:42:13.144 [http-nio-8080-exec-4] DEBUG o.s.w.s.m.m.a.RequestResponseBodyMethodProcessor - Using 'application/json', given [*/*] and supported [application/json, application/*+json]
2026-01-25 23:42:13.144 [http-nio-8080-exec-4] DEBUG o.s.w.s.m.m.a.RequestResponseBodyMethodProcessor - Writing [Result(code=200, message=success, data={totalVisits=0, remainingVisits=203, memberExpireTime=2041-03 (truncated)...]
2026-01-25 23:42:13.144 [http-nio-8080-exec-4] DEBUG o.s.o.j.s.OpenEntityManagerInViewInterceptor - Closing JPA EntityManager in OpenEntityManagerInViewInterceptor
2026-01-25 23:42:13.144 [http-nio-8080-exec-4] DEBUG o.s.web.servlet.DispatcherServlet - Completed 200 OK
2026-01-25 23:42:37.769 [http-nio-8080-exec-5] DEBUG o.s.web.servlet.DispatcherServlet - POST "/api/staff/login", parameters={}
2026-01-25 23:42:37.769 [http-nio-8080-exec-5] DEBUG o.s.w.s.m.m.a.RequestMappingHandlerMapping - Mapped to com.oxygen.capsule.controller.StaffController#login(Map)
2026-01-25 23:42:37.770 [http-nio-8080-exec-5] DEBUG o.s.o.j.s.OpenEntityManagerInViewInterceptor - Opening JPA EntityManager in OpenEntityManagerInViewInterceptor
2026-01-25 23:42:37.772 [http-nio-8080-exec-5] DEBUG o.s.w.s.m.m.a.RequestResponseBodyMethodProcessor - Read "application/json;charset=UTF-8" to [{username=admin, password=admin}]
2026-01-25 23:42:37.779 [http-nio-8080-exec-5] DEBUG o.s.orm.jpa.JpaTransactionManager - Found thread-bound EntityManager [SessionImpl(1222534241<open>)] for JPA transaction
2026-01-25 23:42:37.779 [http-nio-8080-exec-5] DEBUG o.s.orm.jpa.JpaTransactionManager - Creating new transaction with name [org.springframework.data.jpa.repository.support.SimpleJpaRepository.save]: PROPAGATION_REQUIRED,ISOLATION_DEFAULT
2026-01-25 23:42:37.780 [http-nio-8080-exec-5] DEBUG o.s.orm.jpa.JpaTransactionManager - Exposing JPA transaction as JDBC [org.springframework.orm.jpa.vendor.HibernateJpaDialect$HibernateConnectionHandle@60691764]
2026-01-25 23:42:37.785 [http-nio-8080-exec-5] DEBUG o.s.orm.jpa.JpaTransactionManager - Initiating transaction commit
2026-01-25 23:42:37.785 [http-nio-8080-exec-5] DEBUG o.s.orm.jpa.JpaTransactionManager - Committing JPA transaction on EntityManager [SessionImpl(1222534241<open>)]
2026-01-25 23:42:37.805 [http-nio-8080-exec-5] DEBUG o.s.orm.jpa.JpaTransactionManager - Not closing pre-bound JPA EntityManager after transaction
2026-01-25 23:42:37.816 [http-nio-8080-exec-5] DEBUG o.s.w.s.m.m.a.RequestResponseBodyMethodProcessor - Using 'application/json', given [*/*] and supported [application/json, application/*+json]
2026-01-25 23:42:37.817 [http-nio-8080-exec-5] DEBUG o.s.w.s.m.m.a.RequestResponseBodyMethodProcessor - Writing [Result(code=200, message=登录成功, data={userInfo={role=staff, phone=13800138000, name=管理员, id=1, userna (truncated)...]
2026-01-25 23:42:37.817 [http-nio-8080-exec-5] DEBUG o.s.o.j.s.OpenEntityManagerInViewInterceptor - Closing JPA EntityManager in OpenEntityManagerInViewInterceptor
2026-01-25 23:42:37.817 [http-nio-8080-exec-5] DEBUG o.s.web.servlet.DispatcherServlet - Completed 200 OK
2026-01-25 23:42:42.226 [http-nio-8080-exec-6] DEBUG o.s.web.servlet.DispatcherServlet - POST "/api/booking/verify/BK17693556968312217", parameters={}
2026-01-25 23:42:42.228 [http-nio-8080-exec-6] DEBUG o.s.w.s.m.m.a.RequestMappingHandlerMapping - Mapped to com.oxygen.capsule.controller.BookingController#verifyOrderByOrderNo(String, String)
2026-01-25 23:42:42.228 [http-nio-8080-exec-6] DEBUG o.s.o.j.s.OpenEntityManagerInViewInterceptor - Opening JPA EntityManager in OpenEntityManagerInViewInterceptor
2026-01-25 23:42:42.238 [http-nio-8080-exec-6] DEBUG o.s.w.s.m.m.a.RequestResponseBodyMethodProcessor - Using 'application/json', given [*/*] and supported [application/json, application/*+json]
2026-01-25 23:42:42.238 [http-nio-8080-exec-6] DEBUG o.s.w.s.m.m.a.RequestResponseBodyMethodProcessor - Writing [Result(code=500, message=预约日期未到，无法核销, data=null)]
2026-01-25 23:42:42.239 [http-nio-8080-exec-6] DEBUG o.s.o.j.s.OpenEntityManagerInViewInterceptor - Closing JPA EntityManager in OpenEntityManagerInViewInterceptor
2026-01-25 23:42:42.239 [http-nio-8080-exec-6] DEBUG o.s.web.servlet.DispatcherServlet - Completed 200 OK
2026-01-25 23:45:00.030 [scheduling-1] DEBUG o.s.o.j.SharedEntityManagerCreator$SharedEntityManagerInvocationHandler - Creating new EntityManager for shared EntityManager invocation
2026-01-25 23:50:00.011 [scheduling-1] DEBUG o.s.o.j.SharedEntityManagerCreator$SharedEntityManagerInvocationHandler - Creating new EntityManager for shared EntityManager invocation
2026-01-25 23:54:59.990 [scheduling-1] DEBUG o.s.o.j.SharedEntityManagerCreator$SharedEntityManagerInvocationHandler - Creating new EntityManager for shared EntityManager invocation
