2026-01-26 00:00:00.007 [scheduling-1] INFO  - ========== 开始执行定时任务：检查未到店订单 ==========
2026-01-26 00:00:00.159 [scheduling-1] INFO  - 找到 1 条待核销的订单
2026-01-26 00:00:00.159 [scheduling-1] INFO  - ========== 定时任务完成 ==========
2026-01-26 00:00:00.159 [scheduling-1] INFO  - 总订单数: 1
2026-01-26 00:00:00.159 [scheduling-1] INFO  - 更新数量: 0
2026-01-26 00:00:00.159 [scheduling-1] INFO  - 跳过数量: 0
2026-01-26 00:00:00.159 [scheduling-1] INFO  - 错误数量: 0
2026-01-26 00:00:00.159 [scheduling-1] INFO  - 执行耗时: 20 毫秒
2026-01-26 00:00:00.159 [scheduling-1] INFO  - =====================================
2026-01-26 00:05:00.012 [scheduling-1] INFO  - ========== 开始执行定时任务：检查未到店订单 ==========
2026-01-26 00:05:00.098 [scheduling-1] INFO  - 找到 1 条待核销的订单
2026-01-26 00:05:00.098 [scheduling-1] INFO  - ========== 定时任务完成 ==========
2026-01-26 00:05:00.098 [scheduling-1] INFO  - 总订单数: 1
2026-01-26 00:05:00.098 [scheduling-1] INFO  - 更新数量: 0
2026-01-26 00:05:00.098 [scheduling-1] INFO  - 跳过数量: 0
2026-01-26 00:05:00.098 [scheduling-1] INFO  - 错误数量: 0
2026-01-26 00:05:00.098 [scheduling-1] INFO  - 执行耗时: 84 毫秒
2026-01-26 00:05:00.098 [scheduling-1] INFO  - =====================================
2026-01-26 00:10:00.074 [scheduling-1] INFO  - ========== 开始执行定时任务：检查未到店订单 ==========
2026-01-26 00:10:00.103 [scheduling-1] INFO  - 找到 1 条待核销的订单
2026-01-26 00:10:00.104 [scheduling-1] INFO  - ========== 定时任务完成 ==========
2026-01-26 00:10:00.104 [scheduling-1] INFO  - 总订单数: 1
2026-01-26 00:10:00.104 [scheduling-1] INFO  - 更新数量: 0
2026-01-26 00:10:00.104 [scheduling-1] INFO  - 跳过数量: 0
2026-01-26 00:10:00.104 [scheduling-1] INFO  - 错误数量: 0
2026-01-26 00:10:00.104 [scheduling-1] INFO  - 执行耗时: 28 毫秒
2026-01-26 00:10:00.104 [scheduling-1] INFO  - =====================================
2026-01-26 00:15:00.013 [scheduling-1] INFO  - ========== 开始执行定时任务：检查未到店订单 ==========
2026-01-26 00:15:00.064 [scheduling-1] INFO  - 找到 1 条待核销的订单
2026-01-26 00:15:00.065 [scheduling-1] INFO  - ========== 定时任务完成 ==========
2026-01-26 00:15:00.065 [scheduling-1] INFO  - 总订单数: 1
2026-01-26 00:15:00.065 [scheduling-1] INFO  - 更新数量: 0
2026-01-26 00:15:00.065 [scheduling-1] INFO  - 跳过数量: 0
2026-01-26 00:15:00.066 [scheduling-1] INFO  - 错误数量: 0
2026-01-26 00:15:00.066 [scheduling-1] INFO  - 执行耗时: 49 毫秒
2026-01-26 00:15:00.066 [scheduling-1] INFO  - =====================================
2026-01-26 00:20:00.013 [scheduling-1] INFO  - ========== 开始执行定时任务：检查未到店订单 ==========
2026-01-26 00:20:00.055 [scheduling-1] INFO  - 找到 1 条待核销的订单
2026-01-26 00:20:00.055 [scheduling-1] INFO  - ========== 定时任务完成 ==========
2026-01-26 00:20:00.055 [scheduling-1] INFO  - 总订单数: 1
2026-01-26 00:20:00.055 [scheduling-1] INFO  - 更新数量: 0
2026-01-26 00:20:00.055 [scheduling-1] INFO  - 跳过数量: 0
2026-01-26 00:20:00.056 [scheduling-1] INFO  - 错误数量: 0
2026-01-26 00:20:00.056 [scheduling-1] INFO  - 执行耗时: 32 毫秒
2026-01-26 00:20:00.056 [scheduling-1] INFO  - =====================================
2026-01-26 00:25:00.009 [scheduling-1] INFO  - ========== 开始执行定时任务：检查未到店订单 ==========
2026-01-26 00:25:00.041 [scheduling-1] INFO  - 找到 1 条待核销的订单
2026-01-26 00:25:00.042 [scheduling-1] INFO  - ========== 定时任务完成 ==========
2026-01-26 00:25:00.042 [scheduling-1] INFO  - 总订单数: 1
2026-01-26 00:25:00.042 [scheduling-1] INFO  - 更新数量: 0
2026-01-26 00:25:00.042 [scheduling-1] INFO  - 跳过数量: 0
2026-01-26 00:25:00.042 [scheduling-1] INFO  - 错误数量: 0
2026-01-26 00:25:00.042 [scheduling-1] INFO  - 执行耗时: 31 毫秒
2026-01-26 00:25:00.042 [scheduling-1] INFO  - =====================================
2026-01-26 00:30:00.012 [scheduling-1] INFO  - ========== 开始执行定时任务：检查未到店订单 ==========
2026-01-26 00:30:00.027 [scheduling-1] INFO  - 找到 1 条待核销的订单
2026-01-26 00:30:00.027 [scheduling-1] INFO  - ========== 定时任务完成 ==========
2026-01-26 00:30:00.027 [scheduling-1] INFO  - 总订单数: 1
2026-01-26 00:30:00.027 [scheduling-1] INFO  - 更新数量: 0
2026-01-26 00:30:00.027 [scheduling-1] INFO  - 跳过数量: 0
2026-01-26 00:30:00.027 [scheduling-1] INFO  - 错误数量: 0
2026-01-26 00:30:00.027 [scheduling-1] INFO  - 执行耗时: 13 毫秒
2026-01-26 00:30:00.027 [scheduling-1] INFO  - =====================================
2026-01-26 00:35:00.009 [scheduling-1] INFO  - ========== 开始执行定时任务：检查未到店订单 ==========
2026-01-26 00:35:00.053 [scheduling-1] INFO  - 找到 1 条待核销的订单
2026-01-26 00:35:00.054 [scheduling-1] INFO  - ========== 定时任务完成 ==========
2026-01-26 00:35:00.054 [scheduling-1] INFO  - 总订单数: 1
2026-01-26 00:35:00.054 [scheduling-1] INFO  - 更新数量: 0
2026-01-26 00:35:00.054 [scheduling-1] INFO  - 跳过数量: 0
2026-01-26 00:35:00.054 [scheduling-1] INFO  - 错误数量: 0
2026-01-26 00:35:00.054 [scheduling-1] INFO  - 执行耗时: 44 毫秒
2026-01-26 00:35:00.054 [scheduling-1] INFO  - =====================================
2026-01-26 00:40:00.011 [scheduling-1] INFO  - ========== 开始执行定时任务：检查未到店订单 ==========
2026-01-26 00:40:00.018 [scheduling-1] INFO  - 找到 2 条待核销的订单
2026-01-26 00:40:00.019 [scheduling-1] INFO  - ========== 定时任务完成 ==========
2026-01-26 00:40:00.019 [scheduling-1] INFO  - 总订单数: 2
2026-01-26 00:40:00.019 [scheduling-1] INFO  - 更新数量: 0
2026-01-26 00:40:00.019 [scheduling-1] INFO  - 跳过数量: 0
2026-01-26 00:40:00.019 [scheduling-1] INFO  - 错误数量: 0
2026-01-26 00:40:00.019 [scheduling-1] INFO  - 执行耗时: 7 毫秒
2026-01-26 00:40:00.019 [scheduling-1] INFO  - =====================================
2026-01-26 00:45:00.027 [scheduling-1] INFO  - ========== 开始执行定时任务：检查未到店订单 ==========
2026-01-26 00:45:00.077 [scheduling-1] INFO  - 找到 3 条待核销的订单
2026-01-26 00:45:00.079 [scheduling-1] INFO  - ========== 定时任务完成 ==========
2026-01-26 00:45:00.079 [scheduling-1] INFO  - 总订单数: 3
2026-01-26 00:45:00.079 [scheduling-1] INFO  - 更新数量: 0
2026-01-26 00:45:00.079 [scheduling-1] INFO  - 跳过数量: 0
2026-01-26 00:45:00.079 [scheduling-1] INFO  - 错误数量: 0
2026-01-26 00:45:00.079 [scheduling-1] INFO  - 执行耗时: 48 毫秒
2026-01-26 00:45:00.079 [scheduling-1] INFO  - =====================================
2026-01-26 00:50:00.010 [scheduling-1] INFO  - ========== 开始执行定时任务：检查未到店订单 ==========
2026-01-26 00:50:00.024 [scheduling-1] INFO  - 找到 3 条待核销的订单
2026-01-26 00:50:00.024 [scheduling-1] INFO  - ========== 定时任务完成 ==========
2026-01-26 00:50:00.024 [scheduling-1] INFO  - 总订单数: 3
2026-01-26 00:50:00.025 [scheduling-1] INFO  - 更新数量: 0
2026-01-26 00:50:00.025 [scheduling-1] INFO  - 跳过数量: 0
2026-01-26 00:50:00.025 [scheduling-1] INFO  - 错误数量: 0
2026-01-26 00:50:00.025 [scheduling-1] INFO  - 执行耗时: 13 毫秒
2026-01-26 00:50:00.025 [scheduling-1] INFO  - =====================================
2026-01-26 00:55:00.034 [scheduling-1] INFO  - ========== 开始执行定时任务：检查未到店订单 ==========
2026-01-26 00:55:00.055 [scheduling-1] INFO  - 找到 4 条待核销的订单
2026-01-26 00:55:00.058 [scheduling-1] INFO  - ========== 定时任务完成 ==========
2026-01-26 00:55:00.058 [scheduling-1] INFO  - 总订单数: 4
2026-01-26 00:55:00.058 [scheduling-1] INFO  - 更新数量: 0
2026-01-26 00:55:00.058 [scheduling-1] INFO  - 跳过数量: 0
2026-01-26 00:55:00.058 [scheduling-1] INFO  - 错误数量: 0
2026-01-26 00:55:00.058 [scheduling-1] INFO  - 执行耗时: 22 毫秒
2026-01-26 00:55:00.058 [scheduling-1] INFO  - =====================================
2026-01-26 01:00:00.036 [scheduling-1] INFO  - ========== 开始执行定时任务：检查未到店订单 ==========
2026-01-26 01:00:00.056 [scheduling-1] INFO  - 找到 7 条待核销的订单
2026-01-26 01:00:00.060 [scheduling-1] INFO  - ========== 定时任务完成 ==========
2026-01-26 01:00:00.060 [scheduling-1] INFO  - 总订单数: 7
2026-01-26 01:00:00.060 [scheduling-1] INFO  - 更新数量: 0
2026-01-26 01:00:00.060 [scheduling-1] INFO  - 跳过数量: 0
2026-01-26 01:00:00.060 [scheduling-1] INFO  - 错误数量: 0
2026-01-26 01:00:00.060 [scheduling-1] INFO  - 执行耗时: 22 毫秒
2026-01-26 01:00:00.060 [scheduling-1] INFO  - =====================================
2026-01-26 01:05:00.008 [scheduling-1] INFO  - ========== 开始执行定时任务：检查未到店订单 ==========
2026-01-26 01:05:00.030 [scheduling-1] INFO  - 找到 2 条待核销的订单
2026-01-26 01:05:00.030 [scheduling-1] INFO  - ========== 定时任务完成 ==========
2026-01-26 01:05:00.030 [scheduling-1] INFO  - 总订单数: 2
2026-01-26 01:05:00.030 [scheduling-1] INFO  - 更新数量: 0
2026-01-26 01:05:00.030 [scheduling-1] INFO  - 跳过数量: 0
2026-01-26 01:05:00.030 [scheduling-1] INFO  - 错误数量: 0
2026-01-26 01:05:00.030 [scheduling-1] INFO  - 执行耗时: 21 毫秒
2026-01-26 01:05:00.030 [scheduling-1] INFO  - =====================================
2026-01-26 01:10:00.008 [scheduling-1] INFO  - ========== 开始执行定时任务：检查未到店订单 ==========
2026-01-26 01:10:00.035 [scheduling-1] INFO  - 找到 3 条待核销的订单
2026-01-26 01:10:00.036 [scheduling-1] INFO  - ========== 定时任务完成 ==========
2026-01-26 01:10:00.036 [scheduling-1] INFO  - 总订单数: 3
2026-01-26 01:10:00.036 [scheduling-1] INFO  - 更新数量: 0
2026-01-26 01:10:00.036 [scheduling-1] INFO  - 跳过数量: 0
2026-01-26 01:10:00.036 [scheduling-1] INFO  - 错误数量: 0
2026-01-26 01:10:00.036 [scheduling-1] INFO  - 执行耗时: 26 毫秒
2026-01-26 01:10:00.036 [scheduling-1] INFO  - =====================================
2026-01-26 01:15:00.059 [scheduling-1] INFO  - ========== 开始执行定时任务：检查未到店订单 ==========
2026-01-26 01:15:00.079 [scheduling-1] INFO  - 找到 1 条待核销的订单
2026-01-26 01:15:00.082 [scheduling-1] INFO  - ========== 定时任务完成 ==========
2026-01-26 01:15:00.083 [scheduling-1] INFO  - 总订单数: 1
2026-01-26 01:15:00.083 [scheduling-1] INFO  - 更新数量: 0
2026-01-26 01:15:00.083 [scheduling-1] INFO  - 跳过数量: 0
2026-01-26 01:15:00.083 [scheduling-1] INFO  - 错误数量: 0
2026-01-26 01:15:00.083 [scheduling-1] INFO  - 执行耗时: 22 毫秒
2026-01-26 01:15:00.083 [scheduling-1] INFO  - =====================================
2026-01-26 01:20:00.008 [scheduling-1] INFO  - ========== 开始执行定时任务：检查未到店订单 ==========
2026-01-26 01:20:00.027 [scheduling-1] INFO  - 找到 1 条待核销的订单
2026-01-26 01:20:00.027 [scheduling-1] INFO  - ========== 定时任务完成 ==========
2026-01-26 01:20:00.027 [scheduling-1] INFO  - 总订单数: 1
2026-01-26 01:20:00.028 [scheduling-1] INFO  - 更新数量: 0
2026-01-26 01:20:00.028 [scheduling-1] INFO  - 跳过数量: 0
2026-01-26 01:20:00.028 [scheduling-1] INFO  - 错误数量: 0
2026-01-26 01:20:00.028 [scheduling-1] INFO  - 执行耗时: 18 毫秒
2026-01-26 01:20:00.028 [scheduling-1] INFO  - =====================================
2026-01-26 01:25:00.026 [scheduling-1] INFO  - ========== 开始执行定时任务：检查未到店订单 ==========
2026-01-26 01:25:00.074 [scheduling-1] INFO  - 找到 1 条待核销的订单
2026-01-26 01:25:00.076 [scheduling-1] INFO  - ========== 定时任务完成 ==========
2026-01-26 01:25:00.076 [scheduling-1] INFO  - 总订单数: 1
2026-01-26 01:25:00.076 [scheduling-1] INFO  - 更新数量: 0
2026-01-26 01:25:00.076 [scheduling-1] INFO  - 跳过数量: 0
2026-01-26 01:25:00.076 [scheduling-1] INFO  - 错误数量: 0
2026-01-26 01:25:00.076 [scheduling-1] INFO  - 执行耗时: 48 毫秒
2026-01-26 01:25:00.076 [scheduling-1] INFO  - =====================================
2026-01-26 01:40:00.032 [scheduling-1] INFO  - ========== 开始执行定时任务：检查未到店订单 ==========
2026-01-26 01:40:00.042 [scheduling-1] INFO  - 找到 2 条待核销的订单
2026-01-26 01:40:00.044 [scheduling-1] INFO  - ========== 定时任务完成 ==========
2026-01-26 01:40:00.044 [scheduling-1] INFO  - 总订单数: 2
2026-01-26 01:40:00.044 [scheduling-1] INFO  - 更新数量: 0
2026-01-26 01:40:00.044 [scheduling-1] INFO  - 跳过数量: 0
2026-01-26 01:40:00.044 [scheduling-1] INFO  - 错误数量: 0
2026-01-26 01:40:00.044 [scheduling-1] INFO  - 执行耗时: 11 毫秒
2026-01-26 01:40:00.044 [scheduling-1] INFO  - =====================================
2026-01-26 01:45:00.078 [scheduling-1] INFO  - ========== 开始执行定时任务：检查未到店订单 ==========
2026-01-26 01:45:00.139 [scheduling-1] INFO  - 找到 2 条待核销的订单
2026-01-26 01:45:00.140 [scheduling-1] INFO  - ========== 定时任务完成 ==========
2026-01-26 01:45:00.140 [scheduling-1] INFO  - 总订单数: 2
2026-01-26 01:45:00.141 [scheduling-1] INFO  - 更新数量: 0
2026-01-26 01:45:00.141 [scheduling-1] INFO  - 跳过数量: 0
2026-01-26 01:45:00.141 [scheduling-1] INFO  - 错误数量: 0
2026-01-26 01:45:00.141 [scheduling-1] INFO  - 执行耗时: 58 毫秒
2026-01-26 01:45:00.141 [scheduling-1] INFO  - =====================================
2026-01-26 01:50:00.017 [scheduling-1] INFO  - ========== 开始执行定时任务：检查未到店订单 ==========
2026-01-26 01:50:00.109 [scheduling-1] INFO  - 找到 2 条待核销的订单
2026-01-26 01:50:00.110 [scheduling-1] INFO  - ========== 定时任务完成 ==========
2026-01-26 01:50:00.110 [scheduling-1] INFO  - 总订单数: 2
2026-01-26 01:50:00.110 [scheduling-1] INFO  - 更新数量: 0
2026-01-26 01:50:00.110 [scheduling-1] INFO  - 跳过数量: 0
2026-01-26 01:50:00.110 [scheduling-1] INFO  - 错误数量: 0
2026-01-26 01:50:00.110 [scheduling-1] INFO  - 执行耗时: 90 毫秒
2026-01-26 01:50:00.110 [scheduling-1] INFO  - =====================================
2026-01-26 01:55:00.017 [scheduling-1] INFO  - ========== 开始执行定时任务：检查未到店订单 ==========
2026-01-26 01:55:00.125 [scheduling-1] INFO  - 找到 2 条待核销的订单
2026-01-26 01:55:00.126 [scheduling-1] INFO  - ========== 定时任务完成 ==========
2026-01-26 01:55:00.126 [scheduling-1] INFO  - 总订单数: 2
2026-01-26 01:55:00.126 [scheduling-1] INFO  - 更新数量: 0
2026-01-26 01:55:00.126 [scheduling-1] INFO  - 跳过数量: 0
2026-01-26 01:55:00.126 [scheduling-1] INFO  - 错误数量: 0
2026-01-26 01:55:00.126 [scheduling-1] INFO  - 执行耗时: 104 毫秒
2026-01-26 01:55:00.126 [scheduling-1] INFO  - =====================================
2026-01-26 02:00:00.017 [scheduling-1] INFO  - ========== 开始执行定时任务：检查未到店订单 ==========
2026-01-26 02:00:00.040 [scheduling-1] INFO  - 找到 2 条待核销的订单
2026-01-26 02:00:00.041 [scheduling-1] INFO  - ========== 定时任务完成 ==========
2026-01-26 02:00:00.041 [scheduling-1] INFO  - 总订单数: 2
2026-01-26 02:00:00.041 [scheduling-1] INFO  - 更新数量: 0
2026-01-26 02:00:00.041 [scheduling-1] INFO  - 跳过数量: 0
2026-01-26 02:00:00.041 [scheduling-1] INFO  - 错误数量: 0
2026-01-26 02:00:00.041 [scheduling-1] INFO  - 执行耗时: 23 毫秒
2026-01-26 02:00:00.041 [scheduling-1] INFO  - =====================================
2026-01-26 02:00:00.090 [scheduling-1] INFO  - ========== 开始执行定时任务：更新购卡记录状态 ==========
2026-01-26 02:00:00.108 [scheduling-1] INFO  - 找到 3 条已支付的订单
2026-01-26 02:00:00.134 [scheduling-1] INFO  - ========== 定时任务完成 ==========
2026-01-26 02:00:00.134 [scheduling-1] INFO  - 总订单数: 3
2026-01-26 02:00:00.134 [scheduling-1] INFO  - 更新数量: 0
2026-01-26 02:00:00.134 [scheduling-1] INFO  - 跳过数量: 0
2026-01-26 02:00:00.134 [scheduling-1] INFO  - 错误数量: 0
2026-01-26 02:00:00.135 [scheduling-1] INFO  - 执行耗时: 43 毫秒
2026-01-26 02:00:00.135 [scheduling-1] INFO  - =====================================
2026-01-26 02:05:00.022 [scheduling-1] INFO  - ========== 开始执行定时任务：检查未到店订单 ==========
2026-01-26 02:05:00.064 [scheduling-1] INFO  - 找到 2 条待核销的订单
2026-01-26 02:05:00.066 [scheduling-1] INFO  - ========== 定时任务完成 ==========
2026-01-26 02:05:00.066 [scheduling-1] INFO  - 总订单数: 2
2026-01-26 02:05:00.066 [scheduling-1] INFO  - 更新数量: 0
2026-01-26 02:05:00.066 [scheduling-1] INFO  - 跳过数量: 0
2026-01-26 02:05:00.066 [scheduling-1] INFO  - 错误数量: 0
2026-01-26 02:05:00.066 [scheduling-1] INFO  - 执行耗时: 41 毫秒
2026-01-26 02:05:00.066 [scheduling-1] INFO  - =====================================
2026-01-26 02:10:00.018 [scheduling-1] INFO  - ========== 开始执行定时任务：检查未到店订单 ==========
2026-01-26 02:10:00.052 [scheduling-1] INFO  - 找到 2 条待核销的订单
2026-01-26 02:10:00.052 [scheduling-1] INFO  - ========== 定时任务完成 ==========
2026-01-26 02:10:00.052 [scheduling-1] INFO  - 总订单数: 2
2026-01-26 02:10:00.052 [scheduling-1] INFO  - 更新数量: 0
2026-01-26 02:10:00.052 [scheduling-1] INFO  - 跳过数量: 0
2026-01-26 02:10:00.052 [scheduling-1] INFO  - 错误数量: 0
2026-01-26 02:10:00.053 [scheduling-1] INFO  - 执行耗时: 30 毫秒
2026-01-26 02:10:00.053 [scheduling-1] INFO  - =====================================
2026-01-26 02:15:00.018 [scheduling-1] INFO  - ========== 开始执行定时任务：检查未到店订单 ==========
2026-01-26 02:15:00.045 [scheduling-1] INFO  - 找到 2 条待核销的订单
2026-01-26 02:15:00.045 [scheduling-1] INFO  - ========== 定时任务完成 ==========
2026-01-26 02:15:00.045 [scheduling-1] INFO  - 总订单数: 2
2026-01-26 02:15:00.045 [scheduling-1] INFO  - 更新数量: 0
2026-01-26 02:15:00.045 [scheduling-1] INFO  - 跳过数量: 0
2026-01-26 02:15:00.045 [scheduling-1] INFO  - 错误数量: 0
2026-01-26 02:15:00.045 [scheduling-1] INFO  - 执行耗时: 24 毫秒
2026-01-26 02:15:00.045 [scheduling-1] INFO  - =====================================
2026-01-26 02:19:59.979 [scheduling-1] INFO  - ========== 开始执行定时任务：检查未到店订单 ==========
2026-01-26 02:20:00.002 [scheduling-1] INFO  - 找到 2 条待核销的订单
2026-01-26 02:20:00.003 [scheduling-1] INFO  - ========== 定时任务完成 ==========
2026-01-26 02:20:00.003 [scheduling-1] INFO  - 总订单数: 2
2026-01-26 02:20:00.003 [scheduling-1] INFO  - 更新数量: 0
2026-01-26 02:20:00.003 [scheduling-1] INFO  - 跳过数量: 0
2026-01-26 02:20:00.004 [scheduling-1] INFO  - 错误数量: 0
2026-01-26 02:20:00.004 [scheduling-1] INFO  - 执行耗时: 22 毫秒
2026-01-26 02:20:00.004 [scheduling-1] INFO  - =====================================
2026-01-26 02:25:00.016 [scheduling-1] INFO  - ========== 开始执行定时任务：检查未到店订单 ==========
2026-01-26 02:25:00.042 [scheduling-1] INFO  - 找到 2 条待核销的订单
2026-01-26 02:25:00.043 [scheduling-1] INFO  - ========== 定时任务完成 ==========
2026-01-26 02:25:00.043 [scheduling-1] INFO  - 总订单数: 2
2026-01-26 02:25:00.043 [scheduling-1] INFO  - 更新数量: 0
2026-01-26 02:25:00.043 [scheduling-1] INFO  - 跳过数量: 0
2026-01-26 02:25:00.043 [scheduling-1] INFO  - 错误数量: 0
2026-01-26 02:25:00.043 [scheduling-1] INFO  - 执行耗时: 24 毫秒
2026-01-26 02:25:00.043 [scheduling-1] INFO  - =====================================
2026-01-26 02:30:00.015 [scheduling-1] INFO  - ========== 开始执行定时任务：检查未到店订单 ==========
2026-01-26 02:30:00.039 [scheduling-1] INFO  - 找到 2 条待核销的订单
2026-01-26 02:30:00.040 [scheduling-1] INFO  - ========== 定时任务完成 ==========
2026-01-26 02:30:00.040 [scheduling-1] INFO  - 总订单数: 2
2026-01-26 02:30:00.040 [scheduling-1] INFO  - 更新数量: 0
2026-01-26 02:30:00.040 [scheduling-1] INFO  - 跳过数量: 0
2026-01-26 02:30:00.040 [scheduling-1] INFO  - 错误数量: 0
2026-01-26 02:30:00.040 [scheduling-1] INFO  - 执行耗时: 23 毫秒
2026-01-26 02:30:00.040 [scheduling-1] INFO  - =====================================
2026-01-26 02:35:00.028 [scheduling-1] INFO  - ========== 开始执行定时任务：检查未到店订单 ==========
2026-01-26 02:35:00.054 [scheduling-1] INFO  - 找到 2 条待核销的订单
2026-01-26 02:35:00.055 [scheduling-1] INFO  - ========== 定时任务完成 ==========
2026-01-26 02:35:00.055 [scheduling-1] INFO  - 总订单数: 2
2026-01-26 02:35:00.055 [scheduling-1] INFO  - 更新数量: 0
2026-01-26 02:35:00.055 [scheduling-1] INFO  - 跳过数量: 0
2026-01-26 02:35:00.055 [scheduling-1] INFO  - 错误数量: 0
2026-01-26 02:35:00.055 [scheduling-1] INFO  - 执行耗时: 23 毫秒
2026-01-26 02:35:00.056 [scheduling-1] INFO  - =====================================
2026-01-26 02:40:00.017 [scheduling-1] INFO  - ========== 开始执行定时任务：检查未到店订单 ==========
2026-01-26 02:40:00.044 [scheduling-1] INFO  - 找到 2 条待核销的订单
2026-01-26 02:40:00.045 [scheduling-1] INFO  - ========== 定时任务完成 ==========
2026-01-26 02:40:00.045 [scheduling-1] INFO  - 总订单数: 2
2026-01-26 02:40:00.045 [scheduling-1] INFO  - 更新数量: 0
2026-01-26 02:40:00.045 [scheduling-1] INFO  - 跳过数量: 0
2026-01-26 02:40:00.045 [scheduling-1] INFO  - 错误数量: 0
2026-01-26 02:40:00.045 [scheduling-1] INFO  - 执行耗时: 25 毫秒
2026-01-26 02:40:00.045 [scheduling-1] INFO  - =====================================
2026-01-26 02:45:00.016 [scheduling-1] INFO  - ========== 开始执行定时任务：检查未到店订单 ==========
2026-01-26 02:45:00.035 [scheduling-1] INFO  - 找到 2 条待核销的订单
2026-01-26 02:45:00.036 [scheduling-1] INFO  - ========== 定时任务完成 ==========
2026-01-26 02:45:00.036 [scheduling-1] INFO  - 总订单数: 2
2026-01-26 02:45:00.036 [scheduling-1] INFO  - 更新数量: 0
2026-01-26 02:45:00.036 [scheduling-1] INFO  - 跳过数量: 0
2026-01-26 02:45:00.036 [scheduling-1] INFO  - 错误数量: 0
2026-01-26 02:45:00.036 [scheduling-1] INFO  - 执行耗时: 17 毫秒
2026-01-26 02:45:00.036 [scheduling-1] INFO  - =====================================
2026-01-26 02:49:59.971 [scheduling-1] INFO  - ========== 开始执行定时任务：检查未到店订单 ==========
2026-01-26 02:50:00.000 [scheduling-1] INFO  - 找到 2 条待核销的订单
2026-01-26 02:50:00.000 [scheduling-1] INFO  - ========== 定时任务完成 ==========
2026-01-26 02:50:00.000 [scheduling-1] INFO  - 总订单数: 2
2026-01-26 02:50:00.000 [scheduling-1] INFO  - 更新数量: 0
2026-01-26 02:50:00.000 [scheduling-1] INFO  - 跳过数量: 0
2026-01-26 02:50:00.000 [scheduling-1] INFO  - 错误数量: 0
2026-01-26 02:50:00.000 [scheduling-1] INFO  - 执行耗时: 26 毫秒
2026-01-26 02:50:00.000 [scheduling-1] INFO  - =====================================
2026-01-26 02:55:00.023 [scheduling-1] INFO  - ========== 开始执行定时任务：检查未到店订单 ==========
2026-01-26 02:55:00.082 [scheduling-1] INFO  - 找到 2 条待核销的订单
2026-01-26 02:55:00.085 [scheduling-1] INFO  - ========== 定时任务完成 ==========
2026-01-26 02:55:00.086 [scheduling-1] INFO  - 总订单数: 2
2026-01-26 02:55:00.086 [scheduling-1] INFO  - 更新数量: 0
2026-01-26 02:55:00.086 [scheduling-1] INFO  - 跳过数量: 0
2026-01-26 02:55:00.086 [scheduling-1] INFO  - 错误数量: 0
2026-01-26 02:55:00.086 [scheduling-1] INFO  - 执行耗时: 60 毫秒
2026-01-26 02:55:00.086 [scheduling-1] INFO  - =====================================
2026-01-26 03:00:00.013 [scheduling-1] INFO  - ========== 开始执行定时任务：检查未到店订单 ==========
2026-01-26 03:00:00.028 [scheduling-1] INFO  - 找到 2 条待核销的订单
2026-01-26 03:00:00.029 [scheduling-1] INFO  - ========== 定时任务完成 ==========
2026-01-26 03:00:00.029 [scheduling-1] INFO  - 总订单数: 2
2026-01-26 03:00:00.029 [scheduling-1] INFO  - 更新数量: 0
2026-01-26 03:00:00.029 [scheduling-1] INFO  - 跳过数量: 0
2026-01-26 03:00:00.030 [scheduling-1] INFO  - 错误数量: 0
2026-01-26 03:00:00.030 [scheduling-1] INFO  - 执行耗时: 14 毫秒
2026-01-26 03:00:00.030 [scheduling-1] INFO  - =====================================
2026-01-26 03:05:00.012 [scheduling-1] INFO  - ========== 开始执行定时任务：检查未到店订单 ==========
2026-01-26 03:05:00.055 [scheduling-1] INFO  - 找到 2 条待核销的订单
2026-01-26 03:05:00.056 [scheduling-1] INFO  - ========== 定时任务完成 ==========
2026-01-26 03:05:00.056 [scheduling-1] INFO  - 总订单数: 2
2026-01-26 03:05:00.056 [scheduling-1] INFO  - 更新数量: 0
2026-01-26 03:05:00.056 [scheduling-1] INFO  - 跳过数量: 0
2026-01-26 03:05:00.056 [scheduling-1] INFO  - 错误数量: 0
2026-01-26 03:05:00.056 [scheduling-1] INFO  - 执行耗时: 34 毫秒
2026-01-26 03:05:00.056 [scheduling-1] INFO  - =====================================
2026-01-26 03:10:00.017 [scheduling-1] INFO  - ========== 开始执行定时任务：检查未到店订单 ==========
2026-01-26 03:10:00.051 [scheduling-1] INFO  - 找到 2 条待核销的订单
2026-01-26 03:10:00.052 [scheduling-1] INFO  - ========== 定时任务完成 ==========
2026-01-26 03:10:00.052 [scheduling-1] INFO  - 总订单数: 2
2026-01-26 03:10:00.052 [scheduling-1] INFO  - 更新数量: 0
2026-01-26 03:10:00.052 [scheduling-1] INFO  - 跳过数量: 0
2026-01-26 03:10:00.052 [scheduling-1] INFO  - 错误数量: 0
2026-01-26 03:10:00.052 [scheduling-1] INFO  - 执行耗时: 29 毫秒
2026-01-26 03:10:00.052 [scheduling-1] INFO  - =====================================
2026-01-26 03:15:00.012 [scheduling-1] INFO  - ========== 开始执行定时任务：检查未到店订单 ==========
2026-01-26 03:15:00.025 [scheduling-1] INFO  - 找到 2 条待核销的订单
2026-01-26 03:15:00.026 [scheduling-1] INFO  - ========== 定时任务完成 ==========
2026-01-26 03:15:00.026 [scheduling-1] INFO  - 总订单数: 2
2026-01-26 03:15:00.026 [scheduling-1] INFO  - 更新数量: 0
2026-01-26 03:15:00.026 [scheduling-1] INFO  - 跳过数量: 0
2026-01-26 03:15:00.026 [scheduling-1] INFO  - 错误数量: 0
2026-01-26 03:15:00.026 [scheduling-1] INFO  - 执行耗时: 12 毫秒
2026-01-26 03:15:00.026 [scheduling-1] INFO  - =====================================
2026-01-26 03:20:00.012 [scheduling-1] INFO  - ========== 开始执行定时任务：检查未到店订单 ==========
2026-01-26 03:20:00.039 [scheduling-1] INFO  - 找到 2 条待核销的订单
2026-01-26 03:20:00.039 [scheduling-1] INFO  - ========== 定时任务完成 ==========
2026-01-26 03:20:00.039 [scheduling-1] INFO  - 总订单数: 2
2026-01-26 03:20:00.039 [scheduling-1] INFO  - 更新数量: 0
2026-01-26 03:20:00.039 [scheduling-1] INFO  - 跳过数量: 0
2026-01-26 03:20:00.039 [scheduling-1] INFO  - 错误数量: 0
2026-01-26 03:20:00.039 [scheduling-1] INFO  - 执行耗时: 24 毫秒
2026-01-26 03:20:00.039 [scheduling-1] INFO  - =====================================
2026-01-26 03:25:00.054 [scheduling-1] INFO  - ========== 开始执行定时任务：检查未到店订单 ==========
2026-01-26 03:25:00.077 [scheduling-1] INFO  - 找到 2 条待核销的订单
2026-01-26 03:25:00.080 [scheduling-1] INFO  - ========== 定时任务完成 ==========
2026-01-26 03:25:00.080 [scheduling-1] INFO  - 总订单数: 2
2026-01-26 03:25:00.080 [scheduling-1] INFO  - 更新数量: 0
2026-01-26 03:25:00.080 [scheduling-1] INFO  - 跳过数量: 0
2026-01-26 03:25:00.080 [scheduling-1] INFO  - 错误数量: 0
2026-01-26 03:25:00.080 [scheduling-1] INFO  - 执行耗时: 23 毫秒
2026-01-26 03:25:00.080 [scheduling-1] INFO  - =====================================
2026-01-26 03:30:00.016 [scheduling-1] INFO  - ========== 开始执行定时任务：检查未到店订单 ==========
2026-01-26 03:30:00.042 [scheduling-1] INFO  - 找到 2 条待核销的订单
2026-01-26 03:30:00.043 [scheduling-1] INFO  - ========== 定时任务完成 ==========
2026-01-26 03:30:00.043 [scheduling-1] INFO  - 总订单数: 2
2026-01-26 03:30:00.043 [scheduling-1] INFO  - 更新数量: 0
2026-01-26 03:30:00.043 [scheduling-1] INFO  - 跳过数量: 0
2026-01-26 03:30:00.043 [scheduling-1] INFO  - 错误数量: 0
2026-01-26 03:30:00.043 [scheduling-1] INFO  - 执行耗时: 24 毫秒
2026-01-26 03:30:00.043 [scheduling-1] INFO  - =====================================
2026-01-26 03:35:00.015 [scheduling-1] INFO  - ========== 开始执行定时任务：检查未到店订单 ==========
2026-01-26 03:35:00.038 [scheduling-1] INFO  - 找到 2 条待核销的订单
2026-01-26 03:35:00.039 [scheduling-1] INFO  - ========== 定时任务完成 ==========
2026-01-26 03:35:00.040 [scheduling-1] INFO  - 总订单数: 2
2026-01-26 03:35:00.040 [scheduling-1] INFO  - 更新数量: 0
2026-01-26 03:35:00.040 [scheduling-1] INFO  - 跳过数量: 0
2026-01-26 03:35:00.040 [scheduling-1] INFO  - 错误数量: 0
2026-01-26 03:35:00.040 [scheduling-1] INFO  - 执行耗时: 22 毫秒
2026-01-26 03:35:00.040 [scheduling-1] INFO  - =====================================
2026-01-26 03:40:00.016 [scheduling-1] INFO  - ========== 开始执行定时任务：检查未到店订单 ==========
2026-01-26 03:40:00.041 [scheduling-1] INFO  - 找到 2 条待核销的订单
2026-01-26 03:40:00.042 [scheduling-1] INFO  - ========== 定时任务完成 ==========
2026-01-26 03:40:00.042 [scheduling-1] INFO  - 总订单数: 2
2026-01-26 03:40:00.042 [scheduling-1] INFO  - 更新数量: 0
2026-01-26 03:40:00.042 [scheduling-1] INFO  - 跳过数量: 0
2026-01-26 03:40:00.042 [scheduling-1] INFO  - 错误数量: 0
2026-01-26 03:40:00.042 [scheduling-1] INFO  - 执行耗时: 23 毫秒
2026-01-26 03:40:00.042 [scheduling-1] INFO  - =====================================
2026-01-26 03:44:59.962 [scheduling-1] INFO  - ========== 开始执行定时任务：检查未到店订单 ==========
2026-01-26 03:44:59.987 [scheduling-1] INFO  - 找到 2 条待核销的订单
2026-01-26 03:44:59.987 [scheduling-1] INFO  - ========== 定时任务完成 ==========
2026-01-26 03:44:59.987 [scheduling-1] INFO  - 总订单数: 2
2026-01-26 03:44:59.987 [scheduling-1] INFO  - 更新数量: 0
2026-01-26 03:44:59.988 [scheduling-1] INFO  - 跳过数量: 0
2026-01-26 03:44:59.988 [scheduling-1] INFO  - 错误数量: 0
2026-01-26 03:44:59.988 [scheduling-1] INFO  - 执行耗时: 22 毫秒
2026-01-26 03:44:59.988 [scheduling-1] INFO  - =====================================
2026-01-26 03:50:00.013 [scheduling-1] INFO  - ========== 开始执行定时任务：检查未到店订单 ==========
2026-01-26 03:50:00.061 [scheduling-1] INFO  - 找到 2 条待核销的订单
2026-01-26 03:50:00.063 [scheduling-1] INFO  - ========== 定时任务完成 ==========
2026-01-26 03:50:00.063 [scheduling-1] INFO  - 总订单数: 2
2026-01-26 03:50:00.063 [scheduling-1] INFO  - 更新数量: 0
2026-01-26 03:50:00.063 [scheduling-1] INFO  - 跳过数量: 0
2026-01-26 03:50:00.063 [scheduling-1] INFO  - 错误数量: 0
2026-01-26 03:50:00.063 [scheduling-1] INFO  - 执行耗时: 49 毫秒
2026-01-26 03:50:00.063 [scheduling-1] INFO  - =====================================
2026-01-26 03:55:00.006 [scheduling-1] INFO  - ========== 开始执行定时任务：检查未到店订单 ==========
2026-01-26 03:55:00.035 [scheduling-1] INFO  - 找到 2 条待核销的订单
2026-01-26 03:55:00.036 [scheduling-1] INFO  - ========== 定时任务完成 ==========
2026-01-26 03:55:00.037 [scheduling-1] INFO  - 总订单数: 2
2026-01-26 03:55:00.037 [scheduling-1] INFO  - 更新数量: 0
2026-01-26 03:55:00.037 [scheduling-1] INFO  - 跳过数量: 0
2026-01-26 03:55:00.037 [scheduling-1] INFO  - 错误数量: 0
2026-01-26 03:55:00.037 [scheduling-1] INFO  - 执行耗时: 27 毫秒
2026-01-26 03:55:00.037 [scheduling-1] INFO  - =====================================
2026-01-26 04:00:00.017 [scheduling-1] INFO  - ========== 开始执行定时任务：检查未到店订单 ==========
2026-01-26 04:00:00.108 [scheduling-1] INFO  - 找到 2 条待核销的订单
2026-01-26 04:00:00.109 [scheduling-1] INFO  - ========== 定时任务完成 ==========
2026-01-26 04:00:00.109 [scheduling-1] INFO  - 总订单数: 2
2026-01-26 04:00:00.109 [scheduling-1] INFO  - 更新数量: 0
2026-01-26 04:00:00.109 [scheduling-1] INFO  - 跳过数量: 0
2026-01-26 04:00:00.109 [scheduling-1] INFO  - 错误数量: 0
2026-01-26 04:00:00.109 [scheduling-1] INFO  - 执行耗时: 89 毫秒
2026-01-26 04:00:00.109 [scheduling-1] INFO  - =====================================
2026-01-26 04:05:00.012 [scheduling-1] INFO  - ========== 开始执行定时任务：检查未到店订单 ==========
2026-01-26 04:05:00.043 [scheduling-1] INFO  - 找到 2 条待核销的订单
2026-01-26 04:05:00.045 [scheduling-1] INFO  - ========== 定时任务完成 ==========
2026-01-26 04:05:00.045 [scheduling-1] INFO  - 总订单数: 2
2026-01-26 04:05:00.045 [scheduling-1] INFO  - 更新数量: 0
2026-01-26 04:05:00.045 [scheduling-1] INFO  - 跳过数量: 0
2026-01-26 04:05:00.045 [scheduling-1] INFO  - 错误数量: 0
2026-01-26 04:05:00.045 [scheduling-1] INFO  - 执行耗时: 32 毫秒
2026-01-26 04:05:00.046 [scheduling-1] INFO  - =====================================
2026-01-26 04:10:00.010 [scheduling-1] INFO  - ========== 开始执行定时任务：检查未到店订单 ==========
2026-01-26 04:10:00.028 [scheduling-1] INFO  - 找到 2 条待核销的订单
2026-01-26 04:10:00.029 [scheduling-1] INFO  - ========== 定时任务完成 ==========
2026-01-26 04:10:00.029 [scheduling-1] INFO  - 总订单数: 2
2026-01-26 04:10:00.029 [scheduling-1] INFO  - 更新数量: 0
2026-01-26 04:10:00.029 [scheduling-1] INFO  - 跳过数量: 0
2026-01-26 04:10:00.029 [scheduling-1] INFO  - 错误数量: 0
2026-01-26 04:10:00.029 [scheduling-1] INFO  - 执行耗时: 17 毫秒
2026-01-26 04:10:00.029 [scheduling-1] INFO  - =====================================
2026-01-26 04:15:00.007 [scheduling-1] INFO  - ========== 开始执行定时任务：检查未到店订单 ==========
2026-01-26 04:15:00.027 [scheduling-1] INFO  - 找到 2 条待核销的订单
2026-01-26 04:15:00.028 [scheduling-1] INFO  - ========== 定时任务完成 ==========
2026-01-26 04:15:00.029 [scheduling-1] INFO  - 总订单数: 2
2026-01-26 04:15:00.029 [scheduling-1] INFO  - 更新数量: 0
2026-01-26 04:15:00.029 [scheduling-1] INFO  - 跳过数量: 0
2026-01-26 04:15:00.029 [scheduling-1] INFO  - 错误数量: 0
2026-01-26 04:15:00.029 [scheduling-1] INFO  - 执行耗时: 19 毫秒
2026-01-26 04:15:00.029 [scheduling-1] INFO  - =====================================
2026-01-26 04:20:00.014 [scheduling-1] INFO  - ========== 开始执行定时任务：检查未到店订单 ==========
2026-01-26 04:20:00.040 [scheduling-1] INFO  - 找到 2 条待核销的订单
2026-01-26 04:20:00.041 [scheduling-1] INFO  - ========== 定时任务完成 ==========
2026-01-26 04:20:00.041 [scheduling-1] INFO  - 总订单数: 2
2026-01-26 04:20:00.041 [scheduling-1] INFO  - 更新数量: 0
2026-01-26 04:20:00.041 [scheduling-1] INFO  - 跳过数量: 0
2026-01-26 04:20:00.041 [scheduling-1] INFO  - 错误数量: 0
2026-01-26 04:20:00.041 [scheduling-1] INFO  - 执行耗时: 25 毫秒
2026-01-26 04:20:00.042 [scheduling-1] INFO  - =====================================
2026-01-26 04:25:00.014 [scheduling-1] INFO  - ========== 开始执行定时任务：检查未到店订单 ==========
2026-01-26 04:25:00.036 [scheduling-1] INFO  - 找到 2 条待核销的订单
2026-01-26 04:25:00.037 [scheduling-1] INFO  - ========== 定时任务完成 ==========
2026-01-26 04:25:00.037 [scheduling-1] INFO  - 总订单数: 2
2026-01-26 04:25:00.037 [scheduling-1] INFO  - 更新数量: 0
2026-01-26 04:25:00.038 [scheduling-1] INFO  - 跳过数量: 0
2026-01-26 04:25:00.038 [scheduling-1] INFO  - 错误数量: 0
2026-01-26 04:25:00.038 [scheduling-1] INFO  - 执行耗时: 21 毫秒
2026-01-26 04:25:00.038 [scheduling-1] INFO  - =====================================
2026-01-26 04:30:00.013 [scheduling-1] INFO  - ========== 开始执行定时任务：检查未到店订单 ==========
2026-01-26 04:30:00.038 [scheduling-1] INFO  - 找到 2 条待核销的订单
2026-01-26 04:30:00.039 [scheduling-1] INFO  - ========== 定时任务完成 ==========
2026-01-26 04:30:00.039 [scheduling-1] INFO  - 总订单数: 2
2026-01-26 04:30:00.039 [scheduling-1] INFO  - 更新数量: 0
2026-01-26 04:30:00.039 [scheduling-1] INFO  - 跳过数量: 0
2026-01-26 04:30:00.039 [scheduling-1] INFO  - 错误数量: 0
2026-01-26 04:30:00.039 [scheduling-1] INFO  - 执行耗时: 24 毫秒
2026-01-26 04:30:00.039 [scheduling-1] INFO  - =====================================
2026-01-26 04:35:00.021 [scheduling-1] INFO  - ========== 开始执行定时任务：检查未到店订单 ==========
2026-01-26 04:35:00.044 [scheduling-1] INFO  - 找到 2 条待核销的订单
2026-01-26 04:35:00.044 [scheduling-1] INFO  - ========== 定时任务完成 ==========
2026-01-26 04:35:00.045 [scheduling-1] INFO  - 总订单数: 2
2026-01-26 04:35:00.045 [scheduling-1] INFO  - 更新数量: 0
2026-01-26 04:35:00.045 [scheduling-1] INFO  - 跳过数量: 0
2026-01-26 04:35:00.045 [scheduling-1] INFO  - 错误数量: 0
2026-01-26 04:35:00.045 [scheduling-1] INFO  - 执行耗时: 20 毫秒
2026-01-26 04:35:00.045 [scheduling-1] INFO  - =====================================
2026-01-26 04:40:00.013 [scheduling-1] INFO  - ========== 开始执行定时任务：检查未到店订单 ==========
2026-01-26 04:40:00.037 [scheduling-1] INFO  - 找到 2 条待核销的订单
2026-01-26 04:40:00.038 [scheduling-1] INFO  - ========== 定时任务完成 ==========
2026-01-26 04:40:00.038 [scheduling-1] INFO  - 总订单数: 2
2026-01-26 04:40:00.038 [scheduling-1] INFO  - 更新数量: 0
2026-01-26 04:40:00.038 [scheduling-1] INFO  - 跳过数量: 0
2026-01-26 04:40:00.038 [scheduling-1] INFO  - 错误数量: 0
2026-01-26 04:40:00.038 [scheduling-1] INFO  - 执行耗时: 23 毫秒
2026-01-26 04:40:00.038 [scheduling-1] INFO  - =====================================
2026-01-26 04:45:00.017 [scheduling-1] INFO  - ========== 开始执行定时任务：检查未到店订单 ==========
2026-01-26 04:45:00.039 [scheduling-1] INFO  - 找到 2 条待核销的订单
2026-01-26 04:45:00.040 [scheduling-1] INFO  - ========== 定时任务完成 ==========
2026-01-26 04:45:00.040 [scheduling-1] INFO  - 总订单数: 2
2026-01-26 04:45:00.040 [scheduling-1] INFO  - 更新数量: 0
2026-01-26 04:45:00.040 [scheduling-1] INFO  - 跳过数量: 0
2026-01-26 04:45:00.040 [scheduling-1] INFO  - 错误数量: 0
2026-01-26 04:45:00.040 [scheduling-1] INFO  - 执行耗时: 22 毫秒
2026-01-26 04:45:00.040 [scheduling-1] INFO  - =====================================
2026-01-26 04:50:00.051 [scheduling-1] INFO  - ========== 开始执行定时任务：检查未到店订单 ==========
2026-01-26 04:50:00.098 [scheduling-1] INFO  - 找到 2 条待核销的订单
2026-01-26 04:50:00.099 [scheduling-1] INFO  - ========== 定时任务完成 ==========
2026-01-26 04:50:00.099 [scheduling-1] INFO  - 总订单数: 2
2026-01-26 04:50:00.099 [scheduling-1] INFO  - 更新数量: 0
2026-01-26 04:50:00.099 [scheduling-1] INFO  - 跳过数量: 0
2026-01-26 04:50:00.099 [scheduling-1] INFO  - 错误数量: 0
2026-01-26 04:50:00.099 [scheduling-1] INFO  - 执行耗时: 46 毫秒
2026-01-26 04:50:00.099 [scheduling-1] INFO  - =====================================
2026-01-26 04:55:00.007 [scheduling-1] INFO  - ========== 开始执行定时任务：检查未到店订单 ==========
2026-01-26 04:55:00.023 [scheduling-1] INFO  - 找到 2 条待核销的订单
2026-01-26 04:55:00.024 [scheduling-1] INFO  - ========== 定时任务完成 ==========
2026-01-26 04:55:00.025 [scheduling-1] INFO  - 总订单数: 2
2026-01-26 04:55:00.025 [scheduling-1] INFO  - 更新数量: 0
2026-01-26 04:55:00.025 [scheduling-1] INFO  - 跳过数量: 0
2026-01-26 04:55:00.025 [scheduling-1] INFO  - 错误数量: 0
2026-01-26 04:55:00.025 [scheduling-1] INFO  - 执行耗时: 14 毫秒
2026-01-26 04:55:00.025 [scheduling-1] INFO  - =====================================
2026-01-26 05:00:00.016 [scheduling-1] INFO  - ========== 开始执行定时任务：检查未到店订单 ==========
2026-01-26 05:00:00.077 [scheduling-1] INFO  - 找到 2 条待核销的订单
2026-01-26 05:00:00.077 [scheduling-1] INFO  - ========== 定时任务完成 ==========
2026-01-26 05:00:00.077 [scheduling-1] INFO  - 总订单数: 2
2026-01-26 05:00:00.077 [scheduling-1] INFO  - 更新数量: 0
2026-01-26 05:00:00.077 [scheduling-1] INFO  - 跳过数量: 0
2026-01-26 05:00:00.077 [scheduling-1] INFO  - 错误数量: 0
2026-01-26 05:00:00.078 [scheduling-1] INFO  - 执行耗时: 53 毫秒
2026-01-26 05:00:00.078 [scheduling-1] INFO  - =====================================
2026-01-26 05:05:00.004 [scheduling-1] INFO  - ========== 开始执行定时任务：检查未到店订单 ==========
2026-01-26 05:05:00.075 [scheduling-1] INFO  - 找到 2 条待核销的订单
2026-01-26 05:05:00.077 [scheduling-1] INFO  - ========== 定时任务完成 ==========
2026-01-26 05:05:00.077 [scheduling-1] INFO  - 总订单数: 2
2026-01-26 05:05:00.077 [scheduling-1] INFO  - 更新数量: 0
2026-01-26 05:05:00.077 [scheduling-1] INFO  - 跳过数量: 0
2026-01-26 05:05:00.077 [scheduling-1] INFO  - 错误数量: 0
2026-01-26 05:05:00.077 [scheduling-1] INFO  - 执行耗时: 70 毫秒
2026-01-26 05:05:00.077 [scheduling-1] INFO  - =====================================
2026-01-26 05:10:00.014 [scheduling-1] INFO  - ========== 开始执行定时任务：检查未到店订单 ==========
2026-01-26 05:10:00.049 [scheduling-1] INFO  - 找到 2 条待核销的订单
2026-01-26 05:10:00.051 [scheduling-1] INFO  - ========== 定时任务完成 ==========
2026-01-26 05:10:00.051 [scheduling-1] INFO  - 总订单数: 2
2026-01-26 05:10:00.051 [scheduling-1] INFO  - 更新数量: 0
2026-01-26 05:10:00.051 [scheduling-1] INFO  - 跳过数量: 0
2026-01-26 05:10:00.051 [scheduling-1] INFO  - 错误数量: 0
2026-01-26 05:10:00.052 [scheduling-1] INFO  - 执行耗时: 35 毫秒
2026-01-26 05:10:00.052 [scheduling-1] INFO  - =====================================
2026-01-26 05:15:00.016 [scheduling-1] INFO  - ========== 开始执行定时任务：检查未到店订单 ==========
2026-01-26 05:15:00.038 [scheduling-1] INFO  - 找到 2 条待核销的订单
2026-01-26 05:15:00.039 [scheduling-1] INFO  - ========== 定时任务完成 ==========
2026-01-26 05:15:00.039 [scheduling-1] INFO  - 总订单数: 2
2026-01-26 05:15:00.039 [scheduling-1] INFO  - 更新数量: 0
2026-01-26 05:15:00.039 [scheduling-1] INFO  - 跳过数量: 0
2026-01-26 05:15:00.039 [scheduling-1] INFO  - 错误数量: 0
2026-01-26 05:15:00.039 [scheduling-1] INFO  - 执行耗时: 21 毫秒
2026-01-26 05:15:00.039 [scheduling-1] INFO  - =====================================
2026-01-26 05:20:00.015 [scheduling-1] INFO  - ========== 开始执行定时任务：检查未到店订单 ==========
2026-01-26 05:20:00.041 [scheduling-1] INFO  - 找到 2 条待核销的订单
2026-01-26 05:20:00.042 [scheduling-1] INFO  - ========== 定时任务完成 ==========
2026-01-26 05:20:00.042 [scheduling-1] INFO  - 总订单数: 2
2026-01-26 05:20:00.042 [scheduling-1] INFO  - 更新数量: 0
2026-01-26 05:20:00.042 [scheduling-1] INFO  - 跳过数量: 0
2026-01-26 05:20:00.042 [scheduling-1] INFO  - 错误数量: 0
2026-01-26 05:20:00.042 [scheduling-1] INFO  - 执行耗时: 25 毫秒
2026-01-26 05:20:00.042 [scheduling-1] INFO  - =====================================
2026-01-26 05:25:00.036 [scheduling-1] INFO  - ========== 开始执行定时任务：检查未到店订单 ==========
2026-01-26 05:25:00.057 [scheduling-1] INFO  - 找到 2 条待核销的订单
2026-01-26 05:25:00.058 [scheduling-1] INFO  - ========== 定时任务完成 ==========
2026-01-26 05:25:00.060 [scheduling-1] INFO  - 总订单数: 2
2026-01-26 05:25:00.060 [scheduling-1] INFO  - 更新数量: 0
2026-01-26 05:25:00.060 [scheduling-1] INFO  - 跳过数量: 0
2026-01-26 05:25:00.060 [scheduling-1] INFO  - 错误数量: 0
2026-01-26 05:25:00.060 [scheduling-1] INFO  - 执行耗时: 19 毫秒
2026-01-26 05:25:00.060 [scheduling-1] INFO  - =====================================
2026-01-26 05:30:00.016 [scheduling-1] INFO  - ========== 开始执行定时任务：检查未到店订单 ==========
2026-01-26 05:30:00.041 [scheduling-1] INFO  - 找到 2 条待核销的订单
2026-01-26 05:30:00.042 [scheduling-1] INFO  - ========== 定时任务完成 ==========
2026-01-26 05:30:00.042 [scheduling-1] INFO  - 总订单数: 2
2026-01-26 05:30:00.042 [scheduling-1] INFO  - 更新数量: 0
2026-01-26 05:30:00.042 [scheduling-1] INFO  - 跳过数量: 0
2026-01-26 05:30:00.042 [scheduling-1] INFO  - 错误数量: 0
2026-01-26 05:30:00.042 [scheduling-1] INFO  - 执行耗时: 23 毫秒
2026-01-26 05:30:00.042 [scheduling-1] INFO  - =====================================
2026-01-26 05:35:00.016 [scheduling-1] INFO  - ========== 开始执行定时任务：检查未到店订单 ==========
2026-01-26 05:35:00.034 [scheduling-1] INFO  - 找到 2 条待核销的订单
2026-01-26 05:35:00.034 [scheduling-1] INFO  - ========== 定时任务完成 ==========
2026-01-26 05:35:00.035 [scheduling-1] INFO  - 总订单数: 2
2026-01-26 05:35:00.035 [scheduling-1] INFO  - 更新数量: 0
2026-01-26 05:35:00.035 [scheduling-1] INFO  - 跳过数量: 0
2026-01-26 05:35:00.035 [scheduling-1] INFO  - 错误数量: 0
2026-01-26 05:35:00.035 [scheduling-1] INFO  - 执行耗时: 17 毫秒
2026-01-26 05:35:00.035 [scheduling-1] INFO  - =====================================
2026-01-26 05:40:00.015 [scheduling-1] INFO  - ========== 开始执行定时任务：检查未到店订单 ==========
2026-01-26 05:40:00.028 [scheduling-1] INFO  - 找到 2 条待核销的订单
2026-01-26 05:40:00.029 [scheduling-1] INFO  - ========== 定时任务完成 ==========
2026-01-26 05:40:00.029 [scheduling-1] INFO  - 总订单数: 2
2026-01-26 05:40:00.029 [scheduling-1] INFO  - 更新数量: 0
2026-01-26 05:40:00.029 [scheduling-1] INFO  - 跳过数量: 0
2026-01-26 05:40:00.029 [scheduling-1] INFO  - 错误数量: 0
2026-01-26 05:40:00.029 [scheduling-1] INFO  - 执行耗时: 12 毫秒
2026-01-26 05:40:00.029 [scheduling-1] INFO  - =====================================
2026-01-26 05:45:00.012 [scheduling-1] INFO  - ========== 开始执行定时任务：检查未到店订单 ==========
2026-01-26 05:45:00.058 [scheduling-1] INFO  - 找到 2 条待核销的订单
2026-01-26 05:45:00.059 [scheduling-1] INFO  - ========== 定时任务完成 ==========
2026-01-26 05:45:00.059 [scheduling-1] INFO  - 总订单数: 2
2026-01-26 05:45:00.059 [scheduling-1] INFO  - 更新数量: 0
2026-01-26 05:45:00.059 [scheduling-1] INFO  - 跳过数量: 0
2026-01-26 05:45:00.059 [scheduling-1] INFO  - 错误数量: 0
2026-01-26 05:45:00.059 [scheduling-1] INFO  - 执行耗时: 44 毫秒
2026-01-26 05:45:00.059 [scheduling-1] INFO  - =====================================
2026-01-26 05:50:00.015 [scheduling-1] INFO  - ========== 开始执行定时任务：检查未到店订单 ==========
2026-01-26 05:50:00.038 [scheduling-1] INFO  - 找到 2 条待核销的订单
2026-01-26 05:50:00.038 [scheduling-1] INFO  - ========== 定时任务完成 ==========
2026-01-26 05:50:00.039 [scheduling-1] INFO  - 总订单数: 2
2026-01-26 05:50:00.039 [scheduling-1] INFO  - 更新数量: 0
2026-01-26 05:50:00.039 [scheduling-1] INFO  - 跳过数量: 0
2026-01-26 05:50:00.039 [scheduling-1] INFO  - 错误数量: 0
2026-01-26 05:50:00.039 [scheduling-1] INFO  - 执行耗时: 21 毫秒
2026-01-26 05:50:00.039 [scheduling-1] INFO  - =====================================
2026-01-26 05:55:00.006 [scheduling-1] INFO  - ========== 开始执行定时任务：检查未到店订单 ==========
2026-01-26 05:55:00.019 [scheduling-1] INFO  - 找到 2 条待核销的订单
2026-01-26 05:55:00.019 [scheduling-1] INFO  - ========== 定时任务完成 ==========
2026-01-26 05:55:00.019 [scheduling-1] INFO  - 总订单数: 2
2026-01-26 05:55:00.019 [scheduling-1] INFO  - 更新数量: 0
2026-01-26 05:55:00.019 [scheduling-1] INFO  - 跳过数量: 0
2026-01-26 05:55:00.019 [scheduling-1] INFO  - 错误数量: 0
2026-01-26 05:55:00.019 [scheduling-1] INFO  - 执行耗时: 11 毫秒
2026-01-26 05:55:00.019 [scheduling-1] INFO  - =====================================
2026-01-26 06:00:00.019 [scheduling-1] INFO  - ========== 开始执行定时任务：检查未到店订单 ==========
2026-01-26 06:00:00.068 [scheduling-1] INFO  - 找到 2 条待核销的订单
2026-01-26 06:00:00.069 [scheduling-1] INFO  - ========== 定时任务完成 ==========
2026-01-26 06:00:00.069 [scheduling-1] INFO  - 总订单数: 2
2026-01-26 06:00:00.069 [scheduling-1] INFO  - 更新数量: 0
2026-01-26 06:00:00.069 [scheduling-1] INFO  - 跳过数量: 0
2026-01-26 06:00:00.069 [scheduling-1] INFO  - 错误数量: 0
2026-01-26 06:00:00.069 [scheduling-1] INFO  - 执行耗时: 40 毫秒
2026-01-26 06:00:00.069 [scheduling-1] INFO  - =====================================
2026-01-26 06:05:00.022 [scheduling-1] INFO  - ========== 开始执行定时任务：检查未到店订单 ==========
2026-01-26 06:05:00.093 [scheduling-1] INFO  - 找到 2 条待核销的订单
2026-01-26 06:05:00.094 [scheduling-1] INFO  - ========== 定时任务完成 ==========
2026-01-26 06:05:00.094 [scheduling-1] INFO  - 总订单数: 2
2026-01-26 06:05:00.095 [scheduling-1] INFO  - 更新数量: 0
2026-01-26 06:05:00.095 [scheduling-1] INFO  - 跳过数量: 0
2026-01-26 06:05:00.095 [scheduling-1] INFO  - 错误数量: 0
2026-01-26 06:05:00.095 [scheduling-1] INFO  - 执行耗时: 67 毫秒
2026-01-26 06:05:00.095 [scheduling-1] INFO  - =====================================
2026-01-26 06:10:00.016 [scheduling-1] INFO  - ========== 开始执行定时任务：检查未到店订单 ==========
2026-01-26 06:10:00.062 [scheduling-1] INFO  - 找到 2 条待核销的订单
2026-01-26 06:10:00.063 [scheduling-1] INFO  - ========== 定时任务完成 ==========
2026-01-26 06:10:00.063 [scheduling-1] INFO  - 总订单数: 2
2026-01-26 06:10:00.063 [scheduling-1] INFO  - 更新数量: 0
2026-01-26 06:10:00.063 [scheduling-1] INFO  - 跳过数量: 0
2026-01-26 06:10:00.063 [scheduling-1] INFO  - 错误数量: 0
2026-01-26 06:10:00.063 [scheduling-1] INFO  - 执行耗时: 44 毫秒
2026-01-26 06:10:00.064 [scheduling-1] INFO  - =====================================
2026-01-26 06:15:00.015 [scheduling-1] INFO  - ========== 开始执行定时任务：检查未到店订单 ==========
2026-01-26 06:15:00.032 [scheduling-1] INFO  - 找到 2 条待核销的订单
2026-01-26 06:15:00.033 [scheduling-1] INFO  - ========== 定时任务完成 ==========
2026-01-26 06:15:00.033 [scheduling-1] INFO  - 总订单数: 2
2026-01-26 06:15:00.033 [scheduling-1] INFO  - 更新数量: 0
2026-01-26 06:15:00.033 [scheduling-1] INFO  - 跳过数量: 0
2026-01-26 06:15:00.033 [scheduling-1] INFO  - 错误数量: 0
2026-01-26 06:15:00.033 [scheduling-1] INFO  - 执行耗时: 16 毫秒
2026-01-26 06:15:00.033 [scheduling-1] INFO  - =====================================
2026-01-26 06:19:59.985 [scheduling-1] INFO  - ========== 开始执行定时任务：检查未到店订单 ==========
2026-01-26 06:20:00.012 [scheduling-1] INFO  - 找到 2 条待核销的订单
2026-01-26 06:20:00.012 [scheduling-1] INFO  - ========== 定时任务完成 ==========
2026-01-26 06:20:00.012 [scheduling-1] INFO  - 总订单数: 2
2026-01-26 06:20:00.012 [scheduling-1] INFO  - 更新数量: 0
2026-01-26 06:20:00.012 [scheduling-1] INFO  - 跳过数量: 0
2026-01-26 06:20:00.012 [scheduling-1] INFO  - 错误数量: 0
2026-01-26 06:20:00.012 [scheduling-1] INFO  - 执行耗时: 24 毫秒
2026-01-26 06:20:00.012 [scheduling-1] INFO  - =====================================
2026-01-26 06:25:00.035 [scheduling-1] INFO  - ========== 开始执行定时任务：检查未到店订单 ==========
2026-01-26 06:25:00.063 [scheduling-1] INFO  - 找到 2 条待核销的订单
2026-01-26 06:25:00.063 [scheduling-1] INFO  - ========== 定时任务完成 ==========
2026-01-26 06:25:00.063 [scheduling-1] INFO  - 总订单数: 2
2026-01-26 06:25:00.064 [scheduling-1] INFO  - 更新数量: 0
2026-01-26 06:25:00.064 [scheduling-1] INFO  - 跳过数量: 0
2026-01-26 06:25:00.064 [scheduling-1] INFO  - 错误数量: 0
2026-01-26 06:25:00.064 [scheduling-1] INFO  - 执行耗时: 24 毫秒
2026-01-26 06:25:00.064 [scheduling-1] INFO  - =====================================
2026-01-26 06:30:00.014 [scheduling-1] INFO  - ========== 开始执行定时任务：检查未到店订单 ==========
2026-01-26 06:30:00.036 [scheduling-1] INFO  - 找到 2 条待核销的订单
2026-01-26 06:30:00.037 [scheduling-1] INFO  - ========== 定时任务完成 ==========
2026-01-26 06:30:00.037 [scheduling-1] INFO  - 总订单数: 2
2026-01-26 06:30:00.037 [scheduling-1] INFO  - 更新数量: 0
2026-01-26 06:30:00.037 [scheduling-1] INFO  - 跳过数量: 0
2026-01-26 06:30:00.037 [scheduling-1] INFO  - 错误数量: 0
2026-01-26 06:30:00.037 [scheduling-1] INFO  - 执行耗时: 21 毫秒
2026-01-26 06:30:00.037 [scheduling-1] INFO  - =====================================
2026-01-26 06:35:00.030 [scheduling-1] INFO  - ========== 开始执行定时任务：检查未到店订单 ==========
2026-01-26 06:35:00.053 [scheduling-1] INFO  - 找到 2 条待核销的订单
2026-01-26 06:35:00.053 [scheduling-1] INFO  - ========== 定时任务完成 ==========
2026-01-26 06:35:00.053 [scheduling-1] INFO  - 总订单数: 2
2026-01-26 06:35:00.053 [scheduling-1] INFO  - 更新数量: 0
2026-01-26 06:35:00.053 [scheduling-1] INFO  - 跳过数量: 0
2026-01-26 06:35:00.053 [scheduling-1] INFO  - 错误数量: 0
2026-01-26 06:35:00.053 [scheduling-1] INFO  - 执行耗时: 19 毫秒
2026-01-26 06:35:00.053 [scheduling-1] INFO  - =====================================
2026-01-26 06:40:00.021 [scheduling-1] INFO  - ========== 开始执行定时任务：检查未到店订单 ==========
2026-01-26 06:40:00.066 [scheduling-1] INFO  - 找到 2 条待核销的订单
2026-01-26 06:40:00.067 [scheduling-1] INFO  - ========== 定时任务完成 ==========
2026-01-26 06:40:00.067 [scheduling-1] INFO  - 总订单数: 2
2026-01-26 06:40:00.067 [scheduling-1] INFO  - 更新数量: 0
2026-01-26 06:40:00.067 [scheduling-1] INFO  - 跳过数量: 0
2026-01-26 06:40:00.067 [scheduling-1] INFO  - 错误数量: 0
2026-01-26 06:40:00.067 [scheduling-1] INFO  - 执行耗时: 38 毫秒
2026-01-26 06:40:00.067 [scheduling-1] INFO  - =====================================
2026-01-26 06:45:00.015 [scheduling-1] INFO  - ========== 开始执行定时任务：检查未到店订单 ==========
2026-01-26 06:45:00.043 [scheduling-1] INFO  - 找到 2 条待核销的订单
2026-01-26 06:45:00.044 [scheduling-1] INFO  - ========== 定时任务完成 ==========
2026-01-26 06:45:00.044 [scheduling-1] INFO  - 总订单数: 2
2026-01-26 06:45:00.044 [scheduling-1] INFO  - 更新数量: 0
2026-01-26 06:45:00.044 [scheduling-1] INFO  - 跳过数量: 0
2026-01-26 06:45:00.044 [scheduling-1] INFO  - 错误数量: 0
2026-01-26 06:45:00.044 [scheduling-1] INFO  - 执行耗时: 26 毫秒
2026-01-26 06:45:00.044 [scheduling-1] INFO  - =====================================
2026-01-26 06:50:00.016 [scheduling-1] INFO  - ========== 开始执行定时任务：检查未到店订单 ==========
2026-01-26 06:50:00.038 [scheduling-1] INFO  - 找到 2 条待核销的订单
2026-01-26 06:50:00.039 [scheduling-1] INFO  - ========== 定时任务完成 ==========
2026-01-26 06:50:00.039 [scheduling-1] INFO  - 总订单数: 2
2026-01-26 06:50:00.039 [scheduling-1] INFO  - 更新数量: 0
2026-01-26 06:50:00.039 [scheduling-1] INFO  - 跳过数量: 0
2026-01-26 06:50:00.039 [scheduling-1] INFO  - 错误数量: 0
2026-01-26 06:50:00.039 [scheduling-1] INFO  - 执行耗时: 22 毫秒
2026-01-26 06:50:00.039 [scheduling-1] INFO  - =====================================
2026-01-26 06:54:59.997 [scheduling-1] INFO  - ========== 开始执行定时任务：检查未到店订单 ==========
2026-01-26 06:55:00.009 [scheduling-1] INFO  - 找到 2 条待核销的订单
2026-01-26 06:55:00.010 [scheduling-1] INFO  - ========== 定时任务完成 ==========
2026-01-26 06:55:00.010 [scheduling-1] INFO  - 总订单数: 2
2026-01-26 06:55:00.010 [scheduling-1] INFO  - 更新数量: 0
2026-01-26 06:55:00.010 [scheduling-1] INFO  - 跳过数量: 0
2026-01-26 06:55:00.010 [scheduling-1] INFO  - 错误数量: 0
2026-01-26 06:55:00.010 [scheduling-1] INFO  - 执行耗时: 11 毫秒
2026-01-26 06:55:00.010 [scheduling-1] INFO  - =====================================
2026-01-26 07:00:00.074 [scheduling-1] INFO  - ========== 开始执行定时任务：检查未到店订单 ==========
2026-01-26 07:00:02.132 [scheduling-1] INFO  - 找到 2 条待核销的订单
2026-01-26 07:00:02.338 [scheduling-1] INFO  - ========== 定时任务完成 ==========
2026-01-26 07:00:02.338 [scheduling-1] INFO  - 总订单数: 2
2026-01-26 07:00:02.338 [scheduling-1] INFO  - 更新数量: 0
2026-01-26 07:00:02.338 [scheduling-1] INFO  - 跳过数量: 0
2026-01-26 07:00:02.339 [scheduling-1] INFO  - 错误数量: 0
2026-01-26 07:00:02.339 [scheduling-1] INFO  - 执行耗时: 1965 毫秒
2026-01-26 07:00:02.339 [scheduling-1] INFO  - =====================================
2026-01-26 07:05:00.015 [scheduling-1] INFO  - ========== 开始执行定时任务：检查未到店订单 ==========
2026-01-26 07:05:00.075 [scheduling-1] INFO  - 找到 2 条待核销的订单
2026-01-26 07:05:00.076 [scheduling-1] INFO  - ========== 定时任务完成 ==========
2026-01-26 07:05:00.077 [scheduling-1] INFO  - 总订单数: 2
2026-01-26 07:05:00.077 [scheduling-1] INFO  - 更新数量: 0
2026-01-26 07:05:00.077 [scheduling-1] INFO  - 跳过数量: 0
2026-01-26 07:05:00.077 [scheduling-1] INFO  - 错误数量: 0
2026-01-26 07:05:00.077 [scheduling-1] INFO  - 执行耗时: 59 毫秒
2026-01-26 07:05:00.077 [scheduling-1] INFO  - =====================================
2026-01-26 07:09:59.990 [scheduling-1] INFO  - ========== 开始执行定时任务：检查未到店订单 ==========
2026-01-26 07:10:00.040 [scheduling-1] INFO  - 找到 2 条待核销的订单
2026-01-26 07:10:00.040 [scheduling-1] INFO  - ========== 定时任务完成 ==========
2026-01-26 07:10:00.040 [scheduling-1] INFO  - 总订单数: 2
2026-01-26 07:10:00.041 [scheduling-1] INFO  - 更新数量: 0
2026-01-26 07:10:00.041 [scheduling-1] INFO  - 跳过数量: 0
2026-01-26 07:10:00.041 [scheduling-1] INFO  - 错误数量: 0
2026-01-26 07:10:00.041 [scheduling-1] INFO  - 执行耗时: 48 毫秒
2026-01-26 07:10:00.041 [scheduling-1] INFO  - =====================================
2026-01-26 07:15:00.000 [scheduling-1] INFO  - ========== 开始执行定时任务：检查未到店订单 ==========
2026-01-26 07:15:00.025 [scheduling-1] INFO  - 找到 2 条待核销的订单
2026-01-26 07:15:00.026 [scheduling-1] INFO  - ========== 定时任务完成 ==========
2026-01-26 07:15:00.026 [scheduling-1] INFO  - 总订单数: 2
2026-01-26 07:15:00.026 [scheduling-1] INFO  - 更新数量: 0
2026-01-26 07:15:00.026 [scheduling-1] INFO  - 跳过数量: 0
2026-01-26 07:15:00.026 [scheduling-1] INFO  - 错误数量: 0
2026-01-26 07:15:00.026 [scheduling-1] INFO  - 执行耗时: 23 毫秒
2026-01-26 07:15:00.026 [scheduling-1] INFO  - =====================================
2026-01-26 07:20:00.004 [scheduling-1] INFO  - ========== 开始执行定时任务：检查未到店订单 ==========
2026-01-26 07:20:00.016 [scheduling-1] INFO  - 找到 2 条待核销的订单
2026-01-26 07:20:00.017 [scheduling-1] INFO  - ========== 定时任务完成 ==========
2026-01-26 07:20:00.017 [scheduling-1] INFO  - 总订单数: 2
2026-01-26 07:20:00.017 [scheduling-1] INFO  - 更新数量: 0
2026-01-26 07:20:00.017 [scheduling-1] INFO  - 跳过数量: 0
2026-01-26 07:20:00.017 [scheduling-1] INFO  - 错误数量: 0
2026-01-26 07:20:00.017 [scheduling-1] INFO  - 执行耗时: 12 毫秒
2026-01-26 07:20:00.017 [scheduling-1] INFO  - =====================================
2026-01-26 07:25:00.002 [scheduling-1] INFO  - ========== 开始执行定时任务：检查未到店订单 ==========
2026-01-26 07:25:00.013 [scheduling-1] INFO  - 找到 2 条待核销的订单
2026-01-26 07:25:00.013 [scheduling-1] INFO  - ========== 定时任务完成 ==========
2026-01-26 07:25:00.013 [scheduling-1] INFO  - 总订单数: 2
2026-01-26 07:25:00.013 [scheduling-1] INFO  - 更新数量: 0
2026-01-26 07:25:00.013 [scheduling-1] INFO  - 跳过数量: 0
2026-01-26 07:25:00.013 [scheduling-1] INFO  - 错误数量: 0
2026-01-26 07:25:00.013 [scheduling-1] INFO  - 执行耗时: 10 毫秒
2026-01-26 07:25:00.014 [scheduling-1] INFO  - =====================================
2026-01-26 07:30:00.011 [scheduling-1] INFO  - ========== 开始执行定时任务：检查未到店订单 ==========
2026-01-26 07:30:00.028 [scheduling-1] INFO  - 找到 2 条待核销的订单
2026-01-26 07:30:00.029 [scheduling-1] INFO  - ========== 定时任务完成 ==========
2026-01-26 07:30:00.029 [scheduling-1] INFO  - 总订单数: 2
2026-01-26 07:30:00.029 [scheduling-1] INFO  - 更新数量: 0
2026-01-26 07:30:00.029 [scheduling-1] INFO  - 跳过数量: 0
2026-01-26 07:30:00.029 [scheduling-1] INFO  - 错误数量: 0
2026-01-26 07:30:00.029 [scheduling-1] INFO  - 执行耗时: 16 毫秒
2026-01-26 07:30:00.029 [scheduling-1] INFO  - =====================================
2026-01-26 07:35:00.011 [scheduling-1] INFO  - ========== 开始执行定时任务：检查未到店订单 ==========
2026-01-26 07:35:00.036 [scheduling-1] INFO  - 找到 2 条待核销的订单
2026-01-26 07:35:00.037 [scheduling-1] INFO  - ========== 定时任务完成 ==========
2026-01-26 07:35:00.037 [scheduling-1] INFO  - 总订单数: 2
2026-01-26 07:35:00.037 [scheduling-1] INFO  - 更新数量: 0
2026-01-26 07:35:00.037 [scheduling-1] INFO  - 跳过数量: 0
2026-01-26 07:35:00.037 [scheduling-1] INFO  - 错误数量: 0
2026-01-26 07:35:00.037 [scheduling-1] INFO  - 执行耗时: 23 毫秒
2026-01-26 07:35:00.037 [scheduling-1] INFO  - =====================================
2026-01-26 07:40:00.010 [scheduling-1] INFO  - ========== 开始执行定时任务：检查未到店订单 ==========
2026-01-26 07:40:00.023 [scheduling-1] INFO  - 找到 2 条待核销的订单
2026-01-26 07:40:00.024 [scheduling-1] INFO  - ========== 定时任务完成 ==========
2026-01-26 07:40:00.024 [scheduling-1] INFO  - 总订单数: 2
2026-01-26 07:40:00.024 [scheduling-1] INFO  - 更新数量: 0
2026-01-26 07:40:00.024 [scheduling-1] INFO  - 跳过数量: 0
2026-01-26 07:40:00.024 [scheduling-1] INFO  - 错误数量: 0
2026-01-26 07:40:00.024 [scheduling-1] INFO  - 执行耗时: 12 毫秒
2026-01-26 07:40:00.024 [scheduling-1] INFO  - =====================================
2026-01-26 07:45:00.008 [scheduling-1] INFO  - ========== 开始执行定时任务：检查未到店订单 ==========
2026-01-26 07:45:00.029 [scheduling-1] INFO  - 找到 2 条待核销的订单
2026-01-26 07:45:00.030 [scheduling-1] INFO  - ========== 定时任务完成 ==========
2026-01-26 07:45:00.030 [scheduling-1] INFO  - 总订单数: 2
2026-01-26 07:45:00.030 [scheduling-1] INFO  - 更新数量: 0
2026-01-26 07:45:00.030 [scheduling-1] INFO  - 跳过数量: 0
2026-01-26 07:45:00.030 [scheduling-1] INFO  - 错误数量: 0
2026-01-26 07:45:00.030 [scheduling-1] INFO  - 执行耗时: 19 毫秒
2026-01-26 07:45:00.030 [scheduling-1] INFO  - =====================================
2026-01-26 07:50:00.012 [scheduling-1] INFO  - ========== 开始执行定时任务：检查未到店订单 ==========
2026-01-26 07:50:00.035 [scheduling-1] INFO  - 找到 2 条待核销的订单
2026-01-26 07:50:00.036 [scheduling-1] INFO  - ========== 定时任务完成 ==========
2026-01-26 07:50:00.036 [scheduling-1] INFO  - 总订单数: 2
2026-01-26 07:50:00.036 [scheduling-1] INFO  - 更新数量: 0
2026-01-26 07:50:00.036 [scheduling-1] INFO  - 跳过数量: 0
2026-01-26 07:50:00.036 [scheduling-1] INFO  - 错误数量: 0
2026-01-26 07:50:00.036 [scheduling-1] INFO  - 执行耗时: 22 毫秒
2026-01-26 07:50:00.036 [scheduling-1] INFO  - =====================================
2026-01-26 07:55:00.011 [scheduling-1] INFO  - ========== 开始执行定时任务：检查未到店订单 ==========
2026-01-26 07:55:00.035 [scheduling-1] INFO  - 找到 2 条待核销的订单
2026-01-26 07:55:00.036 [scheduling-1] INFO  - ========== 定时任务完成 ==========
2026-01-26 07:55:00.036 [scheduling-1] INFO  - 总订单数: 2
2026-01-26 07:55:00.036 [scheduling-1] INFO  - 更新数量: 0
2026-01-26 07:55:00.036 [scheduling-1] INFO  - 跳过数量: 0
2026-01-26 07:55:00.036 [scheduling-1] INFO  - 错误数量: 0
2026-01-26 07:55:00.037 [scheduling-1] INFO  - 执行耗时: 23 毫秒
2026-01-26 07:55:00.037 [scheduling-1] INFO  - =====================================
2026-01-26 07:59:59.960 [scheduling-1] INFO  - ========== 开始执行定时任务：检查未到店订单 ==========
2026-01-26 08:00:00.002 [scheduling-1] INFO  - 找到 2 条待核销的订单
2026-01-26 08:00:00.004 [scheduling-1] INFO  - ========== 定时任务完成 ==========
2026-01-26 08:00:00.004 [scheduling-1] INFO  - 总订单数: 2
2026-01-26 08:00:00.004 [scheduling-1] INFO  - 更新数量: 0
2026-01-26 08:00:00.004 [scheduling-1] INFO  - 跳过数量: 0
2026-01-26 08:00:00.004 [scheduling-1] INFO  - 错误数量: 0
2026-01-26 08:00:00.004 [scheduling-1] INFO  - 执行耗时: 40 毫秒
2026-01-26 08:00:00.004 [scheduling-1] INFO  - =====================================
2026-01-26 08:05:00.013 [scheduling-1] INFO  - ========== 开始执行定时任务：检查未到店订单 ==========
2026-01-26 08:05:00.044 [scheduling-1] INFO  - 找到 2 条待核销的订单
2026-01-26 08:05:00.044 [scheduling-1] INFO  - ========== 定时任务完成 ==========
2026-01-26 08:05:00.045 [scheduling-1] INFO  - 总订单数: 2
2026-01-26 08:05:00.045 [scheduling-1] INFO  - 更新数量: 0
2026-01-26 08:05:00.045 [scheduling-1] INFO  - 跳过数量: 0
2026-01-26 08:05:00.045 [scheduling-1] INFO  - 错误数量: 0
2026-01-26 08:05:00.045 [scheduling-1] INFO  - 执行耗时: 25 毫秒
2026-01-26 08:05:00.045 [scheduling-1] INFO  - =====================================
2026-01-26 08:10:00.013 [scheduling-1] INFO  - ========== 开始执行定时任务：检查未到店订单 ==========
2026-01-26 08:10:00.034 [scheduling-1] INFO  - 找到 2 条待核销的订单
2026-01-26 08:10:00.038 [scheduling-1] INFO  - ========== 定时任务完成 ==========
2026-01-26 08:10:00.038 [scheduling-1] INFO  - 总订单数: 2
2026-01-26 08:10:00.038 [scheduling-1] INFO  - 更新数量: 0
2026-01-26 08:10:00.038 [scheduling-1] INFO  - 跳过数量: 0
2026-01-26 08:10:00.038 [scheduling-1] INFO  - 错误数量: 0
2026-01-26 08:10:00.038 [scheduling-1] INFO  - 执行耗时: 21 毫秒
2026-01-26 08:10:00.038 [scheduling-1] INFO  - =====================================
2026-01-26 08:15:00.025 [scheduling-1] INFO  - ========== 开始执行定时任务：检查未到店订单 ==========
2026-01-26 08:15:00.039 [scheduling-1] INFO  - 找到 2 条待核销的订单
2026-01-26 08:15:00.039 [scheduling-1] INFO  - ========== 定时任务完成 ==========
2026-01-26 08:15:00.039 [scheduling-1] INFO  - 总订单数: 2
2026-01-26 08:15:00.039 [scheduling-1] INFO  - 更新数量: 0
2026-01-26 08:15:00.039 [scheduling-1] INFO  - 跳过数量: 0
2026-01-26 08:15:00.039 [scheduling-1] INFO  - 错误数量: 0
2026-01-26 08:15:00.039 [scheduling-1] INFO  - 执行耗时: 13 毫秒
2026-01-26 08:15:00.039 [scheduling-1] INFO  - =====================================
2026-01-26 08:20:00.006 [scheduling-1] INFO  - ========== 开始执行定时任务：检查未到店订单 ==========
2026-01-26 08:20:00.030 [scheduling-1] INFO  - 找到 2 条待核销的订单
2026-01-26 08:20:00.031 [scheduling-1] INFO  - ========== 定时任务完成 ==========
2026-01-26 08:20:00.031 [scheduling-1] INFO  - 总订单数: 2
2026-01-26 08:20:00.031 [scheduling-1] INFO  - 更新数量: 0
2026-01-26 08:20:00.031 [scheduling-1] INFO  - 跳过数量: 0
2026-01-26 08:20:00.031 [scheduling-1] INFO  - 错误数量: 0
2026-01-26 08:20:00.031 [scheduling-1] INFO  - 执行耗时: 22 毫秒
2026-01-26 08:20:00.031 [scheduling-1] INFO  - =====================================
2026-01-26 08:25:00.010 [scheduling-1] INFO  - ========== 开始执行定时任务：检查未到店订单 ==========
2026-01-26 08:25:00.029 [scheduling-1] INFO  - 找到 2 条待核销的订单
2026-01-26 08:25:00.030 [scheduling-1] INFO  - ========== 定时任务完成 ==========
2026-01-26 08:25:00.030 [scheduling-1] INFO  - 总订单数: 2
2026-01-26 08:25:00.030 [scheduling-1] INFO  - 更新数量: 0
2026-01-26 08:25:00.030 [scheduling-1] INFO  - 跳过数量: 0
2026-01-26 08:25:00.030 [scheduling-1] INFO  - 错误数量: 0
2026-01-26 08:25:00.030 [scheduling-1] INFO  - 执行耗时: 17 毫秒
2026-01-26 08:25:00.030 [scheduling-1] INFO  - =====================================
2026-01-26 08:30:00.010 [scheduling-1] INFO  - ========== 开始执行定时任务：检查未到店订单 ==========
2026-01-26 08:30:00.048 [scheduling-1] INFO  - 找到 2 条待核销的订单
2026-01-26 08:30:00.050 [scheduling-1] INFO  - ========== 定时任务完成 ==========
2026-01-26 08:30:00.050 [scheduling-1] INFO  - 总订单数: 2
2026-01-26 08:30:00.050 [scheduling-1] INFO  - 更新数量: 0
2026-01-26 08:30:00.050 [scheduling-1] INFO  - 跳过数量: 0
2026-01-26 08:30:00.050 [scheduling-1] INFO  - 错误数量: 0
2026-01-26 08:30:00.050 [scheduling-1] INFO  - 执行耗时: 37 毫秒
2026-01-26 08:30:00.050 [scheduling-1] INFO  - =====================================
2026-01-26 08:35:00.011 [scheduling-1] INFO  - ========== 开始执行定时任务：检查未到店订单 ==========
2026-01-26 08:35:00.034 [scheduling-1] INFO  - 找到 2 条待核销的订单
2026-01-26 08:35:00.035 [scheduling-1] INFO  - ========== 定时任务完成 ==========
2026-01-26 08:35:00.036 [scheduling-1] INFO  - 总订单数: 2
2026-01-26 08:35:00.036 [scheduling-1] INFO  - 更新数量: 0
2026-01-26 08:35:00.036 [scheduling-1] INFO  - 跳过数量: 0
2026-01-26 08:35:00.036 [scheduling-1] INFO  - 错误数量: 0
2026-01-26 08:35:00.036 [scheduling-1] INFO  - 执行耗时: 22 毫秒
2026-01-26 08:35:00.036 [scheduling-1] INFO  - =====================================
2026-01-26 08:40:00.010 [scheduling-1] INFO  - ========== 开始执行定时任务：检查未到店订单 ==========
2026-01-26 08:40:00.034 [scheduling-1] INFO  - 找到 2 条待核销的订单
2026-01-26 08:40:00.034 [scheduling-1] INFO  - ========== 定时任务完成 ==========
2026-01-26 08:40:00.034 [scheduling-1] INFO  - 总订单数: 2
2026-01-26 08:40:00.034 [scheduling-1] INFO  - 更新数量: 0
2026-01-26 08:40:00.034 [scheduling-1] INFO  - 跳过数量: 0
2026-01-26 08:40:00.035 [scheduling-1] INFO  - 错误数量: 0
2026-01-26 08:40:00.035 [scheduling-1] INFO  - 执行耗时: 22 毫秒
2026-01-26 08:40:00.035 [scheduling-1] INFO  - =====================================
2026-01-26 08:45:00.016 [scheduling-1] INFO  - ========== 开始执行定时任务：检查未到店订单 ==========
2026-01-26 08:45:00.031 [scheduling-1] INFO  - 找到 2 条待核销的订单
2026-01-26 08:45:00.032 [scheduling-1] INFO  - ========== 定时任务完成 ==========
2026-01-26 08:45:00.032 [scheduling-1] INFO  - 总订单数: 2
2026-01-26 08:45:00.032 [scheduling-1] INFO  - 更新数量: 0
2026-01-26 08:45:00.032 [scheduling-1] INFO  - 跳过数量: 0
2026-01-26 08:45:00.032 [scheduling-1] INFO  - 错误数量: 0
2026-01-26 08:45:00.032 [scheduling-1] INFO  - 执行耗时: 13 毫秒
2026-01-26 08:45:00.032 [scheduling-1] INFO  - =====================================
2026-01-26 08:50:00.009 [scheduling-1] INFO  - ========== 开始执行定时任务：检查未到店订单 ==========
2026-01-26 08:50:00.036 [scheduling-1] INFO  - 找到 2 条待核销的订单
2026-01-26 08:50:00.037 [scheduling-1] INFO  - ========== 定时任务完成 ==========
2026-01-26 08:50:00.037 [scheduling-1] INFO  - 总订单数: 2
2026-01-26 08:50:00.037 [scheduling-1] INFO  - 更新数量: 0
2026-01-26 08:50:00.037 [scheduling-1] INFO  - 跳过数量: 0
2026-01-26 08:50:00.038 [scheduling-1] INFO  - 错误数量: 0
2026-01-26 08:50:00.038 [scheduling-1] INFO  - 执行耗时: 25 毫秒
2026-01-26 08:50:00.038 [scheduling-1] INFO  - =====================================
2026-01-26 08:55:00.011 [scheduling-1] INFO  - ========== 开始执行定时任务：检查未到店订单 ==========
2026-01-26 08:55:00.038 [scheduling-1] INFO  - 找到 2 条待核销的订单
2026-01-26 08:55:00.040 [scheduling-1] INFO  - ========== 定时任务完成 ==========
2026-01-26 08:55:00.040 [scheduling-1] INFO  - 总订单数: 2
2026-01-26 08:55:00.040 [scheduling-1] INFO  - 更新数量: 0
2026-01-26 08:55:00.040 [scheduling-1] INFO  - 跳过数量: 0
2026-01-26 08:55:00.040 [scheduling-1] INFO  - 错误数量: 0
2026-01-26 08:55:00.040 [scheduling-1] INFO  - 执行耗时: 26 毫秒
2026-01-26 08:55:00.040 [scheduling-1] INFO  - =====================================
2026-01-26 09:00:00.069 [scheduling-1] INFO  - ========== 开始执行定时任务：检查未到店订单 ==========
2026-01-26 09:00:00.103 [scheduling-1] INFO  - 找到 2 条待核销的订单
2026-01-26 09:00:00.103 [scheduling-1] INFO  - ========== 定时任务完成 ==========
2026-01-26 09:00:00.104 [scheduling-1] INFO  - 总订单数: 2
2026-01-26 09:00:00.104 [scheduling-1] INFO  - 更新数量: 0
2026-01-26 09:00:00.104 [scheduling-1] INFO  - 跳过数量: 0
2026-01-26 09:00:00.104 [scheduling-1] INFO  - 错误数量: 0
2026-01-26 09:00:00.104 [scheduling-1] INFO  - 执行耗时: 29 毫秒
2026-01-26 09:00:00.104 [scheduling-1] INFO  - =====================================
2026-01-26 09:05:00.012 [scheduling-1] INFO  - ========== 开始执行定时任务：检查未到店订单 ==========
2026-01-26 09:05:00.047 [scheduling-1] INFO  - 找到 2 条待核销的订单
2026-01-26 09:05:00.050 [scheduling-1] INFO  - ========== 定时任务完成 ==========
2026-01-26 09:05:00.050 [scheduling-1] INFO  - 总订单数: 2
2026-01-26 09:05:00.050 [scheduling-1] INFO  - 更新数量: 0
2026-01-26 09:05:00.050 [scheduling-1] INFO  - 跳过数量: 0
2026-01-26 09:05:00.050 [scheduling-1] INFO  - 错误数量: 0
2026-01-26 09:05:00.050 [scheduling-1] INFO  - 执行耗时: 33 毫秒
2026-01-26 09:05:00.051 [scheduling-1] INFO  - =====================================
2026-01-26 09:10:00.012 [scheduling-1] INFO  - ========== 开始执行定时任务：检查未到店订单 ==========
2026-01-26 09:10:00.062 [scheduling-1] INFO  - 找到 2 条待核销的订单
2026-01-26 09:10:00.064 [scheduling-1] INFO  - ========== 定时任务完成 ==========
2026-01-26 09:10:00.064 [scheduling-1] INFO  - 总订单数: 2
2026-01-26 09:10:00.064 [scheduling-1] INFO  - 更新数量: 0
2026-01-26 09:10:00.064 [scheduling-1] INFO  - 跳过数量: 0
2026-01-26 09:10:00.064 [scheduling-1] INFO  - 错误数量: 0
2026-01-26 09:10:00.065 [scheduling-1] INFO  - 执行耗时: 50 毫秒
2026-01-26 09:10:00.065 [scheduling-1] INFO  - =====================================
2026-01-26 09:15:00.006 [scheduling-1] INFO  - ========== 开始执行定时任务：检查未到店订单 ==========
2026-01-26 09:15:00.022 [scheduling-1] INFO  - 找到 2 条待核销的订单
2026-01-26 09:15:00.022 [scheduling-1] INFO  - ========== 定时任务完成 ==========
2026-01-26 09:15:00.023 [scheduling-1] INFO  - 总订单数: 2
2026-01-26 09:15:00.023 [scheduling-1] INFO  - 更新数量: 0
2026-01-26 09:15:00.024 [scheduling-1] INFO  - 跳过数量: 0
2026-01-26 09:15:00.024 [scheduling-1] INFO  - 错误数量: 0
2026-01-26 09:15:00.024 [scheduling-1] INFO  - 执行耗时: 14 毫秒
2026-01-26 09:15:00.024 [scheduling-1] INFO  - =====================================
2026-01-26 09:20:00.010 [scheduling-1] INFO  - ========== 开始执行定时任务：检查未到店订单 ==========
2026-01-26 09:20:00.046 [scheduling-1] INFO  - 找到 2 条待核销的订单
2026-01-26 09:20:00.046 [scheduling-1] INFO  - ========== 定时任务完成 ==========
2026-01-26 09:20:00.047 [scheduling-1] INFO  - 总订单数: 2
2026-01-26 09:20:00.047 [scheduling-1] INFO  - 更新数量: 0
2026-01-26 09:20:00.048 [scheduling-1] INFO  - 跳过数量: 0
2026-01-26 09:20:00.048 [scheduling-1] INFO  - 错误数量: 0
2026-01-26 09:20:00.048 [scheduling-1] INFO  - 执行耗时: 29 毫秒
2026-01-26 09:20:00.048 [scheduling-1] INFO  - =====================================
2026-01-26 09:25:00.014 [scheduling-1] INFO  - ========== 开始执行定时任务：检查未到店订单 ==========
2026-01-26 09:25:00.040 [scheduling-1] INFO  - 找到 2 条待核销的订单
2026-01-26 09:25:00.042 [scheduling-1] INFO  - ========== 定时任务完成 ==========
2026-01-26 09:25:00.042 [scheduling-1] INFO  - 总订单数: 2
2026-01-26 09:25:00.042 [scheduling-1] INFO  - 更新数量: 0
2026-01-26 09:25:00.042 [scheduling-1] INFO  - 跳过数量: 0
2026-01-26 09:25:00.042 [scheduling-1] INFO  - 错误数量: 0
2026-01-26 09:25:00.043 [scheduling-1] INFO  - 执行耗时: 25 毫秒
2026-01-26 09:25:00.043 [scheduling-1] INFO  - =====================================
2026-01-26 09:29:59.996 [scheduling-1] INFO  - ========== 开始执行定时任务：检查未到店订单 ==========
2026-01-26 09:30:00.021 [scheduling-1] INFO  - 找到 2 条待核销的订单
2026-01-26 09:30:00.022 [scheduling-1] INFO  - ========== 定时任务完成 ==========
2026-01-26 09:30:00.022 [scheduling-1] INFO  - 总订单数: 2
2026-01-26 09:30:00.022 [scheduling-1] INFO  - 更新数量: 0
2026-01-26 09:30:00.022 [scheduling-1] INFO  - 跳过数量: 0
2026-01-26 09:30:00.022 [scheduling-1] INFO  - 错误数量: 0
2026-01-26 09:30:00.022 [scheduling-1] INFO  - 执行耗时: 22 毫秒
2026-01-26 09:30:00.022 [scheduling-1] INFO  - =====================================
2026-01-26 09:35:00.012 [scheduling-1] INFO  - ========== 开始执行定时任务：检查未到店订单 ==========
2026-01-26 09:35:00.049 [scheduling-1] INFO  - 找到 2 条待核销的订单
2026-01-26 09:35:00.049 [scheduling-1] INFO  - ========== 定时任务完成 ==========
2026-01-26 09:35:00.049 [scheduling-1] INFO  - 总订单数: 2
2026-01-26 09:35:00.050 [scheduling-1] INFO  - 更新数量: 0
2026-01-26 09:35:00.050 [scheduling-1] INFO  - 跳过数量: 0
2026-01-26 09:35:00.050 [scheduling-1] INFO  - 错误数量: 0
2026-01-26 09:35:00.050 [scheduling-1] INFO  - 执行耗时: 35 毫秒
2026-01-26 09:35:00.050 [scheduling-1] INFO  - =====================================
2026-01-26 09:40:00.012 [scheduling-1] INFO  - ========== 开始执行定时任务：检查未到店订单 ==========
2026-01-26 09:40:00.035 [scheduling-1] INFO  - 找到 2 条待核销的订单
2026-01-26 09:40:00.036 [scheduling-1] INFO  - ========== 定时任务完成 ==========
2026-01-26 09:40:00.036 [scheduling-1] INFO  - 总订单数: 2
2026-01-26 09:40:00.036 [scheduling-1] INFO  - 更新数量: 0
2026-01-26 09:40:00.036 [scheduling-1] INFO  - 跳过数量: 0
2026-01-26 09:40:00.036 [scheduling-1] INFO  - 错误数量: 0
2026-01-26 09:40:00.036 [scheduling-1] INFO  - 执行耗时: 21 毫秒
2026-01-26 09:40:00.036 [scheduling-1] INFO  - =====================================
2026-01-26 09:45:00.012 [scheduling-1] INFO  - ========== 开始执行定时任务：检查未到店订单 ==========
2026-01-26 09:45:00.035 [scheduling-1] INFO  - 找到 2 条待核销的订单
2026-01-26 09:45:00.036 [scheduling-1] INFO  - ========== 定时任务完成 ==========
2026-01-26 09:45:00.036 [scheduling-1] INFO  - 总订单数: 2
2026-01-26 09:45:00.036 [scheduling-1] INFO  - 更新数量: 0
2026-01-26 09:45:00.036 [scheduling-1] INFO  - 跳过数量: 0
2026-01-26 09:45:00.036 [scheduling-1] INFO  - 错误数量: 0
2026-01-26 09:45:00.036 [scheduling-1] INFO  - 执行耗时: 22 毫秒
2026-01-26 09:45:00.036 [scheduling-1] INFO  - =====================================
2026-01-26 09:50:00.012 [scheduling-1] INFO  - ========== 开始执行定时任务：检查未到店订单 ==========
2026-01-26 09:50:00.035 [scheduling-1] INFO  - 找到 2 条待核销的订单
2026-01-26 09:50:00.035 [scheduling-1] INFO  - ========== 定时任务完成 ==========
2026-01-26 09:50:00.035 [scheduling-1] INFO  - 总订单数: 2
2026-01-26 09:50:00.036 [scheduling-1] INFO  - 更新数量: 0
2026-01-26 09:50:00.036 [scheduling-1] INFO  - 跳过数量: 0
2026-01-26 09:50:00.036 [scheduling-1] INFO  - 错误数量: 0
2026-01-26 09:50:00.036 [scheduling-1] INFO  - 执行耗时: 21 毫秒
2026-01-26 09:50:00.036 [scheduling-1] INFO  - =====================================
2026-01-26 09:55:00.012 [scheduling-1] INFO  - ========== 开始执行定时任务：检查未到店订单 ==========
2026-01-26 09:55:00.037 [scheduling-1] INFO  - 找到 2 条待核销的订单
2026-01-26 09:55:00.038 [scheduling-1] INFO  - ========== 定时任务完成 ==========
2026-01-26 09:55:00.038 [scheduling-1] INFO  - 总订单数: 2
2026-01-26 09:55:00.038 [scheduling-1] INFO  - 更新数量: 0
2026-01-26 09:55:00.038 [scheduling-1] INFO  - 跳过数量: 0
2026-01-26 09:55:00.038 [scheduling-1] INFO  - 错误数量: 0
2026-01-26 09:55:00.038 [scheduling-1] INFO  - 执行耗时: 23 毫秒
2026-01-26 09:55:00.038 [scheduling-1] INFO  - =====================================
2026-01-26 10:00:00.056 [scheduling-1] INFO  - ========== 开始执行定时任务：检查未到店订单 ==========
2026-01-26 10:00:00.079 [scheduling-1] INFO  - 找到 2 条待核销的订单
2026-01-26 10:00:00.080 [scheduling-1] INFO  - ========== 定时任务完成 ==========
2026-01-26 10:00:00.080 [scheduling-1] INFO  - 总订单数: 2
2026-01-26 10:00:00.080 [scheduling-1] INFO  - 更新数量: 0
2026-01-26 10:00:00.080 [scheduling-1] INFO  - 跳过数量: 0
2026-01-26 10:00:00.080 [scheduling-1] INFO  - 错误数量: 0
2026-01-26 10:00:00.080 [scheduling-1] INFO  - 执行耗时: 22 毫秒
2026-01-26 10:00:00.080 [scheduling-1] INFO  - =====================================
2026-01-26 10:05:00.010 [scheduling-1] INFO  - ========== 开始执行定时任务：检查未到店订单 ==========
2026-01-26 10:05:00.027 [scheduling-1] INFO  - 找到 2 条待核销的订单
2026-01-26 10:05:00.027 [scheduling-1] INFO  - ========== 定时任务完成 ==========
2026-01-26 10:05:00.027 [scheduling-1] INFO  - 总订单数: 2
2026-01-26 10:05:00.027 [scheduling-1] INFO  - 更新数量: 0
2026-01-26 10:05:00.028 [scheduling-1] INFO  - 跳过数量: 0
2026-01-26 10:05:00.028 [scheduling-1] INFO  - 错误数量: 0
2026-01-26 10:05:00.028 [scheduling-1] INFO  - 执行耗时: 16 毫秒
2026-01-26 10:05:00.028 [scheduling-1] INFO  - =====================================
2026-01-26 10:10:00.015 [scheduling-1] INFO  - ========== 开始执行定时任务：检查未到店订单 ==========
2026-01-26 10:10:00.043 [scheduling-1] INFO  - 找到 2 条待核销的订单
2026-01-26 10:10:00.043 [scheduling-1] INFO  - ========== 定时任务完成 ==========
2026-01-26 10:10:00.043 [scheduling-1] INFO  - 总订单数: 2
2026-01-26 10:10:00.043 [scheduling-1] INFO  - 更新数量: 0
2026-01-26 10:10:00.043 [scheduling-1] INFO  - 跳过数量: 0
2026-01-26 10:10:00.043 [scheduling-1] INFO  - 错误数量: 0
2026-01-26 10:10:00.043 [scheduling-1] INFO  - 执行耗时: 26 毫秒
2026-01-26 10:10:00.043 [scheduling-1] INFO  - =====================================
2026-01-26 10:15:00.020 [scheduling-1] INFO  - ========== 开始执行定时任务：检查未到店订单 ==========
2026-01-26 10:15:00.035 [scheduling-1] INFO  - 找到 2 条待核销的订单
2026-01-26 10:15:00.036 [scheduling-1] INFO  - ========== 定时任务完成 ==========
2026-01-26 10:15:00.036 [scheduling-1] INFO  - 总订单数: 2
2026-01-26 10:15:00.036 [scheduling-1] INFO  - 更新数量: 0
2026-01-26 10:15:00.036 [scheduling-1] INFO  - 跳过数量: 0
2026-01-26 10:15:00.037 [scheduling-1] INFO  - 错误数量: 0
2026-01-26 10:15:00.037 [scheduling-1] INFO  - 执行耗时: 15 毫秒
2026-01-26 10:15:00.037 [scheduling-1] INFO  - =====================================
2026-01-26 10:20:00.020 [scheduling-1] INFO  - ========== 开始执行定时任务：检查未到店订单 ==========
2026-01-26 10:20:00.079 [scheduling-1] INFO  - 找到 2 条待核销的订单
2026-01-26 10:20:00.080 [scheduling-1] INFO  - ========== 定时任务完成 ==========
2026-01-26 10:20:00.080 [scheduling-1] INFO  - 总订单数: 2
2026-01-26 10:20:00.080 [scheduling-1] INFO  - 更新数量: 0
2026-01-26 10:20:00.080 [scheduling-1] INFO  - 跳过数量: 0
2026-01-26 10:20:00.080 [scheduling-1] INFO  - 错误数量: 0
2026-01-26 10:20:00.080 [scheduling-1] INFO  - 执行耗时: 58 毫秒
2026-01-26 10:20:00.080 [scheduling-1] INFO  - =====================================
2026-01-26 10:25:00.016 [scheduling-1] INFO  - ========== 开始执行定时任务：检查未到店订单 ==========
2026-01-26 10:25:00.048 [scheduling-1] INFO  - 找到 2 条待核销的订单
2026-01-26 10:25:00.050 [scheduling-1] INFO  - ========== 定时任务完成 ==========
2026-01-26 10:25:00.050 [scheduling-1] INFO  - 总订单数: 2
2026-01-26 10:25:00.050 [scheduling-1] INFO  - 更新数量: 0
2026-01-26 10:25:00.050 [scheduling-1] INFO  - 跳过数量: 0
2026-01-26 10:25:00.050 [scheduling-1] INFO  - 错误数量: 0
2026-01-26 10:25:00.050 [scheduling-1] INFO  - 执行耗时: 32 毫秒
2026-01-26 10:25:00.050 [scheduling-1] INFO  - =====================================
2026-01-26 10:30:00.015 [scheduling-1] INFO  - ========== 开始执行定时任务：检查未到店订单 ==========
2026-01-26 10:30:00.041 [scheduling-1] INFO  - 找到 2 条待核销的订单
2026-01-26 10:30:00.042 [scheduling-1] INFO  - ========== 定时任务完成 ==========
2026-01-26 10:30:00.042 [scheduling-1] INFO  - 总订单数: 2
2026-01-26 10:30:00.042 [scheduling-1] INFO  - 更新数量: 0
2026-01-26 10:30:00.042 [scheduling-1] INFO  - 跳过数量: 0
2026-01-26 10:30:00.042 [scheduling-1] INFO  - 错误数量: 0
2026-01-26 10:30:00.042 [scheduling-1] INFO  - 执行耗时: 24 毫秒
2026-01-26 10:30:00.042 [scheduling-1] INFO  - =====================================
2026-01-26 10:35:00.015 [scheduling-1] INFO  - ========== 开始执行定时任务：检查未到店订单 ==========
2026-01-26 10:35:00.045 [scheduling-1] INFO  - 找到 2 条待核销的订单
2026-01-26 10:35:00.045 [scheduling-1] INFO  - ========== 定时任务完成 ==========
2026-01-26 10:35:00.045 [scheduling-1] INFO  - 总订单数: 2
2026-01-26 10:35:00.045 [scheduling-1] INFO  - 更新数量: 0
2026-01-26 10:35:00.045 [scheduling-1] INFO  - 跳过数量: 0
2026-01-26 10:35:00.045 [scheduling-1] INFO  - 错误数量: 0
2026-01-26 10:35:00.045 [scheduling-1] INFO  - 执行耗时: 26 毫秒
2026-01-26 10:35:00.045 [scheduling-1] INFO  - =====================================
2026-01-26 10:40:00.015 [scheduling-1] INFO  - ========== 开始执行定时任务：检查未到店订单 ==========
2026-01-26 10:40:00.035 [scheduling-1] INFO  - 找到 2 条待核销的订单
2026-01-26 10:40:00.036 [scheduling-1] INFO  - ========== 定时任务完成 ==========
2026-01-26 10:40:00.036 [scheduling-1] INFO  - 总订单数: 2
2026-01-26 10:40:00.036 [scheduling-1] INFO  - 更新数量: 0
2026-01-26 10:40:00.036 [scheduling-1] INFO  - 跳过数量: 0
2026-01-26 10:40:00.036 [scheduling-1] INFO  - 错误数量: 0
2026-01-26 10:40:00.036 [scheduling-1] INFO  - 执行耗时: 18 毫秒
2026-01-26 10:40:00.036 [scheduling-1] INFO  - =====================================
2026-01-26 10:45:00.016 [scheduling-1] INFO  - ========== 开始执行定时任务：检查未到店订单 ==========
2026-01-26 10:45:00.042 [scheduling-1] INFO  - 找到 2 条待核销的订单
2026-01-26 10:45:00.043 [scheduling-1] INFO  - ========== 定时任务完成 ==========
2026-01-26 10:45:00.043 [scheduling-1] INFO  - 总订单数: 2
2026-01-26 10:45:00.043 [scheduling-1] INFO  - 更新数量: 0
2026-01-26 10:45:00.043 [scheduling-1] INFO  - 跳过数量: 0
2026-01-26 10:45:00.043 [scheduling-1] INFO  - 错误数量: 0
2026-01-26 10:45:00.043 [scheduling-1] INFO  - 执行耗时: 24 毫秒
2026-01-26 10:45:00.043 [scheduling-1] INFO  - =====================================
2026-01-26 10:50:00.015 [scheduling-1] INFO  - ========== 开始执行定时任务：检查未到店订单 ==========
2026-01-26 10:50:00.030 [scheduling-1] INFO  - 找到 2 条待核销的订单
2026-01-26 10:50:00.031 [scheduling-1] INFO  - ========== 定时任务完成 ==========
2026-01-26 10:50:00.031 [scheduling-1] INFO  - 总订单数: 2
2026-01-26 10:50:00.031 [scheduling-1] INFO  - 更新数量: 0
2026-01-26 10:50:00.031 [scheduling-1] INFO  - 跳过数量: 0
2026-01-26 10:50:00.031 [scheduling-1] INFO  - 错误数量: 0
2026-01-26 10:50:00.031 [scheduling-1] INFO  - 执行耗时: 14 毫秒
2026-01-26 10:50:00.031 [scheduling-1] INFO  - =====================================
2026-01-26 10:55:00.009 [scheduling-1] INFO  - ========== 开始执行定时任务：检查未到店订单 ==========
2026-01-26 10:55:00.034 [scheduling-1] INFO  - 找到 2 条待核销的订单
2026-01-26 10:55:00.035 [scheduling-1] INFO  - ========== 定时任务完成 ==========
2026-01-26 10:55:00.035 [scheduling-1] INFO  - 总订单数: 2
2026-01-26 10:55:00.035 [scheduling-1] INFO  - 更新数量: 0
2026-01-26 10:55:00.035 [scheduling-1] INFO  - 跳过数量: 0
2026-01-26 10:55:00.035 [scheduling-1] INFO  - 错误数量: 0
2026-01-26 10:55:00.035 [scheduling-1] INFO  - 执行耗时: 23 毫秒
2026-01-26 10:55:00.035 [scheduling-1] INFO  - =====================================
2026-01-26 11:00:00.014 [scheduling-1] INFO  - ========== 开始执行定时任务：检查未到店订单 ==========
2026-01-26 11:00:00.030 [scheduling-1] INFO  - 找到 2 条待核销的订单
2026-01-26 11:00:00.030 [scheduling-1] INFO  - ========== 定时任务完成 ==========
2026-01-26 11:00:00.030 [scheduling-1] INFO  - 总订单数: 2
2026-01-26 11:00:00.030 [scheduling-1] INFO  - 更新数量: 0
2026-01-26 11:00:00.030 [scheduling-1] INFO  - 跳过数量: 0
2026-01-26 11:00:00.032 [scheduling-1] INFO  - 错误数量: 0
2026-01-26 11:00:00.032 [scheduling-1] INFO  - 执行耗时: 14 毫秒
2026-01-26 11:00:00.032 [scheduling-1] INFO  - =====================================
2026-01-26 11:05:00.019 [scheduling-1] INFO  - ========== 开始执行定时任务：检查未到店订单 ==========
2026-01-26 11:05:00.092 [scheduling-1] INFO  - 找到 2 条待核销的订单
2026-01-26 11:05:00.093 [scheduling-1] INFO  - ========== 定时任务完成 ==========
2026-01-26 11:05:00.093 [scheduling-1] INFO  - 总订单数: 2
2026-01-26 11:05:00.093 [scheduling-1] INFO  - 更新数量: 0
2026-01-26 11:05:00.093 [scheduling-1] INFO  - 跳过数量: 0
2026-01-26 11:05:00.093 [scheduling-1] INFO  - 错误数量: 0
2026-01-26 11:05:00.093 [scheduling-1] INFO  - 执行耗时: 72 毫秒
2026-01-26 11:05:00.093 [scheduling-1] INFO  - =====================================
2026-01-26 11:10:00.032 [scheduling-1] INFO  - ========== 开始执行定时任务：检查未到店订单 ==========
2026-01-26 11:10:00.066 [scheduling-1] INFO  - 找到 2 条待核销的订单
2026-01-26 11:10:00.067 [scheduling-1] INFO  - ========== 定时任务完成 ==========
2026-01-26 11:10:00.068 [scheduling-1] INFO  - 总订单数: 2
2026-01-26 11:10:00.068 [scheduling-1] INFO  - 更新数量: 0
2026-01-26 11:10:00.068 [scheduling-1] INFO  - 跳过数量: 0
2026-01-26 11:10:00.068 [scheduling-1] INFO  - 错误数量: 0
2026-01-26 11:10:00.068 [scheduling-1] INFO  - 执行耗时: 33 毫秒
2026-01-26 11:10:00.068 [scheduling-1] INFO  - =====================================
2026-01-26 11:15:00.019 [scheduling-1] INFO  - ========== 开始执行定时任务：检查未到店订单 ==========
2026-01-26 11:15:00.056 [scheduling-1] INFO  - 找到 2 条待核销的订单
2026-01-26 11:15:00.059 [scheduling-1] INFO  - ========== 定时任务完成 ==========
2026-01-26 11:15:00.059 [scheduling-1] INFO  - 总订单数: 2
2026-01-26 11:15:00.059 [scheduling-1] INFO  - 更新数量: 0
2026-01-26 11:15:00.060 [scheduling-1] INFO  - 跳过数量: 0
2026-01-26 11:15:00.060 [scheduling-1] INFO  - 错误数量: 0
2026-01-26 11:15:00.060 [scheduling-1] INFO  - 执行耗时: 38 毫秒
2026-01-26 11:15:00.060 [scheduling-1] INFO  - =====================================
2026-01-26 11:20:00.016 [scheduling-1] INFO  - ========== 开始执行定时任务：检查未到店订单 ==========
2026-01-26 11:20:00.029 [scheduling-1] INFO  - 找到 2 条待核销的订单
2026-01-26 11:20:00.030 [scheduling-1] INFO  - ========== 定时任务完成 ==========
2026-01-26 11:20:00.030 [scheduling-1] INFO  - 总订单数: 2
2026-01-26 11:20:00.030 [scheduling-1] INFO  - 更新数量: 0
2026-01-26 11:20:00.030 [scheduling-1] INFO  - 跳过数量: 0
2026-01-26 11:20:00.030 [scheduling-1] INFO  - 错误数量: 0
2026-01-26 11:20:00.030 [scheduling-1] INFO  - 执行耗时: 13 毫秒
2026-01-26 11:20:00.030 [scheduling-1] INFO  - =====================================
2026-01-26 11:24:59.933 [scheduling-1] INFO  - ========== 开始执行定时任务：检查未到店订单 ==========
2026-01-26 11:24:59.957 [scheduling-1] INFO  - 找到 2 条待核销的订单
2026-01-26 11:24:59.958 [scheduling-1] INFO  - ========== 定时任务完成 ==========
2026-01-26 11:24:59.958 [scheduling-1] INFO  - 总订单数: 2
2026-01-26 11:24:59.958 [scheduling-1] INFO  - 更新数量: 0
2026-01-26 11:24:59.958 [scheduling-1] INFO  - 跳过数量: 0
2026-01-26 11:24:59.958 [scheduling-1] INFO  - 错误数量: 0
2026-01-26 11:24:59.958 [scheduling-1] INFO  - 执行耗时: 22 毫秒
2026-01-26 11:24:59.959 [scheduling-1] INFO  - =====================================
2026-01-26 11:30:00.012 [scheduling-1] INFO  - ========== 开始执行定时任务：检查未到店订单 ==========
2026-01-26 11:30:00.032 [scheduling-1] INFO  - 找到 2 条待核销的订单
2026-01-26 11:30:00.033 [scheduling-1] INFO  - ========== 定时任务完成 ==========
2026-01-26 11:30:00.033 [scheduling-1] INFO  - 总订单数: 2
2026-01-26 11:30:00.033 [scheduling-1] INFO  - 更新数量: 0
2026-01-26 11:30:00.033 [scheduling-1] INFO  - 跳过数量: 0
2026-01-26 11:30:00.033 [scheduling-1] INFO  - 错误数量: 0
2026-01-26 11:30:00.033 [scheduling-1] INFO  - 执行耗时: 20 毫秒
2026-01-26 11:30:00.033 [scheduling-1] INFO  - =====================================
2026-01-26 11:35:00.011 [scheduling-1] INFO  - ========== 开始执行定时任务：检查未到店订单 ==========
2026-01-26 11:35:00.031 [scheduling-1] INFO  - 找到 2 条待核销的订单
2026-01-26 11:35:00.032 [scheduling-1] INFO  - ========== 定时任务完成 ==========
2026-01-26 11:35:00.032 [scheduling-1] INFO  - 总订单数: 2
2026-01-26 11:35:00.032 [scheduling-1] INFO  - 更新数量: 0
2026-01-26 11:35:00.033 [scheduling-1] INFO  - 跳过数量: 0
2026-01-26 11:35:00.033 [scheduling-1] INFO  - 错误数量: 0
2026-01-26 11:35:00.033 [scheduling-1] INFO  - 执行耗时: 19 毫秒
2026-01-26 11:35:00.033 [scheduling-1] INFO  - =====================================
2026-01-26 11:40:00.070 [scheduling-1] INFO  - ========== 开始执行定时任务：检查未到店订单 ==========
2026-01-26 11:40:00.093 [scheduling-1] INFO  - 找到 2 条待核销的订单
2026-01-26 11:40:00.094 [scheduling-1] INFO  - ========== 定时任务完成 ==========
2026-01-26 11:40:00.094 [scheduling-1] INFO  - 总订单数: 2
2026-01-26 11:40:00.094 [scheduling-1] INFO  - 更新数量: 0
2026-01-26 11:40:00.094 [scheduling-1] INFO  - 跳过数量: 0
2026-01-26 11:40:00.094 [scheduling-1] INFO  - 错误数量: 0
2026-01-26 11:40:00.094 [scheduling-1] INFO  - 执行耗时: 22 毫秒
2026-01-26 11:40:00.094 [scheduling-1] INFO  - =====================================
2026-01-26 11:45:00.015 [scheduling-1] INFO  - ========== 开始执行定时任务：检查未到店订单 ==========
2026-01-26 11:45:00.031 [scheduling-1] INFO  - 找到 2 条待核销的订单
2026-01-26 11:45:00.031 [scheduling-1] INFO  - ========== 定时任务完成 ==========
2026-01-26 11:45:00.032 [scheduling-1] INFO  - 总订单数: 2
2026-01-26 11:45:00.032 [scheduling-1] INFO  - 更新数量: 0
2026-01-26 11:45:00.032 [scheduling-1] INFO  - 跳过数量: 0
2026-01-26 11:45:00.032 [scheduling-1] INFO  - 错误数量: 0
2026-01-26 11:45:00.032 [scheduling-1] INFO  - 执行耗时: 15 毫秒
2026-01-26 11:45:00.032 [scheduling-1] INFO  - =====================================
2026-01-26 11:50:00.014 [scheduling-1] INFO  - ========== 开始执行定时任务：检查未到店订单 ==========
2026-01-26 11:50:00.031 [scheduling-1] INFO  - 找到 2 条待核销的订单
2026-01-26 11:50:00.032 [scheduling-1] INFO  - ========== 定时任务完成 ==========
2026-01-26 11:50:00.032 [scheduling-1] INFO  - 总订单数: 2
2026-01-26 11:50:00.032 [scheduling-1] INFO  - 更新数量: 0
2026-01-26 11:50:00.032 [scheduling-1] INFO  - 跳过数量: 0
2026-01-26 11:50:00.032 [scheduling-1] INFO  - 错误数量: 0
2026-01-26 11:50:00.033 [scheduling-1] INFO  - 执行耗时: 17 毫秒
2026-01-26 11:50:00.033 [scheduling-1] INFO  - =====================================
2026-01-26 11:55:00.016 [scheduling-1] INFO  - ========== 开始执行定时任务：检查未到店订单 ==========
2026-01-26 11:55:00.036 [scheduling-1] INFO  - 找到 2 条待核销的订单
2026-01-26 11:55:00.036 [scheduling-1] INFO  - ========== 定时任务完成 ==========
2026-01-26 11:55:00.036 [scheduling-1] INFO  - 总订单数: 2
2026-01-26 11:55:00.036 [scheduling-1] INFO  - 更新数量: 0
2026-01-26 11:55:00.036 [scheduling-1] INFO  - 跳过数量: 0
2026-01-26 11:55:00.036 [scheduling-1] INFO  - 错误数量: 0
2026-01-26 11:55:00.037 [scheduling-1] INFO  - 执行耗时: 17 毫秒
2026-01-26 11:55:00.037 [scheduling-1] INFO  - =====================================
2026-01-26 12:00:00.017 [scheduling-1] INFO  - ========== 开始执行定时任务：检查未到店订单 ==========
2026-01-26 12:00:00.028 [scheduling-1] INFO  - 找到 2 条待核销的订单
2026-01-26 12:00:00.028 [scheduling-1] INFO  - ========== 定时任务完成 ==========
2026-01-26 12:00:00.029 [scheduling-1] INFO  - 总订单数: 2
2026-01-26 12:00:00.029 [scheduling-1] INFO  - 更新数量: 0
2026-01-26 12:00:00.029 [scheduling-1] INFO  - 跳过数量: 0
2026-01-26 12:00:00.029 [scheduling-1] INFO  - 错误数量: 0
2026-01-26 12:00:00.029 [scheduling-1] INFO  - 执行耗时: 10 毫秒
2026-01-26 12:00:00.029 [scheduling-1] INFO  - =====================================
2026-01-26 12:05:00.015 [scheduling-1] INFO  - ========== 开始执行定时任务：检查未到店订单 ==========
2026-01-26 12:05:00.045 [scheduling-1] INFO  - 找到 2 条待核销的订单
2026-01-26 12:05:00.046 [scheduling-1] INFO  - ========== 定时任务完成 ==========
2026-01-26 12:05:00.046 [scheduling-1] INFO  - 总订单数: 2
2026-01-26 12:05:00.046 [scheduling-1] INFO  - 更新数量: 0
2026-01-26 12:05:00.046 [scheduling-1] INFO  - 跳过数量: 0
2026-01-26 12:05:00.046 [scheduling-1] INFO  - 错误数量: 0
2026-01-26 12:05:00.046 [scheduling-1] INFO  - 执行耗时: 27 毫秒
2026-01-26 12:05:00.046 [scheduling-1] INFO  - =====================================
2026-01-26 12:10:00.017 [scheduling-1] INFO  - ========== 开始执行定时任务：检查未到店订单 ==========
2026-01-26 12:10:00.068 [scheduling-1] INFO  - 找到 2 条待核销的订单
2026-01-26 12:10:00.070 [scheduling-1] INFO  - ========== 定时任务完成 ==========
2026-01-26 12:10:00.070 [scheduling-1] INFO  - 总订单数: 2
2026-01-26 12:10:00.070 [scheduling-1] INFO  - 更新数量: 0
2026-01-26 12:10:00.070 [scheduling-1] INFO  - 跳过数量: 0
2026-01-26 12:10:00.070 [scheduling-1] INFO  - 错误数量: 0
2026-01-26 12:10:00.070 [scheduling-1] INFO  - 执行耗时: 48 毫秒
2026-01-26 12:10:00.070 [scheduling-1] INFO  - =====================================
2026-01-26 12:15:00.030 [scheduling-1] INFO  - ========== 开始执行定时任务：检查未到店订单 ==========
2026-01-26 12:15:00.066 [scheduling-1] INFO  - 找到 2 条待核销的订单
2026-01-26 12:15:00.067 [scheduling-1] INFO  - ========== 定时任务完成 ==========
2026-01-26 12:15:00.067 [scheduling-1] INFO  - 总订单数: 2
2026-01-26 12:15:00.068 [scheduling-1] INFO  - 更新数量: 0
2026-01-26 12:15:00.068 [scheduling-1] INFO  - 跳过数量: 0
2026-01-26 12:15:00.068 [scheduling-1] INFO  - 错误数量: 0
2026-01-26 12:15:00.068 [scheduling-1] INFO  - 执行耗时: 34 毫秒
2026-01-26 12:15:00.068 [scheduling-1] INFO  - =====================================
2026-01-26 12:19:59.964 [scheduling-1] INFO  - ========== 开始执行定时任务：检查未到店订单 ==========
2026-01-26 12:19:59.979 [scheduling-1] INFO  - 找到 2 条待核销的订单
2026-01-26 12:19:59.979 [scheduling-1] INFO  - ========== 定时任务完成 ==========
2026-01-26 12:19:59.979 [scheduling-1] INFO  - 总订单数: 2
2026-01-26 12:19:59.980 [scheduling-1] INFO  - 更新数量: 0
2026-01-26 12:19:59.980 [scheduling-1] INFO  - 跳过数量: 0
2026-01-26 12:19:59.980 [scheduling-1] INFO  - 错误数量: 0
2026-01-26 12:19:59.980 [scheduling-1] INFO  - 执行耗时: 14 毫秒
2026-01-26 12:19:59.980 [scheduling-1] INFO  - =====================================
2026-01-26 12:25:00.006 [scheduling-1] INFO  - ========== 开始执行定时任务：检查未到店订单 ==========
2026-01-26 12:25:00.027 [scheduling-1] INFO  - 找到 2 条待核销的订单
2026-01-26 12:25:00.027 [scheduling-1] INFO  - ========== 定时任务完成 ==========
2026-01-26 12:25:00.028 [scheduling-1] INFO  - 总订单数: 2
2026-01-26 12:25:00.028 [scheduling-1] INFO  - 更新数量: 0
2026-01-26 12:25:00.028 [scheduling-1] INFO  - 跳过数量: 0
2026-01-26 12:25:00.028 [scheduling-1] INFO  - 错误数量: 0
2026-01-26 12:25:00.028 [scheduling-1] INFO  - 执行耗时: 19 毫秒
2026-01-26 12:25:00.028 [scheduling-1] INFO  - =====================================
2026-01-26 12:30:00.011 [scheduling-1] INFO  - ========== 开始执行定时任务：检查未到店订单 ==========
2026-01-26 12:30:00.034 [scheduling-1] INFO  - 找到 2 条待核销的订单
2026-01-26 12:30:00.035 [scheduling-1] INFO  - ========== 定时任务完成 ==========
2026-01-26 12:30:00.035 [scheduling-1] INFO  - 总订单数: 2
2026-01-26 12:30:00.035 [scheduling-1] INFO  - 更新数量: 0
2026-01-26 12:30:00.035 [scheduling-1] INFO  - 跳过数量: 0
2026-01-26 12:30:00.035 [scheduling-1] INFO  - 错误数量: 0
2026-01-26 12:30:00.035 [scheduling-1] INFO  - 执行耗时: 22 毫秒
2026-01-26 12:30:00.035 [scheduling-1] INFO  - =====================================
2026-01-26 12:35:00.029 [scheduling-1] INFO  - ========== 开始执行定时任务：检查未到店订单 ==========
2026-01-26 12:35:00.045 [scheduling-1] INFO  - 找到 3 条待核销的订单
2026-01-26 12:35:00.048 [scheduling-1] INFO  - ========== 定时任务完成 ==========
2026-01-26 12:35:00.048 [scheduling-1] INFO  - 总订单数: 3
2026-01-26 12:35:00.048 [scheduling-1] INFO  - 更新数量: 0
2026-01-26 12:35:00.048 [scheduling-1] INFO  - 跳过数量: 0
2026-01-26 12:35:00.048 [scheduling-1] INFO  - 错误数量: 0
2026-01-26 12:35:00.048 [scheduling-1] INFO  - 执行耗时: 18 毫秒
2026-01-26 12:35:00.048 [scheduling-1] INFO  - =====================================
2026-01-26 12:40:00.053 [scheduling-1] INFO  - ========== 开始执行定时任务：检查未到店订单 ==========
2026-01-26 12:40:00.103 [scheduling-1] INFO  - 找到 3 条待核销的订单
2026-01-26 12:40:00.104 [scheduling-1] INFO  - ========== 定时任务完成 ==========
2026-01-26 12:40:00.104 [scheduling-1] INFO  - 总订单数: 3
2026-01-26 12:40:00.104 [scheduling-1] INFO  - 更新数量: 0
2026-01-26 12:40:00.104 [scheduling-1] INFO  - 跳过数量: 0
2026-01-26 12:40:00.104 [scheduling-1] INFO  - 错误数量: 0
2026-01-26 12:40:00.104 [scheduling-1] INFO  - 执行耗时: 43 毫秒
2026-01-26 12:40:00.104 [scheduling-1] INFO  - =====================================
2026-01-26 12:45:00.018 [scheduling-1] INFO  - ========== 开始执行定时任务：检查未到店订单 ==========
2026-01-26 12:45:00.039 [scheduling-1] INFO  - 找到 3 条待核销的订单
2026-01-26 12:45:00.040 [scheduling-1] INFO  - ========== 定时任务完成 ==========
2026-01-26 12:45:00.040 [scheduling-1] INFO  - 总订单数: 3
2026-01-26 12:45:00.040 [scheduling-1] INFO  - 更新数量: 0
2026-01-26 12:45:00.040 [scheduling-1] INFO  - 跳过数量: 0
2026-01-26 12:45:00.040 [scheduling-1] INFO  - 错误数量: 0
2026-01-26 12:45:00.040 [scheduling-1] INFO  - 执行耗时: 16 毫秒
2026-01-26 12:45:00.040 [scheduling-1] INFO  - =====================================
2026-01-26 12:50:00.015 [scheduling-1] INFO  - ========== 开始执行定时任务：检查未到店订单 ==========
2026-01-26 12:50:00.065 [scheduling-1] INFO  - 找到 3 条待核销的订单
2026-01-26 12:50:00.066 [scheduling-1] INFO  - ========== 定时任务完成 ==========
2026-01-26 12:50:00.066 [scheduling-1] INFO  - 总订单数: 3
2026-01-26 12:50:00.066 [scheduling-1] INFO  - 更新数量: 0
2026-01-26 12:50:00.066 [scheduling-1] INFO  - 跳过数量: 0
2026-01-26 12:50:00.066 [scheduling-1] INFO  - 错误数量: 0
2026-01-26 12:50:00.066 [scheduling-1] INFO  - 执行耗时: 45 毫秒
2026-01-26 12:50:00.066 [scheduling-1] INFO  - =====================================
2026-01-26 12:55:00.017 [scheduling-1] INFO  - ========== 开始执行定时任务：检查未到店订单 ==========
2026-01-26 12:55:00.050 [scheduling-1] INFO  - 找到 3 条待核销的订单
2026-01-26 12:55:00.052 [scheduling-1] INFO  - ========== 定时任务完成 ==========
2026-01-26 12:55:00.052 [scheduling-1] INFO  - 总订单数: 3
2026-01-26 12:55:00.052 [scheduling-1] INFO  - 更新数量: 0
2026-01-26 12:55:00.052 [scheduling-1] INFO  - 跳过数量: 0
2026-01-26 12:55:00.052 [scheduling-1] INFO  - 错误数量: 0
2026-01-26 12:55:00.052 [scheduling-1] INFO  - 执行耗时: 34 毫秒
2026-01-26 12:55:00.052 [scheduling-1] INFO  - =====================================
2026-01-26 12:59:59.976 [scheduling-1] INFO  - ========== 开始执行定时任务：检查未到店订单 ==========
2026-01-26 13:00:00.032 [scheduling-1] INFO  - 找到 3 条待核销的订单
2026-01-26 13:00:00.033 [scheduling-1] INFO  - ========== 定时任务完成 ==========
2026-01-26 13:00:00.033 [scheduling-1] INFO  - 总订单数: 3
2026-01-26 13:00:00.033 [scheduling-1] INFO  - 更新数量: 0
2026-01-26 13:00:00.033 [scheduling-1] INFO  - 跳过数量: 0
2026-01-26 13:00:00.033 [scheduling-1] INFO  - 错误数量: 0
2026-01-26 13:00:00.033 [scheduling-1] INFO  - 执行耗时: 55 毫秒
2026-01-26 13:00:00.033 [scheduling-1] INFO  - =====================================
2026-01-26 13:05:00.021 [scheduling-1] INFO  - ========== 开始执行定时任务：检查未到店订单 ==========
2026-01-26 13:05:00.057 [scheduling-1] INFO  - 找到 3 条待核销的订单
2026-01-26 13:05:00.058 [scheduling-1] INFO  - ========== 定时任务完成 ==========
2026-01-26 13:05:00.058 [scheduling-1] INFO  - 总订单数: 3
2026-01-26 13:05:00.058 [scheduling-1] INFO  - 更新数量: 0
2026-01-26 13:05:00.058 [scheduling-1] INFO  - 跳过数量: 0
2026-01-26 13:05:00.059 [scheduling-1] INFO  - 错误数量: 0
2026-01-26 13:05:00.059 [scheduling-1] INFO  - 执行耗时: 34 毫秒
2026-01-26 13:05:00.059 [scheduling-1] INFO  - =====================================
2026-01-26 13:10:00.008 [scheduling-1] INFO  - ========== 开始执行定时任务：检查未到店订单 ==========
2026-01-26 13:10:00.056 [scheduling-1] INFO  - 找到 3 条待核销的订单
2026-01-26 13:10:00.057 [scheduling-1] INFO  - ========== 定时任务完成 ==========
2026-01-26 13:10:00.057 [scheduling-1] INFO  - 总订单数: 3
2026-01-26 13:10:00.057 [scheduling-1] INFO  - 更新数量: 0
2026-01-26 13:10:00.058 [scheduling-1] INFO  - 跳过数量: 0
2026-01-26 13:10:00.058 [scheduling-1] INFO  - 错误数量: 0
2026-01-26 13:10:00.058 [scheduling-1] INFO  - 执行耗时: 43 毫秒
2026-01-26 13:10:00.058 [scheduling-1] INFO  - =====================================
2026-01-26 13:15:00.025 [scheduling-1] INFO  - ========== 开始执行定时任务：检查未到店订单 ==========
2026-01-26 13:15:00.050 [scheduling-1] INFO  - 找到 3 条待核销的订单
2026-01-26 13:15:00.050 [scheduling-1] INFO  - ========== 定时任务完成 ==========
2026-01-26 13:15:00.050 [scheduling-1] INFO  - 总订单数: 3
2026-01-26 13:15:00.051 [scheduling-1] INFO  - 更新数量: 0
2026-01-26 13:15:00.051 [scheduling-1] INFO  - 跳过数量: 0
2026-01-26 13:15:00.051 [scheduling-1] INFO  - 错误数量: 0
2026-01-26 13:15:00.051 [scheduling-1] INFO  - 执行耗时: 23 毫秒
2026-01-26 13:15:00.051 [scheduling-1] INFO  - =====================================
2026-01-26 13:20:00.035 [scheduling-1] INFO  - ========== 开始执行定时任务：检查未到店订单 ==========
2026-01-26 13:20:00.057 [scheduling-1] INFO  - 找到 3 条待核销的订单
2026-01-26 13:20:00.057 [scheduling-1] INFO  - ========== 定时任务完成 ==========
2026-01-26 13:20:00.057 [scheduling-1] INFO  - 总订单数: 3
2026-01-26 13:20:00.057 [scheduling-1] INFO  - 更新数量: 0
2026-01-26 13:20:00.057 [scheduling-1] INFO  - 跳过数量: 0
2026-01-26 13:20:00.057 [scheduling-1] INFO  - 错误数量: 0
2026-01-26 13:20:00.057 [scheduling-1] INFO  - 执行耗时: 20 毫秒
2026-01-26 13:20:00.057 [scheduling-1] INFO  - =====================================
2026-01-26 13:25:00.017 [scheduling-1] INFO  - ========== 开始执行定时任务：检查未到店订单 ==========
2026-01-26 13:25:00.045 [scheduling-1] INFO  - 找到 3 条待核销的订单
2026-01-26 13:25:00.046 [scheduling-1] INFO  - ========== 定时任务完成 ==========
2026-01-26 13:25:00.046 [scheduling-1] INFO  - 总订单数: 3
2026-01-26 13:25:00.046 [scheduling-1] INFO  - 更新数量: 0
2026-01-26 13:25:00.046 [scheduling-1] INFO  - 跳过数量: 0
2026-01-26 13:25:00.046 [scheduling-1] INFO  - 错误数量: 0
2026-01-26 13:25:00.046 [scheduling-1] INFO  - 执行耗时: 27 毫秒
2026-01-26 13:25:00.046 [scheduling-1] INFO  - =====================================
2026-01-26 13:30:00.025 [scheduling-1] INFO  - ========== 开始执行定时任务：检查未到店订单 ==========
2026-01-26 13:30:00.100 [scheduling-1] INFO  - 找到 3 条待核销的订单
2026-01-26 13:30:00.103 [scheduling-1] INFO  - ========== 定时任务完成 ==========
2026-01-26 13:30:00.103 [scheduling-1] INFO  - 总订单数: 3
2026-01-26 13:30:00.103 [scheduling-1] INFO  - 更新数量: 0
2026-01-26 13:30:00.103 [scheduling-1] INFO  - 跳过数量: 0
2026-01-26 13:30:00.103 [scheduling-1] INFO  - 错误数量: 0
2026-01-26 13:30:00.103 [scheduling-1] INFO  - 执行耗时: 73 毫秒
2026-01-26 13:30:00.103 [scheduling-1] INFO  - =====================================
2026-01-26 13:35:00.010 [scheduling-1] INFO  - ========== 开始执行定时任务：检查未到店订单 ==========
2026-01-26 13:35:00.035 [scheduling-1] INFO  - 找到 3 条待核销的订单
2026-01-26 13:35:00.035 [scheduling-1] INFO  - ========== 定时任务完成 ==========
2026-01-26 13:35:00.035 [scheduling-1] INFO  - 总订单数: 3
2026-01-26 13:35:00.035 [scheduling-1] INFO  - 更新数量: 0
2026-01-26 13:35:00.035 [scheduling-1] INFO  - 跳过数量: 0
2026-01-26 13:35:00.035 [scheduling-1] INFO  - 错误数量: 0
2026-01-26 13:35:00.036 [scheduling-1] INFO  - 执行耗时: 23 毫秒
2026-01-26 13:35:00.036 [scheduling-1] INFO  - =====================================
2026-01-26 13:40:00.013 [scheduling-1] INFO  - ========== 开始执行定时任务：检查未到店订单 ==========
2026-01-26 13:40:00.047 [scheduling-1] INFO  - 找到 3 条待核销的订单
2026-01-26 13:40:00.047 [scheduling-1] INFO  - ========== 定时任务完成 ==========
2026-01-26 13:40:00.047 [scheduling-1] INFO  - 总订单数: 3
2026-01-26 13:40:00.047 [scheduling-1] INFO  - 更新数量: 0
2026-01-26 13:40:00.047 [scheduling-1] INFO  - 跳过数量: 0
2026-01-26 13:40:00.047 [scheduling-1] INFO  - 错误数量: 0
2026-01-26 13:40:00.048 [scheduling-1] INFO  - 执行耗时: 29 毫秒
2026-01-26 13:40:00.048 [scheduling-1] INFO  - =====================================
2026-01-26 13:45:00.009 [scheduling-1] INFO  - ========== 开始执行定时任务：检查未到店订单 ==========
2026-01-26 13:45:00.029 [scheduling-1] INFO  - 找到 3 条待核销的订单
2026-01-26 13:45:00.030 [scheduling-1] INFO  - ========== 定时任务完成 ==========
2026-01-26 13:45:00.030 [scheduling-1] INFO  - 总订单数: 3
2026-01-26 13:45:00.030 [scheduling-1] INFO  - 更新数量: 0
2026-01-26 13:45:00.031 [scheduling-1] INFO  - 跳过数量: 0
2026-01-26 13:45:00.031 [scheduling-1] INFO  - 错误数量: 0
2026-01-26 13:45:00.031 [scheduling-1] INFO  - 执行耗时: 20 毫秒
2026-01-26 13:45:00.031 [scheduling-1] INFO  - =====================================
2026-01-26 13:50:00.030 [scheduling-1] INFO  - ========== 开始执行定时任务：检查未到店订单 ==========
2026-01-26 13:50:00.047 [scheduling-1] INFO  - 找到 3 条待核销的订单
2026-01-26 13:50:00.048 [scheduling-1] INFO  - ========== 定时任务完成 ==========
2026-01-26 13:50:00.048 [scheduling-1] INFO  - 总订单数: 3
2026-01-26 13:50:00.048 [scheduling-1] INFO  - 更新数量: 0
2026-01-26 13:50:00.048 [scheduling-1] INFO  - 跳过数量: 0
2026-01-26 13:50:00.048 [scheduling-1] INFO  - 错误数量: 0
2026-01-26 13:50:00.048 [scheduling-1] INFO  - 执行耗时: 17 毫秒
2026-01-26 13:50:00.048 [scheduling-1] INFO  - =====================================
2026-01-26 13:55:00.016 [scheduling-1] INFO  - ========== 开始执行定时任务：检查未到店订单 ==========
2026-01-26 13:55:00.047 [scheduling-1] INFO  - 找到 3 条待核销的订单
2026-01-26 13:55:00.048 [scheduling-1] INFO  - ========== 定时任务完成 ==========
2026-01-26 13:55:00.048 [scheduling-1] INFO  - 总订单数: 3
2026-01-26 13:55:00.048 [scheduling-1] INFO  - 更新数量: 0
2026-01-26 13:55:00.048 [scheduling-1] INFO  - 跳过数量: 0
2026-01-26 13:55:00.048 [scheduling-1] INFO  - 错误数量: 0
2026-01-26 13:55:00.048 [scheduling-1] INFO  - 执行耗时: 30 毫秒
2026-01-26 13:55:00.048 [scheduling-1] INFO  - =====================================
2026-01-26 14:00:00.012 [scheduling-1] INFO  - ========== 开始执行定时任务：检查未到店订单 ==========
2026-01-26 14:00:00.036 [scheduling-1] INFO  - 找到 3 条待核销的订单
2026-01-26 14:00:00.037 [scheduling-1] INFO  - ========== 定时任务完成 ==========
2026-01-26 14:00:00.037 [scheduling-1] INFO  - 总订单数: 3
2026-01-26 14:00:00.037 [scheduling-1] INFO  - 更新数量: 0
2026-01-26 14:00:00.037 [scheduling-1] INFO  - 跳过数量: 0
2026-01-26 14:00:00.037 [scheduling-1] INFO  - 错误数量: 0
2026-01-26 14:00:00.037 [scheduling-1] INFO  - 执行耗时: 21 毫秒
2026-01-26 14:00:00.037 [scheduling-1] INFO  - =====================================
2026-01-26 14:05:00.003 [scheduling-1] INFO  - ========== 开始执行定时任务：检查未到店订单 ==========
2026-01-26 14:05:00.011 [scheduling-1] INFO  - 找到 1 条待核销的订单
2026-01-26 14:05:00.013 [scheduling-1] INFO  - ========== 定时任务完成 ==========
2026-01-26 14:05:00.013 [scheduling-1] INFO  - 总订单数: 1
2026-01-26 14:05:00.013 [scheduling-1] INFO  - 更新数量: 0
2026-01-26 14:05:00.013 [scheduling-1] INFO  - 跳过数量: 0
2026-01-26 14:05:00.013 [scheduling-1] INFO  - 错误数量: 0
2026-01-26 14:05:00.013 [scheduling-1] INFO  - 执行耗时: 8 毫秒
2026-01-26 14:05:00.013 [scheduling-1] INFO  - =====================================
2026-01-26 14:10:00.014 [scheduling-1] INFO  - ========== 开始执行定时任务：检查未到店订单 ==========
2026-01-26 14:10:00.046 [scheduling-1] INFO  - 找到 0 条待核销的订单
2026-01-26 14:10:00.046 [scheduling-1] INFO  - ========== 定时任务完成 ==========
2026-01-26 14:10:00.046 [scheduling-1] INFO  - 总订单数: 0
2026-01-26 14:10:00.046 [scheduling-1] INFO  - 更新数量: 0
2026-01-26 14:10:00.046 [scheduling-1] INFO  - 跳过数量: 0
2026-01-26 14:10:00.046 [scheduling-1] INFO  - 错误数量: 0
2026-01-26 14:10:00.046 [scheduling-1] INFO  - 执行耗时: 25 毫秒
2026-01-26 14:10:00.046 [scheduling-1] INFO  - =====================================
2026-01-26 14:15:00.019 [scheduling-1] INFO  - ========== 开始执行定时任务：检查未到店订单 ==========
2026-01-26 14:15:00.043 [scheduling-1] INFO  - 找到 0 条待核销的订单
2026-01-26 14:15:00.043 [scheduling-1] INFO  - ========== 定时任务完成 ==========
2026-01-26 14:15:00.043 [scheduling-1] INFO  - 总订单数: 0
2026-01-26 14:15:00.043 [scheduling-1] INFO  - 更新数量: 0
2026-01-26 14:15:00.043 [scheduling-1] INFO  - 跳过数量: 0
2026-01-26 14:15:00.043 [scheduling-1] INFO  - 错误数量: 0
2026-01-26 14:15:00.043 [scheduling-1] INFO  - 执行耗时: 22 毫秒
2026-01-26 14:15:00.043 [scheduling-1] INFO  - =====================================
2026-01-26 14:20:00.011 [scheduling-1] INFO  - ========== 开始执行定时任务：检查未到店订单 ==========
2026-01-26 14:20:00.035 [scheduling-1] INFO  - 找到 0 条待核销的订单
2026-01-26 14:20:00.035 [scheduling-1] INFO  - ========== 定时任务完成 ==========
2026-01-26 14:20:00.035 [scheduling-1] INFO  - 总订单数: 0
2026-01-26 14:20:00.035 [scheduling-1] INFO  - 更新数量: 0
2026-01-26 14:20:00.035 [scheduling-1] INFO  - 跳过数量: 0
2026-01-26 14:20:00.035 [scheduling-1] INFO  - 错误数量: 0
2026-01-26 14:20:00.035 [scheduling-1] INFO  - 执行耗时: 22 毫秒
2026-01-26 14:20:00.035 [scheduling-1] INFO  - =====================================
2026-01-26 14:25:00.010 [scheduling-1] INFO  - ========== 开始执行定时任务：检查未到店订单 ==========
2026-01-26 14:25:00.032 [scheduling-1] INFO  - 找到 0 条待核销的订单
2026-01-26 14:25:00.032 [scheduling-1] INFO  - ========== 定时任务完成 ==========
2026-01-26 14:25:00.032 [scheduling-1] INFO  - 总订单数: 0
2026-01-26 14:25:00.032 [scheduling-1] INFO  - 更新数量: 0
2026-01-26 14:25:00.032 [scheduling-1] INFO  - 跳过数量: 0
2026-01-26 14:25:00.032 [scheduling-1] INFO  - 错误数量: 0
2026-01-26 14:25:00.032 [scheduling-1] INFO  - 执行耗时: 19 毫秒
2026-01-26 14:25:00.032 [scheduling-1] INFO  - =====================================
2026-01-26 14:30:00.012 [scheduling-1] INFO  - ========== 开始执行定时任务：检查未到店订单 ==========
2026-01-26 14:30:00.042 [scheduling-1] INFO  - 找到 1 条待核销的订单
2026-01-26 14:30:00.043 [scheduling-1] INFO  - ========== 定时任务完成 ==========
2026-01-26 14:30:00.043 [scheduling-1] INFO  - 总订单数: 1
2026-01-26 14:30:00.043 [scheduling-1] INFO  - 更新数量: 0
2026-01-26 14:30:00.043 [scheduling-1] INFO  - 跳过数量: 0
2026-01-26 14:30:00.043 [scheduling-1] INFO  - 错误数量: 0
2026-01-26 14:30:00.043 [scheduling-1] INFO  - 执行耗时: 29 毫秒
2026-01-26 14:30:00.043 [scheduling-1] INFO  - =====================================
2026-01-26 14:35:00.015 [scheduling-1] INFO  - ========== 开始执行定时任务：检查未到店订单 ==========
2026-01-26 14:35:00.029 [scheduling-1] INFO  - 找到 1 条待核销的订单
2026-01-26 14:35:00.030 [scheduling-1] INFO  - ========== 定时任务完成 ==========
2026-01-26 14:35:00.030 [scheduling-1] INFO  - 总订单数: 1
2026-01-26 14:35:00.030 [scheduling-1] INFO  - 更新数量: 0
2026-01-26 14:35:00.030 [scheduling-1] INFO  - 跳过数量: 0
2026-01-26 14:35:00.030 [scheduling-1] INFO  - 错误数量: 0
2026-01-26 14:35:00.030 [scheduling-1] INFO  - 执行耗时: 13 毫秒
2026-01-26 14:35:00.030 [scheduling-1] INFO  - =====================================
2026-01-26 14:40:00.010 [scheduling-1] INFO  - ========== 开始执行定时任务：检查未到店订单 ==========
2026-01-26 14:40:00.026 [scheduling-1] INFO  - 找到 1 条待核销的订单
2026-01-26 14:40:00.027 [scheduling-1] INFO  - ========== 定时任务完成 ==========
2026-01-26 14:40:00.027 [scheduling-1] INFO  - 总订单数: 1
2026-01-26 14:40:00.027 [scheduling-1] INFO  - 更新数量: 0
2026-01-26 14:40:00.027 [scheduling-1] INFO  - 跳过数量: 0
2026-01-26 14:40:00.027 [scheduling-1] INFO  - 错误数量: 0
2026-01-26 14:40:00.027 [scheduling-1] INFO  - 执行耗时: 16 毫秒
2026-01-26 14:40:00.027 [scheduling-1] INFO  - =====================================
2026-01-26 14:45:00.020 [scheduling-1] INFO  - ========== 开始执行定时任务：检查未到店订单 ==========
2026-01-26 14:45:00.029 [scheduling-1] INFO  - 找到 1 条待核销的订单
2026-01-26 14:45:00.030 [scheduling-1] INFO  - ========== 定时任务完成 ==========
2026-01-26 14:45:00.030 [scheduling-1] INFO  - 总订单数: 1
2026-01-26 14:45:00.030 [scheduling-1] INFO  - 更新数量: 0
2026-01-26 14:45:00.030 [scheduling-1] INFO  - 跳过数量: 0
2026-01-26 14:45:00.030 [scheduling-1] INFO  - 错误数量: 0
2026-01-26 14:45:00.030 [scheduling-1] INFO  - 执行耗时: 9 毫秒
2026-01-26 14:45:00.030 [scheduling-1] INFO  - =====================================
2026-01-26 14:50:00.015 [scheduling-1] INFO  - ========== 开始执行定时任务：检查未到店订单 ==========
2026-01-26 14:50:00.035 [scheduling-1] INFO  - 找到 1 条待核销的订单
2026-01-26 14:50:00.036 [scheduling-1] INFO  - ========== 定时任务完成 ==========
2026-01-26 14:50:00.036 [scheduling-1] INFO  - 总订单数: 1
2026-01-26 14:50:00.036 [scheduling-1] INFO  - 更新数量: 0
2026-01-26 14:50:00.036 [scheduling-1] INFO  - 跳过数量: 0
2026-01-26 14:50:00.036 [scheduling-1] INFO  - 错误数量: 0
2026-01-26 14:50:00.036 [scheduling-1] INFO  - 执行耗时: 18 毫秒
2026-01-26 14:50:00.036 [scheduling-1] INFO  - =====================================
2026-01-26 14:55:00.016 [scheduling-1] INFO  - ========== 开始执行定时任务：检查未到店订单 ==========
2026-01-26 14:55:00.036 [scheduling-1] INFO  - 找到 1 条待核销的订单
2026-01-26 14:55:00.036 [scheduling-1] INFO  - ========== 定时任务完成 ==========
2026-01-26 14:55:00.037 [scheduling-1] INFO  - 总订单数: 1
2026-01-26 14:55:00.037 [scheduling-1] INFO  - 更新数量: 0
2026-01-26 14:55:00.037 [scheduling-1] INFO  - 跳过数量: 0
2026-01-26 14:55:00.037 [scheduling-1] INFO  - 错误数量: 0
2026-01-26 14:55:00.037 [scheduling-1] INFO  - 执行耗时: 17 毫秒
2026-01-26 14:55:00.037 [scheduling-1] INFO  - =====================================
2026-01-26 14:59:59.985 [scheduling-1] INFO  - ========== 开始执行定时任务：检查未到店订单 ==========
2026-01-26 15:00:00.004 [scheduling-1] INFO  - 找到 1 条待核销的订单
2026-01-26 15:00:00.005 [scheduling-1] INFO  - ========== 定时任务完成 ==========
2026-01-26 15:00:00.005 [scheduling-1] INFO  - 总订单数: 1
2026-01-26 15:00:00.005 [scheduling-1] INFO  - 更新数量: 0
2026-01-26 15:00:00.005 [scheduling-1] INFO  - 跳过数量: 0
2026-01-26 15:00:00.005 [scheduling-1] INFO  - 错误数量: 0
2026-01-26 15:00:00.005 [scheduling-1] INFO  - 执行耗时: 18 毫秒
2026-01-26 15:00:00.005 [scheduling-1] INFO  - =====================================
2026-01-26 15:05:00.013 [scheduling-1] INFO  - ========== 开始执行定时任务：检查未到店订单 ==========
2026-01-26 15:05:00.036 [scheduling-1] INFO  - 找到 1 条待核销的订单
2026-01-26 15:05:00.037 [scheduling-1] INFO  - ========== 定时任务完成 ==========
2026-01-26 15:05:00.037 [scheduling-1] INFO  - 总订单数: 1
2026-01-26 15:05:00.037 [scheduling-1] INFO  - 更新数量: 0
2026-01-26 15:05:00.037 [scheduling-1] INFO  - 跳过数量: 0
2026-01-26 15:05:00.037 [scheduling-1] INFO  - 错误数量: 0
2026-01-26 15:05:00.037 [scheduling-1] INFO  - 执行耗时: 22 毫秒
2026-01-26 15:05:00.037 [scheduling-1] INFO  - =====================================
2026-01-26 15:10:00.014 [scheduling-1] INFO  - ========== 开始执行定时任务：检查未到店订单 ==========
2026-01-26 15:10:00.029 [scheduling-1] INFO  - 找到 1 条待核销的订单
2026-01-26 15:10:00.030 [scheduling-1] INFO  - ========== 定时任务完成 ==========
2026-01-26 15:10:00.030 [scheduling-1] INFO  - 总订单数: 1
2026-01-26 15:10:00.030 [scheduling-1] INFO  - 更新数量: 0
2026-01-26 15:10:00.030 [scheduling-1] INFO  - 跳过数量: 0
2026-01-26 15:10:00.030 [scheduling-1] INFO  - 错误数量: 0
2026-01-26 15:10:00.030 [scheduling-1] INFO  - 执行耗时: 14 毫秒
2026-01-26 15:10:00.030 [scheduling-1] INFO  - =====================================
2026-01-26 15:15:00.007 [scheduling-1] INFO  - ========== 开始执行定时任务：检查未到店订单 ==========
2026-01-26 15:15:00.024 [scheduling-1] INFO  - 找到 1 条待核销的订单
2026-01-26 15:15:00.025 [scheduling-1] INFO  - ========== 定时任务完成 ==========
2026-01-26 15:15:00.025 [scheduling-1] INFO  - 总订单数: 1
2026-01-26 15:15:00.025 [scheduling-1] INFO  - 更新数量: 0
2026-01-26 15:15:00.025 [scheduling-1] INFO  - 跳过数量: 0
2026-01-26 15:15:00.025 [scheduling-1] INFO  - 错误数量: 0
2026-01-26 15:15:00.025 [scheduling-1] INFO  - 执行耗时: 16 毫秒
2026-01-26 15:15:00.025 [scheduling-1] INFO  - =====================================
2026-01-26 15:20:00.005 [scheduling-1] INFO  - ========== 开始执行定时任务：检查未到店订单 ==========
2026-01-26 15:20:00.026 [scheduling-1] INFO  - 找到 1 条待核销的订单
2026-01-26 15:20:00.027 [scheduling-1] INFO  - ========== 定时任务完成 ==========
2026-01-26 15:20:00.027 [scheduling-1] INFO  - 总订单数: 1
2026-01-26 15:20:00.027 [scheduling-1] INFO  - 更新数量: 0
2026-01-26 15:20:00.027 [scheduling-1] INFO  - 跳过数量: 0
2026-01-26 15:20:00.027 [scheduling-1] INFO  - 错误数量: 0
2026-01-26 15:20:00.027 [scheduling-1] INFO  - 执行耗时: 19 毫秒
2026-01-26 15:20:00.027 [scheduling-1] INFO  - =====================================
2026-01-26 15:25:00.013 [scheduling-1] INFO  - ========== 开始执行定时任务：检查未到店订单 ==========
2026-01-26 15:25:00.032 [scheduling-1] INFO  - 找到 1 条待核销的订单
2026-01-26 15:25:00.033 [scheduling-1] INFO  - ========== 定时任务完成 ==========
2026-01-26 15:25:00.033 [scheduling-1] INFO  - 总订单数: 1
2026-01-26 15:25:00.033 [scheduling-1] INFO  - 更新数量: 0
2026-01-26 15:25:00.033 [scheduling-1] INFO  - 跳过数量: 0
2026-01-26 15:25:00.033 [scheduling-1] INFO  - 错误数量: 0
2026-01-26 15:25:00.033 [scheduling-1] INFO  - 执行耗时: 17 毫秒
2026-01-26 15:25:00.033 [scheduling-1] INFO  - =====================================
2026-01-26 15:30:00.018 [scheduling-1] INFO  - ========== 开始执行定时任务：检查未到店订单 ==========
2026-01-26 15:30:00.052 [scheduling-1] INFO  - 找到 1 条待核销的订单
2026-01-26 15:30:00.053 [scheduling-1] INFO  - ========== 定时任务完成 ==========
2026-01-26 15:30:00.053 [scheduling-1] INFO  - 总订单数: 1
2026-01-26 15:30:00.053 [scheduling-1] INFO  - 更新数量: 0
2026-01-26 15:30:00.053 [scheduling-1] INFO  - 跳过数量: 0
2026-01-26 15:30:00.053 [scheduling-1] INFO  - 错误数量: 0
2026-01-26 15:30:00.053 [scheduling-1] INFO  - 执行耗时: 30 毫秒
2026-01-26 15:30:00.053 [scheduling-1] INFO  - =====================================
2026-01-26 15:35:00.023 [scheduling-1] INFO  - ========== 开始执行定时任务：检查未到店订单 ==========
2026-01-26 15:35:00.059 [scheduling-1] INFO  - 找到 1 条待核销的订单
2026-01-26 15:35:00.060 [scheduling-1] INFO  - ========== 定时任务完成 ==========
2026-01-26 15:35:00.060 [scheduling-1] INFO  - 总订单数: 1
2026-01-26 15:35:00.060 [scheduling-1] INFO  - 更新数量: 0
2026-01-26 15:35:00.060 [scheduling-1] INFO  - 跳过数量: 0
2026-01-26 15:35:00.060 [scheduling-1] INFO  - 错误数量: 0
2026-01-26 15:35:00.060 [scheduling-1] INFO  - 执行耗时: 34 毫秒
2026-01-26 15:35:00.060 [scheduling-1] INFO  - =====================================
2026-01-26 15:40:00.027 [scheduling-1] INFO  - ========== 开始执行定时任务：检查未到店订单 ==========
2026-01-26 15:40:00.048 [scheduling-1] INFO  - 找到 1 条待核销的订单
2026-01-26 15:40:00.049 [scheduling-1] INFO  - ========== 定时任务完成 ==========
2026-01-26 15:40:00.049 [scheduling-1] INFO  - 总订单数: 1
2026-01-26 15:40:00.049 [scheduling-1] INFO  - 更新数量: 0
2026-01-26 15:40:00.049 [scheduling-1] INFO  - 跳过数量: 0
2026-01-26 15:40:00.049 [scheduling-1] INFO  - 错误数量: 0
2026-01-26 15:40:00.049 [scheduling-1] INFO  - 执行耗时: 20 毫秒
2026-01-26 15:40:00.049 [scheduling-1] INFO  - =====================================
2026-01-26 15:45:00.010 [scheduling-1] INFO  - ========== 开始执行定时任务：检查未到店订单 ==========
2026-01-26 15:45:00.020 [scheduling-1] INFO  - 找到 1 条待核销的订单
2026-01-26 15:45:00.020 [scheduling-1] INFO  - ========== 定时任务完成 ==========
2026-01-26 15:45:00.020 [scheduling-1] INFO  - 总订单数: 1
2026-01-26 15:45:00.020 [scheduling-1] INFO  - 更新数量: 0
2026-01-26 15:45:00.020 [scheduling-1] INFO  - 跳过数量: 0
2026-01-26 15:45:00.020 [scheduling-1] INFO  - 错误数量: 0
2026-01-26 15:45:00.020 [scheduling-1] INFO  - 执行耗时: 8 毫秒
2026-01-26 15:45:00.020 [scheduling-1] INFO  - =====================================
2026-01-26 15:50:00.005 [scheduling-1] INFO  - ========== 开始执行定时任务：检查未到店订单 ==========
2026-01-26 15:50:00.028 [scheduling-1] INFO  - 找到 1 条待核销的订单
2026-01-26 15:50:00.028 [scheduling-1] INFO  - ========== 定时任务完成 ==========
2026-01-26 15:50:00.028 [scheduling-1] INFO  - 总订单数: 1
2026-01-26 15:50:00.029 [scheduling-1] INFO  - 更新数量: 0
2026-01-26 15:50:00.029 [scheduling-1] INFO  - 跳过数量: 0
2026-01-26 15:50:00.029 [scheduling-1] INFO  - 错误数量: 0
2026-01-26 15:50:00.029 [scheduling-1] INFO  - 执行耗时: 20 毫秒
2026-01-26 15:50:00.029 [scheduling-1] INFO  - =====================================
2026-01-26 15:55:00.015 [scheduling-1] INFO  - ========== 开始执行定时任务：检查未到店订单 ==========
2026-01-26 15:55:00.034 [scheduling-1] INFO  - 找到 1 条待核销的订单
2026-01-26 15:55:00.034 [scheduling-1] INFO  - ========== 定时任务完成 ==========
2026-01-26 15:55:00.034 [scheduling-1] INFO  - 总订单数: 1
2026-01-26 15:55:00.035 [scheduling-1] INFO  - 更新数量: 0
2026-01-26 15:55:00.035 [scheduling-1] INFO  - 跳过数量: 0
2026-01-26 15:55:00.035 [scheduling-1] INFO  - 错误数量: 0
2026-01-26 15:55:00.035 [scheduling-1] INFO  - 执行耗时: 16 毫秒
2026-01-26 15:55:00.035 [scheduling-1] INFO  - =====================================
2026-01-26 16:00:00.023 [scheduling-1] INFO  - ========== 开始执行定时任务：检查未到店订单 ==========
2026-01-26 16:00:00.037 [scheduling-1] INFO  - 找到 1 条待核销的订单
2026-01-26 16:00:00.038 [scheduling-1] INFO  - ========== 定时任务完成 ==========
2026-01-26 16:00:00.038 [scheduling-1] INFO  - 总订单数: 1
2026-01-26 16:00:00.038 [scheduling-1] INFO  - 更新数量: 0
2026-01-26 16:00:00.038 [scheduling-1] INFO  - 跳过数量: 0
2026-01-26 16:00:00.038 [scheduling-1] INFO  - 错误数量: 0
2026-01-26 16:00:00.038 [scheduling-1] INFO  - 执行耗时: 13 毫秒
2026-01-26 16:00:00.038 [scheduling-1] INFO  - =====================================
2026-01-26 16:05:00.008 [scheduling-1] INFO  - ========== 开始执行定时任务：检查未到店订单 ==========
2026-01-26 16:05:00.024 [scheduling-1] INFO  - 找到 1 条待核销的订单
2026-01-26 16:05:00.024 [scheduling-1] INFO  - ========== 定时任务完成 ==========
2026-01-26 16:05:00.024 [scheduling-1] INFO  - 总订单数: 1
2026-01-26 16:05:00.024 [scheduling-1] INFO  - 更新数量: 0
2026-01-26 16:05:00.024 [scheduling-1] INFO  - 跳过数量: 0
2026-01-26 16:05:00.024 [scheduling-1] INFO  - 错误数量: 0
2026-01-26 16:05:00.024 [scheduling-1] INFO  - 执行耗时: 13 毫秒
2026-01-26 16:05:00.024 [scheduling-1] INFO  - =====================================
2026-01-26 16:10:00.008 [scheduling-1] INFO  - ========== 开始执行定时任务：检查未到店订单 ==========
2026-01-26 16:10:00.019 [scheduling-1] INFO  - 找到 1 条待核销的订单
2026-01-26 16:10:00.019 [scheduling-1] INFO  - ========== 定时任务完成 ==========
2026-01-26 16:10:00.019 [scheduling-1] INFO  - 总订单数: 1
2026-01-26 16:10:00.019 [scheduling-1] INFO  - 更新数量: 0
2026-01-26 16:10:00.019 [scheduling-1] INFO  - 跳过数量: 0
2026-01-26 16:10:00.019 [scheduling-1] INFO  - 错误数量: 0
2026-01-26 16:10:00.019 [scheduling-1] INFO  - 执行耗时: 9 毫秒
2026-01-26 16:10:00.019 [scheduling-1] INFO  - =====================================
2026-01-26 16:15:00.010 [scheduling-1] INFO  - ========== 开始执行定时任务：检查未到店订单 ==========
2026-01-26 16:15:00.025 [scheduling-1] INFO  - 找到 1 条待核销的订单
2026-01-26 16:15:00.025 [scheduling-1] INFO  - ========== 定时任务完成 ==========
2026-01-26 16:15:00.025 [scheduling-1] INFO  - 总订单数: 1
2026-01-26 16:15:00.026 [scheduling-1] INFO  - 更新数量: 0
2026-01-26 16:15:00.026 [scheduling-1] INFO  - 跳过数量: 0
2026-01-26 16:15:00.026 [scheduling-1] INFO  - 错误数量: 0
2026-01-26 16:15:00.026 [scheduling-1] INFO  - 执行耗时: 13 毫秒
2026-01-26 16:15:00.026 [scheduling-1] INFO  - =====================================
2026-01-26 16:19:59.986 [scheduling-1] INFO  - ========== 开始执行定时任务：检查未到店订单 ==========
2026-01-26 16:19:59.998 [scheduling-1] INFO  - 找到 1 条待核销的订单
2026-01-26 16:19:59.999 [scheduling-1] INFO  - ========== 定时任务完成 ==========
2026-01-26 16:19:59.999 [scheduling-1] INFO  - 总订单数: 1
2026-01-26 16:19:59.999 [scheduling-1] INFO  - 更新数量: 0
2026-01-26 16:19:59.999 [scheduling-1] INFO  - 跳过数量: 0
2026-01-26 16:19:59.999 [scheduling-1] INFO  - 错误数量: 0
2026-01-26 16:19:59.999 [scheduling-1] INFO  - 执行耗时: 11 毫秒
2026-01-26 16:19:59.999 [scheduling-1] INFO  - =====================================
2026-01-26 16:25:00.008 [scheduling-1] INFO  - ========== 开始执行定时任务：检查未到店订单 ==========
2026-01-26 16:25:00.026 [scheduling-1] INFO  - 找到 1 条待核销的订单
2026-01-26 16:25:00.027 [scheduling-1] INFO  - ========== 定时任务完成 ==========
2026-01-26 16:25:00.027 [scheduling-1] INFO  - 总订单数: 1
2026-01-26 16:25:00.027 [scheduling-1] INFO  - 更新数量: 0
2026-01-26 16:25:00.027 [scheduling-1] INFO  - 跳过数量: 0
2026-01-26 16:25:00.027 [scheduling-1] INFO  - 错误数量: 0
2026-01-26 16:25:00.027 [scheduling-1] INFO  - 执行耗时: 17 毫秒
2026-01-26 16:25:00.027 [scheduling-1] INFO  - =====================================
2026-01-26 16:30:00.014 [scheduling-1] INFO  - ========== 开始执行定时任务：检查未到店订单 ==========
2026-01-26 16:30:00.032 [scheduling-1] INFO  - 找到 1 条待核销的订单
2026-01-26 16:30:00.033 [scheduling-1] INFO  - ========== 定时任务完成 ==========
2026-01-26 16:30:00.033 [scheduling-1] INFO  - 总订单数: 1
2026-01-26 16:30:00.033 [scheduling-1] INFO  - 更新数量: 0
2026-01-26 16:30:00.033 [scheduling-1] INFO  - 跳过数量: 0
2026-01-26 16:30:00.033 [scheduling-1] INFO  - 错误数量: 0
2026-01-26 16:30:00.033 [scheduling-1] INFO  - 执行耗时: 16 毫秒
2026-01-26 16:30:00.033 [scheduling-1] INFO  - =====================================
2026-01-26 16:35:00.018 [scheduling-1] INFO  - ========== 开始执行定时任务：检查未到店订单 ==========
2026-01-26 16:35:00.040 [scheduling-1] INFO  - 找到 1 条待核销的订单
2026-01-26 16:35:00.041 [scheduling-1] INFO  - ========== 定时任务完成 ==========
2026-01-26 16:35:00.041 [scheduling-1] INFO  - 总订单数: 1
2026-01-26 16:35:00.041 [scheduling-1] INFO  - 更新数量: 0
2026-01-26 16:35:00.041 [scheduling-1] INFO  - 跳过数量: 0
2026-01-26 16:35:00.041 [scheduling-1] INFO  - 错误数量: 0
2026-01-26 16:35:00.041 [scheduling-1] INFO  - 执行耗时: 21 毫秒
2026-01-26 16:35:00.041 [scheduling-1] INFO  - =====================================
2026-01-26 16:40:00.016 [scheduling-1] INFO  - ========== 开始执行定时任务：检查未到店订单 ==========
2026-01-26 16:40:00.038 [scheduling-1] INFO  - 找到 1 条待核销的订单
2026-01-26 16:40:00.039 [scheduling-1] INFO  - ========== 定时任务完成 ==========
2026-01-26 16:40:00.039 [scheduling-1] INFO  - 总订单数: 1
2026-01-26 16:40:00.039 [scheduling-1] INFO  - 更新数量: 0
2026-01-26 16:40:00.039 [scheduling-1] INFO  - 跳过数量: 0
2026-01-26 16:40:00.039 [scheduling-1] INFO  - 错误数量: 0
2026-01-26 16:40:00.039 [scheduling-1] INFO  - 执行耗时: 21 毫秒
2026-01-26 16:40:00.039 [scheduling-1] INFO  - =====================================
2026-01-26 16:45:00.011 [scheduling-1] INFO  - ========== 开始执行定时任务：检查未到店订单 ==========
2026-01-26 16:45:00.021 [scheduling-1] INFO  - 找到 1 条待核销的订单
2026-01-26 16:45:00.022 [scheduling-1] INFO  - ========== 定时任务完成 ==========
2026-01-26 16:45:00.022 [scheduling-1] INFO  - 总订单数: 1
2026-01-26 16:45:00.022 [scheduling-1] INFO  - 更新数量: 0
2026-01-26 16:45:00.022 [scheduling-1] INFO  - 跳过数量: 0
2026-01-26 16:45:00.022 [scheduling-1] INFO  - 错误数量: 0
2026-01-26 16:45:00.022 [scheduling-1] INFO  - 执行耗时: 9 毫秒
2026-01-26 16:45:00.022 [scheduling-1] INFO  - =====================================
2026-01-26 16:50:00.014 [scheduling-1] INFO  - ========== 开始执行定时任务：检查未到店订单 ==========
2026-01-26 16:50:00.033 [scheduling-1] INFO  - 找到 1 条待核销的订单
2026-01-26 16:50:00.034 [scheduling-1] INFO  - ========== 定时任务完成 ==========
2026-01-26 16:50:00.034 [scheduling-1] INFO  - 总订单数: 1
2026-01-26 16:50:00.034 [scheduling-1] INFO  - 更新数量: 0
2026-01-26 16:50:00.034 [scheduling-1] INFO  - 跳过数量: 0
2026-01-26 16:50:00.034 [scheduling-1] INFO  - 错误数量: 0
2026-01-26 16:50:00.034 [scheduling-1] INFO  - 执行耗时: 18 毫秒
2026-01-26 16:50:00.034 [scheduling-1] INFO  - =====================================
2026-01-26 16:54:59.998 [scheduling-1] INFO  - ========== 开始执行定时任务：检查未到店订单 ==========
2026-01-26 16:55:00.020 [scheduling-1] INFO  - 找到 1 条待核销的订单
2026-01-26 16:55:00.021 [scheduling-1] INFO  - ========== 定时任务完成 ==========
2026-01-26 16:55:00.021 [scheduling-1] INFO  - 总订单数: 1
2026-01-26 16:55:00.021 [scheduling-1] INFO  - 更新数量: 0
2026-01-26 16:55:00.021 [scheduling-1] INFO  - 跳过数量: 0
2026-01-26 16:55:00.021 [scheduling-1] INFO  - 错误数量: 0
2026-01-26 16:55:00.021 [scheduling-1] INFO  - 执行耗时: 20 毫秒
2026-01-26 16:55:00.021 [scheduling-1] INFO  - =====================================
2026-01-26 17:00:00.012 [scheduling-1] INFO  - ========== 开始执行定时任务：检查未到店订单 ==========
2026-01-26 17:00:00.026 [scheduling-1] INFO  - 找到 1 条待核销的订单
2026-01-26 17:00:00.027 [scheduling-1] INFO  - ========== 定时任务完成 ==========
2026-01-26 17:00:00.027 [scheduling-1] INFO  - 总订单数: 1
2026-01-26 17:00:00.027 [scheduling-1] INFO  - 更新数量: 0
2026-01-26 17:00:00.027 [scheduling-1] INFO  - 跳过数量: 0
2026-01-26 17:00:00.027 [scheduling-1] INFO  - 错误数量: 0
2026-01-26 17:00:00.027 [scheduling-1] INFO  - 执行耗时: 12 毫秒
2026-01-26 17:00:00.027 [scheduling-1] INFO  - =====================================
2026-01-26 17:05:00.009 [scheduling-1] INFO  - ========== 开始执行定时任务：检查未到店订单 ==========
2026-01-26 17:05:00.027 [scheduling-1] INFO  - 找到 1 条待核销的订单
2026-01-26 17:05:00.028 [scheduling-1] INFO  - ========== 定时任务完成 ==========
2026-01-26 17:05:00.028 [scheduling-1] INFO  - 总订单数: 1
2026-01-26 17:05:00.028 [scheduling-1] INFO  - 更新数量: 0
2026-01-26 17:05:00.028 [scheduling-1] INFO  - 跳过数量: 0
2026-01-26 17:05:00.028 [scheduling-1] INFO  - 错误数量: 0
2026-01-26 17:05:00.028 [scheduling-1] INFO  - 执行耗时: 16 毫秒
2026-01-26 17:05:00.028 [scheduling-1] INFO  - =====================================
2026-01-26 17:10:00.020 [scheduling-1] INFO  - ========== 开始执行定时任务：检查未到店订单 ==========
2026-01-26 17:10:00.034 [scheduling-1] INFO  - 找到 1 条待核销的订单
2026-01-26 17:10:00.034 [scheduling-1] INFO  - ========== 定时任务完成 ==========
2026-01-26 17:10:00.034 [scheduling-1] INFO  - 总订单数: 1
2026-01-26 17:10:00.034 [scheduling-1] INFO  - 更新数量: 0
2026-01-26 17:10:00.034 [scheduling-1] INFO  - 跳过数量: 0
2026-01-26 17:10:00.034 [scheduling-1] INFO  - 错误数量: 0
2026-01-26 17:10:00.035 [scheduling-1] INFO  - 执行耗时: 13 毫秒
2026-01-26 17:10:00.035 [scheduling-1] INFO  - =====================================
2026-01-26 17:15:00.012 [scheduling-1] INFO  - ========== 开始执行定时任务：检查未到店订单 ==========
2026-01-26 17:15:00.064 [scheduling-1] INFO  - 找到 1 条待核销的订单
2026-01-26 17:15:00.066 [scheduling-1] INFO  - ========== 定时任务完成 ==========
2026-01-26 17:15:00.066 [scheduling-1] INFO  - 总订单数: 1
2026-01-26 17:15:00.066 [scheduling-1] INFO  - 更新数量: 0
2026-01-26 17:15:00.066 [scheduling-1] INFO  - 跳过数量: 0
2026-01-26 17:15:00.066 [scheduling-1] INFO  - 错误数量: 0
2026-01-26 17:15:00.066 [scheduling-1] INFO  - 执行耗时: 50 毫秒
2026-01-26 17:15:00.066 [scheduling-1] INFO  - =====================================
2026-01-26 17:20:00.007 [scheduling-1] INFO  - ========== 开始执行定时任务：检查未到店订单 ==========
2026-01-26 17:20:00.055 [scheduling-1] INFO  - 找到 1 条待核销的订单
2026-01-26 17:20:00.056 [scheduling-1] INFO  - ========== 定时任务完成 ==========
2026-01-26 17:20:00.056 [scheduling-1] INFO  - 总订单数: 1
2026-01-26 17:20:00.056 [scheduling-1] INFO  - 更新数量: 0
2026-01-26 17:20:00.056 [scheduling-1] INFO  - 跳过数量: 0
2026-01-26 17:20:00.057 [scheduling-1] INFO  - 错误数量: 0
2026-01-26 17:20:00.057 [scheduling-1] INFO  - 执行耗时: 46 毫秒
2026-01-26 17:20:00.057 [scheduling-1] INFO  - =====================================
2026-01-26 17:25:00.013 [scheduling-1] INFO  - ========== 开始执行定时任务：检查未到店订单 ==========
2026-01-26 17:25:00.034 [scheduling-1] INFO  - 找到 1 条待核销的订单
2026-01-26 17:25:00.035 [scheduling-1] INFO  - ========== 定时任务完成 ==========
2026-01-26 17:25:00.035 [scheduling-1] INFO  - 总订单数: 1
2026-01-26 17:25:00.035 [scheduling-1] INFO  - 更新数量: 0
2026-01-26 17:25:00.036 [scheduling-1] INFO  - 跳过数量: 0
2026-01-26 17:25:00.036 [scheduling-1] INFO  - 错误数量: 0
2026-01-26 17:25:00.036 [scheduling-1] INFO  - 执行耗时: 19 毫秒
2026-01-26 17:25:00.036 [scheduling-1] INFO  - =====================================
2026-01-26 17:30:00.010 [scheduling-1] INFO  - ========== 开始执行定时任务：检查未到店订单 ==========
2026-01-26 17:30:00.031 [scheduling-1] INFO  - 找到 1 条待核销的订单
2026-01-26 17:30:00.032 [scheduling-1] INFO  - ========== 定时任务完成 ==========
2026-01-26 17:30:00.032 [scheduling-1] INFO  - 总订单数: 1
2026-01-26 17:30:00.032 [scheduling-1] INFO  - 更新数量: 0
2026-01-26 17:30:00.032 [scheduling-1] INFO  - 跳过数量: 0
2026-01-26 17:30:00.032 [scheduling-1] INFO  - 错误数量: 0
2026-01-26 17:30:00.032 [scheduling-1] INFO  - 执行耗时: 20 毫秒
2026-01-26 17:30:00.033 [scheduling-1] INFO  - =====================================
2026-01-26 17:35:00.009 [scheduling-1] INFO  - ========== 开始执行定时任务：检查未到店订单 ==========
2026-01-26 17:35:00.030 [scheduling-1] INFO  - 找到 1 条待核销的订单
2026-01-26 17:35:00.031 [scheduling-1] INFO  - ========== 定时任务完成 ==========
2026-01-26 17:35:00.031 [scheduling-1] INFO  - 总订单数: 1
2026-01-26 17:35:00.031 [scheduling-1] INFO  - 更新数量: 0
2026-01-26 17:35:00.031 [scheduling-1] INFO  - 跳过数量: 0
2026-01-26 17:35:00.031 [scheduling-1] INFO  - 错误数量: 0
2026-01-26 17:35:00.031 [scheduling-1] INFO  - 执行耗时: 18 毫秒
2026-01-26 17:35:00.031 [scheduling-1] INFO  - =====================================
2026-01-26 17:40:00.009 [scheduling-1] INFO  - ========== 开始执行定时任务：检查未到店订单 ==========
2026-01-26 17:40:00.024 [scheduling-1] INFO  - 找到 1 条待核销的订单
2026-01-26 17:40:00.024 [scheduling-1] INFO  - ========== 定时任务完成 ==========
2026-01-26 17:40:00.024 [scheduling-1] INFO  - 总订单数: 1
2026-01-26 17:40:00.024 [scheduling-1] INFO  - 更新数量: 0
2026-01-26 17:40:00.024 [scheduling-1] INFO  - 跳过数量: 0
2026-01-26 17:40:00.024 [scheduling-1] INFO  - 错误数量: 0
2026-01-26 17:40:00.025 [scheduling-1] INFO  - 执行耗时: 12 毫秒
2026-01-26 17:40:00.025 [scheduling-1] INFO  - =====================================
2026-01-26 17:45:00.011 [scheduling-1] INFO  - ========== 开始执行定时任务：检查未到店订单 ==========
2026-01-26 17:45:00.030 [scheduling-1] INFO  - 找到 1 条待核销的订单
2026-01-26 17:45:00.031 [scheduling-1] INFO  - ========== 定时任务完成 ==========
2026-01-26 17:45:00.031 [scheduling-1] INFO  - 总订单数: 1
2026-01-26 17:45:00.031 [scheduling-1] INFO  - 更新数量: 0
2026-01-26 17:45:00.031 [scheduling-1] INFO  - 跳过数量: 0
2026-01-26 17:45:00.031 [scheduling-1] INFO  - 错误数量: 0
2026-01-26 17:45:00.031 [scheduling-1] INFO  - 执行耗时: 18 毫秒
2026-01-26 17:45:00.031 [scheduling-1] INFO  - =====================================
2026-01-26 17:50:00.010 [scheduling-1] INFO  - ========== 开始执行定时任务：检查未到店订单 ==========
2026-01-26 17:50:00.033 [scheduling-1] INFO  - 找到 1 条待核销的订单
2026-01-26 17:50:00.033 [scheduling-1] INFO  - ========== 定时任务完成 ==========
2026-01-26 17:50:00.033 [scheduling-1] INFO  - 总订单数: 1
2026-01-26 17:50:00.033 [scheduling-1] INFO  - 更新数量: 0
2026-01-26 17:50:00.034 [scheduling-1] INFO  - 跳过数量: 0
2026-01-26 17:50:00.034 [scheduling-1] INFO  - 错误数量: 0
2026-01-26 17:50:00.034 [scheduling-1] INFO  - 执行耗时: 19 毫秒
2026-01-26 17:50:00.034 [scheduling-1] INFO  - =====================================
2026-01-26 17:55:00.010 [scheduling-1] INFO  - ========== 开始执行定时任务：检查未到店订单 ==========
2026-01-26 17:55:00.031 [scheduling-1] INFO  - 找到 1 条待核销的订单
2026-01-26 17:55:00.032 [scheduling-1] INFO  - ========== 定时任务完成 ==========
2026-01-26 17:55:00.032 [scheduling-1] INFO  - 总订单数: 1
2026-01-26 17:55:00.032 [scheduling-1] INFO  - 更新数量: 0
2026-01-26 17:55:00.032 [scheduling-1] INFO  - 跳过数量: 0
2026-01-26 17:55:00.032 [scheduling-1] INFO  - 错误数量: 0
2026-01-26 17:55:00.032 [scheduling-1] INFO  - 执行耗时: 20 毫秒
2026-01-26 17:55:00.032 [scheduling-1] INFO  - =====================================
2026-01-26 18:00:00.014 [scheduling-1] INFO  - ========== 开始执行定时任务：检查未到店订单 ==========
2026-01-26 18:00:00.037 [scheduling-1] INFO  - 找到 1 条待核销的订单
2026-01-26 18:00:00.038 [scheduling-1] INFO  - ========== 定时任务完成 ==========
2026-01-26 18:00:00.038 [scheduling-1] INFO  - 总订单数: 1
2026-01-26 18:00:00.038 [scheduling-1] INFO  - 更新数量: 0
2026-01-26 18:00:00.038 [scheduling-1] INFO  - 跳过数量: 0
2026-01-26 18:00:00.038 [scheduling-1] INFO  - 错误数量: 0
2026-01-26 18:00:00.038 [scheduling-1] INFO  - 执行耗时: 21 毫秒
2026-01-26 18:00:00.038 [scheduling-1] INFO  - =====================================
2026-01-26 18:05:00.010 [scheduling-1] INFO  - ========== 开始执行定时任务：检查未到店订单 ==========
2026-01-26 18:05:00.024 [scheduling-1] INFO  - 找到 1 条待核销的订单
2026-01-26 18:05:00.025 [scheduling-1] INFO  - ========== 定时任务完成 ==========
2026-01-26 18:05:00.025 [scheduling-1] INFO  - 总订单数: 1
2026-01-26 18:05:00.025 [scheduling-1] INFO  - 更新数量: 0
2026-01-26 18:05:00.025 [scheduling-1] INFO  - 跳过数量: 0
2026-01-26 18:05:00.025 [scheduling-1] INFO  - 错误数量: 0
2026-01-26 18:05:00.025 [scheduling-1] INFO  - 执行耗时: 14 毫秒
2026-01-26 18:05:00.025 [scheduling-1] INFO  - =====================================
2026-01-26 18:10:00.017 [scheduling-1] INFO  - ========== 开始执行定时任务：检查未到店订单 ==========
2026-01-26 18:10:00.079 [scheduling-1] INFO  - 找到 1 条待核销的订单
2026-01-26 18:10:00.082 [scheduling-1] INFO  - ========== 定时任务完成 ==========
2026-01-26 18:10:00.082 [scheduling-1] INFO  - 总订单数: 1
2026-01-26 18:10:00.082 [scheduling-1] INFO  - 更新数量: 0
2026-01-26 18:10:00.082 [scheduling-1] INFO  - 跳过数量: 0
2026-01-26 18:10:00.082 [scheduling-1] INFO  - 错误数量: 0
2026-01-26 18:10:00.082 [scheduling-1] INFO  - 执行耗时: 56 毫秒
2026-01-26 18:10:00.082 [scheduling-1] INFO  - =====================================
2026-01-26 18:15:00.019 [scheduling-1] INFO  - ========== 开始执行定时任务：检查未到店订单 ==========
2026-01-26 18:15:00.059 [scheduling-1] INFO  - 找到 1 条待核销的订单
2026-01-26 18:15:00.059 [scheduling-1] INFO  - ========== 定时任务完成 ==========
2026-01-26 18:15:00.059 [scheduling-1] INFO  - 总订单数: 1
2026-01-26 18:15:00.059 [scheduling-1] INFO  - 更新数量: 0
2026-01-26 18:15:00.059 [scheduling-1] INFO  - 跳过数量: 0
2026-01-26 18:15:00.059 [scheduling-1] INFO  - 错误数量: 0
2026-01-26 18:15:00.059 [scheduling-1] INFO  - 执行耗时: 31 毫秒
2026-01-26 18:15:00.059 [scheduling-1] INFO  - =====================================
2026-01-26 18:19:59.987 [scheduling-1] INFO  - ========== 开始执行定时任务：检查未到店订单 ==========
2026-01-26 18:20:00.012 [scheduling-1] INFO  - 找到 1 条待核销的订单
2026-01-26 18:20:00.014 [scheduling-1] INFO  - ========== 定时任务完成 ==========
2026-01-26 18:20:00.014 [scheduling-1] INFO  - 总订单数: 1
2026-01-26 18:20:00.014 [scheduling-1] INFO  - 更新数量: 0
2026-01-26 18:20:00.014 [scheduling-1] INFO  - 跳过数量: 0
2026-01-26 18:20:00.014 [scheduling-1] INFO  - 错误数量: 0
2026-01-26 18:20:00.014 [scheduling-1] INFO  - 执行耗时: 26 毫秒
2026-01-26 18:20:00.014 [scheduling-1] INFO  - =====================================
2026-01-26 18:25:00.008 [scheduling-1] INFO  - ========== 开始执行定时任务：检查未到店订单 ==========
2026-01-26 18:25:00.023 [scheduling-1] INFO  - 找到 1 条待核销的订单
2026-01-26 18:25:00.024 [scheduling-1] INFO  - ========== 定时任务完成 ==========
2026-01-26 18:25:00.024 [scheduling-1] INFO  - 总订单数: 1
2026-01-26 18:25:00.024 [scheduling-1] INFO  - 更新数量: 0
2026-01-26 18:25:00.024 [scheduling-1] INFO  - 跳过数量: 0
2026-01-26 18:25:00.025 [scheduling-1] INFO  - 错误数量: 0
2026-01-26 18:25:00.025 [scheduling-1] INFO  - 执行耗时: 15 毫秒
2026-01-26 18:25:00.025 [scheduling-1] INFO  - =====================================
2026-01-26 18:30:00.007 [scheduling-1] INFO  - ========== 开始执行定时任务：检查未到店订单 ==========
2026-01-26 18:30:00.019 [scheduling-1] INFO  - 找到 1 条待核销的订单
2026-01-26 18:30:00.019 [scheduling-1] INFO  - ========== 定时任务完成 ==========
2026-01-26 18:30:00.019 [scheduling-1] INFO  - 总订单数: 1
2026-01-26 18:30:00.020 [scheduling-1] INFO  - 更新数量: 0
2026-01-26 18:30:00.020 [scheduling-1] INFO  - 跳过数量: 0
2026-01-26 18:30:00.020 [scheduling-1] INFO  - 错误数量: 0
2026-01-26 18:30:00.020 [scheduling-1] INFO  - 执行耗时: 10 毫秒
2026-01-26 18:30:00.020 [scheduling-1] INFO  - =====================================
2026-01-26 18:34:59.997 [scheduling-1] INFO  - ========== 开始执行定时任务：检查未到店订单 ==========
2026-01-26 18:35:00.014 [scheduling-1] INFO  - 找到 1 条待核销的订单
2026-01-26 18:35:00.015 [scheduling-1] INFO  - ========== 定时任务完成 ==========
2026-01-26 18:35:00.015 [scheduling-1] INFO  - 总订单数: 1
2026-01-26 18:35:00.015 [scheduling-1] INFO  - 更新数量: 0
2026-01-26 18:35:00.015 [scheduling-1] INFO  - 跳过数量: 0
2026-01-26 18:35:00.015 [scheduling-1] INFO  - 错误数量: 0
2026-01-26 18:35:00.015 [scheduling-1] INFO  - 执行耗时: 16 毫秒
2026-01-26 18:35:00.015 [scheduling-1] INFO  - =====================================
2026-01-26 18:40:00.028 [scheduling-1] INFO  - ========== 开始执行定时任务：检查未到店订单 ==========
2026-01-26 18:40:00.084 [scheduling-1] INFO  - 找到 3 条待核销的订单
2026-01-26 18:40:00.085 [scheduling-1] INFO  - ========== 定时任务完成 ==========
2026-01-26 18:40:00.085 [scheduling-1] INFO  - 总订单数: 3
2026-01-26 18:40:00.085 [scheduling-1] INFO  - 更新数量: 0
2026-01-26 18:40:00.085 [scheduling-1] INFO  - 跳过数量: 0
2026-01-26 18:40:00.085 [scheduling-1] INFO  - 错误数量: 0
2026-01-26 18:40:00.085 [scheduling-1] INFO  - 执行耗时: 45 毫秒
2026-01-26 18:40:00.085 [scheduling-1] INFO  - =====================================
2026-01-26 18:45:00.009 [scheduling-1] INFO  - ========== 开始执行定时任务：检查未到店订单 ==========
2026-01-26 18:45:00.027 [scheduling-1] INFO  - 找到 3 条待核销的订单
2026-01-26 18:45:00.028 [scheduling-1] INFO  - ========== 定时任务完成 ==========
2026-01-26 18:45:00.029 [scheduling-1] INFO  - 总订单数: 3
2026-01-26 18:45:00.029 [scheduling-1] INFO  - 更新数量: 0
2026-01-26 18:45:00.029 [scheduling-1] INFO  - 跳过数量: 0
2026-01-26 18:45:00.029 [scheduling-1] INFO  - 错误数量: 0
2026-01-26 18:45:00.029 [scheduling-1] INFO  - 执行耗时: 17 毫秒
2026-01-26 18:45:00.029 [scheduling-1] INFO  - =====================================
2026-01-26 18:50:00.033 [scheduling-1] INFO  - ========== 开始执行定时任务：检查未到店订单 ==========
2026-01-26 18:50:00.122 [scheduling-1] INFO  - 找到 3 条待核销的订单
2026-01-26 18:50:00.126 [scheduling-1] INFO  - ========== 定时任务完成 ==========
2026-01-26 18:50:00.126 [scheduling-1] INFO  - 总订单数: 3
2026-01-26 18:50:00.126 [scheduling-1] INFO  - 更新数量: 0
2026-01-26 18:50:00.126 [scheduling-1] INFO  - 跳过数量: 0
2026-01-26 18:50:00.126 [scheduling-1] INFO  - 错误数量: 0
2026-01-26 18:50:00.126 [scheduling-1] INFO  - 执行耗时: 88 毫秒
2026-01-26 18:50:00.126 [scheduling-1] INFO  - =====================================
2026-01-26 18:55:00.008 [scheduling-1] INFO  - ========== 开始执行定时任务：检查未到店订单 ==========
2026-01-26 18:55:00.038 [scheduling-1] INFO  - 找到 3 条待核销的订单
2026-01-26 18:55:00.038 [scheduling-1] INFO  - ========== 定时任务完成 ==========
2026-01-26 18:55:00.039 [scheduling-1] INFO  - 总订单数: 3
2026-01-26 18:55:00.039 [scheduling-1] INFO  - 更新数量: 0
2026-01-26 18:55:00.039 [scheduling-1] INFO  - 跳过数量: 0
2026-01-26 18:55:00.039 [scheduling-1] INFO  - 错误数量: 0
2026-01-26 18:55:00.039 [scheduling-1] INFO  - 执行耗时: 26 毫秒
2026-01-26 18:55:00.039 [scheduling-1] INFO  - =====================================
2026-01-26 19:00:00.012 [scheduling-1] INFO  - ========== 开始执行定时任务：检查未到店订单 ==========
2026-01-26 19:00:00.057 [scheduling-1] INFO  - 找到 3 条待核销的订单
2026-01-26 19:00:00.058 [scheduling-1] INFO  - ========== 定时任务完成 ==========
2026-01-26 19:00:00.058 [scheduling-1] INFO  - 总订单数: 3
2026-01-26 19:00:00.058 [scheduling-1] INFO  - 更新数量: 0
2026-01-26 19:00:00.058 [scheduling-1] INFO  - 跳过数量: 0
2026-01-26 19:00:00.058 [scheduling-1] INFO  - 错误数量: 0
2026-01-26 19:00:00.058 [scheduling-1] INFO  - 执行耗时: 37 毫秒
2026-01-26 19:00:00.058 [scheduling-1] INFO  - =====================================
2026-01-26 19:05:00.009 [scheduling-1] INFO  - ========== 开始执行定时任务：检查未到店订单 ==========
2026-01-26 19:05:00.026 [scheduling-1] INFO  - 找到 3 条待核销的订单
2026-01-26 19:05:00.027 [scheduling-1] INFO  - ========== 定时任务完成 ==========
2026-01-26 19:05:00.027 [scheduling-1] INFO  - 总订单数: 3
2026-01-26 19:05:00.027 [scheduling-1] INFO  - 更新数量: 0
2026-01-26 19:05:00.027 [scheduling-1] INFO  - 跳过数量: 0
2026-01-26 19:05:00.027 [scheduling-1] INFO  - 错误数量: 0
2026-01-26 19:05:00.027 [scheduling-1] INFO  - 执行耗时: 14 毫秒
2026-01-26 19:05:00.027 [scheduling-1] INFO  - =====================================
2026-01-26 19:09:59.946 [scheduling-1] INFO  - ========== 开始执行定时任务：检查未到店订单 ==========
2026-01-26 19:09:59.966 [scheduling-1] INFO  - 找到 3 条待核销的订单
2026-01-26 19:09:59.967 [scheduling-1] INFO  - ========== 定时任务完成 ==========
2026-01-26 19:09:59.967 [scheduling-1] INFO  - 总订单数: 3
2026-01-26 19:09:59.967 [scheduling-1] INFO  - 更新数量: 0
2026-01-26 19:09:59.967 [scheduling-1] INFO  - 跳过数量: 0
2026-01-26 19:09:59.967 [scheduling-1] INFO  - 错误数量: 0
2026-01-26 19:09:59.967 [scheduling-1] INFO  - 执行耗时: 18 毫秒
2026-01-26 19:09:59.967 [scheduling-1] INFO  - =====================================
2026-01-26 19:15:00.007 [scheduling-1] INFO  - ========== 开始执行定时任务：检查未到店订单 ==========
2026-01-26 19:15:00.022 [scheduling-1] INFO  - 找到 3 条待核销的订单
2026-01-26 19:15:00.023 [scheduling-1] INFO  - ========== 定时任务完成 ==========
2026-01-26 19:15:00.023 [scheduling-1] INFO  - 总订单数: 3
2026-01-26 19:15:00.023 [scheduling-1] INFO  - 更新数量: 0
2026-01-26 19:15:00.023 [scheduling-1] INFO  - 跳过数量: 0
2026-01-26 19:15:00.024 [scheduling-1] INFO  - 错误数量: 0
2026-01-26 19:15:00.024 [scheduling-1] INFO  - 执行耗时: 14 毫秒
2026-01-26 19:15:00.024 [scheduling-1] INFO  - =====================================
2026-01-26 19:20:00.014 [scheduling-1] INFO  - ========== 开始执行定时任务：检查未到店订单 ==========
2026-01-26 19:20:00.048 [scheduling-1] INFO  - 找到 3 条待核销的订单
2026-01-26 19:20:00.050 [scheduling-1] INFO  - ========== 定时任务完成 ==========
2026-01-26 19:20:00.050 [scheduling-1] INFO  - 总订单数: 3
2026-01-26 19:20:00.050 [scheduling-1] INFO  - 更新数量: 0
2026-01-26 19:20:00.050 [scheduling-1] INFO  - 跳过数量: 0
2026-01-26 19:20:00.050 [scheduling-1] INFO  - 错误数量: 0
2026-01-26 19:20:00.050 [scheduling-1] INFO  - 执行耗时: 26 毫秒
2026-01-26 19:20:00.050 [scheduling-1] INFO  - =====================================
2026-01-26 19:25:00.054 [scheduling-1] INFO  - ========== 开始执行定时任务：检查未到店订单 ==========
2026-01-26 19:25:00.121 [scheduling-1] INFO  - 找到 3 条待核销的订单
2026-01-26 19:25:00.122 [scheduling-1] INFO  - ========== 定时任务完成 ==========
2026-01-26 19:25:00.122 [scheduling-1] INFO  - 总订单数: 3
2026-01-26 19:25:00.122 [scheduling-1] INFO  - 更新数量: 0
2026-01-26 19:25:00.122 [scheduling-1] INFO  - 跳过数量: 0
2026-01-26 19:25:00.122 [scheduling-1] INFO  - 错误数量: 0
2026-01-26 19:25:00.122 [scheduling-1] INFO  - 执行耗时: 62 毫秒
2026-01-26 19:25:00.122 [scheduling-1] INFO  - =====================================
2026-01-26 19:30:00.007 [scheduling-1] INFO  - ========== 开始执行定时任务：检查未到店订单 ==========
2026-01-26 19:30:00.037 [scheduling-1] INFO  - 找到 3 条待核销的订单
2026-01-26 19:30:00.038 [scheduling-1] INFO  - ========== 定时任务完成 ==========
2026-01-26 19:30:00.038 [scheduling-1] INFO  - 总订单数: 3
2026-01-26 19:30:00.038 [scheduling-1] INFO  - 更新数量: 0
2026-01-26 19:30:00.038 [scheduling-1] INFO  - 跳过数量: 0
2026-01-26 19:30:00.038 [scheduling-1] INFO  - 错误数量: 0
2026-01-26 19:30:00.038 [scheduling-1] INFO  - 执行耗时: 25 毫秒
2026-01-26 19:30:00.038 [scheduling-1] INFO  - =====================================
2026-01-26 19:35:00.008 [scheduling-1] INFO  - ========== 开始执行定时任务：检查未到店订单 ==========
2026-01-26 19:35:00.026 [scheduling-1] INFO  - 找到 3 条待核销的订单
2026-01-26 19:35:00.028 [scheduling-1] INFO  - ========== 定时任务完成 ==========
2026-01-26 19:35:00.028 [scheduling-1] INFO  - 总订单数: 3
2026-01-26 19:35:00.028 [scheduling-1] INFO  - 更新数量: 0
2026-01-26 19:35:00.028 [scheduling-1] INFO  - 跳过数量: 0
2026-01-26 19:35:00.028 [scheduling-1] INFO  - 错误数量: 0
2026-01-26 19:35:00.028 [scheduling-1] INFO  - 执行耗时: 18 毫秒
2026-01-26 19:35:00.028 [scheduling-1] INFO  - =====================================
2026-01-26 19:40:00.011 [scheduling-1] INFO  - ========== 开始执行定时任务：检查未到店订单 ==========
2026-01-26 19:40:00.025 [scheduling-1] INFO  - 找到 3 条待核销的订单
2026-01-26 19:40:00.026 [scheduling-1] INFO  - ========== 定时任务完成 ==========
2026-01-26 19:40:00.026 [scheduling-1] INFO  - 总订单数: 3
2026-01-26 19:40:00.026 [scheduling-1] INFO  - 更新数量: 0
2026-01-26 19:40:00.026 [scheduling-1] INFO  - 跳过数量: 0
2026-01-26 19:40:00.026 [scheduling-1] INFO  - 错误数量: 0
2026-01-26 19:40:00.026 [scheduling-1] INFO  - 执行耗时: 12 毫秒
2026-01-26 19:40:00.026 [scheduling-1] INFO  - =====================================
2026-01-26 19:45:00.006 [scheduling-1] INFO  - ========== 开始执行定时任务：检查未到店订单 ==========
2026-01-26 19:45:00.021 [scheduling-1] INFO  - 找到 4 条待核销的订单
2026-01-26 19:45:00.022 [scheduling-1] INFO  - ========== 定时任务完成 ==========
2026-01-26 19:45:00.022 [scheduling-1] INFO  - 总订单数: 4
2026-01-26 19:45:00.022 [scheduling-1] INFO  - 更新数量: 0
2026-01-26 19:45:00.022 [scheduling-1] INFO  - 跳过数量: 0
2026-01-26 19:45:00.022 [scheduling-1] INFO  - 错误数量: 0
2026-01-26 19:45:00.022 [scheduling-1] INFO  - 执行耗时: 15 毫秒
2026-01-26 19:45:00.022 [scheduling-1] INFO  - =====================================
2026-01-26 19:50:00.016 [scheduling-1] INFO  - ========== 开始执行定时任务：检查未到店订单 ==========
2026-01-26 19:50:00.031 [scheduling-1] INFO  - 找到 5 条待核销的订单
2026-01-26 19:50:00.055 [scheduling-1] INFO  - ========== 定时任务完成 ==========
2026-01-26 19:50:00.056 [scheduling-1] INFO  - 总订单数: 5
2026-01-26 19:50:00.056 [scheduling-1] INFO  - 更新数量: 0
2026-01-26 19:50:00.056 [scheduling-1] INFO  - 跳过数量: 0
2026-01-26 19:50:00.056 [scheduling-1] INFO  - 错误数量: 0
2026-01-26 19:50:00.056 [scheduling-1] INFO  - 执行耗时: 38 毫秒
2026-01-26 19:50:00.056 [scheduling-1] INFO  - =====================================
2026-01-26 19:55:00.022 [scheduling-1] INFO  - ========== 开始执行定时任务：检查未到店订单 ==========
2026-01-26 19:55:00.045 [scheduling-1] INFO  - 找到 5 条待核销的订单
2026-01-26 19:55:00.047 [scheduling-1] INFO  - ========== 定时任务完成 ==========
2026-01-26 19:55:00.047 [scheduling-1] INFO  - 总订单数: 5
2026-01-26 19:55:00.047 [scheduling-1] INFO  - 更新数量: 0
2026-01-26 19:55:00.047 [scheduling-1] INFO  - 跳过数量: 0
2026-01-26 19:55:00.047 [scheduling-1] INFO  - 错误数量: 0
2026-01-26 19:55:00.047 [scheduling-1] INFO  - 执行耗时: 20 毫秒
2026-01-26 19:55:00.047 [scheduling-1] INFO  - =====================================
2026-01-26 20:00:00.017 [scheduling-1] INFO  - ========== 开始执行定时任务：检查未到店订单 ==========
2026-01-26 20:00:00.035 [scheduling-1] INFO  - 找到 5 条待核销的订单
2026-01-26 20:00:00.036 [scheduling-1] INFO  - ========== 定时任务完成 ==========
2026-01-26 20:00:00.036 [scheduling-1] INFO  - 总订单数: 5
2026-01-26 20:00:00.036 [scheduling-1] INFO  - 更新数量: 0
2026-01-26 20:00:00.036 [scheduling-1] INFO  - 跳过数量: 0
2026-01-26 20:00:00.036 [scheduling-1] INFO  - 错误数量: 0
2026-01-26 20:00:00.036 [scheduling-1] INFO  - 执行耗时: 17 毫秒
2026-01-26 20:00:00.036 [scheduling-1] INFO  - =====================================
2026-01-26 20:05:00.014 [scheduling-1] INFO  - ========== 开始执行定时任务：检查未到店订单 ==========
2026-01-26 20:05:00.034 [scheduling-1] INFO  - 找到 5 条待核销的订单
2026-01-26 20:05:00.037 [scheduling-1] INFO  - ========== 定时任务完成 ==========
2026-01-26 20:05:00.037 [scheduling-1] INFO  - 总订单数: 5
2026-01-26 20:05:00.037 [scheduling-1] INFO  - 更新数量: 0
2026-01-26 20:05:00.037 [scheduling-1] INFO  - 跳过数量: 0
2026-01-26 20:05:00.037 [scheduling-1] INFO  - 错误数量: 0
2026-01-26 20:05:00.037 [scheduling-1] INFO  - 执行耗时: 20 毫秒
2026-01-26 20:05:00.037 [scheduling-1] INFO  - =====================================
2026-01-26 20:09:59.998 [scheduling-1] INFO  - ========== 开始执行定时任务：检查未到店订单 ==========
2026-01-26 20:10:00.017 [scheduling-1] INFO  - 找到 5 条待核销的订单
2026-01-26 20:10:00.018 [scheduling-1] INFO  - ========== 定时任务完成 ==========
2026-01-26 20:10:00.018 [scheduling-1] INFO  - 总订单数: 5
2026-01-26 20:10:00.018 [scheduling-1] INFO  - 更新数量: 0
2026-01-26 20:10:00.018 [scheduling-1] INFO  - 跳过数量: 0
2026-01-26 20:10:00.018 [scheduling-1] INFO  - 错误数量: 0
2026-01-26 20:10:00.020 [scheduling-1] INFO  - 执行耗时: 18 毫秒
2026-01-26 20:10:00.020 [scheduling-1] INFO  - =====================================
2026-01-26 20:15:00.004 [scheduling-1] INFO  - ========== 开始执行定时任务：检查未到店订单 ==========
2026-01-26 20:15:00.013 [scheduling-1] INFO  - 找到 5 条待核销的订单
2026-01-26 20:15:00.014 [scheduling-1] INFO  - ========== 定时任务完成 ==========
2026-01-26 20:15:00.014 [scheduling-1] INFO  - 总订单数: 5
2026-01-26 20:15:00.014 [scheduling-1] INFO  - 更新数量: 0
2026-01-26 20:15:00.015 [scheduling-1] INFO  - 跳过数量: 0
2026-01-26 20:15:00.015 [scheduling-1] INFO  - 错误数量: 0
2026-01-26 20:15:00.015 [scheduling-1] INFO  - 执行耗时: 8 毫秒
2026-01-26 20:15:00.015 [scheduling-1] INFO  - =====================================
2026-01-26 20:20:00.006 [scheduling-1] INFO  - ========== 开始执行定时任务：检查未到店订单 ==========
2026-01-26 20:20:00.029 [scheduling-1] INFO  - 找到 5 条待核销的订单
2026-01-26 20:20:00.030 [scheduling-1] INFO  - ========== 定时任务完成 ==========
2026-01-26 20:20:00.030 [scheduling-1] INFO  - 总订单数: 5
2026-01-26 20:20:00.030 [scheduling-1] INFO  - 更新数量: 0
2026-01-26 20:20:00.030 [scheduling-1] INFO  - 跳过数量: 0
2026-01-26 20:20:00.030 [scheduling-1] INFO  - 错误数量: 0
2026-01-26 20:20:00.030 [scheduling-1] INFO  - 执行耗时: 21 毫秒
2026-01-26 20:20:00.030 [scheduling-1] INFO  - =====================================
2026-01-26 20:25:00.006 [scheduling-1] INFO  - ========== 开始执行定时任务：检查未到店订单 ==========
2026-01-26 20:25:00.019 [scheduling-1] INFO  - 找到 5 条待核销的订单
2026-01-26 20:25:00.020 [scheduling-1] INFO  - ========== 定时任务完成 ==========
2026-01-26 20:25:00.020 [scheduling-1] INFO  - 总订单数: 5
2026-01-26 20:25:00.020 [scheduling-1] INFO  - 更新数量: 0
2026-01-26 20:25:00.020 [scheduling-1] INFO  - 跳过数量: 0
2026-01-26 20:25:00.020 [scheduling-1] INFO  - 错误数量: 0
2026-01-26 20:25:00.020 [scheduling-1] INFO  - 执行耗时: 12 毫秒
2026-01-26 20:25:00.020 [scheduling-1] INFO  - =====================================
2026-01-26 20:30:00.010 [scheduling-1] INFO  - ========== 开始执行定时任务：检查未到店订单 ==========
2026-01-26 20:30:00.032 [scheduling-1] INFO  - 找到 5 条待核销的订单
2026-01-26 20:30:00.033 [scheduling-1] INFO  - ========== 定时任务完成 ==========
2026-01-26 20:30:00.033 [scheduling-1] INFO  - 总订单数: 5
2026-01-26 20:30:00.033 [scheduling-1] INFO  - 更新数量: 0
2026-01-26 20:30:00.033 [scheduling-1] INFO  - 跳过数量: 0
2026-01-26 20:30:00.033 [scheduling-1] INFO  - 错误数量: 0
2026-01-26 20:30:00.033 [scheduling-1] INFO  - 执行耗时: 18 毫秒
2026-01-26 20:30:00.033 [scheduling-1] INFO  - =====================================
2026-01-26 20:35:00.012 [scheduling-1] INFO  - ========== 开始执行定时任务：检查未到店订单 ==========
2026-01-26 20:35:00.027 [scheduling-1] INFO  - 找到 5 条待核销的订单
2026-01-26 20:35:00.028 [scheduling-1] INFO  - ========== 定时任务完成 ==========
2026-01-26 20:35:00.028 [scheduling-1] INFO  - 总订单数: 5
2026-01-26 20:35:00.028 [scheduling-1] INFO  - 更新数量: 0
2026-01-26 20:35:00.029 [scheduling-1] INFO  - 跳过数量: 0
2026-01-26 20:35:00.029 [scheduling-1] INFO  - 错误数量: 0
2026-01-26 20:35:00.029 [scheduling-1] INFO  - 执行耗时: 14 毫秒
2026-01-26 20:35:00.029 [scheduling-1] INFO  - =====================================
2026-01-26 20:40:00.011 [scheduling-1] INFO  - ========== 开始执行定时任务：检查未到店订单 ==========
2026-01-26 20:40:00.025 [scheduling-1] INFO  - 找到 5 条待核销的订单
2026-01-26 20:40:00.027 [scheduling-1] INFO  - ========== 定时任务完成 ==========
2026-01-26 20:40:00.027 [scheduling-1] INFO  - 总订单数: 5
2026-01-26 20:40:00.027 [scheduling-1] INFO  - 更新数量: 0
2026-01-26 20:40:00.027 [scheduling-1] INFO  - 跳过数量: 0
2026-01-26 20:40:00.027 [scheduling-1] INFO  - 错误数量: 0
2026-01-26 20:40:00.027 [scheduling-1] INFO  - 执行耗时: 13 毫秒
2026-01-26 20:40:00.027 [scheduling-1] INFO  - =====================================
2026-01-26 20:44:59.986 [scheduling-1] INFO  - ========== 开始执行定时任务：检查未到店订单 ==========
2026-01-26 20:45:00.004 [scheduling-1] INFO  - 找到 5 条待核销的订单
2026-01-26 20:45:00.006 [scheduling-1] INFO  - ========== 定时任务完成 ==========
2026-01-26 20:45:00.006 [scheduling-1] INFO  - 总订单数: 5
2026-01-26 20:45:00.006 [scheduling-1] INFO  - 更新数量: 0
2026-01-26 20:45:00.007 [scheduling-1] INFO  - 跳过数量: 0
2026-01-26 20:45:00.007 [scheduling-1] INFO  - 错误数量: 0
2026-01-26 20:45:00.007 [scheduling-1] INFO  - 执行耗时: 16 毫秒
2026-01-26 20:45:00.007 [scheduling-1] INFO  - =====================================
2026-01-26 20:50:00.010 [scheduling-1] INFO  - ========== 开始执行定时任务：检查未到店订单 ==========
2026-01-26 20:50:00.021 [scheduling-1] INFO  - 找到 5 条待核销的订单
2026-01-26 20:50:00.022 [scheduling-1] INFO  - ========== 定时任务完成 ==========
2026-01-26 20:50:00.022 [scheduling-1] INFO  - 总订单数: 5
2026-01-26 20:50:00.022 [scheduling-1] INFO  - 更新数量: 0
2026-01-26 20:50:00.022 [scheduling-1] INFO  - 跳过数量: 0
2026-01-26 20:50:00.022 [scheduling-1] INFO  - 错误数量: 0
2026-01-26 20:50:00.022 [scheduling-1] INFO  - 执行耗时: 11 毫秒
2026-01-26 20:50:00.022 [scheduling-1] INFO  - =====================================
2026-01-26 20:55:00.004 [scheduling-1] INFO  - ========== 开始执行定时任务：检查未到店订单 ==========
2026-01-26 20:55:00.013 [scheduling-1] INFO  - 找到 5 条待核销的订单
2026-01-26 20:55:00.013 [scheduling-1] INFO  - ========== 定时任务完成 ==========
2026-01-26 20:55:00.013 [scheduling-1] INFO  - 总订单数: 5
2026-01-26 20:55:00.013 [scheduling-1] INFO  - 更新数量: 0
2026-01-26 20:55:00.013 [scheduling-1] INFO  - 跳过数量: 0
2026-01-26 20:55:00.013 [scheduling-1] INFO  - 错误数量: 0
2026-01-26 20:55:00.013 [scheduling-1] INFO  - 执行耗时: 8 毫秒
2026-01-26 20:55:00.013 [scheduling-1] INFO  - =====================================
2026-01-26 21:00:00.043 [scheduling-1] INFO  - ========== 开始执行定时任务：检查未到店订单 ==========
2026-01-26 21:00:00.074 [scheduling-1] INFO  - 找到 5 条待核销的订单
2026-01-26 21:00:00.075 [scheduling-1] INFO  - ========== 定时任务完成 ==========
2026-01-26 21:00:00.075 [scheduling-1] INFO  - 总订单数: 5
2026-01-26 21:00:00.075 [scheduling-1] INFO  - 更新数量: 0
2026-01-26 21:00:00.075 [scheduling-1] INFO  - 跳过数量: 0
2026-01-26 21:00:00.075 [scheduling-1] INFO  - 错误数量: 0
2026-01-26 21:00:00.076 [scheduling-1] INFO  - 执行耗时: 24 毫秒
2026-01-26 21:00:00.076 [scheduling-1] INFO  - =====================================
2026-01-26 21:05:00.014 [scheduling-1] INFO  - ========== 开始执行定时任务：检查未到店订单 ==========
2026-01-26 21:05:00.035 [scheduling-1] INFO  - 找到 5 条待核销的订单
2026-01-26 21:05:00.038 [scheduling-1] INFO  - ========== 定时任务完成 ==========
2026-01-26 21:05:00.038 [scheduling-1] INFO  - 总订单数: 5
2026-01-26 21:05:00.038 [scheduling-1] INFO  - 更新数量: 0
2026-01-26 21:05:00.038 [scheduling-1] INFO  - 跳过数量: 0
2026-01-26 21:05:00.038 [scheduling-1] INFO  - 错误数量: 0
2026-01-26 21:05:00.038 [scheduling-1] INFO  - 执行耗时: 20 毫秒
2026-01-26 21:05:00.038 [scheduling-1] INFO  - =====================================
2026-01-26 21:10:00.010 [scheduling-1] INFO  - ========== 开始执行定时任务：检查未到店订单 ==========
2026-01-26 21:10:00.019 [scheduling-1] INFO  - 找到 5 条待核销的订单
2026-01-26 21:10:00.020 [scheduling-1] INFO  - ========== 定时任务完成 ==========
2026-01-26 21:10:00.020 [scheduling-1] INFO  - 总订单数: 5
2026-01-26 21:10:00.020 [scheduling-1] INFO  - 更新数量: 0
2026-01-26 21:10:00.020 [scheduling-1] INFO  - 跳过数量: 0
2026-01-26 21:10:00.020 [scheduling-1] INFO  - 错误数量: 0
2026-01-26 21:10:00.020 [scheduling-1] INFO  - 执行耗时: 9 毫秒
2026-01-26 21:10:00.020 [scheduling-1] INFO  - =====================================
2026-01-26 21:15:00.012 [scheduling-1] INFO  - ========== 开始执行定时任务：检查未到店订单 ==========
2026-01-26 21:15:00.029 [scheduling-1] INFO  - 找到 5 条待核销的订单
2026-01-26 21:15:00.030 [scheduling-1] INFO  - ========== 定时任务完成 ==========
2026-01-26 21:15:00.030 [scheduling-1] INFO  - 总订单数: 5
2026-01-26 21:15:00.030 [scheduling-1] INFO  - 更新数量: 0
2026-01-26 21:15:00.031 [scheduling-1] INFO  - 跳过数量: 0
2026-01-26 21:15:00.031 [scheduling-1] INFO  - 错误数量: 0
2026-01-26 21:15:00.031 [scheduling-1] INFO  - 执行耗时: 16 毫秒
2026-01-26 21:15:00.031 [scheduling-1] INFO  - =====================================
2026-01-26 21:20:00.012 [scheduling-1] INFO  - ========== 开始执行定时任务：检查未到店订单 ==========
2026-01-26 21:20:00.029 [scheduling-1] INFO  - 找到 5 条待核销的订单
2026-01-26 21:20:00.029 [scheduling-1] INFO  - ========== 定时任务完成 ==========
2026-01-26 21:20:00.029 [scheduling-1] INFO  - 总订单数: 5
2026-01-26 21:20:00.029 [scheduling-1] INFO  - 更新数量: 0
2026-01-26 21:20:00.029 [scheduling-1] INFO  - 跳过数量: 0
2026-01-26 21:20:00.029 [scheduling-1] INFO  - 错误数量: 0
2026-01-26 21:20:00.030 [scheduling-1] INFO  - 执行耗时: 14 毫秒
2026-01-26 21:20:00.030 [scheduling-1] INFO  - =====================================
2026-01-26 21:25:00.023 [scheduling-1] INFO  - ========== 开始执行定时任务：检查未到店订单 ==========
2026-01-26 21:25:00.048 [scheduling-1] INFO  - 找到 5 条待核销的订单
2026-01-26 21:25:00.048 [scheduling-1] INFO  - ========== 定时任务完成 ==========
2026-01-26 21:25:00.048 [scheduling-1] INFO  - 总订单数: 5
2026-01-26 21:25:00.049 [scheduling-1] INFO  - 更新数量: 0
2026-01-26 21:25:00.049 [scheduling-1] INFO  - 跳过数量: 0
2026-01-26 21:25:00.049 [scheduling-1] INFO  - 错误数量: 0
2026-01-26 21:25:00.049 [scheduling-1] INFO  - 执行耗时: 23 毫秒
2026-01-26 21:25:00.049 [scheduling-1] INFO  - =====================================
2026-01-26 21:29:59.987 [scheduling-1] INFO  - ========== 开始执行定时任务：检查未到店订单 ==========
2026-01-26 21:30:00.000 [scheduling-1] INFO  - 找到 5 条待核销的订单
2026-01-26 21:30:00.001 [scheduling-1] INFO  - ========== 定时任务完成 ==========
2026-01-26 21:30:00.001 [scheduling-1] INFO  - 总订单数: 5
2026-01-26 21:30:00.001 [scheduling-1] INFO  - 更新数量: 0
2026-01-26 21:30:00.001 [scheduling-1] INFO  - 跳过数量: 0
2026-01-26 21:30:00.001 [scheduling-1] INFO  - 错误数量: 0
2026-01-26 21:30:00.001 [scheduling-1] INFO  - 执行耗时: 12 毫秒
2026-01-26 21:30:00.001 [scheduling-1] INFO  - =====================================
2026-01-26 21:35:00.008 [scheduling-1] INFO  - ========== 开始执行定时任务：检查未到店订单 ==========
2026-01-26 21:35:00.027 [scheduling-1] INFO  - 找到 5 条待核销的订单
2026-01-26 21:35:00.028 [scheduling-1] INFO  - ========== 定时任务完成 ==========
2026-01-26 21:35:00.028 [scheduling-1] INFO  - 总订单数: 5
2026-01-26 21:35:00.028 [scheduling-1] INFO  - 更新数量: 0
2026-01-26 21:35:00.028 [scheduling-1] INFO  - 跳过数量: 0
2026-01-26 21:35:00.028 [scheduling-1] INFO  - 错误数量: 0
2026-01-26 21:35:00.028 [scheduling-1] INFO  - 执行耗时: 16 毫秒
2026-01-26 21:35:00.028 [scheduling-1] INFO  - =====================================
2026-01-26 21:40:00.010 [scheduling-1] INFO  - ========== 开始执行定时任务：检查未到店订单 ==========
2026-01-26 21:40:00.022 [scheduling-1] INFO  - 找到 5 条待核销的订单
2026-01-26 21:40:00.024 [scheduling-1] INFO  - ========== 定时任务完成 ==========
2026-01-26 21:40:00.024 [scheduling-1] INFO  - 总订单数: 5
2026-01-26 21:40:00.024 [scheduling-1] INFO  - 更新数量: 0
2026-01-26 21:40:00.024 [scheduling-1] INFO  - 跳过数量: 0
2026-01-26 21:40:00.024 [scheduling-1] INFO  - 错误数量: 0
2026-01-26 21:40:00.024 [scheduling-1] INFO  - 执行耗时: 13 毫秒
2026-01-26 21:40:00.024 [scheduling-1] INFO  - =====================================
2026-01-26 21:45:00.079 [scheduling-1] INFO  - ========== 开始执行定时任务：检查未到店订单 ==========
2026-01-26 21:45:00.096 [scheduling-1] INFO  - 找到 5 条待核销的订单
2026-01-26 21:45:00.097 [scheduling-1] INFO  - ========== 定时任务完成 ==========
2026-01-26 21:45:00.097 [scheduling-1] INFO  - 总订单数: 5
2026-01-26 21:45:00.098 [scheduling-1] INFO  - 更新数量: 0
2026-01-26 21:45:00.098 [scheduling-1] INFO  - 跳过数量: 0
2026-01-26 21:45:00.098 [scheduling-1] INFO  - 错误数量: 0
2026-01-26 21:45:00.098 [scheduling-1] INFO  - 执行耗时: 16 毫秒
2026-01-26 21:45:00.098 [scheduling-1] INFO  - =====================================
2026-01-26 21:50:00.015 [scheduling-1] INFO  - ========== 开始执行定时任务：检查未到店订单 ==========
2026-01-26 21:50:00.030 [scheduling-1] INFO  - 找到 5 条待核销的订单
2026-01-26 21:50:00.030 [scheduling-1] INFO  - ========== 定时任务完成 ==========
2026-01-26 21:50:00.030 [scheduling-1] INFO  - 总订单数: 5
2026-01-26 21:50:00.030 [scheduling-1] INFO  - 更新数量: 0
2026-01-26 21:50:00.030 [scheduling-1] INFO  - 跳过数量: 0
2026-01-26 21:50:00.031 [scheduling-1] INFO  - 错误数量: 0
2026-01-26 21:50:00.031 [scheduling-1] INFO  - 执行耗时: 13 毫秒
2026-01-26 21:50:00.031 [scheduling-1] INFO  - =====================================
2026-01-26 21:55:00.013 [scheduling-1] INFO  - ========== 开始执行定时任务：检查未到店订单 ==========
2026-01-26 21:55:00.034 [scheduling-1] INFO  - 找到 5 条待核销的订单
2026-01-26 21:55:00.037 [scheduling-1] INFO  - ========== 定时任务完成 ==========
2026-01-26 21:55:00.037 [scheduling-1] INFO  - 总订单数: 5
2026-01-26 21:55:00.039 [scheduling-1] INFO  - 更新数量: 0
2026-01-26 21:55:00.039 [scheduling-1] INFO  - 跳过数量: 0
2026-01-26 21:55:00.039 [scheduling-1] INFO  - 错误数量: 0
2026-01-26 21:55:00.039 [scheduling-1] INFO  - 执行耗时: 22 毫秒
2026-01-26 21:55:00.039 [scheduling-1] INFO  - =====================================
2026-01-26 21:59:59.998 [scheduling-1] INFO  - ========== 开始执行定时任务：检查未到店订单 ==========
2026-01-26 22:00:00.031 [scheduling-1] INFO  - 找到 5 条待核销的订单
2026-01-26 22:00:00.032 [scheduling-1] INFO  - ========== 定时任务完成 ==========
2026-01-26 22:00:00.033 [scheduling-1] INFO  - 总订单数: 5
2026-01-26 22:00:00.033 [scheduling-1] INFO  - 更新数量: 0
2026-01-26 22:00:00.033 [scheduling-1] INFO  - 跳过数量: 0
2026-01-26 22:00:00.033 [scheduling-1] INFO  - 错误数量: 0
2026-01-26 22:00:00.033 [scheduling-1] INFO  - 执行耗时: 31 毫秒
2026-01-26 22:00:00.033 [scheduling-1] INFO  - =====================================
2026-01-26 22:05:00.018 [scheduling-1] INFO  - ========== 开始执行定时任务：检查未到店订单 ==========
2026-01-26 22:05:00.036 [scheduling-1] INFO  - 找到 5 条待核销的订单
2026-01-26 22:05:00.037 [scheduling-1] INFO  - ========== 定时任务完成 ==========
2026-01-26 22:05:00.037 [scheduling-1] INFO  - 总订单数: 5
2026-01-26 22:05:00.037 [scheduling-1] INFO  - 更新数量: 0
2026-01-26 22:05:00.037 [scheduling-1] INFO  - 跳过数量: 0
2026-01-26 22:05:00.037 [scheduling-1] INFO  - 错误数量: 0
2026-01-26 22:05:00.037 [scheduling-1] INFO  - 执行耗时: 17 毫秒
2026-01-26 22:05:00.037 [scheduling-1] INFO  - =====================================
2026-01-26 22:10:00.013 [scheduling-1] INFO  - ========== 开始执行定时任务：检查未到店订单 ==========
2026-01-26 22:10:00.024 [scheduling-1] INFO  - 找到 5 条待核销的订单
2026-01-26 22:10:00.025 [scheduling-1] INFO  - ========== 定时任务完成 ==========
2026-01-26 22:10:00.025 [scheduling-1] INFO  - 总订单数: 5
2026-01-26 22:10:00.025 [scheduling-1] INFO  - 更新数量: 0
2026-01-26 22:10:00.025 [scheduling-1] INFO  - 跳过数量: 0
2026-01-26 22:10:00.025 [scheduling-1] INFO  - 错误数量: 0
2026-01-26 22:10:00.025 [scheduling-1] INFO  - 执行耗时: 10 毫秒
2026-01-26 22:10:00.025 [scheduling-1] INFO  - =====================================
2026-01-26 22:14:59.940 [scheduling-1] INFO  - ========== 开始执行定时任务：检查未到店订单 ==========
2026-01-26 22:14:59.957 [scheduling-1] INFO  - 找到 5 条待核销的订单
2026-01-26 22:14:59.958 [scheduling-1] INFO  - ========== 定时任务完成 ==========
2026-01-26 22:14:59.958 [scheduling-1] INFO  - 总订单数: 5
2026-01-26 22:14:59.958 [scheduling-1] INFO  - 更新数量: 0
2026-01-26 22:14:59.958 [scheduling-1] INFO  - 跳过数量: 0
2026-01-26 22:14:59.959 [scheduling-1] INFO  - 错误数量: 0
2026-01-26 22:14:59.959 [scheduling-1] INFO  - 执行耗时: 16 毫秒
2026-01-26 22:14:59.959 [scheduling-1] INFO  - =====================================
2026-01-26 22:20:00.010 [scheduling-1] INFO  - ========== 开始执行定时任务：检查未到店订单 ==========
2026-01-26 22:20:00.037 [scheduling-1] INFO  - 找到 5 条待核销的订单
2026-01-26 22:20:00.037 [scheduling-1] INFO  - ========== 定时任务完成 ==========
2026-01-26 22:20:00.037 [scheduling-1] INFO  - 总订单数: 5
2026-01-26 22:20:00.037 [scheduling-1] INFO  - 更新数量: 0
2026-01-26 22:20:00.037 [scheduling-1] INFO  - 跳过数量: 0
2026-01-26 22:20:00.037 [scheduling-1] INFO  - 错误数量: 0
2026-01-26 22:20:00.037 [scheduling-1] INFO  - 执行耗时: 23 毫秒
2026-01-26 22:20:00.037 [scheduling-1] INFO  - =====================================
2026-01-26 22:25:00.011 [scheduling-1] INFO  - ========== 开始执行定时任务：检查未到店订单 ==========
2026-01-26 22:25:00.027 [scheduling-1] INFO  - 找到 5 条待核销的订单
2026-01-26 22:25:00.027 [scheduling-1] INFO  - ========== 定时任务完成 ==========
2026-01-26 22:25:00.028 [scheduling-1] INFO  - 总订单数: 5
2026-01-26 22:25:00.028 [scheduling-1] INFO  - 更新数量: 0
2026-01-26 22:25:00.028 [scheduling-1] INFO  - 跳过数量: 0
2026-01-26 22:25:00.028 [scheduling-1] INFO  - 错误数量: 0
2026-01-26 22:25:00.028 [scheduling-1] INFO  - 执行耗时: 13 毫秒
2026-01-26 22:25:00.028 [scheduling-1] INFO  - =====================================
2026-01-26 22:30:00.117 [scheduling-1] INFO  - ========== 开始执行定时任务：检查未到店订单 ==========
2026-01-26 22:30:00.140 [scheduling-1] INFO  - 找到 5 条待核销的订单
2026-01-26 22:30:00.140 [scheduling-1] INFO  - ========== 定时任务完成 ==========
2026-01-26 22:30:00.141 [scheduling-1] INFO  - 总订单数: 5
2026-01-26 22:30:00.141 [scheduling-1] INFO  - 更新数量: 0
2026-01-26 22:30:00.141 [scheduling-1] INFO  - 跳过数量: 0
2026-01-26 22:30:00.141 [scheduling-1] INFO  - 错误数量: 0
2026-01-26 22:30:00.141 [scheduling-1] INFO  - 执行耗时: 21 毫秒
2026-01-26 22:30:00.141 [scheduling-1] INFO  - =====================================
2026-01-26 22:35:00.011 [scheduling-1] INFO  - ========== 开始执行定时任务：检查未到店订单 ==========
2026-01-26 22:35:00.028 [scheduling-1] INFO  - 找到 5 条待核销的订单
2026-01-26 22:35:00.028 [scheduling-1] INFO  - ========== 定时任务完成 ==========
2026-01-26 22:35:00.029 [scheduling-1] INFO  - 总订单数: 5
2026-01-26 22:35:00.029 [scheduling-1] INFO  - 更新数量: 0
2026-01-26 22:35:00.029 [scheduling-1] INFO  - 跳过数量: 0
2026-01-26 22:35:00.029 [scheduling-1] INFO  - 错误数量: 0
2026-01-26 22:35:00.029 [scheduling-1] INFO  - 执行耗时: 15 毫秒
2026-01-26 22:35:00.029 [scheduling-1] INFO  - =====================================
2026-01-26 22:40:00.013 [scheduling-1] INFO  - ========== 开始执行定时任务：检查未到店订单 ==========
2026-01-26 22:40:00.027 [scheduling-1] INFO  - 找到 5 条待核销的订单
2026-01-26 22:40:00.028 [scheduling-1] INFO  - ========== 定时任务完成 ==========
2026-01-26 22:40:00.028 [scheduling-1] INFO  - 总订单数: 5
2026-01-26 22:40:00.028 [scheduling-1] INFO  - 更新数量: 0
2026-01-26 22:40:00.028 [scheduling-1] INFO  - 跳过数量: 0
2026-01-26 22:40:00.028 [scheduling-1] INFO  - 错误数量: 0
2026-01-26 22:40:00.028 [scheduling-1] INFO  - 执行耗时: 12 毫秒
2026-01-26 22:40:00.028 [scheduling-1] INFO  - =====================================
2026-01-26 22:45:00.016 [scheduling-1] INFO  - ========== 开始执行定时任务：检查未到店订单 ==========
2026-01-26 22:45:00.035 [scheduling-1] INFO  - 找到 5 条待核销的订单
2026-01-26 22:45:00.035 [scheduling-1] INFO  - ========== 定时任务完成 ==========
2026-01-26 22:45:00.036 [scheduling-1] INFO  - 总订单数: 5
2026-01-26 22:45:00.036 [scheduling-1] INFO  - 更新数量: 0
2026-01-26 22:45:00.036 [scheduling-1] INFO  - 跳过数量: 0
2026-01-26 22:45:00.036 [scheduling-1] INFO  - 错误数量: 0
2026-01-26 22:45:00.036 [scheduling-1] INFO  - 执行耗时: 16 毫秒
2026-01-26 22:45:00.036 [scheduling-1] INFO  - =====================================
2026-01-26 22:50:00.011 [scheduling-1] INFO  - ========== 开始执行定时任务：检查未到店订单 ==========
2026-01-26 22:50:00.034 [scheduling-1] INFO  - 找到 5 条待核销的订单
2026-01-26 22:50:00.035 [scheduling-1] INFO  - ========== 定时任务完成 ==========
2026-01-26 22:50:00.035 [scheduling-1] INFO  - 总订单数: 5
2026-01-26 22:50:00.035 [scheduling-1] INFO  - 更新数量: 0
2026-01-26 22:50:00.035 [scheduling-1] INFO  - 跳过数量: 0
2026-01-26 22:50:00.035 [scheduling-1] INFO  - 错误数量: 0
2026-01-26 22:50:00.035 [scheduling-1] INFO  - 执行耗时: 21 毫秒
2026-01-26 22:50:00.035 [scheduling-1] INFO  - =====================================
2026-01-26 22:55:00.018 [scheduling-1] INFO  - ========== 开始执行定时任务：检查未到店订单 ==========
2026-01-26 22:55:00.033 [scheduling-1] INFO  - 找到 5 条待核销的订单
2026-01-26 22:55:00.034 [scheduling-1] INFO  - ========== 定时任务完成 ==========
2026-01-26 22:55:00.034 [scheduling-1] INFO  - 总订单数: 5
2026-01-26 22:55:00.035 [scheduling-1] INFO  - 更新数量: 0
2026-01-26 22:55:00.035 [scheduling-1] INFO  - 跳过数量: 0
2026-01-26 22:55:00.035 [scheduling-1] INFO  - 错误数量: 0
2026-01-26 22:55:00.035 [scheduling-1] INFO  - 执行耗时: 14 毫秒
2026-01-26 22:55:00.035 [scheduling-1] INFO  - =====================================
2026-01-26 23:00:00.019 [scheduling-1] INFO  - ========== 开始执行定时任务：检查未到店订单 ==========
2026-01-26 23:00:00.045 [scheduling-1] INFO  - 找到 5 条待核销的订单
2026-01-26 23:00:00.046 [scheduling-1] INFO  - ========== 定时任务完成 ==========
2026-01-26 23:00:00.047 [scheduling-1] INFO  - 总订单数: 5
2026-01-26 23:00:00.047 [scheduling-1] INFO  - 更新数量: 0
2026-01-26 23:00:00.047 [scheduling-1] INFO  - 跳过数量: 0
2026-01-26 23:00:00.047 [scheduling-1] INFO  - 错误数量: 0
2026-01-26 23:00:00.047 [scheduling-1] INFO  - 执行耗时: 23 毫秒
2026-01-26 23:00:00.047 [scheduling-1] INFO  - =====================================
2026-01-26 23:04:59.980 [scheduling-1] INFO  - ========== 开始执行定时任务：检查未到店订单 ==========
2026-01-26 23:04:59.999 [scheduling-1] INFO  - 找到 5 条待核销的订单
2026-01-26 23:05:00.000 [scheduling-1] INFO  - ========== 定时任务完成 ==========
2026-01-26 23:05:00.000 [scheduling-1] INFO  - 总订单数: 5
2026-01-26 23:05:00.000 [scheduling-1] INFO  - 更新数量: 0
2026-01-26 23:05:00.000 [scheduling-1] INFO  - 跳过数量: 0
2026-01-26 23:05:00.000 [scheduling-1] INFO  - 错误数量: 0
2026-01-26 23:05:00.001 [scheduling-1] INFO  - 执行耗时: 18 毫秒
2026-01-26 23:05:00.001 [scheduling-1] INFO  - =====================================
2026-01-26 23:10:00.004 [scheduling-1] INFO  - ========== 开始执行定时任务：检查未到店订单 ==========
2026-01-26 23:10:00.028 [scheduling-1] INFO  - 找到 5 条待核销的订单
2026-01-26 23:10:00.029 [scheduling-1] INFO  - ========== 定时任务完成 ==========
2026-01-26 23:10:00.029 [scheduling-1] INFO  - 总订单数: 5
2026-01-26 23:10:00.029 [scheduling-1] INFO  - 更新数量: 0
2026-01-26 23:10:00.029 [scheduling-1] INFO  - 跳过数量: 0
2026-01-26 23:10:00.030 [scheduling-1] INFO  - 错误数量: 0
2026-01-26 23:10:00.030 [scheduling-1] INFO  - 执行耗时: 20 毫秒
2026-01-26 23:10:00.030 [scheduling-1] INFO  - =====================================
2026-01-26 23:15:00.014 [scheduling-1] INFO  - ========== 开始执行定时任务：检查未到店订单 ==========
2026-01-26 23:15:00.029 [scheduling-1] INFO  - 找到 5 条待核销的订单
2026-01-26 23:15:00.030 [scheduling-1] INFO  - ========== 定时任务完成 ==========
2026-01-26 23:15:00.030 [scheduling-1] INFO  - 总订单数: 5
2026-01-26 23:15:00.030 [scheduling-1] INFO  - 更新数量: 0
2026-01-26 23:15:00.031 [scheduling-1] INFO  - 跳过数量: 0
2026-01-26 23:15:00.031 [scheduling-1] INFO  - 错误数量: 0
2026-01-26 23:15:00.031 [scheduling-1] INFO  - 执行耗时: 14 毫秒
2026-01-26 23:15:00.031 [scheduling-1] INFO  - =====================================
2026-01-26 23:20:00.015 [scheduling-1] INFO  - ========== 开始执行定时任务：检查未到店订单 ==========
2026-01-26 23:20:00.026 [scheduling-1] INFO  - 找到 5 条待核销的订单
2026-01-26 23:20:00.026 [scheduling-1] INFO  - ========== 定时任务完成 ==========
2026-01-26 23:20:00.026 [scheduling-1] INFO  - 总订单数: 5
2026-01-26 23:20:00.026 [scheduling-1] INFO  - 更新数量: 0
2026-01-26 23:20:00.026 [scheduling-1] INFO  - 跳过数量: 0
2026-01-26 23:20:00.026 [scheduling-1] INFO  - 错误数量: 0
2026-01-26 23:20:00.026 [scheduling-1] INFO  - 执行耗时: 10 毫秒
2026-01-26 23:20:00.026 [scheduling-1] INFO  - =====================================
2026-01-26 23:25:00.011 [scheduling-1] INFO  - ========== 开始执行定时任务：检查未到店订单 ==========
2026-01-26 23:25:00.020 [scheduling-1] INFO  - 找到 5 条待核销的订单
2026-01-26 23:25:00.021 [scheduling-1] INFO  - ========== 定时任务完成 ==========
2026-01-26 23:25:00.021 [scheduling-1] INFO  - 总订单数: 5
2026-01-26 23:25:00.022 [scheduling-1] INFO  - 更新数量: 0
2026-01-26 23:25:00.022 [scheduling-1] INFO  - 跳过数量: 0
2026-01-26 23:25:00.022 [scheduling-1] INFO  - 错误数量: 0
2026-01-26 23:25:00.022 [scheduling-1] INFO  - 执行耗时: 9 毫秒
2026-01-26 23:25:00.022 [scheduling-1] INFO  - =====================================
2026-01-26 23:30:00.009 [scheduling-1] INFO  - ========== 开始执行定时任务：检查未到店订单 ==========
2026-01-26 23:30:00.021 [scheduling-1] INFO  - 找到 5 条待核销的订单
2026-01-26 23:30:00.022 [scheduling-1] INFO  - ========== 定时任务完成 ==========
2026-01-26 23:30:00.022 [scheduling-1] INFO  - 总订单数: 5
2026-01-26 23:30:00.022 [scheduling-1] INFO  - 更新数量: 0
2026-01-26 23:30:00.022 [scheduling-1] INFO  - 跳过数量: 0
2026-01-26 23:30:00.022 [scheduling-1] INFO  - 错误数量: 0
2026-01-26 23:30:00.022 [scheduling-1] INFO  - 执行耗时: 12 毫秒
2026-01-26 23:30:00.023 [scheduling-1] INFO  - =====================================
2026-01-26 23:35:00.012 [scheduling-1] INFO  - ========== 开始执行定时任务：检查未到店订单 ==========
2026-01-26 23:35:00.023 [scheduling-1] INFO  - 找到 5 条待核销的订单
2026-01-26 23:35:00.023 [scheduling-1] INFO  - ========== 定时任务完成 ==========
2026-01-26 23:35:00.023 [scheduling-1] INFO  - 总订单数: 5
2026-01-26 23:35:00.023 [scheduling-1] INFO  - 更新数量: 0
2026-01-26 23:35:00.023 [scheduling-1] INFO  - 跳过数量: 0
2026-01-26 23:35:00.023 [scheduling-1] INFO  - 错误数量: 0
2026-01-26 23:35:00.023 [scheduling-1] INFO  - 执行耗时: 9 毫秒
2026-01-26 23:35:00.023 [scheduling-1] INFO  - =====================================
2026-01-26 23:39:59.991 [scheduling-1] INFO  - ========== 开始执行定时任务：检查未到店订单 ==========
2026-01-26 23:40:00.013 [scheduling-1] INFO  - 找到 5 条待核销的订单
2026-01-26 23:40:00.013 [scheduling-1] INFO  - ========== 定时任务完成 ==========
2026-01-26 23:40:00.013 [scheduling-1] INFO  - 总订单数: 5
2026-01-26 23:40:00.013 [scheduling-1] INFO  - 更新数量: 0
2026-01-26 23:40:00.013 [scheduling-1] INFO  - 跳过数量: 0
2026-01-26 23:40:00.013 [scheduling-1] INFO  - 错误数量: 0
2026-01-26 23:40:00.014 [scheduling-1] INFO  - 执行耗时: 20 毫秒
2026-01-26 23:40:00.014 [scheduling-1] INFO  - =====================================
2026-01-26 23:45:00.013 [scheduling-1] INFO  - ========== 开始执行定时任务：检查未到店订单 ==========
2026-01-26 23:45:00.030 [scheduling-1] INFO  - 找到 5 条待核销的订单
2026-01-26 23:45:00.031 [scheduling-1] INFO  - ========== 定时任务完成 ==========
2026-01-26 23:45:00.031 [scheduling-1] INFO  - 总订单数: 5
2026-01-26 23:45:00.031 [scheduling-1] INFO  - 更新数量: 0
2026-01-26 23:45:00.031 [scheduling-1] INFO  - 跳过数量: 0
2026-01-26 23:45:00.031 [scheduling-1] INFO  - 错误数量: 0
2026-01-26 23:45:00.032 [scheduling-1] INFO  - 执行耗时: 14 毫秒
2026-01-26 23:45:00.032 [scheduling-1] INFO  - =====================================
2026-01-26 23:50:00.012 [scheduling-1] INFO  - ========== 开始执行定时任务：检查未到店订单 ==========
2026-01-26 23:50:00.024 [scheduling-1] INFO  - 找到 5 条待核销的订单
2026-01-26 23:50:00.025 [scheduling-1] INFO  - ========== 定时任务完成 ==========
2026-01-26 23:50:00.025 [scheduling-1] INFO  - 总订单数: 5
2026-01-26 23:50:00.025 [scheduling-1] INFO  - 更新数量: 0
2026-01-26 23:50:00.025 [scheduling-1] INFO  - 跳过数量: 0
2026-01-26 23:50:00.025 [scheduling-1] INFO  - 错误数量: 0
2026-01-26 23:50:00.025 [scheduling-1] INFO  - 执行耗时: 10 毫秒
2026-01-26 23:50:00.025 [scheduling-1] INFO  - =====================================
2026-01-26 23:55:00.022 [scheduling-1] INFO  - ========== 开始执行定时任务：检查未到店订单 ==========
2026-01-26 23:55:00.044 [scheduling-1] INFO  - 找到 5 条待核销的订单
2026-01-26 23:55:00.045 [scheduling-1] INFO  - ========== 定时任务完成 ==========
2026-01-26 23:55:00.046 [scheduling-1] INFO  - 总订单数: 5
2026-01-26 23:55:00.046 [scheduling-1] INFO  - 更新数量: 0
2026-01-26 23:55:00.046 [scheduling-1] INFO  - 跳过数量: 0
2026-01-26 23:55:00.046 [scheduling-1] INFO  - 错误数量: 0
2026-01-26 23:55:00.046 [scheduling-1] INFO  - 执行耗时: 21 毫秒
2026-01-26 23:55:00.046 [scheduling-1] INFO  - =====================================
