2026-01-20 00:00:00.011 [scheduling-1] INFO  - ========== 开始执行定时任务：检查未到店订单 ==========
2026-01-20 00:00:00.093 [scheduling-1] INFO  - 找到 0 条待核销的订单
2026-01-20 00:00:00.093 [scheduling-1] INFO  - ========== 定时任务完成 ==========
2026-01-20 00:00:00.093 [scheduling-1] INFO  - 总订单数: 0
2026-01-20 00:00:00.094 [scheduling-1] INFO  - 更新数量: 0
2026-01-20 00:00:00.094 [scheduling-1] INFO  - 跳过数量: 0
2026-01-20 00:00:00.094 [scheduling-1] INFO  - 错误数量: 0
2026-01-20 00:00:00.094 [scheduling-1] INFO  - 执行耗时: 9 毫秒
2026-01-20 00:00:00.094 [scheduling-1] INFO  - =====================================
2026-01-20 00:05:00.013 [scheduling-1] INFO  - ========== 开始执行定时任务：检查未到店订单 ==========
2026-01-20 00:05:00.036 [scheduling-1] INFO  - 找到 0 条待核销的订单
2026-01-20 00:05:00.036 [scheduling-1] INFO  - ========== 定时任务完成 ==========
2026-01-20 00:05:00.036 [scheduling-1] INFO  - 总订单数: 0
2026-01-20 00:05:00.036 [scheduling-1] INFO  - 更新数量: 0
2026-01-20 00:05:00.037 [scheduling-1] INFO  - 跳过数量: 0
2026-01-20 00:05:00.037 [scheduling-1] INFO  - 错误数量: 0
2026-01-20 00:05:00.037 [scheduling-1] INFO  - 执行耗时: 21 毫秒
2026-01-20 00:05:00.037 [scheduling-1] INFO  - =====================================
2026-01-20 00:10:00.008 [scheduling-1] INFO  - ========== 开始执行定时任务：检查未到店订单 ==========
2026-01-20 00:10:00.023 [scheduling-1] INFO  - 找到 0 条待核销的订单
2026-01-20 00:10:00.023 [scheduling-1] INFO  - ========== 定时任务完成 ==========
2026-01-20 00:10:00.023 [scheduling-1] INFO  - 总订单数: 0
2026-01-20 00:10:00.023 [scheduling-1] INFO  - 更新数量: 0
2026-01-20 00:10:00.023 [scheduling-1] INFO  - 跳过数量: 0
2026-01-20 00:10:00.023 [scheduling-1] INFO  - 错误数量: 0
2026-01-20 00:10:00.023 [scheduling-1] INFO  - 执行耗时: 13 毫秒
2026-01-20 00:10:00.023 [scheduling-1] INFO  - =====================================
2026-01-20 00:15:00.011 [scheduling-1] INFO  - ========== 开始执行定时任务：检查未到店订单 ==========
2026-01-20 00:15:00.027 [scheduling-1] INFO  - 找到 0 条待核销的订单
2026-01-20 00:15:00.027 [scheduling-1] INFO  - ========== 定时任务完成 ==========
2026-01-20 00:15:00.027 [scheduling-1] INFO  - 总订单数: 0
2026-01-20 00:15:00.027 [scheduling-1] INFO  - 更新数量: 0
2026-01-20 00:15:00.028 [scheduling-1] INFO  - 跳过数量: 0
2026-01-20 00:15:00.028 [scheduling-1] INFO  - 错误数量: 0
2026-01-20 00:15:00.028 [scheduling-1] INFO  - 执行耗时: 14 毫秒
2026-01-20 00:15:00.028 [scheduling-1] INFO  - =====================================
2026-01-20 00:20:00.016 [scheduling-1] INFO  - ========== 开始执行定时任务：检查未到店订单 ==========
2026-01-20 00:20:00.034 [scheduling-1] INFO  - 找到 0 条待核销的订单
2026-01-20 00:20:00.035 [scheduling-1] INFO  - ========== 定时任务完成 ==========
2026-01-20 00:20:00.035 [scheduling-1] INFO  - 总订单数: 0
2026-01-20 00:20:00.035 [scheduling-1] INFO  - 更新数量: 0
2026-01-20 00:20:00.035 [scheduling-1] INFO  - 跳过数量: 0
2026-01-20 00:20:00.035 [scheduling-1] INFO  - 错误数量: 0
2026-01-20 00:20:00.035 [scheduling-1] INFO  - 执行耗时: 17 毫秒
2026-01-20 00:20:00.035 [scheduling-1] INFO  - =====================================
2026-01-20 00:25:00.015 [scheduling-1] INFO  - ========== 开始执行定时任务：检查未到店订单 ==========
2026-01-20 00:25:00.032 [scheduling-1] INFO  - 找到 0 条待核销的订单
2026-01-20 00:25:00.032 [scheduling-1] INFO  - ========== 定时任务完成 ==========
2026-01-20 00:25:00.032 [scheduling-1] INFO  - 总订单数: 0
2026-01-20 00:25:00.032 [scheduling-1] INFO  - 更新数量: 0
2026-01-20 00:25:00.032 [scheduling-1] INFO  - 跳过数量: 0
2026-01-20 00:25:00.032 [scheduling-1] INFO  - 错误数量: 0
2026-01-20 00:25:00.032 [scheduling-1] INFO  - 执行耗时: 15 毫秒
2026-01-20 00:25:00.032 [scheduling-1] INFO  - =====================================
2026-01-20 00:30:00.015 [scheduling-1] INFO  - ========== 开始执行定时任务：检查未到店订单 ==========
2026-01-20 00:30:00.027 [scheduling-1] INFO  - 找到 0 条待核销的订单
2026-01-20 00:30:00.027 [scheduling-1] INFO  - ========== 定时任务完成 ==========
2026-01-20 00:30:00.027 [scheduling-1] INFO  - 总订单数: 0
2026-01-20 00:30:00.027 [scheduling-1] INFO  - 更新数量: 0
2026-01-20 00:30:00.027 [scheduling-1] INFO  - 跳过数量: 0
2026-01-20 00:30:00.027 [scheduling-1] INFO  - 错误数量: 0
2026-01-20 00:30:00.027 [scheduling-1] INFO  - 执行耗时: 11 毫秒
2026-01-20 00:30:00.027 [scheduling-1] INFO  - =====================================
2026-01-20 00:35:00.012 [scheduling-1] INFO  - ========== 开始执行定时任务：检查未到店订单 ==========
2026-01-20 00:35:00.031 [scheduling-1] INFO  - 找到 0 条待核销的订单
2026-01-20 00:35:00.032 [scheduling-1] INFO  - ========== 定时任务完成 ==========
2026-01-20 00:35:00.032 [scheduling-1] INFO  - 总订单数: 0
2026-01-20 00:35:00.032 [scheduling-1] INFO  - 更新数量: 0
2026-01-20 00:35:00.032 [scheduling-1] INFO  - 跳过数量: 0
2026-01-20 00:35:00.032 [scheduling-1] INFO  - 错误数量: 0
2026-01-20 00:35:00.032 [scheduling-1] INFO  - 执行耗时: 18 毫秒
2026-01-20 00:35:00.032 [scheduling-1] INFO  - =====================================
2026-01-20 00:39:59.979 [scheduling-1] INFO  - ========== 开始执行定时任务：检查未到店订单 ==========
2026-01-20 00:39:59.999 [scheduling-1] INFO  - 找到 0 条待核销的订单
2026-01-20 00:39:59.999 [scheduling-1] INFO  - ========== 定时任务完成 ==========
2026-01-20 00:39:59.999 [scheduling-1] INFO  - 总订单数: 0
2026-01-20 00:39:59.999 [scheduling-1] INFO  - 更新数量: 0
2026-01-20 00:39:59.999 [scheduling-1] INFO  - 跳过数量: 0
2026-01-20 00:39:59.999 [scheduling-1] INFO  - 错误数量: 0
2026-01-20 00:40:00.000 [scheduling-1] INFO  - 执行耗时: 18 毫秒
2026-01-20 00:40:00.000 [scheduling-1] INFO  - =====================================
2026-01-20 00:45:00.012 [scheduling-1] INFO  - ========== 开始执行定时任务：检查未到店订单 ==========
2026-01-20 00:45:00.037 [scheduling-1] INFO  - 找到 0 条待核销的订单
2026-01-20 00:45:00.037 [scheduling-1] INFO  - ========== 定时任务完成 ==========
2026-01-20 00:45:00.037 [scheduling-1] INFO  - 总订单数: 0
2026-01-20 00:45:00.037 [scheduling-1] INFO  - 更新数量: 0
2026-01-20 00:45:00.037 [scheduling-1] INFO  - 跳过数量: 0
2026-01-20 00:45:00.037 [scheduling-1] INFO  - 错误数量: 0
2026-01-20 00:45:00.037 [scheduling-1] INFO  - 执行耗时: 21 毫秒
2026-01-20 00:45:00.037 [scheduling-1] INFO  - =====================================
2026-01-20 00:50:00.011 [scheduling-1] INFO  - ========== 开始执行定时任务：检查未到店订单 ==========
2026-01-20 00:50:00.032 [scheduling-1] INFO  - 找到 0 条待核销的订单
2026-01-20 00:50:00.032 [scheduling-1] INFO  - ========== 定时任务完成 ==========
2026-01-20 00:50:00.032 [scheduling-1] INFO  - 总订单数: 0
2026-01-20 00:50:00.032 [scheduling-1] INFO  - 更新数量: 0
2026-01-20 00:50:00.032 [scheduling-1] INFO  - 跳过数量: 0
2026-01-20 00:50:00.032 [scheduling-1] INFO  - 错误数量: 0
2026-01-20 00:50:00.032 [scheduling-1] INFO  - 执行耗时: 19 毫秒
2026-01-20 00:50:00.032 [scheduling-1] INFO  - =====================================
2026-01-20 00:55:00.024 [scheduling-1] INFO  - ========== 开始执行定时任务：检查未到店订单 ==========
2026-01-20 00:55:00.045 [scheduling-1] INFO  - 找到 0 条待核销的订单
2026-01-20 00:55:00.045 [scheduling-1] INFO  - ========== 定时任务完成 ==========
2026-01-20 00:55:00.045 [scheduling-1] INFO  - 总订单数: 0
2026-01-20 00:55:00.045 [scheduling-1] INFO  - 更新数量: 0
2026-01-20 00:55:00.045 [scheduling-1] INFO  - 跳过数量: 0
2026-01-20 00:55:00.045 [scheduling-1] INFO  - 错误数量: 0
2026-01-20 00:55:00.045 [scheduling-1] INFO  - 执行耗时: 18 毫秒
2026-01-20 00:55:00.045 [scheduling-1] INFO  - =====================================
2026-01-20 01:00:00.019 [scheduling-1] INFO  - ========== 开始执行定时任务：检查未到店订单 ==========
2026-01-20 01:00:00.040 [scheduling-1] INFO  - 找到 0 条待核销的订单
2026-01-20 01:00:00.041 [scheduling-1] INFO  - ========== 定时任务完成 ==========
2026-01-20 01:00:00.041 [scheduling-1] INFO  - 总订单数: 0
2026-01-20 01:00:00.041 [scheduling-1] INFO  - 更新数量: 0
2026-01-20 01:00:00.041 [scheduling-1] INFO  - 跳过数量: 0
2026-01-20 01:00:00.041 [scheduling-1] INFO  - 错误数量: 0
2026-01-20 01:00:00.041 [scheduling-1] INFO  - 执行耗时: 20 毫秒
2026-01-20 01:00:00.041 [scheduling-1] INFO  - =====================================
2026-01-20 01:05:00.012 [scheduling-1] INFO  - ========== 开始执行定时任务：检查未到店订单 ==========
2026-01-20 01:05:00.064 [scheduling-1] INFO  - 找到 0 条待核销的订单
2026-01-20 01:05:00.065 [scheduling-1] INFO  - ========== 定时任务完成 ==========
2026-01-20 01:05:00.065 [scheduling-1] INFO  - 总订单数: 0
2026-01-20 01:05:00.065 [scheduling-1] INFO  - 更新数量: 0
2026-01-20 01:05:00.065 [scheduling-1] INFO  - 跳过数量: 0
2026-01-20 01:05:00.065 [scheduling-1] INFO  - 错误数量: 0
2026-01-20 01:05:00.065 [scheduling-1] INFO  - 执行耗时: 51 毫秒
2026-01-20 01:05:00.065 [scheduling-1] INFO  - =====================================
2026-01-20 01:10:00.011 [scheduling-1] INFO  - ========== 开始执行定时任务：检查未到店订单 ==========
2026-01-20 01:10:00.032 [scheduling-1] INFO  - 找到 0 条待核销的订单
2026-01-20 01:10:00.032 [scheduling-1] INFO  - ========== 定时任务完成 ==========
2026-01-20 01:10:00.032 [scheduling-1] INFO  - 总订单数: 0
2026-01-20 01:10:00.032 [scheduling-1] INFO  - 更新数量: 0
2026-01-20 01:10:00.032 [scheduling-1] INFO  - 跳过数量: 0
2026-01-20 01:10:00.032 [scheduling-1] INFO  - 错误数量: 0
2026-01-20 01:10:00.032 [scheduling-1] INFO  - 执行耗时: 19 毫秒
2026-01-20 01:10:00.033 [scheduling-1] INFO  - =====================================
2026-01-20 01:15:00.011 [scheduling-1] INFO  - ========== 开始执行定时任务：检查未到店订单 ==========
2026-01-20 01:15:00.030 [scheduling-1] INFO  - 找到 0 条待核销的订单
2026-01-20 01:15:00.030 [scheduling-1] INFO  - ========== 定时任务完成 ==========
2026-01-20 01:15:00.031 [scheduling-1] INFO  - 总订单数: 0
2026-01-20 01:15:00.031 [scheduling-1] INFO  - 更新数量: 0
2026-01-20 01:15:00.031 [scheduling-1] INFO  - 跳过数量: 0
2026-01-20 01:15:00.031 [scheduling-1] INFO  - 错误数量: 0
2026-01-20 01:15:00.031 [scheduling-1] INFO  - 执行耗时: 18 毫秒
2026-01-20 01:15:00.031 [scheduling-1] INFO  - =====================================
2026-01-20 01:19:59.906 [scheduling-1] INFO  - ========== 开始执行定时任务：检查未到店订单 ==========
2026-01-20 01:19:59.927 [scheduling-1] INFO  - 找到 0 条待核销的订单
2026-01-20 01:19:59.928 [scheduling-1] INFO  - ========== 定时任务完成 ==========
2026-01-20 01:19:59.928 [scheduling-1] INFO  - 总订单数: 0
2026-01-20 01:19:59.928 [scheduling-1] INFO  - 更新数量: 0
2026-01-20 01:19:59.928 [scheduling-1] INFO  - 跳过数量: 0
2026-01-20 01:19:59.928 [scheduling-1] INFO  - 错误数量: 0
2026-01-20 01:19:59.928 [scheduling-1] INFO  - 执行耗时: 20 毫秒
2026-01-20 01:19:59.928 [scheduling-1] INFO  - =====================================
2026-01-20 01:25:00.017 [scheduling-1] INFO  - ========== 开始执行定时任务：检查未到店订单 ==========
2026-01-20 01:25:00.076 [scheduling-1] INFO  - 找到 0 条待核销的订单
2026-01-20 01:25:00.076 [scheduling-1] INFO  - ========== 定时任务完成 ==========
2026-01-20 01:25:00.076 [scheduling-1] INFO  - 总订单数: 0
2026-01-20 01:25:00.077 [scheduling-1] INFO  - 更新数量: 0
2026-01-20 01:25:00.077 [scheduling-1] INFO  - 跳过数量: 0
2026-01-20 01:25:00.077 [scheduling-1] INFO  - 错误数量: 0
2026-01-20 01:25:00.077 [scheduling-1] INFO  - 执行耗时: 56 毫秒
2026-01-20 01:25:00.077 [scheduling-1] INFO  - =====================================
2026-01-20 01:30:00.005 [scheduling-1] INFO  - ========== 开始执行定时任务：检查未到店订单 ==========
2026-01-20 01:30:00.027 [scheduling-1] INFO  - 找到 0 条待核销的订单
2026-01-20 01:30:00.027 [scheduling-1] INFO  - ========== 定时任务完成 ==========
2026-01-20 01:30:00.027 [scheduling-1] INFO  - 总订单数: 0
2026-01-20 01:30:00.027 [scheduling-1] INFO  - 更新数量: 0
2026-01-20 01:30:00.027 [scheduling-1] INFO  - 跳过数量: 0
2026-01-20 01:30:00.027 [scheduling-1] INFO  - 错误数量: 0
2026-01-20 01:30:00.027 [scheduling-1] INFO  - 执行耗时: 19 毫秒
2026-01-20 01:30:00.027 [scheduling-1] INFO  - =====================================
2026-01-20 01:35:00.013 [scheduling-1] INFO  - ========== 开始执行定时任务：检查未到店订单 ==========
2026-01-20 01:35:00.055 [scheduling-1] INFO  - 找到 0 条待核销的订单
2026-01-20 01:35:00.056 [scheduling-1] INFO  - ========== 定时任务完成 ==========
2026-01-20 01:35:00.056 [scheduling-1] INFO  - 总订单数: 0
2026-01-20 01:35:00.056 [scheduling-1] INFO  - 更新数量: 0
2026-01-20 01:35:00.056 [scheduling-1] INFO  - 跳过数量: 0
2026-01-20 01:35:00.056 [scheduling-1] INFO  - 错误数量: 0
2026-01-20 01:35:00.056 [scheduling-1] INFO  - 执行耗时: 41 毫秒
2026-01-20 01:35:00.057 [scheduling-1] INFO  - =====================================
2026-01-20 01:40:00.013 [scheduling-1] INFO  - ========== 开始执行定时任务：检查未到店订单 ==========
2026-01-20 01:40:00.082 [scheduling-1] INFO  - 找到 0 条待核销的订单
2026-01-20 01:40:00.083 [scheduling-1] INFO  - ========== 定时任务完成 ==========
2026-01-20 01:40:00.083 [scheduling-1] INFO  - 总订单数: 0
2026-01-20 01:40:00.083 [scheduling-1] INFO  - 更新数量: 0
2026-01-20 01:40:00.083 [scheduling-1] INFO  - 跳过数量: 0
2026-01-20 01:40:00.083 [scheduling-1] INFO  - 错误数量: 0
2026-01-20 01:40:00.083 [scheduling-1] INFO  - 执行耗时: 65 毫秒
2026-01-20 01:40:00.083 [scheduling-1] INFO  - =====================================
2026-01-20 01:45:00.006 [scheduling-1] INFO  - ========== 开始执行定时任务：检查未到店订单 ==========
2026-01-20 01:45:00.033 [scheduling-1] INFO  - 找到 0 条待核销的订单
2026-01-20 01:45:00.033 [scheduling-1] INFO  - ========== 定时任务完成 ==========
2026-01-20 01:45:00.033 [scheduling-1] INFO  - 总订单数: 0
2026-01-20 01:45:00.033 [scheduling-1] INFO  - 更新数量: 0
2026-01-20 01:45:00.033 [scheduling-1] INFO  - 跳过数量: 0
2026-01-20 01:45:00.033 [scheduling-1] INFO  - 错误数量: 0
2026-01-20 01:45:00.033 [scheduling-1] INFO  - 执行耗时: 24 毫秒
2026-01-20 01:45:00.033 [scheduling-1] INFO  - =====================================
2026-01-20 01:50:00.062 [scheduling-1] INFO  - ========== 开始执行定时任务：检查未到店订单 ==========
2026-01-20 01:50:00.082 [scheduling-1] INFO  - 找到 0 条待核销的订单
2026-01-20 01:50:00.082 [scheduling-1] INFO  - ========== 定时任务完成 ==========
2026-01-20 01:50:00.083 [scheduling-1] INFO  - 总订单数: 0
2026-01-20 01:50:00.083 [scheduling-1] INFO  - 更新数量: 0
2026-01-20 01:50:00.083 [scheduling-1] INFO  - 跳过数量: 0
2026-01-20 01:50:00.083 [scheduling-1] INFO  - 错误数量: 0
2026-01-20 01:50:00.083 [scheduling-1] INFO  - 执行耗时: 18 毫秒
2026-01-20 01:50:00.083 [scheduling-1] INFO  - =====================================
2026-01-20 01:55:00.013 [scheduling-1] INFO  - ========== 开始执行定时任务：检查未到店订单 ==========
2026-01-20 01:55:00.049 [scheduling-1] INFO  - 找到 0 条待核销的订单
2026-01-20 01:55:00.049 [scheduling-1] INFO  - ========== 定时任务完成 ==========
2026-01-20 01:55:00.049 [scheduling-1] INFO  - 总订单数: 0
2026-01-20 01:55:00.049 [scheduling-1] INFO  - 更新数量: 0
2026-01-20 01:55:00.049 [scheduling-1] INFO  - 跳过数量: 0
2026-01-20 01:55:00.049 [scheduling-1] INFO  - 错误数量: 0
2026-01-20 01:55:00.049 [scheduling-1] INFO  - 执行耗时: 33 毫秒
2026-01-20 01:55:00.049 [scheduling-1] INFO  - =====================================
2026-01-20 02:00:00.010 [scheduling-1] INFO  - ========== 开始执行定时任务：检查未到店订单 ==========
2026-01-20 02:00:00.036 [scheduling-1] INFO  - 找到 0 条待核销的订单
2026-01-20 02:00:00.036 [scheduling-1] INFO  - ========== 定时任务完成 ==========
2026-01-20 02:00:00.036 [scheduling-1] INFO  - 总订单数: 0
2026-01-20 02:00:00.036 [scheduling-1] INFO  - 更新数量: 0
2026-01-20 02:00:00.036 [scheduling-1] INFO  - 跳过数量: 0
2026-01-20 02:00:00.036 [scheduling-1] INFO  - 错误数量: 0
2026-01-20 02:00:00.036 [scheduling-1] INFO  - 执行耗时: 23 毫秒
2026-01-20 02:00:00.036 [scheduling-1] INFO  - =====================================
2026-01-20 02:00:00.221 [scheduling-1] INFO  - ========== 开始执行定时任务：更新购卡记录状态 ==========
2026-01-20 02:00:00.284 [scheduling-1] INFO  - 找到 3 条已支付的订单
2026-01-20 02:00:00.613 [scheduling-1] INFO  - 【状态更新】订单ID: 30, 订单号: PAY17685787139196640, 用户ID: 8, 套餐: 家庭1次卡 (家庭/次卡)
2026-01-20 02:00:00.613 [scheduling-1] INFO  - 【更新前】状态: 生效中, 剩余次数: 1, 开始日期: 2026-01-16, 到期日期: 2027-01-16
2026-01-20 02:00:00.613 [scheduling-1] INFO  - 【更新后】状态: 未生效, 剩余次数: 1, 开始日期: 2026-01-16, 到期日期: 2027-01-16
2026-01-20 02:00:00.614 [scheduling-1] INFO  - 【更新原因】定时任务自动更新：生效中 -> 未生效（开始日期：2026-01-16，到期日期：2027-01-16）（剩余次数：1）
2026-01-20 02:00:00.614 [scheduling-1] INFO  - ----------------------------------------
2026-01-20 02:00:00.616 [scheduling-1] INFO  - ========== 定时任务完成 ==========
2026-01-20 02:00:00.616 [scheduling-1] INFO  - 总订单数: 3
2026-01-20 02:00:00.616 [scheduling-1] INFO  - 更新数量: 1
2026-01-20 02:00:00.616 [scheduling-1] INFO  - 跳过数量: 0
2026-01-20 02:00:00.616 [scheduling-1] INFO  - 错误数量: 0
2026-01-20 02:00:00.616 [scheduling-1] INFO  - 执行耗时: 394 毫秒
2026-01-20 02:00:00.616 [scheduling-1] INFO  - =====================================
2026-01-20 02:05:00.022 [scheduling-1] INFO  - ========== 开始执行定时任务：检查未到店订单 ==========
2026-01-20 02:05:00.039 [scheduling-1] INFO  - 找到 0 条待核销的订单
2026-01-20 02:05:00.039 [scheduling-1] INFO  - ========== 定时任务完成 ==========
2026-01-20 02:05:00.039 [scheduling-1] INFO  - 总订单数: 0
2026-01-20 02:05:00.039 [scheduling-1] INFO  - 更新数量: 0
2026-01-20 02:05:00.040 [scheduling-1] INFO  - 跳过数量: 0
2026-01-20 02:05:00.040 [scheduling-1] INFO  - 错误数量: 0
2026-01-20 02:05:00.040 [scheduling-1] INFO  - 执行耗时: 15 毫秒
2026-01-20 02:05:00.040 [scheduling-1] INFO  - =====================================
2026-01-20 02:10:00.019 [scheduling-1] INFO  - ========== 开始执行定时任务：检查未到店订单 ==========
2026-01-20 02:10:00.051 [scheduling-1] INFO  - 找到 0 条待核销的订单
2026-01-20 02:10:00.051 [scheduling-1] INFO  - ========== 定时任务完成 ==========
2026-01-20 02:10:00.051 [scheduling-1] INFO  - 总订单数: 0
2026-01-20 02:10:00.051 [scheduling-1] INFO  - 更新数量: 0
2026-01-20 02:10:00.051 [scheduling-1] INFO  - 跳过数量: 0
2026-01-20 02:10:00.051 [scheduling-1] INFO  - 错误数量: 0
2026-01-20 02:10:00.051 [scheduling-1] INFO  - 执行耗时: 29 毫秒
2026-01-20 02:10:00.051 [scheduling-1] INFO  - =====================================
2026-01-20 02:15:00.014 [scheduling-1] INFO  - ========== 开始执行定时任务：检查未到店订单 ==========
2026-01-20 02:15:00.037 [scheduling-1] INFO  - 找到 0 条待核销的订单
2026-01-20 02:15:00.037 [scheduling-1] INFO  - ========== 定时任务完成 ==========
2026-01-20 02:15:00.037 [scheduling-1] INFO  - 总订单数: 0
2026-01-20 02:15:00.038 [scheduling-1] INFO  - 更新数量: 0
2026-01-20 02:15:00.038 [scheduling-1] INFO  - 跳过数量: 0
2026-01-20 02:15:00.038 [scheduling-1] INFO  - 错误数量: 0
2026-01-20 02:15:00.038 [scheduling-1] INFO  - 执行耗时: 21 毫秒
2026-01-20 02:15:00.038 [scheduling-1] INFO  - =====================================
2026-01-20 02:19:59.986 [scheduling-1] INFO  - ========== 开始执行定时任务：检查未到店订单 ==========
2026-01-20 02:20:00.018 [scheduling-1] INFO  - 找到 0 条待核销的订单
2026-01-20 02:20:00.018 [scheduling-1] INFO  - ========== 定时任务完成 ==========
2026-01-20 02:20:00.018 [scheduling-1] INFO  - 总订单数: 0
2026-01-20 02:20:00.018 [scheduling-1] INFO  - 更新数量: 0
2026-01-20 02:20:00.018 [scheduling-1] INFO  - 跳过数量: 0
2026-01-20 02:20:00.018 [scheduling-1] INFO  - 错误数量: 0
2026-01-20 02:20:00.018 [scheduling-1] INFO  - 执行耗时: 30 毫秒
2026-01-20 02:20:00.018 [scheduling-1] INFO  - =====================================
2026-01-20 02:25:00.012 [scheduling-1] INFO  - ========== 开始执行定时任务：检查未到店订单 ==========
2026-01-20 02:25:00.035 [scheduling-1] INFO  - 找到 0 条待核销的订单
2026-01-20 02:25:00.036 [scheduling-1] INFO  - ========== 定时任务完成 ==========
2026-01-20 02:25:00.036 [scheduling-1] INFO  - 总订单数: 0
2026-01-20 02:25:00.036 [scheduling-1] INFO  - 更新数量: 0
2026-01-20 02:25:00.036 [scheduling-1] INFO  - 跳过数量: 0
2026-01-20 02:25:00.036 [scheduling-1] INFO  - 错误数量: 0
2026-01-20 02:25:00.036 [scheduling-1] INFO  - 执行耗时: 20 毫秒
2026-01-20 02:25:00.036 [scheduling-1] INFO  - =====================================
2026-01-20 02:30:00.010 [scheduling-1] INFO  - ========== 开始执行定时任务：检查未到店订单 ==========
2026-01-20 02:30:00.028 [scheduling-1] INFO  - 找到 0 条待核销的订单
2026-01-20 02:30:00.029 [scheduling-1] INFO  - ========== 定时任务完成 ==========
2026-01-20 02:30:00.029 [scheduling-1] INFO  - 总订单数: 0
2026-01-20 02:30:00.029 [scheduling-1] INFO  - 更新数量: 0
2026-01-20 02:30:00.029 [scheduling-1] INFO  - 跳过数量: 0
2026-01-20 02:30:00.029 [scheduling-1] INFO  - 错误数量: 0
2026-01-20 02:30:00.029 [scheduling-1] INFO  - 执行耗时: 17 毫秒
2026-01-20 02:30:00.029 [scheduling-1] INFO  - =====================================
2026-01-20 02:35:00.063 [scheduling-1] INFO  - ========== 开始执行定时任务：检查未到店订单 ==========
2026-01-20 02:35:00.086 [scheduling-1] INFO  - 找到 0 条待核销的订单
2026-01-20 02:35:00.086 [scheduling-1] INFO  - ========== 定时任务完成 ==========
2026-01-20 02:35:00.086 [scheduling-1] INFO  - 总订单数: 0
2026-01-20 02:35:00.087 [scheduling-1] INFO  - 更新数量: 0
2026-01-20 02:35:00.087 [scheduling-1] INFO  - 跳过数量: 0
2026-01-20 02:35:00.087 [scheduling-1] INFO  - 错误数量: 0
2026-01-20 02:35:00.087 [scheduling-1] INFO  - 执行耗时: 22 毫秒
2026-01-20 02:35:00.087 [scheduling-1] INFO  - =====================================
2026-01-20 02:40:00.016 [scheduling-1] INFO  - ========== 开始执行定时任务：检查未到店订单 ==========
2026-01-20 02:40:00.040 [scheduling-1] INFO  - 找到 0 条待核销的订单
2026-01-20 02:40:00.041 [scheduling-1] INFO  - ========== 定时任务完成 ==========
2026-01-20 02:40:00.041 [scheduling-1] INFO  - 总订单数: 0
2026-01-20 02:40:00.041 [scheduling-1] INFO  - 更新数量: 0
2026-01-20 02:40:00.041 [scheduling-1] INFO  - 跳过数量: 0
2026-01-20 02:40:00.041 [scheduling-1] INFO  - 错误数量: 0
2026-01-20 02:40:00.041 [scheduling-1] INFO  - 执行耗时: 22 毫秒
2026-01-20 02:40:00.041 [scheduling-1] INFO  - =====================================
2026-01-20 02:45:00.015 [scheduling-1] INFO  - ========== 开始执行定时任务：检查未到店订单 ==========
2026-01-20 02:45:00.030 [scheduling-1] INFO  - 找到 0 条待核销的订单
2026-01-20 02:45:00.031 [scheduling-1] INFO  - ========== 定时任务完成 ==========
2026-01-20 02:45:00.031 [scheduling-1] INFO  - 总订单数: 0
2026-01-20 02:45:00.031 [scheduling-1] INFO  - 更新数量: 0
2026-01-20 02:45:00.031 [scheduling-1] INFO  - 跳过数量: 0
2026-01-20 02:45:00.031 [scheduling-1] INFO  - 错误数量: 0
2026-01-20 02:45:00.031 [scheduling-1] INFO  - 执行耗时: 15 毫秒
2026-01-20 02:45:00.031 [scheduling-1] INFO  - =====================================
2026-01-20 02:50:00.013 [scheduling-1] INFO  - ========== 开始执行定时任务：检查未到店订单 ==========
2026-01-20 02:50:00.029 [scheduling-1] INFO  - 找到 0 条待核销的订单
2026-01-20 02:50:00.029 [scheduling-1] INFO  - ========== 定时任务完成 ==========
2026-01-20 02:50:00.029 [scheduling-1] INFO  - 总订单数: 0
2026-01-20 02:50:00.029 [scheduling-1] INFO  - 更新数量: 0
2026-01-20 02:50:00.029 [scheduling-1] INFO  - 跳过数量: 0
2026-01-20 02:50:00.029 [scheduling-1] INFO  - 错误数量: 0
2026-01-20 02:50:00.029 [scheduling-1] INFO  - 执行耗时: 15 毫秒
2026-01-20 02:50:00.029 [scheduling-1] INFO  - =====================================
2026-01-20 02:55:00.015 [scheduling-1] INFO  - ========== 开始执行定时任务：检查未到店订单 ==========
2026-01-20 02:55:00.039 [scheduling-1] INFO  - 找到 0 条待核销的订单
2026-01-20 02:55:00.039 [scheduling-1] INFO  - ========== 定时任务完成 ==========
2026-01-20 02:55:00.039 [scheduling-1] INFO  - 总订单数: 0
2026-01-20 02:55:00.039 [scheduling-1] INFO  - 更新数量: 0
2026-01-20 02:55:00.039 [scheduling-1] INFO  - 跳过数量: 0
2026-01-20 02:55:00.039 [scheduling-1] INFO  - 错误数量: 0
2026-01-20 02:55:00.040 [scheduling-1] INFO  - 执行耗时: 22 毫秒
2026-01-20 02:55:00.040 [scheduling-1] INFO  - =====================================
2026-01-20 03:00:00.034 [scheduling-1] INFO  - ========== 开始执行定时任务：检查未到店订单 ==========
2026-01-20 03:00:00.049 [scheduling-1] INFO  - 找到 0 条待核销的订单
2026-01-20 03:00:00.049 [scheduling-1] INFO  - ========== 定时任务完成 ==========
2026-01-20 03:00:00.049 [scheduling-1] INFO  - 总订单数: 0
2026-01-20 03:00:00.049 [scheduling-1] INFO  - 更新数量: 0
2026-01-20 03:00:00.049 [scheduling-1] INFO  - 跳过数量: 0
2026-01-20 03:00:00.049 [scheduling-1] INFO  - 错误数量: 0
2026-01-20 03:00:00.049 [scheduling-1] INFO  - 执行耗时: 12 毫秒
2026-01-20 03:00:00.049 [scheduling-1] INFO  - =====================================
2026-01-20 03:05:00.008 [scheduling-1] INFO  - ========== 开始执行定时任务：检查未到店订单 ==========
2026-01-20 03:05:00.028 [scheduling-1] INFO  - 找到 0 条待核销的订单
2026-01-20 03:05:00.028 [scheduling-1] INFO  - ========== 定时任务完成 ==========
2026-01-20 03:05:00.028 [scheduling-1] INFO  - 总订单数: 0
2026-01-20 03:05:00.029 [scheduling-1] INFO  - 更新数量: 0
2026-01-20 03:05:00.029 [scheduling-1] INFO  - 跳过数量: 0
2026-01-20 03:05:00.029 [scheduling-1] INFO  - 错误数量: 0
2026-01-20 03:05:00.029 [scheduling-1] INFO  - 执行耗时: 18 毫秒
2026-01-20 03:05:00.029 [scheduling-1] INFO  - =====================================
2026-01-20 03:10:00.018 [scheduling-1] INFO  - ========== 开始执行定时任务：检查未到店订单 ==========
2026-01-20 03:10:00.058 [scheduling-1] INFO  - 找到 0 条待核销的订单
2026-01-20 03:10:00.059 [scheduling-1] INFO  - ========== 定时任务完成 ==========
2026-01-20 03:10:00.059 [scheduling-1] INFO  - 总订单数: 0
2026-01-20 03:10:00.059 [scheduling-1] INFO  - 更新数量: 0
2026-01-20 03:10:00.059 [scheduling-1] INFO  - 跳过数量: 0
2026-01-20 03:10:00.059 [scheduling-1] INFO  - 错误数量: 0
2026-01-20 03:10:00.059 [scheduling-1] INFO  - 执行耗时: 39 毫秒
2026-01-20 03:10:00.059 [scheduling-1] INFO  - =====================================
2026-01-20 03:15:00.018 [scheduling-1] INFO  - ========== 开始执行定时任务：检查未到店订单 ==========
2026-01-20 03:15:00.031 [scheduling-1] INFO  - 找到 0 条待核销的订单
2026-01-20 03:15:00.032 [scheduling-1] INFO  - ========== 定时任务完成 ==========
2026-01-20 03:15:00.032 [scheduling-1] INFO  - 总订单数: 0
2026-01-20 03:15:00.032 [scheduling-1] INFO  - 更新数量: 0
2026-01-20 03:15:00.032 [scheduling-1] INFO  - 跳过数量: 0
2026-01-20 03:15:00.032 [scheduling-1] INFO  - 错误数量: 0
2026-01-20 03:15:00.032 [scheduling-1] INFO  - 执行耗时: 12 毫秒
2026-01-20 03:15:00.032 [scheduling-1] INFO  - =====================================
2026-01-20 03:20:00.014 [scheduling-1] INFO  - ========== 开始执行定时任务：检查未到店订单 ==========
2026-01-20 03:20:00.038 [scheduling-1] INFO  - 找到 0 条待核销的订单
2026-01-20 03:20:00.038 [scheduling-1] INFO  - ========== 定时任务完成 ==========
2026-01-20 03:20:00.038 [scheduling-1] INFO  - 总订单数: 0
2026-01-20 03:20:00.038 [scheduling-1] INFO  - 更新数量: 0
2026-01-20 03:20:00.038 [scheduling-1] INFO  - 跳过数量: 0
2026-01-20 03:20:00.038 [scheduling-1] INFO  - 错误数量: 0
2026-01-20 03:20:00.038 [scheduling-1] INFO  - 执行耗时: 21 毫秒
2026-01-20 03:20:00.038 [scheduling-1] INFO  - =====================================
2026-01-20 03:25:00.016 [scheduling-1] INFO  - ========== 开始执行定时任务：检查未到店订单 ==========
2026-01-20 03:25:00.036 [scheduling-1] INFO  - 找到 0 条待核销的订单
2026-01-20 03:25:00.036 [scheduling-1] INFO  - ========== 定时任务完成 ==========
2026-01-20 03:25:00.036 [scheduling-1] INFO  - 总订单数: 0
2026-01-20 03:25:00.036 [scheduling-1] INFO  - 更新数量: 0
2026-01-20 03:25:00.036 [scheduling-1] INFO  - 跳过数量: 0
2026-01-20 03:25:00.036 [scheduling-1] INFO  - 错误数量: 0
2026-01-20 03:25:00.036 [scheduling-1] INFO  - 执行耗时: 18 毫秒
2026-01-20 03:25:00.036 [scheduling-1] INFO  - =====================================
2026-01-20 03:30:00.020 [scheduling-1] INFO  - ========== 开始执行定时任务：检查未到店订单 ==========
2026-01-20 03:30:00.046 [scheduling-1] INFO  - 找到 0 条待核销的订单
2026-01-20 03:30:00.047 [scheduling-1] INFO  - ========== 定时任务完成 ==========
2026-01-20 03:30:00.047 [scheduling-1] INFO  - 总订单数: 0
2026-01-20 03:30:00.047 [scheduling-1] INFO  - 更新数量: 0
2026-01-20 03:30:00.047 [scheduling-1] INFO  - 跳过数量: 0
2026-01-20 03:30:00.047 [scheduling-1] INFO  - 错误数量: 0
2026-01-20 03:30:00.047 [scheduling-1] INFO  - 执行耗时: 23 毫秒
2026-01-20 03:30:00.047 [scheduling-1] INFO  - =====================================
2026-01-20 03:35:00.016 [scheduling-1] INFO  - ========== 开始执行定时任务：检查未到店订单 ==========
2026-01-20 03:35:00.043 [scheduling-1] INFO  - 找到 0 条待核销的订单
2026-01-20 03:35:00.043 [scheduling-1] INFO  - ========== 定时任务完成 ==========
2026-01-20 03:35:00.044 [scheduling-1] INFO  - 总订单数: 0
2026-01-20 03:35:00.044 [scheduling-1] INFO  - 更新数量: 0
2026-01-20 03:35:00.044 [scheduling-1] INFO  - 跳过数量: 0
2026-01-20 03:35:00.044 [scheduling-1] INFO  - 错误数量: 0
2026-01-20 03:35:00.044 [scheduling-1] INFO  - 执行耗时: 25 毫秒
2026-01-20 03:35:00.044 [scheduling-1] INFO  - =====================================
2026-01-20 03:40:00.011 [scheduling-1] INFO  - ========== 开始执行定时任务：检查未到店订单 ==========
2026-01-20 03:40:00.036 [scheduling-1] INFO  - 找到 0 条待核销的订单
2026-01-20 03:40:00.036 [scheduling-1] INFO  - ========== 定时任务完成 ==========
2026-01-20 03:40:00.036 [scheduling-1] INFO  - 总订单数: 0
2026-01-20 03:40:00.036 [scheduling-1] INFO  - 更新数量: 0
2026-01-20 03:40:00.036 [scheduling-1] INFO  - 跳过数量: 0
2026-01-20 03:40:00.036 [scheduling-1] INFO  - 错误数量: 0
2026-01-20 03:40:00.036 [scheduling-1] INFO  - 执行耗时: 24 毫秒
2026-01-20 03:40:00.036 [scheduling-1] INFO  - =====================================
2026-01-20 03:45:00.016 [scheduling-1] INFO  - ========== 开始执行定时任务：检查未到店订单 ==========
2026-01-20 03:45:00.034 [scheduling-1] INFO  - 找到 0 条待核销的订单
2026-01-20 03:45:00.034 [scheduling-1] INFO  - ========== 定时任务完成 ==========
2026-01-20 03:45:00.034 [scheduling-1] INFO  - 总订单数: 0
2026-01-20 03:45:00.034 [scheduling-1] INFO  - 更新数量: 0
2026-01-20 03:45:00.034 [scheduling-1] INFO  - 跳过数量: 0
2026-01-20 03:45:00.034 [scheduling-1] INFO  - 错误数量: 0
2026-01-20 03:45:00.034 [scheduling-1] INFO  - 执行耗时: 16 毫秒
2026-01-20 03:45:00.034 [scheduling-1] INFO  - =====================================
2026-01-20 03:50:00.015 [scheduling-1] INFO  - ========== 开始执行定时任务：检查未到店订单 ==========
2026-01-20 03:50:00.030 [scheduling-1] INFO  - 找到 0 条待核销的订单
2026-01-20 03:50:00.031 [scheduling-1] INFO  - ========== 定时任务完成 ==========
2026-01-20 03:50:00.031 [scheduling-1] INFO  - 总订单数: 0
2026-01-20 03:50:00.031 [scheduling-1] INFO  - 更新数量: 0
2026-01-20 03:50:00.031 [scheduling-1] INFO  - 跳过数量: 0
2026-01-20 03:50:00.031 [scheduling-1] INFO  - 错误数量: 0
2026-01-20 03:50:00.031 [scheduling-1] INFO  - 执行耗时: 14 毫秒
2026-01-20 03:50:00.031 [scheduling-1] INFO  - =====================================
2026-01-20 03:55:00.009 [scheduling-1] INFO  - ========== 开始执行定时任务：检查未到店订单 ==========
2026-01-20 03:55:00.032 [scheduling-1] INFO  - 找到 0 条待核销的订单
2026-01-20 03:55:00.033 [scheduling-1] INFO  - ========== 定时任务完成 ==========
2026-01-20 03:55:00.033 [scheduling-1] INFO  - 总订单数: 0
2026-01-20 03:55:00.033 [scheduling-1] INFO  - 更新数量: 0
2026-01-20 03:55:00.033 [scheduling-1] INFO  - 跳过数量: 0
2026-01-20 03:55:00.033 [scheduling-1] INFO  - 错误数量: 0
2026-01-20 03:55:00.033 [scheduling-1] INFO  - 执行耗时: 21 毫秒
2026-01-20 03:55:00.033 [scheduling-1] INFO  - =====================================
2026-01-20 04:00:00.014 [scheduling-1] INFO  - ========== 开始执行定时任务：检查未到店订单 ==========
2026-01-20 04:00:00.029 [scheduling-1] INFO  - 找到 0 条待核销的订单
2026-01-20 04:00:00.029 [scheduling-1] INFO  - ========== 定时任务完成 ==========
2026-01-20 04:00:00.029 [scheduling-1] INFO  - 总订单数: 0
2026-01-20 04:00:00.029 [scheduling-1] INFO  - 更新数量: 0
2026-01-20 04:00:00.029 [scheduling-1] INFO  - 跳过数量: 0
2026-01-20 04:00:00.029 [scheduling-1] INFO  - 错误数量: 0
2026-01-20 04:00:00.029 [scheduling-1] INFO  - 执行耗时: 12 毫秒
2026-01-20 04:00:00.029 [scheduling-1] INFO  - =====================================
2026-01-20 04:05:00.021 [scheduling-1] INFO  - ========== 开始执行定时任务：检查未到店订单 ==========
2026-01-20 04:05:00.045 [scheduling-1] INFO  - 找到 0 条待核销的订单
2026-01-20 04:05:00.045 [scheduling-1] INFO  - ========== 定时任务完成 ==========
2026-01-20 04:05:00.045 [scheduling-1] INFO  - 总订单数: 0
2026-01-20 04:05:00.045 [scheduling-1] INFO  - 更新数量: 0
2026-01-20 04:05:00.045 [scheduling-1] INFO  - 跳过数量: 0
2026-01-20 04:05:00.045 [scheduling-1] INFO  - 错误数量: 0
2026-01-20 04:05:00.045 [scheduling-1] INFO  - 执行耗时: 17 毫秒
2026-01-20 04:05:00.045 [scheduling-1] INFO  - =====================================
2026-01-20 04:10:00.016 [scheduling-1] INFO  - ========== 开始执行定时任务：检查未到店订单 ==========
2026-01-20 04:10:00.058 [scheduling-1] INFO  - 找到 0 条待核销的订单
2026-01-20 04:10:00.058 [scheduling-1] INFO  - ========== 定时任务完成 ==========
2026-01-20 04:10:00.058 [scheduling-1] INFO  - 总订单数: 0
2026-01-20 04:10:00.058 [scheduling-1] INFO  - 更新数量: 0
2026-01-20 04:10:00.058 [scheduling-1] INFO  - 跳过数量: 0
2026-01-20 04:10:00.058 [scheduling-1] INFO  - 错误数量: 0
2026-01-20 04:10:00.058 [scheduling-1] INFO  - 执行耗时: 40 毫秒
2026-01-20 04:10:00.058 [scheduling-1] INFO  - =====================================
2026-01-20 04:15:00.016 [scheduling-1] INFO  - ========== 开始执行定时任务：检查未到店订单 ==========
2026-01-20 04:15:00.033 [scheduling-1] INFO  - 找到 0 条待核销的订单
2026-01-20 04:15:00.033 [scheduling-1] INFO  - ========== 定时任务完成 ==========
2026-01-20 04:15:00.033 [scheduling-1] INFO  - 总订单数: 0
2026-01-20 04:15:00.033 [scheduling-1] INFO  - 更新数量: 0
2026-01-20 04:15:00.033 [scheduling-1] INFO  - 跳过数量: 0
2026-01-20 04:15:00.034 [scheduling-1] INFO  - 错误数量: 0
2026-01-20 04:15:00.034 [scheduling-1] INFO  - 执行耗时: 14 毫秒
2026-01-20 04:15:00.034 [scheduling-1] INFO  - =====================================
2026-01-20 04:20:00.016 [scheduling-1] INFO  - ========== 开始执行定时任务：检查未到店订单 ==========
2026-01-20 04:20:00.028 [scheduling-1] INFO  - 找到 0 条待核销的订单
2026-01-20 04:20:00.028 [scheduling-1] INFO  - ========== 定时任务完成 ==========
2026-01-20 04:20:00.028 [scheduling-1] INFO  - 总订单数: 0
2026-01-20 04:20:00.029 [scheduling-1] INFO  - 更新数量: 0
2026-01-20 04:20:00.029 [scheduling-1] INFO  - 跳过数量: 0
2026-01-20 04:20:00.029 [scheduling-1] INFO  - 错误数量: 0
2026-01-20 04:20:00.029 [scheduling-1] INFO  - 执行耗时: 11 毫秒
2026-01-20 04:20:00.029 [scheduling-1] INFO  - =====================================
2026-01-20 04:25:00.018 [scheduling-1] INFO  - ========== 开始执行定时任务：检查未到店订单 ==========
2026-01-20 04:25:00.056 [scheduling-1] INFO  - 找到 0 条待核销的订单
2026-01-20 04:25:00.057 [scheduling-1] INFO  - ========== 定时任务完成 ==========
2026-01-20 04:25:00.057 [scheduling-1] INFO  - 总订单数: 0
2026-01-20 04:25:00.057 [scheduling-1] INFO  - 更新数量: 0
2026-01-20 04:25:00.057 [scheduling-1] INFO  - 跳过数量: 0
2026-01-20 04:25:00.057 [scheduling-1] INFO  - 错误数量: 0
2026-01-20 04:25:00.058 [scheduling-1] INFO  - 执行耗时: 35 毫秒
2026-01-20 04:25:00.058 [scheduling-1] INFO  - =====================================
2026-01-20 04:30:00.016 [scheduling-1] INFO  - ========== 开始执行定时任务：检查未到店订单 ==========
2026-01-20 04:30:00.033 [scheduling-1] INFO  - 找到 0 条待核销的订单
2026-01-20 04:30:00.033 [scheduling-1] INFO  - ========== 定时任务完成 ==========
2026-01-20 04:30:00.033 [scheduling-1] INFO  - 总订单数: 0
2026-01-20 04:30:00.033 [scheduling-1] INFO  - 更新数量: 0
2026-01-20 04:30:00.033 [scheduling-1] INFO  - 跳过数量: 0
2026-01-20 04:30:00.033 [scheduling-1] INFO  - 错误数量: 0
2026-01-20 04:30:00.033 [scheduling-1] INFO  - 执行耗时: 16 毫秒
2026-01-20 04:30:00.034 [scheduling-1] INFO  - =====================================
2026-01-20 04:34:59.941 [scheduling-1] INFO  - ========== 开始执行定时任务：检查未到店订单 ==========
2026-01-20 04:34:59.964 [scheduling-1] INFO  - 找到 0 条待核销的订单
2026-01-20 04:34:59.964 [scheduling-1] INFO  - ========== 定时任务完成 ==========
2026-01-20 04:34:59.964 [scheduling-1] INFO  - 总订单数: 0
2026-01-20 04:34:59.964 [scheduling-1] INFO  - 更新数量: 0
2026-01-20 04:34:59.964 [scheduling-1] INFO  - 跳过数量: 0
2026-01-20 04:34:59.964 [scheduling-1] INFO  - 错误数量: 0
2026-01-20 04:34:59.964 [scheduling-1] INFO  - 执行耗时: 21 毫秒
2026-01-20 04:34:59.964 [scheduling-1] INFO  - =====================================
2026-01-20 04:40:00.012 [scheduling-1] INFO  - ========== 开始执行定时任务：检查未到店订单 ==========
2026-01-20 04:40:00.050 [scheduling-1] INFO  - 找到 0 条待核销的订单
2026-01-20 04:40:00.052 [scheduling-1] INFO  - ========== 定时任务完成 ==========
2026-01-20 04:40:00.052 [scheduling-1] INFO  - 总订单数: 0
2026-01-20 04:40:00.052 [scheduling-1] INFO  - 更新数量: 0
2026-01-20 04:40:00.052 [scheduling-1] INFO  - 跳过数量: 0
2026-01-20 04:40:00.052 [scheduling-1] INFO  - 错误数量: 0
2026-01-20 04:40:00.052 [scheduling-1] INFO  - 执行耗时: 33 毫秒
2026-01-20 04:40:00.052 [scheduling-1] INFO  - =====================================
2026-01-20 04:45:00.013 [scheduling-1] INFO  - ========== 开始执行定时任务：检查未到店订单 ==========
2026-01-20 04:45:00.029 [scheduling-1] INFO  - 找到 0 条待核销的订单
2026-01-20 04:45:00.029 [scheduling-1] INFO  - ========== 定时任务完成 ==========
2026-01-20 04:45:00.029 [scheduling-1] INFO  - 总订单数: 0
2026-01-20 04:45:00.030 [scheduling-1] INFO  - 更新数量: 0
2026-01-20 04:45:00.030 [scheduling-1] INFO  - 跳过数量: 0
2026-01-20 04:45:00.030 [scheduling-1] INFO  - 错误数量: 0
2026-01-20 04:45:00.030 [scheduling-1] INFO  - 执行耗时: 14 毫秒
2026-01-20 04:45:00.030 [scheduling-1] INFO  - =====================================
2026-01-20 04:50:00.007 [scheduling-1] INFO  - ========== 开始执行定时任务：检查未到店订单 ==========
2026-01-20 04:50:00.030 [scheduling-1] INFO  - 找到 0 条待核销的订单
2026-01-20 04:50:00.030 [scheduling-1] INFO  - ========== 定时任务完成 ==========
2026-01-20 04:50:00.030 [scheduling-1] INFO  - 总订单数: 0
2026-01-20 04:50:00.030 [scheduling-1] INFO  - 更新数量: 0
2026-01-20 04:50:00.030 [scheduling-1] INFO  - 跳过数量: 0
2026-01-20 04:50:00.030 [scheduling-1] INFO  - 错误数量: 0
2026-01-20 04:50:00.031 [scheduling-1] INFO  - 执行耗时: 20 毫秒
2026-01-20 04:50:00.031 [scheduling-1] INFO  - =====================================
2026-01-20 04:55:00.012 [scheduling-1] INFO  - ========== 开始执行定时任务：检查未到店订单 ==========
2026-01-20 04:55:00.033 [scheduling-1] INFO  - 找到 0 条待核销的订单
2026-01-20 04:55:00.035 [scheduling-1] INFO  - ========== 定时任务完成 ==========
2026-01-20 04:55:00.035 [scheduling-1] INFO  - 总订单数: 0
2026-01-20 04:55:00.035 [scheduling-1] INFO  - 更新数量: 0
2026-01-20 04:55:00.035 [scheduling-1] INFO  - 跳过数量: 0
2026-01-20 04:55:00.035 [scheduling-1] INFO  - 错误数量: 0
2026-01-20 04:55:00.035 [scheduling-1] INFO  - 执行耗时: 20 毫秒
2026-01-20 04:55:00.035 [scheduling-1] INFO  - =====================================
2026-01-20 05:00:00.014 [scheduling-1] INFO  - ========== 开始执行定时任务：检查未到店订单 ==========
2026-01-20 05:00:00.031 [scheduling-1] INFO  - 找到 0 条待核销的订单
2026-01-20 05:00:00.032 [scheduling-1] INFO  - ========== 定时任务完成 ==========
2026-01-20 05:00:00.032 [scheduling-1] INFO  - 总订单数: 0
2026-01-20 05:00:00.032 [scheduling-1] INFO  - 更新数量: 0
2026-01-20 05:00:00.032 [scheduling-1] INFO  - 跳过数量: 0
2026-01-20 05:00:00.033 [scheduling-1] INFO  - 错误数量: 0
2026-01-20 05:00:00.033 [scheduling-1] INFO  - 执行耗时: 17 毫秒
2026-01-20 05:00:00.033 [scheduling-1] INFO  - =====================================
2026-01-20 05:05:00.011 [scheduling-1] INFO  - ========== 开始执行定时任务：检查未到店订单 ==========
2026-01-20 05:05:00.029 [scheduling-1] INFO  - 找到 0 条待核销的订单
2026-01-20 05:05:00.029 [scheduling-1] INFO  - ========== 定时任务完成 ==========
2026-01-20 05:05:00.029 [scheduling-1] INFO  - 总订单数: 0
2026-01-20 05:05:00.029 [scheduling-1] INFO  - 更新数量: 0
2026-01-20 05:05:00.029 [scheduling-1] INFO  - 跳过数量: 0
2026-01-20 05:05:00.030 [scheduling-1] INFO  - 错误数量: 0
2026-01-20 05:05:00.030 [scheduling-1] INFO  - 执行耗时: 15 毫秒
2026-01-20 05:05:00.030 [scheduling-1] INFO  - =====================================
2026-01-20 05:10:00.004 [scheduling-1] INFO  - ========== 开始执行定时任务：检查未到店订单 ==========
2026-01-20 05:10:00.050 [scheduling-1] INFO  - 找到 0 条待核销的订单
2026-01-20 05:10:00.050 [scheduling-1] INFO  - ========== 定时任务完成 ==========
2026-01-20 05:10:00.050 [scheduling-1] INFO  - 总订单数: 0
2026-01-20 05:10:00.050 [scheduling-1] INFO  - 更新数量: 0
2026-01-20 05:10:00.050 [scheduling-1] INFO  - 跳过数量: 0
2026-01-20 05:10:00.050 [scheduling-1] INFO  - 错误数量: 0
2026-01-20 05:10:00.050 [scheduling-1] INFO  - 执行耗时: 43 毫秒
2026-01-20 05:10:00.050 [scheduling-1] INFO  - =====================================
2026-01-20 05:15:00.008 [scheduling-1] INFO  - ========== 开始执行定时任务：检查未到店订单 ==========
2026-01-20 05:15:00.041 [scheduling-1] INFO  - 找到 0 条待核销的订单
2026-01-20 05:15:00.042 [scheduling-1] INFO  - ========== 定时任务完成 ==========
2026-01-20 05:15:00.042 [scheduling-1] INFO  - 总订单数: 0
2026-01-20 05:15:00.042 [scheduling-1] INFO  - 更新数量: 0
2026-01-20 05:15:00.042 [scheduling-1] INFO  - 跳过数量: 0
2026-01-20 05:15:00.042 [scheduling-1] INFO  - 错误数量: 0
2026-01-20 05:15:00.042 [scheduling-1] INFO  - 执行耗时: 32 毫秒
2026-01-20 05:15:00.042 [scheduling-1] INFO  - =====================================
2026-01-20 05:20:00.012 [scheduling-1] INFO  - ========== 开始执行定时任务：检查未到店订单 ==========
2026-01-20 05:20:00.033 [scheduling-1] INFO  - 找到 0 条待核销的订单
2026-01-20 05:20:00.033 [scheduling-1] INFO  - ========== 定时任务完成 ==========
2026-01-20 05:20:00.034 [scheduling-1] INFO  - 总订单数: 0
2026-01-20 05:20:00.034 [scheduling-1] INFO  - 更新数量: 0
2026-01-20 05:20:00.034 [scheduling-1] INFO  - 跳过数量: 0
2026-01-20 05:20:00.034 [scheduling-1] INFO  - 错误数量: 0
2026-01-20 05:20:00.034 [scheduling-1] INFO  - 执行耗时: 19 毫秒
2026-01-20 05:20:00.034 [scheduling-1] INFO  - =====================================
2026-01-20 05:25:00.032 [scheduling-1] INFO  - ========== 开始执行定时任务：检查未到店订单 ==========
2026-01-20 05:25:00.058 [scheduling-1] INFO  - 找到 0 条待核销的订单
2026-01-20 05:25:00.059 [scheduling-1] INFO  - ========== 定时任务完成 ==========
2026-01-20 05:25:00.059 [scheduling-1] INFO  - 总订单数: 0
2026-01-20 05:25:00.059 [scheduling-1] INFO  - 更新数量: 0
2026-01-20 05:25:00.059 [scheduling-1] INFO  - 跳过数量: 0
2026-01-20 05:25:00.059 [scheduling-1] INFO  - 错误数量: 0
2026-01-20 05:25:00.059 [scheduling-1] INFO  - 执行耗时: 25 毫秒
2026-01-20 05:25:00.059 [scheduling-1] INFO  - =====================================
2026-01-20 05:30:00.012 [scheduling-1] INFO  - ========== 开始执行定时任务：检查未到店订单 ==========
2026-01-20 05:30:00.025 [scheduling-1] INFO  - 找到 0 条待核销的订单
2026-01-20 05:30:00.025 [scheduling-1] INFO  - ========== 定时任务完成 ==========
2026-01-20 05:30:00.025 [scheduling-1] INFO  - 总订单数: 0
2026-01-20 05:30:00.025 [scheduling-1] INFO  - 更新数量: 0
2026-01-20 05:30:00.025 [scheduling-1] INFO  - 跳过数量: 0
2026-01-20 05:30:00.025 [scheduling-1] INFO  - 错误数量: 0
2026-01-20 05:30:00.025 [scheduling-1] INFO  - 执行耗时: 11 毫秒
2026-01-20 05:30:00.025 [scheduling-1] INFO  - =====================================
2026-01-20 05:35:00.007 [scheduling-1] INFO  - ========== 开始执行定时任务：检查未到店订单 ==========
2026-01-20 05:35:00.030 [scheduling-1] INFO  - 找到 0 条待核销的订单
2026-01-20 05:35:00.031 [scheduling-1] INFO  - ========== 定时任务完成 ==========
2026-01-20 05:35:00.031 [scheduling-1] INFO  - 总订单数: 0
2026-01-20 05:35:00.031 [scheduling-1] INFO  - 更新数量: 0
2026-01-20 05:35:00.031 [scheduling-1] INFO  - 跳过数量: 0
2026-01-20 05:35:00.031 [scheduling-1] INFO  - 错误数量: 0
2026-01-20 05:35:00.031 [scheduling-1] INFO  - 执行耗时: 22 毫秒
2026-01-20 05:35:00.031 [scheduling-1] INFO  - =====================================
2026-01-20 05:39:59.961 [scheduling-1] INFO  - ========== 开始执行定时任务：检查未到店订单 ==========
2026-01-20 05:40:00.007 [scheduling-1] INFO  - 找到 0 条待核销的订单
2026-01-20 05:40:00.007 [scheduling-1] INFO  - ========== 定时任务完成 ==========
2026-01-20 05:40:00.007 [scheduling-1] INFO  - 总订单数: 0
2026-01-20 05:40:00.007 [scheduling-1] INFO  - 更新数量: 0
2026-01-20 05:40:00.007 [scheduling-1] INFO  - 跳过数量: 0
2026-01-20 05:40:00.007 [scheduling-1] INFO  - 错误数量: 0
2026-01-20 05:40:00.007 [scheduling-1] INFO  - 执行耗时: 45 毫秒
2026-01-20 05:40:00.007 [scheduling-1] INFO  - =====================================
2026-01-20 05:44:59.999 [scheduling-1] INFO  - ========== 开始执行定时任务：检查未到店订单 ==========
2026-01-20 05:45:00.017 [scheduling-1] INFO  - 找到 0 条待核销的订单
2026-01-20 05:45:00.018 [scheduling-1] INFO  - ========== 定时任务完成 ==========
2026-01-20 05:45:00.018 [scheduling-1] INFO  - 总订单数: 0
2026-01-20 05:45:00.018 [scheduling-1] INFO  - 更新数量: 0
2026-01-20 05:45:00.018 [scheduling-1] INFO  - 跳过数量: 0
2026-01-20 05:45:00.018 [scheduling-1] INFO  - 错误数量: 0
2026-01-20 05:45:00.018 [scheduling-1] INFO  - 执行耗时: 16 毫秒
2026-01-20 05:45:00.018 [scheduling-1] INFO  - =====================================
2026-01-20 05:50:00.007 [scheduling-1] INFO  - ========== 开始执行定时任务：检查未到店订单 ==========
2026-01-20 05:50:00.025 [scheduling-1] INFO  - 找到 0 条待核销的订单
2026-01-20 05:50:00.026 [scheduling-1] INFO  - ========== 定时任务完成 ==========
2026-01-20 05:50:00.026 [scheduling-1] INFO  - 总订单数: 0
2026-01-20 05:50:00.026 [scheduling-1] INFO  - 更新数量: 0
2026-01-20 05:50:00.026 [scheduling-1] INFO  - 跳过数量: 0
2026-01-20 05:50:00.026 [scheduling-1] INFO  - 错误数量: 0
2026-01-20 05:50:00.026 [scheduling-1] INFO  - 执行耗时: 17 毫秒
2026-01-20 05:50:00.026 [scheduling-1] INFO  - =====================================
2026-01-20 05:55:00.003 [scheduling-1] INFO  - ========== 开始执行定时任务：检查未到店订单 ==========
2026-01-20 05:55:00.015 [scheduling-1] INFO  - 找到 0 条待核销的订单
2026-01-20 05:55:00.015 [scheduling-1] INFO  - ========== 定时任务完成 ==========
2026-01-20 05:55:00.015 [scheduling-1] INFO  - 总订单数: 0
2026-01-20 05:55:00.015 [scheduling-1] INFO  - 更新数量: 0
2026-01-20 05:55:00.015 [scheduling-1] INFO  - 跳过数量: 0
2026-01-20 05:55:00.015 [scheduling-1] INFO  - 错误数量: 0
2026-01-20 05:55:00.016 [scheduling-1] INFO  - 执行耗时: 10 毫秒
2026-01-20 05:55:00.016 [scheduling-1] INFO  - =====================================
2026-01-20 06:00:00.007 [scheduling-1] INFO  - ========== 开始执行定时任务：检查未到店订单 ==========
2026-01-20 06:00:00.018 [scheduling-1] INFO  - 找到 0 条待核销的订单
2026-01-20 06:00:00.019 [scheduling-1] INFO  - ========== 定时任务完成 ==========
2026-01-20 06:00:00.019 [scheduling-1] INFO  - 总订单数: 0
2026-01-20 06:00:00.019 [scheduling-1] INFO  - 更新数量: 0
2026-01-20 06:00:00.019 [scheduling-1] INFO  - 跳过数量: 0
2026-01-20 06:00:00.019 [scheduling-1] INFO  - 错误数量: 0
2026-01-20 06:00:00.019 [scheduling-1] INFO  - 执行耗时: 11 毫秒
2026-01-20 06:00:00.019 [scheduling-1] INFO  - =====================================
2026-01-20 06:05:00.007 [scheduling-1] INFO  - ========== 开始执行定时任务：检查未到店订单 ==========
2026-01-20 06:05:00.025 [scheduling-1] INFO  - 找到 0 条待核销的订单
2026-01-20 06:05:00.025 [scheduling-1] INFO  - ========== 定时任务完成 ==========
2026-01-20 06:05:00.026 [scheduling-1] INFO  - 总订单数: 0
2026-01-20 06:05:00.026 [scheduling-1] INFO  - 更新数量: 0
2026-01-20 06:05:00.026 [scheduling-1] INFO  - 跳过数量: 0
2026-01-20 06:05:00.026 [scheduling-1] INFO  - 错误数量: 0
2026-01-20 06:05:00.026 [scheduling-1] INFO  - 执行耗时: 16 毫秒
2026-01-20 06:05:00.026 [scheduling-1] INFO  - =====================================
2026-01-20 06:10:00.017 [scheduling-1] INFO  - ========== 开始执行定时任务：检查未到店订单 ==========
2026-01-20 06:10:00.046 [scheduling-1] INFO  - 找到 0 条待核销的订单
2026-01-20 06:10:00.046 [scheduling-1] INFO  - ========== 定时任务完成 ==========
2026-01-20 06:10:00.046 [scheduling-1] INFO  - 总订单数: 0
2026-01-20 06:10:00.046 [scheduling-1] INFO  - 更新数量: 0
2026-01-20 06:10:00.046 [scheduling-1] INFO  - 跳过数量: 0
2026-01-20 06:10:00.046 [scheduling-1] INFO  - 错误数量: 0
2026-01-20 06:10:00.046 [scheduling-1] INFO  - 执行耗时: 28 毫秒
2026-01-20 06:10:00.046 [scheduling-1] INFO  - =====================================
2026-01-20 06:15:00.003 [scheduling-1] INFO  - ========== 开始执行定时任务：检查未到店订单 ==========
2026-01-20 06:15:00.024 [scheduling-1] INFO  - 找到 0 条待核销的订单
2026-01-20 06:15:00.024 [scheduling-1] INFO  - ========== 定时任务完成 ==========
2026-01-20 06:15:00.024 [scheduling-1] INFO  - 总订单数: 0
2026-01-20 06:15:00.024 [scheduling-1] INFO  - 更新数量: 0
2026-01-20 06:15:00.025 [scheduling-1] INFO  - 跳过数量: 0
2026-01-20 06:15:00.025 [scheduling-1] INFO  - 错误数量: 0
2026-01-20 06:15:00.025 [scheduling-1] INFO  - 执行耗时: 20 毫秒
2026-01-20 06:15:00.025 [scheduling-1] INFO  - =====================================
2026-01-20 06:20:00.007 [scheduling-1] INFO  - ========== 开始执行定时任务：检查未到店订单 ==========
2026-01-20 06:20:00.032 [scheduling-1] INFO  - 找到 0 条待核销的订单
2026-01-20 06:20:00.033 [scheduling-1] INFO  - ========== 定时任务完成 ==========
2026-01-20 06:20:00.033 [scheduling-1] INFO  - 总订单数: 0
2026-01-20 06:20:00.033 [scheduling-1] INFO  - 更新数量: 0
2026-01-20 06:20:00.033 [scheduling-1] INFO  - 跳过数量: 0
2026-01-20 06:20:00.033 [scheduling-1] INFO  - 错误数量: 0
2026-01-20 06:20:00.033 [scheduling-1] INFO  - 执行耗时: 24 毫秒
2026-01-20 06:20:00.033 [scheduling-1] INFO  - =====================================
2026-01-20 06:25:00.008 [scheduling-1] INFO  - ========== 开始执行定时任务：检查未到店订单 ==========
2026-01-20 06:25:00.032 [scheduling-1] INFO  - 找到 0 条待核销的订单
2026-01-20 06:25:00.032 [scheduling-1] INFO  - ========== 定时任务完成 ==========
2026-01-20 06:25:00.032 [scheduling-1] INFO  - 总订单数: 0
2026-01-20 06:25:00.032 [scheduling-1] INFO  - 更新数量: 0
2026-01-20 06:25:00.032 [scheduling-1] INFO  - 跳过数量: 0
2026-01-20 06:25:00.033 [scheduling-1] INFO  - 错误数量: 0
2026-01-20 06:25:00.033 [scheduling-1] INFO  - 执行耗时: 21 毫秒
2026-01-20 06:25:00.033 [scheduling-1] INFO  - =====================================
2026-01-20 06:30:00.007 [scheduling-1] INFO  - ========== 开始执行定时任务：检查未到店订单 ==========
2026-01-20 06:30:00.024 [scheduling-1] INFO  - 找到 0 条待核销的订单
2026-01-20 06:30:00.024 [scheduling-1] INFO  - ========== 定时任务完成 ==========
2026-01-20 06:30:00.024 [scheduling-1] INFO  - 总订单数: 0
2026-01-20 06:30:00.024 [scheduling-1] INFO  - 更新数量: 0
2026-01-20 06:30:00.024 [scheduling-1] INFO  - 跳过数量: 0
2026-01-20 06:30:00.024 [scheduling-1] INFO  - 错误数量: 0
2026-01-20 06:30:00.024 [scheduling-1] INFO  - 执行耗时: 15 毫秒
2026-01-20 06:30:00.024 [scheduling-1] INFO  - =====================================
2026-01-20 06:35:00.002 [scheduling-1] INFO  - ========== 开始执行定时任务：检查未到店订单 ==========
2026-01-20 06:35:00.023 [scheduling-1] INFO  - 找到 0 条待核销的订单
2026-01-20 06:35:00.024 [scheduling-1] INFO  - ========== 定时任务完成 ==========
2026-01-20 06:35:00.024 [scheduling-1] INFO  - 总订单数: 0
2026-01-20 06:35:00.024 [scheduling-1] INFO  - 更新数量: 0
2026-01-20 06:35:00.024 [scheduling-1] INFO  - 跳过数量: 0
2026-01-20 06:35:00.024 [scheduling-1] INFO  - 错误数量: 0
2026-01-20 06:35:00.024 [scheduling-1] INFO  - 执行耗时: 19 毫秒
2026-01-20 06:35:00.024 [scheduling-1] INFO  - =====================================
2026-01-20 06:40:00.009 [scheduling-1] INFO  - ========== 开始执行定时任务：检查未到店订单 ==========
2026-01-20 06:40:00.026 [scheduling-1] INFO  - 找到 0 条待核销的订单
2026-01-20 06:40:00.026 [scheduling-1] INFO  - ========== 定时任务完成 ==========
2026-01-20 06:40:00.026 [scheduling-1] INFO  - 总订单数: 0
2026-01-20 06:40:00.026 [scheduling-1] INFO  - 更新数量: 0
2026-01-20 06:40:00.026 [scheduling-1] INFO  - 跳过数量: 0
2026-01-20 06:40:00.026 [scheduling-1] INFO  - 错误数量: 0
2026-01-20 06:40:00.026 [scheduling-1] INFO  - 执行耗时: 15 毫秒
2026-01-20 06:40:00.026 [scheduling-1] INFO  - =====================================
2026-01-20 06:45:00.143 [scheduling-1] INFO  - ========== 开始执行定时任务：检查未到店订单 ==========
2026-01-20 06:45:00.176 [scheduling-1] INFO  - 找到 0 条待核销的订单
2026-01-20 06:45:00.177 [scheduling-1] INFO  - ========== 定时任务完成 ==========
2026-01-20 06:45:00.177 [scheduling-1] INFO  - 总订单数: 0
2026-01-20 06:45:00.177 [scheduling-1] INFO  - 更新数量: 0
2026-01-20 06:45:00.177 [scheduling-1] INFO  - 跳过数量: 0
2026-01-20 06:45:00.177 [scheduling-1] INFO  - 错误数量: 0
2026-01-20 06:45:00.177 [scheduling-1] INFO  - 执行耗时: 32 毫秒
2026-01-20 06:45:00.177 [scheduling-1] INFO  - =====================================
2026-01-20 06:50:00.015 [scheduling-1] INFO  - ========== 开始执行定时任务：检查未到店订单 ==========
2026-01-20 06:50:00.029 [scheduling-1] INFO  - 找到 0 条待核销的订单
2026-01-20 06:50:00.029 [scheduling-1] INFO  - ========== 定时任务完成 ==========
2026-01-20 06:50:00.029 [scheduling-1] INFO  - 总订单数: 0
2026-01-20 06:50:00.029 [scheduling-1] INFO  - 更新数量: 0
2026-01-20 06:50:00.029 [scheduling-1] INFO  - 跳过数量: 0
2026-01-20 06:50:00.029 [scheduling-1] INFO  - 错误数量: 0
2026-01-20 06:50:00.030 [scheduling-1] INFO  - 执行耗时: 13 毫秒
2026-01-20 06:50:00.030 [scheduling-1] INFO  - =====================================
2026-01-20 06:55:00.014 [scheduling-1] INFO  - ========== 开始执行定时任务：检查未到店订单 ==========
2026-01-20 06:55:00.057 [scheduling-1] INFO  - 找到 0 条待核销的订单
2026-01-20 06:55:00.057 [scheduling-1] INFO  - ========== 定时任务完成 ==========
2026-01-20 06:55:00.057 [scheduling-1] INFO  - 总订单数: 0
2026-01-20 06:55:00.059 [scheduling-1] INFO  - 更新数量: 0
2026-01-20 06:55:00.059 [scheduling-1] INFO  - 跳过数量: 0
2026-01-20 06:55:00.059 [scheduling-1] INFO  - 错误数量: 0
2026-01-20 06:55:00.059 [scheduling-1] INFO  - 执行耗时: 38 毫秒
2026-01-20 06:55:00.059 [scheduling-1] INFO  - =====================================
2026-01-20 07:00:00.026 [scheduling-1] INFO  - ========== 开始执行定时任务：检查未到店订单 ==========
2026-01-20 07:00:00.064 [scheduling-1] INFO  - 找到 0 条待核销的订单
2026-01-20 07:00:00.064 [scheduling-1] INFO  - ========== 定时任务完成 ==========
2026-01-20 07:00:00.064 [scheduling-1] INFO  - 总订单数: 0
2026-01-20 07:00:00.064 [scheduling-1] INFO  - 更新数量: 0
2026-01-20 07:00:00.065 [scheduling-1] INFO  - 跳过数量: 0
2026-01-20 07:00:00.065 [scheduling-1] INFO  - 错误数量: 0
2026-01-20 07:00:00.065 [scheduling-1] INFO  - 执行耗时: 35 毫秒
2026-01-20 07:00:00.065 [scheduling-1] INFO  - =====================================
2026-01-20 07:05:00.017 [scheduling-1] INFO  - ========== 开始执行定时任务：检查未到店订单 ==========
2026-01-20 07:05:00.059 [scheduling-1] INFO  - 找到 0 条待核销的订单
2026-01-20 07:05:00.060 [scheduling-1] INFO  - ========== 定时任务完成 ==========
2026-01-20 07:05:00.060 [scheduling-1] INFO  - 总订单数: 0
2026-01-20 07:05:00.060 [scheduling-1] INFO  - 更新数量: 0
2026-01-20 07:05:00.061 [scheduling-1] INFO  - 跳过数量: 0
2026-01-20 07:05:00.061 [scheduling-1] INFO  - 错误数量: 0
2026-01-20 07:05:00.061 [scheduling-1] INFO  - 执行耗时: 42 毫秒
2026-01-20 07:05:00.061 [scheduling-1] INFO  - =====================================
2026-01-20 07:10:00.013 [scheduling-1] INFO  - ========== 开始执行定时任务：检查未到店订单 ==========
2026-01-20 07:10:00.030 [scheduling-1] INFO  - 找到 0 条待核销的订单
2026-01-20 07:10:00.030 [scheduling-1] INFO  - ========== 定时任务完成 ==========
2026-01-20 07:10:00.030 [scheduling-1] INFO  - 总订单数: 0
2026-01-20 07:10:00.030 [scheduling-1] INFO  - 更新数量: 0
2026-01-20 07:10:00.030 [scheduling-1] INFO  - 跳过数量: 0
2026-01-20 07:10:00.030 [scheduling-1] INFO  - 错误数量: 0
2026-01-20 07:10:00.030 [scheduling-1] INFO  - 执行耗时: 15 毫秒
2026-01-20 07:10:00.030 [scheduling-1] INFO  - =====================================
2026-01-20 07:15:00.015 [scheduling-1] INFO  - ========== 开始执行定时任务：检查未到店订单 ==========
2026-01-20 07:15:00.045 [scheduling-1] INFO  - 找到 0 条待核销的订单
2026-01-20 07:15:00.046 [scheduling-1] INFO  - ========== 定时任务完成 ==========
2026-01-20 07:15:00.046 [scheduling-1] INFO  - 总订单数: 0
2026-01-20 07:15:00.046 [scheduling-1] INFO  - 更新数量: 0
2026-01-20 07:15:00.046 [scheduling-1] INFO  - 跳过数量: 0
2026-01-20 07:15:00.046 [scheduling-1] INFO  - 错误数量: 0
2026-01-20 07:15:00.046 [scheduling-1] INFO  - 执行耗时: 29 毫秒
2026-01-20 07:15:00.046 [scheduling-1] INFO  - =====================================
2026-01-20 07:20:00.024 [scheduling-1] INFO  - ========== 开始执行定时任务：检查未到店订单 ==========
2026-01-20 07:20:00.058 [scheduling-1] INFO  - 找到 0 条待核销的订单
2026-01-20 07:20:00.059 [scheduling-1] INFO  - ========== 定时任务完成 ==========
2026-01-20 07:20:00.059 [scheduling-1] INFO  - 总订单数: 0
2026-01-20 07:20:00.059 [scheduling-1] INFO  - 更新数量: 0
2026-01-20 07:20:00.059 [scheduling-1] INFO  - 跳过数量: 0
2026-01-20 07:20:00.059 [scheduling-1] INFO  - 错误数量: 0
2026-01-20 07:20:00.059 [scheduling-1] INFO  - 执行耗时: 32 毫秒
2026-01-20 07:20:00.059 [scheduling-1] INFO  - =====================================
2026-01-20 07:25:00.013 [scheduling-1] INFO  - ========== 开始执行定时任务：检查未到店订单 ==========
2026-01-20 07:25:00.041 [scheduling-1] INFO  - 找到 0 条待核销的订单
2026-01-20 07:25:00.041 [scheduling-1] INFO  - ========== 定时任务完成 ==========
2026-01-20 07:25:00.041 [scheduling-1] INFO  - 总订单数: 0
2026-01-20 07:25:00.041 [scheduling-1] INFO  - 更新数量: 0
2026-01-20 07:25:00.041 [scheduling-1] INFO  - 跳过数量: 0
2026-01-20 07:25:00.041 [scheduling-1] INFO  - 错误数量: 0
2026-01-20 07:25:00.041 [scheduling-1] INFO  - 执行耗时: 25 毫秒
2026-01-20 07:25:00.041 [scheduling-1] INFO  - =====================================
2026-01-20 07:30:00.005 [scheduling-1] INFO  - ========== 开始执行定时任务：检查未到店订单 ==========
2026-01-20 07:30:00.019 [scheduling-1] INFO  - 找到 0 条待核销的订单
2026-01-20 07:30:00.020 [scheduling-1] INFO  - ========== 定时任务完成 ==========
2026-01-20 07:30:00.020 [scheduling-1] INFO  - 总订单数: 0
2026-01-20 07:30:00.020 [scheduling-1] INFO  - 更新数量: 0
2026-01-20 07:30:00.020 [scheduling-1] INFO  - 跳过数量: 0
2026-01-20 07:30:00.020 [scheduling-1] INFO  - 错误数量: 0
2026-01-20 07:30:00.020 [scheduling-1] INFO  - 执行耗时: 13 毫秒
2026-01-20 07:30:00.020 [scheduling-1] INFO  - =====================================
2026-01-20 07:35:00.016 [scheduling-1] INFO  - ========== 开始执行定时任务：检查未到店订单 ==========
2026-01-20 07:35:00.055 [scheduling-1] INFO  - 找到 0 条待核销的订单
2026-01-20 07:35:00.056 [scheduling-1] INFO  - ========== 定时任务完成 ==========
2026-01-20 07:35:00.056 [scheduling-1] INFO  - 总订单数: 0
2026-01-20 07:35:00.056 [scheduling-1] INFO  - 更新数量: 0
2026-01-20 07:35:00.056 [scheduling-1] INFO  - 跳过数量: 0
2026-01-20 07:35:00.056 [scheduling-1] INFO  - 错误数量: 0
2026-01-20 07:35:00.056 [scheduling-1] INFO  - 执行耗时: 36 毫秒
2026-01-20 07:35:00.056 [scheduling-1] INFO  - =====================================
2026-01-20 07:40:00.019 [scheduling-1] INFO  - ========== 开始执行定时任务：检查未到店订单 ==========
2026-01-20 07:40:00.054 [scheduling-1] INFO  - 找到 0 条待核销的订单
2026-01-20 07:40:00.054 [scheduling-1] INFO  - ========== 定时任务完成 ==========
2026-01-20 07:40:00.054 [scheduling-1] INFO  - 总订单数: 0
2026-01-20 07:40:00.054 [scheduling-1] INFO  - 更新数量: 0
2026-01-20 07:40:00.054 [scheduling-1] INFO  - 跳过数量: 0
2026-01-20 07:40:00.054 [scheduling-1] INFO  - 错误数量: 0
2026-01-20 07:40:00.054 [scheduling-1] INFO  - 执行耗时: 33 毫秒
2026-01-20 07:40:00.054 [scheduling-1] INFO  - =====================================
2026-01-20 07:45:00.025 [scheduling-1] INFO  - ========== 开始执行定时任务：检查未到店订单 ==========
2026-01-20 07:45:00.056 [scheduling-1] INFO  - 找到 0 条待核销的订单
2026-01-20 07:45:00.057 [scheduling-1] INFO  - ========== 定时任务完成 ==========
2026-01-20 07:45:00.057 [scheduling-1] INFO  - 总订单数: 0
2026-01-20 07:45:00.057 [scheduling-1] INFO  - 更新数量: 0
2026-01-20 07:45:00.057 [scheduling-1] INFO  - 跳过数量: 0
2026-01-20 07:45:00.057 [scheduling-1] INFO  - 错误数量: 0
2026-01-20 07:45:00.057 [scheduling-1] INFO  - 执行耗时: 28 毫秒
2026-01-20 07:45:00.057 [scheduling-1] INFO  - =====================================
2026-01-20 07:50:00.017 [scheduling-1] INFO  - ========== 开始执行定时任务：检查未到店订单 ==========
2026-01-20 07:50:00.042 [scheduling-1] INFO  - 找到 0 条待核销的订单
2026-01-20 07:50:00.042 [scheduling-1] INFO  - ========== 定时任务完成 ==========
2026-01-20 07:50:00.042 [scheduling-1] INFO  - 总订单数: 0
2026-01-20 07:50:00.042 [scheduling-1] INFO  - 更新数量: 0
2026-01-20 07:50:00.042 [scheduling-1] INFO  - 跳过数量: 0
2026-01-20 07:50:00.042 [scheduling-1] INFO  - 错误数量: 0
2026-01-20 07:50:00.042 [scheduling-1] INFO  - 执行耗时: 23 毫秒
2026-01-20 07:50:00.042 [scheduling-1] INFO  - =====================================
2026-01-20 07:55:00.017 [scheduling-1] INFO  - ========== 开始执行定时任务：检查未到店订单 ==========
2026-01-20 07:55:00.052 [scheduling-1] INFO  - 找到 0 条待核销的订单
2026-01-20 07:55:00.052 [scheduling-1] INFO  - ========== 定时任务完成 ==========
2026-01-20 07:55:00.052 [scheduling-1] INFO  - 总订单数: 0
2026-01-20 07:55:00.052 [scheduling-1] INFO  - 更新数量: 0
2026-01-20 07:55:00.053 [scheduling-1] INFO  - 跳过数量: 0
2026-01-20 07:55:00.053 [scheduling-1] INFO  - 错误数量: 0
2026-01-20 07:55:00.053 [scheduling-1] INFO  - 执行耗时: 28 毫秒
2026-01-20 07:55:00.053 [scheduling-1] INFO  - =====================================
2026-01-20 08:00:00.019 [scheduling-1] INFO  - ========== 开始执行定时任务：检查未到店订单 ==========
2026-01-20 08:00:00.042 [scheduling-1] INFO  - 找到 0 条待核销的订单
2026-01-20 08:00:00.043 [scheduling-1] INFO  - ========== 定时任务完成 ==========
2026-01-20 08:00:00.043 [scheduling-1] INFO  - 总订单数: 0
2026-01-20 08:00:00.043 [scheduling-1] INFO  - 更新数量: 0
2026-01-20 08:00:00.043 [scheduling-1] INFO  - 跳过数量: 0
2026-01-20 08:00:00.043 [scheduling-1] INFO  - 错误数量: 0
2026-01-20 08:00:00.043 [scheduling-1] INFO  - 执行耗时: 23 毫秒
2026-01-20 08:00:00.043 [scheduling-1] INFO  - =====================================
2026-01-20 08:05:00.016 [scheduling-1] INFO  - ========== 开始执行定时任务：检查未到店订单 ==========
2026-01-20 08:05:00.038 [scheduling-1] INFO  - 找到 0 条待核销的订单
2026-01-20 08:05:00.039 [scheduling-1] INFO  - ========== 定时任务完成 ==========
2026-01-20 08:05:00.039 [scheduling-1] INFO  - 总订单数: 0
2026-01-20 08:05:00.039 [scheduling-1] INFO  - 更新数量: 0
2026-01-20 08:05:00.039 [scheduling-1] INFO  - 跳过数量: 0
2026-01-20 08:05:00.039 [scheduling-1] INFO  - 错误数量: 0
2026-01-20 08:05:00.039 [scheduling-1] INFO  - 执行耗时: 21 毫秒
2026-01-20 08:05:00.039 [scheduling-1] INFO  - =====================================
2026-01-20 08:10:00.015 [scheduling-1] INFO  - ========== 开始执行定时任务：检查未到店订单 ==========
2026-01-20 08:10:00.038 [scheduling-1] INFO  - 找到 0 条待核销的订单
2026-01-20 08:10:00.038 [scheduling-1] INFO  - ========== 定时任务完成 ==========
2026-01-20 08:10:00.038 [scheduling-1] INFO  - 总订单数: 0
2026-01-20 08:10:00.038 [scheduling-1] INFO  - 更新数量: 0
2026-01-20 08:10:00.038 [scheduling-1] INFO  - 跳过数量: 0
2026-01-20 08:10:00.038 [scheduling-1] INFO  - 错误数量: 0
2026-01-20 08:10:00.038 [scheduling-1] INFO  - 执行耗时: 21 毫秒
2026-01-20 08:10:00.038 [scheduling-1] INFO  - =====================================
2026-01-20 08:15:00.019 [scheduling-1] INFO  - ========== 开始执行定时任务：检查未到店订单 ==========
2026-01-20 08:15:00.054 [scheduling-1] INFO  - 找到 0 条待核销的订单
2026-01-20 08:15:00.054 [scheduling-1] INFO  - ========== 定时任务完成 ==========
2026-01-20 08:15:00.054 [scheduling-1] INFO  - 总订单数: 0
2026-01-20 08:15:00.054 [scheduling-1] INFO  - 更新数量: 0
2026-01-20 08:15:00.054 [scheduling-1] INFO  - 跳过数量: 0
2026-01-20 08:15:00.054 [scheduling-1] INFO  - 错误数量: 0
2026-01-20 08:15:00.054 [scheduling-1] INFO  - 执行耗时: 32 毫秒
2026-01-20 08:15:00.054 [scheduling-1] INFO  - =====================================
2026-01-20 08:19:59.904 [scheduling-1] INFO  - ========== 开始执行定时任务：检查未到店订单 ==========
2026-01-20 08:19:59.931 [scheduling-1] INFO  - 找到 0 条待核销的订单
2026-01-20 08:19:59.931 [scheduling-1] INFO  - ========== 定时任务完成 ==========
2026-01-20 08:19:59.931 [scheduling-1] INFO  - 总订单数: 0
2026-01-20 08:19:59.931 [scheduling-1] INFO  - 更新数量: 0
2026-01-20 08:19:59.932 [scheduling-1] INFO  - 跳过数量: 0
2026-01-20 08:19:59.932 [scheduling-1] INFO  - 错误数量: 0
2026-01-20 08:19:59.932 [scheduling-1] INFO  - 执行耗时: 25 毫秒
2026-01-20 08:19:59.932 [scheduling-1] INFO  - =====================================
2026-01-20 08:25:00.012 [scheduling-1] INFO  - ========== 开始执行定时任务：检查未到店订单 ==========
2026-01-20 08:25:00.036 [scheduling-1] INFO  - 找到 0 条待核销的订单
2026-01-20 08:25:00.037 [scheduling-1] INFO  - ========== 定时任务完成 ==========
2026-01-20 08:25:00.037 [scheduling-1] INFO  - 总订单数: 0
2026-01-20 08:25:00.037 [scheduling-1] INFO  - 更新数量: 0
2026-01-20 08:25:00.037 [scheduling-1] INFO  - 跳过数量: 0
2026-01-20 08:25:00.037 [scheduling-1] INFO  - 错误数量: 0
2026-01-20 08:25:00.037 [scheduling-1] INFO  - 执行耗时: 20 毫秒
2026-01-20 08:25:00.037 [scheduling-1] INFO  - =====================================
2026-01-20 08:30:00.010 [scheduling-1] INFO  - ========== 开始执行定时任务：检查未到店订单 ==========
2026-01-20 08:30:00.042 [scheduling-1] INFO  - 找到 0 条待核销的订单
2026-01-20 08:30:00.042 [scheduling-1] INFO  - ========== 定时任务完成 ==========
2026-01-20 08:30:00.042 [scheduling-1] INFO  - 总订单数: 0
2026-01-20 08:30:00.042 [scheduling-1] INFO  - 更新数量: 0
2026-01-20 08:30:00.042 [scheduling-1] INFO  - 跳过数量: 0
2026-01-20 08:30:00.042 [scheduling-1] INFO  - 错误数量: 0
2026-01-20 08:30:00.042 [scheduling-1] INFO  - 执行耗时: 23 毫秒
2026-01-20 08:30:00.042 [scheduling-1] INFO  - =====================================
2026-01-20 08:35:00.010 [scheduling-1] INFO  - ========== 开始执行定时任务：检查未到店订单 ==========
2026-01-20 08:35:00.037 [scheduling-1] INFO  - 找到 0 条待核销的订单
2026-01-20 08:35:00.037 [scheduling-1] INFO  - ========== 定时任务完成 ==========
2026-01-20 08:35:00.037 [scheduling-1] INFO  - 总订单数: 0
2026-01-20 08:35:00.037 [scheduling-1] INFO  - 更新数量: 0
2026-01-20 08:35:00.037 [scheduling-1] INFO  - 跳过数量: 0
2026-01-20 08:35:00.037 [scheduling-1] INFO  - 错误数量: 0
2026-01-20 08:35:00.037 [scheduling-1] INFO  - 执行耗时: 23 毫秒
2026-01-20 08:35:00.037 [scheduling-1] INFO  - =====================================
2026-01-20 08:40:00.020 [scheduling-1] INFO  - ========== 开始执行定时任务：检查未到店订单 ==========
2026-01-20 08:40:00.042 [scheduling-1] INFO  - 找到 0 条待核销的订单
2026-01-20 08:40:00.042 [scheduling-1] INFO  - ========== 定时任务完成 ==========
2026-01-20 08:40:00.042 [scheduling-1] INFO  - 总订单数: 0
2026-01-20 08:40:00.042 [scheduling-1] INFO  - 更新数量: 0
2026-01-20 08:40:00.042 [scheduling-1] INFO  - 跳过数量: 0
2026-01-20 08:40:00.042 [scheduling-1] INFO  - 错误数量: 0
2026-01-20 08:40:00.043 [scheduling-1] INFO  - 执行耗时: 18 毫秒
2026-01-20 08:40:00.043 [scheduling-1] INFO  - =====================================
2026-01-20 08:45:00.018 [scheduling-1] INFO  - ========== 开始执行定时任务：检查未到店订单 ==========
2026-01-20 08:45:00.046 [scheduling-1] INFO  - 找到 0 条待核销的订单
2026-01-20 08:45:00.046 [scheduling-1] INFO  - ========== 定时任务完成 ==========
2026-01-20 08:45:00.046 [scheduling-1] INFO  - 总订单数: 0
2026-01-20 08:45:00.046 [scheduling-1] INFO  - 更新数量: 0
2026-01-20 08:45:00.046 [scheduling-1] INFO  - 跳过数量: 0
2026-01-20 08:45:00.046 [scheduling-1] INFO  - 错误数量: 0
2026-01-20 08:45:00.046 [scheduling-1] INFO  - 执行耗时: 25 毫秒
2026-01-20 08:45:00.046 [scheduling-1] INFO  - =====================================
2026-01-20 08:50:00.010 [scheduling-1] INFO  - ========== 开始执行定时任务：检查未到店订单 ==========
2026-01-20 08:50:00.039 [scheduling-1] INFO  - 找到 0 条待核销的订单
2026-01-20 08:50:00.039 [scheduling-1] INFO  - ========== 定时任务完成 ==========
2026-01-20 08:50:00.039 [scheduling-1] INFO  - 总订单数: 0
2026-01-20 08:50:00.039 [scheduling-1] INFO  - 更新数量: 0
2026-01-20 08:50:00.039 [scheduling-1] INFO  - 跳过数量: 0
2026-01-20 08:50:00.040 [scheduling-1] INFO  - 错误数量: 0
2026-01-20 08:50:00.040 [scheduling-1] INFO  - 执行耗时: 26 毫秒
2026-01-20 08:50:00.040 [scheduling-1] INFO  - =====================================
2026-01-20 08:55:00.017 [scheduling-1] INFO  - ========== 开始执行定时任务：检查未到店订单 ==========
2026-01-20 08:55:00.041 [scheduling-1] INFO  - 找到 0 条待核销的订单
2026-01-20 08:55:00.041 [scheduling-1] INFO  - ========== 定时任务完成 ==========
2026-01-20 08:55:00.041 [scheduling-1] INFO  - 总订单数: 0
2026-01-20 08:55:00.041 [scheduling-1] INFO  - 更新数量: 0
2026-01-20 08:55:00.041 [scheduling-1] INFO  - 跳过数量: 0
2026-01-20 08:55:00.041 [scheduling-1] INFO  - 错误数量: 0
2026-01-20 08:55:00.041 [scheduling-1] INFO  - 执行耗时: 22 毫秒
2026-01-20 08:55:00.041 [scheduling-1] INFO  - =====================================
2026-01-20 09:00:00.000 [scheduling-1] INFO  - ========== 开始执行定时任务：检查未到店订单 ==========
2026-01-20 09:00:00.020 [scheduling-1] INFO  - 找到 0 条待核销的订单
2026-01-20 09:00:00.020 [scheduling-1] INFO  - ========== 定时任务完成 ==========
2026-01-20 09:00:00.020 [scheduling-1] INFO  - 总订单数: 0
2026-01-20 09:00:00.020 [scheduling-1] INFO  - 更新数量: 0
2026-01-20 09:00:00.020 [scheduling-1] INFO  - 跳过数量: 0
2026-01-20 09:00:00.020 [scheduling-1] INFO  - 错误数量: 0
2026-01-20 09:00:00.020 [scheduling-1] INFO  - 执行耗时: 18 毫秒
2026-01-20 09:00:00.020 [scheduling-1] INFO  - =====================================
2026-01-20 09:05:00.001 [scheduling-1] INFO  - ========== 开始执行定时任务：检查未到店订单 ==========
2026-01-20 09:05:00.023 [scheduling-1] INFO  - 找到 0 条待核销的订单
2026-01-20 09:05:00.023 [scheduling-1] INFO  - ========== 定时任务完成 ==========
2026-01-20 09:05:00.023 [scheduling-1] INFO  - 总订单数: 0
2026-01-20 09:05:00.023 [scheduling-1] INFO  - 更新数量: 0
2026-01-20 09:05:00.023 [scheduling-1] INFO  - 跳过数量: 0
2026-01-20 09:05:00.023 [scheduling-1] INFO  - 错误数量: 0
2026-01-20 09:05:00.023 [scheduling-1] INFO  - 执行耗时: 21 毫秒
2026-01-20 09:05:00.023 [scheduling-1] INFO  - =====================================
2026-01-20 09:10:00.029 [scheduling-1] INFO  - ========== 开始执行定时任务：检查未到店订单 ==========
2026-01-20 09:10:00.063 [scheduling-1] INFO  - 找到 0 条待核销的订单
2026-01-20 09:10:00.063 [scheduling-1] INFO  - ========== 定时任务完成 ==========
2026-01-20 09:10:00.063 [scheduling-1] INFO  - 总订单数: 0
2026-01-20 09:10:00.063 [scheduling-1] INFO  - 更新数量: 0
2026-01-20 09:10:00.063 [scheduling-1] INFO  - 跳过数量: 0
2026-01-20 09:10:00.063 [scheduling-1] INFO  - 错误数量: 0
2026-01-20 09:10:00.063 [scheduling-1] INFO  - 执行耗时: 27 毫秒
2026-01-20 09:10:00.063 [scheduling-1] INFO  - =====================================
2026-01-20 09:15:00.021 [scheduling-1] INFO  - ========== 开始执行定时任务：检查未到店订单 ==========
2026-01-20 09:15:00.037 [scheduling-1] INFO  - 找到 0 条待核销的订单
2026-01-20 09:15:00.038 [scheduling-1] INFO  - ========== 定时任务完成 ==========
2026-01-20 09:15:00.038 [scheduling-1] INFO  - 总订单数: 0
2026-01-20 09:15:00.038 [scheduling-1] INFO  - 更新数量: 0
2026-01-20 09:15:00.038 [scheduling-1] INFO  - 跳过数量: 0
2026-01-20 09:15:00.038 [scheduling-1] INFO  - 错误数量: 0
2026-01-20 09:15:00.038 [scheduling-1] INFO  - 执行耗时: 13 毫秒
2026-01-20 09:15:00.038 [scheduling-1] INFO  - =====================================
2026-01-20 09:20:00.016 [scheduling-1] INFO  - ========== 开始执行定时任务：检查未到店订单 ==========
2026-01-20 09:20:00.112 [scheduling-1] INFO  - 找到 0 条待核销的订单
2026-01-20 09:20:00.115 [scheduling-1] INFO  - ========== 定时任务完成 ==========
2026-01-20 09:20:00.116 [scheduling-1] INFO  - 总订单数: 0
2026-01-20 09:20:00.116 [scheduling-1] INFO  - 更新数量: 0
2026-01-20 09:20:00.116 [scheduling-1] INFO  - 跳过数量: 0
2026-01-20 09:20:00.116 [scheduling-1] INFO  - 错误数量: 0
2026-01-20 09:20:00.116 [scheduling-1] INFO  - 执行耗时: 86 毫秒
2026-01-20 09:20:00.116 [scheduling-1] INFO  - =====================================
2026-01-20 09:25:00.039 [scheduling-1] INFO  - ========== 开始执行定时任务：检查未到店订单 ==========
2026-01-20 09:25:00.062 [scheduling-1] INFO  - 找到 0 条待核销的订单
2026-01-20 09:25:00.063 [scheduling-1] INFO  - ========== 定时任务完成 ==========
2026-01-20 09:25:00.063 [scheduling-1] INFO  - 总订单数: 0
2026-01-20 09:25:00.063 [scheduling-1] INFO  - 更新数量: 0
2026-01-20 09:25:00.063 [scheduling-1] INFO  - 跳过数量: 0
2026-01-20 09:25:00.063 [scheduling-1] INFO  - 错误数量: 0
2026-01-20 09:25:00.063 [scheduling-1] INFO  - 执行耗时: 23 毫秒
2026-01-20 09:25:00.063 [scheduling-1] INFO  - =====================================
2026-01-20 09:30:00.015 [scheduling-1] INFO  - ========== 开始执行定时任务：检查未到店订单 ==========
2026-01-20 09:30:00.053 [scheduling-1] INFO  - 找到 0 条待核销的订单
2026-01-20 09:30:00.053 [scheduling-1] INFO  - ========== 定时任务完成 ==========
2026-01-20 09:30:00.053 [scheduling-1] INFO  - 总订单数: 0
2026-01-20 09:30:00.053 [scheduling-1] INFO  - 更新数量: 0
2026-01-20 09:30:00.053 [scheduling-1] INFO  - 跳过数量: 0
2026-01-20 09:30:00.053 [scheduling-1] INFO  - 错误数量: 0
2026-01-20 09:30:00.053 [scheduling-1] INFO  - 执行耗时: 26 毫秒
2026-01-20 09:30:00.053 [scheduling-1] INFO  - =====================================
2026-01-20 09:35:00.005 [scheduling-1] INFO  - ========== 开始执行定时任务：检查未到店订单 ==========
2026-01-20 09:35:00.027 [scheduling-1] INFO  - 找到 0 条待核销的订单
2026-01-20 09:35:00.027 [scheduling-1] INFO  - ========== 定时任务完成 ==========
2026-01-20 09:35:00.027 [scheduling-1] INFO  - 总订单数: 0
2026-01-20 09:35:00.027 [scheduling-1] INFO  - 更新数量: 0
2026-01-20 09:35:00.027 [scheduling-1] INFO  - 跳过数量: 0
2026-01-20 09:35:00.027 [scheduling-1] INFO  - 错误数量: 0
2026-01-20 09:35:00.027 [scheduling-1] INFO  - 执行耗时: 18 毫秒
2026-01-20 09:35:00.027 [scheduling-1] INFO  - =====================================
2026-01-20 09:40:00.022 [scheduling-1] INFO  - ========== 开始执行定时任务：检查未到店订单 ==========
2026-01-20 09:40:00.063 [scheduling-1] INFO  - 找到 0 条待核销的订单
2026-01-20 09:40:00.064 [scheduling-1] INFO  - ========== 定时任务完成 ==========
2026-01-20 09:40:00.064 [scheduling-1] INFO  - 总订单数: 0
2026-01-20 09:40:00.064 [scheduling-1] INFO  - 更新数量: 0
2026-01-20 09:40:00.064 [scheduling-1] INFO  - 跳过数量: 0
2026-01-20 09:40:00.064 [scheduling-1] INFO  - 错误数量: 0
2026-01-20 09:40:00.064 [scheduling-1] INFO  - 执行耗时: 40 毫秒
2026-01-20 09:40:00.064 [scheduling-1] INFO  - =====================================
2026-01-20 09:45:00.019 [scheduling-1] INFO  - ========== 开始执行定时任务：检查未到店订单 ==========
2026-01-20 09:45:00.044 [scheduling-1] INFO  - 找到 0 条待核销的订单
2026-01-20 09:45:00.044 [scheduling-1] INFO  - ========== 定时任务完成 ==========
2026-01-20 09:45:00.044 [scheduling-1] INFO  - 总订单数: 0
2026-01-20 09:45:00.044 [scheduling-1] INFO  - 更新数量: 0
2026-01-20 09:45:00.044 [scheduling-1] INFO  - 跳过数量: 0
2026-01-20 09:45:00.044 [scheduling-1] INFO  - 错误数量: 0
2026-01-20 09:45:00.044 [scheduling-1] INFO  - 执行耗时: 23 毫秒
2026-01-20 09:45:00.044 [scheduling-1] INFO  - =====================================
2026-01-20 09:50:00.015 [scheduling-1] INFO  - ========== 开始执行定时任务：检查未到店订单 ==========
2026-01-20 09:50:00.043 [scheduling-1] INFO  - 找到 0 条待核销的订单
2026-01-20 09:50:00.043 [scheduling-1] INFO  - ========== 定时任务完成 ==========
2026-01-20 09:50:00.043 [scheduling-1] INFO  - 总订单数: 0
2026-01-20 09:50:00.043 [scheduling-1] INFO  - 更新数量: 0
2026-01-20 09:50:00.043 [scheduling-1] INFO  - 跳过数量: 0
2026-01-20 09:50:00.043 [scheduling-1] INFO  - 错误数量: 0
2026-01-20 09:50:00.043 [scheduling-1] INFO  - 执行耗时: 26 毫秒
2026-01-20 09:50:00.043 [scheduling-1] INFO  - =====================================
2026-01-20 09:55:00.148 [scheduling-1] INFO  - ========== 开始执行定时任务：检查未到店订单 ==========
2026-01-20 09:55:00.165 [scheduling-1] INFO  - 找到 0 条待核销的订单
2026-01-20 09:55:00.165 [scheduling-1] INFO  - ========== 定时任务完成 ==========
2026-01-20 09:55:00.165 [scheduling-1] INFO  - 总订单数: 0
2026-01-20 09:55:00.165 [scheduling-1] INFO  - 更新数量: 0
2026-01-20 09:55:00.165 [scheduling-1] INFO  - 跳过数量: 0
2026-01-20 09:55:00.165 [scheduling-1] INFO  - 错误数量: 0
2026-01-20 09:55:00.165 [scheduling-1] INFO  - 执行耗时: 15 毫秒
2026-01-20 09:55:00.165 [scheduling-1] INFO  - =====================================
2026-01-20 10:00:00.016 [scheduling-1] INFO  - ========== 开始执行定时任务：检查未到店订单 ==========
2026-01-20 10:00:00.060 [scheduling-1] INFO  - 找到 0 条待核销的订单
2026-01-20 10:00:00.060 [scheduling-1] INFO  - ========== 定时任务完成 ==========
2026-01-20 10:00:00.060 [scheduling-1] INFO  - 总订单数: 0
2026-01-20 10:00:00.060 [scheduling-1] INFO  - 更新数量: 0
2026-01-20 10:00:00.060 [scheduling-1] INFO  - 跳过数量: 0
2026-01-20 10:00:00.060 [scheduling-1] INFO  - 错误数量: 0
2026-01-20 10:00:00.060 [scheduling-1] INFO  - 执行耗时: 35 毫秒
2026-01-20 10:00:00.060 [scheduling-1] INFO  - =====================================
2026-01-20 10:05:00.018 [scheduling-1] INFO  - ========== 开始执行定时任务：检查未到店订单 ==========
2026-01-20 10:05:00.042 [scheduling-1] INFO  - 找到 0 条待核销的订单
2026-01-20 10:05:00.043 [scheduling-1] INFO  - ========== 定时任务完成 ==========
2026-01-20 10:05:00.043 [scheduling-1] INFO  - 总订单数: 0
2026-01-20 10:05:00.043 [scheduling-1] INFO  - 更新数量: 0
2026-01-20 10:05:00.043 [scheduling-1] INFO  - 跳过数量: 0
2026-01-20 10:05:00.043 [scheduling-1] INFO  - 错误数量: 0
2026-01-20 10:05:00.043 [scheduling-1] INFO  - 执行耗时: 24 毫秒
2026-01-20 10:05:00.043 [scheduling-1] INFO  - =====================================
2026-01-20 10:10:00.012 [scheduling-1] INFO  - ========== 开始执行定时任务：检查未到店订单 ==========
2026-01-20 10:10:00.034 [scheduling-1] INFO  - 找到 0 条待核销的订单
2026-01-20 10:10:00.035 [scheduling-1] INFO  - ========== 定时任务完成 ==========
2026-01-20 10:10:00.035 [scheduling-1] INFO  - 总订单数: 0
2026-01-20 10:10:00.035 [scheduling-1] INFO  - 更新数量: 0
2026-01-20 10:10:00.035 [scheduling-1] INFO  - 跳过数量: 0
2026-01-20 10:10:00.035 [scheduling-1] INFO  - 错误数量: 0
2026-01-20 10:10:00.035 [scheduling-1] INFO  - 执行耗时: 20 毫秒
2026-01-20 10:10:00.035 [scheduling-1] INFO  - =====================================
2026-01-20 10:15:00.019 [scheduling-1] INFO  - ========== 开始执行定时任务：检查未到店订单 ==========
2026-01-20 10:15:00.042 [scheduling-1] INFO  - 找到 0 条待核销的订单
2026-01-20 10:15:00.043 [scheduling-1] INFO  - ========== 定时任务完成 ==========
2026-01-20 10:15:00.043 [scheduling-1] INFO  - 总订单数: 0
2026-01-20 10:15:00.043 [scheduling-1] INFO  - 更新数量: 0
2026-01-20 10:15:00.043 [scheduling-1] INFO  - 跳过数量: 0
2026-01-20 10:15:00.043 [scheduling-1] INFO  - 错误数量: 0
2026-01-20 10:15:00.043 [scheduling-1] INFO  - 执行耗时: 22 毫秒
2026-01-20 10:15:00.043 [scheduling-1] INFO  - =====================================
2026-01-20 10:20:00.016 [scheduling-1] INFO  - ========== 开始执行定时任务：检查未到店订单 ==========
2026-01-20 10:20:00.042 [scheduling-1] INFO  - 找到 0 条待核销的订单
2026-01-20 10:20:00.042 [scheduling-1] INFO  - ========== 定时任务完成 ==========
2026-01-20 10:20:00.042 [scheduling-1] INFO  - 总订单数: 0
2026-01-20 10:20:00.042 [scheduling-1] INFO  - 更新数量: 0
2026-01-20 10:20:00.042 [scheduling-1] INFO  - 跳过数量: 0
2026-01-20 10:20:00.042 [scheduling-1] INFO  - 错误数量: 0
2026-01-20 10:20:00.042 [scheduling-1] INFO  - 执行耗时: 23 毫秒
2026-01-20 10:20:00.042 [scheduling-1] INFO  - =====================================
2026-01-20 10:25:00.018 [scheduling-1] INFO  - ========== 开始执行定时任务：检查未到店订单 ==========
2026-01-20 10:25:00.050 [scheduling-1] INFO  - 找到 0 条待核销的订单
2026-01-20 10:25:00.051 [scheduling-1] INFO  - ========== 定时任务完成 ==========
2026-01-20 10:25:00.051 [scheduling-1] INFO  - 总订单数: 0
2026-01-20 10:25:00.051 [scheduling-1] INFO  - 更新数量: 0
2026-01-20 10:25:00.051 [scheduling-1] INFO  - 跳过数量: 0
2026-01-20 10:25:00.051 [scheduling-1] INFO  - 错误数量: 0
2026-01-20 10:25:00.051 [scheduling-1] INFO  - 执行耗时: 32 毫秒
2026-01-20 10:25:00.051 [scheduling-1] INFO  - =====================================
2026-01-20 10:30:00.021 [scheduling-1] INFO  - ========== 开始执行定时任务：检查未到店订单 ==========
2026-01-20 10:30:00.071 [scheduling-1] INFO  - 找到 0 条待核销的订单
2026-01-20 10:30:00.072 [scheduling-1] INFO  - ========== 定时任务完成 ==========
2026-01-20 10:30:00.072 [scheduling-1] INFO  - 总订单数: 0
2026-01-20 10:30:00.072 [scheduling-1] INFO  - 更新数量: 0
2026-01-20 10:30:00.072 [scheduling-1] INFO  - 跳过数量: 0
2026-01-20 10:30:00.072 [scheduling-1] INFO  - 错误数量: 0
2026-01-20 10:30:00.072 [scheduling-1] INFO  - 执行耗时: 41 毫秒
2026-01-20 10:30:00.072 [scheduling-1] INFO  - =====================================
2026-01-20 10:35:00.021 [scheduling-1] INFO  - ========== 开始执行定时任务：检查未到店订单 ==========
2026-01-20 10:35:00.081 [scheduling-1] INFO  - 找到 0 条待核销的订单
2026-01-20 10:35:00.082 [scheduling-1] INFO  - ========== 定时任务完成 ==========
2026-01-20 10:35:00.082 [scheduling-1] INFO  - 总订单数: 0
2026-01-20 10:35:00.082 [scheduling-1] INFO  - 更新数量: 0
2026-01-20 10:35:00.082 [scheduling-1] INFO  - 跳过数量: 0
2026-01-20 10:35:00.082 [scheduling-1] INFO  - 错误数量: 0
2026-01-20 10:35:00.082 [scheduling-1] INFO  - 执行耗时: 57 毫秒
2026-01-20 10:35:00.082 [scheduling-1] INFO  - =====================================
2026-01-20 10:40:00.019 [scheduling-1] INFO  - ========== 开始执行定时任务：检查未到店订单 ==========
2026-01-20 10:40:00.062 [scheduling-1] INFO  - 找到 0 条待核销的订单
2026-01-20 10:40:00.062 [scheduling-1] INFO  - ========== 定时任务完成 ==========
2026-01-20 10:40:00.062 [scheduling-1] INFO  - 总订单数: 0
2026-01-20 10:40:00.063 [scheduling-1] INFO  - 更新数量: 0
2026-01-20 10:40:00.063 [scheduling-1] INFO  - 跳过数量: 0
2026-01-20 10:40:00.063 [scheduling-1] INFO  - 错误数量: 0
2026-01-20 10:40:00.063 [scheduling-1] INFO  - 执行耗时: 42 毫秒
2026-01-20 10:40:00.063 [scheduling-1] INFO  - =====================================
2026-01-20 10:45:00.021 [scheduling-1] INFO  - ========== 开始执行定时任务：检查未到店订单 ==========
2026-01-20 10:45:00.044 [scheduling-1] INFO  - 找到 0 条待核销的订单
2026-01-20 10:45:00.044 [scheduling-1] INFO  - ========== 定时任务完成 ==========
2026-01-20 10:45:00.044 [scheduling-1] INFO  - 总订单数: 0
2026-01-20 10:45:00.044 [scheduling-1] INFO  - 更新数量: 0
2026-01-20 10:45:00.044 [scheduling-1] INFO  - 跳过数量: 0
2026-01-20 10:45:00.044 [scheduling-1] INFO  - 错误数量: 0
2026-01-20 10:45:00.044 [scheduling-1] INFO  - 执行耗时: 22 毫秒
2026-01-20 10:45:00.044 [scheduling-1] INFO  - =====================================
2026-01-20 10:50:00.015 [scheduling-1] INFO  - ========== 开始执行定时任务：检查未到店订单 ==========
2026-01-20 10:50:00.041 [scheduling-1] INFO  - 找到 0 条待核销的订单
2026-01-20 10:50:00.042 [scheduling-1] INFO  - ========== 定时任务完成 ==========
2026-01-20 10:50:00.042 [scheduling-1] INFO  - 总订单数: 0
2026-01-20 10:50:00.042 [scheduling-1] INFO  - 更新数量: 0
2026-01-20 10:50:00.043 [scheduling-1] INFO  - 跳过数量: 0
2026-01-20 10:50:00.043 [scheduling-1] INFO  - 错误数量: 0
2026-01-20 10:50:00.043 [scheduling-1] INFO  - 执行耗时: 26 毫秒
2026-01-20 10:50:00.043 [scheduling-1] INFO  - =====================================
2026-01-20 10:54:59.923 [scheduling-1] INFO  - ========== 开始执行定时任务：检查未到店订单 ==========
2026-01-20 10:54:59.968 [scheduling-1] INFO  - 找到 0 条待核销的订单
2026-01-20 10:54:59.969 [scheduling-1] INFO  - ========== 定时任务完成 ==========
2026-01-20 10:54:59.969 [scheduling-1] INFO  - 总订单数: 0
2026-01-20 10:54:59.969 [scheduling-1] INFO  - 更新数量: 0
2026-01-20 10:54:59.969 [scheduling-1] INFO  - 跳过数量: 0
2026-01-20 10:54:59.969 [scheduling-1] INFO  - 错误数量: 0
2026-01-20 10:54:59.969 [scheduling-1] INFO  - 执行耗时: 34 毫秒
2026-01-20 10:54:59.969 [scheduling-1] INFO  - =====================================
2026-01-20 11:00:00.009 [scheduling-1] INFO  - ========== 开始执行定时任务：检查未到店订单 ==========
2026-01-20 11:00:00.049 [scheduling-1] INFO  - 找到 0 条待核销的订单
2026-01-20 11:00:00.049 [scheduling-1] INFO  - ========== 定时任务完成 ==========
2026-01-20 11:00:00.049 [scheduling-1] INFO  - 总订单数: 0
2026-01-20 11:00:00.050 [scheduling-1] INFO  - 更新数量: 0
2026-01-20 11:00:00.050 [scheduling-1] INFO  - 跳过数量: 0
2026-01-20 11:00:00.050 [scheduling-1] INFO  - 错误数量: 0
2026-01-20 11:00:00.050 [scheduling-1] INFO  - 执行耗时: 38 毫秒
2026-01-20 11:00:00.050 [scheduling-1] INFO  - =====================================
2026-01-20 11:05:00.008 [scheduling-1] INFO  - ========== 开始执行定时任务：检查未到店订单 ==========
2026-01-20 11:05:00.030 [scheduling-1] INFO  - 找到 0 条待核销的订单
2026-01-20 11:05:00.030 [scheduling-1] INFO  - ========== 定时任务完成 ==========
2026-01-20 11:05:00.030 [scheduling-1] INFO  - 总订单数: 0
2026-01-20 11:05:00.030 [scheduling-1] INFO  - 更新数量: 0
2026-01-20 11:05:00.030 [scheduling-1] INFO  - 跳过数量: 0
2026-01-20 11:05:00.030 [scheduling-1] INFO  - 错误数量: 0
2026-01-20 11:05:00.030 [scheduling-1] INFO  - 执行耗时: 20 毫秒
2026-01-20 11:05:00.030 [scheduling-1] INFO  - =====================================
2026-01-20 11:10:00.026 [scheduling-1] INFO  - ========== 开始执行定时任务：检查未到店订单 ==========
2026-01-20 11:10:00.059 [scheduling-1] INFO  - 找到 0 条待核销的订单
2026-01-20 11:10:00.060 [scheduling-1] INFO  - ========== 定时任务完成 ==========
2026-01-20 11:10:00.060 [scheduling-1] INFO  - 总订单数: 0
2026-01-20 11:10:00.060 [scheduling-1] INFO  - 更新数量: 0
2026-01-20 11:10:00.060 [scheduling-1] INFO  - 跳过数量: 0
2026-01-20 11:10:00.060 [scheduling-1] INFO  - 错误数量: 0
2026-01-20 11:10:00.060 [scheduling-1] INFO  - 执行耗时: 31 毫秒
2026-01-20 11:10:00.060 [scheduling-1] INFO  - =====================================
2026-01-20 11:15:00.020 [scheduling-1] INFO  - ========== 开始执行定时任务：检查未到店订单 ==========
2026-01-20 11:15:00.056 [scheduling-1] INFO  - 找到 0 条待核销的订单
2026-01-20 11:15:00.056 [scheduling-1] INFO  - ========== 定时任务完成 ==========
2026-01-20 11:15:00.057 [scheduling-1] INFO  - 总订单数: 0
2026-01-20 11:15:00.057 [scheduling-1] INFO  - 更新数量: 0
2026-01-20 11:15:00.057 [scheduling-1] INFO  - 跳过数量: 0
2026-01-20 11:15:00.057 [scheduling-1] INFO  - 错误数量: 0
2026-01-20 11:15:00.057 [scheduling-1] INFO  - 执行耗时: 33 毫秒
2026-01-20 11:15:00.057 [scheduling-1] INFO  - =====================================
2026-01-20 11:20:00.015 [scheduling-1] INFO  - ========== 开始执行定时任务：检查未到店订单 ==========
2026-01-20 11:20:00.038 [scheduling-1] INFO  - 找到 0 条待核销的订单
2026-01-20 11:20:00.038 [scheduling-1] INFO  - ========== 定时任务完成 ==========
2026-01-20 11:20:00.038 [scheduling-1] INFO  - 总订单数: 0
2026-01-20 11:20:00.038 [scheduling-1] INFO  - 更新数量: 0
2026-01-20 11:20:00.038 [scheduling-1] INFO  - 跳过数量: 0
2026-01-20 11:20:00.038 [scheduling-1] INFO  - 错误数量: 0
2026-01-20 11:20:00.038 [scheduling-1] INFO  - 执行耗时: 22 毫秒
2026-01-20 11:20:00.038 [scheduling-1] INFO  - =====================================
2026-01-20 11:25:00.014 [scheduling-1] INFO  - ========== 开始执行定时任务：检查未到店订单 ==========
2026-01-20 11:25:00.058 [scheduling-1] INFO  - 找到 0 条待核销的订单
2026-01-20 11:25:00.058 [scheduling-1] INFO  - ========== 定时任务完成 ==========
2026-01-20 11:25:00.058 [scheduling-1] INFO  - 总订单数: 0
2026-01-20 11:25:00.058 [scheduling-1] INFO  - 更新数量: 0
2026-01-20 11:25:00.058 [scheduling-1] INFO  - 跳过数量: 0
2026-01-20 11:25:00.058 [scheduling-1] INFO  - 错误数量: 0
2026-01-20 11:25:00.058 [scheduling-1] INFO  - 执行耗时: 43 毫秒
2026-01-20 11:25:00.058 [scheduling-1] INFO  - =====================================
2026-01-20 11:30:00.017 [scheduling-1] INFO  - ========== 开始执行定时任务：检查未到店订单 ==========
2026-01-20 11:30:00.042 [scheduling-1] INFO  - 找到 0 条待核销的订单
2026-01-20 11:30:00.042 [scheduling-1] INFO  - ========== 定时任务完成 ==========
2026-01-20 11:30:00.042 [scheduling-1] INFO  - 总订单数: 0
2026-01-20 11:30:00.043 [scheduling-1] INFO  - 更新数量: 0
2026-01-20 11:30:00.043 [scheduling-1] INFO  - 跳过数量: 0
2026-01-20 11:30:00.043 [scheduling-1] INFO  - 错误数量: 0
2026-01-20 11:30:00.043 [scheduling-1] INFO  - 执行耗时: 23 毫秒
2026-01-20 11:30:00.043 [scheduling-1] INFO  - =====================================
2026-01-20 11:35:00.014 [scheduling-1] INFO  - ========== 开始执行定时任务：检查未到店订单 ==========
2026-01-20 11:35:00.029 [scheduling-1] INFO  - 找到 0 条待核销的订单
2026-01-20 11:35:00.030 [scheduling-1] INFO  - ========== 定时任务完成 ==========
2026-01-20 11:35:00.030 [scheduling-1] INFO  - 总订单数: 0
2026-01-20 11:35:00.030 [scheduling-1] INFO  - 更新数量: 0
2026-01-20 11:35:00.030 [scheduling-1] INFO  - 跳过数量: 0
2026-01-20 11:35:00.030 [scheduling-1] INFO  - 错误数量: 0
2026-01-20 11:35:00.030 [scheduling-1] INFO  - 执行耗时: 15 毫秒
2026-01-20 11:35:00.030 [scheduling-1] INFO  - =====================================
2026-01-20 11:40:00.012 [scheduling-1] INFO  - ========== 开始执行定时任务：检查未到店订单 ==========
2026-01-20 11:40:00.032 [scheduling-1] INFO  - 找到 0 条待核销的订单
2026-01-20 11:40:00.032 [scheduling-1] INFO  - ========== 定时任务完成 ==========
2026-01-20 11:40:00.032 [scheduling-1] INFO  - 总订单数: 0
2026-01-20 11:40:00.032 [scheduling-1] INFO  - 更新数量: 0
2026-01-20 11:40:00.032 [scheduling-1] INFO  - 跳过数量: 0
2026-01-20 11:40:00.032 [scheduling-1] INFO  - 错误数量: 0
2026-01-20 11:40:00.032 [scheduling-1] INFO  - 执行耗时: 17 毫秒
2026-01-20 11:40:00.032 [scheduling-1] INFO  - =====================================
2026-01-20 11:45:00.038 [scheduling-1] INFO  - ========== 开始执行定时任务：检查未到店订单 ==========
2026-01-20 11:45:00.077 [scheduling-1] INFO  - 找到 0 条待核销的订单
2026-01-20 11:45:00.078 [scheduling-1] INFO  - ========== 定时任务完成 ==========
2026-01-20 11:45:00.078 [scheduling-1] INFO  - 总订单数: 0
2026-01-20 11:45:00.078 [scheduling-1] INFO  - 更新数量: 0
2026-01-20 11:45:00.078 [scheduling-1] INFO  - 跳过数量: 0
2026-01-20 11:45:00.078 [scheduling-1] INFO  - 错误数量: 0
2026-01-20 11:45:00.078 [scheduling-1] INFO  - 执行耗时: 32 毫秒
2026-01-20 11:45:00.078 [scheduling-1] INFO  - =====================================
2026-01-20 11:50:00.012 [scheduling-1] INFO  - ========== 开始执行定时任务：检查未到店订单 ==========
2026-01-20 11:50:00.026 [scheduling-1] INFO  - 找到 0 条待核销的订单
2026-01-20 11:50:00.027 [scheduling-1] INFO  - ========== 定时任务完成 ==========
2026-01-20 11:50:00.027 [scheduling-1] INFO  - 总订单数: 0
2026-01-20 11:50:00.027 [scheduling-1] INFO  - 更新数量: 0
2026-01-20 11:50:00.027 [scheduling-1] INFO  - 跳过数量: 0
2026-01-20 11:50:00.027 [scheduling-1] INFO  - 错误数量: 0
2026-01-20 11:50:00.027 [scheduling-1] INFO  - 执行耗时: 14 毫秒
2026-01-20 11:50:00.027 [scheduling-1] INFO  - =====================================
2026-01-20 11:55:00.014 [scheduling-1] INFO  - ========== 开始执行定时任务：检查未到店订单 ==========
2026-01-20 11:55:00.029 [scheduling-1] INFO  - 找到 0 条待核销的订单
2026-01-20 11:55:00.029 [scheduling-1] INFO  - ========== 定时任务完成 ==========
2026-01-20 11:55:00.029 [scheduling-1] INFO  - 总订单数: 0
2026-01-20 11:55:00.029 [scheduling-1] INFO  - 更新数量: 0
2026-01-20 11:55:00.029 [scheduling-1] INFO  - 跳过数量: 0
2026-01-20 11:55:00.029 [scheduling-1] INFO  - 错误数量: 0
2026-01-20 11:55:00.029 [scheduling-1] INFO  - 执行耗时: 14 毫秒
2026-01-20 11:55:00.029 [scheduling-1] INFO  - =====================================
2026-01-20 12:00:00.016 [scheduling-1] INFO  - ========== 开始执行定时任务：检查未到店订单 ==========
2026-01-20 12:00:00.071 [scheduling-1] INFO  - 找到 0 条待核销的订单
2026-01-20 12:00:00.071 [scheduling-1] INFO  - ========== 定时任务完成 ==========
2026-01-20 12:00:00.071 [scheduling-1] INFO  - 总订单数: 0
2026-01-20 12:00:00.071 [scheduling-1] INFO  - 更新数量: 0
2026-01-20 12:00:00.071 [scheduling-1] INFO  - 跳过数量: 0
2026-01-20 12:00:00.071 [scheduling-1] INFO  - 错误数量: 0
2026-01-20 12:00:00.071 [scheduling-1] INFO  - 执行耗时: 50 毫秒
2026-01-20 12:00:00.072 [scheduling-1] INFO  - =====================================
2026-01-20 12:05:00.026 [scheduling-1] INFO  - ========== 开始执行定时任务：检查未到店订单 ==========
2026-01-20 12:05:00.086 [scheduling-1] INFO  - 找到 0 条待核销的订单
2026-01-20 12:05:00.087 [scheduling-1] INFO  - ========== 定时任务完成 ==========
2026-01-20 12:05:00.087 [scheduling-1] INFO  - 总订单数: 0
2026-01-20 12:05:00.087 [scheduling-1] INFO  - 更新数量: 0
2026-01-20 12:05:00.087 [scheduling-1] INFO  - 跳过数量: 0
2026-01-20 12:05:00.087 [scheduling-1] INFO  - 错误数量: 0
2026-01-20 12:05:00.087 [scheduling-1] INFO  - 执行耗时: 57 毫秒
2026-01-20 12:05:00.087 [scheduling-1] INFO  - =====================================
2026-01-20 12:10:00.023 [scheduling-1] INFO  - ========== 开始执行定时任务：检查未到店订单 ==========
2026-01-20 12:10:00.082 [scheduling-1] INFO  - 找到 0 条待核销的订单
2026-01-20 12:10:00.083 [scheduling-1] INFO  - ========== 定时任务完成 ==========
2026-01-20 12:10:00.084 [scheduling-1] INFO  - 总订单数: 0
2026-01-20 12:10:00.084 [scheduling-1] INFO  - 更新数量: 0
2026-01-20 12:10:00.085 [scheduling-1] INFO  - 跳过数量: 0
2026-01-20 12:10:00.085 [scheduling-1] INFO  - 错误数量: 0
2026-01-20 12:10:00.086 [scheduling-1] INFO  - 执行耗时: 53 毫秒
2026-01-20 12:10:00.086 [scheduling-1] INFO  - =====================================
2026-01-20 12:14:59.962 [scheduling-1] INFO  - ========== 开始执行定时任务：检查未到店订单 ==========
2026-01-20 12:15:00.056 [scheduling-1] INFO  - 找到 0 条待核销的订单
2026-01-20 12:15:00.057 [scheduling-1] INFO  - ========== 定时任务完成 ==========
2026-01-20 12:15:00.057 [scheduling-1] INFO  - 总订单数: 0
2026-01-20 12:15:00.057 [scheduling-1] INFO  - 更新数量: 0
2026-01-20 12:15:00.057 [scheduling-1] INFO  - 跳过数量: 0
2026-01-20 12:15:00.057 [scheduling-1] INFO  - 错误数量: 0
2026-01-20 12:15:00.057 [scheduling-1] INFO  - 执行耗时: 83 毫秒
2026-01-20 12:15:00.058 [scheduling-1] INFO  - =====================================
2026-01-20 12:20:00.090 [scheduling-1] INFO  - ========== 开始执行定时任务：检查未到店订单 ==========
2026-01-20 12:20:00.825 [scheduling-1] INFO  - 找到 0 条待核销的订单
2026-01-20 12:20:00.829 [scheduling-1] INFO  - ========== 定时任务完成 ==========
2026-01-20 12:20:00.829 [scheduling-1] INFO  - 总订单数: 0
2026-01-20 12:20:00.829 [scheduling-1] INFO  - 更新数量: 0
2026-01-20 12:20:00.829 [scheduling-1] INFO  - 跳过数量: 0
2026-01-20 12:20:00.830 [scheduling-1] INFO  - 错误数量: 0
2026-01-20 12:20:00.830 [scheduling-1] INFO  - 执行耗时: 680 毫秒
2026-01-20 12:20:00.830 [scheduling-1] INFO  - =====================================
2026-01-20 12:25:00.011 [scheduling-1] INFO  - ========== 开始执行定时任务：检查未到店订单 ==========
2026-01-20 12:25:00.029 [scheduling-1] INFO  - 找到 0 条待核销的订单
2026-01-20 12:25:00.029 [scheduling-1] INFO  - ========== 定时任务完成 ==========
2026-01-20 12:25:00.029 [scheduling-1] INFO  - 总订单数: 0
2026-01-20 12:25:00.030 [scheduling-1] INFO  - 更新数量: 0
2026-01-20 12:25:00.030 [scheduling-1] INFO  - 跳过数量: 0
2026-01-20 12:25:00.030 [scheduling-1] INFO  - 错误数量: 0
2026-01-20 12:25:00.030 [scheduling-1] INFO  - 执行耗时: 16 毫秒
2026-01-20 12:25:00.030 [scheduling-1] INFO  - =====================================
2026-01-20 12:30:00.012 [scheduling-1] INFO  - ========== 开始执行定时任务：检查未到店订单 ==========
2026-01-20 12:30:00.068 [scheduling-1] INFO  - 找到 0 条待核销的订单
2026-01-20 12:30:00.070 [scheduling-1] INFO  - ========== 定时任务完成 ==========
2026-01-20 12:30:00.070 [scheduling-1] INFO  - 总订单数: 0
2026-01-20 12:30:00.070 [scheduling-1] INFO  - 更新数量: 0
2026-01-20 12:30:00.070 [scheduling-1] INFO  - 跳过数量: 0
2026-01-20 12:30:00.070 [scheduling-1] INFO  - 错误数量: 0
2026-01-20 12:30:00.070 [scheduling-1] INFO  - 执行耗时: 56 毫秒
2026-01-20 12:30:00.070 [scheduling-1] INFO  - =====================================
2026-01-20 12:35:00.028 [scheduling-1] INFO  - ========== 开始执行定时任务：检查未到店订单 ==========
2026-01-20 12:35:00.046 [scheduling-1] INFO  - 找到 0 条待核销的订单
2026-01-20 12:35:00.047 [scheduling-1] INFO  - ========== 定时任务完成 ==========
2026-01-20 12:35:00.047 [scheduling-1] INFO  - 总订单数: 0
2026-01-20 12:35:00.047 [scheduling-1] INFO  - 更新数量: 0
2026-01-20 12:35:00.047 [scheduling-1] INFO  - 跳过数量: 0
2026-01-20 12:35:00.047 [scheduling-1] INFO  - 错误数量: 0
2026-01-20 12:35:00.047 [scheduling-1] INFO  - 执行耗时: 17 毫秒
2026-01-20 12:35:00.047 [scheduling-1] INFO  - =====================================
2026-01-20 12:40:00.010 [scheduling-1] INFO  - ========== 开始执行定时任务：检查未到店订单 ==========
2026-01-20 12:40:00.029 [scheduling-1] INFO  - 找到 0 条待核销的订单
2026-01-20 12:40:00.030 [scheduling-1] INFO  - ========== 定时任务完成 ==========
2026-01-20 12:40:00.030 [scheduling-1] INFO  - 总订单数: 0
2026-01-20 12:40:00.030 [scheduling-1] INFO  - 更新数量: 0
2026-01-20 12:40:00.030 [scheduling-1] INFO  - 跳过数量: 0
2026-01-20 12:40:00.030 [scheduling-1] INFO  - 错误数量: 0
2026-01-20 12:40:00.030 [scheduling-1] INFO  - 执行耗时: 18 毫秒
2026-01-20 12:40:00.030 [scheduling-1] INFO  - =====================================
2026-01-20 12:45:00.013 [scheduling-1] INFO  - ========== 开始执行定时任务：检查未到店订单 ==========
2026-01-20 12:45:00.039 [scheduling-1] INFO  - 找到 0 条待核销的订单
2026-01-20 12:45:00.039 [scheduling-1] INFO  - ========== 定时任务完成 ==========
2026-01-20 12:45:00.039 [scheduling-1] INFO  - 总订单数: 0
2026-01-20 12:45:00.039 [scheduling-1] INFO  - 更新数量: 0
2026-01-20 12:45:00.039 [scheduling-1] INFO  - 跳过数量: 0
2026-01-20 12:45:00.039 [scheduling-1] INFO  - 错误数量: 0
2026-01-20 12:45:00.039 [scheduling-1] INFO  - 执行耗时: 22 毫秒
2026-01-20 12:45:00.039 [scheduling-1] INFO  - =====================================
2026-01-20 12:50:00.013 [scheduling-1] INFO  - ========== 开始执行定时任务：检查未到店订单 ==========
2026-01-20 12:50:00.035 [scheduling-1] INFO  - 找到 0 条待核销的订单
2026-01-20 12:50:00.035 [scheduling-1] INFO  - ========== 定时任务完成 ==========
2026-01-20 12:50:00.036 [scheduling-1] INFO  - 总订单数: 0
2026-01-20 12:50:00.036 [scheduling-1] INFO  - 更新数量: 0
2026-01-20 12:50:00.036 [scheduling-1] INFO  - 跳过数量: 0
2026-01-20 12:50:00.036 [scheduling-1] INFO  - 错误数量: 0
2026-01-20 12:50:00.036 [scheduling-1] INFO  - 执行耗时: 20 毫秒
2026-01-20 12:50:00.036 [scheduling-1] INFO  - =====================================
2026-01-20 12:55:00.038 [scheduling-1] INFO  - ========== 开始执行定时任务：检查未到店订单 ==========
2026-01-20 12:55:00.071 [scheduling-1] INFO  - 找到 0 条待核销的订单
2026-01-20 12:55:00.071 [scheduling-1] INFO  - ========== 定时任务完成 ==========
2026-01-20 12:55:00.071 [scheduling-1] INFO  - 总订单数: 0
2026-01-20 12:55:00.071 [scheduling-1] INFO  - 更新数量: 0
2026-01-20 12:55:00.072 [scheduling-1] INFO  - 跳过数量: 0
2026-01-20 12:55:00.072 [scheduling-1] INFO  - 错误数量: 0
2026-01-20 12:55:00.072 [scheduling-1] INFO  - 执行耗时: 28 毫秒
2026-01-20 12:55:00.072 [scheduling-1] INFO  - =====================================
2026-01-20 13:00:00.017 [scheduling-1] INFO  - ========== 开始执行定时任务：检查未到店订单 ==========
2026-01-20 13:00:00.062 [scheduling-1] INFO  - 找到 0 条待核销的订单
2026-01-20 13:00:00.063 [scheduling-1] INFO  - ========== 定时任务完成 ==========
2026-01-20 13:00:00.063 [scheduling-1] INFO  - 总订单数: 0
2026-01-20 13:00:00.063 [scheduling-1] INFO  - 更新数量: 0
2026-01-20 13:00:00.063 [scheduling-1] INFO  - 跳过数量: 0
2026-01-20 13:00:00.063 [scheduling-1] INFO  - 错误数量: 0
2026-01-20 13:00:00.063 [scheduling-1] INFO  - 执行耗时: 44 毫秒
2026-01-20 13:00:00.063 [scheduling-1] INFO  - =====================================
2026-01-20 13:05:00.014 [scheduling-1] INFO  - ========== 开始执行定时任务：检查未到店订单 ==========
2026-01-20 13:05:00.050 [scheduling-1] INFO  - 找到 0 条待核销的订单
2026-01-20 13:05:00.050 [scheduling-1] INFO  - ========== 定时任务完成 ==========
2026-01-20 13:05:00.050 [scheduling-1] INFO  - 总订单数: 0
2026-01-20 13:05:00.050 [scheduling-1] INFO  - 更新数量: 0
2026-01-20 13:05:00.050 [scheduling-1] INFO  - 跳过数量: 0
2026-01-20 13:05:00.050 [scheduling-1] INFO  - 错误数量: 0
2026-01-20 13:05:00.050 [scheduling-1] INFO  - 执行耗时: 33 毫秒
2026-01-20 13:05:00.050 [scheduling-1] INFO  - =====================================
2026-01-20 13:10:00.011 [scheduling-1] INFO  - ========== 开始执行定时任务：检查未到店订单 ==========
2026-01-20 13:10:00.037 [scheduling-1] INFO  - 找到 0 条待核销的订单
2026-01-20 13:10:00.037 [scheduling-1] INFO  - ========== 定时任务完成 ==========
2026-01-20 13:10:00.037 [scheduling-1] INFO  - 总订单数: 0
2026-01-20 13:10:00.038 [scheduling-1] INFO  - 更新数量: 0
2026-01-20 13:10:00.038 [scheduling-1] INFO  - 跳过数量: 0
2026-01-20 13:10:00.038 [scheduling-1] INFO  - 错误数量: 0
2026-01-20 13:10:00.038 [scheduling-1] INFO  - 执行耗时: 24 毫秒
2026-01-20 13:10:00.038 [scheduling-1] INFO  - =====================================
2026-01-20 13:14:59.970 [scheduling-1] INFO  - ========== 开始执行定时任务：检查未到店订单 ==========
2026-01-20 13:14:59.992 [scheduling-1] INFO  - 找到 0 条待核销的订单
2026-01-20 13:14:59.992 [scheduling-1] INFO  - ========== 定时任务完成 ==========
2026-01-20 13:14:59.992 [scheduling-1] INFO  - 总订单数: 0
2026-01-20 13:14:59.992 [scheduling-1] INFO  - 更新数量: 0
2026-01-20 13:14:59.992 [scheduling-1] INFO  - 跳过数量: 0
2026-01-20 13:14:59.993 [scheduling-1] INFO  - 错误数量: 0
2026-01-20 13:14:59.993 [scheduling-1] INFO  - 执行耗时: 19 毫秒
2026-01-20 13:14:59.993 [scheduling-1] INFO  - =====================================
2026-01-20 13:20:00.011 [scheduling-1] INFO  - ========== 开始执行定时任务：检查未到店订单 ==========
2026-01-20 13:20:00.035 [scheduling-1] INFO  - 找到 0 条待核销的订单
2026-01-20 13:20:00.035 [scheduling-1] INFO  - ========== 定时任务完成 ==========
2026-01-20 13:20:00.035 [scheduling-1] INFO  - 总订单数: 0
2026-01-20 13:20:00.035 [scheduling-1] INFO  - 更新数量: 0
2026-01-20 13:20:00.035 [scheduling-1] INFO  - 跳过数量: 0
2026-01-20 13:20:00.035 [scheduling-1] INFO  - 错误数量: 0
2026-01-20 13:20:00.035 [scheduling-1] INFO  - 执行耗时: 22 毫秒
2026-01-20 13:20:00.035 [scheduling-1] INFO  - =====================================
2026-01-20 13:25:00.008 [scheduling-1] INFO  - ========== 开始执行定时任务：检查未到店订单 ==========
2026-01-20 13:25:00.043 [scheduling-1] INFO  - 找到 0 条待核销的订单
2026-01-20 13:25:00.043 [scheduling-1] INFO  - ========== 定时任务完成 ==========
2026-01-20 13:25:00.043 [scheduling-1] INFO  - 总订单数: 0
2026-01-20 13:25:00.043 [scheduling-1] INFO  - 更新数量: 0
2026-01-20 13:25:00.043 [scheduling-1] INFO  - 跳过数量: 0
2026-01-20 13:25:00.043 [scheduling-1] INFO  - 错误数量: 0
2026-01-20 13:25:00.043 [scheduling-1] INFO  - 执行耗时: 33 毫秒
2026-01-20 13:25:00.043 [scheduling-1] INFO  - =====================================
2026-01-20 13:30:00.007 [scheduling-1] INFO  - ========== 开始执行定时任务：检查未到店订单 ==========
2026-01-20 13:30:00.038 [scheduling-1] INFO  - 找到 0 条待核销的订单
2026-01-20 13:30:00.038 [scheduling-1] INFO  - ========== 定时任务完成 ==========
2026-01-20 13:30:00.038 [scheduling-1] INFO  - 总订单数: 0
2026-01-20 13:30:00.038 [scheduling-1] INFO  - 更新数量: 0
2026-01-20 13:30:00.038 [scheduling-1] INFO  - 跳过数量: 0
2026-01-20 13:30:00.038 [scheduling-1] INFO  - 错误数量: 0
2026-01-20 13:30:00.038 [scheduling-1] INFO  - 执行耗时: 28 毫秒
2026-01-20 13:30:00.038 [scheduling-1] INFO  - =====================================
2026-01-20 13:35:00.009 [scheduling-1] INFO  - ========== 开始执行定时任务：检查未到店订单 ==========
2026-01-20 13:35:00.088 [scheduling-1] INFO  - 找到 0 条待核销的订单
2026-01-20 13:35:00.088 [scheduling-1] INFO  - ========== 定时任务完成 ==========
2026-01-20 13:35:00.088 [scheduling-1] INFO  - 总订单数: 0
2026-01-20 13:35:00.088 [scheduling-1] INFO  - 更新数量: 0
2026-01-20 13:35:00.088 [scheduling-1] INFO  - 跳过数量: 0
2026-01-20 13:35:00.088 [scheduling-1] INFO  - 错误数量: 0
2026-01-20 13:35:00.088 [scheduling-1] INFO  - 执行耗时: 75 毫秒
2026-01-20 13:35:00.088 [scheduling-1] INFO  - =====================================
2026-01-20 13:40:00.010 [scheduling-1] INFO  - ========== 开始执行定时任务：检查未到店订单 ==========
2026-01-20 13:40:00.039 [scheduling-1] INFO  - 找到 0 条待核销的订单
2026-01-20 13:40:00.039 [scheduling-1] INFO  - ========== 定时任务完成 ==========
2026-01-20 13:40:00.039 [scheduling-1] INFO  - 总订单数: 0
2026-01-20 13:40:00.040 [scheduling-1] INFO  - 更新数量: 0
2026-01-20 13:40:00.040 [scheduling-1] INFO  - 跳过数量: 0
2026-01-20 13:40:00.040 [scheduling-1] INFO  - 错误数量: 0
2026-01-20 13:40:00.040 [scheduling-1] INFO  - 执行耗时: 23 毫秒
2026-01-20 13:40:00.040 [scheduling-1] INFO  - =====================================
2026-01-20 13:45:00.029 [scheduling-1] INFO  - ========== 开始执行定时任务：检查未到店订单 ==========
2026-01-20 13:45:00.048 [scheduling-1] INFO  - 找到 0 条待核销的订单
2026-01-20 13:45:00.048 [scheduling-1] INFO  - ========== 定时任务完成 ==========
2026-01-20 13:45:00.048 [scheduling-1] INFO  - 总订单数: 0
2026-01-20 13:45:00.048 [scheduling-1] INFO  - 更新数量: 0
2026-01-20 13:45:00.048 [scheduling-1] INFO  - 跳过数量: 0
2026-01-20 13:45:00.048 [scheduling-1] INFO  - 错误数量: 0
2026-01-20 13:45:00.048 [scheduling-1] INFO  - 执行耗时: 16 毫秒
2026-01-20 13:45:00.048 [scheduling-1] INFO  - =====================================
2026-01-20 13:50:00.016 [scheduling-1] INFO  - ========== 开始执行定时任务：检查未到店订单 ==========
2026-01-20 13:50:00.085 [scheduling-1] INFO  - 找到 0 条待核销的订单
2026-01-20 13:50:00.085 [scheduling-1] INFO  - ========== 定时任务完成 ==========
2026-01-20 13:50:00.085 [scheduling-1] INFO  - 总订单数: 0
2026-01-20 13:50:00.085 [scheduling-1] INFO  - 更新数量: 0
2026-01-20 13:50:00.086 [scheduling-1] INFO  - 跳过数量: 0
2026-01-20 13:50:00.086 [scheduling-1] INFO  - 错误数量: 0
2026-01-20 13:50:00.086 [scheduling-1] INFO  - 执行耗时: 67 毫秒
2026-01-20 13:50:00.086 [scheduling-1] INFO  - =====================================
2026-01-20 13:55:00.012 [scheduling-1] INFO  - ========== 开始执行定时任务：检查未到店订单 ==========
2026-01-20 13:55:00.048 [scheduling-1] INFO  - 找到 0 条待核销的订单
2026-01-20 13:55:00.048 [scheduling-1] INFO  - ========== 定时任务完成 ==========
2026-01-20 13:55:00.048 [scheduling-1] INFO  - 总订单数: 0
2026-01-20 13:55:00.048 [scheduling-1] INFO  - 更新数量: 0
2026-01-20 13:55:00.048 [scheduling-1] INFO  - 跳过数量: 0
2026-01-20 13:55:00.048 [scheduling-1] INFO  - 错误数量: 0
2026-01-20 13:55:00.048 [scheduling-1] INFO  - 执行耗时: 34 毫秒
2026-01-20 13:55:00.048 [scheduling-1] INFO  - =====================================
2026-01-20 14:00:00.007 [scheduling-1] INFO  - ========== 开始执行定时任务：检查未到店订单 ==========
2026-01-20 14:00:00.031 [scheduling-1] INFO  - 找到 0 条待核销的订单
2026-01-20 14:00:00.031 [scheduling-1] INFO  - ========== 定时任务完成 ==========
2026-01-20 14:00:00.031 [scheduling-1] INFO  - 总订单数: 0
2026-01-20 14:00:00.031 [scheduling-1] INFO  - 更新数量: 0
2026-01-20 14:00:00.031 [scheduling-1] INFO  - 跳过数量: 0
2026-01-20 14:00:00.031 [scheduling-1] INFO  - 错误数量: 0
2026-01-20 14:00:00.031 [scheduling-1] INFO  - 执行耗时: 23 毫秒
2026-01-20 14:00:00.031 [scheduling-1] INFO  - =====================================
2026-01-20 14:05:00.007 [scheduling-1] INFO  - ========== 开始执行定时任务：检查未到店订单 ==========
2026-01-20 14:05:00.041 [scheduling-1] INFO  - 找到 0 条待核销的订单
2026-01-20 14:05:00.041 [scheduling-1] INFO  - ========== 定时任务完成 ==========
2026-01-20 14:05:00.041 [scheduling-1] INFO  - 总订单数: 0
2026-01-20 14:05:00.041 [scheduling-1] INFO  - 更新数量: 0
2026-01-20 14:05:00.041 [scheduling-1] INFO  - 跳过数量: 0
2026-01-20 14:05:00.041 [scheduling-1] INFO  - 错误数量: 0
2026-01-20 14:05:00.041 [scheduling-1] INFO  - 执行耗时: 29 毫秒
2026-01-20 14:05:00.041 [scheduling-1] INFO  - =====================================
2026-01-20 14:10:00.060 [scheduling-1] INFO  - ========== 开始执行定时任务：检查未到店订单 ==========
2026-01-20 14:10:00.088 [scheduling-1] INFO  - 找到 0 条待核销的订单
2026-01-20 14:10:00.088 [scheduling-1] INFO  - ========== 定时任务完成 ==========
2026-01-20 14:10:00.088 [scheduling-1] INFO  - 总订单数: 0
2026-01-20 14:10:00.088 [scheduling-1] INFO  - 更新数量: 0
2026-01-20 14:10:00.088 [scheduling-1] INFO  - 跳过数量: 0
2026-01-20 14:10:00.088 [scheduling-1] INFO  - 错误数量: 0
2026-01-20 14:10:00.088 [scheduling-1] INFO  - 执行耗时: 24 毫秒
2026-01-20 14:10:00.088 [scheduling-1] INFO  - =====================================
2026-01-20 14:15:00.014 [scheduling-1] INFO  - ========== 开始执行定时任务：检查未到店订单 ==========
2026-01-20 14:15:00.029 [scheduling-1] INFO  - 找到 0 条待核销的订单
2026-01-20 14:15:00.029 [scheduling-1] INFO  - ========== 定时任务完成 ==========
2026-01-20 14:15:00.029 [scheduling-1] INFO  - 总订单数: 0
2026-01-20 14:15:00.029 [scheduling-1] INFO  - 更新数量: 0
2026-01-20 14:15:00.029 [scheduling-1] INFO  - 跳过数量: 0
2026-01-20 14:15:00.029 [scheduling-1] INFO  - 错误数量: 0
2026-01-20 14:15:00.029 [scheduling-1] INFO  - 执行耗时: 12 毫秒
2026-01-20 14:15:00.029 [scheduling-1] INFO  - =====================================
2026-01-20 14:20:00.015 [scheduling-1] INFO  - ========== 开始执行定时任务：检查未到店订单 ==========
2026-01-20 14:20:00.035 [scheduling-1] INFO  - 找到 0 条待核销的订单
2026-01-20 14:20:00.035 [scheduling-1] INFO  - ========== 定时任务完成 ==========
2026-01-20 14:20:00.035 [scheduling-1] INFO  - 总订单数: 0
2026-01-20 14:20:00.035 [scheduling-1] INFO  - 更新数量: 0
2026-01-20 14:20:00.035 [scheduling-1] INFO  - 跳过数量: 0
2026-01-20 14:20:00.035 [scheduling-1] INFO  - 错误数量: 0
2026-01-20 14:20:00.035 [scheduling-1] INFO  - 执行耗时: 18 毫秒
2026-01-20 14:20:00.035 [scheduling-1] INFO  - =====================================
2026-01-20 14:25:00.015 [scheduling-1] INFO  - ========== 开始执行定时任务：检查未到店订单 ==========
2026-01-20 14:25:00.043 [scheduling-1] INFO  - 找到 0 条待核销的订单
2026-01-20 14:25:00.043 [scheduling-1] INFO  - ========== 定时任务完成 ==========
2026-01-20 14:25:00.043 [scheduling-1] INFO  - 总订单数: 0
2026-01-20 14:25:00.043 [scheduling-1] INFO  - 更新数量: 0
2026-01-20 14:25:00.043 [scheduling-1] INFO  - 跳过数量: 0
2026-01-20 14:25:00.043 [scheduling-1] INFO  - 错误数量: 0
2026-01-20 14:25:00.043 [scheduling-1] INFO  - 执行耗时: 26 毫秒
2026-01-20 14:25:00.043 [scheduling-1] INFO  - =====================================
2026-01-20 14:29:59.990 [scheduling-1] INFO  - ========== 开始执行定时任务：检查未到店订单 ==========
2026-01-20 14:30:00.009 [scheduling-1] INFO  - 找到 0 条待核销的订单
2026-01-20 14:30:00.009 [scheduling-1] INFO  - ========== 定时任务完成 ==========
2026-01-20 14:30:00.009 [scheduling-1] INFO  - 总订单数: 0
2026-01-20 14:30:00.010 [scheduling-1] INFO  - 更新数量: 0
2026-01-20 14:30:00.010 [scheduling-1] INFO  - 跳过数量: 0
2026-01-20 14:30:00.010 [scheduling-1] INFO  - 错误数量: 0
2026-01-20 14:30:00.010 [scheduling-1] INFO  - 执行耗时: 17 毫秒
2026-01-20 14:30:00.010 [scheduling-1] INFO  - =====================================
2026-01-20 14:34:59.980 [scheduling-1] INFO  - ========== 开始执行定时任务：检查未到店订单 ==========
2026-01-20 14:34:59.995 [scheduling-1] INFO  - 找到 0 条待核销的订单
2026-01-20 14:34:59.995 [scheduling-1] INFO  - ========== 定时任务完成 ==========
2026-01-20 14:34:59.995 [scheduling-1] INFO  - 总订单数: 0
2026-01-20 14:34:59.996 [scheduling-1] INFO  - 更新数量: 0
2026-01-20 14:34:59.996 [scheduling-1] INFO  - 跳过数量: 0
2026-01-20 14:34:59.996 [scheduling-1] INFO  - 错误数量: 0
2026-01-20 14:34:59.996 [scheduling-1] INFO  - 执行耗时: 13 毫秒
2026-01-20 14:34:59.996 [scheduling-1] INFO  - =====================================
2026-01-20 14:40:00.012 [scheduling-1] INFO  - ========== 开始执行定时任务：检查未到店订单 ==========
2026-01-20 14:40:00.032 [scheduling-1] INFO  - 找到 0 条待核销的订单
2026-01-20 14:40:00.032 [scheduling-1] INFO  - ========== 定时任务完成 ==========
2026-01-20 14:40:00.032 [scheduling-1] INFO  - 总订单数: 0
2026-01-20 14:40:00.032 [scheduling-1] INFO  - 更新数量: 0
2026-01-20 14:40:00.032 [scheduling-1] INFO  - 跳过数量: 0
2026-01-20 14:40:00.032 [scheduling-1] INFO  - 错误数量: 0
2026-01-20 14:40:00.032 [scheduling-1] INFO  - 执行耗时: 19 毫秒
2026-01-20 14:40:00.032 [scheduling-1] INFO  - =====================================
2026-01-20 14:45:00.008 [scheduling-1] INFO  - ========== 开始执行定时任务：检查未到店订单 ==========
2026-01-20 14:45:00.038 [scheduling-1] INFO  - 找到 0 条待核销的订单
2026-01-20 14:45:00.038 [scheduling-1] INFO  - ========== 定时任务完成 ==========
2026-01-20 14:45:00.038 [scheduling-1] INFO  - 总订单数: 0
2026-01-20 14:45:00.038 [scheduling-1] INFO  - 更新数量: 0
2026-01-20 14:45:00.038 [scheduling-1] INFO  - 跳过数量: 0
2026-01-20 14:45:00.038 [scheduling-1] INFO  - 错误数量: 0
2026-01-20 14:45:00.038 [scheduling-1] INFO  - 执行耗时: 27 毫秒
2026-01-20 14:45:00.038 [scheduling-1] INFO  - =====================================
2026-01-20 14:50:00.000 [scheduling-1] INFO  - ========== 开始执行定时任务：检查未到店订单 ==========
2026-01-20 14:50:00.037 [scheduling-1] INFO  - 找到 0 条待核销的订单
2026-01-20 14:50:00.037 [scheduling-1] INFO  - ========== 定时任务完成 ==========
2026-01-20 14:50:00.037 [scheduling-1] INFO  - 总订单数: 0
2026-01-20 14:50:00.037 [scheduling-1] INFO  - 更新数量: 0
2026-01-20 14:50:00.037 [scheduling-1] INFO  - 跳过数量: 0
2026-01-20 14:50:00.037 [scheduling-1] INFO  - 错误数量: 0
2026-01-20 14:50:00.037 [scheduling-1] INFO  - 执行耗时: 34 毫秒
2026-01-20 14:50:00.037 [scheduling-1] INFO  - =====================================
2026-01-20 14:55:00.007 [scheduling-1] INFO  - ========== 开始执行定时任务：检查未到店订单 ==========
2026-01-20 14:55:00.039 [scheduling-1] INFO  - 找到 0 条待核销的订单
2026-01-20 14:55:00.039 [scheduling-1] INFO  - ========== 定时任务完成 ==========
2026-01-20 14:55:00.039 [scheduling-1] INFO  - 总订单数: 0
2026-01-20 14:55:00.039 [scheduling-1] INFO  - 更新数量: 0
2026-01-20 14:55:00.039 [scheduling-1] INFO  - 跳过数量: 0
2026-01-20 14:55:00.039 [scheduling-1] INFO  - 错误数量: 0
2026-01-20 14:55:00.039 [scheduling-1] INFO  - 执行耗时: 30 毫秒
2026-01-20 14:55:00.040 [scheduling-1] INFO  - =====================================
2026-01-20 15:00:00.007 [scheduling-1] INFO  - ========== 开始执行定时任务：检查未到店订单 ==========
2026-01-20 15:00:00.028 [scheduling-1] INFO  - 找到 0 条待核销的订单
2026-01-20 15:00:00.029 [scheduling-1] INFO  - ========== 定时任务完成 ==========
2026-01-20 15:00:00.029 [scheduling-1] INFO  - 总订单数: 0
2026-01-20 15:00:00.029 [scheduling-1] INFO  - 更新数量: 0
2026-01-20 15:00:00.029 [scheduling-1] INFO  - 跳过数量: 0
2026-01-20 15:00:00.029 [scheduling-1] INFO  - 错误数量: 0
2026-01-20 15:00:00.029 [scheduling-1] INFO  - 执行耗时: 20 毫秒
2026-01-20 15:00:00.029 [scheduling-1] INFO  - =====================================
2026-01-20 15:05:00.012 [scheduling-1] INFO  - ========== 开始执行定时任务：检查未到店订单 ==========
2026-01-20 15:05:00.029 [scheduling-1] INFO  - 找到 0 条待核销的订单
2026-01-20 15:05:00.030 [scheduling-1] INFO  - ========== 定时任务完成 ==========
2026-01-20 15:05:00.030 [scheduling-1] INFO  - 总订单数: 0
2026-01-20 15:05:00.030 [scheduling-1] INFO  - 更新数量: 0
2026-01-20 15:05:00.030 [scheduling-1] INFO  - 跳过数量: 0
2026-01-20 15:05:00.031 [scheduling-1] INFO  - 错误数量: 0
2026-01-20 15:05:00.031 [scheduling-1] INFO  - 执行耗时: 16 毫秒
2026-01-20 15:05:00.031 [scheduling-1] INFO  - =====================================
2026-01-20 15:09:59.994 [scheduling-1] INFO  - ========== 开始执行定时任务：检查未到店订单 ==========
2026-01-20 15:10:00.009 [scheduling-1] INFO  - 找到 0 条待核销的订单
2026-01-20 15:10:00.009 [scheduling-1] INFO  - ========== 定时任务完成 ==========
2026-01-20 15:10:00.009 [scheduling-1] INFO  - 总订单数: 0
2026-01-20 15:10:00.009 [scheduling-1] INFO  - 更新数量: 0
2026-01-20 15:10:00.009 [scheduling-1] INFO  - 跳过数量: 0
2026-01-20 15:10:00.010 [scheduling-1] INFO  - 错误数量: 0
2026-01-20 15:10:00.010 [scheduling-1] INFO  - 执行耗时: 14 毫秒
2026-01-20 15:10:00.010 [scheduling-1] INFO  - =====================================
2026-01-20 15:15:00.008 [scheduling-1] INFO  - ========== 开始执行定时任务：检查未到店订单 ==========
2026-01-20 15:15:00.040 [scheduling-1] INFO  - 找到 0 条待核销的订单
2026-01-20 15:15:00.040 [scheduling-1] INFO  - ========== 定时任务完成 ==========
2026-01-20 15:15:00.040 [scheduling-1] INFO  - 总订单数: 0
2026-01-20 15:15:00.040 [scheduling-1] INFO  - 更新数量: 0
2026-01-20 15:15:00.040 [scheduling-1] INFO  - 跳过数量: 0
2026-01-20 15:15:00.040 [scheduling-1] INFO  - 错误数量: 0
2026-01-20 15:15:00.040 [scheduling-1] INFO  - 执行耗时: 29 毫秒
2026-01-20 15:15:00.040 [scheduling-1] INFO  - =====================================
2026-01-20 15:20:00.007 [scheduling-1] INFO  - ========== 开始执行定时任务：检查未到店订单 ==========
2026-01-20 15:20:00.021 [scheduling-1] INFO  - 找到 0 条待核销的订单
2026-01-20 15:20:00.022 [scheduling-1] INFO  - ========== 定时任务完成 ==========
2026-01-20 15:20:00.022 [scheduling-1] INFO  - 总订单数: 0
2026-01-20 15:20:00.022 [scheduling-1] INFO  - 更新数量: 0
2026-01-20 15:20:00.022 [scheduling-1] INFO  - 跳过数量: 0
2026-01-20 15:20:00.022 [scheduling-1] INFO  - 错误数量: 0
2026-01-20 15:20:00.022 [scheduling-1] INFO  - 执行耗时: 13 毫秒
2026-01-20 15:20:00.022 [scheduling-1] INFO  - =====================================
2026-01-20 15:25:00.016 [scheduling-1] INFO  - ========== 开始执行定时任务：检查未到店订单 ==========
2026-01-20 15:25:00.033 [scheduling-1] INFO  - 找到 0 条待核销的订单
2026-01-20 15:25:00.033 [scheduling-1] INFO  - ========== 定时任务完成 ==========
2026-01-20 15:25:00.033 [scheduling-1] INFO  - 总订单数: 0
2026-01-20 15:25:00.033 [scheduling-1] INFO  - 更新数量: 0
2026-01-20 15:25:00.033 [scheduling-1] INFO  - 跳过数量: 0
2026-01-20 15:25:00.033 [scheduling-1] INFO  - 错误数量: 0
2026-01-20 15:25:00.033 [scheduling-1] INFO  - 执行耗时: 13 毫秒
2026-01-20 15:25:00.033 [scheduling-1] INFO  - =====================================
2026-01-20 15:30:00.011 [scheduling-1] INFO  - ========== 开始执行定时任务：检查未到店订单 ==========
2026-01-20 15:30:00.042 [scheduling-1] INFO  - 找到 0 条待核销的订单
2026-01-20 15:30:00.043 [scheduling-1] INFO  - ========== 定时任务完成 ==========
2026-01-20 15:30:00.043 [scheduling-1] INFO  - 总订单数: 0
2026-01-20 15:30:00.043 [scheduling-1] INFO  - 更新数量: 0
2026-01-20 15:30:00.043 [scheduling-1] INFO  - 跳过数量: 0
2026-01-20 15:30:00.043 [scheduling-1] INFO  - 错误数量: 0
2026-01-20 15:30:00.043 [scheduling-1] INFO  - 执行耗时: 18 毫秒
2026-01-20 15:30:00.043 [scheduling-1] INFO  - =====================================
2026-01-20 15:35:00.010 [scheduling-1] INFO  - ========== 开始执行定时任务：检查未到店订单 ==========
2026-01-20 15:35:00.036 [scheduling-1] INFO  - 找到 0 条待核销的订单
2026-01-20 15:35:00.036 [scheduling-1] INFO  - ========== 定时任务完成 ==========
2026-01-20 15:35:00.036 [scheduling-1] INFO  - 总订单数: 0
2026-01-20 15:35:00.036 [scheduling-1] INFO  - 更新数量: 0
2026-01-20 15:35:00.036 [scheduling-1] INFO  - 跳过数量: 0
2026-01-20 15:35:00.036 [scheduling-1] INFO  - 错误数量: 0
2026-01-20 15:35:00.036 [scheduling-1] INFO  - 执行耗时: 20 毫秒
2026-01-20 15:35:00.036 [scheduling-1] INFO  - =====================================
2026-01-20 15:40:00.064 [scheduling-1] INFO  - ========== 开始执行定时任务：检查未到店订单 ==========
2026-01-20 15:40:00.079 [scheduling-1] INFO  - 找到 0 条待核销的订单
2026-01-20 15:40:00.079 [scheduling-1] INFO  - ========== 定时任务完成 ==========
2026-01-20 15:40:00.079 [scheduling-1] INFO  - 总订单数: 0
2026-01-20 15:40:00.079 [scheduling-1] INFO  - 更新数量: 0
2026-01-20 15:40:00.079 [scheduling-1] INFO  - 跳过数量: 0
2026-01-20 15:40:00.079 [scheduling-1] INFO  - 错误数量: 0
2026-01-20 15:40:00.079 [scheduling-1] INFO  - 执行耗时: 13 毫秒
2026-01-20 15:40:00.079 [scheduling-1] INFO  - =====================================
2026-01-20 15:45:00.013 [scheduling-1] INFO  - ========== 开始执行定时任务：检查未到店订单 ==========
2026-01-20 15:45:00.032 [scheduling-1] INFO  - 找到 0 条待核销的订单
2026-01-20 15:45:00.032 [scheduling-1] INFO  - ========== 定时任务完成 ==========
2026-01-20 15:45:00.033 [scheduling-1] INFO  - 总订单数: 0
2026-01-20 15:45:00.033 [scheduling-1] INFO  - 更新数量: 0
2026-01-20 15:45:00.033 [scheduling-1] INFO  - 跳过数量: 0
2026-01-20 15:45:00.033 [scheduling-1] INFO  - 错误数量: 0
2026-01-20 15:45:00.033 [scheduling-1] INFO  - 执行耗时: 17 毫秒
2026-01-20 15:45:00.033 [scheduling-1] INFO  - =====================================
2026-01-20 15:50:00.008 [scheduling-1] INFO  - ========== 开始执行定时任务：检查未到店订单 ==========
2026-01-20 15:50:00.023 [scheduling-1] INFO  - 找到 0 条待核销的订单
2026-01-20 15:50:00.023 [scheduling-1] INFO  - ========== 定时任务完成 ==========
2026-01-20 15:50:00.023 [scheduling-1] INFO  - 总订单数: 0
2026-01-20 15:50:00.023 [scheduling-1] INFO  - 更新数量: 0
2026-01-20 15:50:00.023 [scheduling-1] INFO  - 跳过数量: 0
2026-01-20 15:50:00.024 [scheduling-1] INFO  - 错误数量: 0
2026-01-20 15:50:00.024 [scheduling-1] INFO  - 执行耗时: 13 毫秒
2026-01-20 15:50:00.024 [scheduling-1] INFO  - =====================================
2026-01-20 15:55:00.011 [scheduling-1] INFO  - ========== 开始执行定时任务：检查未到店订单 ==========
2026-01-20 15:55:00.032 [scheduling-1] INFO  - 找到 0 条待核销的订单
2026-01-20 15:55:00.033 [scheduling-1] INFO  - ========== 定时任务完成 ==========
2026-01-20 15:55:00.033 [scheduling-1] INFO  - 总订单数: 0
2026-01-20 15:55:00.033 [scheduling-1] INFO  - 更新数量: 0
2026-01-20 15:55:00.033 [scheduling-1] INFO  - 跳过数量: 0
2026-01-20 15:55:00.033 [scheduling-1] INFO  - 错误数量: 0
2026-01-20 15:55:00.033 [scheduling-1] INFO  - 执行耗时: 20 毫秒
2026-01-20 15:55:00.033 [scheduling-1] INFO  - =====================================
2026-01-20 16:00:00.027 [scheduling-1] INFO  - ========== 开始执行定时任务：检查未到店订单 ==========
2026-01-20 16:00:00.050 [scheduling-1] INFO  - 找到 0 条待核销的订单
2026-01-20 16:00:00.050 [scheduling-1] INFO  - ========== 定时任务完成 ==========
2026-01-20 16:00:00.050 [scheduling-1] INFO  - 总订单数: 0
2026-01-20 16:00:00.050 [scheduling-1] INFO  - 更新数量: 0
2026-01-20 16:00:00.050 [scheduling-1] INFO  - 跳过数量: 0
2026-01-20 16:00:00.050 [scheduling-1] INFO  - 错误数量: 0
2026-01-20 16:00:00.050 [scheduling-1] INFO  - 执行耗时: 19 毫秒
2026-01-20 16:00:00.050 [scheduling-1] INFO  - =====================================
2026-01-20 16:05:00.013 [scheduling-1] INFO  - ========== 开始执行定时任务：检查未到店订单 ==========
2026-01-20 16:05:00.033 [scheduling-1] INFO  - 找到 0 条待核销的订单
2026-01-20 16:05:00.033 [scheduling-1] INFO  - ========== 定时任务完成 ==========
2026-01-20 16:05:00.033 [scheduling-1] INFO  - 总订单数: 0
2026-01-20 16:05:00.034 [scheduling-1] INFO  - 更新数量: 0
2026-01-20 16:05:00.034 [scheduling-1] INFO  - 跳过数量: 0
2026-01-20 16:05:00.034 [scheduling-1] INFO  - 错误数量: 0
2026-01-20 16:05:00.034 [scheduling-1] INFO  - 执行耗时: 18 毫秒
2026-01-20 16:05:00.034 [scheduling-1] INFO  - =====================================
2026-01-20 16:10:00.011 [scheduling-1] INFO  - ========== 开始执行定时任务：检查未到店订单 ==========
2026-01-20 16:10:00.032 [scheduling-1] INFO  - 找到 0 条待核销的订单
2026-01-20 16:10:00.033 [scheduling-1] INFO  - ========== 定时任务完成 ==========
2026-01-20 16:10:00.033 [scheduling-1] INFO  - 总订单数: 0
2026-01-20 16:10:00.033 [scheduling-1] INFO  - 更新数量: 0
2026-01-20 16:10:00.033 [scheduling-1] INFO  - 跳过数量: 0
2026-01-20 16:10:00.033 [scheduling-1] INFO  - 错误数量: 0
2026-01-20 16:10:00.033 [scheduling-1] INFO  - 执行耗时: 20 毫秒
2026-01-20 16:10:00.033 [scheduling-1] INFO  - =====================================
2026-01-20 16:15:00.037 [scheduling-1] INFO  - ========== 开始执行定时任务：检查未到店订单 ==========
2026-01-20 16:15:00.056 [scheduling-1] INFO  - 找到 0 条待核销的订单
2026-01-20 16:15:00.056 [scheduling-1] INFO  - ========== 定时任务完成 ==========
2026-01-20 16:15:00.056 [scheduling-1] INFO  - 总订单数: 0
2026-01-20 16:15:00.056 [scheduling-1] INFO  - 更新数量: 0
2026-01-20 16:15:00.056 [scheduling-1] INFO  - 跳过数量: 0
2026-01-20 16:15:00.056 [scheduling-1] INFO  - 错误数量: 0
2026-01-20 16:15:00.056 [scheduling-1] INFO  - 执行耗时: 17 毫秒
2026-01-20 16:15:00.056 [scheduling-1] INFO  - =====================================
2026-01-20 16:20:00.016 [scheduling-1] INFO  - ========== 开始执行定时任务：检查未到店订单 ==========
2026-01-20 16:20:00.033 [scheduling-1] INFO  - 找到 0 条待核销的订单
2026-01-20 16:20:00.034 [scheduling-1] INFO  - ========== 定时任务完成 ==========
2026-01-20 16:20:00.034 [scheduling-1] INFO  - 总订单数: 0
2026-01-20 16:20:00.034 [scheduling-1] INFO  - 更新数量: 0
2026-01-20 16:20:00.034 [scheduling-1] INFO  - 跳过数量: 0
2026-01-20 16:20:00.034 [scheduling-1] INFO  - 错误数量: 0
2026-01-20 16:20:00.034 [scheduling-1] INFO  - 执行耗时: 16 毫秒
2026-01-20 16:20:00.034 [scheduling-1] INFO  - =====================================
2026-01-20 16:25:00.014 [scheduling-1] INFO  - ========== 开始执行定时任务：检查未到店订单 ==========
2026-01-20 16:25:00.033 [scheduling-1] INFO  - 找到 0 条待核销的订单
2026-01-20 16:25:00.033 [scheduling-1] INFO  - ========== 定时任务完成 ==========
2026-01-20 16:25:00.033 [scheduling-1] INFO  - 总订单数: 0
2026-01-20 16:25:00.033 [scheduling-1] INFO  - 更新数量: 0
2026-01-20 16:25:00.033 [scheduling-1] INFO  - 跳过数量: 0
2026-01-20 16:25:00.033 [scheduling-1] INFO  - 错误数量: 0
2026-01-20 16:25:00.033 [scheduling-1] INFO  - 执行耗时: 16 毫秒
2026-01-20 16:25:00.033 [scheduling-1] INFO  - =====================================
2026-01-20 16:29:59.977 [scheduling-1] INFO  - ========== 开始执行定时任务：检查未到店订单 ==========
2026-01-20 16:29:59.997 [scheduling-1] INFO  - 找到 0 条待核销的订单
2026-01-20 16:29:59.997 [scheduling-1] INFO  - ========== 定时任务完成 ==========
2026-01-20 16:29:59.997 [scheduling-1] INFO  - 总订单数: 0
2026-01-20 16:29:59.998 [scheduling-1] INFO  - 更新数量: 0
2026-01-20 16:29:59.998 [scheduling-1] INFO  - 跳过数量: 0
2026-01-20 16:29:59.998 [scheduling-1] INFO  - 错误数量: 0
2026-01-20 16:29:59.998 [scheduling-1] INFO  - 执行耗时: 18 毫秒
2026-01-20 16:29:59.998 [scheduling-1] INFO  - =====================================
2026-01-20 16:35:00.001 [scheduling-1] INFO  - ========== 开始执行定时任务：检查未到店订单 ==========
2026-01-20 16:35:00.035 [scheduling-1] INFO  - 找到 0 条待核销的订单
2026-01-20 16:35:00.035 [scheduling-1] INFO  - ========== 定时任务完成 ==========
2026-01-20 16:35:00.035 [scheduling-1] INFO  - 总订单数: 0
2026-01-20 16:35:00.035 [scheduling-1] INFO  - 更新数量: 0
2026-01-20 16:35:00.035 [scheduling-1] INFO  - 跳过数量: 0
2026-01-20 16:35:00.035 [scheduling-1] INFO  - 错误数量: 0
2026-01-20 16:35:00.035 [scheduling-1] INFO  - 执行耗时: 33 毫秒
2026-01-20 16:35:00.035 [scheduling-1] INFO  - =====================================
2026-01-20 16:40:00.008 [scheduling-1] INFO  - ========== 开始执行定时任务：检查未到店订单 ==========
2026-01-20 16:40:00.025 [scheduling-1] INFO  - 找到 0 条待核销的订单
2026-01-20 16:40:00.026 [scheduling-1] INFO  - ========== 定时任务完成 ==========
2026-01-20 16:40:00.026 [scheduling-1] INFO  - 总订单数: 0
2026-01-20 16:40:00.026 [scheduling-1] INFO  - 更新数量: 0
2026-01-20 16:40:00.026 [scheduling-1] INFO  - 跳过数量: 0
2026-01-20 16:40:00.026 [scheduling-1] INFO  - 错误数量: 0
2026-01-20 16:40:00.026 [scheduling-1] INFO  - 执行耗时: 15 毫秒
2026-01-20 16:40:00.026 [scheduling-1] INFO  - =====================================
2026-01-20 16:45:00.008 [scheduling-1] INFO  - ========== 开始执行定时任务：检查未到店订单 ==========
2026-01-20 16:45:00.059 [scheduling-1] INFO  - 找到 0 条待核销的订单
2026-01-20 16:45:00.059 [scheduling-1] INFO  - ========== 定时任务完成 ==========
2026-01-20 16:45:00.059 [scheduling-1] INFO  - 总订单数: 0
2026-01-20 16:45:00.060 [scheduling-1] INFO  - 更新数量: 0
2026-01-20 16:45:00.060 [scheduling-1] INFO  - 跳过数量: 0
2026-01-20 16:45:00.060 [scheduling-1] INFO  - 错误数量: 0
2026-01-20 16:45:00.060 [scheduling-1] INFO  - 执行耗时: 49 毫秒
2026-01-20 16:45:00.060 [scheduling-1] INFO  - =====================================
2026-01-20 16:49:59.954 [scheduling-1] INFO  - ========== 开始执行定时任务：检查未到店订单 ==========
2026-01-20 16:49:59.981 [scheduling-1] INFO  - 找到 0 条待核销的订单
2026-01-20 16:49:59.981 [scheduling-1] INFO  - ========== 定时任务完成 ==========
2026-01-20 16:49:59.981 [scheduling-1] INFO  - 总订单数: 0
2026-01-20 16:49:59.981 [scheduling-1] INFO  - 更新数量: 0
2026-01-20 16:49:59.981 [scheduling-1] INFO  - 跳过数量: 0
2026-01-20 16:49:59.981 [scheduling-1] INFO  - 错误数量: 0
2026-01-20 16:49:59.981 [scheduling-1] INFO  - 执行耗时: 26 毫秒
2026-01-20 16:49:59.981 [scheduling-1] INFO  - =====================================
2026-01-20 16:55:00.007 [scheduling-1] INFO  - ========== 开始执行定时任务：检查未到店订单 ==========
2026-01-20 16:55:00.038 [scheduling-1] INFO  - 找到 0 条待核销的订单
2026-01-20 16:55:00.038 [scheduling-1] INFO  - ========== 定时任务完成 ==========
2026-01-20 16:55:00.038 [scheduling-1] INFO  - 总订单数: 0
2026-01-20 16:55:00.038 [scheduling-1] INFO  - 更新数量: 0
2026-01-20 16:55:00.038 [scheduling-1] INFO  - 跳过数量: 0
2026-01-20 16:55:00.038 [scheduling-1] INFO  - 错误数量: 0
2026-01-20 16:55:00.038 [scheduling-1] INFO  - 执行耗时: 29 毫秒
2026-01-20 16:55:00.038 [scheduling-1] INFO  - =====================================
2026-01-20 17:00:00.010 [scheduling-1] INFO  - ========== 开始执行定时任务：检查未到店订单 ==========
2026-01-20 17:00:00.035 [scheduling-1] INFO  - 找到 0 条待核销的订单
2026-01-20 17:00:00.036 [scheduling-1] INFO  - ========== 定时任务完成 ==========
2026-01-20 17:00:00.036 [scheduling-1] INFO  - 总订单数: 0
2026-01-20 17:00:00.036 [scheduling-1] INFO  - 更新数量: 0
2026-01-20 17:00:00.036 [scheduling-1] INFO  - 跳过数量: 0
2026-01-20 17:00:00.036 [scheduling-1] INFO  - 错误数量: 0
2026-01-20 17:00:00.036 [scheduling-1] INFO  - 执行耗时: 23 毫秒
2026-01-20 17:00:00.036 [scheduling-1] INFO  - =====================================
2026-01-20 17:05:00.013 [scheduling-1] INFO  - ========== 开始执行定时任务：检查未到店订单 ==========
2026-01-20 17:05:00.038 [scheduling-1] INFO  - 找到 0 条待核销的订单
2026-01-20 17:05:00.038 [scheduling-1] INFO  - ========== 定时任务完成 ==========
2026-01-20 17:05:00.038 [scheduling-1] INFO  - 总订单数: 0
2026-01-20 17:05:00.039 [scheduling-1] INFO  - 更新数量: 0
2026-01-20 17:05:00.039 [scheduling-1] INFO  - 跳过数量: 0
2026-01-20 17:05:00.039 [scheduling-1] INFO  - 错误数量: 0
2026-01-20 17:05:00.039 [scheduling-1] INFO  - 执行耗时: 18 毫秒
2026-01-20 17:05:00.039 [scheduling-1] INFO  - =====================================
2026-01-20 17:10:00.010 [scheduling-1] INFO  - ========== 开始执行定时任务：检查未到店订单 ==========
2026-01-20 17:10:00.027 [scheduling-1] INFO  - 找到 0 条待核销的订单
2026-01-20 17:10:00.028 [scheduling-1] INFO  - ========== 定时任务完成 ==========
2026-01-20 17:10:00.028 [scheduling-1] INFO  - 总订单数: 0
2026-01-20 17:10:00.028 [scheduling-1] INFO  - 更新数量: 0
2026-01-20 17:10:00.028 [scheduling-1] INFO  - 跳过数量: 0
2026-01-20 17:10:00.028 [scheduling-1] INFO  - 错误数量: 0
2026-01-20 17:10:00.028 [scheduling-1] INFO  - 执行耗时: 15 毫秒
2026-01-20 17:10:00.028 [scheduling-1] INFO  - =====================================
2026-01-20 17:15:00.009 [scheduling-1] INFO  - ========== 开始执行定时任务：检查未到店订单 ==========
2026-01-20 17:15:00.041 [scheduling-1] INFO  - 找到 0 条待核销的订单
2026-01-20 17:15:00.041 [scheduling-1] INFO  - ========== 定时任务完成 ==========
2026-01-20 17:15:00.041 [scheduling-1] INFO  - 总订单数: 0
2026-01-20 17:15:00.041 [scheduling-1] INFO  - 更新数量: 0
2026-01-20 17:15:00.042 [scheduling-1] INFO  - 跳过数量: 0
2026-01-20 17:15:00.042 [scheduling-1] INFO  - 错误数量: 0
2026-01-20 17:15:00.042 [scheduling-1] INFO  - 执行耗时: 30 毫秒
2026-01-20 17:15:00.042 [scheduling-1] INFO  - =====================================
2026-01-20 17:20:00.048 [scheduling-1] INFO  - ========== 开始执行定时任务：检查未到店订单 ==========
2026-01-20 17:20:00.077 [scheduling-1] INFO  - 找到 0 条待核销的订单
2026-01-20 17:20:00.078 [scheduling-1] INFO  - ========== 定时任务完成 ==========
2026-01-20 17:20:00.078 [scheduling-1] INFO  - 总订单数: 0
2026-01-20 17:20:00.078 [scheduling-1] INFO  - 更新数量: 0
2026-01-20 17:20:00.078 [scheduling-1] INFO  - 跳过数量: 0
2026-01-20 17:20:00.078 [scheduling-1] INFO  - 错误数量: 0
2026-01-20 17:20:00.078 [scheduling-1] INFO  - 执行耗时: 28 毫秒
2026-01-20 17:20:00.078 [scheduling-1] INFO  - =====================================
2026-01-20 17:25:00.008 [scheduling-1] INFO  - ========== 开始执行定时任务：检查未到店订单 ==========
2026-01-20 17:25:00.024 [scheduling-1] INFO  - 找到 0 条待核销的订单
2026-01-20 17:25:00.024 [scheduling-1] INFO  - ========== 定时任务完成 ==========
2026-01-20 17:25:00.024 [scheduling-1] INFO  - 总订单数: 0
2026-01-20 17:25:00.024 [scheduling-1] INFO  - 更新数量: 0
2026-01-20 17:25:00.024 [scheduling-1] INFO  - 跳过数量: 0
2026-01-20 17:25:00.024 [scheduling-1] INFO  - 错误数量: 0
2026-01-20 17:25:00.024 [scheduling-1] INFO  - 执行耗时: 13 毫秒
2026-01-20 17:25:00.024 [scheduling-1] INFO  - =====================================
2026-01-20 17:30:00.013 [scheduling-1] INFO  - ========== 开始执行定时任务：检查未到店订单 ==========
2026-01-20 17:30:00.031 [scheduling-1] INFO  - 找到 0 条待核销的订单
2026-01-20 17:30:00.032 [scheduling-1] INFO  - ========== 定时任务完成 ==========
2026-01-20 17:30:00.032 [scheduling-1] INFO  - 总订单数: 0
2026-01-20 17:30:00.032 [scheduling-1] INFO  - 更新数量: 0
2026-01-20 17:30:00.032 [scheduling-1] INFO  - 跳过数量: 0
2026-01-20 17:30:00.032 [scheduling-1] INFO  - 错误数量: 0
2026-01-20 17:30:00.032 [scheduling-1] INFO  - 执行耗时: 17 毫秒
2026-01-20 17:30:00.032 [scheduling-1] INFO  - =====================================
2026-01-20 17:35:00.041 [scheduling-1] INFO  - ========== 开始执行定时任务：检查未到店订单 ==========
2026-01-20 17:35:00.058 [scheduling-1] INFO  - 找到 0 条待核销的订单
2026-01-20 17:35:00.058 [scheduling-1] INFO  - ========== 定时任务完成 ==========
2026-01-20 17:35:00.058 [scheduling-1] INFO  - 总订单数: 0
2026-01-20 17:35:00.058 [scheduling-1] INFO  - 更新数量: 0
2026-01-20 17:35:00.058 [scheduling-1] INFO  - 跳过数量: 0
2026-01-20 17:35:00.058 [scheduling-1] INFO  - 错误数量: 0
2026-01-20 17:35:00.058 [scheduling-1] INFO  - 执行耗时: 15 毫秒
2026-01-20 17:35:00.058 [scheduling-1] INFO  - =====================================
2026-01-20 17:40:00.009 [scheduling-1] INFO  - ========== 开始执行定时任务：检查未到店订单 ==========
2026-01-20 17:40:00.025 [scheduling-1] INFO  - 找到 0 条待核销的订单
2026-01-20 17:40:00.026 [scheduling-1] INFO  - ========== 定时任务完成 ==========
2026-01-20 17:40:00.026 [scheduling-1] INFO  - 总订单数: 0
2026-01-20 17:40:00.026 [scheduling-1] INFO  - 更新数量: 0
2026-01-20 17:40:00.026 [scheduling-1] INFO  - 跳过数量: 0
2026-01-20 17:40:00.026 [scheduling-1] INFO  - 错误数量: 0
2026-01-20 17:40:00.026 [scheduling-1] INFO  - 执行耗时: 14 毫秒
2026-01-20 17:40:00.026 [scheduling-1] INFO  - =====================================
2026-01-20 17:45:00.008 [scheduling-1] INFO  - ========== 开始执行定时任务：检查未到店订单 ==========
2026-01-20 17:45:00.049 [scheduling-1] INFO  - 找到 0 条待核销的订单
2026-01-20 17:45:00.049 [scheduling-1] INFO  - ========== 定时任务完成 ==========
2026-01-20 17:45:00.049 [scheduling-1] INFO  - 总订单数: 0
2026-01-20 17:45:00.049 [scheduling-1] INFO  - 更新数量: 0
2026-01-20 17:45:00.049 [scheduling-1] INFO  - 跳过数量: 0
2026-01-20 17:45:00.049 [scheduling-1] INFO  - 错误数量: 0
2026-01-20 17:45:00.049 [scheduling-1] INFO  - 执行耗时: 36 毫秒
2026-01-20 17:45:00.049 [scheduling-1] INFO  - =====================================
2026-01-20 17:50:00.002 [scheduling-1] INFO  - ========== 开始执行定时任务：检查未到店订单 ==========
2026-01-20 17:50:00.058 [scheduling-1] INFO  - 找到 0 条待核销的订单
2026-01-20 17:50:00.059 [scheduling-1] INFO  - ========== 定时任务完成 ==========
2026-01-20 17:50:00.059 [scheduling-1] INFO  - 总订单数: 0
2026-01-20 17:50:00.059 [scheduling-1] INFO  - 更新数量: 0
2026-01-20 17:50:00.059 [scheduling-1] INFO  - 跳过数量: 0
2026-01-20 17:50:00.059 [scheduling-1] INFO  - 错误数量: 0
2026-01-20 17:50:00.059 [scheduling-1] INFO  - 执行耗时: 54 毫秒
2026-01-20 17:50:00.059 [scheduling-1] INFO  - =====================================
2026-01-20 17:55:00.017 [scheduling-1] INFO  - ========== 开始执行定时任务：检查未到店订单 ==========
2026-01-20 17:55:00.087 [scheduling-1] INFO  - 找到 0 条待核销的订单
2026-01-20 17:55:00.087 [scheduling-1] INFO  - ========== 定时任务完成 ==========
2026-01-20 17:55:00.088 [scheduling-1] INFO  - 总订单数: 0
2026-01-20 17:55:00.088 [scheduling-1] INFO  - 更新数量: 0
2026-01-20 17:55:00.088 [scheduling-1] INFO  - 跳过数量: 0
2026-01-20 17:55:00.088 [scheduling-1] INFO  - 错误数量: 0
2026-01-20 17:55:00.088 [scheduling-1] INFO  - 执行耗时: 63 毫秒
2026-01-20 17:55:00.088 [scheduling-1] INFO  - =====================================
2026-01-20 18:00:00.005 [scheduling-1] INFO  - ========== 开始执行定时任务：检查未到店订单 ==========
2026-01-20 18:00:00.023 [scheduling-1] INFO  - 找到 0 条待核销的订单
2026-01-20 18:00:00.023 [scheduling-1] INFO  - ========== 定时任务完成 ==========
2026-01-20 18:00:00.023 [scheduling-1] INFO  - 总订单数: 0
2026-01-20 18:00:00.023 [scheduling-1] INFO  - 更新数量: 0
2026-01-20 18:00:00.023 [scheduling-1] INFO  - 跳过数量: 0
2026-01-20 18:00:00.023 [scheduling-1] INFO  - 错误数量: 0
2026-01-20 18:00:00.024 [scheduling-1] INFO  - 执行耗时: 17 毫秒
2026-01-20 18:00:00.024 [scheduling-1] INFO  - =====================================
2026-01-20 18:05:00.035 [scheduling-1] INFO  - ========== 开始执行定时任务：检查未到店订单 ==========
2026-01-20 18:05:00.064 [scheduling-1] INFO  - 找到 0 条待核销的订单
2026-01-20 18:05:00.064 [scheduling-1] INFO  - ========== 定时任务完成 ==========
2026-01-20 18:05:00.064 [scheduling-1] INFO  - 总订单数: 0
2026-01-20 18:05:00.064 [scheduling-1] INFO  - 更新数量: 0
2026-01-20 18:05:00.064 [scheduling-1] INFO  - 跳过数量: 0
2026-01-20 18:05:00.064 [scheduling-1] INFO  - 错误数量: 0
2026-01-20 18:05:00.064 [scheduling-1] INFO  - 执行耗时: 27 毫秒
2026-01-20 18:05:00.065 [scheduling-1] INFO  - =====================================
2026-01-20 18:10:00.010 [scheduling-1] INFO  - ========== 开始执行定时任务：检查未到店订单 ==========
2026-01-20 18:10:00.040 [scheduling-1] INFO  - 找到 0 条待核销的订单
2026-01-20 18:10:00.040 [scheduling-1] INFO  - ========== 定时任务完成 ==========
2026-01-20 18:10:00.040 [scheduling-1] INFO  - 总订单数: 0
2026-01-20 18:10:00.040 [scheduling-1] INFO  - 更新数量: 0
2026-01-20 18:10:00.040 [scheduling-1] INFO  - 跳过数量: 0
2026-01-20 18:10:00.040 [scheduling-1] INFO  - 错误数量: 0
2026-01-20 18:10:00.040 [scheduling-1] INFO  - 执行耗时: 28 毫秒
2026-01-20 18:10:00.040 [scheduling-1] INFO  - =====================================
2026-01-20 18:15:00.015 [scheduling-1] INFO  - ========== 开始执行定时任务：检查未到店订单 ==========
2026-01-20 18:15:00.039 [scheduling-1] INFO  - 找到 0 条待核销的订单
2026-01-20 18:15:00.039 [scheduling-1] INFO  - ========== 定时任务完成 ==========
2026-01-20 18:15:00.039 [scheduling-1] INFO  - 总订单数: 0
2026-01-20 18:15:00.039 [scheduling-1] INFO  - 更新数量: 0
2026-01-20 18:15:00.039 [scheduling-1] INFO  - 跳过数量: 0
2026-01-20 18:15:00.039 [scheduling-1] INFO  - 错误数量: 0
2026-01-20 18:15:00.039 [scheduling-1] INFO  - 执行耗时: 22 毫秒
2026-01-20 18:15:00.039 [scheduling-1] INFO  - =====================================
2026-01-20 18:20:00.025 [scheduling-1] INFO  - ========== 开始执行定时任务：检查未到店订单 ==========
2026-01-20 18:20:00.109 [scheduling-1] INFO  - 找到 0 条待核销的订单
2026-01-20 18:20:00.109 [scheduling-1] INFO  - ========== 定时任务完成 ==========
2026-01-20 18:20:00.109 [scheduling-1] INFO  - 总订单数: 0
2026-01-20 18:20:00.109 [scheduling-1] INFO  - 更新数量: 0
2026-01-20 18:20:00.109 [scheduling-1] INFO  - 跳过数量: 0
2026-01-20 18:20:00.109 [scheduling-1] INFO  - 错误数量: 0
2026-01-20 18:20:00.109 [scheduling-1] INFO  - 执行耗时: 79 毫秒
2026-01-20 18:20:00.109 [scheduling-1] INFO  - =====================================
2026-01-20 18:25:00.016 [scheduling-1] INFO  - ========== 开始执行定时任务：检查未到店订单 ==========
2026-01-20 18:25:00.054 [scheduling-1] INFO  - 找到 0 条待核销的订单
2026-01-20 18:25:00.054 [scheduling-1] INFO  - ========== 定时任务完成 ==========
2026-01-20 18:25:00.054 [scheduling-1] INFO  - 总订单数: 0
2026-01-20 18:25:00.054 [scheduling-1] INFO  - 更新数量: 0
2026-01-20 18:25:00.054 [scheduling-1] INFO  - 跳过数量: 0
2026-01-20 18:25:00.054 [scheduling-1] INFO  - 错误数量: 0
2026-01-20 18:25:00.054 [scheduling-1] INFO  - 执行耗时: 33 毫秒
2026-01-20 18:25:00.055 [scheduling-1] INFO  - =====================================
2026-01-20 18:30:00.010 [scheduling-1] INFO  - ========== 开始执行定时任务：检查未到店订单 ==========
2026-01-20 18:30:00.045 [scheduling-1] INFO  - 找到 0 条待核销的订单
2026-01-20 18:30:00.045 [scheduling-1] INFO  - ========== 定时任务完成 ==========
2026-01-20 18:30:00.045 [scheduling-1] INFO  - 总订单数: 0
2026-01-20 18:30:00.045 [scheduling-1] INFO  - 更新数量: 0
2026-01-20 18:30:00.045 [scheduling-1] INFO  - 跳过数量: 0
2026-01-20 18:30:00.045 [scheduling-1] INFO  - 错误数量: 0
2026-01-20 18:30:00.045 [scheduling-1] INFO  - 执行耗时: 33 毫秒
2026-01-20 18:30:00.045 [scheduling-1] INFO  - =====================================
2026-01-20 18:35:00.019 [scheduling-1] INFO  - ========== 开始执行定时任务：检查未到店订单 ==========
2026-01-20 18:35:00.148 [scheduling-1] INFO  - 找到 0 条待核销的订单
2026-01-20 18:35:00.148 [scheduling-1] INFO  - ========== 定时任务完成 ==========
2026-01-20 18:35:00.148 [scheduling-1] INFO  - 总订单数: 0
2026-01-20 18:35:00.149 [scheduling-1] INFO  - 更新数量: 0
2026-01-20 18:35:00.149 [scheduling-1] INFO  - 跳过数量: 0
2026-01-20 18:35:00.149 [scheduling-1] INFO  - 错误数量: 0
2026-01-20 18:35:00.149 [scheduling-1] INFO  - 执行耗时: 124 毫秒
2026-01-20 18:35:00.151 [scheduling-1] INFO  - =====================================
2026-01-20 18:40:00.021 [scheduling-1] INFO  - ========== 开始执行定时任务：检查未到店订单 ==========
2026-01-20 18:40:00.042 [scheduling-1] INFO  - 找到 0 条待核销的订单
2026-01-20 18:40:00.042 [scheduling-1] INFO  - ========== 定时任务完成 ==========
2026-01-20 18:40:00.042 [scheduling-1] INFO  - 总订单数: 0
2026-01-20 18:40:00.042 [scheduling-1] INFO  - 更新数量: 0
2026-01-20 18:40:00.042 [scheduling-1] INFO  - 跳过数量: 0
2026-01-20 18:40:00.042 [scheduling-1] INFO  - 错误数量: 0
2026-01-20 18:40:00.042 [scheduling-1] INFO  - 执行耗时: 19 毫秒
2026-01-20 18:40:00.042 [scheduling-1] INFO  - =====================================
2026-01-20 18:45:00.006 [scheduling-1] INFO  - ========== 开始执行定时任务：检查未到店订单 ==========
2026-01-20 18:45:00.043 [scheduling-1] INFO  - 找到 0 条待核销的订单
2026-01-20 18:45:00.043 [scheduling-1] INFO  - ========== 定时任务完成 ==========
2026-01-20 18:45:00.043 [scheduling-1] INFO  - 总订单数: 0
2026-01-20 18:45:00.043 [scheduling-1] INFO  - 更新数量: 0
2026-01-20 18:45:00.043 [scheduling-1] INFO  - 跳过数量: 0
2026-01-20 18:45:00.043 [scheduling-1] INFO  - 错误数量: 0
2026-01-20 18:45:00.043 [scheduling-1] INFO  - 执行耗时: 34 毫秒
2026-01-20 18:45:00.043 [scheduling-1] INFO  - =====================================
2026-01-20 18:50:00.017 [scheduling-1] INFO  - ========== 开始执行定时任务：检查未到店订单 ==========
2026-01-20 18:50:00.070 [scheduling-1] INFO  - 找到 0 条待核销的订单
2026-01-20 18:50:00.070 [scheduling-1] INFO  - ========== 定时任务完成 ==========
2026-01-20 18:50:00.070 [scheduling-1] INFO  - 总订单数: 0
2026-01-20 18:50:00.070 [scheduling-1] INFO  - 更新数量: 0
2026-01-20 18:50:00.071 [scheduling-1] INFO  - 跳过数量: 0
2026-01-20 18:50:00.071 [scheduling-1] INFO  - 错误数量: 0
2026-01-20 18:50:00.071 [scheduling-1] INFO  - 执行耗时: 50 毫秒
2026-01-20 18:50:00.071 [scheduling-1] INFO  - =====================================
2026-01-20 18:55:00.010 [scheduling-1] INFO  - ========== 开始执行定时任务：检查未到店订单 ==========
2026-01-20 18:55:00.062 [scheduling-1] INFO  - 找到 0 条待核销的订单
2026-01-20 18:55:00.062 [scheduling-1] INFO  - ========== 定时任务完成 ==========
2026-01-20 18:55:00.062 [scheduling-1] INFO  - 总订单数: 0
2026-01-20 18:55:00.062 [scheduling-1] INFO  - 更新数量: 0
2026-01-20 18:55:00.062 [scheduling-1] INFO  - 跳过数量: 0
2026-01-20 18:55:00.062 [scheduling-1] INFO  - 错误数量: 0
2026-01-20 18:55:00.062 [scheduling-1] INFO  - 执行耗时: 49 毫秒
2026-01-20 18:55:00.062 [scheduling-1] INFO  - =====================================
2026-01-20 19:00:00.011 [scheduling-1] INFO  - ========== 开始执行定时任务：检查未到店订单 ==========
2026-01-20 19:00:00.057 [scheduling-1] INFO  - 找到 0 条待核销的订单
2026-01-20 19:00:00.057 [scheduling-1] INFO  - ========== 定时任务完成 ==========
2026-01-20 19:00:00.057 [scheduling-1] INFO  - 总订单数: 0
2026-01-20 19:00:00.057 [scheduling-1] INFO  - 更新数量: 0
2026-01-20 19:00:00.057 [scheduling-1] INFO  - 跳过数量: 0
2026-01-20 19:00:00.057 [scheduling-1] INFO  - 错误数量: 0
2026-01-20 19:00:00.057 [scheduling-1] INFO  - 执行耗时: 43 毫秒
2026-01-20 19:00:00.057 [scheduling-1] INFO  - =====================================
2026-01-20 19:05:00.011 [scheduling-1] INFO  - ========== 开始执行定时任务：检查未到店订单 ==========
2026-01-20 19:05:00.036 [scheduling-1] INFO  - 找到 0 条待核销的订单
2026-01-20 19:05:00.037 [scheduling-1] INFO  - ========== 定时任务完成 ==========
2026-01-20 19:05:00.037 [scheduling-1] INFO  - 总订单数: 0
2026-01-20 19:05:00.037 [scheduling-1] INFO  - 更新数量: 0
2026-01-20 19:05:00.037 [scheduling-1] INFO  - 跳过数量: 0
2026-01-20 19:05:00.037 [scheduling-1] INFO  - 错误数量: 0
2026-01-20 19:05:00.037 [scheduling-1] INFO  - 执行耗时: 23 毫秒
2026-01-20 19:05:00.037 [scheduling-1] INFO  - =====================================
2026-01-20 19:10:00.012 [scheduling-1] INFO  - ========== 开始执行定时任务：检查未到店订单 ==========
2026-01-20 19:10:00.104 [scheduling-1] INFO  - 找到 0 条待核销的订单
2026-01-20 19:10:00.104 [scheduling-1] INFO  - ========== 定时任务完成 ==========
2026-01-20 19:10:00.104 [scheduling-1] INFO  - 总订单数: 0
2026-01-20 19:10:00.105 [scheduling-1] INFO  - 更新数量: 0
2026-01-20 19:10:00.105 [scheduling-1] INFO  - 跳过数量: 0
2026-01-20 19:10:00.105 [scheduling-1] INFO  - 错误数量: 0
2026-01-20 19:10:00.105 [scheduling-1] INFO  - 执行耗时: 86 毫秒
2026-01-20 19:10:00.105 [scheduling-1] INFO  - =====================================
2026-01-20 19:15:00.012 [scheduling-1] INFO  - ========== 开始执行定时任务：检查未到店订单 ==========
2026-01-20 19:15:00.026 [scheduling-1] INFO  - 找到 0 条待核销的订单
2026-01-20 19:15:00.027 [scheduling-1] INFO  - ========== 定时任务完成 ==========
2026-01-20 19:15:00.027 [scheduling-1] INFO  - 总订单数: 0
2026-01-20 19:15:00.027 [scheduling-1] INFO  - 更新数量: 0
2026-01-20 19:15:00.027 [scheduling-1] INFO  - 跳过数量: 0
2026-01-20 19:15:00.027 [scheduling-1] INFO  - 错误数量: 0
2026-01-20 19:15:00.027 [scheduling-1] INFO  - 执行耗时: 14 毫秒
2026-01-20 19:15:00.027 [scheduling-1] INFO  - =====================================
2026-01-20 19:20:00.014 [scheduling-1] INFO  - ========== 开始执行定时任务：检查未到店订单 ==========
2026-01-20 19:20:00.039 [scheduling-1] INFO  - 找到 0 条待核销的订单
2026-01-20 19:20:00.040 [scheduling-1] INFO  - ========== 定时任务完成 ==========
2026-01-20 19:20:00.040 [scheduling-1] INFO  - 总订单数: 0
2026-01-20 19:20:00.040 [scheduling-1] INFO  - 更新数量: 0
2026-01-20 19:20:00.040 [scheduling-1] INFO  - 跳过数量: 0
2026-01-20 19:20:00.040 [scheduling-1] INFO  - 错误数量: 0
2026-01-20 19:20:00.040 [scheduling-1] INFO  - 执行耗时: 19 毫秒
2026-01-20 19:20:00.040 [scheduling-1] INFO  - =====================================
2026-01-20 19:25:00.027 [scheduling-1] INFO  - ========== 开始执行定时任务：检查未到店订单 ==========
2026-01-20 19:25:00.098 [scheduling-1] INFO  - 找到 0 条待核销的订单
2026-01-20 19:25:00.098 [scheduling-1] INFO  - ========== 定时任务完成 ==========
2026-01-20 19:25:00.098 [scheduling-1] INFO  - 总订单数: 0
2026-01-20 19:25:00.098 [scheduling-1] INFO  - 更新数量: 0
2026-01-20 19:25:00.098 [scheduling-1] INFO  - 跳过数量: 0
2026-01-20 19:25:00.098 [scheduling-1] INFO  - 错误数量: 0
2026-01-20 19:25:00.098 [scheduling-1] INFO  - 执行耗时: 69 毫秒
2026-01-20 19:25:00.098 [scheduling-1] INFO  - =====================================
2026-01-20 19:30:00.024 [scheduling-1] INFO  - ========== 开始执行定时任务：检查未到店订单 ==========
2026-01-20 19:30:00.084 [scheduling-1] INFO  - 找到 0 条待核销的订单
2026-01-20 19:30:00.084 [scheduling-1] INFO  - ========== 定时任务完成 ==========
2026-01-20 19:30:00.084 [scheduling-1] INFO  - 总订单数: 0
2026-01-20 19:30:00.084 [scheduling-1] INFO  - 更新数量: 0
2026-01-20 19:30:00.084 [scheduling-1] INFO  - 跳过数量: 0
2026-01-20 19:30:00.085 [scheduling-1] INFO  - 错误数量: 0
2026-01-20 19:30:00.085 [scheduling-1] INFO  - 执行耗时: 56 毫秒
2026-01-20 19:30:00.085 [scheduling-1] INFO  - =====================================
2026-01-20 19:35:00.015 [scheduling-1] INFO  - ========== 开始执行定时任务：检查未到店订单 ==========
2026-01-20 19:35:00.088 [scheduling-1] INFO  - 找到 0 条待核销的订单
2026-01-20 19:35:00.088 [scheduling-1] INFO  - ========== 定时任务完成 ==========
2026-01-20 19:35:00.088 [scheduling-1] INFO  - 总订单数: 0
2026-01-20 19:35:00.088 [scheduling-1] INFO  - 更新数量: 0
2026-01-20 19:35:00.088 [scheduling-1] INFO  - 跳过数量: 0
2026-01-20 19:35:00.088 [scheduling-1] INFO  - 错误数量: 0
2026-01-20 19:35:00.088 [scheduling-1] INFO  - 执行耗时: 67 毫秒
2026-01-20 19:35:00.088 [scheduling-1] INFO  - =====================================
2026-01-20 19:39:59.992 [scheduling-1] INFO  - ========== 开始执行定时任务：检查未到店订单 ==========
2026-01-20 19:40:00.033 [scheduling-1] INFO  - 找到 0 条待核销的订单
2026-01-20 19:40:00.033 [scheduling-1] INFO  - ========== 定时任务完成 ==========
2026-01-20 19:40:00.033 [scheduling-1] INFO  - 总订单数: 0
2026-01-20 19:40:00.033 [scheduling-1] INFO  - 更新数量: 0
2026-01-20 19:40:00.033 [scheduling-1] INFO  - 跳过数量: 0
2026-01-20 19:40:00.033 [scheduling-1] INFO  - 错误数量: 0
2026-01-20 19:40:00.033 [scheduling-1] INFO  - 执行耗时: 39 毫秒
2026-01-20 19:40:00.033 [scheduling-1] INFO  - =====================================
2026-01-20 19:44:59.993 [scheduling-1] INFO  - ========== 开始执行定时任务：检查未到店订单 ==========
2026-01-20 19:45:00.034 [scheduling-1] INFO  - 找到 0 条待核销的订单
2026-01-20 19:45:00.034 [scheduling-1] INFO  - ========== 定时任务完成 ==========
2026-01-20 19:45:00.034 [scheduling-1] INFO  - 总订单数: 0
2026-01-20 19:45:00.034 [scheduling-1] INFO  - 更新数量: 0
2026-01-20 19:45:00.034 [scheduling-1] INFO  - 跳过数量: 0
2026-01-20 19:45:00.034 [scheduling-1] INFO  - 错误数量: 0
2026-01-20 19:45:00.034 [scheduling-1] INFO  - 执行耗时: 39 毫秒
2026-01-20 19:45:00.034 [scheduling-1] INFO  - =====================================
2026-01-20 19:50:00.009 [scheduling-1] INFO  - ========== 开始执行定时任务：检查未到店订单 ==========
2026-01-20 19:50:00.049 [scheduling-1] INFO  - 找到 0 条待核销的订单
2026-01-20 19:50:00.049 [scheduling-1] INFO  - ========== 定时任务完成 ==========
2026-01-20 19:50:00.050 [scheduling-1] INFO  - 总订单数: 0
2026-01-20 19:50:00.050 [scheduling-1] INFO  - 更新数量: 0
2026-01-20 19:50:00.050 [scheduling-1] INFO  - 跳过数量: 0
2026-01-20 19:50:00.050 [scheduling-1] INFO  - 错误数量: 0
2026-01-20 19:50:00.050 [scheduling-1] INFO  - 执行耗时: 37 毫秒
2026-01-20 19:50:00.050 [scheduling-1] INFO  - =====================================
2026-01-20 19:55:00.023 [scheduling-1] INFO  - ========== 开始执行定时任务：检查未到店订单 ==========
2026-01-20 19:55:00.073 [scheduling-1] INFO  - 找到 0 条待核销的订单
2026-01-20 19:55:00.073 [scheduling-1] INFO  - ========== 定时任务完成 ==========
2026-01-20 19:55:00.073 [scheduling-1] INFO  - 总订单数: 0
2026-01-20 19:55:00.073 [scheduling-1] INFO  - 更新数量: 0
2026-01-20 19:55:00.073 [scheduling-1] INFO  - 跳过数量: 0
2026-01-20 19:55:00.073 [scheduling-1] INFO  - 错误数量: 0
2026-01-20 19:55:00.073 [scheduling-1] INFO  - 执行耗时: 44 毫秒
2026-01-20 19:55:00.073 [scheduling-1] INFO  - =====================================
2026-01-20 20:00:00.015 [scheduling-1] INFO  - ========== 开始执行定时任务：检查未到店订单 ==========
2026-01-20 20:00:00.071 [scheduling-1] INFO  - 找到 0 条待核销的订单
2026-01-20 20:00:00.072 [scheduling-1] INFO  - ========== 定时任务完成 ==========
2026-01-20 20:00:00.072 [scheduling-1] INFO  - 总订单数: 0
2026-01-20 20:00:00.072 [scheduling-1] INFO  - 更新数量: 0
2026-01-20 20:00:00.072 [scheduling-1] INFO  - 跳过数量: 0
2026-01-20 20:00:00.072 [scheduling-1] INFO  - 错误数量: 0
2026-01-20 20:00:00.072 [scheduling-1] INFO  - 执行耗时: 55 毫秒
2026-01-20 20:00:00.072 [scheduling-1] INFO  - =====================================
2026-01-20 20:05:00.010 [scheduling-1] INFO  - ========== 开始执行定时任务：检查未到店订单 ==========
2026-01-20 20:05:00.029 [scheduling-1] INFO  - 找到 0 条待核销的订单
2026-01-20 20:05:00.029 [scheduling-1] INFO  - ========== 定时任务完成 ==========
2026-01-20 20:05:00.029 [scheduling-1] INFO  - 总订单数: 0
2026-01-20 20:05:00.029 [scheduling-1] INFO  - 更新数量: 0
2026-01-20 20:05:00.029 [scheduling-1] INFO  - 跳过数量: 0
2026-01-20 20:05:00.029 [scheduling-1] INFO  - 错误数量: 0
2026-01-20 20:05:00.029 [scheduling-1] INFO  - 执行耗时: 17 毫秒
2026-01-20 20:05:00.029 [scheduling-1] INFO  - =====================================
2026-01-20 20:10:00.009 [scheduling-1] INFO  - ========== 开始执行定时任务：检查未到店订单 ==========
2026-01-20 20:10:00.034 [scheduling-1] INFO  - 找到 0 条待核销的订单
2026-01-20 20:10:00.034 [scheduling-1] INFO  - ========== 定时任务完成 ==========
2026-01-20 20:10:00.034 [scheduling-1] INFO  - 总订单数: 0
2026-01-20 20:10:00.034 [scheduling-1] INFO  - 更新数量: 0
2026-01-20 20:10:00.034 [scheduling-1] INFO  - 跳过数量: 0
2026-01-20 20:10:00.034 [scheduling-1] INFO  - 错误数量: 0
2026-01-20 20:10:00.034 [scheduling-1] INFO  - 执行耗时: 19 毫秒
2026-01-20 20:10:00.034 [scheduling-1] INFO  - =====================================
2026-01-20 20:15:00.014 [scheduling-1] INFO  - ========== 开始执行定时任务：检查未到店订单 ==========
2026-01-20 20:15:00.050 [scheduling-1] INFO  - 找到 0 条待核销的订单
2026-01-20 20:15:00.050 [scheduling-1] INFO  - ========== 定时任务完成 ==========
2026-01-20 20:15:00.050 [scheduling-1] INFO  - 总订单数: 0
2026-01-20 20:15:00.050 [scheduling-1] INFO  - 更新数量: 0
2026-01-20 20:15:00.050 [scheduling-1] INFO  - 跳过数量: 0
2026-01-20 20:15:00.050 [scheduling-1] INFO  - 错误数量: 0
2026-01-20 20:15:00.050 [scheduling-1] INFO  - 执行耗时: 32 毫秒
2026-01-20 20:15:00.050 [scheduling-1] INFO  - =====================================
2026-01-20 20:20:00.018 [scheduling-1] INFO  - ========== 开始执行定时任务：检查未到店订单 ==========
2026-01-20 20:20:00.051 [scheduling-1] INFO  - 找到 0 条待核销的订单
2026-01-20 20:20:00.051 [scheduling-1] INFO  - ========== 定时任务完成 ==========
2026-01-20 20:20:00.052 [scheduling-1] INFO  - 总订单数: 0
2026-01-20 20:20:00.052 [scheduling-1] INFO  - 更新数量: 0
2026-01-20 20:20:00.052 [scheduling-1] INFO  - 跳过数量: 0
2026-01-20 20:20:00.052 [scheduling-1] INFO  - 错误数量: 0
2026-01-20 20:20:00.052 [scheduling-1] INFO  - 执行耗时: 29 毫秒
2026-01-20 20:20:00.052 [scheduling-1] INFO  - =====================================
2026-01-20 20:25:00.014 [scheduling-1] INFO  - ========== 开始执行定时任务：检查未到店订单 ==========
2026-01-20 20:25:00.032 [scheduling-1] INFO  - 找到 0 条待核销的订单
2026-01-20 20:25:00.033 [scheduling-1] INFO  - ========== 定时任务完成 ==========
2026-01-20 20:25:00.033 [scheduling-1] INFO  - 总订单数: 0
2026-01-20 20:25:00.033 [scheduling-1] INFO  - 更新数量: 0
2026-01-20 20:25:00.033 [scheduling-1] INFO  - 跳过数量: 0
2026-01-20 20:25:00.033 [scheduling-1] INFO  - 错误数量: 0
2026-01-20 20:25:00.033 [scheduling-1] INFO  - 执行耗时: 17 毫秒
2026-01-20 20:25:00.033 [scheduling-1] INFO  - =====================================
2026-01-20 20:30:00.009 [scheduling-1] INFO  - ========== 开始执行定时任务：检查未到店订单 ==========
2026-01-20 20:30:00.034 [scheduling-1] INFO  - 找到 0 条待核销的订单
2026-01-20 20:30:00.034 [scheduling-1] INFO  - ========== 定时任务完成 ==========
2026-01-20 20:30:00.034 [scheduling-1] INFO  - 总订单数: 0
2026-01-20 20:30:00.034 [scheduling-1] INFO  - 更新数量: 0
2026-01-20 20:30:00.034 [scheduling-1] INFO  - 跳过数量: 0
2026-01-20 20:30:00.034 [scheduling-1] INFO  - 错误数量: 0
2026-01-20 20:30:00.034 [scheduling-1] INFO  - 执行耗时: 22 毫秒
2026-01-20 20:30:00.034 [scheduling-1] INFO  - =====================================
2026-01-20 20:35:00.014 [scheduling-1] INFO  - ========== 开始执行定时任务：检查未到店订单 ==========
2026-01-20 20:35:00.038 [scheduling-1] INFO  - 找到 0 条待核销的订单
2026-01-20 20:35:00.038 [scheduling-1] INFO  - ========== 定时任务完成 ==========
2026-01-20 20:35:00.038 [scheduling-1] INFO  - 总订单数: 0
2026-01-20 20:35:00.039 [scheduling-1] INFO  - 更新数量: 0
2026-01-20 20:35:00.039 [scheduling-1] INFO  - 跳过数量: 0
2026-01-20 20:35:00.039 [scheduling-1] INFO  - 错误数量: 0
2026-01-20 20:35:00.039 [scheduling-1] INFO  - 执行耗时: 21 毫秒
2026-01-20 20:35:00.039 [scheduling-1] INFO  - =====================================
2026-01-20 20:40:00.011 [scheduling-1] INFO  - ========== 开始执行定时任务：检查未到店订单 ==========
2026-01-20 20:40:00.037 [scheduling-1] INFO  - 找到 0 条待核销的订单
2026-01-20 20:40:00.037 [scheduling-1] INFO  - ========== 定时任务完成 ==========
2026-01-20 20:40:00.037 [scheduling-1] INFO  - 总订单数: 0
2026-01-20 20:40:00.037 [scheduling-1] INFO  - 更新数量: 0
2026-01-20 20:40:00.037 [scheduling-1] INFO  - 跳过数量: 0
2026-01-20 20:40:00.037 [scheduling-1] INFO  - 错误数量: 0
2026-01-20 20:40:00.037 [scheduling-1] INFO  - 执行耗时: 24 毫秒
2026-01-20 20:40:00.038 [scheduling-1] INFO  - =====================================
2026-01-20 20:45:00.020 [scheduling-1] INFO  - ========== 开始执行定时任务：检查未到店订单 ==========
2026-01-20 20:45:00.042 [scheduling-1] INFO  - 找到 0 条待核销的订单
2026-01-20 20:45:00.042 [scheduling-1] INFO  - ========== 定时任务完成 ==========
2026-01-20 20:45:00.042 [scheduling-1] INFO  - 总订单数: 0
2026-01-20 20:45:00.042 [scheduling-1] INFO  - 更新数量: 0
2026-01-20 20:45:00.042 [scheduling-1] INFO  - 跳过数量: 0
2026-01-20 20:45:00.042 [scheduling-1] INFO  - 错误数量: 0
2026-01-20 20:45:00.042 [scheduling-1] INFO  - 执行耗时: 19 毫秒
2026-01-20 20:45:00.042 [scheduling-1] INFO  - =====================================
2026-01-20 20:50:00.012 [scheduling-1] INFO  - ========== 开始执行定时任务：检查未到店订单 ==========
2026-01-20 20:50:00.032 [scheduling-1] INFO  - 找到 0 条待核销的订单
2026-01-20 20:50:00.032 [scheduling-1] INFO  - ========== 定时任务完成 ==========
2026-01-20 20:50:00.032 [scheduling-1] INFO  - 总订单数: 0
2026-01-20 20:50:00.032 [scheduling-1] INFO  - 更新数量: 0
2026-01-20 20:50:00.032 [scheduling-1] INFO  - 跳过数量: 0
2026-01-20 20:50:00.032 [scheduling-1] INFO  - 错误数量: 0
2026-01-20 20:50:00.032 [scheduling-1] INFO  - 执行耗时: 19 毫秒
2026-01-20 20:50:00.032 [scheduling-1] INFO  - =====================================
2026-01-20 20:55:00.014 [scheduling-1] INFO  - ========== 开始执行定时任务：检查未到店订单 ==========
2026-01-20 20:55:00.036 [scheduling-1] INFO  - 找到 0 条待核销的订单
2026-01-20 20:55:00.036 [scheduling-1] INFO  - ========== 定时任务完成 ==========
2026-01-20 20:55:00.036 [scheduling-1] INFO  - 总订单数: 0
2026-01-20 20:55:00.036 [scheduling-1] INFO  - 更新数量: 0
2026-01-20 20:55:00.036 [scheduling-1] INFO  - 跳过数量: 0
2026-01-20 20:55:00.036 [scheduling-1] INFO  - 错误数量: 0
2026-01-20 20:55:00.036 [scheduling-1] INFO  - 执行耗时: 19 毫秒
2026-01-20 20:55:00.036 [scheduling-1] INFO  - =====================================
2026-01-20 21:00:00.008 [scheduling-1] INFO  - ========== 开始执行定时任务：检查未到店订单 ==========
2026-01-20 21:00:00.033 [scheduling-1] INFO  - 找到 0 条待核销的订单
2026-01-20 21:00:00.033 [scheduling-1] INFO  - ========== 定时任务完成 ==========
2026-01-20 21:00:00.033 [scheduling-1] INFO  - 总订单数: 0
2026-01-20 21:00:00.033 [scheduling-1] INFO  - 更新数量: 0
2026-01-20 21:00:00.033 [scheduling-1] INFO  - 跳过数量: 0
2026-01-20 21:00:00.033 [scheduling-1] INFO  - 错误数量: 0
2026-01-20 21:00:00.033 [scheduling-1] INFO  - 执行耗时: 20 毫秒
2026-01-20 21:00:00.033 [scheduling-1] INFO  - =====================================
2026-01-20 21:05:00.014 [scheduling-1] INFO  - ========== 开始执行定时任务：检查未到店订单 ==========
2026-01-20 21:05:00.037 [scheduling-1] INFO  - 找到 0 条待核销的订单
2026-01-20 21:05:00.037 [scheduling-1] INFO  - ========== 定时任务完成 ==========
2026-01-20 21:05:00.037 [scheduling-1] INFO  - 总订单数: 0
2026-01-20 21:05:00.037 [scheduling-1] INFO  - 更新数量: 0
2026-01-20 21:05:00.037 [scheduling-1] INFO  - 跳过数量: 0
2026-01-20 21:05:00.037 [scheduling-1] INFO  - 错误数量: 0
2026-01-20 21:05:00.037 [scheduling-1] INFO  - 执行耗时: 19 毫秒
2026-01-20 21:05:00.037 [scheduling-1] INFO  - =====================================
2026-01-20 21:10:00.012 [scheduling-1] INFO  - ========== 开始执行定时任务：检查未到店订单 ==========
2026-01-20 21:10:00.039 [scheduling-1] INFO  - 找到 0 条待核销的订单
2026-01-20 21:10:00.039 [scheduling-1] INFO  - ========== 定时任务完成 ==========
2026-01-20 21:10:00.039 [scheduling-1] INFO  - 总订单数: 0
2026-01-20 21:10:00.039 [scheduling-1] INFO  - 更新数量: 0
2026-01-20 21:10:00.039 [scheduling-1] INFO  - 跳过数量: 0
2026-01-20 21:10:00.039 [scheduling-1] INFO  - 错误数量: 0
2026-01-20 21:10:00.039 [scheduling-1] INFO  - 执行耗时: 24 毫秒
2026-01-20 21:10:00.040 [scheduling-1] INFO  - =====================================
2026-01-20 21:15:00.021 [scheduling-1] INFO  - ========== 开始执行定时任务：检查未到店订单 ==========
2026-01-20 21:15:00.057 [scheduling-1] INFO  - 找到 0 条待核销的订单
2026-01-20 21:15:00.057 [scheduling-1] INFO  - ========== 定时任务完成 ==========
2026-01-20 21:15:00.057 [scheduling-1] INFO  - 总订单数: 0
2026-01-20 21:15:00.057 [scheduling-1] INFO  - 更新数量: 0
2026-01-20 21:15:00.057 [scheduling-1] INFO  - 跳过数量: 0
2026-01-20 21:15:00.057 [scheduling-1] INFO  - 错误数量: 0
2026-01-20 21:15:00.057 [scheduling-1] INFO  - 执行耗时: 33 毫秒
2026-01-20 21:15:00.058 [scheduling-1] INFO  - =====================================
2026-01-20 21:20:00.025 [scheduling-1] INFO  - ========== 开始执行定时任务：检查未到店订单 ==========
2026-01-20 21:20:00.054 [scheduling-1] INFO  - 找到 0 条待核销的订单
2026-01-20 21:20:00.054 [scheduling-1] INFO  - ========== 定时任务完成 ==========
2026-01-20 21:20:00.054 [scheduling-1] INFO  - 总订单数: 0
2026-01-20 21:20:00.054 [scheduling-1] INFO  - 更新数量: 0
2026-01-20 21:20:00.054 [scheduling-1] INFO  - 跳过数量: 0
2026-01-20 21:20:00.054 [scheduling-1] INFO  - 错误数量: 0
2026-01-20 21:20:00.054 [scheduling-1] INFO  - 执行耗时: 27 毫秒
2026-01-20 21:20:00.054 [scheduling-1] INFO  - =====================================
2026-01-20 21:24:59.926 [scheduling-1] INFO  - ========== 开始执行定时任务：检查未到店订单 ==========
2026-01-20 21:24:59.946 [scheduling-1] INFO  - 找到 0 条待核销的订单
2026-01-20 21:24:59.946 [scheduling-1] INFO  - ========== 定时任务完成 ==========
2026-01-20 21:24:59.946 [scheduling-1] INFO  - 总订单数: 0
2026-01-20 21:24:59.946 [scheduling-1] INFO  - 更新数量: 0
2026-01-20 21:24:59.946 [scheduling-1] INFO  - 跳过数量: 0
2026-01-20 21:24:59.946 [scheduling-1] INFO  - 错误数量: 0
2026-01-20 21:24:59.947 [scheduling-1] INFO  - 执行耗时: 19 毫秒
2026-01-20 21:24:59.947 [scheduling-1] INFO  - =====================================
2026-01-20 21:30:00.010 [scheduling-1] INFO  - ========== 开始执行定时任务：检查未到店订单 ==========
2026-01-20 21:30:00.040 [scheduling-1] INFO  - 找到 0 条待核销的订单
2026-01-20 21:30:00.040 [scheduling-1] INFO  - ========== 定时任务完成 ==========
2026-01-20 21:30:00.040 [scheduling-1] INFO  - 总订单数: 0
2026-01-20 21:30:00.040 [scheduling-1] INFO  - 更新数量: 0
2026-01-20 21:30:00.040 [scheduling-1] INFO  - 跳过数量: 0
2026-01-20 21:30:00.040 [scheduling-1] INFO  - 错误数量: 0
2026-01-20 21:30:00.040 [scheduling-1] INFO  - 执行耗时: 22 毫秒
2026-01-20 21:30:00.040 [scheduling-1] INFO  - =====================================
2026-01-20 21:35:00.009 [scheduling-1] INFO  - ========== 开始执行定时任务：检查未到店订单 ==========
2026-01-20 21:35:00.029 [scheduling-1] INFO  - 找到 0 条待核销的订单
2026-01-20 21:35:00.030 [scheduling-1] INFO  - ========== 定时任务完成 ==========
2026-01-20 21:35:00.030 [scheduling-1] INFO  - 总订单数: 0
2026-01-20 21:35:00.030 [scheduling-1] INFO  - 更新数量: 0
2026-01-20 21:35:00.030 [scheduling-1] INFO  - 跳过数量: 0
2026-01-20 21:35:00.030 [scheduling-1] INFO  - 错误数量: 0
2026-01-20 21:35:00.030 [scheduling-1] INFO  - 执行耗时: 18 毫秒
2026-01-20 21:35:00.030 [scheduling-1] INFO  - =====================================
2026-01-20 21:40:00.003 [scheduling-1] INFO  - ========== 开始执行定时任务：检查未到店订单 ==========
2026-01-20 21:40:00.050 [scheduling-1] INFO  - 找到 0 条待核销的订单
2026-01-20 21:40:00.050 [scheduling-1] INFO  - ========== 定时任务完成 ==========
2026-01-20 21:40:00.050 [scheduling-1] INFO  - 总订单数: 0
2026-01-20 21:40:00.050 [scheduling-1] INFO  - 更新数量: 0
2026-01-20 21:40:00.050 [scheduling-1] INFO  - 跳过数量: 0
2026-01-20 21:40:00.050 [scheduling-1] INFO  - 错误数量: 0
2026-01-20 21:40:00.050 [scheduling-1] INFO  - 执行耗时: 42 毫秒
2026-01-20 21:40:00.050 [scheduling-1] INFO  - =====================================
2026-01-20 21:45:00.015 [scheduling-1] INFO  - ========== 开始执行定时任务：检查未到店订单 ==========
2026-01-20 21:45:00.042 [scheduling-1] INFO  - 找到 0 条待核销的订单
2026-01-20 21:45:00.042 [scheduling-1] INFO  - ========== 定时任务完成 ==========
2026-01-20 21:45:00.043 [scheduling-1] INFO  - 总订单数: 0
2026-01-20 21:45:00.043 [scheduling-1] INFO  - 更新数量: 0
2026-01-20 21:45:00.043 [scheduling-1] INFO  - 跳过数量: 0
2026-01-20 21:45:00.043 [scheduling-1] INFO  - 错误数量: 0
2026-01-20 21:45:00.043 [scheduling-1] INFO  - 执行耗时: 18 毫秒
2026-01-20 21:45:00.043 [scheduling-1] INFO  - =====================================
2026-01-20 21:50:00.009 [scheduling-1] INFO  - ========== 开始执行定时任务：检查未到店订单 ==========
2026-01-20 21:50:00.027 [scheduling-1] INFO  - 找到 0 条待核销的订单
2026-01-20 21:50:00.027 [scheduling-1] INFO  - ========== 定时任务完成 ==========
2026-01-20 21:50:00.028 [scheduling-1] INFO  - 总订单数: 0
2026-01-20 21:50:00.028 [scheduling-1] INFO  - 更新数量: 0
2026-01-20 21:50:00.028 [scheduling-1] INFO  - 跳过数量: 0
2026-01-20 21:50:00.028 [scheduling-1] INFO  - 错误数量: 0
2026-01-20 21:50:00.028 [scheduling-1] INFO  - 执行耗时: 11 毫秒
2026-01-20 21:50:00.028 [scheduling-1] INFO  - =====================================
2026-01-20 21:55:00.008 [scheduling-1] INFO  - ========== 开始执行定时任务：检查未到店订单 ==========
2026-01-20 21:55:00.042 [scheduling-1] INFO  - 找到 0 条待核销的订单
2026-01-20 21:55:00.042 [scheduling-1] INFO  - ========== 定时任务完成 ==========
2026-01-20 21:55:00.042 [scheduling-1] INFO  - 总订单数: 0
2026-01-20 21:55:00.042 [scheduling-1] INFO  - 更新数量: 0
2026-01-20 21:55:00.042 [scheduling-1] INFO  - 跳过数量: 0
2026-01-20 21:55:00.042 [scheduling-1] INFO  - 错误数量: 0
2026-01-20 21:55:00.042 [scheduling-1] INFO  - 执行耗时: 28 毫秒
2026-01-20 21:55:00.042 [scheduling-1] INFO  - =====================================
2026-01-20 22:00:00.010 [scheduling-1] INFO  - ========== 开始执行定时任务：检查未到店订单 ==========
2026-01-20 22:00:00.031 [scheduling-1] INFO  - 找到 0 条待核销的订单
2026-01-20 22:00:00.031 [scheduling-1] INFO  - ========== 定时任务完成 ==========
2026-01-20 22:00:00.031 [scheduling-1] INFO  - 总订单数: 0
2026-01-20 22:00:00.032 [scheduling-1] INFO  - 更新数量: 0
2026-01-20 22:00:00.032 [scheduling-1] INFO  - 跳过数量: 0
2026-01-20 22:00:00.032 [scheduling-1] INFO  - 错误数量: 0
2026-01-20 22:00:00.032 [scheduling-1] INFO  - 执行耗时: 18 毫秒
2026-01-20 22:00:00.032 [scheduling-1] INFO  - =====================================
2026-01-20 22:05:00.005 [scheduling-1] INFO  - ========== 开始执行定时任务：检查未到店订单 ==========
2026-01-20 22:05:00.039 [scheduling-1] INFO  - 找到 0 条待核销的订单
2026-01-20 22:05:00.039 [scheduling-1] INFO  - ========== 定时任务完成 ==========
2026-01-20 22:05:00.039 [scheduling-1] INFO  - 总订单数: 0
2026-01-20 22:05:00.039 [scheduling-1] INFO  - 更新数量: 0
2026-01-20 22:05:00.039 [scheduling-1] INFO  - 跳过数量: 0
2026-01-20 22:05:00.039 [scheduling-1] INFO  - 错误数量: 0
2026-01-20 22:05:00.039 [scheduling-1] INFO  - 执行耗时: 32 毫秒
2026-01-20 22:05:00.039 [scheduling-1] INFO  - =====================================
2026-01-20 22:10:00.045 [scheduling-1] INFO  - ========== 开始执行定时任务：检查未到店订单 ==========
2026-01-20 22:10:00.062 [scheduling-1] INFO  - 找到 0 条待核销的订单
2026-01-20 22:10:00.062 [scheduling-1] INFO  - ========== 定时任务完成 ==========
2026-01-20 22:10:00.062 [scheduling-1] INFO  - 总订单数: 0
2026-01-20 22:10:00.062 [scheduling-1] INFO  - 更新数量: 0
2026-01-20 22:10:00.062 [scheduling-1] INFO  - 跳过数量: 0
2026-01-20 22:10:00.062 [scheduling-1] INFO  - 错误数量: 0
2026-01-20 22:10:00.063 [scheduling-1] INFO  - 执行耗时: 15 毫秒
2026-01-20 22:10:00.063 [scheduling-1] INFO  - =====================================
2026-01-20 22:15:00.003 [scheduling-1] INFO  - ========== 开始执行定时任务：检查未到店订单 ==========
2026-01-20 22:15:00.023 [scheduling-1] INFO  - 找到 0 条待核销的订单
2026-01-20 22:15:00.023 [scheduling-1] INFO  - ========== 定时任务完成 ==========
2026-01-20 22:15:00.023 [scheduling-1] INFO  - 总订单数: 0
2026-01-20 22:15:00.023 [scheduling-1] INFO  - 更新数量: 0
2026-01-20 22:15:00.023 [scheduling-1] INFO  - 跳过数量: 0
2026-01-20 22:15:00.023 [scheduling-1] INFO  - 错误数量: 0
2026-01-20 22:15:00.023 [scheduling-1] INFO  - 执行耗时: 17 毫秒
2026-01-20 22:15:00.024 [scheduling-1] INFO  - =====================================
2026-01-20 22:20:00.011 [scheduling-1] INFO  - ========== 开始执行定时任务：检查未到店订单 ==========
2026-01-20 22:20:00.028 [scheduling-1] INFO  - 找到 0 条待核销的订单
2026-01-20 22:20:00.028 [scheduling-1] INFO  - ========== 定时任务完成 ==========
2026-01-20 22:20:00.028 [scheduling-1] INFO  - 总订单数: 0
2026-01-20 22:20:00.028 [scheduling-1] INFO  - 更新数量: 0
2026-01-20 22:20:00.029 [scheduling-1] INFO  - 跳过数量: 0
2026-01-20 22:20:00.029 [scheduling-1] INFO  - 错误数量: 0
2026-01-20 22:20:00.029 [scheduling-1] INFO  - 执行耗时: 15 毫秒
2026-01-20 22:20:00.029 [scheduling-1] INFO  - =====================================
2026-01-20 22:25:00.060 [scheduling-1] INFO  - ========== 开始执行定时任务：检查未到店订单 ==========
2026-01-20 22:25:00.079 [scheduling-1] INFO  - 找到 0 条待核销的订单
2026-01-20 22:25:00.079 [scheduling-1] INFO  - ========== 定时任务完成 ==========
2026-01-20 22:25:00.079 [scheduling-1] INFO  - 总订单数: 0
2026-01-20 22:25:00.079 [scheduling-1] INFO  - 更新数量: 0
2026-01-20 22:25:00.079 [scheduling-1] INFO  - 跳过数量: 0
2026-01-20 22:25:00.079 [scheduling-1] INFO  - 错误数量: 0
2026-01-20 22:25:00.079 [scheduling-1] INFO  - 执行耗时: 17 毫秒
2026-01-20 22:25:00.079 [scheduling-1] INFO  - =====================================
2026-01-20 22:30:00.016 [scheduling-1] INFO  - ========== 开始执行定时任务：检查未到店订单 ==========
2026-01-20 22:30:00.058 [scheduling-1] INFO  - 找到 0 条待核销的订单
2026-01-20 22:30:00.058 [scheduling-1] INFO  - ========== 定时任务完成 ==========
2026-01-20 22:30:00.058 [scheduling-1] INFO  - 总订单数: 0
2026-01-20 22:30:00.058 [scheduling-1] INFO  - 更新数量: 0
2026-01-20 22:30:00.058 [scheduling-1] INFO  - 跳过数量: 0
2026-01-20 22:30:00.058 [scheduling-1] INFO  - 错误数量: 0
2026-01-20 22:30:00.059 [scheduling-1] INFO  - 执行耗时: 40 毫秒
2026-01-20 22:30:00.059 [scheduling-1] INFO  - =====================================
2026-01-20 22:35:00.010 [scheduling-1] INFO  - ========== 开始执行定时任务：检查未到店订单 ==========
2026-01-20 22:35:00.028 [scheduling-1] INFO  - 找到 0 条待核销的订单
2026-01-20 22:35:00.028 [scheduling-1] INFO  - ========== 定时任务完成 ==========
2026-01-20 22:35:00.028 [scheduling-1] INFO  - 总订单数: 0
2026-01-20 22:35:00.028 [scheduling-1] INFO  - 更新数量: 0
2026-01-20 22:35:00.028 [scheduling-1] INFO  - 跳过数量: 0
2026-01-20 22:35:00.028 [scheduling-1] INFO  - 错误数量: 0
2026-01-20 22:35:00.028 [scheduling-1] INFO  - 执行耗时: 15 毫秒
2026-01-20 22:35:00.028 [scheduling-1] INFO  - =====================================
2026-01-20 22:40:00.005 [scheduling-1] INFO  - ========== 开始执行定时任务：检查未到店订单 ==========
2026-01-20 22:40:00.024 [scheduling-1] INFO  - 找到 0 条待核销的订单
2026-01-20 22:40:00.024 [scheduling-1] INFO  - ========== 定时任务完成 ==========
2026-01-20 22:40:00.024 [scheduling-1] INFO  - 总订单数: 0
2026-01-20 22:40:00.024 [scheduling-1] INFO  - 更新数量: 0
2026-01-20 22:40:00.024 [scheduling-1] INFO  - 跳过数量: 0
2026-01-20 22:40:00.024 [scheduling-1] INFO  - 错误数量: 0
2026-01-20 22:40:00.024 [scheduling-1] INFO  - 执行耗时: 16 毫秒
2026-01-20 22:40:00.024 [scheduling-1] INFO  - =====================================
2026-01-20 22:45:00.016 [scheduling-1] INFO  - ========== 开始执行定时任务：检查未到店订单 ==========
2026-01-20 22:45:00.039 [scheduling-1] INFO  - 找到 0 条待核销的订单
2026-01-20 22:45:00.039 [scheduling-1] INFO  - ========== 定时任务完成 ==========
2026-01-20 22:45:00.039 [scheduling-1] INFO  - 总订单数: 0
2026-01-20 22:45:00.040 [scheduling-1] INFO  - 更新数量: 0
2026-01-20 22:45:00.040 [scheduling-1] INFO  - 跳过数量: 0
2026-01-20 22:45:00.040 [scheduling-1] INFO  - 错误数量: 0
2026-01-20 22:45:00.040 [scheduling-1] INFO  - 执行耗时: 21 毫秒
2026-01-20 22:45:00.040 [scheduling-1] INFO  - =====================================
2026-01-20 22:50:00.013 [scheduling-1] INFO  - ========== 开始执行定时任务：检查未到店订单 ==========
2026-01-20 22:50:00.029 [scheduling-1] INFO  - 找到 0 条待核销的订单
2026-01-20 22:50:00.029 [scheduling-1] INFO  - ========== 定时任务完成 ==========
2026-01-20 22:50:00.029 [scheduling-1] INFO  - 总订单数: 0
2026-01-20 22:50:00.029 [scheduling-1] INFO  - 更新数量: 0
2026-01-20 22:50:00.029 [scheduling-1] INFO  - 跳过数量: 0
2026-01-20 22:50:00.029 [scheduling-1] INFO  - 错误数量: 0
2026-01-20 22:50:00.029 [scheduling-1] INFO  - 执行耗时: 14 毫秒
2026-01-20 22:50:00.029 [scheduling-1] INFO  - =====================================
2026-01-20 22:55:00.013 [scheduling-1] INFO  - ========== 开始执行定时任务：检查未到店订单 ==========
2026-01-20 22:55:00.048 [scheduling-1] INFO  - 找到 0 条待核销的订单
2026-01-20 22:55:00.049 [scheduling-1] INFO  - ========== 定时任务完成 ==========
2026-01-20 22:55:00.049 [scheduling-1] INFO  - 总订单数: 0
2026-01-20 22:55:00.049 [scheduling-1] INFO  - 更新数量: 0
2026-01-20 22:55:00.049 [scheduling-1] INFO  - 跳过数量: 0
2026-01-20 22:55:00.049 [scheduling-1] INFO  - 错误数量: 0
2026-01-20 22:55:00.049 [scheduling-1] INFO  - 执行耗时: 33 毫秒
2026-01-20 22:55:00.049 [scheduling-1] INFO  - =====================================
2026-01-20 22:59:59.964 [scheduling-1] INFO  - ========== 开始执行定时任务：检查未到店订单 ==========
2026-01-20 22:59:59.978 [scheduling-1] INFO  - 找到 0 条待核销的订单
2026-01-20 22:59:59.978 [scheduling-1] INFO  - ========== 定时任务完成 ==========
2026-01-20 22:59:59.978 [scheduling-1] INFO  - 总订单数: 0
2026-01-20 22:59:59.978 [scheduling-1] INFO  - 更新数量: 0
2026-01-20 22:59:59.978 [scheduling-1] INFO  - 跳过数量: 0
2026-01-20 22:59:59.979 [scheduling-1] INFO  - 错误数量: 0
2026-01-20 22:59:59.979 [scheduling-1] INFO  - 执行耗时: 12 毫秒
2026-01-20 22:59:59.979 [scheduling-1] INFO  - =====================================
2026-01-20 23:05:00.012 [scheduling-1] INFO  - ========== 开始执行定时任务：检查未到店订单 ==========
2026-01-20 23:05:00.032 [scheduling-1] INFO  - 找到 0 条待核销的订单
2026-01-20 23:05:00.032 [scheduling-1] INFO  - ========== 定时任务完成 ==========
2026-01-20 23:05:00.032 [scheduling-1] INFO  - 总订单数: 0
2026-01-20 23:05:00.034 [scheduling-1] INFO  - 更新数量: 0
2026-01-20 23:05:00.035 [scheduling-1] INFO  - 跳过数量: 0
2026-01-20 23:05:00.035 [scheduling-1] INFO  - 错误数量: 0
2026-01-20 23:05:00.035 [scheduling-1] INFO  - 执行耗时: 18 毫秒
2026-01-20 23:05:00.036 [scheduling-1] INFO  - =====================================
2026-01-20 23:10:00.004 [scheduling-1] INFO  - ========== 开始执行定时任务：检查未到店订单 ==========
2026-01-20 23:10:00.018 [scheduling-1] INFO  - 找到 0 条待核销的订单
2026-01-20 23:10:00.018 [scheduling-1] INFO  - ========== 定时任务完成 ==========
2026-01-20 23:10:00.018 [scheduling-1] INFO  - 总订单数: 0
2026-01-20 23:10:00.018 [scheduling-1] INFO  - 更新数量: 0
2026-01-20 23:10:00.018 [scheduling-1] INFO  - 跳过数量: 0
2026-01-20 23:10:00.018 [scheduling-1] INFO  - 错误数量: 0
2026-01-20 23:10:00.018 [scheduling-1] INFO  - 执行耗时: 11 毫秒
2026-01-20 23:10:00.018 [scheduling-1] INFO  - =====================================
2026-01-20 23:15:00.043 [scheduling-1] INFO  - ========== 开始执行定时任务：检查未到店订单 ==========
2026-01-20 23:15:00.110 [scheduling-1] INFO  - 找到 0 条待核销的订单
2026-01-20 23:15:00.110 [scheduling-1] INFO  - ========== 定时任务完成 ==========
2026-01-20 23:15:00.110 [scheduling-1] INFO  - 总订单数: 0
2026-01-20 23:15:00.111 [scheduling-1] INFO  - 更新数量: 0
2026-01-20 23:15:00.111 [scheduling-1] INFO  - 跳过数量: 0
2026-01-20 23:15:00.111 [scheduling-1] INFO  - 错误数量: 0
2026-01-20 23:15:00.111 [scheduling-1] INFO  - 执行耗时: 63 毫秒
2026-01-20 23:15:00.111 [scheduling-1] INFO  - =====================================
2026-01-20 23:20:00.003 [scheduling-1] INFO  - ========== 开始执行定时任务：检查未到店订单 ==========
2026-01-20 23:20:00.042 [scheduling-1] INFO  - 找到 0 条待核销的订单
2026-01-20 23:20:00.043 [scheduling-1] INFO  - ========== 定时任务完成 ==========
2026-01-20 23:20:00.043 [scheduling-1] INFO  - 总订单数: 0
2026-01-20 23:20:00.043 [scheduling-1] INFO  - 更新数量: 0
2026-01-20 23:20:00.043 [scheduling-1] INFO  - 跳过数量: 0
2026-01-20 23:20:00.043 [scheduling-1] INFO  - 错误数量: 0
2026-01-20 23:20:00.043 [scheduling-1] INFO  - 执行耗时: 36 毫秒
2026-01-20 23:20:00.043 [scheduling-1] INFO  - =====================================
2026-01-20 23:25:00.008 [scheduling-1] INFO  - ========== 开始执行定时任务：检查未到店订单 ==========
2026-01-20 23:25:00.030 [scheduling-1] INFO  - 找到 0 条待核销的订单
2026-01-20 23:25:00.030 [scheduling-1] INFO  - ========== 定时任务完成 ==========
2026-01-20 23:25:00.030 [scheduling-1] INFO  - 总订单数: 0
2026-01-20 23:25:00.030 [scheduling-1] INFO  - 更新数量: 0
2026-01-20 23:25:00.030 [scheduling-1] INFO  - 跳过数量: 0
2026-01-20 23:25:00.030 [scheduling-1] INFO  - 错误数量: 0
2026-01-20 23:25:00.030 [scheduling-1] INFO  - 执行耗时: 20 毫秒
2026-01-20 23:25:00.030 [scheduling-1] INFO  - =====================================
2026-01-20 23:30:00.018 [scheduling-1] INFO  - ========== 开始执行定时任务：检查未到店订单 ==========
2026-01-20 23:30:00.054 [scheduling-1] INFO  - 找到 0 条待核销的订单
2026-01-20 23:30:00.054 [scheduling-1] INFO  - ========== 定时任务完成 ==========
2026-01-20 23:30:00.054 [scheduling-1] INFO  - 总订单数: 0
2026-01-20 23:30:00.054 [scheduling-1] INFO  - 更新数量: 0
2026-01-20 23:30:00.054 [scheduling-1] INFO  - 跳过数量: 0
2026-01-20 23:30:00.054 [scheduling-1] INFO  - 错误数量: 0
2026-01-20 23:30:00.054 [scheduling-1] INFO  - 执行耗时: 25 毫秒
2026-01-20 23:30:00.054 [scheduling-1] INFO  - =====================================
2026-01-20 23:35:00.011 [scheduling-1] INFO  - ========== 开始执行定时任务：检查未到店订单 ==========
2026-01-20 23:35:00.026 [scheduling-1] INFO  - 找到 0 条待核销的订单
2026-01-20 23:35:00.026 [scheduling-1] INFO  - ========== 定时任务完成 ==========
2026-01-20 23:35:00.026 [scheduling-1] INFO  - 总订单数: 0
2026-01-20 23:35:00.026 [scheduling-1] INFO  - 更新数量: 0
2026-01-20 23:35:00.026 [scheduling-1] INFO  - 跳过数量: 0
2026-01-20 23:35:00.026 [scheduling-1] INFO  - 错误数量: 0
2026-01-20 23:35:00.026 [scheduling-1] INFO  - 执行耗时: 13 毫秒
2026-01-20 23:35:00.026 [scheduling-1] INFO  - =====================================
2026-01-20 23:40:00.010 [scheduling-1] INFO  - ========== 开始执行定时任务：检查未到店订单 ==========
2026-01-20 23:40:00.035 [scheduling-1] INFO  - 找到 0 条待核销的订单
2026-01-20 23:40:00.035 [scheduling-1] INFO  - ========== 定时任务完成 ==========
2026-01-20 23:40:00.035 [scheduling-1] INFO  - 总订单数: 0
2026-01-20 23:40:00.035 [scheduling-1] INFO  - 更新数量: 0
2026-01-20 23:40:00.035 [scheduling-1] INFO  - 跳过数量: 0
2026-01-20 23:40:00.035 [scheduling-1] INFO  - 错误数量: 0
2026-01-20 23:40:00.035 [scheduling-1] INFO  - 执行耗时: 24 毫秒
2026-01-20 23:40:00.036 [scheduling-1] INFO  - =====================================
2026-01-20 23:45:00.057 [scheduling-1] INFO  - ========== 开始执行定时任务：检查未到店订单 ==========
2026-01-20 23:45:00.072 [scheduling-1] INFO  - 找到 0 条待核销的订单
2026-01-20 23:45:00.072 [scheduling-1] INFO  - ========== 定时任务完成 ==========
2026-01-20 23:45:00.072 [scheduling-1] INFO  - 总订单数: 0
2026-01-20 23:45:00.072 [scheduling-1] INFO  - 更新数量: 0
2026-01-20 23:45:00.072 [scheduling-1] INFO  - 跳过数量: 0
2026-01-20 23:45:00.073 [scheduling-1] INFO  - 错误数量: 0
2026-01-20 23:45:00.073 [scheduling-1] INFO  - 执行耗时: 13 毫秒
2026-01-20 23:45:00.073 [scheduling-1] INFO  - =====================================
2026-01-20 23:50:00.014 [scheduling-1] INFO  - ========== 开始执行定时任务：检查未到店订单 ==========
2026-01-20 23:50:00.042 [scheduling-1] INFO  - 找到 0 条待核销的订单
2026-01-20 23:50:00.042 [scheduling-1] INFO  - ========== 定时任务完成 ==========
2026-01-20 23:50:00.042 [scheduling-1] INFO  - 总订单数: 0
2026-01-20 23:50:00.042 [scheduling-1] INFO  - 更新数量: 0
2026-01-20 23:50:00.042 [scheduling-1] INFO  - 跳过数量: 0
2026-01-20 23:50:00.042 [scheduling-1] INFO  - 错误数量: 0
2026-01-20 23:50:00.042 [scheduling-1] INFO  - 执行耗时: 25 毫秒
2026-01-20 23:50:00.042 [scheduling-1] INFO  - =====================================
2026-01-20 23:55:00.010 [scheduling-1] INFO  - ========== 开始执行定时任务：检查未到店订单 ==========
2026-01-20 23:55:00.034 [scheduling-1] INFO  - 找到 0 条待核销的订单
2026-01-20 23:55:00.034 [scheduling-1] INFO  - ========== 定时任务完成 ==========
2026-01-20 23:55:00.034 [scheduling-1] INFO  - 总订单数: 0
2026-01-20 23:55:00.034 [scheduling-1] INFO  - 更新数量: 0
2026-01-20 23:55:00.034 [scheduling-1] INFO  - 跳过数量: 0
2026-01-20 23:55:00.034 [scheduling-1] INFO  - 错误数量: 0
2026-01-20 23:55:00.034 [scheduling-1] INFO  - 执行耗时: 22 毫秒
2026-01-20 23:55:00.034 [scheduling-1] INFO  - =====================================
