2026-01-19 00:00:00.015 [scheduling-1] INFO  - ========== 开始执行定时任务：检查未到店订单 ==========
2026-01-19 00:00:00.249 [scheduling-1] INFO  - 找到 0 条待核销的订单
2026-01-19 00:00:00.249 [scheduling-1] INFO  - ========== 定时任务完成 ==========
2026-01-19 00:00:00.249 [scheduling-1] INFO  - 总订单数: 0
2026-01-19 00:00:00.250 [scheduling-1] INFO  - 更新数量: 0
2026-01-19 00:00:00.250 [scheduling-1] INFO  - 跳过数量: 0
2026-01-19 00:00:00.250 [scheduling-1] INFO  - 错误数量: 0
2026-01-19 00:00:00.250 [scheduling-1] INFO  - 执行耗时: 165 毫秒
2026-01-19 00:00:00.250 [scheduling-1] INFO  - =====================================
2026-01-19 00:05:00.019 [scheduling-1] INFO  - ========== 开始执行定时任务：检查未到店订单 ==========
2026-01-19 00:05:00.126 [scheduling-1] INFO  - 找到 0 条待核销的订单
2026-01-19 00:05:00.126 [scheduling-1] INFO  - ========== 定时任务完成 ==========
2026-01-19 00:05:00.126 [scheduling-1] INFO  - 总订单数: 0
2026-01-19 00:05:00.126 [scheduling-1] INFO  - 更新数量: 0
2026-01-19 00:05:00.126 [scheduling-1] INFO  - 跳过数量: 0
2026-01-19 00:05:00.126 [scheduling-1] INFO  - 错误数量: 0
2026-01-19 00:05:00.127 [scheduling-1] INFO  - 执行耗时: 98 毫秒
2026-01-19 00:05:00.127 [scheduling-1] INFO  - =====================================
2026-01-19 00:10:00.007 [scheduling-1] INFO  - ========== 开始执行定时任务：检查未到店订单 ==========
2026-01-19 00:10:00.034 [scheduling-1] INFO  - 找到 0 条待核销的订单
2026-01-19 00:10:00.037 [scheduling-1] INFO  - ========== 定时任务完成 ==========
2026-01-19 00:10:00.037 [scheduling-1] INFO  - 总订单数: 0
2026-01-19 00:10:00.037 [scheduling-1] INFO  - 更新数量: 0
2026-01-19 00:10:00.037 [scheduling-1] INFO  - 跳过数量: 0
2026-01-19 00:10:00.037 [scheduling-1] INFO  - 错误数量: 0
2026-01-19 00:10:00.037 [scheduling-1] INFO  - 执行耗时: 27 毫秒
2026-01-19 00:10:00.037 [scheduling-1] INFO  - =====================================
2026-01-19 00:15:00.012 [scheduling-1] INFO  - ========== 开始执行定时任务：检查未到店订单 ==========
2026-01-19 00:15:00.047 [scheduling-1] INFO  - 找到 0 条待核销的订单
2026-01-19 00:15:00.047 [scheduling-1] INFO  - ========== 定时任务完成 ==========
2026-01-19 00:15:00.047 [scheduling-1] INFO  - 总订单数: 0
2026-01-19 00:15:00.047 [scheduling-1] INFO  - 更新数量: 0
2026-01-19 00:15:00.047 [scheduling-1] INFO  - 跳过数量: 0
2026-01-19 00:15:00.047 [scheduling-1] INFO  - 错误数量: 0
2026-01-19 00:15:00.047 [scheduling-1] INFO  - 执行耗时: 33 毫秒
2026-01-19 00:15:00.047 [scheduling-1] INFO  - =====================================
2026-01-19 00:20:00.010 [scheduling-1] INFO  - ========== 开始执行定时任务：检查未到店订单 ==========
2026-01-19 00:20:00.038 [scheduling-1] INFO  - 找到 0 条待核销的订单
2026-01-19 00:20:00.038 [scheduling-1] INFO  - ========== 定时任务完成 ==========
2026-01-19 00:20:00.038 [scheduling-1] INFO  - 总订单数: 0
2026-01-19 00:20:00.038 [scheduling-1] INFO  - 更新数量: 0
2026-01-19 00:20:00.038 [scheduling-1] INFO  - 跳过数量: 0
2026-01-19 00:20:00.038 [scheduling-1] INFO  - 错误数量: 0
2026-01-19 00:20:00.038 [scheduling-1] INFO  - 执行耗时: 25 毫秒
2026-01-19 00:20:00.038 [scheduling-1] INFO  - =====================================
2026-01-19 00:25:00.012 [scheduling-1] INFO  - ========== 开始执行定时任务：检查未到店订单 ==========
2026-01-19 00:25:00.034 [scheduling-1] INFO  - 找到 0 条待核销的订单
2026-01-19 00:25:00.034 [scheduling-1] INFO  - ========== 定时任务完成 ==========
2026-01-19 00:25:00.034 [scheduling-1] INFO  - 总订单数: 0
2026-01-19 00:25:00.034 [scheduling-1] INFO  - 更新数量: 0
2026-01-19 00:25:00.034 [scheduling-1] INFO  - 跳过数量: 0
2026-01-19 00:25:00.034 [scheduling-1] INFO  - 错误数量: 0
2026-01-19 00:25:00.034 [scheduling-1] INFO  - 执行耗时: 21 毫秒
2026-01-19 00:25:00.034 [scheduling-1] INFO  - =====================================
2026-01-19 00:29:59.977 [scheduling-1] INFO  - ========== 开始执行定时任务：检查未到店订单 ==========
2026-01-19 00:29:59.997 [scheduling-1] INFO  - 找到 0 条待核销的订单
2026-01-19 00:29:59.997 [scheduling-1] INFO  - ========== 定时任务完成 ==========
2026-01-19 00:29:59.997 [scheduling-1] INFO  - 总订单数: 0
2026-01-19 00:29:59.997 [scheduling-1] INFO  - 更新数量: 0
2026-01-19 00:29:59.997 [scheduling-1] INFO  - 跳过数量: 0
2026-01-19 00:29:59.997 [scheduling-1] INFO  - 错误数量: 0
2026-01-19 00:29:59.997 [scheduling-1] INFO  - 执行耗时: 17 毫秒
2026-01-19 00:29:59.997 [scheduling-1] INFO  - =====================================
2026-01-19 00:35:00.013 [scheduling-1] INFO  - ========== 开始执行定时任务：检查未到店订单 ==========
2026-01-19 00:35:00.101 [scheduling-1] INFO  - 找到 0 条待核销的订单
2026-01-19 00:35:00.101 [scheduling-1] INFO  - ========== 定时任务完成 ==========
2026-01-19 00:35:00.101 [scheduling-1] INFO  - 总订单数: 0
2026-01-19 00:35:00.101 [scheduling-1] INFO  - 更新数量: 0
2026-01-19 00:35:00.101 [scheduling-1] INFO  - 跳过数量: 0
2026-01-19 00:35:00.101 [scheduling-1] INFO  - 错误数量: 0
2026-01-19 00:35:00.101 [scheduling-1] INFO  - 执行耗时: 80 毫秒
2026-01-19 00:35:00.101 [scheduling-1] INFO  - =====================================
2026-01-19 00:40:00.203 [scheduling-1] INFO  - ========== 开始执行定时任务：检查未到店订单 ==========
2026-01-19 00:40:01.317 [scheduling-1] INFO  - 找到 0 条待核销的订单
2026-01-19 00:40:01.318 [scheduling-1] INFO  - ========== 定时任务完成 ==========
2026-01-19 00:40:01.318 [scheduling-1] INFO  - 总订单数: 0
2026-01-19 00:40:01.318 [scheduling-1] INFO  - 更新数量: 0
2026-01-19 00:40:01.318 [scheduling-1] INFO  - 跳过数量: 0
2026-01-19 00:40:01.318 [scheduling-1] INFO  - 错误数量: 0
2026-01-19 00:40:01.318 [scheduling-1] INFO  - 执行耗时: 996 毫秒
2026-01-19 00:40:01.318 [scheduling-1] INFO  - =====================================
2026-01-19 00:44:59.975 [scheduling-1] INFO  - ========== 开始执行定时任务：检查未到店订单 ==========
2026-01-19 00:45:00.081 [scheduling-1] INFO  - 找到 0 条待核销的订单
2026-01-19 00:45:00.082 [scheduling-1] INFO  - ========== 定时任务完成 ==========
2026-01-19 00:45:00.082 [scheduling-1] INFO  - 总订单数: 0
2026-01-19 00:45:00.082 [scheduling-1] INFO  - 更新数量: 0
2026-01-19 00:45:00.082 [scheduling-1] INFO  - 跳过数量: 0
2026-01-19 00:45:00.082 [scheduling-1] INFO  - 错误数量: 0
2026-01-19 00:45:00.082 [scheduling-1] INFO  - 执行耗时: 98 毫秒
2026-01-19 00:45:00.082 [scheduling-1] INFO  - =====================================
2026-01-19 00:50:00.019 [scheduling-1] INFO  - ========== 开始执行定时任务：检查未到店订单 ==========
2026-01-19 00:50:00.105 [scheduling-1] INFO  - 找到 0 条待核销的订单
2026-01-19 00:50:00.105 [scheduling-1] INFO  - ========== 定时任务完成 ==========
2026-01-19 00:50:00.105 [scheduling-1] INFO  - 总订单数: 0
2026-01-19 00:50:00.105 [scheduling-1] INFO  - 更新数量: 0
2026-01-19 00:50:00.105 [scheduling-1] INFO  - 跳过数量: 0
2026-01-19 00:50:00.106 [scheduling-1] INFO  - 错误数量: 0
2026-01-19 00:50:00.106 [scheduling-1] INFO  - 执行耗时: 76 毫秒
2026-01-19 00:50:00.106 [scheduling-1] INFO  - =====================================
2026-01-19 00:55:00.031 [scheduling-1] INFO  - ========== 开始执行定时任务：检查未到店订单 ==========
2026-01-19 00:55:00.136 [scheduling-1] INFO  - 找到 0 条待核销的订单
2026-01-19 00:55:00.136 [scheduling-1] INFO  - ========== 定时任务完成 ==========
2026-01-19 00:55:00.136 [scheduling-1] INFO  - 总订单数: 0
2026-01-19 00:55:00.136 [scheduling-1] INFO  - 更新数量: 0
2026-01-19 00:55:00.136 [scheduling-1] INFO  - 跳过数量: 0
2026-01-19 00:55:00.136 [scheduling-1] INFO  - 错误数量: 0
2026-01-19 00:55:00.136 [scheduling-1] INFO  - 执行耗时: 93 毫秒
2026-01-19 00:55:00.137 [scheduling-1] INFO  - =====================================
2026-01-19 01:00:00.004 [scheduling-1] INFO  - ========== 开始执行定时任务：检查未到店订单 ==========
2026-01-19 01:00:00.089 [scheduling-1] INFO  - 找到 0 条待核销的订单
2026-01-19 01:00:00.089 [scheduling-1] INFO  - ========== 定时任务完成 ==========
2026-01-19 01:00:00.090 [scheduling-1] INFO  - 总订单数: 0
2026-01-19 01:00:00.090 [scheduling-1] INFO  - 更新数量: 0
2026-01-19 01:00:00.090 [scheduling-1] INFO  - 跳过数量: 0
2026-01-19 01:00:00.090 [scheduling-1] INFO  - 错误数量: 0
2026-01-19 01:00:00.090 [scheduling-1] INFO  - 执行耗时: 78 毫秒
2026-01-19 01:00:00.090 [scheduling-1] INFO  - =====================================
2026-01-19 01:05:00.006 [scheduling-1] INFO  - ========== 开始执行定时任务：检查未到店订单 ==========
2026-01-19 01:05:00.029 [scheduling-1] INFO  - 找到 0 条待核销的订单
2026-01-19 01:05:00.030 [scheduling-1] INFO  - ========== 定时任务完成 ==========
2026-01-19 01:05:00.030 [scheduling-1] INFO  - 总订单数: 0
2026-01-19 01:05:00.030 [scheduling-1] INFO  - 更新数量: 0
2026-01-19 01:05:00.030 [scheduling-1] INFO  - 跳过数量: 0
2026-01-19 01:05:00.030 [scheduling-1] INFO  - 错误数量: 0
2026-01-19 01:05:00.030 [scheduling-1] INFO  - 执行耗时: 21 毫秒
2026-01-19 01:05:00.030 [scheduling-1] INFO  - =====================================
2026-01-19 01:10:00.013 [scheduling-1] INFO  - ========== 开始执行定时任务：检查未到店订单 ==========
2026-01-19 01:10:00.112 [scheduling-1] INFO  - 找到 0 条待核销的订单
2026-01-19 01:10:00.112 [scheduling-1] INFO  - ========== 定时任务完成 ==========
2026-01-19 01:10:00.112 [scheduling-1] INFO  - 总订单数: 0
2026-01-19 01:10:00.112 [scheduling-1] INFO  - 更新数量: 0
2026-01-19 01:10:00.112 [scheduling-1] INFO  - 跳过数量: 0
2026-01-19 01:10:00.112 [scheduling-1] INFO  - 错误数量: 0
2026-01-19 01:10:00.112 [scheduling-1] INFO  - 执行耗时: 89 毫秒
2026-01-19 01:10:00.112 [scheduling-1] INFO  - =====================================
2026-01-19 01:15:00.010 [scheduling-1] INFO  - ========== 开始执行定时任务：检查未到店订单 ==========
2026-01-19 01:15:00.080 [scheduling-1] INFO  - 找到 0 条待核销的订单
2026-01-19 01:15:00.080 [scheduling-1] INFO  - ========== 定时任务完成 ==========
2026-01-19 01:15:00.081 [scheduling-1] INFO  - 总订单数: 0
2026-01-19 01:15:00.081 [scheduling-1] INFO  - 更新数量: 0
2026-01-19 01:15:00.081 [scheduling-1] INFO  - 跳过数量: 0
2026-01-19 01:15:00.081 [scheduling-1] INFO  - 错误数量: 0
2026-01-19 01:15:00.081 [scheduling-1] INFO  - 执行耗时: 65 毫秒
2026-01-19 01:15:00.081 [scheduling-1] INFO  - =====================================
2026-01-19 01:20:00.012 [scheduling-1] INFO  - ========== 开始执行定时任务：检查未到店订单 ==========
2026-01-19 01:20:00.069 [scheduling-1] INFO  - 找到 0 条待核销的订单
2026-01-19 01:20:00.070 [scheduling-1] INFO  - ========== 定时任务完成 ==========
2026-01-19 01:20:00.070 [scheduling-1] INFO  - 总订单数: 0
2026-01-19 01:20:00.070 [scheduling-1] INFO  - 更新数量: 0
2026-01-19 01:20:00.070 [scheduling-1] INFO  - 跳过数量: 0
2026-01-19 01:20:00.070 [scheduling-1] INFO  - 错误数量: 0
2026-01-19 01:20:00.070 [scheduling-1] INFO  - 执行耗时: 51 毫秒
2026-01-19 01:20:00.070 [scheduling-1] INFO  - =====================================
2026-01-19 01:25:00.004 [scheduling-1] INFO  - ========== 开始执行定时任务：检查未到店订单 ==========
2026-01-19 01:25:00.044 [scheduling-1] INFO  - 找到 0 条待核销的订单
2026-01-19 01:25:00.044 [scheduling-1] INFO  - ========== 定时任务完成 ==========
2026-01-19 01:25:00.044 [scheduling-1] INFO  - 总订单数: 0
2026-01-19 01:25:00.044 [scheduling-1] INFO  - 更新数量: 0
2026-01-19 01:25:00.045 [scheduling-1] INFO  - 跳过数量: 0
2026-01-19 01:25:00.045 [scheduling-1] INFO  - 错误数量: 0
2026-01-19 01:25:00.045 [scheduling-1] INFO  - 执行耗时: 35 毫秒
2026-01-19 01:25:00.045 [scheduling-1] INFO  - =====================================
2026-01-19 01:30:00.000 [scheduling-1] INFO  - ========== 开始执行定时任务：检查未到店订单 ==========
2026-01-19 01:30:00.026 [scheduling-1] INFO  - 找到 0 条待核销的订单
2026-01-19 01:30:00.026 [scheduling-1] INFO  - ========== 定时任务完成 ==========
2026-01-19 01:30:00.026 [scheduling-1] INFO  - 总订单数: 0
2026-01-19 01:30:00.026 [scheduling-1] INFO  - 更新数量: 0
2026-01-19 01:30:00.026 [scheduling-1] INFO  - 跳过数量: 0
2026-01-19 01:30:00.027 [scheduling-1] INFO  - 错误数量: 0
2026-01-19 01:30:00.027 [scheduling-1] INFO  - 执行耗时: 24 毫秒
2026-01-19 01:30:00.027 [scheduling-1] INFO  - =====================================
2026-01-19 01:35:00.000 [scheduling-1] INFO  - ========== 开始执行定时任务：检查未到店订单 ==========
2026-01-19 01:35:00.050 [scheduling-1] INFO  - 找到 0 条待核销的订单
2026-01-19 01:35:00.051 [scheduling-1] INFO  - ========== 定时任务完成 ==========
2026-01-19 01:35:00.051 [scheduling-1] INFO  - 总订单数: 0
2026-01-19 01:35:00.051 [scheduling-1] INFO  - 更新数量: 0
2026-01-19 01:35:00.051 [scheduling-1] INFO  - 跳过数量: 0
2026-01-19 01:35:00.051 [scheduling-1] INFO  - 错误数量: 0
2026-01-19 01:35:00.051 [scheduling-1] INFO  - 执行耗时: 47 毫秒
2026-01-19 01:35:00.052 [scheduling-1] INFO  - =====================================
2026-01-19 01:40:00.006 [scheduling-1] INFO  - ========== 开始执行定时任务：检查未到店订单 ==========
2026-01-19 01:40:00.084 [scheduling-1] INFO  - 找到 0 条待核销的订单
2026-01-19 01:40:00.084 [scheduling-1] INFO  - ========== 定时任务完成 ==========
2026-01-19 01:40:00.085 [scheduling-1] INFO  - 总订单数: 0
2026-01-19 01:40:00.085 [scheduling-1] INFO  - 更新数量: 0
2026-01-19 01:40:00.085 [scheduling-1] INFO  - 跳过数量: 0
2026-01-19 01:40:00.085 [scheduling-1] INFO  - 错误数量: 0
2026-01-19 01:40:00.085 [scheduling-1] INFO  - 执行耗时: 72 毫秒
2026-01-19 01:40:00.085 [scheduling-1] INFO  - =====================================
2026-01-19 01:45:00.009 [scheduling-1] INFO  - ========== 开始执行定时任务：检查未到店订单 ==========
2026-01-19 01:45:00.043 [scheduling-1] INFO  - 找到 0 条待核销的订单
2026-01-19 01:45:00.044 [scheduling-1] INFO  - ========== 定时任务完成 ==========
2026-01-19 01:45:00.044 [scheduling-1] INFO  - 总订单数: 0
2026-01-19 01:45:00.044 [scheduling-1] INFO  - 更新数量: 0
2026-01-19 01:45:00.044 [scheduling-1] INFO  - 跳过数量: 0
2026-01-19 01:45:00.044 [scheduling-1] INFO  - 错误数量: 0
2026-01-19 01:45:00.044 [scheduling-1] INFO  - 执行耗时: 31 毫秒
2026-01-19 01:45:00.044 [scheduling-1] INFO  - =====================================
2026-01-19 01:50:00.023 [scheduling-1] INFO  - ========== 开始执行定时任务：检查未到店订单 ==========
2026-01-19 01:50:00.051 [scheduling-1] INFO  - 找到 0 条待核销的订单
2026-01-19 01:50:00.051 [scheduling-1] INFO  - ========== 定时任务完成 ==========
2026-01-19 01:50:00.051 [scheduling-1] INFO  - 总订单数: 0
2026-01-19 01:50:00.051 [scheduling-1] INFO  - 更新数量: 0
2026-01-19 01:50:00.051 [scheduling-1] INFO  - 跳过数量: 0
2026-01-19 01:50:00.051 [scheduling-1] INFO  - 错误数量: 0
2026-01-19 01:50:00.051 [scheduling-1] INFO  - 执行耗时: 24 毫秒
2026-01-19 01:50:00.052 [scheduling-1] INFO  - =====================================
2026-01-19 01:55:00.021 [scheduling-1] INFO  - ========== 开始执行定时任务：检查未到店订单 ==========
2026-01-19 01:55:00.033 [scheduling-1] INFO  - 找到 0 条待核销的订单
2026-01-19 01:55:00.033 [scheduling-1] INFO  - ========== 定时任务完成 ==========
2026-01-19 01:55:00.034 [scheduling-1] INFO  - 总订单数: 0
2026-01-19 01:55:00.034 [scheduling-1] INFO  - 更新数量: 0
2026-01-19 01:55:00.034 [scheduling-1] INFO  - 跳过数量: 0
2026-01-19 01:55:00.034 [scheduling-1] INFO  - 错误数量: 0
2026-01-19 01:55:00.034 [scheduling-1] INFO  - 执行耗时: 10 毫秒
2026-01-19 01:55:00.034 [scheduling-1] INFO  - =====================================
2026-01-19 02:00:00.085 [scheduling-1] INFO  - ========== 开始执行定时任务：检查未到店订单 ==========
2026-01-19 02:00:00.108 [scheduling-1] INFO  - 找到 0 条待核销的订单
2026-01-19 02:00:00.108 [scheduling-1] INFO  - ========== 定时任务完成 ==========
2026-01-19 02:00:00.108 [scheduling-1] INFO  - 总订单数: 0
2026-01-19 02:00:00.108 [scheduling-1] INFO  - 更新数量: 0
2026-01-19 02:00:00.108 [scheduling-1] INFO  - 跳过数量: 0
2026-01-19 02:00:00.108 [scheduling-1] INFO  - 错误数量: 0
2026-01-19 02:00:00.108 [scheduling-1] INFO  - 执行耗时: 21 毫秒
2026-01-19 02:00:00.108 [scheduling-1] INFO  - =====================================
2026-01-19 02:00:00.479 [scheduling-1] INFO  - ========== 开始执行定时任务：更新购卡记录状态 ==========
2026-01-19 02:00:00.520 [scheduling-1] INFO  - 找到 3 条已支付的订单
2026-01-19 02:00:00.558 [scheduling-1] INFO  - ========== 定时任务完成 ==========
2026-01-19 02:00:00.558 [scheduling-1] INFO  - 总订单数: 3
2026-01-19 02:00:00.558 [scheduling-1] INFO  - 更新数量: 0
2026-01-19 02:00:00.558 [scheduling-1] INFO  - 跳过数量: 0
2026-01-19 02:00:00.558 [scheduling-1] INFO  - 错误数量: 0
2026-01-19 02:00:00.558 [scheduling-1] INFO  - 执行耗时: 78 毫秒
2026-01-19 02:00:00.558 [scheduling-1] INFO  - =====================================
2026-01-19 02:05:00.014 [scheduling-1] INFO  - ========== 开始执行定时任务：检查未到店订单 ==========
2026-01-19 02:05:00.056 [scheduling-1] INFO  - 找到 0 条待核销的订单
2026-01-19 02:05:00.056 [scheduling-1] INFO  - ========== 定时任务完成 ==========
2026-01-19 02:05:00.056 [scheduling-1] INFO  - 总订单数: 0
2026-01-19 02:05:00.057 [scheduling-1] INFO  - 更新数量: 0
2026-01-19 02:05:00.057 [scheduling-1] INFO  - 跳过数量: 0
2026-01-19 02:05:00.057 [scheduling-1] INFO  - 错误数量: 0
2026-01-19 02:05:00.057 [scheduling-1] INFO  - 执行耗时: 38 毫秒
2026-01-19 02:05:00.057 [scheduling-1] INFO  - =====================================
2026-01-19 02:10:00.013 [scheduling-1] INFO  - ========== 开始执行定时任务：检查未到店订单 ==========
2026-01-19 02:10:00.028 [scheduling-1] INFO  - 找到 0 条待核销的订单
2026-01-19 02:10:00.028 [scheduling-1] INFO  - ========== 定时任务完成 ==========
2026-01-19 02:10:00.028 [scheduling-1] INFO  - 总订单数: 0
2026-01-19 02:10:00.028 [scheduling-1] INFO  - 更新数量: 0
2026-01-19 02:10:00.028 [scheduling-1] INFO  - 跳过数量: 0
2026-01-19 02:10:00.028 [scheduling-1] INFO  - 错误数量: 0
2026-01-19 02:10:00.028 [scheduling-1] INFO  - 执行耗时: 13 毫秒
2026-01-19 02:10:00.028 [scheduling-1] INFO  - =====================================
2026-01-19 02:15:00.008 [scheduling-1] INFO  - ========== 开始执行定时任务：检查未到店订单 ==========
2026-01-19 02:15:00.040 [scheduling-1] INFO  - 找到 0 条待核销的订单
2026-01-19 02:15:00.041 [scheduling-1] INFO  - ========== 定时任务完成 ==========
2026-01-19 02:15:00.041 [scheduling-1] INFO  - 总订单数: 0
2026-01-19 02:15:00.041 [scheduling-1] INFO  - 更新数量: 0
2026-01-19 02:15:00.041 [scheduling-1] INFO  - 跳过数量: 0
2026-01-19 02:15:00.041 [scheduling-1] INFO  - 错误数量: 0
2026-01-19 02:15:00.041 [scheduling-1] INFO  - 执行耗时: 30 毫秒
2026-01-19 02:15:00.042 [scheduling-1] INFO  - =====================================
2026-01-19 02:20:00.009 [scheduling-1] INFO  - ========== 开始执行定时任务：检查未到店订单 ==========
2026-01-19 02:20:00.031 [scheduling-1] INFO  - 找到 0 条待核销的订单
2026-01-19 02:20:00.032 [scheduling-1] INFO  - ========== 定时任务完成 ==========
2026-01-19 02:20:00.032 [scheduling-1] INFO  - 总订单数: 0
2026-01-19 02:20:00.032 [scheduling-1] INFO  - 更新数量: 0
2026-01-19 02:20:00.032 [scheduling-1] INFO  - 跳过数量: 0
2026-01-19 02:20:00.033 [scheduling-1] INFO  - 错误数量: 0
2026-01-19 02:20:00.033 [scheduling-1] INFO  - 执行耗时: 20 毫秒
2026-01-19 02:20:00.033 [scheduling-1] INFO  - =====================================
2026-01-19 02:25:00.015 [scheduling-1] INFO  - ========== 开始执行定时任务：检查未到店订单 ==========
2026-01-19 02:25:00.037 [scheduling-1] INFO  - 找到 0 条待核销的订单
2026-01-19 02:25:00.037 [scheduling-1] INFO  - ========== 定时任务完成 ==========
2026-01-19 02:25:00.038 [scheduling-1] INFO  - 总订单数: 0
2026-01-19 02:25:00.038 [scheduling-1] INFO  - 更新数量: 0
2026-01-19 02:25:00.038 [scheduling-1] INFO  - 跳过数量: 0
2026-01-19 02:25:00.039 [scheduling-1] INFO  - 错误数量: 0
2026-01-19 02:25:00.040 [scheduling-1] INFO  - 执行耗时: 19 毫秒
2026-01-19 02:25:00.040 [scheduling-1] INFO  - =====================================
2026-01-19 02:30:00.014 [scheduling-1] INFO  - ========== 开始执行定时任务：检查未到店订单 ==========
2026-01-19 02:30:00.056 [scheduling-1] INFO  - 找到 0 条待核销的订单
2026-01-19 02:30:00.057 [scheduling-1] INFO  - ========== 定时任务完成 ==========
2026-01-19 02:30:00.057 [scheduling-1] INFO  - 总订单数: 0
2026-01-19 02:30:00.057 [scheduling-1] INFO  - 更新数量: 0
2026-01-19 02:30:00.057 [scheduling-1] INFO  - 跳过数量: 0
2026-01-19 02:30:00.057 [scheduling-1] INFO  - 错误数量: 0
2026-01-19 02:30:00.057 [scheduling-1] INFO  - 执行耗时: 40 毫秒
2026-01-19 02:30:00.057 [scheduling-1] INFO  - =====================================
2026-01-19 02:34:59.992 [scheduling-1] INFO  - ========== 开始执行定时任务：检查未到店订单 ==========
2026-01-19 02:35:00.011 [scheduling-1] INFO  - 找到 0 条待核销的订单
2026-01-19 02:35:00.011 [scheduling-1] INFO  - ========== 定时任务完成 ==========
2026-01-19 02:35:00.012 [scheduling-1] INFO  - 总订单数: 0
2026-01-19 02:35:00.012 [scheduling-1] INFO  - 更新数量: 0
2026-01-19 02:35:00.012 [scheduling-1] INFO  - 跳过数量: 0
2026-01-19 02:35:00.012 [scheduling-1] INFO  - 错误数量: 0
2026-01-19 02:35:00.012 [scheduling-1] INFO  - 执行耗时: 17 毫秒
2026-01-19 02:35:00.012 [scheduling-1] INFO  - =====================================
2026-01-19 02:40:00.013 [scheduling-1] INFO  - ========== 开始执行定时任务：检查未到店订单 ==========
2026-01-19 02:40:00.041 [scheduling-1] INFO  - 找到 0 条待核销的订单
2026-01-19 02:40:00.042 [scheduling-1] INFO  - ========== 定时任务完成 ==========
2026-01-19 02:40:00.042 [scheduling-1] INFO  - 总订单数: 0
2026-01-19 02:40:00.042 [scheduling-1] INFO  - 更新数量: 0
2026-01-19 02:40:00.042 [scheduling-1] INFO  - 跳过数量: 0
2026-01-19 02:40:00.042 [scheduling-1] INFO  - 错误数量: 0
2026-01-19 02:40:00.042 [scheduling-1] INFO  - 执行耗时: 26 毫秒
2026-01-19 02:40:00.042 [scheduling-1] INFO  - =====================================
2026-01-19 02:45:00.017 [scheduling-1] INFO  - ========== 开始执行定时任务：检查未到店订单 ==========
2026-01-19 02:45:00.039 [scheduling-1] INFO  - 找到 0 条待核销的订单
2026-01-19 02:45:00.039 [scheduling-1] INFO  - ========== 定时任务完成 ==========
2026-01-19 02:45:00.040 [scheduling-1] INFO  - 总订单数: 0
2026-01-19 02:45:00.040 [scheduling-1] INFO  - 更新数量: 0
2026-01-19 02:45:00.040 [scheduling-1] INFO  - 跳过数量: 0
2026-01-19 02:45:00.040 [scheduling-1] INFO  - 错误数量: 0
2026-01-19 02:45:00.040 [scheduling-1] INFO  - 执行耗时: 20 毫秒
2026-01-19 02:45:00.040 [scheduling-1] INFO  - =====================================
2026-01-19 02:50:00.004 [scheduling-1] INFO  - ========== 开始执行定时任务：检查未到店订单 ==========
2026-01-19 02:50:00.031 [scheduling-1] INFO  - 找到 0 条待核销的订单
2026-01-19 02:50:00.031 [scheduling-1] INFO  - ========== 定时任务完成 ==========
2026-01-19 02:50:00.031 [scheduling-1] INFO  - 总订单数: 0
2026-01-19 02:50:00.031 [scheduling-1] INFO  - 更新数量: 0
2026-01-19 02:50:00.031 [scheduling-1] INFO  - 跳过数量: 0
2026-01-19 02:50:00.031 [scheduling-1] INFO  - 错误数量: 0
2026-01-19 02:50:00.031 [scheduling-1] INFO  - 执行耗时: 25 毫秒
2026-01-19 02:50:00.032 [scheduling-1] INFO  - =====================================
2026-01-19 02:55:00.009 [scheduling-1] INFO  - ========== 开始执行定时任务：检查未到店订单 ==========
2026-01-19 02:55:00.023 [scheduling-1] INFO  - 找到 0 条待核销的订单
2026-01-19 02:55:00.024 [scheduling-1] INFO  - ========== 定时任务完成 ==========
2026-01-19 02:55:00.024 [scheduling-1] INFO  - 总订单数: 0
2026-01-19 02:55:00.024 [scheduling-1] INFO  - 更新数量: 0
2026-01-19 02:55:00.024 [scheduling-1] INFO  - 跳过数量: 0
2026-01-19 02:55:00.024 [scheduling-1] INFO  - 错误数量: 0
2026-01-19 02:55:00.024 [scheduling-1] INFO  - 执行耗时: 12 毫秒
2026-01-19 02:55:00.024 [scheduling-1] INFO  - =====================================
2026-01-19 03:00:00.016 [scheduling-1] INFO  - ========== 开始执行定时任务：检查未到店订单 ==========
2026-01-19 03:00:00.039 [scheduling-1] INFO  - 找到 0 条待核销的订单
2026-01-19 03:00:00.039 [scheduling-1] INFO  - ========== 定时任务完成 ==========
2026-01-19 03:00:00.039 [scheduling-1] INFO  - 总订单数: 0
2026-01-19 03:00:00.039 [scheduling-1] INFO  - 更新数量: 0
2026-01-19 03:00:00.039 [scheduling-1] INFO  - 跳过数量: 0
2026-01-19 03:00:00.039 [scheduling-1] INFO  - 错误数量: 0
2026-01-19 03:00:00.039 [scheduling-1] INFO  - 执行耗时: 20 毫秒
2026-01-19 03:00:00.039 [scheduling-1] INFO  - =====================================
2026-01-19 03:05:00.014 [scheduling-1] INFO  - ========== 开始执行定时任务：检查未到店订单 ==========
2026-01-19 03:05:00.053 [scheduling-1] INFO  - 找到 0 条待核销的订单
2026-01-19 03:05:00.053 [scheduling-1] INFO  - ========== 定时任务完成 ==========
2026-01-19 03:05:00.053 [scheduling-1] INFO  - 总订单数: 0
2026-01-19 03:05:00.053 [scheduling-1] INFO  - 更新数量: 0
2026-01-19 03:05:00.053 [scheduling-1] INFO  - 跳过数量: 0
2026-01-19 03:05:00.053 [scheduling-1] INFO  - 错误数量: 0
2026-01-19 03:05:00.053 [scheduling-1] INFO  - 执行耗时: 28 毫秒
2026-01-19 03:05:00.054 [scheduling-1] INFO  - =====================================
2026-01-19 03:10:00.075 [scheduling-1] INFO  - ========== 开始执行定时任务：检查未到店订单 ==========
2026-01-19 03:10:00.096 [scheduling-1] INFO  - 找到 0 条待核销的订单
2026-01-19 03:10:00.096 [scheduling-1] INFO  - ========== 定时任务完成 ==========
2026-01-19 03:10:00.097 [scheduling-1] INFO  - 总订单数: 0
2026-01-19 03:10:00.097 [scheduling-1] INFO  - 更新数量: 0
2026-01-19 03:10:00.097 [scheduling-1] INFO  - 跳过数量: 0
2026-01-19 03:10:00.097 [scheduling-1] INFO  - 错误数量: 0
2026-01-19 03:10:00.097 [scheduling-1] INFO  - 执行耗时: 16 毫秒
2026-01-19 03:10:00.097 [scheduling-1] INFO  - =====================================
2026-01-19 03:15:00.014 [scheduling-1] INFO  - ========== 开始执行定时任务：检查未到店订单 ==========
2026-01-19 03:15:00.033 [scheduling-1] INFO  - 找到 0 条待核销的订单
2026-01-19 03:15:00.033 [scheduling-1] INFO  - ========== 定时任务完成 ==========
2026-01-19 03:15:00.033 [scheduling-1] INFO  - 总订单数: 0
2026-01-19 03:15:00.033 [scheduling-1] INFO  - 更新数量: 0
2026-01-19 03:15:00.033 [scheduling-1] INFO  - 跳过数量: 0
2026-01-19 03:15:00.033 [scheduling-1] INFO  - 错误数量: 0
2026-01-19 03:15:00.033 [scheduling-1] INFO  - 执行耗时: 15 毫秒
2026-01-19 03:15:00.033 [scheduling-1] INFO  - =====================================
2026-01-19 03:20:00.019 [scheduling-1] INFO  - ========== 开始执行定时任务：检查未到店订单 ==========
2026-01-19 03:20:00.042 [scheduling-1] INFO  - 找到 0 条待核销的订单
2026-01-19 03:20:00.043 [scheduling-1] INFO  - ========== 定时任务完成 ==========
2026-01-19 03:20:00.043 [scheduling-1] INFO  - 总订单数: 0
2026-01-19 03:20:00.043 [scheduling-1] INFO  - 更新数量: 0
2026-01-19 03:20:00.043 [scheduling-1] INFO  - 跳过数量: 0
2026-01-19 03:20:00.043 [scheduling-1] INFO  - 错误数量: 0
2026-01-19 03:20:00.043 [scheduling-1] INFO  - 执行耗时: 22 毫秒
2026-01-19 03:20:00.043 [scheduling-1] INFO  - =====================================
2026-01-19 03:25:00.016 [scheduling-1] INFO  - ========== 开始执行定时任务：检查未到店订单 ==========
2026-01-19 03:25:00.031 [scheduling-1] INFO  - 找到 0 条待核销的订单
2026-01-19 03:25:00.031 [scheduling-1] INFO  - ========== 定时任务完成 ==========
2026-01-19 03:25:00.031 [scheduling-1] INFO  - 总订单数: 0
2026-01-19 03:25:00.031 [scheduling-1] INFO  - 更新数量: 0
2026-01-19 03:25:00.031 [scheduling-1] INFO  - 跳过数量: 0
2026-01-19 03:25:00.031 [scheduling-1] INFO  - 错误数量: 0
2026-01-19 03:25:00.031 [scheduling-1] INFO  - 执行耗时: 13 毫秒
2026-01-19 03:25:00.031 [scheduling-1] INFO  - =====================================
2026-01-19 03:30:00.014 [scheduling-1] INFO  - ========== 开始执行定时任务：检查未到店订单 ==========
2026-01-19 03:30:00.037 [scheduling-1] INFO  - 找到 0 条待核销的订单
2026-01-19 03:30:00.037 [scheduling-1] INFO  - ========== 定时任务完成 ==========
2026-01-19 03:30:00.037 [scheduling-1] INFO  - 总订单数: 0
2026-01-19 03:30:00.037 [scheduling-1] INFO  - 更新数量: 0
2026-01-19 03:30:00.037 [scheduling-1] INFO  - 跳过数量: 0
2026-01-19 03:30:00.037 [scheduling-1] INFO  - 错误数量: 0
2026-01-19 03:30:00.038 [scheduling-1] INFO  - 执行耗时: 21 毫秒
2026-01-19 03:30:00.038 [scheduling-1] INFO  - =====================================
2026-01-19 03:35:00.016 [scheduling-1] INFO  - ========== 开始执行定时任务：检查未到店订单 ==========
2026-01-19 03:35:00.042 [scheduling-1] INFO  - 找到 0 条待核销的订单
2026-01-19 03:35:00.042 [scheduling-1] INFO  - ========== 定时任务完成 ==========
2026-01-19 03:35:00.042 [scheduling-1] INFO  - 总订单数: 0
2026-01-19 03:35:00.042 [scheduling-1] INFO  - 更新数量: 0
2026-01-19 03:35:00.042 [scheduling-1] INFO  - 跳过数量: 0
2026-01-19 03:35:00.042 [scheduling-1] INFO  - 错误数量: 0
2026-01-19 03:35:00.042 [scheduling-1] INFO  - 执行耗时: 23 毫秒
2026-01-19 03:35:00.043 [scheduling-1] INFO  - =====================================
2026-01-19 03:40:00.041 [scheduling-1] INFO  - ========== 开始执行定时任务：检查未到店订单 ==========
2026-01-19 03:40:00.112 [scheduling-1] INFO  - 找到 0 条待核销的订单
2026-01-19 03:40:00.112 [scheduling-1] INFO  - ========== 定时任务完成 ==========
2026-01-19 03:40:00.112 [scheduling-1] INFO  - 总订单数: 0
2026-01-19 03:40:00.112 [scheduling-1] INFO  - 更新数量: 0
2026-01-19 03:40:00.112 [scheduling-1] INFO  - 跳过数量: 0
2026-01-19 03:40:00.112 [scheduling-1] INFO  - 错误数量: 0
2026-01-19 03:40:00.112 [scheduling-1] INFO  - 执行耗时: 65 毫秒
2026-01-19 03:40:00.112 [scheduling-1] INFO  - =====================================
2026-01-19 03:45:00.016 [scheduling-1] INFO  - ========== 开始执行定时任务：检查未到店订单 ==========
2026-01-19 03:45:00.048 [scheduling-1] INFO  - 找到 0 条待核销的订单
2026-01-19 03:45:00.048 [scheduling-1] INFO  - ========== 定时任务完成 ==========
2026-01-19 03:45:00.048 [scheduling-1] INFO  - 总订单数: 0
2026-01-19 03:45:00.048 [scheduling-1] INFO  - 更新数量: 0
2026-01-19 03:45:00.048 [scheduling-1] INFO  - 跳过数量: 0
2026-01-19 03:45:00.048 [scheduling-1] INFO  - 错误数量: 0
2026-01-19 03:45:00.049 [scheduling-1] INFO  - 执行耗时: 30 毫秒
2026-01-19 03:45:00.049 [scheduling-1] INFO  - =====================================
2026-01-19 03:50:00.018 [scheduling-1] INFO  - ========== 开始执行定时任务：检查未到店订单 ==========
2026-01-19 03:50:00.061 [scheduling-1] INFO  - 找到 0 条待核销的订单
2026-01-19 03:50:00.062 [scheduling-1] INFO  - ========== 定时任务完成 ==========
2026-01-19 03:50:00.062 [scheduling-1] INFO  - 总订单数: 0
2026-01-19 03:50:00.062 [scheduling-1] INFO  - 更新数量: 0
2026-01-19 03:50:00.062 [scheduling-1] INFO  - 跳过数量: 0
2026-01-19 03:50:00.062 [scheduling-1] INFO  - 错误数量: 0
2026-01-19 03:50:00.062 [scheduling-1] INFO  - 执行耗时: 39 毫秒
2026-01-19 03:50:00.062 [scheduling-1] INFO  - =====================================
2026-01-19 03:55:00.018 [scheduling-1] INFO  - ========== 开始执行定时任务：检查未到店订单 ==========
2026-01-19 03:55:00.054 [scheduling-1] INFO  - 找到 0 条待核销的订单
2026-01-19 03:55:00.055 [scheduling-1] INFO  - ========== 定时任务完成 ==========
2026-01-19 03:55:00.055 [scheduling-1] INFO  - 总订单数: 0
2026-01-19 03:55:00.055 [scheduling-1] INFO  - 更新数量: 0
2026-01-19 03:55:00.055 [scheduling-1] INFO  - 跳过数量: 0
2026-01-19 03:55:00.055 [scheduling-1] INFO  - 错误数量: 0
2026-01-19 03:55:00.055 [scheduling-1] INFO  - 执行耗时: 34 毫秒
2026-01-19 03:55:00.055 [scheduling-1] INFO  - =====================================
2026-01-19 03:59:59.996 [scheduling-1] INFO  - ========== 开始执行定时任务：检查未到店订单 ==========
2026-01-19 04:00:00.024 [scheduling-1] INFO  - 找到 0 条待核销的订单
2026-01-19 04:00:00.024 [scheduling-1] INFO  - ========== 定时任务完成 ==========
2026-01-19 04:00:00.024 [scheduling-1] INFO  - 总订单数: 0
2026-01-19 04:00:00.025 [scheduling-1] INFO  - 更新数量: 0
2026-01-19 04:00:00.025 [scheduling-1] INFO  - 跳过数量: 0
2026-01-19 04:00:00.025 [scheduling-1] INFO  - 错误数量: 0
2026-01-19 04:00:00.025 [scheduling-1] INFO  - 执行耗时: 25 毫秒
2026-01-19 04:00:00.025 [scheduling-1] INFO  - =====================================
2026-01-19 04:05:00.024 [scheduling-1] INFO  - ========== 开始执行定时任务：检查未到店订单 ==========
2026-01-19 04:05:00.050 [scheduling-1] INFO  - 找到 0 条待核销的订单
2026-01-19 04:05:00.050 [scheduling-1] INFO  - ========== 定时任务完成 ==========
2026-01-19 04:05:00.050 [scheduling-1] INFO  - 总订单数: 0
2026-01-19 04:05:00.050 [scheduling-1] INFO  - 更新数量: 0
2026-01-19 04:05:00.050 [scheduling-1] INFO  - 跳过数量: 0
2026-01-19 04:05:00.050 [scheduling-1] INFO  - 错误数量: 0
2026-01-19 04:05:00.050 [scheduling-1] INFO  - 执行耗时: 22 毫秒
2026-01-19 04:05:00.050 [scheduling-1] INFO  - =====================================
2026-01-19 04:10:00.014 [scheduling-1] INFO  - ========== 开始执行定时任务：检查未到店订单 ==========
2026-01-19 04:10:00.045 [scheduling-1] INFO  - 找到 0 条待核销的订单
2026-01-19 04:10:00.045 [scheduling-1] INFO  - ========== 定时任务完成 ==========
2026-01-19 04:10:00.045 [scheduling-1] INFO  - 总订单数: 0
2026-01-19 04:10:00.045 [scheduling-1] INFO  - 更新数量: 0
2026-01-19 04:10:00.045 [scheduling-1] INFO  - 跳过数量: 0
2026-01-19 04:10:00.045 [scheduling-1] INFO  - 错误数量: 0
2026-01-19 04:10:00.045 [scheduling-1] INFO  - 执行耗时: 24 毫秒
2026-01-19 04:10:00.045 [scheduling-1] INFO  - =====================================
2026-01-19 04:15:00.017 [scheduling-1] INFO  - ========== 开始执行定时任务：检查未到店订单 ==========
2026-01-19 04:15:00.047 [scheduling-1] INFO  - 找到 0 条待核销的订单
2026-01-19 04:15:00.047 [scheduling-1] INFO  - ========== 定时任务完成 ==========
2026-01-19 04:15:00.047 [scheduling-1] INFO  - 总订单数: 0
2026-01-19 04:15:00.047 [scheduling-1] INFO  - 更新数量: 0
2026-01-19 04:15:00.047 [scheduling-1] INFO  - 跳过数量: 0
2026-01-19 04:15:00.047 [scheduling-1] INFO  - 错误数量: 0
2026-01-19 04:15:00.047 [scheduling-1] INFO  - 执行耗时: 26 毫秒
2026-01-19 04:15:00.047 [scheduling-1] INFO  - =====================================
2026-01-19 04:19:59.952 [scheduling-1] INFO  - ========== 开始执行定时任务：检查未到店订单 ==========
2026-01-19 04:19:59.972 [scheduling-1] INFO  - 找到 0 条待核销的订单
2026-01-19 04:19:59.972 [scheduling-1] INFO  - ========== 定时任务完成 ==========
2026-01-19 04:19:59.972 [scheduling-1] INFO  - 总订单数: 0
2026-01-19 04:19:59.974 [scheduling-1] INFO  - 更新数量: 0
2026-01-19 04:19:59.974 [scheduling-1] INFO  - 跳过数量: 0
2026-01-19 04:19:59.974 [scheduling-1] INFO  - 错误数量: 0
2026-01-19 04:19:59.974 [scheduling-1] INFO  - 执行耗时: 17 毫秒
2026-01-19 04:19:59.974 [scheduling-1] INFO  - =====================================
2026-01-19 04:25:00.009 [scheduling-1] INFO  - ========== 开始执行定时任务：检查未到店订单 ==========
2026-01-19 04:25:00.044 [scheduling-1] INFO  - 找到 0 条待核销的订单
2026-01-19 04:25:00.044 [scheduling-1] INFO  - ========== 定时任务完成 ==========
2026-01-19 04:25:00.044 [scheduling-1] INFO  - 总订单数: 0
2026-01-19 04:25:00.044 [scheduling-1] INFO  - 更新数量: 0
2026-01-19 04:25:00.044 [scheduling-1] INFO  - 跳过数量: 0
2026-01-19 04:25:00.044 [scheduling-1] INFO  - 错误数量: 0
2026-01-19 04:25:00.044 [scheduling-1] INFO  - 执行耗时: 31 毫秒
2026-01-19 04:25:00.044 [scheduling-1] INFO  - =====================================
2026-01-19 04:30:00.014 [scheduling-1] INFO  - ========== 开始执行定时任务：检查未到店订单 ==========
2026-01-19 04:30:00.050 [scheduling-1] INFO  - 找到 0 条待核销的订单
2026-01-19 04:30:00.050 [scheduling-1] INFO  - ========== 定时任务完成 ==========
2026-01-19 04:30:00.050 [scheduling-1] INFO  - 总订单数: 0
2026-01-19 04:30:00.050 [scheduling-1] INFO  - 更新数量: 0
2026-01-19 04:30:00.050 [scheduling-1] INFO  - 跳过数量: 0
2026-01-19 04:30:00.050 [scheduling-1] INFO  - 错误数量: 0
2026-01-19 04:30:00.050 [scheduling-1] INFO  - 执行耗时: 34 毫秒
2026-01-19 04:30:00.050 [scheduling-1] INFO  - =====================================
2026-01-19 04:35:00.018 [scheduling-1] INFO  - ========== 开始执行定时任务：检查未到店订单 ==========
2026-01-19 04:35:00.043 [scheduling-1] INFO  - 找到 0 条待核销的订单
2026-01-19 04:35:00.043 [scheduling-1] INFO  - ========== 定时任务完成 ==========
2026-01-19 04:35:00.043 [scheduling-1] INFO  - 总订单数: 0
2026-01-19 04:35:00.043 [scheduling-1] INFO  - 更新数量: 0
2026-01-19 04:35:00.043 [scheduling-1] INFO  - 跳过数量: 0
2026-01-19 04:35:00.043 [scheduling-1] INFO  - 错误数量: 0
2026-01-19 04:35:00.043 [scheduling-1] INFO  - 执行耗时: 18 毫秒
2026-01-19 04:35:00.044 [scheduling-1] INFO  - =====================================
2026-01-19 04:39:59.994 [scheduling-1] INFO  - ========== 开始执行定时任务：检查未到店订单 ==========
2026-01-19 04:40:00.006 [scheduling-1] INFO  - 找到 0 条待核销的订单
2026-01-19 04:40:00.006 [scheduling-1] INFO  - ========== 定时任务完成 ==========
2026-01-19 04:40:00.006 [scheduling-1] INFO  - 总订单数: 0
2026-01-19 04:40:00.006 [scheduling-1] INFO  - 更新数量: 0
2026-01-19 04:40:00.006 [scheduling-1] INFO  - 跳过数量: 0
2026-01-19 04:40:00.006 [scheduling-1] INFO  - 错误数量: 0
2026-01-19 04:40:00.006 [scheduling-1] INFO  - 执行耗时: 10 毫秒
2026-01-19 04:40:00.006 [scheduling-1] INFO  - =====================================
2026-01-19 04:45:00.006 [scheduling-1] INFO  - ========== 开始执行定时任务：检查未到店订单 ==========
2026-01-19 04:45:00.018 [scheduling-1] INFO  - 找到 0 条待核销的订单
2026-01-19 04:45:00.018 [scheduling-1] INFO  - ========== 定时任务完成 ==========
2026-01-19 04:45:00.018 [scheduling-1] INFO  - 总订单数: 0
2026-01-19 04:45:00.019 [scheduling-1] INFO  - 更新数量: 0
2026-01-19 04:45:00.019 [scheduling-1] INFO  - 跳过数量: 0
2026-01-19 04:45:00.019 [scheduling-1] INFO  - 错误数量: 0
2026-01-19 04:45:00.019 [scheduling-1] INFO  - 执行耗时: 10 毫秒
2026-01-19 04:45:00.019 [scheduling-1] INFO  - =====================================
2026-01-19 04:50:00.006 [scheduling-1] INFO  - ========== 开始执行定时任务：检查未到店订单 ==========
2026-01-19 04:50:00.045 [scheduling-1] INFO  - 找到 0 条待核销的订单
2026-01-19 04:50:00.045 [scheduling-1] INFO  - ========== 定时任务完成 ==========
2026-01-19 04:50:00.045 [scheduling-1] INFO  - 总订单数: 0
2026-01-19 04:50:00.045 [scheduling-1] INFO  - 更新数量: 0
2026-01-19 04:50:00.046 [scheduling-1] INFO  - 跳过数量: 0
2026-01-19 04:50:00.046 [scheduling-1] INFO  - 错误数量: 0
2026-01-19 04:50:00.046 [scheduling-1] INFO  - 执行耗时: 36 毫秒
2026-01-19 04:50:00.046 [scheduling-1] INFO  - =====================================
2026-01-19 04:54:59.994 [scheduling-1] INFO  - ========== 开始执行定时任务：检查未到店订单 ==========
2026-01-19 04:55:00.014 [scheduling-1] INFO  - 找到 0 条待核销的订单
2026-01-19 04:55:00.015 [scheduling-1] INFO  - ========== 定时任务完成 ==========
2026-01-19 04:55:00.015 [scheduling-1] INFO  - 总订单数: 0
2026-01-19 04:55:00.015 [scheduling-1] INFO  - 更新数量: 0
2026-01-19 04:55:00.015 [scheduling-1] INFO  - 跳过数量: 0
2026-01-19 04:55:00.015 [scheduling-1] INFO  - 错误数量: 0
2026-01-19 04:55:00.015 [scheduling-1] INFO  - 执行耗时: 18 毫秒
2026-01-19 04:55:00.015 [scheduling-1] INFO  - =====================================
2026-01-19 05:00:00.011 [scheduling-1] INFO  - ========== 开始执行定时任务：检查未到店订单 ==========
2026-01-19 05:00:00.036 [scheduling-1] INFO  - 找到 0 条待核销的订单
2026-01-19 05:00:00.036 [scheduling-1] INFO  - ========== 定时任务完成 ==========
2026-01-19 05:00:00.036 [scheduling-1] INFO  - 总订单数: 0
2026-01-19 05:00:00.036 [scheduling-1] INFO  - 更新数量: 0
2026-01-19 05:00:00.036 [scheduling-1] INFO  - 跳过数量: 0
2026-01-19 05:00:00.036 [scheduling-1] INFO  - 错误数量: 0
2026-01-19 05:00:00.036 [scheduling-1] INFO  - 执行耗时: 21 毫秒
2026-01-19 05:00:00.036 [scheduling-1] INFO  - =====================================
2026-01-19 05:05:00.013 [scheduling-1] INFO  - ========== 开始执行定时任务：检查未到店订单 ==========
2026-01-19 05:05:00.047 [scheduling-1] INFO  - 找到 0 条待核销的订单
2026-01-19 05:05:00.047 [scheduling-1] INFO  - ========== 定时任务完成 ==========
2026-01-19 05:05:00.047 [scheduling-1] INFO  - 总订单数: 0
2026-01-19 05:05:00.047 [scheduling-1] INFO  - 更新数量: 0
2026-01-19 05:05:00.048 [scheduling-1] INFO  - 跳过数量: 0
2026-01-19 05:05:00.048 [scheduling-1] INFO  - 错误数量: 0
2026-01-19 05:05:00.048 [scheduling-1] INFO  - 执行耗时: 28 毫秒
2026-01-19 05:05:00.048 [scheduling-1] INFO  - =====================================
2026-01-19 05:10:00.013 [scheduling-1] INFO  - ========== 开始执行定时任务：检查未到店订单 ==========
2026-01-19 05:10:00.030 [scheduling-1] INFO  - 找到 0 条待核销的订单
2026-01-19 05:10:00.031 [scheduling-1] INFO  - ========== 定时任务完成 ==========
2026-01-19 05:10:00.031 [scheduling-1] INFO  - 总订单数: 0
2026-01-19 05:10:00.031 [scheduling-1] INFO  - 更新数量: 0
2026-01-19 05:10:00.031 [scheduling-1] INFO  - 跳过数量: 0
2026-01-19 05:10:00.031 [scheduling-1] INFO  - 错误数量: 0
2026-01-19 05:10:00.031 [scheduling-1] INFO  - 执行耗时: 12 毫秒
2026-01-19 05:10:00.031 [scheduling-1] INFO  - =====================================
2026-01-19 05:14:59.993 [scheduling-1] INFO  - ========== 开始执行定时任务：检查未到店订单 ==========
2026-01-19 05:15:00.024 [scheduling-1] INFO  - 找到 0 条待核销的订单
2026-01-19 05:15:00.024 [scheduling-1] INFO  - ========== 定时任务完成 ==========
2026-01-19 05:15:00.024 [scheduling-1] INFO  - 总订单数: 0
2026-01-19 05:15:00.024 [scheduling-1] INFO  - 更新数量: 0
2026-01-19 05:15:00.024 [scheduling-1] INFO  - 跳过数量: 0
2026-01-19 05:15:00.024 [scheduling-1] INFO  - 错误数量: 0
2026-01-19 05:15:00.024 [scheduling-1] INFO  - 执行耗时: 28 毫秒
2026-01-19 05:15:00.024 [scheduling-1] INFO  - =====================================
2026-01-19 05:20:00.030 [scheduling-1] INFO  - ========== 开始执行定时任务：检查未到店订单 ==========
2026-01-19 05:20:00.076 [scheduling-1] INFO  - 找到 0 条待核销的订单
2026-01-19 05:20:00.077 [scheduling-1] INFO  - ========== 定时任务完成 ==========
2026-01-19 05:20:00.077 [scheduling-1] INFO  - 总订单数: 0
2026-01-19 05:20:00.077 [scheduling-1] INFO  - 更新数量: 0
2026-01-19 05:20:00.077 [scheduling-1] INFO  - 跳过数量: 0
2026-01-19 05:20:00.077 [scheduling-1] INFO  - 错误数量: 0
2026-01-19 05:20:00.077 [scheduling-1] INFO  - 执行耗时: 40 毫秒
2026-01-19 05:20:00.077 [scheduling-1] INFO  - =====================================
2026-01-19 05:25:00.008 [scheduling-1] INFO  - ========== 开始执行定时任务：检查未到店订单 ==========
2026-01-19 05:25:00.051 [scheduling-1] INFO  - 找到 0 条待核销的订单
2026-01-19 05:25:00.051 [scheduling-1] INFO  - ========== 定时任务完成 ==========
2026-01-19 05:25:00.051 [scheduling-1] INFO  - 总订单数: 0
2026-01-19 05:25:00.051 [scheduling-1] INFO  - 更新数量: 0
2026-01-19 05:25:00.051 [scheduling-1] INFO  - 跳过数量: 0
2026-01-19 05:25:00.051 [scheduling-1] INFO  - 错误数量: 0
2026-01-19 05:25:00.051 [scheduling-1] INFO  - 执行耗时: 38 毫秒
2026-01-19 05:25:00.051 [scheduling-1] INFO  - =====================================
2026-01-19 05:30:00.021 [scheduling-1] INFO  - ========== 开始执行定时任务：检查未到店订单 ==========
2026-01-19 05:30:00.054 [scheduling-1] INFO  - 找到 0 条待核销的订单
2026-01-19 05:30:00.055 [scheduling-1] INFO  - ========== 定时任务完成 ==========
2026-01-19 05:30:00.055 [scheduling-1] INFO  - 总订单数: 0
2026-01-19 05:30:00.055 [scheduling-1] INFO  - 更新数量: 0
2026-01-19 05:30:00.055 [scheduling-1] INFO  - 跳过数量: 0
2026-01-19 05:30:00.055 [scheduling-1] INFO  - 错误数量: 0
2026-01-19 05:30:00.055 [scheduling-1] INFO  - 执行耗时: 30 毫秒
2026-01-19 05:30:00.055 [scheduling-1] INFO  - =====================================
2026-01-19 05:35:00.001 [scheduling-1] INFO  - ========== 开始执行定时任务：检查未到店订单 ==========
2026-01-19 05:35:00.039 [scheduling-1] INFO  - 找到 0 条待核销的订单
2026-01-19 05:35:00.039 [scheduling-1] INFO  - ========== 定时任务完成 ==========
2026-01-19 05:35:00.039 [scheduling-1] INFO  - 总订单数: 0
2026-01-19 05:35:00.039 [scheduling-1] INFO  - 更新数量: 0
2026-01-19 05:35:00.039 [scheduling-1] INFO  - 跳过数量: 0
2026-01-19 05:35:00.039 [scheduling-1] INFO  - 错误数量: 0
2026-01-19 05:35:00.039 [scheduling-1] INFO  - 执行耗时: 35 毫秒
2026-01-19 05:35:00.040 [scheduling-1] INFO  - =====================================
2026-01-19 05:40:00.010 [scheduling-1] INFO  - ========== 开始执行定时任务：检查未到店订单 ==========
2026-01-19 05:40:00.025 [scheduling-1] INFO  - 找到 0 条待核销的订单
2026-01-19 05:40:00.025 [scheduling-1] INFO  - ========== 定时任务完成 ==========
2026-01-19 05:40:00.025 [scheduling-1] INFO  - 总订单数: 0
2026-01-19 05:40:00.025 [scheduling-1] INFO  - 更新数量: 0
2026-01-19 05:40:00.025 [scheduling-1] INFO  - 跳过数量: 0
2026-01-19 05:40:00.025 [scheduling-1] INFO  - 错误数量: 0
2026-01-19 05:40:00.025 [scheduling-1] INFO  - 执行耗时: 13 毫秒
2026-01-19 05:40:00.025 [scheduling-1] INFO  - =====================================
2026-01-19 05:45:00.069 [scheduling-1] INFO  - ========== 开始执行定时任务：检查未到店订单 ==========
2026-01-19 05:45:00.083 [scheduling-1] INFO  - 找到 0 条待核销的订单
2026-01-19 05:45:00.083 [scheduling-1] INFO  - ========== 定时任务完成 ==========
2026-01-19 05:45:00.084 [scheduling-1] INFO  - 总订单数: 0
2026-01-19 05:45:00.084 [scheduling-1] INFO  - 更新数量: 0
2026-01-19 05:45:00.084 [scheduling-1] INFO  - 跳过数量: 0
2026-01-19 05:45:00.084 [scheduling-1] INFO  - 错误数量: 0
2026-01-19 05:45:00.084 [scheduling-1] INFO  - 执行耗时: 12 毫秒
2026-01-19 05:45:00.084 [scheduling-1] INFO  - =====================================
2026-01-19 05:50:00.013 [scheduling-1] INFO  - ========== 开始执行定时任务：检查未到店订单 ==========
2026-01-19 05:50:00.053 [scheduling-1] INFO  - 找到 0 条待核销的订单
2026-01-19 05:50:00.054 [scheduling-1] INFO  - ========== 定时任务完成 ==========
2026-01-19 05:50:00.054 [scheduling-1] INFO  - 总订单数: 0
2026-01-19 05:50:00.054 [scheduling-1] INFO  - 更新数量: 0
2026-01-19 05:50:00.054 [scheduling-1] INFO  - 跳过数量: 0
2026-01-19 05:50:00.054 [scheduling-1] INFO  - 错误数量: 0
2026-01-19 05:50:00.054 [scheduling-1] INFO  - 执行耗时: 39 毫秒
2026-01-19 05:50:00.054 [scheduling-1] INFO  - =====================================
2026-01-19 05:55:00.013 [scheduling-1] INFO  - ========== 开始执行定时任务：检查未到店订单 ==========
2026-01-19 05:55:00.054 [scheduling-1] INFO  - 找到 0 条待核销的订单
2026-01-19 05:55:00.054 [scheduling-1] INFO  - ========== 定时任务完成 ==========
2026-01-19 05:55:00.055 [scheduling-1] INFO  - 总订单数: 0
2026-01-19 05:55:00.055 [scheduling-1] INFO  - 更新数量: 0
2026-01-19 05:55:00.055 [scheduling-1] INFO  - 跳过数量: 0
2026-01-19 05:55:00.055 [scheduling-1] INFO  - 错误数量: 0
2026-01-19 05:55:00.055 [scheduling-1] INFO  - 执行耗时: 38 毫秒
2026-01-19 05:55:00.056 [scheduling-1] INFO  - =====================================
2026-01-19 06:00:00.013 [scheduling-1] INFO  - ========== 开始执行定时任务：检查未到店订单 ==========
2026-01-19 06:00:00.047 [scheduling-1] INFO  - 找到 0 条待核销的订单
2026-01-19 06:00:00.048 [scheduling-1] INFO  - ========== 定时任务完成 ==========
2026-01-19 06:00:00.048 [scheduling-1] INFO  - 总订单数: 0
2026-01-19 06:00:00.048 [scheduling-1] INFO  - 更新数量: 0
2026-01-19 06:00:00.048 [scheduling-1] INFO  - 跳过数量: 0
2026-01-19 06:00:00.048 [scheduling-1] INFO  - 错误数量: 0
2026-01-19 06:00:00.048 [scheduling-1] INFO  - 执行耗时: 30 毫秒
2026-01-19 06:00:00.048 [scheduling-1] INFO  - =====================================
2026-01-19 06:05:00.014 [scheduling-1] INFO  - ========== 开始执行定时任务：检查未到店订单 ==========
2026-01-19 06:05:00.035 [scheduling-1] INFO  - 找到 0 条待核销的订单
2026-01-19 06:05:00.036 [scheduling-1] INFO  - ========== 定时任务完成 ==========
2026-01-19 06:05:00.036 [scheduling-1] INFO  - 总订单数: 0
2026-01-19 06:05:00.036 [scheduling-1] INFO  - 更新数量: 0
2026-01-19 06:05:00.036 [scheduling-1] INFO  - 跳过数量: 0
2026-01-19 06:05:00.036 [scheduling-1] INFO  - 错误数量: 0
2026-01-19 06:05:00.036 [scheduling-1] INFO  - 执行耗时: 18 毫秒
2026-01-19 06:05:00.036 [scheduling-1] INFO  - =====================================
2026-01-19 06:10:00.032 [scheduling-1] INFO  - ========== 开始执行定时任务：检查未到店订单 ==========
2026-01-19 06:10:00.046 [scheduling-1] INFO  - 找到 0 条待核销的订单
2026-01-19 06:10:00.046 [scheduling-1] INFO  - ========== 定时任务完成 ==========
2026-01-19 06:10:00.046 [scheduling-1] INFO  - 总订单数: 0
2026-01-19 06:10:00.046 [scheduling-1] INFO  - 更新数量: 0
2026-01-19 06:10:00.046 [scheduling-1] INFO  - 跳过数量: 0
2026-01-19 06:10:00.046 [scheduling-1] INFO  - 错误数量: 0
2026-01-19 06:10:00.046 [scheduling-1] INFO  - 执行耗时: 12 毫秒
2026-01-19 06:10:00.046 [scheduling-1] INFO  - =====================================
2026-01-19 06:15:00.007 [scheduling-1] INFO  - ========== 开始执行定时任务：检查未到店订单 ==========
2026-01-19 06:15:00.041 [scheduling-1] INFO  - 找到 0 条待核销的订单
2026-01-19 06:15:00.042 [scheduling-1] INFO  - ========== 定时任务完成 ==========
2026-01-19 06:15:00.042 [scheduling-1] INFO  - 总订单数: 0
2026-01-19 06:15:00.042 [scheduling-1] INFO  - 更新数量: 0
2026-01-19 06:15:00.042 [scheduling-1] INFO  - 跳过数量: 0
2026-01-19 06:15:00.042 [scheduling-1] INFO  - 错误数量: 0
2026-01-19 06:15:00.042 [scheduling-1] INFO  - 执行耗时: 33 毫秒
2026-01-19 06:15:00.043 [scheduling-1] INFO  - =====================================
2026-01-19 06:20:00.035 [scheduling-1] INFO  - ========== 开始执行定时任务：检查未到店订单 ==========
2026-01-19 06:20:00.063 [scheduling-1] INFO  - 找到 0 条待核销的订单
2026-01-19 06:20:00.063 [scheduling-1] INFO  - ========== 定时任务完成 ==========
2026-01-19 06:20:00.063 [scheduling-1] INFO  - 总订单数: 0
2026-01-19 06:20:00.063 [scheduling-1] INFO  - 更新数量: 0
2026-01-19 06:20:00.063 [scheduling-1] INFO  - 跳过数量: 0
2026-01-19 06:20:00.063 [scheduling-1] INFO  - 错误数量: 0
2026-01-19 06:20:00.063 [scheduling-1] INFO  - 执行耗时: 26 毫秒
2026-01-19 06:20:00.063 [scheduling-1] INFO  - =====================================
2026-01-19 06:25:00.014 [scheduling-1] INFO  - ========== 开始执行定时任务：检查未到店订单 ==========
2026-01-19 06:25:00.037 [scheduling-1] INFO  - 找到 0 条待核销的订单
2026-01-19 06:25:00.039 [scheduling-1] INFO  - ========== 定时任务完成 ==========
2026-01-19 06:25:00.039 [scheduling-1] INFO  - 总订单数: 0
2026-01-19 06:25:00.039 [scheduling-1] INFO  - 更新数量: 0
2026-01-19 06:25:00.039 [scheduling-1] INFO  - 跳过数量: 0
2026-01-19 06:25:00.039 [scheduling-1] INFO  - 错误数量: 0
2026-01-19 06:25:00.039 [scheduling-1] INFO  - 执行耗时: 22 毫秒
2026-01-19 06:25:00.039 [scheduling-1] INFO  - =====================================
2026-01-19 06:30:00.014 [scheduling-1] INFO  - ========== 开始执行定时任务：检查未到店订单 ==========
2026-01-19 06:30:00.043 [scheduling-1] INFO  - 找到 0 条待核销的订单
2026-01-19 06:30:00.043 [scheduling-1] INFO  - ========== 定时任务完成 ==========
2026-01-19 06:30:00.043 [scheduling-1] INFO  - 总订单数: 0
2026-01-19 06:30:00.043 [scheduling-1] INFO  - 更新数量: 0
2026-01-19 06:30:00.043 [scheduling-1] INFO  - 跳过数量: 0
2026-01-19 06:30:00.043 [scheduling-1] INFO  - 错误数量: 0
2026-01-19 06:30:00.043 [scheduling-1] INFO  - 执行耗时: 23 毫秒
2026-01-19 06:30:00.043 [scheduling-1] INFO  - =====================================
2026-01-19 06:35:00.007 [scheduling-1] INFO  - ========== 开始执行定时任务：检查未到店订单 ==========
2026-01-19 06:35:00.029 [scheduling-1] INFO  - 找到 0 条待核销的订单
2026-01-19 06:35:00.029 [scheduling-1] INFO  - ========== 定时任务完成 ==========
2026-01-19 06:35:00.029 [scheduling-1] INFO  - 总订单数: 0
2026-01-19 06:35:00.029 [scheduling-1] INFO  - 更新数量: 0
2026-01-19 06:35:00.029 [scheduling-1] INFO  - 跳过数量: 0
2026-01-19 06:35:00.029 [scheduling-1] INFO  - 错误数量: 0
2026-01-19 06:35:00.029 [scheduling-1] INFO  - 执行耗时: 19 毫秒
2026-01-19 06:35:00.029 [scheduling-1] INFO  - =====================================
2026-01-19 06:40:00.014 [scheduling-1] INFO  - ========== 开始执行定时任务：检查未到店订单 ==========
2026-01-19 06:40:00.043 [scheduling-1] INFO  - 找到 0 条待核销的订单
2026-01-19 06:40:00.043 [scheduling-1] INFO  - ========== 定时任务完成 ==========
2026-01-19 06:40:00.043 [scheduling-1] INFO  - 总订单数: 0
2026-01-19 06:40:00.044 [scheduling-1] INFO  - 更新数量: 0
2026-01-19 06:40:00.044 [scheduling-1] INFO  - 跳过数量: 0
2026-01-19 06:40:00.044 [scheduling-1] INFO  - 错误数量: 0
2026-01-19 06:40:00.044 [scheduling-1] INFO  - 执行耗时: 27 毫秒
2026-01-19 06:40:00.044 [scheduling-1] INFO  - =====================================
2026-01-19 06:45:00.006 [scheduling-1] INFO  - ========== 开始执行定时任务：检查未到店订单 ==========
2026-01-19 06:45:00.030 [scheduling-1] INFO  - 找到 0 条待核销的订单
2026-01-19 06:45:00.031 [scheduling-1] INFO  - ========== 定时任务完成 ==========
2026-01-19 06:45:00.031 [scheduling-1] INFO  - 总订单数: 0
2026-01-19 06:45:00.031 [scheduling-1] INFO  - 更新数量: 0
2026-01-19 06:45:00.031 [scheduling-1] INFO  - 跳过数量: 0
2026-01-19 06:45:00.031 [scheduling-1] INFO  - 错误数量: 0
2026-01-19 06:45:00.031 [scheduling-1] INFO  - 执行耗时: 22 毫秒
2026-01-19 06:45:00.031 [scheduling-1] INFO  - =====================================
2026-01-19 06:50:00.018 [scheduling-1] INFO  - ========== 开始执行定时任务：检查未到店订单 ==========
2026-01-19 06:50:00.066 [scheduling-1] INFO  - 找到 0 条待核销的订单
2026-01-19 06:50:00.066 [scheduling-1] INFO  - ========== 定时任务完成 ==========
2026-01-19 06:50:00.066 [scheduling-1] INFO  - 总订单数: 0
2026-01-19 06:50:00.066 [scheduling-1] INFO  - 更新数量: 0
2026-01-19 06:50:00.067 [scheduling-1] INFO  - 跳过数量: 0
2026-01-19 06:50:00.067 [scheduling-1] INFO  - 错误数量: 0
2026-01-19 06:50:00.067 [scheduling-1] INFO  - 执行耗时: 46 毫秒
2026-01-19 06:50:00.067 [scheduling-1] INFO  - =====================================
2026-01-19 06:54:59.988 [scheduling-1] INFO  - ========== 开始执行定时任务：检查未到店订单 ==========
2026-01-19 06:54:59.999 [scheduling-1] INFO  - 找到 0 条待核销的订单
2026-01-19 06:54:59.999 [scheduling-1] INFO  - ========== 定时任务完成 ==========
2026-01-19 06:54:59.999 [scheduling-1] INFO  - 总订单数: 0
2026-01-19 06:54:59.999 [scheduling-1] INFO  - 更新数量: 0
2026-01-19 06:54:59.999 [scheduling-1] INFO  - 跳过数量: 0
2026-01-19 06:54:59.999 [scheduling-1] INFO  - 错误数量: 0
2026-01-19 06:54:59.999 [scheduling-1] INFO  - 执行耗时: 9 毫秒
2026-01-19 06:54:59.999 [scheduling-1] INFO  - =====================================
2026-01-19 07:00:00.019 [scheduling-1] INFO  - ========== 开始执行定时任务：检查未到店订单 ==========
2026-01-19 07:00:00.032 [scheduling-1] INFO  - 找到 0 条待核销的订单
2026-01-19 07:00:00.032 [scheduling-1] INFO  - ========== 定时任务完成 ==========
2026-01-19 07:00:00.033 [scheduling-1] INFO  - 总订单数: 0
2026-01-19 07:00:00.033 [scheduling-1] INFO  - 更新数量: 0
2026-01-19 07:00:00.033 [scheduling-1] INFO  - 跳过数量: 0
2026-01-19 07:00:00.033 [scheduling-1] INFO  - 错误数量: 0
2026-01-19 07:00:00.033 [scheduling-1] INFO  - 执行耗时: 11 毫秒
2026-01-19 07:00:00.033 [scheduling-1] INFO  - =====================================
2026-01-19 07:05:00.018 [scheduling-1] INFO  - ========== 开始执行定时任务：检查未到店订单 ==========
2026-01-19 07:05:00.094 [scheduling-1] INFO  - 找到 0 条待核销的订单
2026-01-19 07:05:00.094 [scheduling-1] INFO  - ========== 定时任务完成 ==========
2026-01-19 07:05:00.094 [scheduling-1] INFO  - 总订单数: 0
2026-01-19 07:05:00.094 [scheduling-1] INFO  - 更新数量: 0
2026-01-19 07:05:00.094 [scheduling-1] INFO  - 跳过数量: 0
2026-01-19 07:05:00.094 [scheduling-1] INFO  - 错误数量: 0
2026-01-19 07:05:00.094 [scheduling-1] INFO  - 执行耗时: 74 毫秒
2026-01-19 07:05:00.094 [scheduling-1] INFO  - =====================================
2026-01-19 07:10:00.012 [scheduling-1] INFO  - ========== 开始执行定时任务：检查未到店订单 ==========
2026-01-19 07:10:00.040 [scheduling-1] INFO  - 找到 0 条待核销的订单
2026-01-19 07:10:00.041 [scheduling-1] INFO  - ========== 定时任务完成 ==========
2026-01-19 07:10:00.041 [scheduling-1] INFO  - 总订单数: 0
2026-01-19 07:10:00.041 [scheduling-1] INFO  - 更新数量: 0
2026-01-19 07:10:00.041 [scheduling-1] INFO  - 跳过数量: 0
2026-01-19 07:10:00.041 [scheduling-1] INFO  - 错误数量: 0
2026-01-19 07:10:00.041 [scheduling-1] INFO  - 执行耗时: 28 毫秒
2026-01-19 07:10:00.041 [scheduling-1] INFO  - =====================================
2026-01-19 07:15:00.014 [scheduling-1] INFO  - ========== 开始执行定时任务：检查未到店订单 ==========
2026-01-19 07:15:00.046 [scheduling-1] INFO  - 找到 0 条待核销的订单
2026-01-19 07:15:00.046 [scheduling-1] INFO  - ========== 定时任务完成 ==========
2026-01-19 07:15:00.046 [scheduling-1] INFO  - 总订单数: 0
2026-01-19 07:15:00.046 [scheduling-1] INFO  - 更新数量: 0
2026-01-19 07:15:00.046 [scheduling-1] INFO  - 跳过数量: 0
2026-01-19 07:15:00.046 [scheduling-1] INFO  - 错误数量: 0
2026-01-19 07:15:00.046 [scheduling-1] INFO  - 执行耗时: 29 毫秒
2026-01-19 07:15:00.046 [scheduling-1] INFO  - =====================================
2026-01-19 07:20:00.013 [scheduling-1] INFO  - ========== 开始执行定时任务：检查未到店订单 ==========
2026-01-19 07:20:00.029 [scheduling-1] INFO  - 找到 0 条待核销的订单
2026-01-19 07:20:00.029 [scheduling-1] INFO  - ========== 定时任务完成 ==========
2026-01-19 07:20:00.029 [scheduling-1] INFO  - 总订单数: 0
2026-01-19 07:20:00.029 [scheduling-1] INFO  - 更新数量: 0
2026-01-19 07:20:00.029 [scheduling-1] INFO  - 跳过数量: 0
2026-01-19 07:20:00.029 [scheduling-1] INFO  - 错误数量: 0
2026-01-19 07:20:00.029 [scheduling-1] INFO  - 执行耗时: 14 毫秒
2026-01-19 07:20:00.029 [scheduling-1] INFO  - =====================================
2026-01-19 07:24:59.976 [scheduling-1] INFO  - ========== 开始执行定时任务：检查未到店订单 ==========
2026-01-19 07:25:00.022 [scheduling-1] INFO  - 找到 0 条待核销的订单
2026-01-19 07:25:00.023 [scheduling-1] INFO  - ========== 定时任务完成 ==========
2026-01-19 07:25:00.023 [scheduling-1] INFO  - 总订单数: 0
2026-01-19 07:25:00.023 [scheduling-1] INFO  - 更新数量: 0
2026-01-19 07:25:00.023 [scheduling-1] INFO  - 跳过数量: 0
2026-01-19 07:25:00.023 [scheduling-1] INFO  - 错误数量: 0
2026-01-19 07:25:00.023 [scheduling-1] INFO  - 执行耗时: 43 毫秒
2026-01-19 07:25:00.023 [scheduling-1] INFO  - =====================================
2026-01-19 07:30:00.018 [scheduling-1] INFO  - ========== 开始执行定时任务：检查未到店订单 ==========
2026-01-19 07:30:00.051 [scheduling-1] INFO  - 找到 0 条待核销的订单
2026-01-19 07:30:00.052 [scheduling-1] INFO  - ========== 定时任务完成 ==========
2026-01-19 07:30:00.052 [scheduling-1] INFO  - 总订单数: 0
2026-01-19 07:30:00.052 [scheduling-1] INFO  - 更新数量: 0
2026-01-19 07:30:00.052 [scheduling-1] INFO  - 跳过数量: 0
2026-01-19 07:30:00.052 [scheduling-1] INFO  - 错误数量: 0
2026-01-19 07:30:00.052 [scheduling-1] INFO  - 执行耗时: 16 毫秒
2026-01-19 07:30:00.052 [scheduling-1] INFO  - =====================================
2026-01-19 07:35:00.016 [scheduling-1] INFO  - ========== 开始执行定时任务：检查未到店订单 ==========
2026-01-19 07:35:00.088 [scheduling-1] INFO  - 找到 0 条待核销的订单
2026-01-19 07:35:00.089 [scheduling-1] INFO  - ========== 定时任务完成 ==========
2026-01-19 07:35:00.089 [scheduling-1] INFO  - 总订单数: 0
2026-01-19 07:35:00.089 [scheduling-1] INFO  - 更新数量: 0
2026-01-19 07:35:00.089 [scheduling-1] INFO  - 跳过数量: 0
2026-01-19 07:35:00.089 [scheduling-1] INFO  - 错误数量: 0
2026-01-19 07:35:00.089 [scheduling-1] INFO  - 执行耗时: 72 毫秒
2026-01-19 07:35:00.089 [scheduling-1] INFO  - =====================================
2026-01-19 07:40:00.044 [scheduling-1] INFO  - ========== 开始执行定时任务：检查未到店订单 ==========
2026-01-19 07:40:00.067 [scheduling-1] INFO  - 找到 0 条待核销的订单
2026-01-19 07:40:00.067 [scheduling-1] INFO  - ========== 定时任务完成 ==========
2026-01-19 07:40:00.067 [scheduling-1] INFO  - 总订单数: 0
2026-01-19 07:40:00.067 [scheduling-1] INFO  - 更新数量: 0
2026-01-19 07:40:00.067 [scheduling-1] INFO  - 跳过数量: 0
2026-01-19 07:40:00.067 [scheduling-1] INFO  - 错误数量: 0
2026-01-19 07:40:00.067 [scheduling-1] INFO  - 执行耗时: 17 毫秒
2026-01-19 07:40:00.067 [scheduling-1] INFO  - =====================================
2026-01-19 07:45:00.028 [scheduling-1] INFO  - ========== 开始执行定时任务：检查未到店订单 ==========
2026-01-19 07:45:00.045 [scheduling-1] INFO  - 找到 0 条待核销的订单
2026-01-19 07:45:00.045 [scheduling-1] INFO  - ========== 定时任务完成 ==========
2026-01-19 07:45:00.045 [scheduling-1] INFO  - 总订单数: 0
2026-01-19 07:45:00.046 [scheduling-1] INFO  - 更新数量: 0
2026-01-19 07:45:00.046 [scheduling-1] INFO  - 跳过数量: 0
2026-01-19 07:45:00.046 [scheduling-1] INFO  - 错误数量: 0
2026-01-19 07:45:00.046 [scheduling-1] INFO  - 执行耗时: 10 毫秒
2026-01-19 07:45:00.046 [scheduling-1] INFO  - =====================================
2026-01-19 07:50:00.017 [scheduling-1] INFO  - ========== 开始执行定时任务：检查未到店订单 ==========
2026-01-19 07:50:00.066 [scheduling-1] INFO  - 找到 0 条待核销的订单
2026-01-19 07:50:00.067 [scheduling-1] INFO  - ========== 定时任务完成 ==========
2026-01-19 07:50:00.067 [scheduling-1] INFO  - 总订单数: 0
2026-01-19 07:50:00.067 [scheduling-1] INFO  - 更新数量: 0
2026-01-19 07:50:00.067 [scheduling-1] INFO  - 跳过数量: 0
2026-01-19 07:50:00.067 [scheduling-1] INFO  - 错误数量: 0
2026-01-19 07:50:00.067 [scheduling-1] INFO  - 执行耗时: 49 毫秒
2026-01-19 07:50:00.067 [scheduling-1] INFO  - =====================================
2026-01-19 07:55:00.012 [scheduling-1] INFO  - ========== 开始执行定时任务：检查未到店订单 ==========
2026-01-19 07:55:00.054 [scheduling-1] INFO  - 找到 0 条待核销的订单
2026-01-19 07:55:00.055 [scheduling-1] INFO  - ========== 定时任务完成 ==========
2026-01-19 07:55:00.055 [scheduling-1] INFO  - 总订单数: 0
2026-01-19 07:55:00.055 [scheduling-1] INFO  - 更新数量: 0
2026-01-19 07:55:00.055 [scheduling-1] INFO  - 跳过数量: 0
2026-01-19 07:55:00.055 [scheduling-1] INFO  - 错误数量: 0
2026-01-19 07:55:00.055 [scheduling-1] INFO  - 执行耗时: 40 毫秒
2026-01-19 07:55:00.055 [scheduling-1] INFO  - =====================================
2026-01-19 08:00:00.006 [scheduling-1] INFO  - ========== 开始执行定时任务：检查未到店订单 ==========
2026-01-19 08:00:00.046 [scheduling-1] INFO  - 找到 0 条待核销的订单
2026-01-19 08:00:00.046 [scheduling-1] INFO  - ========== 定时任务完成 ==========
2026-01-19 08:00:00.046 [scheduling-1] INFO  - 总订单数: 0
2026-01-19 08:00:00.046 [scheduling-1] INFO  - 更新数量: 0
2026-01-19 08:00:00.046 [scheduling-1] INFO  - 跳过数量: 0
2026-01-19 08:00:00.046 [scheduling-1] INFO  - 错误数量: 0
2026-01-19 08:00:00.046 [scheduling-1] INFO  - 执行耗时: 37 毫秒
2026-01-19 08:00:00.046 [scheduling-1] INFO  - =====================================
2026-01-19 08:05:00.029 [scheduling-1] INFO  - ========== 开始执行定时任务：检查未到店订单 ==========
2026-01-19 08:05:00.052 [scheduling-1] INFO  - 找到 0 条待核销的订单
2026-01-19 08:05:00.052 [scheduling-1] INFO  - ========== 定时任务完成 ==========
2026-01-19 08:05:00.052 [scheduling-1] INFO  - 总订单数: 0
2026-01-19 08:05:00.052 [scheduling-1] INFO  - 更新数量: 0
2026-01-19 08:05:00.052 [scheduling-1] INFO  - 跳过数量: 0
2026-01-19 08:05:00.053 [scheduling-1] INFO  - 错误数量: 0
2026-01-19 08:05:00.053 [scheduling-1] INFO  - 执行耗时: 19 毫秒
2026-01-19 08:05:00.053 [scheduling-1] INFO  - =====================================
2026-01-19 08:10:00.032 [scheduling-1] INFO  - ========== 开始执行定时任务：检查未到店订单 ==========
2026-01-19 08:10:00.053 [scheduling-1] INFO  - 找到 0 条待核销的订单
2026-01-19 08:10:00.053 [scheduling-1] INFO  - ========== 定时任务完成 ==========
2026-01-19 08:10:00.053 [scheduling-1] INFO  - 总订单数: 0
2026-01-19 08:10:00.053 [scheduling-1] INFO  - 更新数量: 0
2026-01-19 08:10:00.053 [scheduling-1] INFO  - 跳过数量: 0
2026-01-19 08:10:00.053 [scheduling-1] INFO  - 错误数量: 0
2026-01-19 08:10:00.053 [scheduling-1] INFO  - 执行耗时: 19 毫秒
2026-01-19 08:10:00.053 [scheduling-1] INFO  - =====================================
2026-01-19 08:15:00.015 [scheduling-1] INFO  - ========== 开始执行定时任务：检查未到店订单 ==========
2026-01-19 08:15:00.036 [scheduling-1] INFO  - 找到 0 条待核销的订单
2026-01-19 08:15:00.036 [scheduling-1] INFO  - ========== 定时任务完成 ==========
2026-01-19 08:15:00.036 [scheduling-1] INFO  - 总订单数: 0
2026-01-19 08:15:00.036 [scheduling-1] INFO  - 更新数量: 0
2026-01-19 08:15:00.036 [scheduling-1] INFO  - 跳过数量: 0
2026-01-19 08:15:00.036 [scheduling-1] INFO  - 错误数量: 0
2026-01-19 08:15:00.036 [scheduling-1] INFO  - 执行耗时: 20 毫秒
2026-01-19 08:15:00.037 [scheduling-1] INFO  - =====================================
2026-01-19 08:20:00.015 [scheduling-1] INFO  - ========== 开始执行定时任务：检查未到店订单 ==========
2026-01-19 08:20:00.048 [scheduling-1] INFO  - 找到 0 条待核销的订单
2026-01-19 08:20:00.048 [scheduling-1] INFO  - ========== 定时任务完成 ==========
2026-01-19 08:20:00.048 [scheduling-1] INFO  - 总订单数: 0
2026-01-19 08:20:00.048 [scheduling-1] INFO  - 更新数量: 0
2026-01-19 08:20:00.049 [scheduling-1] INFO  - 跳过数量: 0
2026-01-19 08:20:00.049 [scheduling-1] INFO  - 错误数量: 0
2026-01-19 08:20:00.049 [scheduling-1] INFO  - 执行耗时: 30 毫秒
2026-01-19 08:20:00.049 [scheduling-1] INFO  - =====================================
2026-01-19 08:24:59.957 [scheduling-1] INFO  - ========== 开始执行定时任务：检查未到店订单 ==========
2026-01-19 08:24:59.979 [scheduling-1] INFO  - 找到 0 条待核销的订单
2026-01-19 08:24:59.980 [scheduling-1] INFO  - ========== 定时任务完成 ==========
2026-01-19 08:24:59.980 [scheduling-1] INFO  - 总订单数: 0
2026-01-19 08:24:59.980 [scheduling-1] INFO  - 更新数量: 0
2026-01-19 08:24:59.981 [scheduling-1] INFO  - 跳过数量: 0
2026-01-19 08:24:59.981 [scheduling-1] INFO  - 错误数量: 0
2026-01-19 08:24:59.981 [scheduling-1] INFO  - 执行耗时: 20 毫秒
2026-01-19 08:24:59.981 [scheduling-1] INFO  - =====================================
2026-01-19 08:30:00.025 [scheduling-1] INFO  - ========== 开始执行定时任务：检查未到店订单 ==========
2026-01-19 08:30:00.044 [scheduling-1] INFO  - 找到 0 条待核销的订单
2026-01-19 08:30:00.044 [scheduling-1] INFO  - ========== 定时任务完成 ==========
2026-01-19 08:30:00.044 [scheduling-1] INFO  - 总订单数: 0
2026-01-19 08:30:00.044 [scheduling-1] INFO  - 更新数量: 0
2026-01-19 08:30:00.044 [scheduling-1] INFO  - 跳过数量: 0
2026-01-19 08:30:00.044 [scheduling-1] INFO  - 错误数量: 0
2026-01-19 08:30:00.044 [scheduling-1] INFO  - 执行耗时: 16 毫秒
2026-01-19 08:30:00.044 [scheduling-1] INFO  - =====================================
2026-01-19 08:35:00.015 [scheduling-1] INFO  - ========== 开始执行定时任务：检查未到店订单 ==========
2026-01-19 08:35:00.081 [scheduling-1] INFO  - 找到 0 条待核销的订单
2026-01-19 08:35:00.081 [scheduling-1] INFO  - ========== 定时任务完成 ==========
2026-01-19 08:35:00.081 [scheduling-1] INFO  - 总订单数: 0
2026-01-19 08:35:00.081 [scheduling-1] INFO  - 更新数量: 0
2026-01-19 08:35:00.081 [scheduling-1] INFO  - 跳过数量: 0
2026-01-19 08:35:00.081 [scheduling-1] INFO  - 错误数量: 0
2026-01-19 08:35:00.081 [scheduling-1] INFO  - 执行耗时: 63 毫秒
2026-01-19 08:35:00.082 [scheduling-1] INFO  - =====================================
2026-01-19 08:40:00.015 [scheduling-1] INFO  - ========== 开始执行定时任务：检查未到店订单 ==========
2026-01-19 08:40:00.033 [scheduling-1] INFO  - 找到 0 条待核销的订单
2026-01-19 08:40:00.034 [scheduling-1] INFO  - ========== 定时任务完成 ==========
2026-01-19 08:40:00.034 [scheduling-1] INFO  - 总订单数: 0
2026-01-19 08:40:00.034 [scheduling-1] INFO  - 更新数量: 0
2026-01-19 08:40:00.034 [scheduling-1] INFO  - 跳过数量: 0
2026-01-19 08:40:00.034 [scheduling-1] INFO  - 错误数量: 0
2026-01-19 08:40:00.034 [scheduling-1] INFO  - 执行耗时: 17 毫秒
2026-01-19 08:40:00.034 [scheduling-1] INFO  - =====================================
2026-01-19 08:45:00.003 [scheduling-1] INFO  - ========== 开始执行定时任务：检查未到店订单 ==========
2026-01-19 08:45:00.019 [scheduling-1] INFO  - 找到 0 条待核销的订单
2026-01-19 08:45:00.019 [scheduling-1] INFO  - ========== 定时任务完成 ==========
2026-01-19 08:45:00.020 [scheduling-1] INFO  - 总订单数: 0
2026-01-19 08:45:00.020 [scheduling-1] INFO  - 更新数量: 0
2026-01-19 08:45:00.020 [scheduling-1] INFO  - 跳过数量: 0
2026-01-19 08:45:00.020 [scheduling-1] INFO  - 错误数量: 0
2026-01-19 08:45:00.020 [scheduling-1] INFO  - 执行耗时: 14 毫秒
2026-01-19 08:45:00.020 [scheduling-1] INFO  - =====================================
2026-01-19 08:50:00.013 [scheduling-1] INFO  - ========== 开始执行定时任务：检查未到店订单 ==========
2026-01-19 08:50:00.076 [scheduling-1] INFO  - 找到 0 条待核销的订单
2026-01-19 08:50:00.080 [scheduling-1] INFO  - ========== 定时任务完成 ==========
2026-01-19 08:50:00.080 [scheduling-1] INFO  - 总订单数: 0
2026-01-19 08:50:00.080 [scheduling-1] INFO  - 更新数量: 0
2026-01-19 08:50:00.080 [scheduling-1] INFO  - 跳过数量: 0
2026-01-19 08:50:00.080 [scheduling-1] INFO  - 错误数量: 0
2026-01-19 08:50:00.080 [scheduling-1] INFO  - 执行耗时: 64 毫秒
2026-01-19 08:50:00.081 [scheduling-1] INFO  - =====================================
2026-01-19 08:55:00.009 [scheduling-1] INFO  - ========== 开始执行定时任务：检查未到店订单 ==========
2026-01-19 08:55:00.035 [scheduling-1] INFO  - 找到 0 条待核销的订单
2026-01-19 08:55:00.036 [scheduling-1] INFO  - ========== 定时任务完成 ==========
2026-01-19 08:55:00.036 [scheduling-1] INFO  - 总订单数: 0
2026-01-19 08:55:00.036 [scheduling-1] INFO  - 更新数量: 0
2026-01-19 08:55:00.036 [scheduling-1] INFO  - 跳过数量: 0
2026-01-19 08:55:00.036 [scheduling-1] INFO  - 错误数量: 0
2026-01-19 08:55:00.036 [scheduling-1] INFO  - 执行耗时: 24 毫秒
2026-01-19 08:55:00.036 [scheduling-1] INFO  - =====================================
2026-01-19 09:00:00.028 [scheduling-1] INFO  - ========== 开始执行定时任务：检查未到店订单 ==========
2026-01-19 09:00:00.054 [scheduling-1] INFO  - 找到 0 条待核销的订单
2026-01-19 09:00:00.054 [scheduling-1] INFO  - ========== 定时任务完成 ==========
2026-01-19 09:00:00.054 [scheduling-1] INFO  - 总订单数: 0
2026-01-19 09:00:00.055 [scheduling-1] INFO  - 更新数量: 0
2026-01-19 09:00:00.055 [scheduling-1] INFO  - 跳过数量: 0
2026-01-19 09:00:00.055 [scheduling-1] INFO  - 错误数量: 0
2026-01-19 09:00:00.055 [scheduling-1] INFO  - 执行耗时: 23 毫秒
2026-01-19 09:00:00.055 [scheduling-1] INFO  - =====================================
2026-01-19 09:05:00.011 [scheduling-1] INFO  - ========== 开始执行定时任务：检查未到店订单 ==========
2026-01-19 09:05:00.034 [scheduling-1] INFO  - 找到 0 条待核销的订单
2026-01-19 09:05:00.034 [scheduling-1] INFO  - ========== 定时任务完成 ==========
2026-01-19 09:05:00.034 [scheduling-1] INFO  - 总订单数: 0
2026-01-19 09:05:00.035 [scheduling-1] INFO  - 更新数量: 0
2026-01-19 09:05:00.035 [scheduling-1] INFO  - 跳过数量: 0
2026-01-19 09:05:00.035 [scheduling-1] INFO  - 错误数量: 0
2026-01-19 09:05:00.035 [scheduling-1] INFO  - 执行耗时: 21 毫秒
2026-01-19 09:05:00.035 [scheduling-1] INFO  - =====================================
2026-01-19 09:10:00.009 [scheduling-1] INFO  - ========== 开始执行定时任务：检查未到店订单 ==========
2026-01-19 09:10:00.045 [scheduling-1] INFO  - 找到 0 条待核销的订单
2026-01-19 09:10:00.045 [scheduling-1] INFO  - ========== 定时任务完成 ==========
2026-01-19 09:10:00.045 [scheduling-1] INFO  - 总订单数: 0
2026-01-19 09:10:00.045 [scheduling-1] INFO  - 更新数量: 0
2026-01-19 09:10:00.045 [scheduling-1] INFO  - 跳过数量: 0
2026-01-19 09:10:00.046 [scheduling-1] INFO  - 错误数量: 0
2026-01-19 09:10:00.046 [scheduling-1] INFO  - 执行耗时: 21 毫秒
2026-01-19 09:10:00.046 [scheduling-1] INFO  - =====================================
2026-01-19 09:15:00.012 [scheduling-1] INFO  - ========== 开始执行定时任务：检查未到店订单 ==========
2026-01-19 09:15:00.035 [scheduling-1] INFO  - 找到 0 条待核销的订单
2026-01-19 09:15:00.035 [scheduling-1] INFO  - ========== 定时任务完成 ==========
2026-01-19 09:15:00.035 [scheduling-1] INFO  - 总订单数: 0
2026-01-19 09:15:00.035 [scheduling-1] INFO  - 更新数量: 0
2026-01-19 09:15:00.035 [scheduling-1] INFO  - 跳过数量: 0
2026-01-19 09:15:00.035 [scheduling-1] INFO  - 错误数量: 0
2026-01-19 09:15:00.035 [scheduling-1] INFO  - 执行耗时: 20 毫秒
2026-01-19 09:15:00.035 [scheduling-1] INFO  - =====================================
2026-01-19 09:20:00.011 [scheduling-1] INFO  - ========== 开始执行定时任务：检查未到店订单 ==========
2026-01-19 09:20:00.029 [scheduling-1] INFO  - 找到 0 条待核销的订单
2026-01-19 09:20:00.029 [scheduling-1] INFO  - ========== 定时任务完成 ==========
2026-01-19 09:20:00.029 [scheduling-1] INFO  - 总订单数: 0
2026-01-19 09:20:00.029 [scheduling-1] INFO  - 更新数量: 0
2026-01-19 09:20:00.030 [scheduling-1] INFO  - 跳过数量: 0
2026-01-19 09:20:00.030 [scheduling-1] INFO  - 错误数量: 0
2026-01-19 09:20:00.030 [scheduling-1] INFO  - 执行耗时: 16 毫秒
2026-01-19 09:20:00.030 [scheduling-1] INFO  - =====================================
2026-01-19 09:25:00.004 [scheduling-1] INFO  - ========== 开始执行定时任务：检查未到店订单 ==========
2026-01-19 09:25:00.031 [scheduling-1] INFO  - 找到 0 条待核销的订单
2026-01-19 09:25:00.031 [scheduling-1] INFO  - ========== 定时任务完成 ==========
2026-01-19 09:25:00.031 [scheduling-1] INFO  - 总订单数: 0
2026-01-19 09:25:00.031 [scheduling-1] INFO  - 更新数量: 0
2026-01-19 09:25:00.031 [scheduling-1] INFO  - 跳过数量: 0
2026-01-19 09:25:00.031 [scheduling-1] INFO  - 错误数量: 0
2026-01-19 09:25:00.031 [scheduling-1] INFO  - 执行耗时: 19 毫秒
2026-01-19 09:25:00.031 [scheduling-1] INFO  - =====================================
2026-01-19 09:30:00.067 [scheduling-1] INFO  - ========== 开始执行定时任务：检查未到店订单 ==========
2026-01-19 09:30:00.081 [scheduling-1] INFO  - 找到 0 条待核销的订单
2026-01-19 09:30:00.082 [scheduling-1] INFO  - ========== 定时任务完成 ==========
2026-01-19 09:30:00.082 [scheduling-1] INFO  - 总订单数: 0
2026-01-19 09:30:00.082 [scheduling-1] INFO  - 更新数量: 0
2026-01-19 09:30:00.082 [scheduling-1] INFO  - 跳过数量: 0
2026-01-19 09:30:00.082 [scheduling-1] INFO  - 错误数量: 0
2026-01-19 09:30:00.082 [scheduling-1] INFO  - 执行耗时: 12 毫秒
2026-01-19 09:30:00.082 [scheduling-1] INFO  - =====================================
2026-01-19 09:35:00.741 [scheduling-1] INFO  - ========== 开始执行定时任务：检查未到店订单 ==========
2026-01-19 09:35:05.065 [scheduling-1] INFO  - 找到 0 条待核销的订单
2026-01-19 09:35:05.066 [scheduling-1] INFO  - ========== 定时任务完成 ==========
2026-01-19 09:35:05.066 [scheduling-1] INFO  - 总订单数: 0
2026-01-19 09:35:05.066 [scheduling-1] INFO  - 更新数量: 0
2026-01-19 09:35:05.067 [scheduling-1] INFO  - 跳过数量: 0
2026-01-19 09:35:05.067 [scheduling-1] INFO  - 错误数量: 0
2026-01-19 09:35:05.067 [scheduling-1] INFO  - 执行耗时: 4296 毫秒
2026-01-19 09:35:05.067 [scheduling-1] INFO  - =====================================
2026-01-19 09:40:00.018 [scheduling-1] INFO  - ========== 开始执行定时任务：检查未到店订单 ==========
2026-01-19 09:40:00.070 [scheduling-1] INFO  - 找到 0 条待核销的订单
2026-01-19 09:40:00.070 [scheduling-1] INFO  - ========== 定时任务完成 ==========
2026-01-19 09:40:00.070 [scheduling-1] INFO  - 总订单数: 0
2026-01-19 09:40:00.070 [scheduling-1] INFO  - 更新数量: 0
2026-01-19 09:40:00.070 [scheduling-1] INFO  - 跳过数量: 0
2026-01-19 09:40:00.070 [scheduling-1] INFO  - 错误数量: 0
2026-01-19 09:40:00.070 [scheduling-1] INFO  - 执行耗时: 43 毫秒
2026-01-19 09:40:00.070 [scheduling-1] INFO  - =====================================
2026-01-19 09:45:00.039 [scheduling-1] INFO  - ========== 开始执行定时任务：检查未到店订单 ==========
2026-01-19 09:45:00.075 [scheduling-1] INFO  - 找到 0 条待核销的订单
2026-01-19 09:45:00.075 [scheduling-1] INFO  - ========== 定时任务完成 ==========
2026-01-19 09:45:00.075 [scheduling-1] INFO  - 总订单数: 0
2026-01-19 09:45:00.075 [scheduling-1] INFO  - 更新数量: 0
2026-01-19 09:45:00.075 [scheduling-1] INFO  - 跳过数量: 0
2026-01-19 09:45:00.075 [scheduling-1] INFO  - 错误数量: 0
2026-01-19 09:45:00.075 [scheduling-1] INFO  - 执行耗时: 34 毫秒
2026-01-19 09:45:00.075 [scheduling-1] INFO  - =====================================
2026-01-19 09:50:00.018 [scheduling-1] INFO  - ========== 开始执行定时任务：检查未到店订单 ==========
2026-01-19 09:50:00.045 [scheduling-1] INFO  - 找到 0 条待核销的订单
2026-01-19 09:50:00.045 [scheduling-1] INFO  - ========== 定时任务完成 ==========
2026-01-19 09:50:00.045 [scheduling-1] INFO  - 总订单数: 0
2026-01-19 09:50:00.045 [scheduling-1] INFO  - 更新数量: 0
2026-01-19 09:50:00.045 [scheduling-1] INFO  - 跳过数量: 0
2026-01-19 09:50:00.045 [scheduling-1] INFO  - 错误数量: 0
2026-01-19 09:50:00.045 [scheduling-1] INFO  - 执行耗时: 17 毫秒
2026-01-19 09:50:00.045 [scheduling-1] INFO  - =====================================
2026-01-19 09:55:00.015 [scheduling-1] INFO  - ========== 开始执行定时任务：检查未到店订单 ==========
2026-01-19 09:55:00.043 [scheduling-1] INFO  - 找到 0 条待核销的订单
2026-01-19 09:55:00.043 [scheduling-1] INFO  - ========== 定时任务完成 ==========
2026-01-19 09:55:00.043 [scheduling-1] INFO  - 总订单数: 0
2026-01-19 09:55:00.043 [scheduling-1] INFO  - 更新数量: 0
2026-01-19 09:55:00.043 [scheduling-1] INFO  - 跳过数量: 0
2026-01-19 09:55:00.043 [scheduling-1] INFO  - 错误数量: 0
2026-01-19 09:55:00.043 [scheduling-1] INFO  - 执行耗时: 23 毫秒
2026-01-19 09:55:00.044 [scheduling-1] INFO  - =====================================
2026-01-19 10:00:00.020 [scheduling-1] INFO  - ========== 开始执行定时任务：检查未到店订单 ==========
2026-01-19 10:00:00.065 [scheduling-1] INFO  - 找到 0 条待核销的订单
2026-01-19 10:00:00.065 [scheduling-1] INFO  - ========== 定时任务完成 ==========
2026-01-19 10:00:00.065 [scheduling-1] INFO  - 总订单数: 0
2026-01-19 10:00:00.065 [scheduling-1] INFO  - 更新数量: 0
2026-01-19 10:00:00.065 [scheduling-1] INFO  - 跳过数量: 0
2026-01-19 10:00:00.065 [scheduling-1] INFO  - 错误数量: 0
2026-01-19 10:00:00.066 [scheduling-1] INFO  - 执行耗时: 42 毫秒
2026-01-19 10:00:00.066 [scheduling-1] INFO  - =====================================
2026-01-19 10:05:00.031 [scheduling-1] INFO  - ========== 开始执行定时任务：检查未到店订单 ==========
2026-01-19 10:05:00.065 [scheduling-1] INFO  - 找到 0 条待核销的订单
2026-01-19 10:05:00.065 [scheduling-1] INFO  - ========== 定时任务完成 ==========
2026-01-19 10:05:00.065 [scheduling-1] INFO  - 总订单数: 0
2026-01-19 10:05:00.065 [scheduling-1] INFO  - 更新数量: 0
2026-01-19 10:05:00.065 [scheduling-1] INFO  - 跳过数量: 0
2026-01-19 10:05:00.065 [scheduling-1] INFO  - 错误数量: 0
2026-01-19 10:05:00.065 [scheduling-1] INFO  - 执行耗时: 26 毫秒
2026-01-19 10:05:00.065 [scheduling-1] INFO  - =====================================
2026-01-19 10:10:00.015 [scheduling-1] INFO  - ========== 开始执行定时任务：检查未到店订单 ==========
2026-01-19 10:10:00.044 [scheduling-1] INFO  - 找到 0 条待核销的订单
2026-01-19 10:10:00.044 [scheduling-1] INFO  - ========== 定时任务完成 ==========
2026-01-19 10:10:00.044 [scheduling-1] INFO  - 总订单数: 0
2026-01-19 10:10:00.045 [scheduling-1] INFO  - 更新数量: 0
2026-01-19 10:10:00.045 [scheduling-1] INFO  - 跳过数量: 0
2026-01-19 10:10:00.045 [scheduling-1] INFO  - 错误数量: 0
2026-01-19 10:10:00.045 [scheduling-1] INFO  - 执行耗时: 25 毫秒
2026-01-19 10:10:00.045 [scheduling-1] INFO  - =====================================
2026-01-19 10:15:00.016 [scheduling-1] INFO  - ========== 开始执行定时任务：检查未到店订单 ==========
2026-01-19 10:15:00.041 [scheduling-1] INFO  - 找到 0 条待核销的订单
2026-01-19 10:15:00.041 [scheduling-1] INFO  - ========== 定时任务完成 ==========
2026-01-19 10:15:00.041 [scheduling-1] INFO  - 总订单数: 0
2026-01-19 10:15:00.041 [scheduling-1] INFO  - 更新数量: 0
2026-01-19 10:15:00.041 [scheduling-1] INFO  - 跳过数量: 0
2026-01-19 10:15:00.041 [scheduling-1] INFO  - 错误数量: 0
2026-01-19 10:15:00.041 [scheduling-1] INFO  - 执行耗时: 23 毫秒
2026-01-19 10:15:00.041 [scheduling-1] INFO  - =====================================
2026-01-19 10:20:00.014 [scheduling-1] INFO  - ========== 开始执行定时任务：检查未到店订单 ==========
2026-01-19 10:20:00.101 [scheduling-1] INFO  - 找到 0 条待核销的订单
2026-01-19 10:20:00.101 [scheduling-1] INFO  - ========== 定时任务完成 ==========
2026-01-19 10:20:00.101 [scheduling-1] INFO  - 总订单数: 0
2026-01-19 10:20:00.101 [scheduling-1] INFO  - 更新数量: 0
2026-01-19 10:20:00.102 [scheduling-1] INFO  - 跳过数量: 0
2026-01-19 10:20:00.102 [scheduling-1] INFO  - 错误数量: 0
2026-01-19 10:20:00.102 [scheduling-1] INFO  - 执行耗时: 82 毫秒
2026-01-19 10:20:00.102 [scheduling-1] INFO  - =====================================
2026-01-19 15:40:00.013 [scheduling-1] INFO  - ========== 开始执行定时任务：检查未到店订单 ==========
2026-01-19 15:40:00.022 [scheduling-1] INFO  - 找到 0 条待核销的订单
2026-01-19 15:40:00.022 [scheduling-1] INFO  - ========== 定时任务完成 ==========
2026-01-19 15:40:00.022 [scheduling-1] INFO  - 总订单数: 0
2026-01-19 15:40:00.022 [scheduling-1] INFO  - 更新数量: 0
2026-01-19 15:40:00.022 [scheduling-1] INFO  - 跳过数量: 0
2026-01-19 15:40:00.022 [scheduling-1] INFO  - 错误数量: 0
2026-01-19 15:40:00.022 [scheduling-1] INFO  - 执行耗时: 8 毫秒
2026-01-19 15:40:00.022 [scheduling-1] INFO  - =====================================
2026-01-19 15:45:00.009 [scheduling-1] INFO  - ========== 开始执行定时任务：检查未到店订单 ==========
2026-01-19 15:45:00.077 [scheduling-1] INFO  - 找到 0 条待核销的订单
2026-01-19 15:45:00.077 [scheduling-1] INFO  - ========== 定时任务完成 ==========
2026-01-19 15:45:00.077 [scheduling-1] INFO  - 总订单数: 0
2026-01-19 15:45:00.077 [scheduling-1] INFO  - 更新数量: 0
2026-01-19 15:45:00.077 [scheduling-1] INFO  - 跳过数量: 0
2026-01-19 15:45:00.077 [scheduling-1] INFO  - 错误数量: 0
2026-01-19 15:45:00.077 [scheduling-1] INFO  - 执行耗时: 65 毫秒
2026-01-19 15:45:00.077 [scheduling-1] INFO  - =====================================
2026-01-19 15:49:59.956 [scheduling-1] INFO  - ========== 开始执行定时任务：检查未到店订单 ==========
2026-01-19 15:50:00.024 [scheduling-1] INFO  - 找到 0 条待核销的订单
2026-01-19 15:50:00.025 [scheduling-1] INFO  - ========== 定时任务完成 ==========
2026-01-19 15:50:00.025 [scheduling-1] INFO  - 总订单数: 0
2026-01-19 15:50:00.025 [scheduling-1] INFO  - 更新数量: 0
2026-01-19 15:50:00.025 [scheduling-1] INFO  - 跳过数量: 0
2026-01-19 15:50:00.025 [scheduling-1] INFO  - 错误数量: 0
2026-01-19 15:50:00.025 [scheduling-1] INFO  - 执行耗时: 67 毫秒
2026-01-19 15:50:00.025 [scheduling-1] INFO  - =====================================
2026-01-19 15:55:00.013 [scheduling-1] INFO  - ========== 开始执行定时任务：检查未到店订单 ==========
2026-01-19 15:55:00.089 [scheduling-1] INFO  - 找到 0 条待核销的订单
2026-01-19 15:55:00.090 [scheduling-1] INFO  - ========== 定时任务完成 ==========
2026-01-19 15:55:00.090 [scheduling-1] INFO  - 总订单数: 0
2026-01-19 15:55:00.090 [scheduling-1] INFO  - 更新数量: 0
2026-01-19 15:55:00.090 [scheduling-1] INFO  - 跳过数量: 0
2026-01-19 15:55:00.090 [scheduling-1] INFO  - 错误数量: 0
2026-01-19 15:55:00.090 [scheduling-1] INFO  - 执行耗时: 71 毫秒
2026-01-19 15:55:00.090 [scheduling-1] INFO  - =====================================
2026-01-19 16:00:00.002 [scheduling-1] INFO  - ========== 开始执行定时任务：检查未到店订单 ==========
2026-01-19 16:00:00.025 [scheduling-1] INFO  - 找到 0 条待核销的订单
2026-01-19 16:00:00.025 [scheduling-1] INFO  - ========== 定时任务完成 ==========
2026-01-19 16:00:00.025 [scheduling-1] INFO  - 总订单数: 0
2026-01-19 16:00:00.025 [scheduling-1] INFO  - 更新数量: 0
2026-01-19 16:00:00.025 [scheduling-1] INFO  - 跳过数量: 0
2026-01-19 16:00:00.025 [scheduling-1] INFO  - 错误数量: 0
2026-01-19 16:00:00.025 [scheduling-1] INFO  - 执行耗时: 21 毫秒
2026-01-19 16:00:00.025 [scheduling-1] INFO  - =====================================
2026-01-19 16:05:00.008 [scheduling-1] INFO  - ========== 开始执行定时任务：检查未到店订单 ==========
2026-01-19 16:05:00.056 [scheduling-1] INFO  - 找到 0 条待核销的订单
2026-01-19 16:05:00.056 [scheduling-1] INFO  - ========== 定时任务完成 ==========
2026-01-19 16:05:00.056 [scheduling-1] INFO  - 总订单数: 0
2026-01-19 16:05:00.056 [scheduling-1] INFO  - 更新数量: 0
2026-01-19 16:05:00.056 [scheduling-1] INFO  - 跳过数量: 0
2026-01-19 16:05:00.056 [scheduling-1] INFO  - 错误数量: 0
2026-01-19 16:05:00.056 [scheduling-1] INFO  - 执行耗时: 44 毫秒
2026-01-19 16:05:00.056 [scheduling-1] INFO  - =====================================
2026-01-19 16:10:00.011 [scheduling-1] INFO  - ========== 开始执行定时任务：检查未到店订单 ==========
2026-01-19 16:10:00.050 [scheduling-1] INFO  - 找到 0 条待核销的订单
2026-01-19 16:10:00.051 [scheduling-1] INFO  - ========== 定时任务完成 ==========
2026-01-19 16:10:00.051 [scheduling-1] INFO  - 总订单数: 0
2026-01-19 16:10:00.051 [scheduling-1] INFO  - 更新数量: 0
2026-01-19 16:10:00.051 [scheduling-1] INFO  - 跳过数量: 0
2026-01-19 16:10:00.051 [scheduling-1] INFO  - 错误数量: 0
2026-01-19 16:10:00.052 [scheduling-1] INFO  - 执行耗时: 37 毫秒
2026-01-19 16:10:00.054 [scheduling-1] INFO  - =====================================
2026-01-19 16:15:00.015 [scheduling-1] INFO  - ========== 开始执行定时任务：检查未到店订单 ==========
2026-01-19 16:15:00.085 [scheduling-1] INFO  - 找到 0 条待核销的订单
2026-01-19 16:15:00.086 [scheduling-1] INFO  - ========== 定时任务完成 ==========
2026-01-19 16:15:00.086 [scheduling-1] INFO  - 总订单数: 0
2026-01-19 16:15:00.086 [scheduling-1] INFO  - 更新数量: 0
2026-01-19 16:15:00.086 [scheduling-1] INFO  - 跳过数量: 0
2026-01-19 16:15:00.086 [scheduling-1] INFO  - 错误数量: 0
2026-01-19 16:15:00.086 [scheduling-1] INFO  - 执行耗时: 62 毫秒
2026-01-19 16:15:00.086 [scheduling-1] INFO  - =====================================
2026-01-19 16:20:00.006 [scheduling-1] INFO  - ========== 开始执行定时任务：检查未到店订单 ==========
2026-01-19 16:20:00.034 [scheduling-1] INFO  - 找到 0 条待核销的订单
2026-01-19 16:20:00.034 [scheduling-1] INFO  - ========== 定时任务完成 ==========
2026-01-19 16:20:00.034 [scheduling-1] INFO  - 总订单数: 0
2026-01-19 16:20:00.035 [scheduling-1] INFO  - 更新数量: 0
2026-01-19 16:20:00.035 [scheduling-1] INFO  - 跳过数量: 0
2026-01-19 16:20:00.035 [scheduling-1] INFO  - 错误数量: 0
2026-01-19 16:20:00.035 [scheduling-1] INFO  - 执行耗时: 21 毫秒
2026-01-19 16:20:00.035 [scheduling-1] INFO  - =====================================
2026-01-19 16:25:00.018 [scheduling-1] INFO  - ========== 开始执行定时任务：检查未到店订单 ==========
2026-01-19 16:25:00.108 [scheduling-1] INFO  - 找到 0 条待核销的订单
2026-01-19 16:25:00.108 [scheduling-1] INFO  - ========== 定时任务完成 ==========
2026-01-19 16:25:00.108 [scheduling-1] INFO  - 总订单数: 0
2026-01-19 16:25:00.108 [scheduling-1] INFO  - 更新数量: 0
2026-01-19 16:25:00.108 [scheduling-1] INFO  - 跳过数量: 0
2026-01-19 16:25:00.108 [scheduling-1] INFO  - 错误数量: 0
2026-01-19 16:25:00.109 [scheduling-1] INFO  - 执行耗时: 83 毫秒
2026-01-19 16:25:00.109 [scheduling-1] INFO  - =====================================
2026-01-19 16:30:00.063 [scheduling-1] INFO  - ========== 开始执行定时任务：检查未到店订单 ==========
2026-01-19 16:30:00.094 [scheduling-1] INFO  - 找到 0 条待核销的订单
2026-01-19 16:30:00.095 [scheduling-1] INFO  - ========== 定时任务完成 ==========
2026-01-19 16:30:00.095 [scheduling-1] INFO  - 总订单数: 0
2026-01-19 16:30:00.096 [scheduling-1] INFO  - 更新数量: 0
2026-01-19 16:30:00.096 [scheduling-1] INFO  - 跳过数量: 0
2026-01-19 16:30:00.097 [scheduling-1] INFO  - 错误数量: 0
2026-01-19 16:30:00.097 [scheduling-1] INFO  - 执行耗时: 31 毫秒
2026-01-19 16:30:00.097 [scheduling-1] INFO  - =====================================
2026-01-19 16:35:00.007 [scheduling-1] INFO  - ========== 开始执行定时任务：检查未到店订单 ==========
2026-01-19 16:35:00.042 [scheduling-1] INFO  - 找到 0 条待核销的订单
2026-01-19 16:35:00.042 [scheduling-1] INFO  - ========== 定时任务完成 ==========
2026-01-19 16:35:00.042 [scheduling-1] INFO  - 总订单数: 0
2026-01-19 16:35:00.042 [scheduling-1] INFO  - 更新数量: 0
2026-01-19 16:35:00.042 [scheduling-1] INFO  - 跳过数量: 0
2026-01-19 16:35:00.042 [scheduling-1] INFO  - 错误数量: 0
2026-01-19 16:35:00.042 [scheduling-1] INFO  - 执行耗时: 33 毫秒
2026-01-19 16:35:00.042 [scheduling-1] INFO  - =====================================
2026-01-19 16:40:00.013 [scheduling-1] INFO  - ========== 开始执行定时任务：检查未到店订单 ==========
2026-01-19 16:40:00.038 [scheduling-1] INFO  - 找到 0 条待核销的订单
2026-01-19 16:40:00.038 [scheduling-1] INFO  - ========== 定时任务完成 ==========
2026-01-19 16:40:00.038 [scheduling-1] INFO  - 总订单数: 0
2026-01-19 16:40:00.038 [scheduling-1] INFO  - 更新数量: 0
2026-01-19 16:40:00.038 [scheduling-1] INFO  - 跳过数量: 0
2026-01-19 16:40:00.038 [scheduling-1] INFO  - 错误数量: 0
2026-01-19 16:40:00.038 [scheduling-1] INFO  - 执行耗时: 22 毫秒
2026-01-19 16:40:00.038 [scheduling-1] INFO  - =====================================
2026-01-19 16:45:00.014 [scheduling-1] INFO  - ========== 开始执行定时任务：检查未到店订单 ==========
2026-01-19 16:45:00.034 [scheduling-1] INFO  - 找到 0 条待核销的订单
2026-01-19 16:45:00.035 [scheduling-1] INFO  - ========== 定时任务完成 ==========
2026-01-19 16:45:00.035 [scheduling-1] INFO  - 总订单数: 0
2026-01-19 16:45:00.035 [scheduling-1] INFO  - 更新数量: 0
2026-01-19 16:45:00.035 [scheduling-1] INFO  - 跳过数量: 0
2026-01-19 16:45:00.035 [scheduling-1] INFO  - 错误数量: 0
2026-01-19 16:45:00.035 [scheduling-1] INFO  - 执行耗时: 19 毫秒
2026-01-19 16:45:00.035 [scheduling-1] INFO  - =====================================
2026-01-19 16:50:00.025 [scheduling-1] INFO  - ========== 开始执行定时任务：检查未到店订单 ==========
2026-01-19 16:50:00.047 [scheduling-1] INFO  - 找到 0 条待核销的订单
2026-01-19 16:50:00.048 [scheduling-1] INFO  - ========== 定时任务完成 ==========
2026-01-19 16:50:00.048 [scheduling-1] INFO  - 总订单数: 0
2026-01-19 16:50:00.048 [scheduling-1] INFO  - 更新数量: 0
2026-01-19 16:50:00.048 [scheduling-1] INFO  - 跳过数量: 0
2026-01-19 16:50:00.048 [scheduling-1] INFO  - 错误数量: 0
2026-01-19 16:50:00.048 [scheduling-1] INFO  - 执行耗时: 20 毫秒
2026-01-19 16:50:00.048 [scheduling-1] INFO  - =====================================
2026-01-19 16:55:00.033 [scheduling-1] INFO  - ========== 开始执行定时任务：检查未到店订单 ==========
2026-01-19 16:55:00.054 [scheduling-1] INFO  - 找到 0 条待核销的订单
2026-01-19 16:55:00.054 [scheduling-1] INFO  - ========== 定时任务完成 ==========
2026-01-19 16:55:00.054 [scheduling-1] INFO  - 总订单数: 0
2026-01-19 16:55:00.054 [scheduling-1] INFO  - 更新数量: 0
2026-01-19 16:55:00.054 [scheduling-1] INFO  - 跳过数量: 0
2026-01-19 16:55:00.054 [scheduling-1] INFO  - 错误数量: 0
2026-01-19 16:55:00.054 [scheduling-1] INFO  - 执行耗时: 18 毫秒
2026-01-19 16:55:00.054 [scheduling-1] INFO  - =====================================
2026-01-19 17:00:00.014 [scheduling-1] INFO  - ========== 开始执行定时任务：检查未到店订单 ==========
2026-01-19 17:00:00.032 [scheduling-1] INFO  - 找到 0 条待核销的订单
2026-01-19 17:00:00.032 [scheduling-1] INFO  - ========== 定时任务完成 ==========
2026-01-19 17:00:00.032 [scheduling-1] INFO  - 总订单数: 0
2026-01-19 17:00:00.032 [scheduling-1] INFO  - 更新数量: 0
2026-01-19 17:00:00.032 [scheduling-1] INFO  - 跳过数量: 0
2026-01-19 17:00:00.032 [scheduling-1] INFO  - 错误数量: 0
2026-01-19 17:00:00.032 [scheduling-1] INFO  - 执行耗时: 17 毫秒
2026-01-19 17:00:00.032 [scheduling-1] INFO  - =====================================
2026-01-19 17:05:00.008 [scheduling-1] INFO  - ========== 开始执行定时任务：检查未到店订单 ==========
2026-01-19 17:05:00.028 [scheduling-1] INFO  - 找到 0 条待核销的订单
2026-01-19 17:05:00.028 [scheduling-1] INFO  - ========== 定时任务完成 ==========
2026-01-19 17:05:00.028 [scheduling-1] INFO  - 总订单数: 0
2026-01-19 17:05:00.028 [scheduling-1] INFO  - 更新数量: 0
2026-01-19 17:05:00.028 [scheduling-1] INFO  - 跳过数量: 0
2026-01-19 17:05:00.029 [scheduling-1] INFO  - 错误数量: 0
2026-01-19 17:05:00.029 [scheduling-1] INFO  - 执行耗时: 18 毫秒
2026-01-19 17:05:00.029 [scheduling-1] INFO  - =====================================
2026-01-19 17:10:00.008 [scheduling-1] INFO  - ========== 开始执行定时任务：检查未到店订单 ==========
2026-01-19 17:10:00.040 [scheduling-1] INFO  - 找到 0 条待核销的订单
2026-01-19 17:10:00.040 [scheduling-1] INFO  - ========== 定时任务完成 ==========
2026-01-19 17:10:00.040 [scheduling-1] INFO  - 总订单数: 0
2026-01-19 17:10:00.040 [scheduling-1] INFO  - 更新数量: 0
2026-01-19 17:10:00.040 [scheduling-1] INFO  - 跳过数量: 0
2026-01-19 17:10:00.040 [scheduling-1] INFO  - 错误数量: 0
2026-01-19 17:10:00.040 [scheduling-1] INFO  - 执行耗时: 29 毫秒
2026-01-19 17:10:00.040 [scheduling-1] INFO  - =====================================
2026-01-19 17:14:59.990 [scheduling-1] INFO  - ========== 开始执行定时任务：检查未到店订单 ==========
2026-01-19 17:15:00.024 [scheduling-1] INFO  - 找到 0 条待核销的订单
2026-01-19 17:15:00.024 [scheduling-1] INFO  - ========== 定时任务完成 ==========
2026-01-19 17:15:00.024 [scheduling-1] INFO  - 总订单数: 0
2026-01-19 17:15:00.024 [scheduling-1] INFO  - 更新数量: 0
2026-01-19 17:15:00.024 [scheduling-1] INFO  - 跳过数量: 0
2026-01-19 17:15:00.024 [scheduling-1] INFO  - 错误数量: 0
2026-01-19 17:15:00.024 [scheduling-1] INFO  - 执行耗时: 31 毫秒
2026-01-19 17:15:00.024 [scheduling-1] INFO  - =====================================
2026-01-19 17:20:00.014 [scheduling-1] INFO  - ========== 开始执行定时任务：检查未到店订单 ==========
2026-01-19 17:20:00.048 [scheduling-1] INFO  - 找到 0 条待核销的订单
2026-01-19 17:20:00.048 [scheduling-1] INFO  - ========== 定时任务完成 ==========
2026-01-19 17:20:00.048 [scheduling-1] INFO  - 总订单数: 0
2026-01-19 17:20:00.048 [scheduling-1] INFO  - 更新数量: 0
2026-01-19 17:20:00.048 [scheduling-1] INFO  - 跳过数量: 0
2026-01-19 17:20:00.048 [scheduling-1] INFO  - 错误数量: 0
2026-01-19 17:20:00.048 [scheduling-1] INFO  - 执行耗时: 32 毫秒
2026-01-19 17:20:00.048 [scheduling-1] INFO  - =====================================
2026-01-19 17:25:00.014 [scheduling-1] INFO  - ========== 开始执行定时任务：检查未到店订单 ==========
2026-01-19 17:25:00.031 [scheduling-1] INFO  - 找到 0 条待核销的订单
2026-01-19 17:25:00.032 [scheduling-1] INFO  - ========== 定时任务完成 ==========
2026-01-19 17:25:00.032 [scheduling-1] INFO  - 总订单数: 0
2026-01-19 17:25:00.032 [scheduling-1] INFO  - 更新数量: 0
2026-01-19 17:25:00.032 [scheduling-1] INFO  - 跳过数量: 0
2026-01-19 17:25:00.032 [scheduling-1] INFO  - 错误数量: 0
2026-01-19 17:25:00.032 [scheduling-1] INFO  - 执行耗时: 16 毫秒
2026-01-19 17:25:00.032 [scheduling-1] INFO  - =====================================
2026-01-19 17:29:59.942 [scheduling-1] INFO  - ========== 开始执行定时任务：检查未到店订单 ==========
2026-01-19 17:29:59.965 [scheduling-1] INFO  - 找到 0 条待核销的订单
2026-01-19 17:29:59.965 [scheduling-1] INFO  - ========== 定时任务完成 ==========
2026-01-19 17:29:59.965 [scheduling-1] INFO  - 总订单数: 0
2026-01-19 17:29:59.965 [scheduling-1] INFO  - 更新数量: 0
2026-01-19 17:29:59.966 [scheduling-1] INFO  - 跳过数量: 0
2026-01-19 17:29:59.966 [scheduling-1] INFO  - 错误数量: 0
2026-01-19 17:29:59.966 [scheduling-1] INFO  - 执行耗时: 20 毫秒
2026-01-19 17:29:59.966 [scheduling-1] INFO  - =====================================
2026-01-19 17:35:00.010 [scheduling-1] INFO  - ========== 开始执行定时任务：检查未到店订单 ==========
2026-01-19 17:35:00.051 [scheduling-1] INFO  - 找到 0 条待核销的订单
2026-01-19 17:35:00.051 [scheduling-1] INFO  - ========== 定时任务完成 ==========
2026-01-19 17:35:00.051 [scheduling-1] INFO  - 总订单数: 0
2026-01-19 17:35:00.051 [scheduling-1] INFO  - 更新数量: 0
2026-01-19 17:35:00.051 [scheduling-1] INFO  - 跳过数量: 0
2026-01-19 17:35:00.051 [scheduling-1] INFO  - 错误数量: 0
2026-01-19 17:35:00.051 [scheduling-1] INFO  - 执行耗时: 36 毫秒
2026-01-19 17:35:00.051 [scheduling-1] INFO  - =====================================
2026-01-19 17:40:00.003 [scheduling-1] INFO  - ========== 开始执行定时任务：检查未到店订单 ==========
2026-01-19 17:40:00.054 [scheduling-1] INFO  - 找到 0 条待核销的订单
2026-01-19 17:40:00.055 [scheduling-1] INFO  - ========== 定时任务完成 ==========
2026-01-19 17:40:00.055 [scheduling-1] INFO  - 总订单数: 0
2026-01-19 17:40:00.055 [scheduling-1] INFO  - 更新数量: 0
2026-01-19 17:40:00.055 [scheduling-1] INFO  - 跳过数量: 0
2026-01-19 17:40:00.055 [scheduling-1] INFO  - 错误数量: 0
2026-01-19 17:40:00.055 [scheduling-1] INFO  - 执行耗时: 51 毫秒
2026-01-19 17:40:00.055 [scheduling-1] INFO  - =====================================
2026-01-19 17:45:00.007 [scheduling-1] INFO  - ========== 开始执行定时任务：检查未到店订单 ==========
2026-01-19 17:45:00.036 [scheduling-1] INFO  - 找到 0 条待核销的订单
2026-01-19 17:45:00.036 [scheduling-1] INFO  - ========== 定时任务完成 ==========
2026-01-19 17:45:00.036 [scheduling-1] INFO  - 总订单数: 0
2026-01-19 17:45:00.036 [scheduling-1] INFO  - 更新数量: 0
2026-01-19 17:45:00.036 [scheduling-1] INFO  - 跳过数量: 0
2026-01-19 17:45:00.036 [scheduling-1] INFO  - 错误数量: 0
2026-01-19 17:45:00.036 [scheduling-1] INFO  - 执行耗时: 27 毫秒
2026-01-19 17:45:00.036 [scheduling-1] INFO  - =====================================
2026-01-19 17:50:00.009 [scheduling-1] INFO  - ========== 开始执行定时任务：检查未到店订单 ==========
2026-01-19 17:50:00.027 [scheduling-1] INFO  - 找到 0 条待核销的订单
2026-01-19 17:50:00.027 [scheduling-1] INFO  - ========== 定时任务完成 ==========
2026-01-19 17:50:00.027 [scheduling-1] INFO  - 总订单数: 0
2026-01-19 17:50:00.027 [scheduling-1] INFO  - 更新数量: 0
2026-01-19 17:50:00.027 [scheduling-1] INFO  - 跳过数量: 0
2026-01-19 17:50:00.027 [scheduling-1] INFO  - 错误数量: 0
2026-01-19 17:50:00.027 [scheduling-1] INFO  - 执行耗时: 17 毫秒
2026-01-19 17:50:00.027 [scheduling-1] INFO  - =====================================
2026-01-19 17:55:00.017 [scheduling-1] INFO  - ========== 开始执行定时任务：检查未到店订单 ==========
2026-01-19 17:55:00.079 [scheduling-1] INFO  - 找到 0 条待核销的订单
2026-01-19 17:55:00.080 [scheduling-1] INFO  - ========== 定时任务完成 ==========
2026-01-19 17:55:00.080 [scheduling-1] INFO  - 总订单数: 0
2026-01-19 17:55:00.080 [scheduling-1] INFO  - 更新数量: 0
2026-01-19 17:55:00.080 [scheduling-1] INFO  - 跳过数量: 0
2026-01-19 17:55:00.080 [scheduling-1] INFO  - 错误数量: 0
2026-01-19 17:55:00.080 [scheduling-1] INFO  - 执行耗时: 61 毫秒
2026-01-19 17:55:00.080 [scheduling-1] INFO  - =====================================
2026-01-19 18:00:00.000 [scheduling-1] INFO  - ========== 开始执行定时任务：检查未到店订单 ==========
2026-01-19 18:00:00.032 [scheduling-1] INFO  - 找到 0 条待核销的订单
2026-01-19 18:00:00.033 [scheduling-1] INFO  - ========== 定时任务完成 ==========
2026-01-19 18:00:00.033 [scheduling-1] INFO  - 总订单数: 0
2026-01-19 18:00:00.033 [scheduling-1] INFO  - 更新数量: 0
2026-01-19 18:00:00.033 [scheduling-1] INFO  - 跳过数量: 0
2026-01-19 18:00:00.033 [scheduling-1] INFO  - 错误数量: 0
2026-01-19 18:00:00.033 [scheduling-1] INFO  - 执行耗时: 30 毫秒
2026-01-19 18:00:00.033 [scheduling-1] INFO  - =====================================
2026-01-19 18:05:00.006 [scheduling-1] INFO  - ========== 开始执行定时任务：检查未到店订单 ==========
2026-01-19 18:05:00.035 [scheduling-1] INFO  - 找到 0 条待核销的订单
2026-01-19 18:05:00.035 [scheduling-1] INFO  - ========== 定时任务完成 ==========
2026-01-19 18:05:00.035 [scheduling-1] INFO  - 总订单数: 0
2026-01-19 18:05:00.036 [scheduling-1] INFO  - 更新数量: 0
2026-01-19 18:05:00.036 [scheduling-1] INFO  - 跳过数量: 0
2026-01-19 18:05:00.036 [scheduling-1] INFO  - 错误数量: 0
2026-01-19 18:05:00.036 [scheduling-1] INFO  - 执行耗时: 26 毫秒
2026-01-19 18:05:00.036 [scheduling-1] INFO  - =====================================
2026-01-19 18:10:00.011 [scheduling-1] INFO  - ========== 开始执行定时任务：检查未到店订单 ==========
2026-01-19 18:10:00.048 [scheduling-1] INFO  - 找到 0 条待核销的订单
2026-01-19 18:10:00.049 [scheduling-1] INFO  - ========== 定时任务完成 ==========
2026-01-19 18:10:00.049 [scheduling-1] INFO  - 总订单数: 0
2026-01-19 18:10:00.049 [scheduling-1] INFO  - 更新数量: 0
2026-01-19 18:10:00.049 [scheduling-1] INFO  - 跳过数量: 0
2026-01-19 18:10:00.049 [scheduling-1] INFO  - 错误数量: 0
2026-01-19 18:10:00.049 [scheduling-1] INFO  - 执行耗时: 36 毫秒
2026-01-19 18:10:00.049 [scheduling-1] INFO  - =====================================
2026-01-19 18:15:00.004 [scheduling-1] INFO  - ========== 开始执行定时任务：检查未到店订单 ==========
2026-01-19 18:15:00.027 [scheduling-1] INFO  - 找到 0 条待核销的订单
2026-01-19 18:15:00.027 [scheduling-1] INFO  - ========== 定时任务完成 ==========
2026-01-19 18:15:00.027 [scheduling-1] INFO  - 总订单数: 0
2026-01-19 18:15:00.027 [scheduling-1] INFO  - 更新数量: 0
2026-01-19 18:15:00.027 [scheduling-1] INFO  - 跳过数量: 0
2026-01-19 18:15:00.027 [scheduling-1] INFO  - 错误数量: 0
2026-01-19 18:15:00.028 [scheduling-1] INFO  - 执行耗时: 21 毫秒
2026-01-19 18:15:00.028 [scheduling-1] INFO  - =====================================
2026-01-19 18:20:00.012 [scheduling-1] INFO  - ========== 开始执行定时任务：检查未到店订单 ==========
2026-01-19 18:20:00.079 [scheduling-1] INFO  - 找到 0 条待核销的订单
2026-01-19 18:20:00.080 [scheduling-1] INFO  - ========== 定时任务完成 ==========
2026-01-19 18:20:00.081 [scheduling-1] INFO  - 总订单数: 0
2026-01-19 18:20:00.081 [scheduling-1] INFO  - 更新数量: 0
2026-01-19 18:20:00.081 [scheduling-1] INFO  - 跳过数量: 0
2026-01-19 18:20:00.081 [scheduling-1] INFO  - 错误数量: 0
2026-01-19 18:20:00.081 [scheduling-1] INFO  - 执行耗时: 66 毫秒
2026-01-19 18:20:00.081 [scheduling-1] INFO  - =====================================
2026-01-19 18:25:00.090 [scheduling-1] INFO  - ========== 开始执行定时任务：检查未到店订单 ==========
2026-01-19 18:25:00.111 [scheduling-1] INFO  - 找到 0 条待核销的订单
2026-01-19 18:25:00.111 [scheduling-1] INFO  - ========== 定时任务完成 ==========
2026-01-19 18:25:00.111 [scheduling-1] INFO  - 总订单数: 0
2026-01-19 18:25:00.111 [scheduling-1] INFO  - 更新数量: 0
2026-01-19 18:25:00.111 [scheduling-1] INFO  - 跳过数量: 0
2026-01-19 18:25:00.111 [scheduling-1] INFO  - 错误数量: 0
2026-01-19 18:25:00.111 [scheduling-1] INFO  - 执行耗时: 19 毫秒
2026-01-19 18:25:00.111 [scheduling-1] INFO  - =====================================
2026-01-19 18:30:00.015 [scheduling-1] INFO  - ========== 开始执行定时任务：检查未到店订单 ==========
2026-01-19 18:30:00.040 [scheduling-1] INFO  - 找到 0 条待核销的订单
2026-01-19 18:30:00.040 [scheduling-1] INFO  - ========== 定时任务完成 ==========
2026-01-19 18:30:00.040 [scheduling-1] INFO  - 总订单数: 0
2026-01-19 18:30:00.040 [scheduling-1] INFO  - 更新数量: 0
2026-01-19 18:30:00.040 [scheduling-1] INFO  - 跳过数量: 0
2026-01-19 18:30:00.040 [scheduling-1] INFO  - 错误数量: 0
2026-01-19 18:30:00.040 [scheduling-1] INFO  - 执行耗时: 24 毫秒
2026-01-19 18:30:00.040 [scheduling-1] INFO  - =====================================
2026-01-19 18:35:00.015 [scheduling-1] INFO  - ========== 开始执行定时任务：检查未到店订单 ==========
2026-01-19 18:35:00.049 [scheduling-1] INFO  - 找到 0 条待核销的订单
2026-01-19 18:35:00.049 [scheduling-1] INFO  - ========== 定时任务完成 ==========
2026-01-19 18:35:00.049 [scheduling-1] INFO  - 总订单数: 0
2026-01-19 18:35:00.049 [scheduling-1] INFO  - 更新数量: 0
2026-01-19 18:35:00.049 [scheduling-1] INFO  - 跳过数量: 0
2026-01-19 18:35:00.049 [scheduling-1] INFO  - 错误数量: 0
2026-01-19 18:35:00.049 [scheduling-1] INFO  - 执行耗时: 32 毫秒
2026-01-19 18:35:00.050 [scheduling-1] INFO  - =====================================
2026-01-19 18:40:00.064 [scheduling-1] INFO  - ========== 开始执行定时任务：检查未到店订单 ==========
2026-01-19 18:40:00.092 [scheduling-1] INFO  - 找到 0 条待核销的订单
2026-01-19 18:40:00.092 [scheduling-1] INFO  - ========== 定时任务完成 ==========
2026-01-19 18:40:00.092 [scheduling-1] INFO  - 总订单数: 0
2026-01-19 18:40:00.092 [scheduling-1] INFO  - 更新数量: 0
2026-01-19 18:40:00.092 [scheduling-1] INFO  - 跳过数量: 0
2026-01-19 18:40:00.092 [scheduling-1] INFO  - 错误数量: 0
2026-01-19 18:40:00.092 [scheduling-1] INFO  - 执行耗时: 25 毫秒
2026-01-19 18:40:00.093 [scheduling-1] INFO  - =====================================
2026-01-19 18:45:00.017 [scheduling-1] INFO  - ========== 开始执行定时任务：检查未到店订单 ==========
2026-01-19 18:45:00.040 [scheduling-1] INFO  - 找到 0 条待核销的订单
2026-01-19 18:45:00.040 [scheduling-1] INFO  - ========== 定时任务完成 ==========
2026-01-19 18:45:00.040 [scheduling-1] INFO  - 总订单数: 0
2026-01-19 18:45:00.040 [scheduling-1] INFO  - 更新数量: 0
2026-01-19 18:45:00.040 [scheduling-1] INFO  - 跳过数量: 0
2026-01-19 18:45:00.040 [scheduling-1] INFO  - 错误数量: 0
2026-01-19 18:45:00.041 [scheduling-1] INFO  - 执行耗时: 21 毫秒
2026-01-19 18:45:00.041 [scheduling-1] INFO  - =====================================
2026-01-19 18:50:00.016 [scheduling-1] INFO  - ========== 开始执行定时任务：检查未到店订单 ==========
2026-01-19 18:50:00.036 [scheduling-1] INFO  - 找到 0 条待核销的订单
2026-01-19 18:50:00.036 [scheduling-1] INFO  - ========== 定时任务完成 ==========
2026-01-19 18:50:00.036 [scheduling-1] INFO  - 总订单数: 0
2026-01-19 18:50:00.036 [scheduling-1] INFO  - 更新数量: 0
2026-01-19 18:50:00.036 [scheduling-1] INFO  - 跳过数量: 0
2026-01-19 18:50:00.036 [scheduling-1] INFO  - 错误数量: 0
2026-01-19 18:50:00.036 [scheduling-1] INFO  - 执行耗时: 18 毫秒
2026-01-19 18:50:00.036 [scheduling-1] INFO  - =====================================
2026-01-19 18:55:00.017 [scheduling-1] INFO  - ========== 开始执行定时任务：检查未到店订单 ==========
2026-01-19 18:55:00.031 [scheduling-1] INFO  - 找到 0 条待核销的订单
2026-01-19 18:55:00.031 [scheduling-1] INFO  - ========== 定时任务完成 ==========
2026-01-19 18:55:00.031 [scheduling-1] INFO  - 总订单数: 0
2026-01-19 18:55:00.031 [scheduling-1] INFO  - 更新数量: 0
2026-01-19 18:55:00.031 [scheduling-1] INFO  - 跳过数量: 0
2026-01-19 18:55:00.031 [scheduling-1] INFO  - 错误数量: 0
2026-01-19 18:55:00.031 [scheduling-1] INFO  - 执行耗时: 12 毫秒
2026-01-19 18:55:00.031 [scheduling-1] INFO  - =====================================
2026-01-19 19:00:00.010 [scheduling-1] INFO  - ========== 开始执行定时任务：检查未到店订单 ==========
2026-01-19 19:00:00.031 [scheduling-1] INFO  - 找到 0 条待核销的订单
2026-01-19 19:00:00.032 [scheduling-1] INFO  - ========== 定时任务完成 ==========
2026-01-19 19:00:00.032 [scheduling-1] INFO  - 总订单数: 0
2026-01-19 19:00:00.032 [scheduling-1] INFO  - 更新数量: 0
2026-01-19 19:00:00.032 [scheduling-1] INFO  - 跳过数量: 0
2026-01-19 19:00:00.032 [scheduling-1] INFO  - 错误数量: 0
2026-01-19 19:00:00.032 [scheduling-1] INFO  - 执行耗时: 20 毫秒
2026-01-19 19:00:00.032 [scheduling-1] INFO  - =====================================
2026-01-19 19:05:00.017 [scheduling-1] INFO  - ========== 开始执行定时任务：检查未到店订单 ==========
2026-01-19 19:05:00.037 [scheduling-1] INFO  - 找到 0 条待核销的订单
2026-01-19 19:05:00.037 [scheduling-1] INFO  - ========== 定时任务完成 ==========
2026-01-19 19:05:00.037 [scheduling-1] INFO  - 总订单数: 0
2026-01-19 19:05:00.037 [scheduling-1] INFO  - 更新数量: 0
2026-01-19 19:05:00.037 [scheduling-1] INFO  - 跳过数量: 0
2026-01-19 19:05:00.037 [scheduling-1] INFO  - 错误数量: 0
2026-01-19 19:05:00.037 [scheduling-1] INFO  - 执行耗时: 18 毫秒
2026-01-19 19:05:00.037 [scheduling-1] INFO  - =====================================
2026-01-19 19:09:59.972 [scheduling-1] INFO  - ========== 开始执行定时任务：检查未到店订单 ==========
2026-01-19 19:10:00.008 [scheduling-1] INFO  - 找到 0 条待核销的订单
2026-01-19 19:10:00.008 [scheduling-1] INFO  - ========== 定时任务完成 ==========
2026-01-19 19:10:00.008 [scheduling-1] INFO  - 总订单数: 0
2026-01-19 19:10:00.008 [scheduling-1] INFO  - 更新数量: 0
2026-01-19 19:10:00.008 [scheduling-1] INFO  - 跳过数量: 0
2026-01-19 19:10:00.008 [scheduling-1] INFO  - 错误数量: 0
2026-01-19 19:10:00.008 [scheduling-1] INFO  - 执行耗时: 33 毫秒
2026-01-19 19:10:00.008 [scheduling-1] INFO  - =====================================
2026-01-19 19:15:00.013 [scheduling-1] INFO  - ========== 开始执行定时任务：检查未到店订单 ==========
2026-01-19 19:15:00.034 [scheduling-1] INFO  - 找到 0 条待核销的订单
2026-01-19 19:15:00.035 [scheduling-1] INFO  - ========== 定时任务完成 ==========
2026-01-19 19:15:00.035 [scheduling-1] INFO  - 总订单数: 0
2026-01-19 19:15:00.035 [scheduling-1] INFO  - 更新数量: 0
2026-01-19 19:15:00.035 [scheduling-1] INFO  - 跳过数量: 0
2026-01-19 19:15:00.035 [scheduling-1] INFO  - 错误数量: 0
2026-01-19 19:15:00.035 [scheduling-1] INFO  - 执行耗时: 21 毫秒
2026-01-19 19:15:00.035 [scheduling-1] INFO  - =====================================
2026-01-19 19:20:00.028 [scheduling-1] INFO  - ========== 开始执行定时任务：检查未到店订单 ==========
2026-01-19 19:20:00.049 [scheduling-1] INFO  - 找到 0 条待核销的订单
2026-01-19 19:20:00.049 [scheduling-1] INFO  - ========== 定时任务完成 ==========
2026-01-19 19:20:00.049 [scheduling-1] INFO  - 总订单数: 0
2026-01-19 19:20:00.049 [scheduling-1] INFO  - 更新数量: 0
2026-01-19 19:20:00.049 [scheduling-1] INFO  - 跳过数量: 0
2026-01-19 19:20:00.049 [scheduling-1] INFO  - 错误数量: 0
2026-01-19 19:20:00.049 [scheduling-1] INFO  - 执行耗时: 19 毫秒
2026-01-19 19:20:00.049 [scheduling-1] INFO  - =====================================
2026-01-19 19:25:00.015 [scheduling-1] INFO  - ========== 开始执行定时任务：检查未到店订单 ==========
2026-01-19 19:25:00.039 [scheduling-1] INFO  - 找到 0 条待核销的订单
2026-01-19 19:25:00.039 [scheduling-1] INFO  - ========== 定时任务完成 ==========
2026-01-19 19:25:00.039 [scheduling-1] INFO  - 总订单数: 0
2026-01-19 19:25:00.039 [scheduling-1] INFO  - 更新数量: 0
2026-01-19 19:25:00.039 [scheduling-1] INFO  - 跳过数量: 0
2026-01-19 19:25:00.039 [scheduling-1] INFO  - 错误数量: 0
2026-01-19 19:25:00.039 [scheduling-1] INFO  - 执行耗时: 22 毫秒
2026-01-19 19:25:00.039 [scheduling-1] INFO  - =====================================
2026-01-19 19:30:00.014 [scheduling-1] INFO  - ========== 开始执行定时任务：检查未到店订单 ==========
2026-01-19 19:30:00.036 [scheduling-1] INFO  - 找到 0 条待核销的订单
2026-01-19 19:30:00.036 [scheduling-1] INFO  - ========== 定时任务完成 ==========
2026-01-19 19:30:00.036 [scheduling-1] INFO  - 总订单数: 0
2026-01-19 19:30:00.036 [scheduling-1] INFO  - 更新数量: 0
2026-01-19 19:30:00.036 [scheduling-1] INFO  - 跳过数量: 0
2026-01-19 19:30:00.036 [scheduling-1] INFO  - 错误数量: 0
2026-01-19 19:30:00.036 [scheduling-1] INFO  - 执行耗时: 18 毫秒
2026-01-19 19:30:00.036 [scheduling-1] INFO  - =====================================
2026-01-19 19:35:00.031 [scheduling-1] INFO  - ========== 开始执行定时任务：检查未到店订单 ==========
2026-01-19 19:35:00.072 [scheduling-1] INFO  - 找到 0 条待核销的订单
2026-01-19 19:35:00.072 [scheduling-1] INFO  - ========== 定时任务完成 ==========
2026-01-19 19:35:00.072 [scheduling-1] INFO  - 总订单数: 0
2026-01-19 19:35:00.072 [scheduling-1] INFO  - 更新数量: 0
2026-01-19 19:35:00.072 [scheduling-1] INFO  - 跳过数量: 0
2026-01-19 19:35:00.072 [scheduling-1] INFO  - 错误数量: 0
2026-01-19 19:35:00.072 [scheduling-1] INFO  - 执行耗时: 39 毫秒
2026-01-19 19:35:00.072 [scheduling-1] INFO  - =====================================
2026-01-19 19:40:00.016 [scheduling-1] INFO  - ========== 开始执行定时任务：检查未到店订单 ==========
2026-01-19 19:40:00.057 [scheduling-1] INFO  - 找到 0 条待核销的订单
2026-01-19 19:40:00.058 [scheduling-1] INFO  - ========== 定时任务完成 ==========
2026-01-19 19:40:00.058 [scheduling-1] INFO  - 总订单数: 0
2026-01-19 19:40:00.058 [scheduling-1] INFO  - 更新数量: 0
2026-01-19 19:40:00.058 [scheduling-1] INFO  - 跳过数量: 0
2026-01-19 19:40:00.058 [scheduling-1] INFO  - 错误数量: 0
2026-01-19 19:40:00.058 [scheduling-1] INFO  - 执行耗时: 40 毫秒
2026-01-19 19:40:00.058 [scheduling-1] INFO  - =====================================
2026-01-19 19:45:00.020 [scheduling-1] INFO  - ========== 开始执行定时任务：检查未到店订单 ==========
2026-01-19 19:45:00.043 [scheduling-1] INFO  - 找到 0 条待核销的订单
2026-01-19 19:45:00.043 [scheduling-1] INFO  - ========== 定时任务完成 ==========
2026-01-19 19:45:00.044 [scheduling-1] INFO  - 总订单数: 0
2026-01-19 19:45:00.044 [scheduling-1] INFO  - 更新数量: 0
2026-01-19 19:45:00.044 [scheduling-1] INFO  - 跳过数量: 0
2026-01-19 19:45:00.044 [scheduling-1] INFO  - 错误数量: 0
2026-01-19 19:45:00.044 [scheduling-1] INFO  - 执行耗时: 21 毫秒
2026-01-19 19:45:00.044 [scheduling-1] INFO  - =====================================
2026-01-19 19:50:00.010 [scheduling-1] INFO  - ========== 开始执行定时任务：检查未到店订单 ==========
2026-01-19 19:50:00.045 [scheduling-1] INFO  - 找到 0 条待核销的订单
2026-01-19 19:50:00.045 [scheduling-1] INFO  - ========== 定时任务完成 ==========
2026-01-19 19:50:00.045 [scheduling-1] INFO  - 总订单数: 0
2026-01-19 19:50:00.045 [scheduling-1] INFO  - 更新数量: 0
2026-01-19 19:50:00.045 [scheduling-1] INFO  - 跳过数量: 0
2026-01-19 19:50:00.045 [scheduling-1] INFO  - 错误数量: 0
2026-01-19 19:50:00.045 [scheduling-1] INFO  - 执行耗时: 33 毫秒
2026-01-19 19:50:00.046 [scheduling-1] INFO  - =====================================
2026-01-19 19:54:59.945 [scheduling-1] INFO  - ========== 开始执行定时任务：检查未到店订单 ==========
2026-01-19 19:54:59.962 [scheduling-1] INFO  - 找到 0 条待核销的订单
2026-01-19 19:54:59.962 [scheduling-1] INFO  - ========== 定时任务完成 ==========
2026-01-19 19:54:59.962 [scheduling-1] INFO  - 总订单数: 0
2026-01-19 19:54:59.962 [scheduling-1] INFO  - 更新数量: 0
2026-01-19 19:54:59.962 [scheduling-1] INFO  - 跳过数量: 0
2026-01-19 19:54:59.962 [scheduling-1] INFO  - 错误数量: 0
2026-01-19 19:54:59.962 [scheduling-1] INFO  - 执行耗时: 15 毫秒
2026-01-19 19:54:59.963 [scheduling-1] INFO  - =====================================
2026-01-19 20:00:00.010 [scheduling-1] INFO  - ========== 开始执行定时任务：检查未到店订单 ==========
2026-01-19 20:00:00.041 [scheduling-1] INFO  - 找到 0 条待核销的订单
2026-01-19 20:00:00.041 [scheduling-1] INFO  - ========== 定时任务完成 ==========
2026-01-19 20:00:00.041 [scheduling-1] INFO  - 总订单数: 0
2026-01-19 20:00:00.041 [scheduling-1] INFO  - 更新数量: 0
2026-01-19 20:00:00.041 [scheduling-1] INFO  - 跳过数量: 0
2026-01-19 20:00:00.041 [scheduling-1] INFO  - 错误数量: 0
2026-01-19 20:00:00.041 [scheduling-1] INFO  - 执行耗时: 29 毫秒
2026-01-19 20:00:00.041 [scheduling-1] INFO  - =====================================
2026-01-19 20:05:00.011 [scheduling-1] INFO  - ========== 开始执行定时任务：检查未到店订单 ==========
2026-01-19 20:05:00.029 [scheduling-1] INFO  - 找到 0 条待核销的订单
2026-01-19 20:05:00.029 [scheduling-1] INFO  - ========== 定时任务完成 ==========
2026-01-19 20:05:00.029 [scheduling-1] INFO  - 总订单数: 0
2026-01-19 20:05:00.029 [scheduling-1] INFO  - 更新数量: 0
2026-01-19 20:05:00.030 [scheduling-1] INFO  - 跳过数量: 0
2026-01-19 20:05:00.030 [scheduling-1] INFO  - 错误数量: 0
2026-01-19 20:05:00.030 [scheduling-1] INFO  - 执行耗时: 15 毫秒
2026-01-19 20:05:00.030 [scheduling-1] INFO  - =====================================
2026-01-19 20:09:59.986 [scheduling-1] INFO  - ========== 开始执行定时任务：检查未到店订单 ==========
2026-01-19 20:10:00.014 [scheduling-1] INFO  - 找到 0 条待核销的订单
2026-01-19 20:10:00.014 [scheduling-1] INFO  - ========== 定时任务完成 ==========
2026-01-19 20:10:00.014 [scheduling-1] INFO  - 总订单数: 0
2026-01-19 20:10:00.014 [scheduling-1] INFO  - 更新数量: 0
2026-01-19 20:10:00.014 [scheduling-1] INFO  - 跳过数量: 0
2026-01-19 20:10:00.014 [scheduling-1] INFO  - 错误数量: 0
2026-01-19 20:10:00.014 [scheduling-1] INFO  - 执行耗时: 26 毫秒
2026-01-19 20:10:00.014 [scheduling-1] INFO  - =====================================
2026-01-19 20:15:00.005 [scheduling-1] INFO  - ========== 开始执行定时任务：检查未到店订单 ==========
2026-01-19 20:15:00.043 [scheduling-1] INFO  - 找到 0 条待核销的订单
2026-01-19 20:15:00.044 [scheduling-1] INFO  - ========== 定时任务完成 ==========
2026-01-19 20:15:00.044 [scheduling-1] INFO  - 总订单数: 0
2026-01-19 20:15:00.044 [scheduling-1] INFO  - 更新数量: 0
2026-01-19 20:15:00.044 [scheduling-1] INFO  - 跳过数量: 0
2026-01-19 20:15:00.044 [scheduling-1] INFO  - 错误数量: 0
2026-01-19 20:15:00.044 [scheduling-1] INFO  - 执行耗时: 35 毫秒
2026-01-19 20:15:00.044 [scheduling-1] INFO  - =====================================
2026-01-19 20:20:00.011 [scheduling-1] INFO  - ========== 开始执行定时任务：检查未到店订单 ==========
2026-01-19 20:20:00.046 [scheduling-1] INFO  - 找到 0 条待核销的订单
2026-01-19 20:20:00.046 [scheduling-1] INFO  - ========== 定时任务完成 ==========
2026-01-19 20:20:00.046 [scheduling-1] INFO  - 总订单数: 0
2026-01-19 20:20:00.046 [scheduling-1] INFO  - 更新数量: 0
2026-01-19 20:20:00.047 [scheduling-1] INFO  - 跳过数量: 0
2026-01-19 20:20:00.047 [scheduling-1] INFO  - 错误数量: 0
2026-01-19 20:20:00.047 [scheduling-1] INFO  - 执行耗时: 32 毫秒
2026-01-19 20:20:00.047 [scheduling-1] INFO  - =====================================
2026-01-19 20:25:00.008 [scheduling-1] INFO  - ========== 开始执行定时任务：检查未到店订单 ==========
2026-01-19 20:25:00.027 [scheduling-1] INFO  - 找到 0 条待核销的订单
2026-01-19 20:25:00.028 [scheduling-1] INFO  - ========== 定时任务完成 ==========
2026-01-19 20:25:00.028 [scheduling-1] INFO  - 总订单数: 0
2026-01-19 20:25:00.028 [scheduling-1] INFO  - 更新数量: 0
2026-01-19 20:25:00.028 [scheduling-1] INFO  - 跳过数量: 0
2026-01-19 20:25:00.028 [scheduling-1] INFO  - 错误数量: 0
2026-01-19 20:25:00.028 [scheduling-1] INFO  - 执行耗时: 19 毫秒
2026-01-19 20:25:00.028 [scheduling-1] INFO  - =====================================
2026-01-19 20:30:00.014 [scheduling-1] INFO  - ========== 开始执行定时任务：检查未到店订单 ==========
2026-01-19 20:30:00.047 [scheduling-1] INFO  - 找到 0 条待核销的订单
2026-01-19 20:30:00.047 [scheduling-1] INFO  - ========== 定时任务完成 ==========
2026-01-19 20:30:00.047 [scheduling-1] INFO  - 总订单数: 0
2026-01-19 20:30:00.048 [scheduling-1] INFO  - 更新数量: 0
2026-01-19 20:30:00.048 [scheduling-1] INFO  - 跳过数量: 0
2026-01-19 20:30:00.048 [scheduling-1] INFO  - 错误数量: 0
2026-01-19 20:30:00.048 [scheduling-1] INFO  - 执行耗时: 30 毫秒
2026-01-19 20:30:00.048 [scheduling-1] INFO  - =====================================
2026-01-19 20:35:00.002 [scheduling-1] INFO  - ========== 开始执行定时任务：检查未到店订单 ==========
2026-01-19 20:35:00.039 [scheduling-1] INFO  - 找到 0 条待核销的订单
2026-01-19 20:35:00.040 [scheduling-1] INFO  - ========== 定时任务完成 ==========
2026-01-19 20:35:00.040 [scheduling-1] INFO  - 总订单数: 0
2026-01-19 20:35:00.040 [scheduling-1] INFO  - 更新数量: 0
2026-01-19 20:35:00.040 [scheduling-1] INFO  - 跳过数量: 0
2026-01-19 20:35:00.040 [scheduling-1] INFO  - 错误数量: 0
2026-01-19 20:35:00.040 [scheduling-1] INFO  - 执行耗时: 37 毫秒
2026-01-19 20:35:00.041 [scheduling-1] INFO  - =====================================
2026-01-19 20:40:00.043 [scheduling-1] INFO  - ========== 开始执行定时任务：检查未到店订单 ==========
2026-01-19 20:40:00.071 [scheduling-1] INFO  - 找到 0 条待核销的订单
2026-01-19 20:40:00.071 [scheduling-1] INFO  - ========== 定时任务完成 ==========
2026-01-19 20:40:00.071 [scheduling-1] INFO  - 总订单数: 0
2026-01-19 20:40:00.071 [scheduling-1] INFO  - 更新数量: 0
2026-01-19 20:40:00.071 [scheduling-1] INFO  - 跳过数量: 0
2026-01-19 20:40:00.071 [scheduling-1] INFO  - 错误数量: 0
2026-01-19 20:40:00.071 [scheduling-1] INFO  - 执行耗时: 24 毫秒
2026-01-19 20:40:00.071 [scheduling-1] INFO  - =====================================
2026-01-19 20:45:00.007 [scheduling-1] INFO  - ========== 开始执行定时任务：检查未到店订单 ==========
2026-01-19 20:45:00.029 [scheduling-1] INFO  - 找到 0 条待核销的订单
2026-01-19 20:45:00.029 [scheduling-1] INFO  - ========== 定时任务完成 ==========
2026-01-19 20:45:00.029 [scheduling-1] INFO  - 总订单数: 0
2026-01-19 20:45:00.029 [scheduling-1] INFO  - 更新数量: 0
2026-01-19 20:45:00.030 [scheduling-1] INFO  - 跳过数量: 0
2026-01-19 20:45:00.030 [scheduling-1] INFO  - 错误数量: 0
2026-01-19 20:45:00.030 [scheduling-1] INFO  - 执行耗时: 18 毫秒
2026-01-19 20:45:00.030 [scheduling-1] INFO  - =====================================
2026-01-19 20:50:00.016 [scheduling-1] INFO  - ========== 开始执行定时任务：检查未到店订单 ==========
2026-01-19 20:50:00.108 [scheduling-1] INFO  - 找到 0 条待核销的订单
2026-01-19 20:50:00.108 [scheduling-1] INFO  - ========== 定时任务完成 ==========
2026-01-19 20:50:00.108 [scheduling-1] INFO  - 总订单数: 0
2026-01-19 20:50:00.108 [scheduling-1] INFO  - 更新数量: 0
2026-01-19 20:50:00.108 [scheduling-1] INFO  - 跳过数量: 0
2026-01-19 20:50:00.108 [scheduling-1] INFO  - 错误数量: 0
2026-01-19 20:50:00.108 [scheduling-1] INFO  - 执行耗时: 89 毫秒
2026-01-19 20:50:00.108 [scheduling-1] INFO  - =====================================
2026-01-19 20:55:00.072 [scheduling-1] INFO  - ========== 开始执行定时任务：检查未到店订单 ==========
2026-01-19 20:55:00.094 [scheduling-1] INFO  - 找到 0 条待核销的订单
2026-01-19 20:55:00.094 [scheduling-1] INFO  - ========== 定时任务完成 ==========
2026-01-19 20:55:00.094 [scheduling-1] INFO  - 总订单数: 0
2026-01-19 20:55:00.094 [scheduling-1] INFO  - 更新数量: 0
2026-01-19 20:55:00.094 [scheduling-1] INFO  - 跳过数量: 0
2026-01-19 20:55:00.094 [scheduling-1] INFO  - 错误数量: 0
2026-01-19 20:55:00.094 [scheduling-1] INFO  - 执行耗时: 20 毫秒
2026-01-19 20:55:00.094 [scheduling-1] INFO  - =====================================
2026-01-19 21:00:00.015 [scheduling-1] INFO  - ========== 开始执行定时任务：检查未到店订单 ==========
2026-01-19 21:00:00.053 [scheduling-1] INFO  - 找到 0 条待核销的订单
2026-01-19 21:00:00.053 [scheduling-1] INFO  - ========== 定时任务完成 ==========
2026-01-19 21:00:00.053 [scheduling-1] INFO  - 总订单数: 0
2026-01-19 21:00:00.053 [scheduling-1] INFO  - 更新数量: 0
2026-01-19 21:00:00.053 [scheduling-1] INFO  - 跳过数量: 0
2026-01-19 21:00:00.054 [scheduling-1] INFO  - 错误数量: 0
2026-01-19 21:00:00.054 [scheduling-1] INFO  - 执行耗时: 35 毫秒
2026-01-19 21:00:00.054 [scheduling-1] INFO  - =====================================
2026-01-19 21:05:00.014 [scheduling-1] INFO  - ========== 开始执行定时任务：检查未到店订单 ==========
2026-01-19 21:05:00.040 [scheduling-1] INFO  - 找到 0 条待核销的订单
2026-01-19 21:05:00.040 [scheduling-1] INFO  - ========== 定时任务完成 ==========
2026-01-19 21:05:00.041 [scheduling-1] INFO  - 总订单数: 0
2026-01-19 21:05:00.041 [scheduling-1] INFO  - 更新数量: 0
2026-01-19 21:05:00.041 [scheduling-1] INFO  - 跳过数量: 0
2026-01-19 21:05:00.041 [scheduling-1] INFO  - 错误数量: 0
2026-01-19 21:05:00.041 [scheduling-1] INFO  - 执行耗时: 23 毫秒
2026-01-19 21:05:00.041 [scheduling-1] INFO  - =====================================
2026-01-19 21:10:00.015 [scheduling-1] INFO  - ========== 开始执行定时任务：检查未到店订单 ==========
2026-01-19 21:10:00.050 [scheduling-1] INFO  - 找到 0 条待核销的订单
2026-01-19 21:10:00.051 [scheduling-1] INFO  - ========== 定时任务完成 ==========
2026-01-19 21:10:00.051 [scheduling-1] INFO  - 总订单数: 0
2026-01-19 21:10:00.051 [scheduling-1] INFO  - 更新数量: 0
2026-01-19 21:10:00.051 [scheduling-1] INFO  - 跳过数量: 0
2026-01-19 21:10:00.051 [scheduling-1] INFO  - 错误数量: 0
2026-01-19 21:10:00.051 [scheduling-1] INFO  - 执行耗时: 32 毫秒
2026-01-19 21:10:00.051 [scheduling-1] INFO  - =====================================
2026-01-19 21:15:00.014 [scheduling-1] INFO  - ========== 开始执行定时任务：检查未到店订单 ==========
2026-01-19 21:15:00.032 [scheduling-1] INFO  - 找到 0 条待核销的订单
2026-01-19 21:15:00.033 [scheduling-1] INFO  - ========== 定时任务完成 ==========
2026-01-19 21:15:00.033 [scheduling-1] INFO  - 总订单数: 0
2026-01-19 21:15:00.033 [scheduling-1] INFO  - 更新数量: 0
2026-01-19 21:15:00.033 [scheduling-1] INFO  - 跳过数量: 0
2026-01-19 21:15:00.034 [scheduling-1] INFO  - 错误数量: 0
2026-01-19 21:15:00.034 [scheduling-1] INFO  - 执行耗时: 17 毫秒
2026-01-19 21:15:00.034 [scheduling-1] INFO  - =====================================
2026-01-19 21:20:00.015 [scheduling-1] INFO  - ========== 开始执行定时任务：检查未到店订单 ==========
2026-01-19 21:20:00.078 [scheduling-1] INFO  - 找到 0 条待核销的订单
2026-01-19 21:20:00.078 [scheduling-1] INFO  - ========== 定时任务完成 ==========
2026-01-19 21:20:00.078 [scheduling-1] INFO  - 总订单数: 0
2026-01-19 21:20:00.078 [scheduling-1] INFO  - 更新数量: 0
2026-01-19 21:20:00.078 [scheduling-1] INFO  - 跳过数量: 0
2026-01-19 21:20:00.078 [scheduling-1] INFO  - 错误数量: 0
2026-01-19 21:20:00.078 [scheduling-1] INFO  - 执行耗时: 57 毫秒
2026-01-19 21:20:00.078 [scheduling-1] INFO  - =====================================
2026-01-19 21:24:59.959 [scheduling-1] INFO  - ========== 开始执行定时任务：检查未到店订单 ==========
2026-01-19 21:24:59.988 [scheduling-1] INFO  - 找到 0 条待核销的订单
2026-01-19 21:24:59.989 [scheduling-1] INFO  - ========== 定时任务完成 ==========
2026-01-19 21:24:59.989 [scheduling-1] INFO  - 总订单数: 0
2026-01-19 21:24:59.989 [scheduling-1] INFO  - 更新数量: 0
2026-01-19 21:24:59.989 [scheduling-1] INFO  - 跳过数量: 0
2026-01-19 21:24:59.989 [scheduling-1] INFO  - 错误数量: 0
2026-01-19 21:24:59.989 [scheduling-1] INFO  - 执行耗时: 27 毫秒
2026-01-19 21:24:59.989 [scheduling-1] INFO  - =====================================
2026-01-19 21:30:00.017 [scheduling-1] INFO  - ========== 开始执行定时任务：检查未到店订单 ==========
2026-01-19 21:30:00.090 [scheduling-1] INFO  - 找到 0 条待核销的订单
2026-01-19 21:30:00.090 [scheduling-1] INFO  - ========== 定时任务完成 ==========
2026-01-19 21:30:00.090 [scheduling-1] INFO  - 总订单数: 0
2026-01-19 21:30:00.090 [scheduling-1] INFO  - 更新数量: 0
2026-01-19 21:30:00.090 [scheduling-1] INFO  - 跳过数量: 0
2026-01-19 21:30:00.090 [scheduling-1] INFO  - 错误数量: 0
2026-01-19 21:30:00.091 [scheduling-1] INFO  - 执行耗时: 69 毫秒
2026-01-19 21:30:00.091 [scheduling-1] INFO  - =====================================
2026-01-19 21:35:00.009 [scheduling-1] INFO  - ========== 开始执行定时任务：检查未到店订单 ==========
2026-01-19 21:35:00.035 [scheduling-1] INFO  - 找到 0 条待核销的订单
2026-01-19 21:35:00.036 [scheduling-1] INFO  - ========== 定时任务完成 ==========
2026-01-19 21:35:00.036 [scheduling-1] INFO  - 总订单数: 0
2026-01-19 21:35:00.036 [scheduling-1] INFO  - 更新数量: 0
2026-01-19 21:35:00.036 [scheduling-1] INFO  - 跳过数量: 0
2026-01-19 21:35:00.036 [scheduling-1] INFO  - 错误数量: 0
2026-01-19 21:35:00.036 [scheduling-1] INFO  - 执行耗时: 25 毫秒
2026-01-19 21:35:00.036 [scheduling-1] INFO  - =====================================
2026-01-19 21:40:00.002 [scheduling-1] INFO  - ========== 开始执行定时任务：检查未到店订单 ==========
2026-01-19 21:40:00.068 [scheduling-1] INFO  - 找到 0 条待核销的订单
2026-01-19 21:40:00.068 [scheduling-1] INFO  - ========== 定时任务完成 ==========
2026-01-19 21:40:00.068 [scheduling-1] INFO  - 总订单数: 0
2026-01-19 21:40:00.068 [scheduling-1] INFO  - 更新数量: 0
2026-01-19 21:40:00.068 [scheduling-1] INFO  - 跳过数量: 0
2026-01-19 21:40:00.068 [scheduling-1] INFO  - 错误数量: 0
2026-01-19 21:40:00.068 [scheduling-1] INFO  - 执行耗时: 59 毫秒
2026-01-19 21:40:00.068 [scheduling-1] INFO  - =====================================
2026-01-19 21:44:59.985 [scheduling-1] INFO  - ========== 开始执行定时任务：检查未到店订单 ==========
2026-01-19 21:45:00.006 [scheduling-1] INFO  - 找到 0 条待核销的订单
2026-01-19 21:45:00.006 [scheduling-1] INFO  - ========== 定时任务完成 ==========
2026-01-19 21:45:00.006 [scheduling-1] INFO  - 总订单数: 0
2026-01-19 21:45:00.006 [scheduling-1] INFO  - 更新数量: 0
2026-01-19 21:45:00.007 [scheduling-1] INFO  - 跳过数量: 0
2026-01-19 21:45:00.007 [scheduling-1] INFO  - 错误数量: 0
2026-01-19 21:45:00.007 [scheduling-1] INFO  - 执行耗时: 19 毫秒
2026-01-19 21:45:00.007 [scheduling-1] INFO  - =====================================
2026-01-19 21:50:00.000 [scheduling-1] INFO  - ========== 开始执行定时任务：检查未到店订单 ==========
2026-01-19 21:50:00.027 [scheduling-1] INFO  - 找到 0 条待核销的订单
2026-01-19 21:50:00.027 [scheduling-1] INFO  - ========== 定时任务完成 ==========
2026-01-19 21:50:00.027 [scheduling-1] INFO  - 总订单数: 0
2026-01-19 21:50:00.027 [scheduling-1] INFO  - 更新数量: 0
2026-01-19 21:50:00.027 [scheduling-1] INFO  - 跳过数量: 0
2026-01-19 21:50:00.027 [scheduling-1] INFO  - 错误数量: 0
2026-01-19 21:50:00.028 [scheduling-1] INFO  - 执行耗时: 25 毫秒
2026-01-19 21:50:00.028 [scheduling-1] INFO  - =====================================
2026-01-19 21:55:00.010 [scheduling-1] INFO  - ========== 开始执行定时任务：检查未到店订单 ==========
2026-01-19 21:55:00.050 [scheduling-1] INFO  - 找到 0 条待核销的订单
2026-01-19 21:55:00.050 [scheduling-1] INFO  - ========== 定时任务完成 ==========
2026-01-19 21:55:00.050 [scheduling-1] INFO  - 总订单数: 0
2026-01-19 21:55:00.050 [scheduling-1] INFO  - 更新数量: 0
2026-01-19 21:55:00.050 [scheduling-1] INFO  - 跳过数量: 0
2026-01-19 21:55:00.051 [scheduling-1] INFO  - 错误数量: 0
2026-01-19 21:55:00.051 [scheduling-1] INFO  - 执行耗时: 37 毫秒
2026-01-19 21:55:00.051 [scheduling-1] INFO  - =====================================
2026-01-19 22:00:00.026 [scheduling-1] INFO  - ========== 开始执行定时任务：检查未到店订单 ==========
2026-01-19 22:00:00.044 [scheduling-1] INFO  - 找到 0 条待核销的订单
2026-01-19 22:00:00.045 [scheduling-1] INFO  - ========== 定时任务完成 ==========
2026-01-19 22:00:00.045 [scheduling-1] INFO  - 总订单数: 0
2026-01-19 22:00:00.045 [scheduling-1] INFO  - 更新数量: 0
2026-01-19 22:00:00.045 [scheduling-1] INFO  - 跳过数量: 0
2026-01-19 22:00:00.045 [scheduling-1] INFO  - 错误数量: 0
2026-01-19 22:00:00.045 [scheduling-1] INFO  - 执行耗时: 18 毫秒
2026-01-19 22:00:00.045 [scheduling-1] INFO  - =====================================
2026-01-19 22:05:00.015 [scheduling-1] INFO  - ========== 开始执行定时任务：检查未到店订单 ==========
2026-01-19 22:05:00.045 [scheduling-1] INFO  - 找到 0 条待核销的订单
2026-01-19 22:05:00.045 [scheduling-1] INFO  - ========== 定时任务完成 ==========
2026-01-19 22:05:00.045 [scheduling-1] INFO  - 总订单数: 0
2026-01-19 22:05:00.045 [scheduling-1] INFO  - 更新数量: 0
2026-01-19 22:05:00.045 [scheduling-1] INFO  - 跳过数量: 0
2026-01-19 22:05:00.045 [scheduling-1] INFO  - 错误数量: 0
2026-01-19 22:05:00.045 [scheduling-1] INFO  - 执行耗时: 27 毫秒
2026-01-19 22:05:00.045 [scheduling-1] INFO  - =====================================
2026-01-19 22:10:00.019 [scheduling-1] INFO  - ========== 开始执行定时任务：检查未到店订单 ==========
2026-01-19 22:10:00.054 [scheduling-1] INFO  - 找到 0 条待核销的订单
2026-01-19 22:10:00.054 [scheduling-1] INFO  - ========== 定时任务完成 ==========
2026-01-19 22:10:00.055 [scheduling-1] INFO  - 总订单数: 0
2026-01-19 22:10:00.055 [scheduling-1] INFO  - 更新数量: 0
2026-01-19 22:10:00.055 [scheduling-1] INFO  - 跳过数量: 0
2026-01-19 22:10:00.055 [scheduling-1] INFO  - 错误数量: 0
2026-01-19 22:10:00.055 [scheduling-1] INFO  - 执行耗时: 27 毫秒
2026-01-19 22:10:00.055 [scheduling-1] INFO  - =====================================
2026-01-19 22:14:59.990 [scheduling-1] INFO  - ========== 开始执行定时任务：检查未到店订单 ==========
2026-01-19 22:15:00.028 [scheduling-1] INFO  - 找到 0 条待核销的订单
2026-01-19 22:15:00.029 [scheduling-1] INFO  - ========== 定时任务完成 ==========
2026-01-19 22:15:00.029 [scheduling-1] INFO  - 总订单数: 0
2026-01-19 22:15:00.029 [scheduling-1] INFO  - 更新数量: 0
2026-01-19 22:15:00.029 [scheduling-1] INFO  - 跳过数量: 0
2026-01-19 22:15:00.029 [scheduling-1] INFO  - 错误数量: 0
2026-01-19 22:15:00.029 [scheduling-1] INFO  - 执行耗时: 37 毫秒
2026-01-19 22:15:00.029 [scheduling-1] INFO  - =====================================
2026-01-19 22:19:59.992 [scheduling-1] INFO  - ========== 开始执行定时任务：检查未到店订单 ==========
2026-01-19 22:20:00.014 [scheduling-1] INFO  - 找到 0 条待核销的订单
2026-01-19 22:20:00.014 [scheduling-1] INFO  - ========== 定时任务完成 ==========
2026-01-19 22:20:00.014 [scheduling-1] INFO  - 总订单数: 0
2026-01-19 22:20:00.014 [scheduling-1] INFO  - 更新数量: 0
2026-01-19 22:20:00.014 [scheduling-1] INFO  - 跳过数量: 0
2026-01-19 22:20:00.014 [scheduling-1] INFO  - 错误数量: 0
2026-01-19 22:20:00.014 [scheduling-1] INFO  - 执行耗时: 20 毫秒
2026-01-19 22:20:00.014 [scheduling-1] INFO  - =====================================
2026-01-19 22:25:00.012 [scheduling-1] INFO  - ========== 开始执行定时任务：检查未到店订单 ==========
2026-01-19 22:25:00.033 [scheduling-1] INFO  - 找到 0 条待核销的订单
2026-01-19 22:25:00.034 [scheduling-1] INFO  - ========== 定时任务完成 ==========
2026-01-19 22:25:00.034 [scheduling-1] INFO  - 总订单数: 0
2026-01-19 22:25:00.034 [scheduling-1] INFO  - 更新数量: 0
2026-01-19 22:25:00.034 [scheduling-1] INFO  - 跳过数量: 0
2026-01-19 22:25:00.034 [scheduling-1] INFO  - 错误数量: 0
2026-01-19 22:25:00.034 [scheduling-1] INFO  - 执行耗时: 20 毫秒
2026-01-19 22:25:00.034 [scheduling-1] INFO  - =====================================
2026-01-19 22:30:00.010 [scheduling-1] INFO  - ========== 开始执行定时任务：检查未到店订单 ==========
2026-01-19 22:30:00.034 [scheduling-1] INFO  - 找到 0 条待核销的订单
2026-01-19 22:30:00.034 [scheduling-1] INFO  - ========== 定时任务完成 ==========
2026-01-19 22:30:00.034 [scheduling-1] INFO  - 总订单数: 0
2026-01-19 22:30:00.034 [scheduling-1] INFO  - 更新数量: 0
2026-01-19 22:30:00.034 [scheduling-1] INFO  - 跳过数量: 0
2026-01-19 22:30:00.034 [scheduling-1] INFO  - 错误数量: 0
2026-01-19 22:30:00.034 [scheduling-1] INFO  - 执行耗时: 20 毫秒
2026-01-19 22:30:00.035 [scheduling-1] INFO  - =====================================
2026-01-19 22:35:00.009 [scheduling-1] INFO  - ========== 开始执行定时任务：检查未到店订单 ==========
2026-01-19 22:35:00.037 [scheduling-1] INFO  - 找到 0 条待核销的订单
2026-01-19 22:35:00.037 [scheduling-1] INFO  - ========== 定时任务完成 ==========
2026-01-19 22:35:00.037 [scheduling-1] INFO  - 总订单数: 0
2026-01-19 22:35:00.037 [scheduling-1] INFO  - 更新数量: 0
2026-01-19 22:35:00.037 [scheduling-1] INFO  - 跳过数量: 0
2026-01-19 22:35:00.037 [scheduling-1] INFO  - 错误数量: 0
2026-01-19 22:35:00.037 [scheduling-1] INFO  - 执行耗时: 26 毫秒
2026-01-19 22:35:00.037 [scheduling-1] INFO  - =====================================
2026-01-19 22:40:00.004 [scheduling-1] INFO  - ========== 开始执行定时任务：检查未到店订单 ==========
2026-01-19 22:40:00.032 [scheduling-1] INFO  - 找到 0 条待核销的订单
2026-01-19 22:40:00.032 [scheduling-1] INFO  - ========== 定时任务完成 ==========
2026-01-19 22:40:00.032 [scheduling-1] INFO  - 总订单数: 0
2026-01-19 22:40:00.032 [scheduling-1] INFO  - 更新数量: 0
2026-01-19 22:40:00.032 [scheduling-1] INFO  - 跳过数量: 0
2026-01-19 22:40:00.032 [scheduling-1] INFO  - 错误数量: 0
2026-01-19 22:40:00.032 [scheduling-1] INFO  - 执行耗时: 26 毫秒
2026-01-19 22:40:00.032 [scheduling-1] INFO  - =====================================
2026-01-19 22:45:00.010 [scheduling-1] INFO  - ========== 开始执行定时任务：检查未到店订单 ==========
2026-01-19 22:45:00.035 [scheduling-1] INFO  - 找到 0 条待核销的订单
2026-01-19 22:45:00.035 [scheduling-1] INFO  - ========== 定时任务完成 ==========
2026-01-19 22:45:00.036 [scheduling-1] INFO  - 总订单数: 0
2026-01-19 22:45:00.036 [scheduling-1] INFO  - 更新数量: 0
2026-01-19 22:45:00.036 [scheduling-1] INFO  - 跳过数量: 0
2026-01-19 22:45:00.036 [scheduling-1] INFO  - 错误数量: 0
2026-01-19 22:45:00.036 [scheduling-1] INFO  - 执行耗时: 22 毫秒
2026-01-19 22:45:00.036 [scheduling-1] INFO  - =====================================
2026-01-19 22:50:00.010 [scheduling-1] INFO  - ========== 开始执行定时任务：检查未到店订单 ==========
2026-01-19 22:50:00.033 [scheduling-1] INFO  - 找到 0 条待核销的订单
2026-01-19 22:50:00.034 [scheduling-1] INFO  - ========== 定时任务完成 ==========
2026-01-19 22:50:00.034 [scheduling-1] INFO  - 总订单数: 0
2026-01-19 22:50:00.035 [scheduling-1] INFO  - 更新数量: 0
2026-01-19 22:50:00.035 [scheduling-1] INFO  - 跳过数量: 0
2026-01-19 22:50:00.035 [scheduling-1] INFO  - 错误数量: 0
2026-01-19 22:50:00.035 [scheduling-1] INFO  - 执行耗时: 21 毫秒
2026-01-19 22:50:00.035 [scheduling-1] INFO  - =====================================
2026-01-19 22:55:00.102 [scheduling-1] INFO  - ========== 开始执行定时任务：检查未到店订单 ==========
2026-01-19 22:55:00.145 [scheduling-1] INFO  - 找到 0 条待核销的订单
2026-01-19 22:55:00.145 [scheduling-1] INFO  - ========== 定时任务完成 ==========
2026-01-19 22:55:00.145 [scheduling-1] INFO  - 总订单数: 0
2026-01-19 22:55:00.145 [scheduling-1] INFO  - 更新数量: 0
2026-01-19 22:55:00.145 [scheduling-1] INFO  - 跳过数量: 0
2026-01-19 22:55:00.145 [scheduling-1] INFO  - 错误数量: 0
2026-01-19 22:55:00.145 [scheduling-1] INFO  - 执行耗时: 41 毫秒
2026-01-19 22:55:00.145 [scheduling-1] INFO  - =====================================
2026-01-19 23:00:00.013 [scheduling-1] INFO  - ========== 开始执行定时任务：检查未到店订单 ==========
2026-01-19 23:00:00.040 [scheduling-1] INFO  - 找到 0 条待核销的订单
2026-01-19 23:00:00.040 [scheduling-1] INFO  - ========== 定时任务完成 ==========
2026-01-19 23:00:00.040 [scheduling-1] INFO  - 总订单数: 0
2026-01-19 23:00:00.040 [scheduling-1] INFO  - 更新数量: 0
2026-01-19 23:00:00.040 [scheduling-1] INFO  - 跳过数量: 0
2026-01-19 23:00:00.040 [scheduling-1] INFO  - 错误数量: 0
2026-01-19 23:00:00.040 [scheduling-1] INFO  - 执行耗时: 24 毫秒
2026-01-19 23:00:00.040 [scheduling-1] INFO  - =====================================
2026-01-19 23:05:00.021 [scheduling-1] INFO  - ========== 开始执行定时任务：检查未到店订单 ==========
2026-01-19 23:05:00.068 [scheduling-1] INFO  - 找到 0 条待核销的订单
2026-01-19 23:05:00.068 [scheduling-1] INFO  - ========== 定时任务完成 ==========
2026-01-19 23:05:00.068 [scheduling-1] INFO  - 总订单数: 0
2026-01-19 23:05:00.068 [scheduling-1] INFO  - 更新数量: 0
2026-01-19 23:05:00.068 [scheduling-1] INFO  - 跳过数量: 0
2026-01-19 23:05:00.068 [scheduling-1] INFO  - 错误数量: 0
2026-01-19 23:05:00.068 [scheduling-1] INFO  - 执行耗时: 42 毫秒
2026-01-19 23:05:00.068 [scheduling-1] INFO  - =====================================
2026-01-19 23:10:00.008 [scheduling-1] INFO  - ========== 开始执行定时任务：检查未到店订单 ==========
2026-01-19 23:10:00.043 [scheduling-1] INFO  - 找到 0 条待核销的订单
2026-01-19 23:10:00.043 [scheduling-1] INFO  - ========== 定时任务完成 ==========
2026-01-19 23:10:00.043 [scheduling-1] INFO  - 总订单数: 0
2026-01-19 23:10:00.043 [scheduling-1] INFO  - 更新数量: 0
2026-01-19 23:10:00.043 [scheduling-1] INFO  - 跳过数量: 0
2026-01-19 23:10:00.043 [scheduling-1] INFO  - 错误数量: 0
2026-01-19 23:10:00.043 [scheduling-1] INFO  - 执行耗时: 33 毫秒
2026-01-19 23:10:00.043 [scheduling-1] INFO  - =====================================
2026-01-19 23:15:00.033 [scheduling-1] INFO  - ========== 开始执行定时任务：检查未到店订单 ==========
2026-01-19 23:15:00.058 [scheduling-1] INFO  - 找到 0 条待核销的订单
2026-01-19 23:15:00.059 [scheduling-1] INFO  - ========== 定时任务完成 ==========
2026-01-19 23:15:00.059 [scheduling-1] INFO  - 总订单数: 0
2026-01-19 23:15:00.059 [scheduling-1] INFO  - 更新数量: 0
2026-01-19 23:15:00.059 [scheduling-1] INFO  - 跳过数量: 0
2026-01-19 23:15:00.059 [scheduling-1] INFO  - 错误数量: 0
2026-01-19 23:15:00.059 [scheduling-1] INFO  - 执行耗时: 24 毫秒
2026-01-19 23:15:00.059 [scheduling-1] INFO  - =====================================
2026-01-19 23:20:00.019 [scheduling-1] INFO  - ========== 开始执行定时任务：检查未到店订单 ==========
2026-01-19 23:20:00.043 [scheduling-1] INFO  - 找到 0 条待核销的订单
2026-01-19 23:20:00.044 [scheduling-1] INFO  - ========== 定时任务完成 ==========
2026-01-19 23:20:00.044 [scheduling-1] INFO  - 总订单数: 0
2026-01-19 23:20:00.044 [scheduling-1] INFO  - 更新数量: 0
2026-01-19 23:20:00.044 [scheduling-1] INFO  - 跳过数量: 0
2026-01-19 23:20:00.044 [scheduling-1] INFO  - 错误数量: 0
2026-01-19 23:20:00.044 [scheduling-1] INFO  - 执行耗时: 22 毫秒
2026-01-19 23:20:00.044 [scheduling-1] INFO  - =====================================
2026-01-19 23:25:00.012 [scheduling-1] INFO  - ========== 开始执行定时任务：检查未到店订单 ==========
2026-01-19 23:25:00.034 [scheduling-1] INFO  - 找到 0 条待核销的订单
2026-01-19 23:25:00.034 [scheduling-1] INFO  - ========== 定时任务完成 ==========
2026-01-19 23:25:00.034 [scheduling-1] INFO  - 总订单数: 0
2026-01-19 23:25:00.034 [scheduling-1] INFO  - 更新数量: 0
2026-01-19 23:25:00.034 [scheduling-1] INFO  - 跳过数量: 0
2026-01-19 23:25:00.034 [scheduling-1] INFO  - 错误数量: 0
2026-01-19 23:25:00.034 [scheduling-1] INFO  - 执行耗时: 20 毫秒
2026-01-19 23:25:00.034 [scheduling-1] INFO  - =====================================
2026-01-19 23:30:00.012 [scheduling-1] INFO  - ========== 开始执行定时任务：检查未到店订单 ==========
2026-01-19 23:30:00.061 [scheduling-1] INFO  - 找到 0 条待核销的订单
2026-01-19 23:30:00.062 [scheduling-1] INFO  - ========== 定时任务完成 ==========
2026-01-19 23:30:00.062 [scheduling-1] INFO  - 总订单数: 0
2026-01-19 23:30:00.062 [scheduling-1] INFO  - 更新数量: 0
2026-01-19 23:30:00.062 [scheduling-1] INFO  - 跳过数量: 0
2026-01-19 23:30:00.062 [scheduling-1] INFO  - 错误数量: 0
2026-01-19 23:30:00.062 [scheduling-1] INFO  - 执行耗时: 46 毫秒
2026-01-19 23:30:00.062 [scheduling-1] INFO  - =====================================
2026-01-19 23:35:00.009 [scheduling-1] INFO  - ========== 开始执行定时任务：检查未到店订单 ==========
2026-01-19 23:35:00.033 [scheduling-1] INFO  - 找到 0 条待核销的订单
2026-01-19 23:35:00.033 [scheduling-1] INFO  - ========== 定时任务完成 ==========
2026-01-19 23:35:00.033 [scheduling-1] INFO  - 总订单数: 0
2026-01-19 23:35:00.033 [scheduling-1] INFO  - 更新数量: 0
2026-01-19 23:35:00.033 [scheduling-1] INFO  - 跳过数量: 0
2026-01-19 23:35:00.033 [scheduling-1] INFO  - 错误数量: 0
2026-01-19 23:35:00.033 [scheduling-1] INFO  - 执行耗时: 22 毫秒
2026-01-19 23:35:00.034 [scheduling-1] INFO  - =====================================
2026-01-19 23:40:00.012 [scheduling-1] INFO  - ========== 开始执行定时任务：检查未到店订单 ==========
2026-01-19 23:40:00.033 [scheduling-1] INFO  - 找到 0 条待核销的订单
2026-01-19 23:40:00.033 [scheduling-1] INFO  - ========== 定时任务完成 ==========
2026-01-19 23:40:00.033 [scheduling-1] INFO  - 总订单数: 0
2026-01-19 23:40:00.033 [scheduling-1] INFO  - 更新数量: 0
2026-01-19 23:40:00.033 [scheduling-1] INFO  - 跳过数量: 0
2026-01-19 23:40:00.033 [scheduling-1] INFO  - 错误数量: 0
2026-01-19 23:40:00.033 [scheduling-1] INFO  - 执行耗时: 18 毫秒
2026-01-19 23:40:00.033 [scheduling-1] INFO  - =====================================
2026-01-19 23:45:00.011 [scheduling-1] INFO  - ========== 开始执行定时任务：检查未到店订单 ==========
2026-01-19 23:45:00.039 [scheduling-1] INFO  - 找到 0 条待核销的订单
2026-01-19 23:45:00.040 [scheduling-1] INFO  - ========== 定时任务完成 ==========
2026-01-19 23:45:00.040 [scheduling-1] INFO  - 总订单数: 0
2026-01-19 23:45:00.040 [scheduling-1] INFO  - 更新数量: 0
2026-01-19 23:45:00.040 [scheduling-1] INFO  - 跳过数量: 0
2026-01-19 23:45:00.040 [scheduling-1] INFO  - 错误数量: 0
2026-01-19 23:45:00.040 [scheduling-1] INFO  - 执行耗时: 27 毫秒
2026-01-19 23:45:00.040 [scheduling-1] INFO  - =====================================
2026-01-19 23:50:00.010 [scheduling-1] INFO  - ========== 开始执行定时任务：检查未到店订单 ==========
2026-01-19 23:50:00.026 [scheduling-1] INFO  - 找到 0 条待核销的订单
2026-01-19 23:50:00.027 [scheduling-1] INFO  - ========== 定时任务完成 ==========
2026-01-19 23:50:00.027 [scheduling-1] INFO  - 总订单数: 0
2026-01-19 23:50:00.027 [scheduling-1] INFO  - 更新数量: 0
2026-01-19 23:50:00.027 [scheduling-1] INFO  - 跳过数量: 0
2026-01-19 23:50:00.027 [scheduling-1] INFO  - 错误数量: 0
2026-01-19 23:50:00.027 [scheduling-1] INFO  - 执行耗时: 16 毫秒
2026-01-19 23:50:00.027 [scheduling-1] INFO  - =====================================
2026-01-19 23:55:00.013 [scheduling-1] INFO  - ========== 开始执行定时任务：检查未到店订单 ==========
2026-01-19 23:55:00.032 [scheduling-1] INFO  - 找到 0 条待核销的订单
2026-01-19 23:55:00.032 [scheduling-1] INFO  - ========== 定时任务完成 ==========
2026-01-19 23:55:00.032 [scheduling-1] INFO  - 总订单数: 0
2026-01-19 23:55:00.033 [scheduling-1] INFO  - 更新数量: 0
2026-01-19 23:55:00.033 [scheduling-1] INFO  - 跳过数量: 0
2026-01-19 23:55:00.033 [scheduling-1] INFO  - 错误数量: 0
2026-01-19 23:55:00.033 [scheduling-1] INFO  - 执行耗时: 17 毫秒
2026-01-19 23:55:00.033 [scheduling-1] INFO  - =====================================
