2026-01-22 00:00:00.009 - 
    select
        bo1_0.id,
        bo1_0.cabin_name,
        bo1_0.consume_time,
        bo1_0.created_at,
        bo1_0.date,
        bo1_0.order_no,
        bo1_0.original_price,
        bo1_0.payment_method,
        bo1_0.payment_order_id,
        bo1_0.payment_status,
        bo1_0.payment_time,
        bo1_0.price,
        bo1_0.seat_name,
        bo1_0.status,
        bo1_0.time_slot,
        bo1_0.updated_at,
        bo1_0.user_id 
    from
        booking_orders bo1_0 
    where
        bo1_0.status=?
2026-01-22 00:05:00.052 - 
    select
        bo1_0.id,
        bo1_0.cabin_name,
        bo1_0.consume_time,
        bo1_0.created_at,
        bo1_0.date,
        bo1_0.order_no,
        bo1_0.original_price,
        bo1_0.payment_method,
        bo1_0.payment_order_id,
        bo1_0.payment_status,
        bo1_0.payment_time,
        bo1_0.price,
        bo1_0.seat_name,
        bo1_0.status,
        bo1_0.time_slot,
        bo1_0.updated_at,
        bo1_0.user_id 
    from
        booking_orders bo1_0 
    where
        bo1_0.status=?
2026-01-22 00:10:00.040 - 
    select
        bo1_0.id,
        bo1_0.cabin_name,
        bo1_0.consume_time,
        bo1_0.created_at,
        bo1_0.date,
        bo1_0.order_no,
        bo1_0.original_price,
        bo1_0.payment_method,
        bo1_0.payment_order_id,
        bo1_0.payment_status,
        bo1_0.payment_time,
        bo1_0.price,
        bo1_0.seat_name,
        bo1_0.status,
        bo1_0.time_slot,
        bo1_0.updated_at,
        bo1_0.user_id 
    from
        booking_orders bo1_0 
    where
        bo1_0.status=?
2026-01-22 00:15:00.044 - 
    select
        bo1_0.id,
        bo1_0.cabin_name,
        bo1_0.consume_time,
        bo1_0.created_at,
        bo1_0.date,
        bo1_0.order_no,
        bo1_0.original_price,
        bo1_0.payment_method,
        bo1_0.payment_order_id,
        bo1_0.payment_status,
        bo1_0.payment_time,
        bo1_0.price,
        bo1_0.seat_name,
        bo1_0.status,
        bo1_0.time_slot,
        bo1_0.updated_at,
        bo1_0.user_id 
    from
        booking_orders bo1_0 
    where
        bo1_0.status=?
2026-01-22 00:20:00.064 - 
    select
        bo1_0.id,
        bo1_0.cabin_name,
        bo1_0.consume_time,
        bo1_0.created_at,
        bo1_0.date,
        bo1_0.order_no,
        bo1_0.original_price,
        bo1_0.payment_method,
        bo1_0.payment_order_id,
        bo1_0.payment_status,
        bo1_0.payment_time,
        bo1_0.price,
        bo1_0.seat_name,
        bo1_0.status,
        bo1_0.time_slot,
        bo1_0.updated_at,
        bo1_0.user_id 
    from
        booking_orders bo1_0 
    where
        bo1_0.status=?
2026-01-22 00:25:00.042 - 
    select
        bo1_0.id,
        bo1_0.cabin_name,
        bo1_0.consume_time,
        bo1_0.created_at,
        bo1_0.date,
        bo1_0.order_no,
        bo1_0.original_price,
        bo1_0.payment_method,
        bo1_0.payment_order_id,
        bo1_0.payment_status,
        bo1_0.payment_time,
        bo1_0.price,
        bo1_0.seat_name,
        bo1_0.status,
        bo1_0.time_slot,
        bo1_0.updated_at,
        bo1_0.user_id 
    from
        booking_orders bo1_0 
    where
        bo1_0.status=?
2026-01-22 00:30:00.048 - 
    select
        bo1_0.id,
        bo1_0.cabin_name,
        bo1_0.consume_time,
        bo1_0.created_at,
        bo1_0.date,
        bo1_0.order_no,
        bo1_0.original_price,
        bo1_0.payment_method,
        bo1_0.payment_order_id,
        bo1_0.payment_status,
        bo1_0.payment_time,
        bo1_0.price,
        bo1_0.seat_name,
        bo1_0.status,
        bo1_0.time_slot,
        bo1_0.updated_at,
        bo1_0.user_id 
    from
        booking_orders bo1_0 
    where
        bo1_0.status=?
2026-01-22 00:35:00.195 - 
    select
        bo1_0.id,
        bo1_0.cabin_name,
        bo1_0.consume_time,
        bo1_0.created_at,
        bo1_0.date,
        bo1_0.order_no,
        bo1_0.original_price,
        bo1_0.payment_method,
        bo1_0.payment_order_id,
        bo1_0.payment_status,
        bo1_0.payment_time,
        bo1_0.price,
        bo1_0.seat_name,
        bo1_0.status,
        bo1_0.time_slot,
        bo1_0.updated_at,
        bo1_0.user_id 
    from
        booking_orders bo1_0 
    where
        bo1_0.status=?
2026-01-22 00:37:26.371 - 
    select
        mp1_0.id,
        mp1_0.avg_price_per_time,
        mp1_0.badge,
        mp1_0.category,
        mp1_0.code,
        mp1_0.description,
        mp1_0.features,
        mp1_0.is_active,
        mp1_0.name,
        mp1_0.people,
        mp1_0.price,
        mp1_0.sort_order,
        mp1_0.times_per_person,
        mp1_0.validity_days 
    from
        member_packages mp1_0 
    where
        mp1_0.is_active 
    order by
        mp1_0.sort_order
2026-01-22 00:40:00.036 - 
    select
        bo1_0.id,
        bo1_0.cabin_name,
        bo1_0.consume_time,
        bo1_0.created_at,
        bo1_0.date,
        bo1_0.order_no,
        bo1_0.original_price,
        bo1_0.payment_method,
        bo1_0.payment_order_id,
        bo1_0.payment_status,
        bo1_0.payment_time,
        bo1_0.price,
        bo1_0.seat_name,
        bo1_0.status,
        bo1_0.time_slot,
        bo1_0.updated_at,
        bo1_0.user_id 
    from
        booking_orders bo1_0 
    where
        bo1_0.status=?
2026-01-22 00:40:46.729 - 
    alter table booking_orders 
       modify column payment_status varchar(255)
2026-01-22 00:40:46.764 - 
    alter table booking_orders 
       modify column status varchar(255) not null
2026-01-22 00:40:46.782 - 
    alter table invitations 
       modify column status varchar(20) not null
2026-01-22 00:40:46.799 - 
    alter table payment_orders 
       modify column card_status varchar(255)
2026-01-22 00:40:46.815 - 
    alter table payment_orders 
       modify column payment_method varchar(255)
2026-01-22 00:40:46.824 - 
    alter table payment_orders 
       modify column status varchar(255) not null
2026-01-22 00:40:46.836 - 
    alter table payment_orders 
       modify column transaction_type varchar(255)
2026-01-22 00:40:46.849 - 
    alter table staffs 
       modify column status varchar(255)
2026-01-22 00:40:46.862 - 
    alter table users 
       modify column role varchar(255)
2026-01-22 00:40:47.499 - 
    select
        mp1_0.id,
        mp1_0.avg_price_per_time,
        mp1_0.badge,
        mp1_0.category,
        mp1_0.code,
        mp1_0.description,
        mp1_0.features,
        mp1_0.is_active,
        mp1_0.name,
        mp1_0.people,
        mp1_0.price,
        mp1_0.sort_order,
        mp1_0.times_per_person,
        mp1_0.validity_days 
    from
        member_packages mp1_0 
    where
        mp1_0.code=?
2026-01-22 00:40:47.507 - 
    select
        mp1_0.id,
        mp1_0.avg_price_per_time,
        mp1_0.badge,
        mp1_0.category,
        mp1_0.code,
        mp1_0.description,
        mp1_0.features,
        mp1_0.is_active,
        mp1_0.name,
        mp1_0.people,
        mp1_0.price,
        mp1_0.sort_order,
        mp1_0.times_per_person,
        mp1_0.validity_days 
    from
        member_packages mp1_0 
    where
        mp1_0.code=?
2026-01-22 00:40:47.509 - 
    select
        mp1_0.id,
        mp1_0.avg_price_per_time,
        mp1_0.badge,
        mp1_0.category,
        mp1_0.code,
        mp1_0.description,
        mp1_0.features,
        mp1_0.is_active,
        mp1_0.name,
        mp1_0.people,
        mp1_0.price,
        mp1_0.sort_order,
        mp1_0.times_per_person,
        mp1_0.validity_days 
    from
        member_packages mp1_0 
    where
        mp1_0.code=?
2026-01-22 00:40:47.510 - 
    select
        mp1_0.id,
        mp1_0.avg_price_per_time,
        mp1_0.badge,
        mp1_0.category,
        mp1_0.code,
        mp1_0.description,
        mp1_0.features,
        mp1_0.is_active,
        mp1_0.name,
        mp1_0.people,
        mp1_0.price,
        mp1_0.sort_order,
        mp1_0.times_per_person,
        mp1_0.validity_days 
    from
        member_packages mp1_0 
    where
        mp1_0.code=?
2026-01-22 00:40:47.510 - 
    select
        mp1_0.id,
        mp1_0.avg_price_per_time,
        mp1_0.badge,
        mp1_0.category,
        mp1_0.code,
        mp1_0.description,
        mp1_0.features,
        mp1_0.is_active,
        mp1_0.name,
        mp1_0.people,
        mp1_0.price,
        mp1_0.sort_order,
        mp1_0.times_per_person,
        mp1_0.validity_days 
    from
        member_packages mp1_0 
    where
        mp1_0.code=?
2026-01-22 00:40:47.511 - 
    select
        mp1_0.id,
        mp1_0.avg_price_per_time,
        mp1_0.badge,
        mp1_0.category,
        mp1_0.code,
        mp1_0.description,
        mp1_0.features,
        mp1_0.is_active,
        mp1_0.name,
        mp1_0.people,
        mp1_0.price,
        mp1_0.sort_order,
        mp1_0.times_per_person,
        mp1_0.validity_days 
    from
        member_packages mp1_0 
    where
        mp1_0.code=?
2026-01-22 00:40:47.512 - 
    select
        mp1_0.id,
        mp1_0.avg_price_per_time,
        mp1_0.badge,
        mp1_0.category,
        mp1_0.code,
        mp1_0.description,
        mp1_0.features,
        mp1_0.is_active,
        mp1_0.name,
        mp1_0.people,
        mp1_0.price,
        mp1_0.sort_order,
        mp1_0.times_per_person,
        mp1_0.validity_days 
    from
        member_packages mp1_0 
    where
        mp1_0.code=?
2026-01-22 00:40:47.513 - 
    select
        mp1_0.id,
        mp1_0.avg_price_per_time,
        mp1_0.badge,
        mp1_0.category,
        mp1_0.code,
        mp1_0.description,
        mp1_0.features,
        mp1_0.is_active,
        mp1_0.name,
        mp1_0.people,
        mp1_0.price,
        mp1_0.sort_order,
        mp1_0.times_per_person,
        mp1_0.validity_days 
    from
        member_packages mp1_0 
    where
        mp1_0.code=?
2026-01-22 00:40:47.513 - 
    select
        mp1_0.id,
        mp1_0.avg_price_per_time,
        mp1_0.badge,
        mp1_0.category,
        mp1_0.code,
        mp1_0.description,
        mp1_0.features,
        mp1_0.is_active,
        mp1_0.name,
        mp1_0.people,
        mp1_0.price,
        mp1_0.sort_order,
        mp1_0.times_per_person,
        mp1_0.validity_days 
    from
        member_packages mp1_0 
    where
        mp1_0.code=?
2026-01-22 00:40:47.514 - 
    select
        mp1_0.id,
        mp1_0.avg_price_per_time,
        mp1_0.badge,
        mp1_0.category,
        mp1_0.code,
        mp1_0.description,
        mp1_0.features,
        mp1_0.is_active,
        mp1_0.name,
        mp1_0.people,
        mp1_0.price,
        mp1_0.sort_order,
        mp1_0.times_per_person,
        mp1_0.validity_days 
    from
        member_packages mp1_0 
    where
        mp1_0.code=?
2026-01-22 00:41:01.595 - 
    select
        mp1_0.id,
        mp1_0.avg_price_per_time,
        mp1_0.badge,
        mp1_0.category,
        mp1_0.code,
        mp1_0.description,
        mp1_0.features,
        mp1_0.is_active,
        mp1_0.name,
        mp1_0.people,
        mp1_0.price,
        mp1_0.sort_order,
        mp1_0.times_per_person,
        mp1_0.validity_days 
    from
        member_packages mp1_0 
    where
        mp1_0.is_active 
    order by
        mp1_0.sort_order
2026-01-22 00:41:02.476 - 
    select
        mp1_0.id,
        mp1_0.avg_price_per_time,
        mp1_0.badge,
        mp1_0.category,
        mp1_0.code,
        mp1_0.description,
        mp1_0.features,
        mp1_0.is_active,
        mp1_0.name,
        mp1_0.people,
        mp1_0.price,
        mp1_0.sort_order,
        mp1_0.times_per_person,
        mp1_0.validity_days 
    from
        member_packages mp1_0 
    where
        mp1_0.category=? 
        and mp1_0.is_active 
    order by
        mp1_0.sort_order
2026-01-22 00:41:02.489 - 
    select
        mp1_0.id,
        mp1_0.avg_price_per_time,
        mp1_0.badge,
        mp1_0.category,
        mp1_0.code,
        mp1_0.description,
        mp1_0.features,
        mp1_0.is_active,
        mp1_0.name,
        mp1_0.people,
        mp1_0.price,
        mp1_0.sort_order,
        mp1_0.times_per_person,
        mp1_0.validity_days 
    from
        member_packages mp1_0 
    where
        mp1_0.category=? 
        and mp1_0.is_active 
    order by
        mp1_0.sort_order
2026-01-22 00:41:04.110 - 
    select
        po1_0.id,
        po1_0.card_end_date,
        po1_0.card_start_date,
        po1_0.card_status,
        po1_0.created_at,
        po1_0.order_no,
        po1_0.package_id,
        po1_0.package_name,
        po1_0.payment_method,
        po1_0.payment_time,
        po1_0.price,
        po1_0.remaining_times,
        po1_0.staff_id,
        po1_0.staff_name,
        po1_0.status,
        po1_0.transaction_type,
        po1_0.updated_at,
        po1_0.user_id 
    from
        payment_orders po1_0 
    where
        po1_0.user_id=?
2026-01-22 00:41:04.122 - 
    select
        u1_0.id,
        u1_0.avatar_url,
        u1_0.created_at,
        u1_0.last_login_time,
        u1_0.member_expire_time,
        u1_0.member_level,
        u1_0.nickname,
        u1_0.openid,
        u1_0.phone,
        u1_0.points,
        u1_0.remaining_visits,
        u1_0.role,
        u1_0.total_visits,
        u1_0.updated_at 
    from
        users u1_0 
    where
        u1_0.id=?
2026-01-22 00:41:04.122 - 
    select
        u1_0.id,
        u1_0.avatar_url,
        u1_0.created_at,
        u1_0.last_login_time,
        u1_0.member_expire_time,
        u1_0.member_level,
        u1_0.nickname,
        u1_0.openid,
        u1_0.phone,
        u1_0.points,
        u1_0.remaining_visits,
        u1_0.role,
        u1_0.total_visits,
        u1_0.updated_at 
    from
        users u1_0 
    where
        u1_0.id=?
2026-01-22 00:41:04.122 - 
    select
        mp1_0.id,
        mp1_0.avg_price_per_time,
        mp1_0.badge,
        mp1_0.category,
        mp1_0.code,
        mp1_0.description,
        mp1_0.features,
        mp1_0.is_active,
        mp1_0.name,
        mp1_0.people,
        mp1_0.price,
        mp1_0.sort_order,
        mp1_0.times_per_person,
        mp1_0.validity_days 
    from
        member_packages mp1_0 
    where
        mp1_0.id=?
2026-01-22 00:41:04.126 - 
    select
        po1_0.id,
        po1_0.card_end_date,
        po1_0.card_start_date,
        po1_0.card_status,
        po1_0.created_at,
        po1_0.order_no,
        po1_0.package_id,
        po1_0.package_name,
        po1_0.payment_method,
        po1_0.payment_time,
        po1_0.price,
        po1_0.remaining_times,
        po1_0.staff_id,
        po1_0.staff_name,
        po1_0.status,
        po1_0.transaction_type,
        po1_0.updated_at,
        po1_0.user_id 
    from
        payment_orders po1_0 
    where
        po1_0.user_id=? 
        and po1_0.status=?
2026-01-22 00:41:04.126 - 
    select
        bo1_0.id,
        bo1_0.cabin_name,
        bo1_0.consume_time,
        bo1_0.created_at,
        bo1_0.date,
        bo1_0.order_no,
        bo1_0.original_price,
        bo1_0.payment_method,
        bo1_0.payment_order_id,
        bo1_0.payment_status,
        bo1_0.payment_time,
        bo1_0.price,
        bo1_0.seat_name,
        bo1_0.status,
        bo1_0.time_slot,
        bo1_0.updated_at,
        bo1_0.user_id 
    from
        booking_orders bo1_0 
    where
        bo1_0.user_id=? 
    order by
        bo1_0.created_at desc
2026-01-22 00:41:04.133 - 
    select
        u1_0.id,
        u1_0.avatar_url,
        u1_0.created_at,
        u1_0.last_login_time,
        u1_0.member_expire_time,
        u1_0.member_level,
        u1_0.nickname,
        u1_0.openid,
        u1_0.phone,
        u1_0.points,
        u1_0.remaining_visits,
        u1_0.role,
        u1_0.total_visits,
        u1_0.updated_at 
    from
        users u1_0 
    where
        u1_0.id=?
2026-01-22 00:41:04.133 - 
    select
        po1_0.id,
        po1_0.card_end_date,
        po1_0.card_start_date,
        po1_0.card_status,
        po1_0.created_at,
        po1_0.order_no,
        po1_0.package_id,
        po1_0.package_name,
        po1_0.payment_method,
        po1_0.payment_time,
        po1_0.price,
        po1_0.remaining_times,
        po1_0.staff_id,
        po1_0.staff_name,
        po1_0.status,
        po1_0.transaction_type,
        po1_0.updated_at,
        po1_0.user_id 
    from
        payment_orders po1_0 
    where
        po1_0.user_id=?
2026-01-22 00:41:04.135 - 
    select
        mp1_0.id,
        mp1_0.avg_price_per_time,
        mp1_0.badge,
        mp1_0.category,
        mp1_0.code,
        mp1_0.description,
        mp1_0.features,
        mp1_0.is_active,
        mp1_0.name,
        mp1_0.people,
        mp1_0.price,
        mp1_0.sort_order,
        mp1_0.times_per_person,
        mp1_0.validity_days 
    from
        member_packages mp1_0 
    where
        mp1_0.id=?
2026-01-22 00:41:04.135 - 
    select
        po1_0.id,
        po1_0.card_end_date,
        po1_0.card_start_date,
        po1_0.card_status,
        po1_0.created_at,
        po1_0.order_no,
        po1_0.package_id,
        po1_0.package_name,
        po1_0.payment_method,
        po1_0.payment_time,
        po1_0.price,
        po1_0.remaining_times,
        po1_0.staff_id,
        po1_0.staff_name,
        po1_0.status,
        po1_0.transaction_type,
        po1_0.updated_at,
        po1_0.user_id 
    from
        payment_orders po1_0 
    where
        po1_0.user_id=? 
        and po1_0.status=?
2026-01-22 00:41:04.141 - 
    select
        u1_0.id,
        u1_0.avatar_url,
        u1_0.created_at,
        u1_0.last_login_time,
        u1_0.member_expire_time,
        u1_0.member_level,
        u1_0.nickname,
        u1_0.openid,
        u1_0.phone,
        u1_0.points,
        u1_0.remaining_visits,
        u1_0.role,
        u1_0.total_visits,
        u1_0.updated_at 
    from
        users u1_0 
    where
        u1_0.id=?
2026-01-22 00:41:04.144 - 
    select
        bo1_0.id,
        bo1_0.cabin_name,
        bo1_0.consume_time,
        bo1_0.created_at,
        bo1_0.date,
        bo1_0.order_no,
        bo1_0.original_price,
        bo1_0.payment_method,
        bo1_0.payment_order_id,
        bo1_0.payment_status,
        bo1_0.payment_time,
        bo1_0.price,
        bo1_0.seat_name,
        bo1_0.status,
        bo1_0.time_slot,
        bo1_0.updated_at,
        bo1_0.user_id 
    from
        booking_orders bo1_0 
    where
        bo1_0.user_id=? 
    order by
        bo1_0.created_at desc
2026-01-22 00:41:04.153 - 
    select
        u1_0.id,
        u1_0.avatar_url,
        u1_0.created_at,
        u1_0.last_login_time,
        u1_0.member_expire_time,
        u1_0.member_level,
        u1_0.nickname,
        u1_0.openid,
        u1_0.phone,
        u1_0.points,
        u1_0.remaining_visits,
        u1_0.role,
        u1_0.total_visits,
        u1_0.updated_at 
    from
        users u1_0 
    where
        u1_0.id=?
2026-01-22 00:41:04.157 - 
    select
        po1_0.id,
        po1_0.card_end_date,
        po1_0.card_start_date,
        po1_0.card_status,
        po1_0.created_at,
        po1_0.order_no,
        po1_0.package_id,
        po1_0.package_name,
        po1_0.payment_method,
        po1_0.payment_time,
        po1_0.price,
        po1_0.remaining_times,
        po1_0.staff_id,
        po1_0.staff_name,
        po1_0.status,
        po1_0.transaction_type,
        po1_0.updated_at,
        po1_0.user_id 
    from
        payment_orders po1_0 
    where
        po1_0.user_id=? 
        and po1_0.status=?
2026-01-22 00:41:04.175 - 
    select
        u1_0.id,
        u1_0.avatar_url,
        u1_0.created_at,
        u1_0.last_login_time,
        u1_0.member_expire_time,
        u1_0.member_level,
        u1_0.nickname,
        u1_0.openid,
        u1_0.phone,
        u1_0.points,
        u1_0.remaining_visits,
        u1_0.role,
        u1_0.total_visits,
        u1_0.updated_at 
    from
        users u1_0 
    where
        u1_0.id=?
2026-01-22 00:41:04.179 - 
    select
        po1_0.id,
        po1_0.card_end_date,
        po1_0.card_start_date,
        po1_0.card_status,
        po1_0.created_at,
        po1_0.order_no,
        po1_0.package_id,
        po1_0.package_name,
        po1_0.payment_method,
        po1_0.payment_time,
        po1_0.price,
        po1_0.remaining_times,
        po1_0.staff_id,
        po1_0.staff_name,
        po1_0.status,
        po1_0.transaction_type,
        po1_0.updated_at,
        po1_0.user_id 
    from
        payment_orders po1_0 
    where
        po1_0.user_id=? 
        and po1_0.status=?
2026-01-22 00:41:05.168 - 
    select
        mp1_0.id,
        mp1_0.avg_price_per_time,
        mp1_0.badge,
        mp1_0.category,
        mp1_0.code,
        mp1_0.description,
        mp1_0.features,
        mp1_0.is_active,
        mp1_0.name,
        mp1_0.people,
        mp1_0.price,
        mp1_0.sort_order,
        mp1_0.times_per_person,
        mp1_0.validity_days 
    from
        member_packages mp1_0 
    where
        mp1_0.category=? 
        and mp1_0.is_active 
    order by
        mp1_0.sort_order
2026-01-22 00:41:05.175 - 
    select
        mp1_0.id,
        mp1_0.avg_price_per_time,
        mp1_0.badge,
        mp1_0.category,
        mp1_0.code,
        mp1_0.description,
        mp1_0.features,
        mp1_0.is_active,
        mp1_0.name,
        mp1_0.people,
        mp1_0.price,
        mp1_0.sort_order,
        mp1_0.times_per_person,
        mp1_0.validity_days 
    from
        member_packages mp1_0 
    where
        mp1_0.category=? 
        and mp1_0.is_active 
    order by
        mp1_0.sort_order
2026-01-22 00:41:06.834 - 
    select
        po1_0.id,
        po1_0.card_end_date,
        po1_0.card_start_date,
        po1_0.card_status,
        po1_0.created_at,
        po1_0.order_no,
        po1_0.package_id,
        po1_0.package_name,
        po1_0.payment_method,
        po1_0.payment_time,
        po1_0.price,
        po1_0.remaining_times,
        po1_0.staff_id,
        po1_0.staff_name,
        po1_0.status,
        po1_0.transaction_type,
        po1_0.updated_at,
        po1_0.user_id 
    from
        payment_orders po1_0 
    where
        po1_0.user_id=?
2026-01-22 00:41:06.874 - 
    select
        mp1_0.id,
        mp1_0.avg_price_per_time,
        mp1_0.badge,
        mp1_0.category,
        mp1_0.code,
        mp1_0.description,
        mp1_0.features,
        mp1_0.is_active,
        mp1_0.name,
        mp1_0.people,
        mp1_0.price,
        mp1_0.sort_order,
        mp1_0.times_per_person,
        mp1_0.validity_days 
    from
        member_packages mp1_0 
    where
        mp1_0.id=?
2026-01-22 00:41:06.942 - 
    select
        u1_0.id,
        u1_0.avatar_url,
        u1_0.created_at,
        u1_0.last_login_time,
        u1_0.member_expire_time,
        u1_0.member_level,
        u1_0.nickname,
        u1_0.openid,
        u1_0.phone,
        u1_0.points,
        u1_0.remaining_visits,
        u1_0.role,
        u1_0.total_visits,
        u1_0.updated_at 
    from
        users u1_0 
    where
        u1_0.id=?
2026-01-22 00:41:06.947 - 
    select
        po1_0.id,
        po1_0.card_end_date,
        po1_0.card_start_date,
        po1_0.card_status,
        po1_0.created_at,
        po1_0.order_no,
        po1_0.package_id,
        po1_0.package_name,
        po1_0.payment_method,
        po1_0.payment_time,
        po1_0.price,
        po1_0.remaining_times,
        po1_0.staff_id,
        po1_0.staff_name,
        po1_0.status,
        po1_0.transaction_type,
        po1_0.updated_at,
        po1_0.user_id 
    from
        payment_orders po1_0 
    where
        po1_0.user_id=? 
        and po1_0.status=?
2026-01-22 00:41:06.998 - 
    select
        s1_0.id,
        s1_0.created_at,
        s1_0.last_login_time,
        s1_0.name,
        s1_0.password,
        s1_0.phone,
        s1_0.status,
        s1_0.updated_at,
        s1_0.username 
    from
        staffs s1_0 
    where
        s1_0.status=?
2026-01-22 00:41:12.062 - 
    select
        u1_0.id,
        u1_0.avatar_url,
        u1_0.created_at,
        u1_0.last_login_time,
        u1_0.member_expire_time,
        u1_0.member_level,
        u1_0.nickname,
        u1_0.openid,
        u1_0.phone,
        u1_0.points,
        u1_0.remaining_visits,
        u1_0.role,
        u1_0.total_visits,
        u1_0.updated_at 
    from
        users u1_0 
    where
        u1_0.id=?
2026-01-22 00:41:12.064 - 
    select
        mp1_0.id,
        mp1_0.avg_price_per_time,
        mp1_0.badge,
        mp1_0.category,
        mp1_0.code,
        mp1_0.description,
        mp1_0.features,
        mp1_0.is_active,
        mp1_0.name,
        mp1_0.people,
        mp1_0.price,
        mp1_0.sort_order,
        mp1_0.times_per_person,
        mp1_0.validity_days 
    from
        member_packages mp1_0 
    where
        mp1_0.id=?
2026-01-22 00:41:12.066 - 
    select
        po1_0.id,
        po1_0.card_end_date,
        po1_0.card_start_date,
        po1_0.card_status,
        po1_0.created_at,
        po1_0.order_no,
        po1_0.package_id,
        po1_0.package_name,
        po1_0.payment_method,
        po1_0.payment_time,
        po1_0.price,
        po1_0.remaining_times,
        po1_0.staff_id,
        po1_0.staff_name,
        po1_0.status,
        po1_0.transaction_type,
        po1_0.updated_at,
        po1_0.user_id 
    from
        payment_orders po1_0 
    where
        po1_0.user_id=? 
        and po1_0.status=?
2026-01-22 00:41:12.068 - 
    select
        s1_0.id,
        s1_0.created_at,
        s1_0.last_login_time,
        s1_0.name,
        s1_0.password,
        s1_0.phone,
        s1_0.status,
        s1_0.updated_at,
        s1_0.username 
    from
        staffs s1_0 
    where
        s1_0.username=?
2026-01-22 00:41:12.079 - 
    insert 
    into
        payment_orders
        (card_end_date, card_start_date, card_status, created_at, order_no, package_id, package_name, payment_method, payment_time, price, remaining_times, staff_id, staff_name, status, transaction_type, updated_at, user_id) 
    values
        (?, ?, ?, ?, ?, ?, ?, ?, ?, ?, ?, ?, ?, ?, ?, ?, ?)
2026-01-22 00:41:12.112 - 
    select
        po1_0.id,
        po1_0.card_end_date,
        po1_0.card_start_date,
        po1_0.card_status,
        po1_0.created_at,
        po1_0.order_no,
        po1_0.package_id,
        po1_0.package_name,
        po1_0.payment_method,
        po1_0.payment_time,
        po1_0.price,
        po1_0.remaining_times,
        po1_0.staff_id,
        po1_0.staff_name,
        po1_0.status,
        po1_0.transaction_type,
        po1_0.updated_at,
        po1_0.user_id 
    from
        payment_orders po1_0 
    where
        po1_0.id=?
2026-01-22 00:41:12.114 - 
    select
        u1_0.id,
        u1_0.avatar_url,
        u1_0.created_at,
        u1_0.last_login_time,
        u1_0.member_expire_time,
        u1_0.member_level,
        u1_0.nickname,
        u1_0.openid,
        u1_0.phone,
        u1_0.points,
        u1_0.remaining_visits,
        u1_0.role,
        u1_0.total_visits,
        u1_0.updated_at 
    from
        users u1_0 
    where
        u1_0.id=?
2026-01-22 00:41:12.954 - 
    select
        po1_0.id,
        po1_0.card_end_date,
        po1_0.card_start_date,
        po1_0.card_status,
        po1_0.created_at,
        po1_0.order_no,
        po1_0.package_id,
        po1_0.package_name,
        po1_0.payment_method,
        po1_0.payment_time,
        po1_0.price,
        po1_0.remaining_times,
        po1_0.staff_id,
        po1_0.staff_name,
        po1_0.status,
        po1_0.transaction_type,
        po1_0.updated_at,
        po1_0.user_id 
    from
        payment_orders po1_0 
    where
        po1_0.id=?
2026-01-22 00:41:12.959 - 
    select
        mp1_0.id,
        mp1_0.avg_price_per_time,
        mp1_0.badge,
        mp1_0.category,
        mp1_0.code,
        mp1_0.description,
        mp1_0.features,
        mp1_0.is_active,
        mp1_0.name,
        mp1_0.people,
        mp1_0.price,
        mp1_0.sort_order,
        mp1_0.times_per_person,
        mp1_0.validity_days 
    from
        member_packages mp1_0 
    where
        mp1_0.id=?
2026-01-22 00:41:12.961 - 
    select
        u1_0.id,
        u1_0.avatar_url,
        u1_0.created_at,
        u1_0.last_login_time,
        u1_0.member_expire_time,
        u1_0.member_level,
        u1_0.nickname,
        u1_0.openid,
        u1_0.phone,
        u1_0.points,
        u1_0.remaining_visits,
        u1_0.role,
        u1_0.total_visits,
        u1_0.updated_at 
    from
        users u1_0 
    where
        u1_0.id=?
2026-01-22 00:41:12.968 - 
    update
        payment_orders 
    set
        card_end_date=?,
        card_start_date=?,
        card_status=?,
        created_at=?,
        order_no=?,
        package_id=?,
        package_name=?,
        payment_method=?,
        payment_time=?,
        price=?,
        remaining_times=?,
        staff_id=?,
        staff_name=?,
        status=?,
        transaction_type=?,
        updated_at=?,
        user_id=? 
    where
        id=?
2026-01-22 00:41:12.971 - 
    update
        users 
    set
        avatar_url=?,
        created_at=?,
        last_login_time=?,
        member_expire_time=?,
        member_level=?,
        nickname=?,
        openid=?,
        phone=?,
        points=?,
        remaining_visits=?,
        role=?,
        total_visits=?,
        updated_at=? 
    where
        id=?
2026-01-22 00:41:15.273 - 
    select
        po1_0.id,
        po1_0.card_end_date,
        po1_0.card_start_date,
        po1_0.card_status,
        po1_0.created_at,
        po1_0.order_no,
        po1_0.package_id,
        po1_0.package_name,
        po1_0.payment_method,
        po1_0.payment_time,
        po1_0.price,
        po1_0.remaining_times,
        po1_0.staff_id,
        po1_0.staff_name,
        po1_0.status,
        po1_0.transaction_type,
        po1_0.updated_at,
        po1_0.user_id 
    from
        payment_orders po1_0 
    where
        po1_0.user_id=?
2026-01-22 00:41:15.273 - 
    select
        u1_0.id,
        u1_0.avatar_url,
        u1_0.created_at,
        u1_0.last_login_time,
        u1_0.member_expire_time,
        u1_0.member_level,
        u1_0.nickname,
        u1_0.openid,
        u1_0.phone,
        u1_0.points,
        u1_0.remaining_visits,
        u1_0.role,
        u1_0.total_visits,
        u1_0.updated_at 
    from
        users u1_0 
    where
        u1_0.id=?
2026-01-22 00:41:15.275 - 
    select
        mp1_0.id,
        mp1_0.avg_price_per_time,
        mp1_0.badge,
        mp1_0.category,
        mp1_0.code,
        mp1_0.description,
        mp1_0.features,
        mp1_0.is_active,
        mp1_0.name,
        mp1_0.people,
        mp1_0.price,
        mp1_0.sort_order,
        mp1_0.times_per_person,
        mp1_0.validity_days 
    from
        member_packages mp1_0 
    where
        mp1_0.id=?
2026-01-22 00:41:15.275 - 
    select
        u1_0.id,
        u1_0.avatar_url,
        u1_0.created_at,
        u1_0.last_login_time,
        u1_0.member_expire_time,
        u1_0.member_level,
        u1_0.nickname,
        u1_0.openid,
        u1_0.phone,
        u1_0.points,
        u1_0.remaining_visits,
        u1_0.role,
        u1_0.total_visits,
        u1_0.updated_at 
    from
        users u1_0 
    where
        u1_0.id=?
2026-01-22 00:41:15.276 - 
    select
        po1_0.id,
        po1_0.card_end_date,
        po1_0.card_start_date,
        po1_0.card_status,
        po1_0.created_at,
        po1_0.order_no,
        po1_0.package_id,
        po1_0.package_name,
        po1_0.payment_method,
        po1_0.payment_time,
        po1_0.price,
        po1_0.remaining_times,
        po1_0.staff_id,
        po1_0.staff_name,
        po1_0.status,
        po1_0.transaction_type,
        po1_0.updated_at,
        po1_0.user_id 
    from
        payment_orders po1_0 
    where
        po1_0.user_id=? 
        and po1_0.status=?
2026-01-22 00:41:15.278 - 
    select
        bo1_0.id,
        bo1_0.cabin_name,
        bo1_0.consume_time,
        bo1_0.created_at,
        bo1_0.date,
        bo1_0.order_no,
        bo1_0.original_price,
        bo1_0.payment_method,
        bo1_0.payment_order_id,
        bo1_0.payment_status,
        bo1_0.payment_time,
        bo1_0.price,
        bo1_0.seat_name,
        bo1_0.status,
        bo1_0.time_slot,
        bo1_0.updated_at,
        bo1_0.user_id 
    from
        booking_orders bo1_0 
    where
        bo1_0.user_id=? 
    order by
        bo1_0.created_at desc
2026-01-22 00:41:15.278 - 
    select
        mp1_0.id,
        mp1_0.avg_price_per_time,
        mp1_0.badge,
        mp1_0.category,
        mp1_0.code,
        mp1_0.description,
        mp1_0.features,
        mp1_0.is_active,
        mp1_0.name,
        mp1_0.people,
        mp1_0.price,
        mp1_0.sort_order,
        mp1_0.times_per_person,
        mp1_0.validity_days 
    from
        member_packages mp1_0 
    where
        mp1_0.id=?
2026-01-22 00:41:15.284 - 
    select
        u1_0.id,
        u1_0.avatar_url,
        u1_0.created_at,
        u1_0.last_login_time,
        u1_0.member_expire_time,
        u1_0.member_level,
        u1_0.nickname,
        u1_0.openid,
        u1_0.phone,
        u1_0.points,
        u1_0.remaining_visits,
        u1_0.role,
        u1_0.total_visits,
        u1_0.updated_at 
    from
        users u1_0 
    where
        u1_0.id=?
2026-01-22 00:41:15.287 - 
    select
        u1_0.id,
        u1_0.avatar_url,
        u1_0.created_at,
        u1_0.last_login_time,
        u1_0.member_expire_time,
        u1_0.member_level,
        u1_0.nickname,
        u1_0.openid,
        u1_0.phone,
        u1_0.points,
        u1_0.remaining_visits,
        u1_0.role,
        u1_0.total_visits,
        u1_0.updated_at 
    from
        users u1_0 
    where
        u1_0.id=?
2026-01-22 00:41:15.287 - 
    select
        po1_0.id,
        po1_0.card_end_date,
        po1_0.card_start_date,
        po1_0.card_status,
        po1_0.created_at,
        po1_0.order_no,
        po1_0.package_id,
        po1_0.package_name,
        po1_0.payment_method,
        po1_0.payment_time,
        po1_0.price,
        po1_0.remaining_times,
        po1_0.staff_id,
        po1_0.staff_name,
        po1_0.status,
        po1_0.transaction_type,
        po1_0.updated_at,
        po1_0.user_id 
    from
        payment_orders po1_0 
    where
        po1_0.user_id=?
2026-01-22 00:41:15.287 - 
    select
        po1_0.id,
        po1_0.card_end_date,
        po1_0.card_start_date,
        po1_0.card_status,
        po1_0.created_at,
        po1_0.order_no,
        po1_0.package_id,
        po1_0.package_name,
        po1_0.payment_method,
        po1_0.payment_time,
        po1_0.price,
        po1_0.remaining_times,
        po1_0.staff_id,
        po1_0.staff_name,
        po1_0.status,
        po1_0.transaction_type,
        po1_0.updated_at,
        po1_0.user_id 
    from
        payment_orders po1_0 
    where
        po1_0.user_id=? 
        and po1_0.status=?
2026-01-22 00:41:15.289 - 
    select
        mp1_0.id,
        mp1_0.avg_price_per_time,
        mp1_0.badge,
        mp1_0.category,
        mp1_0.code,
        mp1_0.description,
        mp1_0.features,
        mp1_0.is_active,
        mp1_0.name,
        mp1_0.people,
        mp1_0.price,
        mp1_0.sort_order,
        mp1_0.times_per_person,
        mp1_0.validity_days 
    from
        member_packages mp1_0 
    where
        mp1_0.id=?
2026-01-22 00:41:15.290 - 
    select
        bo1_0.id,
        bo1_0.cabin_name,
        bo1_0.consume_time,
        bo1_0.created_at,
        bo1_0.date,
        bo1_0.order_no,
        bo1_0.original_price,
        bo1_0.payment_method,
        bo1_0.payment_order_id,
        bo1_0.payment_status,
        bo1_0.payment_time,
        bo1_0.price,
        bo1_0.seat_name,
        bo1_0.status,
        bo1_0.time_slot,
        bo1_0.updated_at,
        bo1_0.user_id 
    from
        booking_orders bo1_0 
    where
        bo1_0.user_id=? 
    order by
        bo1_0.created_at desc
2026-01-22 00:41:15.292 - 
    select
        mp1_0.id,
        mp1_0.avg_price_per_time,
        mp1_0.badge,
        mp1_0.category,
        mp1_0.code,
        mp1_0.description,
        mp1_0.features,
        mp1_0.is_active,
        mp1_0.name,
        mp1_0.people,
        mp1_0.price,
        mp1_0.sort_order,
        mp1_0.times_per_person,
        mp1_0.validity_days 
    from
        member_packages mp1_0 
    where
        mp1_0.id=?
2026-01-22 00:41:15.295 - 
    select
        u1_0.id,
        u1_0.avatar_url,
        u1_0.created_at,
        u1_0.last_login_time,
        u1_0.member_expire_time,
        u1_0.member_level,
        u1_0.nickname,
        u1_0.openid,
        u1_0.phone,
        u1_0.points,
        u1_0.remaining_visits,
        u1_0.role,
        u1_0.total_visits,
        u1_0.updated_at 
    from
        users u1_0 
    where
        u1_0.id=?
2026-01-22 00:41:15.298 - 
    select
        po1_0.id,
        po1_0.card_end_date,
        po1_0.card_start_date,
        po1_0.card_status,
        po1_0.created_at,
        po1_0.order_no,
        po1_0.package_id,
        po1_0.package_name,
        po1_0.payment_method,
        po1_0.payment_time,
        po1_0.price,
        po1_0.remaining_times,
        po1_0.staff_id,
        po1_0.staff_name,
        po1_0.status,
        po1_0.transaction_type,
        po1_0.updated_at,
        po1_0.user_id 
    from
        payment_orders po1_0 
    where
        po1_0.user_id=? 
        and po1_0.status=?
2026-01-22 00:41:15.312 - 
    select
        u1_0.id,
        u1_0.avatar_url,
        u1_0.created_at,
        u1_0.last_login_time,
        u1_0.member_expire_time,
        u1_0.member_level,
        u1_0.nickname,
        u1_0.openid,
        u1_0.phone,
        u1_0.points,
        u1_0.remaining_visits,
        u1_0.role,
        u1_0.total_visits,
        u1_0.updated_at 
    from
        users u1_0 
    where
        u1_0.id=?
2026-01-22 00:41:15.314 - 
    select
        po1_0.id,
        po1_0.card_end_date,
        po1_0.card_start_date,
        po1_0.card_status,
        po1_0.created_at,
        po1_0.order_no,
        po1_0.package_id,
        po1_0.package_name,
        po1_0.payment_method,
        po1_0.payment_time,
        po1_0.price,
        po1_0.remaining_times,
        po1_0.staff_id,
        po1_0.staff_name,
        po1_0.status,
        po1_0.transaction_type,
        po1_0.updated_at,
        po1_0.user_id 
    from
        payment_orders po1_0 
    where
        po1_0.user_id=? 
        and po1_0.status=?
2026-01-22 00:41:16.254 - 
    select
        mp1_0.id,
        mp1_0.avg_price_per_time,
        mp1_0.badge,
        mp1_0.category,
        mp1_0.code,
        mp1_0.description,
        mp1_0.features,
        mp1_0.is_active,
        mp1_0.name,
        mp1_0.people,
        mp1_0.price,
        mp1_0.sort_order,
        mp1_0.times_per_person,
        mp1_0.validity_days 
    from
        member_packages mp1_0 
    where
        mp1_0.category=? 
        and mp1_0.is_active 
    order by
        mp1_0.sort_order
2026-01-22 00:41:16.260 - 
    select
        mp1_0.id,
        mp1_0.avg_price_per_time,
        mp1_0.badge,
        mp1_0.category,
        mp1_0.code,
        mp1_0.description,
        mp1_0.features,
        mp1_0.is_active,
        mp1_0.name,
        mp1_0.people,
        mp1_0.price,
        mp1_0.sort_order,
        mp1_0.times_per_person,
        mp1_0.validity_days 
    from
        member_packages mp1_0 
    where
        mp1_0.category=? 
        and mp1_0.is_active 
    order by
        mp1_0.sort_order
2026-01-22 00:41:18.215 - 
    select
        po1_0.id,
        po1_0.card_end_date,
        po1_0.card_start_date,
        po1_0.card_status,
        po1_0.created_at,
        po1_0.order_no,
        po1_0.package_id,
        po1_0.package_name,
        po1_0.payment_method,
        po1_0.payment_time,
        po1_0.price,
        po1_0.remaining_times,
        po1_0.staff_id,
        po1_0.staff_name,
        po1_0.status,
        po1_0.transaction_type,
        po1_0.updated_at,
        po1_0.user_id 
    from
        payment_orders po1_0 
    where
        po1_0.user_id=?
2026-01-22 00:41:18.217 - 
    select
        mp1_0.id,
        mp1_0.avg_price_per_time,
        mp1_0.badge,
        mp1_0.category,
        mp1_0.code,
        mp1_0.description,
        mp1_0.features,
        mp1_0.is_active,
        mp1_0.name,
        mp1_0.people,
        mp1_0.price,
        mp1_0.sort_order,
        mp1_0.times_per_person,
        mp1_0.validity_days 
    from
        member_packages mp1_0 
    where
        mp1_0.id=?
2026-01-22 00:41:18.219 - 
    select
        mp1_0.id,
        mp1_0.avg_price_per_time,
        mp1_0.badge,
        mp1_0.category,
        mp1_0.code,
        mp1_0.description,
        mp1_0.features,
        mp1_0.is_active,
        mp1_0.name,
        mp1_0.people,
        mp1_0.price,
        mp1_0.sort_order,
        mp1_0.times_per_person,
        mp1_0.validity_days 
    from
        member_packages mp1_0 
    where
        mp1_0.id=?
2026-01-22 00:41:18.237 - 
    select
        u1_0.id,
        u1_0.avatar_url,
        u1_0.created_at,
        u1_0.last_login_time,
        u1_0.member_expire_time,
        u1_0.member_level,
        u1_0.nickname,
        u1_0.openid,
        u1_0.phone,
        u1_0.points,
        u1_0.remaining_visits,
        u1_0.role,
        u1_0.total_visits,
        u1_0.updated_at 
    from
        users u1_0 
    where
        u1_0.id=?
2026-01-22 00:41:18.240 - 
    select
        po1_0.id,
        po1_0.card_end_date,
        po1_0.card_start_date,
        po1_0.card_status,
        po1_0.created_at,
        po1_0.order_no,
        po1_0.package_id,
        po1_0.package_name,
        po1_0.payment_method,
        po1_0.payment_time,
        po1_0.price,
        po1_0.remaining_times,
        po1_0.staff_id,
        po1_0.staff_name,
        po1_0.status,
        po1_0.transaction_type,
        po1_0.updated_at,
        po1_0.user_id 
    from
        payment_orders po1_0 
    where
        po1_0.user_id=? 
        and po1_0.status=?
2026-01-22 00:41:18.257 - 
    select
        s1_0.id,
        s1_0.created_at,
        s1_0.last_login_time,
        s1_0.name,
        s1_0.password,
        s1_0.phone,
        s1_0.status,
        s1_0.updated_at,
        s1_0.username 
    from
        staffs s1_0 
    where
        s1_0.status=?
2026-01-22 00:41:21.801 - 
    select
        u1_0.id,
        u1_0.avatar_url,
        u1_0.created_at,
        u1_0.last_login_time,
        u1_0.member_expire_time,
        u1_0.member_level,
        u1_0.nickname,
        u1_0.openid,
        u1_0.phone,
        u1_0.points,
        u1_0.remaining_visits,
        u1_0.role,
        u1_0.total_visits,
        u1_0.updated_at 
    from
        users u1_0 
    where
        u1_0.id=?
2026-01-22 00:41:21.803 - 
    select
        mp1_0.id,
        mp1_0.avg_price_per_time,
        mp1_0.badge,
        mp1_0.category,
        mp1_0.code,
        mp1_0.description,
        mp1_0.features,
        mp1_0.is_active,
        mp1_0.name,
        mp1_0.people,
        mp1_0.price,
        mp1_0.sort_order,
        mp1_0.times_per_person,
        mp1_0.validity_days 
    from
        member_packages mp1_0 
    where
        mp1_0.id=?
2026-01-22 00:41:21.806 - 
    select
        po1_0.id,
        po1_0.card_end_date,
        po1_0.card_start_date,
        po1_0.card_status,
        po1_0.created_at,
        po1_0.order_no,
        po1_0.package_id,
        po1_0.package_name,
        po1_0.payment_method,
        po1_0.payment_time,
        po1_0.price,
        po1_0.remaining_times,
        po1_0.staff_id,
        po1_0.staff_name,
        po1_0.status,
        po1_0.transaction_type,
        po1_0.updated_at,
        po1_0.user_id 
    from
        payment_orders po1_0 
    where
        po1_0.user_id=? 
        and po1_0.status=?
2026-01-22 00:41:21.809 - 
    insert 
    into
        payment_orders
        (card_end_date, card_start_date, card_status, created_at, order_no, package_id, package_name, payment_method, payment_time, price, remaining_times, staff_id, staff_name, status, transaction_type, updated_at, user_id) 
    values
        (?, ?, ?, ?, ?, ?, ?, ?, ?, ?, ?, ?, ?, ?, ?, ?, ?)
2026-01-22 00:41:21.827 - 
    select
        po1_0.id,
        po1_0.card_end_date,
        po1_0.card_start_date,
        po1_0.card_status,
        po1_0.created_at,
        po1_0.order_no,
        po1_0.package_id,
        po1_0.package_name,
        po1_0.payment_method,
        po1_0.payment_time,
        po1_0.price,
        po1_0.remaining_times,
        po1_0.staff_id,
        po1_0.staff_name,
        po1_0.status,
        po1_0.transaction_type,
        po1_0.updated_at,
        po1_0.user_id 
    from
        payment_orders po1_0 
    where
        po1_0.id=?
2026-01-22 00:41:21.831 - 
    select
        u1_0.id,
        u1_0.avatar_url,
        u1_0.created_at,
        u1_0.last_login_time,
        u1_0.member_expire_time,
        u1_0.member_level,
        u1_0.nickname,
        u1_0.openid,
        u1_0.phone,
        u1_0.points,
        u1_0.remaining_visits,
        u1_0.role,
        u1_0.total_visits,
        u1_0.updated_at 
    from
        users u1_0 
    where
        u1_0.id=?
2026-01-22 00:41:22.648 - 
    select
        po1_0.id,
        po1_0.card_end_date,
        po1_0.card_start_date,
        po1_0.card_status,
        po1_0.created_at,
        po1_0.order_no,
        po1_0.package_id,
        po1_0.package_name,
        po1_0.payment_method,
        po1_0.payment_time,
        po1_0.price,
        po1_0.remaining_times,
        po1_0.staff_id,
        po1_0.staff_name,
        po1_0.status,
        po1_0.transaction_type,
        po1_0.updated_at,
        po1_0.user_id 
    from
        payment_orders po1_0 
    where
        po1_0.id=?
2026-01-22 00:41:22.651 - 
    select
        mp1_0.id,
        mp1_0.avg_price_per_time,
        mp1_0.badge,
        mp1_0.category,
        mp1_0.code,
        mp1_0.description,
        mp1_0.features,
        mp1_0.is_active,
        mp1_0.name,
        mp1_0.people,
        mp1_0.price,
        mp1_0.sort_order,
        mp1_0.times_per_person,
        mp1_0.validity_days 
    from
        member_packages mp1_0 
    where
        mp1_0.id=?
2026-01-22 00:41:22.654 - 
    select
        u1_0.id,
        u1_0.avatar_url,
        u1_0.created_at,
        u1_0.last_login_time,
        u1_0.member_expire_time,
        u1_0.member_level,
        u1_0.nickname,
        u1_0.openid,
        u1_0.phone,
        u1_0.points,
        u1_0.remaining_visits,
        u1_0.role,
        u1_0.total_visits,
        u1_0.updated_at 
    from
        users u1_0 
    where
        u1_0.id=?
2026-01-22 00:41:22.658 - 
    update
        payment_orders 
    set
        card_end_date=?,
        card_start_date=?,
        card_status=?,
        created_at=?,
        order_no=?,
        package_id=?,
        package_name=?,
        payment_method=?,
        payment_time=?,
        price=?,
        remaining_times=?,
        staff_id=?,
        staff_name=?,
        status=?,
        transaction_type=?,
        updated_at=?,
        user_id=? 
    where
        id=?
2026-01-22 00:41:22.659 - 
    update
        users 
    set
        avatar_url=?,
        created_at=?,
        last_login_time=?,
        member_expire_time=?,
        member_level=?,
        nickname=?,
        openid=?,
        phone=?,
        points=?,
        remaining_visits=?,
        role=?,
        total_visits=?,
        updated_at=? 
    where
        id=?
2026-01-22 00:41:24.982 - 
    select
        u1_0.id,
        u1_0.avatar_url,
        u1_0.created_at,
        u1_0.last_login_time,
        u1_0.member_expire_time,
        u1_0.member_level,
        u1_0.nickname,
        u1_0.openid,
        u1_0.phone,
        u1_0.points,
        u1_0.remaining_visits,
        u1_0.role,
        u1_0.total_visits,
        u1_0.updated_at 
    from
        users u1_0 
    where
        u1_0.id=?
2026-01-22 00:41:24.986 - 
    select
        po1_0.id,
        po1_0.card_end_date,
        po1_0.card_start_date,
        po1_0.card_status,
        po1_0.created_at,
        po1_0.order_no,
        po1_0.package_id,
        po1_0.package_name,
        po1_0.payment_method,
        po1_0.payment_time,
        po1_0.price,
        po1_0.remaining_times,
        po1_0.staff_id,
        po1_0.staff_name,
        po1_0.status,
        po1_0.transaction_type,
        po1_0.updated_at,
        po1_0.user_id 
    from
        payment_orders po1_0 
    where
        po1_0.user_id=? 
        and po1_0.status=?
2026-01-22 00:41:24.989 - 
    select
        u1_0.id,
        u1_0.avatar_url,
        u1_0.created_at,
        u1_0.last_login_time,
        u1_0.member_expire_time,
        u1_0.member_level,
        u1_0.nickname,
        u1_0.openid,
        u1_0.phone,
        u1_0.points,
        u1_0.remaining_visits,
        u1_0.role,
        u1_0.total_visits,
        u1_0.updated_at 
    from
        users u1_0 
    where
        u1_0.id=?
2026-01-22 00:41:24.989 - 
    select
        po1_0.id,
        po1_0.card_end_date,
        po1_0.card_start_date,
        po1_0.card_status,
        po1_0.created_at,
        po1_0.order_no,
        po1_0.package_id,
        po1_0.package_name,
        po1_0.payment_method,
        po1_0.payment_time,
        po1_0.price,
        po1_0.remaining_times,
        po1_0.staff_id,
        po1_0.staff_name,
        po1_0.status,
        po1_0.transaction_type,
        po1_0.updated_at,
        po1_0.user_id 
    from
        payment_orders po1_0 
    where
        po1_0.user_id=?
2026-01-22 00:41:24.992 - 
    select
        mp1_0.id,
        mp1_0.avg_price_per_time,
        mp1_0.badge,
        mp1_0.category,
        mp1_0.code,
        mp1_0.description,
        mp1_0.features,
        mp1_0.is_active,
        mp1_0.name,
        mp1_0.people,
        mp1_0.price,
        mp1_0.sort_order,
        mp1_0.times_per_person,
        mp1_0.validity_days 
    from
        member_packages mp1_0 
    where
        mp1_0.id=?
2026-01-22 00:41:24.992 - 
    select
        bo1_0.id,
        bo1_0.cabin_name,
        bo1_0.consume_time,
        bo1_0.created_at,
        bo1_0.date,
        bo1_0.order_no,
        bo1_0.original_price,
        bo1_0.payment_method,
        bo1_0.payment_order_id,
        bo1_0.payment_status,
        bo1_0.payment_time,
        bo1_0.price,
        bo1_0.seat_name,
        bo1_0.status,
        bo1_0.time_slot,
        bo1_0.updated_at,
        bo1_0.user_id 
    from
        booking_orders bo1_0 
    where
        bo1_0.user_id=? 
    order by
        bo1_0.created_at desc
2026-01-22 00:41:24.995 - 
    select
        mp1_0.id,
        mp1_0.avg_price_per_time,
        mp1_0.badge,
        mp1_0.category,
        mp1_0.code,
        mp1_0.description,
        mp1_0.features,
        mp1_0.is_active,
        mp1_0.name,
        mp1_0.people,
        mp1_0.price,
        mp1_0.sort_order,
        mp1_0.times_per_person,
        mp1_0.validity_days 
    from
        member_packages mp1_0 
    where
        mp1_0.id=?
2026-01-22 00:41:24.997 - 
    select
        u1_0.id,
        u1_0.avatar_url,
        u1_0.created_at,
        u1_0.last_login_time,
        u1_0.member_expire_time,
        u1_0.member_level,
        u1_0.nickname,
        u1_0.openid,
        u1_0.phone,
        u1_0.points,
        u1_0.remaining_visits,
        u1_0.role,
        u1_0.total_visits,
        u1_0.updated_at 
    from
        users u1_0 
    where
        u1_0.id=?
2026-01-22 00:41:24.997 - 
    select
        mp1_0.id,
        mp1_0.avg_price_per_time,
        mp1_0.badge,
        mp1_0.category,
        mp1_0.code,
        mp1_0.description,
        mp1_0.features,
        mp1_0.is_active,
        mp1_0.name,
        mp1_0.people,
        mp1_0.price,
        mp1_0.sort_order,
        mp1_0.times_per_person,
        mp1_0.validity_days 
    from
        member_packages mp1_0 
    where
        mp1_0.id=?
2026-01-22 00:41:24.999 - 
    select
        po1_0.id,
        po1_0.card_end_date,
        po1_0.card_start_date,
        po1_0.card_status,
        po1_0.created_at,
        po1_0.order_no,
        po1_0.package_id,
        po1_0.package_name,
        po1_0.payment_method,
        po1_0.payment_time,
        po1_0.price,
        po1_0.remaining_times,
        po1_0.staff_id,
        po1_0.staff_name,
        po1_0.status,
        po1_0.transaction_type,
        po1_0.updated_at,
        po1_0.user_id 
    from
        payment_orders po1_0 
    where
        po1_0.user_id=? 
        and po1_0.status=?
2026-01-22 00:41:25.000 - 
    select
        u1_0.id,
        u1_0.avatar_url,
        u1_0.created_at,
        u1_0.last_login_time,
        u1_0.member_expire_time,
        u1_0.member_level,
        u1_0.nickname,
        u1_0.openid,
        u1_0.phone,
        u1_0.points,
        u1_0.remaining_visits,
        u1_0.role,
        u1_0.total_visits,
        u1_0.updated_at 
    from
        users u1_0 
    where
        u1_0.id=?
2026-01-22 00:41:25.002 - 
    select
        bo1_0.id,
        bo1_0.cabin_name,
        bo1_0.consume_time,
        bo1_0.created_at,
        bo1_0.date,
        bo1_0.order_no,
        bo1_0.original_price,
        bo1_0.payment_method,
        bo1_0.payment_order_id,
        bo1_0.payment_status,
        bo1_0.payment_time,
        bo1_0.price,
        bo1_0.seat_name,
        bo1_0.status,
        bo1_0.time_slot,
        bo1_0.updated_at,
        bo1_0.user_id 
    from
        booking_orders bo1_0 
    where
        bo1_0.user_id=? 
    order by
        bo1_0.created_at desc
2026-01-22 00:41:25.005 - 
    select
        po1_0.id,
        po1_0.card_end_date,
        po1_0.card_start_date,
        po1_0.card_status,
        po1_0.created_at,
        po1_0.order_no,
        po1_0.package_id,
        po1_0.package_name,
        po1_0.payment_method,
        po1_0.payment_time,
        po1_0.price,
        po1_0.remaining_times,
        po1_0.staff_id,
        po1_0.staff_name,
        po1_0.status,
        po1_0.transaction_type,
        po1_0.updated_at,
        po1_0.user_id 
    from
        payment_orders po1_0 
    where
        po1_0.user_id=?
2026-01-22 00:41:25.007 - 
    select
        mp1_0.id,
        mp1_0.avg_price_per_time,
        mp1_0.badge,
        mp1_0.category,
        mp1_0.code,
        mp1_0.description,
        mp1_0.features,
        mp1_0.is_active,
        mp1_0.name,
        mp1_0.people,
        mp1_0.price,
        mp1_0.sort_order,
        mp1_0.times_per_person,
        mp1_0.validity_days 
    from
        member_packages mp1_0 
    where
        mp1_0.id=?
2026-01-22 00:41:25.010 - 
    select
        mp1_0.id,
        mp1_0.avg_price_per_time,
        mp1_0.badge,
        mp1_0.category,
        mp1_0.code,
        mp1_0.description,
        mp1_0.features,
        mp1_0.is_active,
        mp1_0.name,
        mp1_0.people,
        mp1_0.price,
        mp1_0.sort_order,
        mp1_0.times_per_person,
        mp1_0.validity_days 
    from
        member_packages mp1_0 
    where
        mp1_0.id=?
2026-01-22 00:41:25.013 - 
    select
        mp1_0.id,
        mp1_0.avg_price_per_time,
        mp1_0.badge,
        mp1_0.category,
        mp1_0.code,
        mp1_0.description,
        mp1_0.features,
        mp1_0.is_active,
        mp1_0.name,
        mp1_0.people,
        mp1_0.price,
        mp1_0.sort_order,
        mp1_0.times_per_person,
        mp1_0.validity_days 
    from
        member_packages mp1_0 
    where
        mp1_0.id=?
2026-01-22 00:41:25.025 - 
    select
        u1_0.id,
        u1_0.avatar_url,
        u1_0.created_at,
        u1_0.last_login_time,
        u1_0.member_expire_time,
        u1_0.member_level,
        u1_0.nickname,
        u1_0.openid,
        u1_0.phone,
        u1_0.points,
        u1_0.remaining_visits,
        u1_0.role,
        u1_0.total_visits,
        u1_0.updated_at 
    from
        users u1_0 
    where
        u1_0.id=?
2026-01-22 00:41:25.028 - 
    select
        po1_0.id,
        po1_0.card_end_date,
        po1_0.card_start_date,
        po1_0.card_status,
        po1_0.created_at,
        po1_0.order_no,
        po1_0.package_id,
        po1_0.package_name,
        po1_0.payment_method,
        po1_0.payment_time,
        po1_0.price,
        po1_0.remaining_times,
        po1_0.staff_id,
        po1_0.staff_name,
        po1_0.status,
        po1_0.transaction_type,
        po1_0.updated_at,
        po1_0.user_id 
    from
        payment_orders po1_0 
    where
        po1_0.user_id=? 
        and po1_0.status=?
2026-01-22 00:41:25.041 - 
    select
        u1_0.id,
        u1_0.avatar_url,
        u1_0.created_at,
        u1_0.last_login_time,
        u1_0.member_expire_time,
        u1_0.member_level,
        u1_0.nickname,
        u1_0.openid,
        u1_0.phone,
        u1_0.points,
        u1_0.remaining_visits,
        u1_0.role,
        u1_0.total_visits,
        u1_0.updated_at 
    from
        users u1_0 
    where
        u1_0.id=?
2026-01-22 00:41:25.044 - 
    select
        po1_0.id,
        po1_0.card_end_date,
        po1_0.card_start_date,
        po1_0.card_status,
        po1_0.created_at,
        po1_0.order_no,
        po1_0.package_id,
        po1_0.package_name,
        po1_0.payment_method,
        po1_0.payment_time,
        po1_0.price,
        po1_0.remaining_times,
        po1_0.staff_id,
        po1_0.staff_name,
        po1_0.status,
        po1_0.transaction_type,
        po1_0.updated_at,
        po1_0.user_id 
    from
        payment_orders po1_0 
    where
        po1_0.user_id=? 
        and po1_0.status=?
2026-01-22 00:45:00.263 - 
    select
        bo1_0.id,
        bo1_0.cabin_name,
        bo1_0.consume_time,
        bo1_0.created_at,
        bo1_0.date,
        bo1_0.order_no,
        bo1_0.original_price,
        bo1_0.payment_method,
        bo1_0.payment_order_id,
        bo1_0.payment_status,
        bo1_0.payment_time,
        bo1_0.price,
        bo1_0.seat_name,
        bo1_0.status,
        bo1_0.time_slot,
        bo1_0.updated_at,
        bo1_0.user_id 
    from
        booking_orders bo1_0 
    where
        bo1_0.status=?
2026-01-22 00:50:00.029 - 
    select
        bo1_0.id,
        bo1_0.cabin_name,
        bo1_0.consume_time,
        bo1_0.created_at,
        bo1_0.date,
        bo1_0.order_no,
        bo1_0.original_price,
        bo1_0.payment_method,
        bo1_0.payment_order_id,
        bo1_0.payment_status,
        bo1_0.payment_time,
        bo1_0.price,
        bo1_0.seat_name,
        bo1_0.status,
        bo1_0.time_slot,
        bo1_0.updated_at,
        bo1_0.user_id 
    from
        booking_orders bo1_0 
    where
        bo1_0.status=?
2026-01-22 00:55:00.041 - 
    select
        bo1_0.id,
        bo1_0.cabin_name,
        bo1_0.consume_time,
        bo1_0.created_at,
        bo1_0.date,
        bo1_0.order_no,
        bo1_0.original_price,
        bo1_0.payment_method,
        bo1_0.payment_order_id,
        bo1_0.payment_status,
        bo1_0.payment_time,
        bo1_0.price,
        bo1_0.seat_name,
        bo1_0.status,
        bo1_0.time_slot,
        bo1_0.updated_at,
        bo1_0.user_id 
    from
        booking_orders bo1_0 
    where
        bo1_0.status=?
2026-01-22 00:58:29.473 - 
    select
        mp1_0.id,
        mp1_0.avg_price_per_time,
        mp1_0.badge,
        mp1_0.category,
        mp1_0.code,
        mp1_0.description,
        mp1_0.features,
        mp1_0.is_active,
        mp1_0.name,
        mp1_0.people,
        mp1_0.price,
        mp1_0.sort_order,
        mp1_0.times_per_person,
        mp1_0.validity_days 
    from
        member_packages mp1_0 
    where
        mp1_0.category=? 
        and mp1_0.is_active 
    order by
        mp1_0.sort_order
2026-01-22 00:58:29.498 - 
    select
        mp1_0.id,
        mp1_0.avg_price_per_time,
        mp1_0.badge,
        mp1_0.category,
        mp1_0.code,
        mp1_0.description,
        mp1_0.features,
        mp1_0.is_active,
        mp1_0.name,
        mp1_0.people,
        mp1_0.price,
        mp1_0.sort_order,
        mp1_0.times_per_person,
        mp1_0.validity_days 
    from
        member_packages mp1_0 
    where
        mp1_0.category=? 
        and mp1_0.is_active 
    order by
        mp1_0.sort_order
2026-01-22 00:58:32.371 - 
    select
        po1_0.id,
        po1_0.card_end_date,
        po1_0.card_start_date,
        po1_0.card_status,
        po1_0.created_at,
        po1_0.order_no,
        po1_0.package_id,
        po1_0.package_name,
        po1_0.payment_method,
        po1_0.payment_time,
        po1_0.price,
        po1_0.remaining_times,
        po1_0.staff_id,
        po1_0.staff_name,
        po1_0.status,
        po1_0.transaction_type,
        po1_0.updated_at,
        po1_0.user_id 
    from
        payment_orders po1_0 
    where
        po1_0.user_id=?
2026-01-22 00:58:32.378 - 
    select
        mp1_0.id,
        mp1_0.avg_price_per_time,
        mp1_0.badge,
        mp1_0.category,
        mp1_0.code,
        mp1_0.description,
        mp1_0.features,
        mp1_0.is_active,
        mp1_0.name,
        mp1_0.people,
        mp1_0.price,
        mp1_0.sort_order,
        mp1_0.times_per_person,
        mp1_0.validity_days 
    from
        member_packages mp1_0 
    where
        mp1_0.id=?
2026-01-22 00:58:32.382 - 
    select
        mp1_0.id,
        mp1_0.avg_price_per_time,
        mp1_0.badge,
        mp1_0.category,
        mp1_0.code,
        mp1_0.description,
        mp1_0.features,
        mp1_0.is_active,
        mp1_0.name,
        mp1_0.people,
        mp1_0.price,
        mp1_0.sort_order,
        mp1_0.times_per_person,
        mp1_0.validity_days 
    from
        member_packages mp1_0 
    where
        mp1_0.id=?
2026-01-22 00:58:32.383 - 
    select
        mp1_0.id,
        mp1_0.avg_price_per_time,
        mp1_0.badge,
        mp1_0.category,
        mp1_0.code,
        mp1_0.description,
        mp1_0.features,
        mp1_0.is_active,
        mp1_0.name,
        mp1_0.people,
        mp1_0.price,
        mp1_0.sort_order,
        mp1_0.times_per_person,
        mp1_0.validity_days 
    from
        member_packages mp1_0 
    where
        mp1_0.id=?
2026-01-22 00:58:32.399 - 
    select
        u1_0.id,
        u1_0.avatar_url,
        u1_0.created_at,
        u1_0.last_login_time,
        u1_0.member_expire_time,
        u1_0.member_level,
        u1_0.nickname,
        u1_0.openid,
        u1_0.phone,
        u1_0.points,
        u1_0.remaining_visits,
        u1_0.role,
        u1_0.total_visits,
        u1_0.updated_at 
    from
        users u1_0 
    where
        u1_0.id=?
2026-01-22 00:58:32.401 - 
    select
        po1_0.id,
        po1_0.card_end_date,
        po1_0.card_start_date,
        po1_0.card_status,
        po1_0.created_at,
        po1_0.order_no,
        po1_0.package_id,
        po1_0.package_name,
        po1_0.payment_method,
        po1_0.payment_time,
        po1_0.price,
        po1_0.remaining_times,
        po1_0.staff_id,
        po1_0.staff_name,
        po1_0.status,
        po1_0.transaction_type,
        po1_0.updated_at,
        po1_0.user_id 
    from
        payment_orders po1_0 
    where
        po1_0.user_id=? 
        and po1_0.status=?
2026-01-22 00:58:32.414 - 
    select
        s1_0.id,
        s1_0.created_at,
        s1_0.last_login_time,
        s1_0.name,
        s1_0.password,
        s1_0.phone,
        s1_0.status,
        s1_0.updated_at,
        s1_0.username 
    from
        staffs s1_0 
    where
        s1_0.status=?
2026-01-22 00:58:36.454 - 
    select
        mp1_0.id,
        mp1_0.avg_price_per_time,
        mp1_0.badge,
        mp1_0.category,
        mp1_0.code,
        mp1_0.description,
        mp1_0.features,
        mp1_0.is_active,
        mp1_0.name,
        mp1_0.people,
        mp1_0.price,
        mp1_0.sort_order,
        mp1_0.times_per_person,
        mp1_0.validity_days 
    from
        member_packages mp1_0 
    where
        mp1_0.category=? 
        and mp1_0.is_active 
    order by
        mp1_0.sort_order
2026-01-22 00:58:37.103 - 
    select
        mp1_0.id,
        mp1_0.avg_price_per_time,
        mp1_0.badge,
        mp1_0.category,
        mp1_0.code,
        mp1_0.description,
        mp1_0.features,
        mp1_0.is_active,
        mp1_0.name,
        mp1_0.people,
        mp1_0.price,
        mp1_0.sort_order,
        mp1_0.times_per_person,
        mp1_0.validity_days 
    from
        member_packages mp1_0 
    where
        mp1_0.category=? 
        and mp1_0.is_active 
    order by
        mp1_0.sort_order
2026-01-22 00:58:38.122 - 
    select
        po1_0.id,
        po1_0.card_end_date,
        po1_0.card_start_date,
        po1_0.card_status,
        po1_0.created_at,
        po1_0.order_no,
        po1_0.package_id,
        po1_0.package_name,
        po1_0.payment_method,
        po1_0.payment_time,
        po1_0.price,
        po1_0.remaining_times,
        po1_0.staff_id,
        po1_0.staff_name,
        po1_0.status,
        po1_0.transaction_type,
        po1_0.updated_at,
        po1_0.user_id 
    from
        payment_orders po1_0 
    where
        po1_0.user_id=?
2026-01-22 00:58:38.125 - 
    select
        mp1_0.id,
        mp1_0.avg_price_per_time,
        mp1_0.badge,
        mp1_0.category,
        mp1_0.code,
        mp1_0.description,
        mp1_0.features,
        mp1_0.is_active,
        mp1_0.name,
        mp1_0.people,
        mp1_0.price,
        mp1_0.sort_order,
        mp1_0.times_per_person,
        mp1_0.validity_days 
    from
        member_packages mp1_0 
    where
        mp1_0.id=?
2026-01-22 00:58:38.128 - 
    select
        mp1_0.id,
        mp1_0.avg_price_per_time,
        mp1_0.badge,
        mp1_0.category,
        mp1_0.code,
        mp1_0.description,
        mp1_0.features,
        mp1_0.is_active,
        mp1_0.name,
        mp1_0.people,
        mp1_0.price,
        mp1_0.sort_order,
        mp1_0.times_per_person,
        mp1_0.validity_days 
    from
        member_packages mp1_0 
    where
        mp1_0.id=?
2026-01-22 00:58:38.131 - 
    select
        mp1_0.id,
        mp1_0.avg_price_per_time,
        mp1_0.badge,
        mp1_0.category,
        mp1_0.code,
        mp1_0.description,
        mp1_0.features,
        mp1_0.is_active,
        mp1_0.name,
        mp1_0.people,
        mp1_0.price,
        mp1_0.sort_order,
        mp1_0.times_per_person,
        mp1_0.validity_days 
    from
        member_packages mp1_0 
    where
        mp1_0.id=?
2026-01-22 00:58:38.151 - 
    select
        u1_0.id,
        u1_0.avatar_url,
        u1_0.created_at,
        u1_0.last_login_time,
        u1_0.member_expire_time,
        u1_0.member_level,
        u1_0.nickname,
        u1_0.openid,
        u1_0.phone,
        u1_0.points,
        u1_0.remaining_visits,
        u1_0.role,
        u1_0.total_visits,
        u1_0.updated_at 
    from
        users u1_0 
    where
        u1_0.id=?
2026-01-22 00:58:38.153 - 
    select
        po1_0.id,
        po1_0.card_end_date,
        po1_0.card_start_date,
        po1_0.card_status,
        po1_0.created_at,
        po1_0.order_no,
        po1_0.package_id,
        po1_0.package_name,
        po1_0.payment_method,
        po1_0.payment_time,
        po1_0.price,
        po1_0.remaining_times,
        po1_0.staff_id,
        po1_0.staff_name,
        po1_0.status,
        po1_0.transaction_type,
        po1_0.updated_at,
        po1_0.user_id 
    from
        payment_orders po1_0 
    where
        po1_0.user_id=? 
        and po1_0.status=?
2026-01-22 00:58:38.170 - 
    select
        s1_0.id,
        s1_0.created_at,
        s1_0.last_login_time,
        s1_0.name,
        s1_0.password,
        s1_0.phone,
        s1_0.status,
        s1_0.updated_at,
        s1_0.username 
    from
        staffs s1_0 
    where
        s1_0.status=?
2026-01-22 00:58:42.944 - 
    select
        u1_0.id,
        u1_0.avatar_url,
        u1_0.created_at,
        u1_0.last_login_time,
        u1_0.member_expire_time,
        u1_0.member_level,
        u1_0.nickname,
        u1_0.openid,
        u1_0.phone,
        u1_0.points,
        u1_0.remaining_visits,
        u1_0.role,
        u1_0.total_visits,
        u1_0.updated_at 
    from
        users u1_0 
    where
        u1_0.id=?
2026-01-22 00:58:42.946 - 
    select
        mp1_0.id,
        mp1_0.avg_price_per_time,
        mp1_0.badge,
        mp1_0.category,
        mp1_0.code,
        mp1_0.description,
        mp1_0.features,
        mp1_0.is_active,
        mp1_0.name,
        mp1_0.people,
        mp1_0.price,
        mp1_0.sort_order,
        mp1_0.times_per_person,
        mp1_0.validity_days 
    from
        member_packages mp1_0 
    where
        mp1_0.id=?
2026-01-22 00:58:42.950 - 
    select
        po1_0.id,
        po1_0.card_end_date,
        po1_0.card_start_date,
        po1_0.card_status,
        po1_0.created_at,
        po1_0.order_no,
        po1_0.package_id,
        po1_0.package_name,
        po1_0.payment_method,
        po1_0.payment_time,
        po1_0.price,
        po1_0.remaining_times,
        po1_0.staff_id,
        po1_0.staff_name,
        po1_0.status,
        po1_0.transaction_type,
        po1_0.updated_at,
        po1_0.user_id 
    from
        payment_orders po1_0 
    where
        po1_0.user_id=? 
        and po1_0.status=?
2026-01-22 00:58:42.955 - 
    insert 
    into
        payment_orders
        (card_end_date, card_start_date, card_status, created_at, order_no, package_id, package_name, payment_method, payment_time, price, remaining_times, staff_id, staff_name, status, transaction_type, updated_at, user_id) 
    values
        (?, ?, ?, ?, ?, ?, ?, ?, ?, ?, ?, ?, ?, ?, ?, ?, ?)
2026-01-22 00:58:42.980 - 
    select
        po1_0.id,
        po1_0.card_end_date,
        po1_0.card_start_date,
        po1_0.card_status,
        po1_0.created_at,
        po1_0.order_no,
        po1_0.package_id,
        po1_0.package_name,
        po1_0.payment_method,
        po1_0.payment_time,
        po1_0.price,
        po1_0.remaining_times,
        po1_0.staff_id,
        po1_0.staff_name,
        po1_0.status,
        po1_0.transaction_type,
        po1_0.updated_at,
        po1_0.user_id 
    from
        payment_orders po1_0 
    where
        po1_0.id=?
2026-01-22 00:58:42.982 - 
    select
        u1_0.id,
        u1_0.avatar_url,
        u1_0.created_at,
        u1_0.last_login_time,
        u1_0.member_expire_time,
        u1_0.member_level,
        u1_0.nickname,
        u1_0.openid,
        u1_0.phone,
        u1_0.points,
        u1_0.remaining_visits,
        u1_0.role,
        u1_0.total_visits,
        u1_0.updated_at 
    from
        users u1_0 
    where
        u1_0.id=?
2026-01-22 00:58:43.754 - 
    select
        po1_0.id,
        po1_0.card_end_date,
        po1_0.card_start_date,
        po1_0.card_status,
        po1_0.created_at,
        po1_0.order_no,
        po1_0.package_id,
        po1_0.package_name,
        po1_0.payment_method,
        po1_0.payment_time,
        po1_0.price,
        po1_0.remaining_times,
        po1_0.staff_id,
        po1_0.staff_name,
        po1_0.status,
        po1_0.transaction_type,
        po1_0.updated_at,
        po1_0.user_id 
    from
        payment_orders po1_0 
    where
        po1_0.id=?
2026-01-22 00:58:43.757 - 
    select
        mp1_0.id,
        mp1_0.avg_price_per_time,
        mp1_0.badge,
        mp1_0.category,
        mp1_0.code,
        mp1_0.description,
        mp1_0.features,
        mp1_0.is_active,
        mp1_0.name,
        mp1_0.people,
        mp1_0.price,
        mp1_0.sort_order,
        mp1_0.times_per_person,
        mp1_0.validity_days 
    from
        member_packages mp1_0 
    where
        mp1_0.id=?
2026-01-22 00:58:43.759 - 
    select
        u1_0.id,
        u1_0.avatar_url,
        u1_0.created_at,
        u1_0.last_login_time,
        u1_0.member_expire_time,
        u1_0.member_level,
        u1_0.nickname,
        u1_0.openid,
        u1_0.phone,
        u1_0.points,
        u1_0.remaining_visits,
        u1_0.role,
        u1_0.total_visits,
        u1_0.updated_at 
    from
        users u1_0 
    where
        u1_0.id=?
2026-01-22 00:58:43.762 - 
    update
        payment_orders 
    set
        card_end_date=?,
        card_start_date=?,
        card_status=?,
        created_at=?,
        order_no=?,
        package_id=?,
        package_name=?,
        payment_method=?,
        payment_time=?,
        price=?,
        remaining_times=?,
        staff_id=?,
        staff_name=?,
        status=?,
        transaction_type=?,
        updated_at=?,
        user_id=? 
    where
        id=?
2026-01-22 00:58:43.764 - 
    update
        users 
    set
        avatar_url=?,
        created_at=?,
        last_login_time=?,
        member_expire_time=?,
        member_level=?,
        nickname=?,
        openid=?,
        phone=?,
        points=?,
        remaining_visits=?,
        role=?,
        total_visits=?,
        updated_at=? 
    where
        id=?
2026-01-22 00:58:46.132 - 
    select
        u1_0.id,
        u1_0.avatar_url,
        u1_0.created_at,
        u1_0.last_login_time,
        u1_0.member_expire_time,
        u1_0.member_level,
        u1_0.nickname,
        u1_0.openid,
        u1_0.phone,
        u1_0.points,
        u1_0.remaining_visits,
        u1_0.role,
        u1_0.total_visits,
        u1_0.updated_at 
    from
        users u1_0 
    where
        u1_0.id=?
2026-01-22 00:58:46.132 - 
    select
        u1_0.id,
        u1_0.avatar_url,
        u1_0.created_at,
        u1_0.last_login_time,
        u1_0.member_expire_time,
        u1_0.member_level,
        u1_0.nickname,
        u1_0.openid,
        u1_0.phone,
        u1_0.points,
        u1_0.remaining_visits,
        u1_0.role,
        u1_0.total_visits,
        u1_0.updated_at 
    from
        users u1_0 
    where
        u1_0.id=?
2026-01-22 00:58:46.133 - 
    select
        po1_0.id,
        po1_0.card_end_date,
        po1_0.card_start_date,
        po1_0.card_status,
        po1_0.created_at,
        po1_0.order_no,
        po1_0.package_id,
        po1_0.package_name,
        po1_0.payment_method,
        po1_0.payment_time,
        po1_0.price,
        po1_0.remaining_times,
        po1_0.staff_id,
        po1_0.staff_name,
        po1_0.status,
        po1_0.transaction_type,
        po1_0.updated_at,
        po1_0.user_id 
    from
        payment_orders po1_0 
    where
        po1_0.user_id=?
2026-01-22 00:58:46.136 - 
    select
        mp1_0.id,
        mp1_0.avg_price_per_time,
        mp1_0.badge,
        mp1_0.category,
        mp1_0.code,
        mp1_0.description,
        mp1_0.features,
        mp1_0.is_active,
        mp1_0.name,
        mp1_0.people,
        mp1_0.price,
        mp1_0.sort_order,
        mp1_0.times_per_person,
        mp1_0.validity_days 
    from
        member_packages mp1_0 
    where
        mp1_0.id=?
2026-01-22 00:58:46.137 - 
    select
        bo1_0.id,
        bo1_0.cabin_name,
        bo1_0.consume_time,
        bo1_0.created_at,
        bo1_0.date,
        bo1_0.order_no,
        bo1_0.original_price,
        bo1_0.payment_method,
        bo1_0.payment_order_id,
        bo1_0.payment_status,
        bo1_0.payment_time,
        bo1_0.price,
        bo1_0.seat_name,
        bo1_0.status,
        bo1_0.time_slot,
        bo1_0.updated_at,
        bo1_0.user_id 
    from
        booking_orders bo1_0 
    where
        bo1_0.user_id=? 
    order by
        bo1_0.created_at desc
2026-01-22 00:58:46.137 - 
    select
        po1_0.id,
        po1_0.card_end_date,
        po1_0.card_start_date,
        po1_0.card_status,
        po1_0.created_at,
        po1_0.order_no,
        po1_0.package_id,
        po1_0.package_name,
        po1_0.payment_method,
        po1_0.payment_time,
        po1_0.price,
        po1_0.remaining_times,
        po1_0.staff_id,
        po1_0.staff_name,
        po1_0.status,
        po1_0.transaction_type,
        po1_0.updated_at,
        po1_0.user_id 
    from
        payment_orders po1_0 
    where
        po1_0.user_id=? 
        and po1_0.status=?
2026-01-22 00:58:46.138 - 
    select
        mp1_0.id,
        mp1_0.avg_price_per_time,
        mp1_0.badge,
        mp1_0.category,
        mp1_0.code,
        mp1_0.description,
        mp1_0.features,
        mp1_0.is_active,
        mp1_0.name,
        mp1_0.people,
        mp1_0.price,
        mp1_0.sort_order,
        mp1_0.times_per_person,
        mp1_0.validity_days 
    from
        member_packages mp1_0 
    where
        mp1_0.id=?
2026-01-22 00:58:46.139 - 
    select
        mp1_0.id,
        mp1_0.avg_price_per_time,
        mp1_0.badge,
        mp1_0.category,
        mp1_0.code,
        mp1_0.description,
        mp1_0.features,
        mp1_0.is_active,
        mp1_0.name,
        mp1_0.people,
        mp1_0.price,
        mp1_0.sort_order,
        mp1_0.times_per_person,
        mp1_0.validity_days 
    from
        member_packages mp1_0 
    where
        mp1_0.id=?
2026-01-22 00:58:46.140 - 
    select
        mp1_0.id,
        mp1_0.avg_price_per_time,
        mp1_0.badge,
        mp1_0.category,
        mp1_0.code,
        mp1_0.description,
        mp1_0.features,
        mp1_0.is_active,
        mp1_0.name,
        mp1_0.people,
        mp1_0.price,
        mp1_0.sort_order,
        mp1_0.times_per_person,
        mp1_0.validity_days 
    from
        member_packages mp1_0 
    where
        mp1_0.id=?
2026-01-22 00:58:46.145 - 
    select
        u1_0.id,
        u1_0.avatar_url,
        u1_0.created_at,
        u1_0.last_login_time,
        u1_0.member_expire_time,
        u1_0.member_level,
        u1_0.nickname,
        u1_0.openid,
        u1_0.phone,
        u1_0.points,
        u1_0.remaining_visits,
        u1_0.role,
        u1_0.total_visits,
        u1_0.updated_at 
    from
        users u1_0 
    where
        u1_0.id=?
2026-01-22 00:58:46.145 - 
    select
        u1_0.id,
        u1_0.avatar_url,
        u1_0.created_at,
        u1_0.last_login_time,
        u1_0.member_expire_time,
        u1_0.member_level,
        u1_0.nickname,
        u1_0.openid,
        u1_0.phone,
        u1_0.points,
        u1_0.remaining_visits,
        u1_0.role,
        u1_0.total_visits,
        u1_0.updated_at 
    from
        users u1_0 
    where
        u1_0.id=?
2026-01-22 00:58:46.147 - 
    select
        bo1_0.id,
        bo1_0.cabin_name,
        bo1_0.consume_time,
        bo1_0.created_at,
        bo1_0.date,
        bo1_0.order_no,
        bo1_0.original_price,
        bo1_0.payment_method,
        bo1_0.payment_order_id,
        bo1_0.payment_status,
        bo1_0.payment_time,
        bo1_0.price,
        bo1_0.seat_name,
        bo1_0.status,
        bo1_0.time_slot,
        bo1_0.updated_at,
        bo1_0.user_id 
    from
        booking_orders bo1_0 
    where
        bo1_0.user_id=? 
    order by
        bo1_0.created_at desc
2026-01-22 00:58:46.147 - 
    select
        po1_0.id,
        po1_0.card_end_date,
        po1_0.card_start_date,
        po1_0.card_status,
        po1_0.created_at,
        po1_0.order_no,
        po1_0.package_id,
        po1_0.package_name,
        po1_0.payment_method,
        po1_0.payment_time,
        po1_0.price,
        po1_0.remaining_times,
        po1_0.staff_id,
        po1_0.staff_name,
        po1_0.status,
        po1_0.transaction_type,
        po1_0.updated_at,
        po1_0.user_id 
    from
        payment_orders po1_0 
    where
        po1_0.user_id=? 
        and po1_0.status=?
2026-01-22 00:58:46.147 - 
    select
        po1_0.id,
        po1_0.card_end_date,
        po1_0.card_start_date,
        po1_0.card_status,
        po1_0.created_at,
        po1_0.order_no,
        po1_0.package_id,
        po1_0.package_name,
        po1_0.payment_method,
        po1_0.payment_time,
        po1_0.price,
        po1_0.remaining_times,
        po1_0.staff_id,
        po1_0.staff_name,
        po1_0.status,
        po1_0.transaction_type,
        po1_0.updated_at,
        po1_0.user_id 
    from
        payment_orders po1_0 
    where
        po1_0.user_id=?
2026-01-22 00:58:46.149 - 
    select
        mp1_0.id,
        mp1_0.avg_price_per_time,
        mp1_0.badge,
        mp1_0.category,
        mp1_0.code,
        mp1_0.description,
        mp1_0.features,
        mp1_0.is_active,
        mp1_0.name,
        mp1_0.people,
        mp1_0.price,
        mp1_0.sort_order,
        mp1_0.times_per_person,
        mp1_0.validity_days 
    from
        member_packages mp1_0 
    where
        mp1_0.id=?
2026-01-22 00:58:46.151 - 
    select
        mp1_0.id,
        mp1_0.avg_price_per_time,
        mp1_0.badge,
        mp1_0.category,
        mp1_0.code,
        mp1_0.description,
        mp1_0.features,
        mp1_0.is_active,
        mp1_0.name,
        mp1_0.people,
        mp1_0.price,
        mp1_0.sort_order,
        mp1_0.times_per_person,
        mp1_0.validity_days 
    from
        member_packages mp1_0 
    where
        mp1_0.id=?
2026-01-22 00:58:46.153 - 
    select
        mp1_0.id,
        mp1_0.avg_price_per_time,
        mp1_0.badge,
        mp1_0.category,
        mp1_0.code,
        mp1_0.description,
        mp1_0.features,
        mp1_0.is_active,
        mp1_0.name,
        mp1_0.people,
        mp1_0.price,
        mp1_0.sort_order,
        mp1_0.times_per_person,
        mp1_0.validity_days 
    from
        member_packages mp1_0 
    where
        mp1_0.id=?
2026-01-22 00:58:46.154 - 
    select
        mp1_0.id,
        mp1_0.avg_price_per_time,
        mp1_0.badge,
        mp1_0.category,
        mp1_0.code,
        mp1_0.description,
        mp1_0.features,
        mp1_0.is_active,
        mp1_0.name,
        mp1_0.people,
        mp1_0.price,
        mp1_0.sort_order,
        mp1_0.times_per_person,
        mp1_0.validity_days 
    from
        member_packages mp1_0 
    where
        mp1_0.id=?
2026-01-22 00:58:46.177 - 
    select
        u1_0.id,
        u1_0.avatar_url,
        u1_0.created_at,
        u1_0.last_login_time,
        u1_0.member_expire_time,
        u1_0.member_level,
        u1_0.nickname,
        u1_0.openid,
        u1_0.phone,
        u1_0.points,
        u1_0.remaining_visits,
        u1_0.role,
        u1_0.total_visits,
        u1_0.updated_at 
    from
        users u1_0 
    where
        u1_0.id=?
2026-01-22 00:58:46.180 - 
    select
        po1_0.id,
        po1_0.card_end_date,
        po1_0.card_start_date,
        po1_0.card_status,
        po1_0.created_at,
        po1_0.order_no,
        po1_0.package_id,
        po1_0.package_name,
        po1_0.payment_method,
        po1_0.payment_time,
        po1_0.price,
        po1_0.remaining_times,
        po1_0.staff_id,
        po1_0.staff_name,
        po1_0.status,
        po1_0.transaction_type,
        po1_0.updated_at,
        po1_0.user_id 
    from
        payment_orders po1_0 
    where
        po1_0.user_id=? 
        and po1_0.status=?
2026-01-22 00:58:46.190 - 
    select
        u1_0.id,
        u1_0.avatar_url,
        u1_0.created_at,
        u1_0.last_login_time,
        u1_0.member_expire_time,
        u1_0.member_level,
        u1_0.nickname,
        u1_0.openid,
        u1_0.phone,
        u1_0.points,
        u1_0.remaining_visits,
        u1_0.role,
        u1_0.total_visits,
        u1_0.updated_at 
    from
        users u1_0 
    where
        u1_0.id=?
2026-01-22 00:58:46.192 - 
    select
        po1_0.id,
        po1_0.card_end_date,
        po1_0.card_start_date,
        po1_0.card_status,
        po1_0.created_at,
        po1_0.order_no,
        po1_0.package_id,
        po1_0.package_name,
        po1_0.payment_method,
        po1_0.payment_time,
        po1_0.price,
        po1_0.remaining_times,
        po1_0.staff_id,
        po1_0.staff_name,
        po1_0.status,
        po1_0.transaction_type,
        po1_0.updated_at,
        po1_0.user_id 
    from
        payment_orders po1_0 
    where
        po1_0.user_id=? 
        and po1_0.status=?
2026-01-22 00:59:34.456 - 
    select
        mp1_0.id,
        mp1_0.avg_price_per_time,
        mp1_0.badge,
        mp1_0.category,
        mp1_0.code,
        mp1_0.description,
        mp1_0.features,
        mp1_0.is_active,
        mp1_0.name,
        mp1_0.people,
        mp1_0.price,
        mp1_0.sort_order,
        mp1_0.times_per_person,
        mp1_0.validity_days 
    from
        member_packages mp1_0 
    where
        mp1_0.category=? 
        and mp1_0.is_active 
    order by
        mp1_0.sort_order
2026-01-22 00:59:34.466 - 
    select
        mp1_0.id,
        mp1_0.avg_price_per_time,
        mp1_0.badge,
        mp1_0.category,
        mp1_0.code,
        mp1_0.description,
        mp1_0.features,
        mp1_0.is_active,
        mp1_0.name,
        mp1_0.people,
        mp1_0.price,
        mp1_0.sort_order,
        mp1_0.times_per_person,
        mp1_0.validity_days 
    from
        member_packages mp1_0 
    where
        mp1_0.category=? 
        and mp1_0.is_active 
    order by
        mp1_0.sort_order
2026-01-22 00:59:37.841 - 
    select
        po1_0.id,
        po1_0.card_end_date,
        po1_0.card_start_date,
        po1_0.card_status,
        po1_0.created_at,
        po1_0.order_no,
        po1_0.package_id,
        po1_0.package_name,
        po1_0.payment_method,
        po1_0.payment_time,
        po1_0.price,
        po1_0.remaining_times,
        po1_0.staff_id,
        po1_0.staff_name,
        po1_0.status,
        po1_0.transaction_type,
        po1_0.updated_at,
        po1_0.user_id 
    from
        payment_orders po1_0 
    where
        po1_0.user_id=?
2026-01-22 00:59:37.844 - 
    select
        mp1_0.id,
        mp1_0.avg_price_per_time,
        mp1_0.badge,
        mp1_0.category,
        mp1_0.code,
        mp1_0.description,
        mp1_0.features,
        mp1_0.is_active,
        mp1_0.name,
        mp1_0.people,
        mp1_0.price,
        mp1_0.sort_order,
        mp1_0.times_per_person,
        mp1_0.validity_days 
    from
        member_packages mp1_0 
    where
        mp1_0.id=?
2026-01-22 00:59:37.846 - 
    select
        mp1_0.id,
        mp1_0.avg_price_per_time,
        mp1_0.badge,
        mp1_0.category,
        mp1_0.code,
        mp1_0.description,
        mp1_0.features,
        mp1_0.is_active,
        mp1_0.name,
        mp1_0.people,
        mp1_0.price,
        mp1_0.sort_order,
        mp1_0.times_per_person,
        mp1_0.validity_days 
    from
        member_packages mp1_0 
    where
        mp1_0.id=?
2026-01-22 00:59:37.848 - 
    select
        mp1_0.id,
        mp1_0.avg_price_per_time,
        mp1_0.badge,
        mp1_0.category,
        mp1_0.code,
        mp1_0.description,
        mp1_0.features,
        mp1_0.is_active,
        mp1_0.name,
        mp1_0.people,
        mp1_0.price,
        mp1_0.sort_order,
        mp1_0.times_per_person,
        mp1_0.validity_days 
    from
        member_packages mp1_0 
    where
        mp1_0.id=?
2026-01-22 00:59:37.851 - 
    select
        mp1_0.id,
        mp1_0.avg_price_per_time,
        mp1_0.badge,
        mp1_0.category,
        mp1_0.code,
        mp1_0.description,
        mp1_0.features,
        mp1_0.is_active,
        mp1_0.name,
        mp1_0.people,
        mp1_0.price,
        mp1_0.sort_order,
        mp1_0.times_per_person,
        mp1_0.validity_days 
    from
        member_packages mp1_0 
    where
        mp1_0.id=?
2026-01-22 00:59:37.865 - 
    select
        u1_0.id,
        u1_0.avatar_url,
        u1_0.created_at,
        u1_0.last_login_time,
        u1_0.member_expire_time,
        u1_0.member_level,
        u1_0.nickname,
        u1_0.openid,
        u1_0.phone,
        u1_0.points,
        u1_0.remaining_visits,
        u1_0.role,
        u1_0.total_visits,
        u1_0.updated_at 
    from
        users u1_0 
    where
        u1_0.id=?
2026-01-22 00:59:37.868 - 
    select
        po1_0.id,
        po1_0.card_end_date,
        po1_0.card_start_date,
        po1_0.card_status,
        po1_0.created_at,
        po1_0.order_no,
        po1_0.package_id,
        po1_0.package_name,
        po1_0.payment_method,
        po1_0.payment_time,
        po1_0.price,
        po1_0.remaining_times,
        po1_0.staff_id,
        po1_0.staff_name,
        po1_0.status,
        po1_0.transaction_type,
        po1_0.updated_at,
        po1_0.user_id 
    from
        payment_orders po1_0 
    where
        po1_0.user_id=? 
        and po1_0.status=?
2026-01-22 00:59:37.881 - 
    select
        s1_0.id,
        s1_0.created_at,
        s1_0.last_login_time,
        s1_0.name,
        s1_0.password,
        s1_0.phone,
        s1_0.status,
        s1_0.updated_at,
        s1_0.username 
    from
        staffs s1_0 
    where
        s1_0.status=?
2026-01-22 00:59:43.387 - 
    select
        po1_0.id,
        po1_0.card_end_date,
        po1_0.card_start_date,
        po1_0.card_status,
        po1_0.created_at,
        po1_0.order_no,
        po1_0.package_id,
        po1_0.package_name,
        po1_0.payment_method,
        po1_0.payment_time,
        po1_0.price,
        po1_0.remaining_times,
        po1_0.staff_id,
        po1_0.staff_name,
        po1_0.status,
        po1_0.transaction_type,
        po1_0.updated_at,
        po1_0.user_id 
    from
        payment_orders po1_0 
    where
        po1_0.user_id=?
2026-01-22 00:59:43.389 - 
    select
        mp1_0.id,
        mp1_0.avg_price_per_time,
        mp1_0.badge,
        mp1_0.category,
        mp1_0.code,
        mp1_0.description,
        mp1_0.features,
        mp1_0.is_active,
        mp1_0.name,
        mp1_0.people,
        mp1_0.price,
        mp1_0.sort_order,
        mp1_0.times_per_person,
        mp1_0.validity_days 
    from
        member_packages mp1_0 
    where
        mp1_0.id=?
2026-01-22 00:59:43.393 - 
    select
        mp1_0.id,
        mp1_0.avg_price_per_time,
        mp1_0.badge,
        mp1_0.category,
        mp1_0.code,
        mp1_0.description,
        mp1_0.features,
        mp1_0.is_active,
        mp1_0.name,
        mp1_0.people,
        mp1_0.price,
        mp1_0.sort_order,
        mp1_0.times_per_person,
        mp1_0.validity_days 
    from
        member_packages mp1_0 
    where
        mp1_0.id=?
2026-01-22 00:59:43.395 - 
    select
        mp1_0.id,
        mp1_0.avg_price_per_time,
        mp1_0.badge,
        mp1_0.category,
        mp1_0.code,
        mp1_0.description,
        mp1_0.features,
        mp1_0.is_active,
        mp1_0.name,
        mp1_0.people,
        mp1_0.price,
        mp1_0.sort_order,
        mp1_0.times_per_person,
        mp1_0.validity_days 
    from
        member_packages mp1_0 
    where
        mp1_0.id=?
2026-01-22 00:59:43.397 - 
    select
        mp1_0.id,
        mp1_0.avg_price_per_time,
        mp1_0.badge,
        mp1_0.category,
        mp1_0.code,
        mp1_0.description,
        mp1_0.features,
        mp1_0.is_active,
        mp1_0.name,
        mp1_0.people,
        mp1_0.price,
        mp1_0.sort_order,
        mp1_0.times_per_person,
        mp1_0.validity_days 
    from
        member_packages mp1_0 
    where
        mp1_0.id=?
2026-01-22 00:59:52.935 - 
    select
        po1_0.id,
        po1_0.card_end_date,
        po1_0.card_start_date,
        po1_0.card_status,
        po1_0.created_at,
        po1_0.order_no,
        po1_0.package_id,
        po1_0.package_name,
        po1_0.payment_method,
        po1_0.payment_time,
        po1_0.price,
        po1_0.remaining_times,
        po1_0.staff_id,
        po1_0.staff_name,
        po1_0.status,
        po1_0.transaction_type,
        po1_0.updated_at,
        po1_0.user_id 
    from
        payment_orders po1_0 
    where
        po1_0.user_id=?
2026-01-22 00:59:52.937 - 
    select
        mp1_0.id,
        mp1_0.avg_price_per_time,
        mp1_0.badge,
        mp1_0.category,
        mp1_0.code,
        mp1_0.description,
        mp1_0.features,
        mp1_0.is_active,
        mp1_0.name,
        mp1_0.people,
        mp1_0.price,
        mp1_0.sort_order,
        mp1_0.times_per_person,
        mp1_0.validity_days 
    from
        member_packages mp1_0 
    where
        mp1_0.id=?
2026-01-22 00:59:52.939 - 
    select
        mp1_0.id,
        mp1_0.avg_price_per_time,
        mp1_0.badge,
        mp1_0.category,
        mp1_0.code,
        mp1_0.description,
        mp1_0.features,
        mp1_0.is_active,
        mp1_0.name,
        mp1_0.people,
        mp1_0.price,
        mp1_0.sort_order,
        mp1_0.times_per_person,
        mp1_0.validity_days 
    from
        member_packages mp1_0 
    where
        mp1_0.id=?
2026-01-22 00:59:52.940 - 
    select
        mp1_0.id,
        mp1_0.avg_price_per_time,
        mp1_0.badge,
        mp1_0.category,
        mp1_0.code,
        mp1_0.description,
        mp1_0.features,
        mp1_0.is_active,
        mp1_0.name,
        mp1_0.people,
        mp1_0.price,
        mp1_0.sort_order,
        mp1_0.times_per_person,
        mp1_0.validity_days 
    from
        member_packages mp1_0 
    where
        mp1_0.id=?
2026-01-22 00:59:52.941 - 
    select
        mp1_0.id,
        mp1_0.avg_price_per_time,
        mp1_0.badge,
        mp1_0.category,
        mp1_0.code,
        mp1_0.description,
        mp1_0.features,
        mp1_0.is_active,
        mp1_0.name,
        mp1_0.people,
        mp1_0.price,
        mp1_0.sort_order,
        mp1_0.times_per_person,
        mp1_0.validity_days 
    from
        member_packages mp1_0 
    where
        mp1_0.id=?
2026-01-22 01:00:00.018 - 
    select
        bo1_0.id,
        bo1_0.cabin_name,
        bo1_0.consume_time,
        bo1_0.created_at,
        bo1_0.date,
        bo1_0.order_no,
        bo1_0.original_price,
        bo1_0.payment_method,
        bo1_0.payment_order_id,
        bo1_0.payment_status,
        bo1_0.payment_time,
        bo1_0.price,
        bo1_0.seat_name,
        bo1_0.status,
        bo1_0.time_slot,
        bo1_0.updated_at,
        bo1_0.user_id 
    from
        booking_orders bo1_0 
    where
        bo1_0.status=?
2026-01-22 01:00:47.942 - 
    select
        mp1_0.id,
        mp1_0.avg_price_per_time,
        mp1_0.badge,
        mp1_0.category,
        mp1_0.code,
        mp1_0.description,
        mp1_0.features,
        mp1_0.is_active,
        mp1_0.name,
        mp1_0.people,
        mp1_0.price,
        mp1_0.sort_order,
        mp1_0.times_per_person,
        mp1_0.validity_days 
    from
        member_packages mp1_0 
    where
        mp1_0.is_active 
    order by
        mp1_0.sort_order
2026-01-22 01:00:48.782 - 
    select
        mp1_0.id,
        mp1_0.avg_price_per_time,
        mp1_0.badge,
        mp1_0.category,
        mp1_0.code,
        mp1_0.description,
        mp1_0.features,
        mp1_0.is_active,
        mp1_0.name,
        mp1_0.people,
        mp1_0.price,
        mp1_0.sort_order,
        mp1_0.times_per_person,
        mp1_0.validity_days 
    from
        member_packages mp1_0 
    where
        mp1_0.category=? 
        and mp1_0.is_active 
    order by
        mp1_0.sort_order
2026-01-22 01:00:48.796 - 
    select
        mp1_0.id,
        mp1_0.avg_price_per_time,
        mp1_0.badge,
        mp1_0.category,
        mp1_0.code,
        mp1_0.description,
        mp1_0.features,
        mp1_0.is_active,
        mp1_0.name,
        mp1_0.people,
        mp1_0.price,
        mp1_0.sort_order,
        mp1_0.times_per_person,
        mp1_0.validity_days 
    from
        member_packages mp1_0 
    where
        mp1_0.category=? 
        and mp1_0.is_active 
    order by
        mp1_0.sort_order
2026-01-22 01:00:51.692 - 
    select
        mp1_0.id,
        mp1_0.avg_price_per_time,
        mp1_0.badge,
        mp1_0.category,
        mp1_0.code,
        mp1_0.description,
        mp1_0.features,
        mp1_0.is_active,
        mp1_0.name,
        mp1_0.people,
        mp1_0.price,
        mp1_0.sort_order,
        mp1_0.times_per_person,
        mp1_0.validity_days 
    from
        member_packages mp1_0 
    where
        mp1_0.category=? 
        and mp1_0.is_active 
    order by
        mp1_0.sort_order
2026-01-22 01:00:54.122 - 
    select
        po1_0.id,
        po1_0.card_end_date,
        po1_0.card_start_date,
        po1_0.card_status,
        po1_0.created_at,
        po1_0.order_no,
        po1_0.package_id,
        po1_0.package_name,
        po1_0.payment_method,
        po1_0.payment_time,
        po1_0.price,
        po1_0.remaining_times,
        po1_0.staff_id,
        po1_0.staff_name,
        po1_0.status,
        po1_0.transaction_type,
        po1_0.updated_at,
        po1_0.user_id 
    from
        payment_orders po1_0 
    where
        po1_0.user_id=?
2026-01-22 01:00:54.126 - 
    select
        mp1_0.id,
        mp1_0.avg_price_per_time,
        mp1_0.badge,
        mp1_0.category,
        mp1_0.code,
        mp1_0.description,
        mp1_0.features,
        mp1_0.is_active,
        mp1_0.name,
        mp1_0.people,
        mp1_0.price,
        mp1_0.sort_order,
        mp1_0.times_per_person,
        mp1_0.validity_days 
    from
        member_packages mp1_0 
    where
        mp1_0.id=?
2026-01-22 01:00:54.128 - 
    select
        mp1_0.id,
        mp1_0.avg_price_per_time,
        mp1_0.badge,
        mp1_0.category,
        mp1_0.code,
        mp1_0.description,
        mp1_0.features,
        mp1_0.is_active,
        mp1_0.name,
        mp1_0.people,
        mp1_0.price,
        mp1_0.sort_order,
        mp1_0.times_per_person,
        mp1_0.validity_days 
    from
        member_packages mp1_0 
    where
        mp1_0.id=?
2026-01-22 01:00:54.130 - 
    select
        mp1_0.id,
        mp1_0.avg_price_per_time,
        mp1_0.badge,
        mp1_0.category,
        mp1_0.code,
        mp1_0.description,
        mp1_0.features,
        mp1_0.is_active,
        mp1_0.name,
        mp1_0.people,
        mp1_0.price,
        mp1_0.sort_order,
        mp1_0.times_per_person,
        mp1_0.validity_days 
    from
        member_packages mp1_0 
    where
        mp1_0.id=?
2026-01-22 01:00:54.131 - 
    select
        mp1_0.id,
        mp1_0.avg_price_per_time,
        mp1_0.badge,
        mp1_0.category,
        mp1_0.code,
        mp1_0.description,
        mp1_0.features,
        mp1_0.is_active,
        mp1_0.name,
        mp1_0.people,
        mp1_0.price,
        mp1_0.sort_order,
        mp1_0.times_per_person,
        mp1_0.validity_days 
    from
        member_packages mp1_0 
    where
        mp1_0.id=?
2026-01-22 01:00:54.143 - 
    select
        u1_0.id,
        u1_0.avatar_url,
        u1_0.created_at,
        u1_0.last_login_time,
        u1_0.member_expire_time,
        u1_0.member_level,
        u1_0.nickname,
        u1_0.openid,
        u1_0.phone,
        u1_0.points,
        u1_0.remaining_visits,
        u1_0.role,
        u1_0.total_visits,
        u1_0.updated_at 
    from
        users u1_0 
    where
        u1_0.id=?
2026-01-22 01:00:54.145 - 
    select
        po1_0.id,
        po1_0.card_end_date,
        po1_0.card_start_date,
        po1_0.card_status,
        po1_0.created_at,
        po1_0.order_no,
        po1_0.package_id,
        po1_0.package_name,
        po1_0.payment_method,
        po1_0.payment_time,
        po1_0.price,
        po1_0.remaining_times,
        po1_0.staff_id,
        po1_0.staff_name,
        po1_0.status,
        po1_0.transaction_type,
        po1_0.updated_at,
        po1_0.user_id 
    from
        payment_orders po1_0 
    where
        po1_0.user_id=? 
        and po1_0.status=?
2026-01-22 01:00:54.156 - 
    select
        s1_0.id,
        s1_0.created_at,
        s1_0.last_login_time,
        s1_0.name,
        s1_0.password,
        s1_0.phone,
        s1_0.status,
        s1_0.updated_at,
        s1_0.username 
    from
        staffs s1_0 
    where
        s1_0.status=?
2026-01-22 01:00:58.601 - 
    select
        po1_0.id,
        po1_0.card_end_date,
        po1_0.card_start_date,
        po1_0.card_status,
        po1_0.created_at,
        po1_0.order_no,
        po1_0.package_id,
        po1_0.package_name,
        po1_0.payment_method,
        po1_0.payment_time,
        po1_0.price,
        po1_0.remaining_times,
        po1_0.staff_id,
        po1_0.staff_name,
        po1_0.status,
        po1_0.transaction_type,
        po1_0.updated_at,
        po1_0.user_id 
    from
        payment_orders po1_0 
    where
        po1_0.user_id=?
2026-01-22 01:00:58.603 - 
    select
        mp1_0.id,
        mp1_0.avg_price_per_time,
        mp1_0.badge,
        mp1_0.category,
        mp1_0.code,
        mp1_0.description,
        mp1_0.features,
        mp1_0.is_active,
        mp1_0.name,
        mp1_0.people,
        mp1_0.price,
        mp1_0.sort_order,
        mp1_0.times_per_person,
        mp1_0.validity_days 
    from
        member_packages mp1_0 
    where
        mp1_0.id=?
2026-01-22 01:00:58.604 - 
    select
        mp1_0.id,
        mp1_0.avg_price_per_time,
        mp1_0.badge,
        mp1_0.category,
        mp1_0.code,
        mp1_0.description,
        mp1_0.features,
        mp1_0.is_active,
        mp1_0.name,
        mp1_0.people,
        mp1_0.price,
        mp1_0.sort_order,
        mp1_0.times_per_person,
        mp1_0.validity_days 
    from
        member_packages mp1_0 
    where
        mp1_0.id=?
2026-01-22 01:00:58.605 - 
    select
        mp1_0.id,
        mp1_0.avg_price_per_time,
        mp1_0.badge,
        mp1_0.category,
        mp1_0.code,
        mp1_0.description,
        mp1_0.features,
        mp1_0.is_active,
        mp1_0.name,
        mp1_0.people,
        mp1_0.price,
        mp1_0.sort_order,
        mp1_0.times_per_person,
        mp1_0.validity_days 
    from
        member_packages mp1_0 
    where
        mp1_0.id=?
2026-01-22 01:00:58.606 - 
    select
        mp1_0.id,
        mp1_0.avg_price_per_time,
        mp1_0.badge,
        mp1_0.category,
        mp1_0.code,
        mp1_0.description,
        mp1_0.features,
        mp1_0.is_active,
        mp1_0.name,
        mp1_0.people,
        mp1_0.price,
        mp1_0.sort_order,
        mp1_0.times_per_person,
        mp1_0.validity_days 
    from
        member_packages mp1_0 
    where
        mp1_0.id=?
2026-01-22 01:01:01.030 - 
    select
        u1_0.id,
        u1_0.avatar_url,
        u1_0.created_at,
        u1_0.last_login_time,
        u1_0.member_expire_time,
        u1_0.member_level,
        u1_0.nickname,
        u1_0.openid,
        u1_0.phone,
        u1_0.points,
        u1_0.remaining_visits,
        u1_0.role,
        u1_0.total_visits,
        u1_0.updated_at 
    from
        users u1_0 
    where
        u1_0.id=?
2026-01-22 01:01:01.032 - 
    select
        mp1_0.id,
        mp1_0.avg_price_per_time,
        mp1_0.badge,
        mp1_0.category,
        mp1_0.code,
        mp1_0.description,
        mp1_0.features,
        mp1_0.is_active,
        mp1_0.name,
        mp1_0.people,
        mp1_0.price,
        mp1_0.sort_order,
        mp1_0.times_per_person,
        mp1_0.validity_days 
    from
        member_packages mp1_0 
    where
        mp1_0.id=?
2026-01-22 01:01:01.034 - 
    select
        po1_0.id,
        po1_0.card_end_date,
        po1_0.card_start_date,
        po1_0.card_status,
        po1_0.created_at,
        po1_0.order_no,
        po1_0.package_id,
        po1_0.package_name,
        po1_0.payment_method,
        po1_0.payment_time,
        po1_0.price,
        po1_0.remaining_times,
        po1_0.staff_id,
        po1_0.staff_name,
        po1_0.status,
        po1_0.transaction_type,
        po1_0.updated_at,
        po1_0.user_id 
    from
        payment_orders po1_0 
    where
        po1_0.user_id=? 
        and po1_0.status=?
2026-01-22 01:01:01.036 - 
    insert 
    into
        payment_orders
        (card_end_date, card_start_date, card_status, created_at, order_no, package_id, package_name, payment_method, payment_time, price, remaining_times, staff_id, staff_name, status, transaction_type, updated_at, user_id) 
    values
        (?, ?, ?, ?, ?, ?, ?, ?, ?, ?, ?, ?, ?, ?, ?, ?, ?)
2026-01-22 01:01:01.058 - 
    select
        po1_0.id,
        po1_0.card_end_date,
        po1_0.card_start_date,
        po1_0.card_status,
        po1_0.created_at,
        po1_0.order_no,
        po1_0.package_id,
        po1_0.package_name,
        po1_0.payment_method,
        po1_0.payment_time,
        po1_0.price,
        po1_0.remaining_times,
        po1_0.staff_id,
        po1_0.staff_name,
        po1_0.status,
        po1_0.transaction_type,
        po1_0.updated_at,
        po1_0.user_id 
    from
        payment_orders po1_0 
    where
        po1_0.id=?
2026-01-22 01:01:01.060 - 
    select
        u1_0.id,
        u1_0.avatar_url,
        u1_0.created_at,
        u1_0.last_login_time,
        u1_0.member_expire_time,
        u1_0.member_level,
        u1_0.nickname,
        u1_0.openid,
        u1_0.phone,
        u1_0.points,
        u1_0.remaining_visits,
        u1_0.role,
        u1_0.total_visits,
        u1_0.updated_at 
    from
        users u1_0 
    where
        u1_0.id=?
2026-01-22 01:01:01.740 - 
    select
        po1_0.id,
        po1_0.card_end_date,
        po1_0.card_start_date,
        po1_0.card_status,
        po1_0.created_at,
        po1_0.order_no,
        po1_0.package_id,
        po1_0.package_name,
        po1_0.payment_method,
        po1_0.payment_time,
        po1_0.price,
        po1_0.remaining_times,
        po1_0.staff_id,
        po1_0.staff_name,
        po1_0.status,
        po1_0.transaction_type,
        po1_0.updated_at,
        po1_0.user_id 
    from
        payment_orders po1_0 
    where
        po1_0.id=?
2026-01-22 01:01:01.743 - 
    select
        mp1_0.id,
        mp1_0.avg_price_per_time,
        mp1_0.badge,
        mp1_0.category,
        mp1_0.code,
        mp1_0.description,
        mp1_0.features,
        mp1_0.is_active,
        mp1_0.name,
        mp1_0.people,
        mp1_0.price,
        mp1_0.sort_order,
        mp1_0.times_per_person,
        mp1_0.validity_days 
    from
        member_packages mp1_0 
    where
        mp1_0.id=?
2026-01-22 01:01:01.744 - 
    select
        u1_0.id,
        u1_0.avatar_url,
        u1_0.created_at,
        u1_0.last_login_time,
        u1_0.member_expire_time,
        u1_0.member_level,
        u1_0.nickname,
        u1_0.openid,
        u1_0.phone,
        u1_0.points,
        u1_0.remaining_visits,
        u1_0.role,
        u1_0.total_visits,
        u1_0.updated_at 
    from
        users u1_0 
    where
        u1_0.id=?
2026-01-22 01:01:01.747 - 
    update
        payment_orders 
    set
        card_end_date=?,
        card_start_date=?,
        card_status=?,
        created_at=?,
        order_no=?,
        package_id=?,
        package_name=?,
        payment_method=?,
        payment_time=?,
        price=?,
        remaining_times=?,
        staff_id=?,
        staff_name=?,
        status=?,
        transaction_type=?,
        updated_at=?,
        user_id=? 
    where
        id=?
2026-01-22 01:01:01.749 - 
    update
        users 
    set
        avatar_url=?,
        created_at=?,
        last_login_time=?,
        member_expire_time=?,
        member_level=?,
        nickname=?,
        openid=?,
        phone=?,
        points=?,
        remaining_visits=?,
        role=?,
        total_visits=?,
        updated_at=? 
    where
        id=?
2026-01-22 01:01:04.019 - 
    select
        u1_0.id,
        u1_0.avatar_url,
        u1_0.created_at,
        u1_0.last_login_time,
        u1_0.member_expire_time,
        u1_0.member_level,
        u1_0.nickname,
        u1_0.openid,
        u1_0.phone,
        u1_0.points,
        u1_0.remaining_visits,
        u1_0.role,
        u1_0.total_visits,
        u1_0.updated_at 
    from
        users u1_0 
    where
        u1_0.id=?
2026-01-22 01:01:04.020 - 
    select
        po1_0.id,
        po1_0.card_end_date,
        po1_0.card_start_date,
        po1_0.card_status,
        po1_0.created_at,
        po1_0.order_no,
        po1_0.package_id,
        po1_0.package_name,
        po1_0.payment_method,
        po1_0.payment_time,
        po1_0.price,
        po1_0.remaining_times,
        po1_0.staff_id,
        po1_0.staff_name,
        po1_0.status,
        po1_0.transaction_type,
        po1_0.updated_at,
        po1_0.user_id 
    from
        payment_orders po1_0 
    where
        po1_0.user_id=?
2026-01-22 01:01:04.021 - 
    select
        u1_0.id,
        u1_0.avatar_url,
        u1_0.created_at,
        u1_0.last_login_time,
        u1_0.member_expire_time,
        u1_0.member_level,
        u1_0.nickname,
        u1_0.openid,
        u1_0.phone,
        u1_0.points,
        u1_0.remaining_visits,
        u1_0.role,
        u1_0.total_visits,
        u1_0.updated_at 
    from
        users u1_0 
    where
        u1_0.id=?
2026-01-22 01:01:04.021 - 
    select
        mp1_0.id,
        mp1_0.avg_price_per_time,
        mp1_0.badge,
        mp1_0.category,
        mp1_0.code,
        mp1_0.description,
        mp1_0.features,
        mp1_0.is_active,
        mp1_0.name,
        mp1_0.people,
        mp1_0.price,
        mp1_0.sort_order,
        mp1_0.times_per_person,
        mp1_0.validity_days 
    from
        member_packages mp1_0 
    where
        mp1_0.id=?
2026-01-22 01:01:04.022 - 
    select
        po1_0.id,
        po1_0.card_end_date,
        po1_0.card_start_date,
        po1_0.card_status,
        po1_0.created_at,
        po1_0.order_no,
        po1_0.package_id,
        po1_0.package_name,
        po1_0.payment_method,
        po1_0.payment_time,
        po1_0.price,
        po1_0.remaining_times,
        po1_0.staff_id,
        po1_0.staff_name,
        po1_0.status,
        po1_0.transaction_type,
        po1_0.updated_at,
        po1_0.user_id 
    from
        payment_orders po1_0 
    where
        po1_0.user_id=? 
        and po1_0.status=?
2026-01-22 01:01:04.023 - 
    select
        mp1_0.id,
        mp1_0.avg_price_per_time,
        mp1_0.badge,
        mp1_0.category,
        mp1_0.code,
        mp1_0.description,
        mp1_0.features,
        mp1_0.is_active,
        mp1_0.name,
        mp1_0.people,
        mp1_0.price,
        mp1_0.sort_order,
        mp1_0.times_per_person,
        mp1_0.validity_days 
    from
        member_packages mp1_0 
    where
        mp1_0.id=?
2026-01-22 01:01:04.024 - 
    select
        bo1_0.id,
        bo1_0.cabin_name,
        bo1_0.consume_time,
        bo1_0.created_at,
        bo1_0.date,
        bo1_0.order_no,
        bo1_0.original_price,
        bo1_0.payment_method,
        bo1_0.payment_order_id,
        bo1_0.payment_status,
        bo1_0.payment_time,
        bo1_0.price,
        bo1_0.seat_name,
        bo1_0.status,
        bo1_0.time_slot,
        bo1_0.updated_at,
        bo1_0.user_id 
    from
        booking_orders bo1_0 
    where
        bo1_0.user_id=? 
    order by
        bo1_0.created_at desc
2026-01-22 01:01:04.025 - 
    select
        mp1_0.id,
        mp1_0.avg_price_per_time,
        mp1_0.badge,
        mp1_0.category,
        mp1_0.code,
        mp1_0.description,
        mp1_0.features,
        mp1_0.is_active,
        mp1_0.name,
        mp1_0.people,
        mp1_0.price,
        mp1_0.sort_order,
        mp1_0.times_per_person,
        mp1_0.validity_days 
    from
        member_packages mp1_0 
    where
        mp1_0.id=?
2026-01-22 01:01:04.027 - 
    select
        mp1_0.id,
        mp1_0.avg_price_per_time,
        mp1_0.badge,
        mp1_0.category,
        mp1_0.code,
        mp1_0.description,
        mp1_0.features,
        mp1_0.is_active,
        mp1_0.name,
        mp1_0.people,
        mp1_0.price,
        mp1_0.sort_order,
        mp1_0.times_per_person,
        mp1_0.validity_days 
    from
        member_packages mp1_0 
    where
        mp1_0.id=?
2026-01-22 01:01:04.029 - 
    select
        u1_0.id,
        u1_0.avatar_url,
        u1_0.created_at,
        u1_0.last_login_time,
        u1_0.member_expire_time,
        u1_0.member_level,
        u1_0.nickname,
        u1_0.openid,
        u1_0.phone,
        u1_0.points,
        u1_0.remaining_visits,
        u1_0.role,
        u1_0.total_visits,
        u1_0.updated_at 
    from
        users u1_0 
    where
        u1_0.id=?
2026-01-22 01:01:04.029 - 
    select
        u1_0.id,
        u1_0.avatar_url,
        u1_0.created_at,
        u1_0.last_login_time,
        u1_0.member_expire_time,
        u1_0.member_level,
        u1_0.nickname,
        u1_0.openid,
        u1_0.phone,
        u1_0.points,
        u1_0.remaining_visits,
        u1_0.role,
        u1_0.total_visits,
        u1_0.updated_at 
    from
        users u1_0 
    where
        u1_0.id=?
2026-01-22 01:01:04.030 - 
    select
        mp1_0.id,
        mp1_0.avg_price_per_time,
        mp1_0.badge,
        mp1_0.category,
        mp1_0.code,
        mp1_0.description,
        mp1_0.features,
        mp1_0.is_active,
        mp1_0.name,
        mp1_0.people,
        mp1_0.price,
        mp1_0.sort_order,
        mp1_0.times_per_person,
        mp1_0.validity_days 
    from
        member_packages mp1_0 
    where
        mp1_0.id=?
2026-01-22 01:01:04.031 - 
    select
        bo1_0.id,
        bo1_0.cabin_name,
        bo1_0.consume_time,
        bo1_0.created_at,
        bo1_0.date,
        bo1_0.order_no,
        bo1_0.original_price,
        bo1_0.payment_method,
        bo1_0.payment_order_id,
        bo1_0.payment_status,
        bo1_0.payment_time,
        bo1_0.price,
        bo1_0.seat_name,
        bo1_0.status,
        bo1_0.time_slot,
        bo1_0.updated_at,
        bo1_0.user_id 
    from
        booking_orders bo1_0 
    where
        bo1_0.user_id=? 
    order by
        bo1_0.created_at desc
2026-01-22 01:01:04.032 - 
    select
        po1_0.id,
        po1_0.card_end_date,
        po1_0.card_start_date,
        po1_0.card_status,
        po1_0.created_at,
        po1_0.order_no,
        po1_0.package_id,
        po1_0.package_name,
        po1_0.payment_method,
        po1_0.payment_time,
        po1_0.price,
        po1_0.remaining_times,
        po1_0.staff_id,
        po1_0.staff_name,
        po1_0.status,
        po1_0.transaction_type,
        po1_0.updated_at,
        po1_0.user_id 
    from
        payment_orders po1_0 
    where
        po1_0.user_id=? 
        and po1_0.status=?
2026-01-22 01:01:04.038 - 
    select
        po1_0.id,
        po1_0.card_end_date,
        po1_0.card_start_date,
        po1_0.card_status,
        po1_0.created_at,
        po1_0.order_no,
        po1_0.package_id,
        po1_0.package_name,
        po1_0.payment_method,
        po1_0.payment_time,
        po1_0.price,
        po1_0.remaining_times,
        po1_0.staff_id,
        po1_0.staff_name,
        po1_0.status,
        po1_0.transaction_type,
        po1_0.updated_at,
        po1_0.user_id 
    from
        payment_orders po1_0 
    where
        po1_0.user_id=?
2026-01-22 01:01:04.039 - 
    select
        mp1_0.id,
        mp1_0.avg_price_per_time,
        mp1_0.badge,
        mp1_0.category,
        mp1_0.code,
        mp1_0.description,
        mp1_0.features,
        mp1_0.is_active,
        mp1_0.name,
        mp1_0.people,
        mp1_0.price,
        mp1_0.sort_order,
        mp1_0.times_per_person,
        mp1_0.validity_days 
    from
        member_packages mp1_0 
    where
        mp1_0.id=?
2026-01-22 01:01:04.041 - 
    select
        mp1_0.id,
        mp1_0.avg_price_per_time,
        mp1_0.badge,
        mp1_0.category,
        mp1_0.code,
        mp1_0.description,
        mp1_0.features,
        mp1_0.is_active,
        mp1_0.name,
        mp1_0.people,
        mp1_0.price,
        mp1_0.sort_order,
        mp1_0.times_per_person,
        mp1_0.validity_days 
    from
        member_packages mp1_0 
    where
        mp1_0.id=?
2026-01-22 01:01:04.042 - 
    select
        mp1_0.id,
        mp1_0.avg_price_per_time,
        mp1_0.badge,
        mp1_0.category,
        mp1_0.code,
        mp1_0.description,
        mp1_0.features,
        mp1_0.is_active,
        mp1_0.name,
        mp1_0.people,
        mp1_0.price,
        mp1_0.sort_order,
        mp1_0.times_per_person,
        mp1_0.validity_days 
    from
        member_packages mp1_0 
    where
        mp1_0.id=?
2026-01-22 01:01:04.043 - 
    select
        mp1_0.id,
        mp1_0.avg_price_per_time,
        mp1_0.badge,
        mp1_0.category,
        mp1_0.code,
        mp1_0.description,
        mp1_0.features,
        mp1_0.is_active,
        mp1_0.name,
        mp1_0.people,
        mp1_0.price,
        mp1_0.sort_order,
        mp1_0.times_per_person,
        mp1_0.validity_days 
    from
        member_packages mp1_0 
    where
        mp1_0.id=?
2026-01-22 01:01:04.044 - 
    select
        mp1_0.id,
        mp1_0.avg_price_per_time,
        mp1_0.badge,
        mp1_0.category,
        mp1_0.code,
        mp1_0.description,
        mp1_0.features,
        mp1_0.is_active,
        mp1_0.name,
        mp1_0.people,
        mp1_0.price,
        mp1_0.sort_order,
        mp1_0.times_per_person,
        mp1_0.validity_days 
    from
        member_packages mp1_0 
    where
        mp1_0.id=?
2026-01-22 01:01:04.068 - 
    select
        u1_0.id,
        u1_0.avatar_url,
        u1_0.created_at,
        u1_0.last_login_time,
        u1_0.member_expire_time,
        u1_0.member_level,
        u1_0.nickname,
        u1_0.openid,
        u1_0.phone,
        u1_0.points,
        u1_0.remaining_visits,
        u1_0.role,
        u1_0.total_visits,
        u1_0.updated_at 
    from
        users u1_0 
    where
        u1_0.id=?
2026-01-22 01:01:04.071 - 
    select
        po1_0.id,
        po1_0.card_end_date,
        po1_0.card_start_date,
        po1_0.card_status,
        po1_0.created_at,
        po1_0.order_no,
        po1_0.package_id,
        po1_0.package_name,
        po1_0.payment_method,
        po1_0.payment_time,
        po1_0.price,
        po1_0.remaining_times,
        po1_0.staff_id,
        po1_0.staff_name,
        po1_0.status,
        po1_0.transaction_type,
        po1_0.updated_at,
        po1_0.user_id 
    from
        payment_orders po1_0 
    where
        po1_0.user_id=? 
        and po1_0.status=?
2026-01-22 01:01:04.127 - 
    select
        u1_0.id,
        u1_0.avatar_url,
        u1_0.created_at,
        u1_0.last_login_time,
        u1_0.member_expire_time,
        u1_0.member_level,
        u1_0.nickname,
        u1_0.openid,
        u1_0.phone,
        u1_0.points,
        u1_0.remaining_visits,
        u1_0.role,
        u1_0.total_visits,
        u1_0.updated_at 
    from
        users u1_0 
    where
        u1_0.id=?
2026-01-22 01:01:04.131 - 
    select
        po1_0.id,
        po1_0.card_end_date,
        po1_0.card_start_date,
        po1_0.card_status,
        po1_0.created_at,
        po1_0.order_no,
        po1_0.package_id,
        po1_0.package_name,
        po1_0.payment_method,
        po1_0.payment_time,
        po1_0.price,
        po1_0.remaining_times,
        po1_0.staff_id,
        po1_0.staff_name,
        po1_0.status,
        po1_0.transaction_type,
        po1_0.updated_at,
        po1_0.user_id 
    from
        payment_orders po1_0 
    where
        po1_0.user_id=? 
        and po1_0.status=?
2026-01-22 01:05:00.042 - 
    select
        bo1_0.id,
        bo1_0.cabin_name,
        bo1_0.consume_time,
        bo1_0.created_at,
        bo1_0.date,
        bo1_0.order_no,
        bo1_0.original_price,
        bo1_0.payment_method,
        bo1_0.payment_order_id,
        bo1_0.payment_status,
        bo1_0.payment_time,
        bo1_0.price,
        bo1_0.seat_name,
        bo1_0.status,
        bo1_0.time_slot,
        bo1_0.updated_at,
        bo1_0.user_id 
    from
        booking_orders bo1_0 
    where
        bo1_0.status=?
2026-01-22 01:10:00.047 - 
    select
        bo1_0.id,
        bo1_0.cabin_name,
        bo1_0.consume_time,
        bo1_0.created_at,
        bo1_0.date,
        bo1_0.order_no,
        bo1_0.original_price,
        bo1_0.payment_method,
        bo1_0.payment_order_id,
        bo1_0.payment_status,
        bo1_0.payment_time,
        bo1_0.price,
        bo1_0.seat_name,
        bo1_0.status,
        bo1_0.time_slot,
        bo1_0.updated_at,
        bo1_0.user_id 
    from
        booking_orders bo1_0 
    where
        bo1_0.status=?
2026-01-22 01:15:00.100 - 
    select
        bo1_0.id,
        bo1_0.cabin_name,
        bo1_0.consume_time,
        bo1_0.created_at,
        bo1_0.date,
        bo1_0.order_no,
        bo1_0.original_price,
        bo1_0.payment_method,
        bo1_0.payment_order_id,
        bo1_0.payment_status,
        bo1_0.payment_time,
        bo1_0.price,
        bo1_0.seat_name,
        bo1_0.status,
        bo1_0.time_slot,
        bo1_0.updated_at,
        bo1_0.user_id 
    from
        booking_orders bo1_0 
    where
        bo1_0.status=?
2026-01-22 01:20:00.090 - 
    select
        bo1_0.id,
        bo1_0.cabin_name,
        bo1_0.consume_time,
        bo1_0.created_at,
        bo1_0.date,
        bo1_0.order_no,
        bo1_0.original_price,
        bo1_0.payment_method,
        bo1_0.payment_order_id,
        bo1_0.payment_status,
        bo1_0.payment_time,
        bo1_0.price,
        bo1_0.seat_name,
        bo1_0.status,
        bo1_0.time_slot,
        bo1_0.updated_at,
        bo1_0.user_id 
    from
        booking_orders bo1_0 
    where
        bo1_0.status=?
2026-01-22 01:25:00.054 - 
    select
        bo1_0.id,
        bo1_0.cabin_name,
        bo1_0.consume_time,
        bo1_0.created_at,
        bo1_0.date,
        bo1_0.order_no,
        bo1_0.original_price,
        bo1_0.payment_method,
        bo1_0.payment_order_id,
        bo1_0.payment_status,
        bo1_0.payment_time,
        bo1_0.price,
        bo1_0.seat_name,
        bo1_0.status,
        bo1_0.time_slot,
        bo1_0.updated_at,
        bo1_0.user_id 
    from
        booking_orders bo1_0 
    where
        bo1_0.status=?
2026-01-22 01:30:00.081 - 
    select
        bo1_0.id,
        bo1_0.cabin_name,
        bo1_0.consume_time,
        bo1_0.created_at,
        bo1_0.date,
        bo1_0.order_no,
        bo1_0.original_price,
        bo1_0.payment_method,
        bo1_0.payment_order_id,
        bo1_0.payment_status,
        bo1_0.payment_time,
        bo1_0.price,
        bo1_0.seat_name,
        bo1_0.status,
        bo1_0.time_slot,
        bo1_0.updated_at,
        bo1_0.user_id 
    from
        booking_orders bo1_0 
    where
        bo1_0.status=?
2026-01-22 01:35:00.041 - 
    select
        bo1_0.id,
        bo1_0.cabin_name,
        bo1_0.consume_time,
        bo1_0.created_at,
        bo1_0.date,
        bo1_0.order_no,
        bo1_0.original_price,
        bo1_0.payment_method,
        bo1_0.payment_order_id,
        bo1_0.payment_status,
        bo1_0.payment_time,
        bo1_0.price,
        bo1_0.seat_name,
        bo1_0.status,
        bo1_0.time_slot,
        bo1_0.updated_at,
        bo1_0.user_id 
    from
        booking_orders bo1_0 
    where
        bo1_0.status=?
2026-01-22 01:40:00.034 - 
    select
        bo1_0.id,
        bo1_0.cabin_name,
        bo1_0.consume_time,
        bo1_0.created_at,
        bo1_0.date,
        bo1_0.order_no,
        bo1_0.original_price,
        bo1_0.payment_method,
        bo1_0.payment_order_id,
        bo1_0.payment_status,
        bo1_0.payment_time,
        bo1_0.price,
        bo1_0.seat_name,
        bo1_0.status,
        bo1_0.time_slot,
        bo1_0.updated_at,
        bo1_0.user_id 
    from
        booking_orders bo1_0 
    where
        bo1_0.status=?
2026-01-22 01:45:00.026 - 
    select
        bo1_0.id,
        bo1_0.cabin_name,
        bo1_0.consume_time,
        bo1_0.created_at,
        bo1_0.date,
        bo1_0.order_no,
        bo1_0.original_price,
        bo1_0.payment_method,
        bo1_0.payment_order_id,
        bo1_0.payment_status,
        bo1_0.payment_time,
        bo1_0.price,
        bo1_0.seat_name,
        bo1_0.status,
        bo1_0.time_slot,
        bo1_0.updated_at,
        bo1_0.user_id 
    from
        booking_orders bo1_0 
    where
        bo1_0.status=?
2026-01-22 01:50:00.030 - 
    select
        bo1_0.id,
        bo1_0.cabin_name,
        bo1_0.consume_time,
        bo1_0.created_at,
        bo1_0.date,
        bo1_0.order_no,
        bo1_0.original_price,
        bo1_0.payment_method,
        bo1_0.payment_order_id,
        bo1_0.payment_status,
        bo1_0.payment_time,
        bo1_0.price,
        bo1_0.seat_name,
        bo1_0.status,
        bo1_0.time_slot,
        bo1_0.updated_at,
        bo1_0.user_id 
    from
        booking_orders bo1_0 
    where
        bo1_0.status=?
2026-01-22 01:55:00.036 - 
    select
        bo1_0.id,
        bo1_0.cabin_name,
        bo1_0.consume_time,
        bo1_0.created_at,
        bo1_0.date,
        bo1_0.order_no,
        bo1_0.original_price,
        bo1_0.payment_method,
        bo1_0.payment_order_id,
        bo1_0.payment_status,
        bo1_0.payment_time,
        bo1_0.price,
        bo1_0.seat_name,
        bo1_0.status,
        bo1_0.time_slot,
        bo1_0.updated_at,
        bo1_0.user_id 
    from
        booking_orders bo1_0 
    where
        bo1_0.status=?
2026-01-22 02:00:00.038 - 
    select
        bo1_0.id,
        bo1_0.cabin_name,
        bo1_0.consume_time,
        bo1_0.created_at,
        bo1_0.date,
        bo1_0.order_no,
        bo1_0.original_price,
        bo1_0.payment_method,
        bo1_0.payment_order_id,
        bo1_0.payment_status,
        bo1_0.payment_time,
        bo1_0.price,
        bo1_0.seat_name,
        bo1_0.status,
        bo1_0.time_slot,
        bo1_0.updated_at,
        bo1_0.user_id 
    from
        booking_orders bo1_0 
    where
        bo1_0.status=?
2026-01-22 02:00:00.113 - 
    select
        po1_0.id,
        po1_0.card_end_date,
        po1_0.card_start_date,
        po1_0.card_status,
        po1_0.created_at,
        po1_0.order_no,
        po1_0.package_id,
        po1_0.package_name,
        po1_0.payment_method,
        po1_0.payment_time,
        po1_0.price,
        po1_0.remaining_times,
        po1_0.staff_id,
        po1_0.staff_name,
        po1_0.status,
        po1_0.transaction_type,
        po1_0.updated_at,
        po1_0.user_id 
    from
        payment_orders po1_0 
    where
        po1_0.status=?
2026-01-22 02:00:00.146 - 
    select
        mp1_0.id,
        mp1_0.avg_price_per_time,
        mp1_0.badge,
        mp1_0.category,
        mp1_0.code,
        mp1_0.description,
        mp1_0.features,
        mp1_0.is_active,
        mp1_0.name,
        mp1_0.people,
        mp1_0.price,
        mp1_0.sort_order,
        mp1_0.times_per_person,
        mp1_0.validity_days 
    from
        member_packages mp1_0 
    where
        mp1_0.id=?
2026-01-22 02:00:00.156 - 
    select
        mp1_0.id,
        mp1_0.avg_price_per_time,
        mp1_0.badge,
        mp1_0.category,
        mp1_0.code,
        mp1_0.description,
        mp1_0.features,
        mp1_0.is_active,
        mp1_0.name,
        mp1_0.people,
        mp1_0.price,
        mp1_0.sort_order,
        mp1_0.times_per_person,
        mp1_0.validity_days 
    from
        member_packages mp1_0 
    where
        mp1_0.id=?
2026-01-22 02:00:00.158 - 
    select
        mp1_0.id,
        mp1_0.avg_price_per_time,
        mp1_0.badge,
        mp1_0.category,
        mp1_0.code,
        mp1_0.description,
        mp1_0.features,
        mp1_0.is_active,
        mp1_0.name,
        mp1_0.people,
        mp1_0.price,
        mp1_0.sort_order,
        mp1_0.times_per_person,
        mp1_0.validity_days 
    from
        member_packages mp1_0 
    where
        mp1_0.id=?
2026-01-22 02:00:00.159 - 
    select
        mp1_0.id,
        mp1_0.avg_price_per_time,
        mp1_0.badge,
        mp1_0.category,
        mp1_0.code,
        mp1_0.description,
        mp1_0.features,
        mp1_0.is_active,
        mp1_0.name,
        mp1_0.people,
        mp1_0.price,
        mp1_0.sort_order,
        mp1_0.times_per_person,
        mp1_0.validity_days 
    from
        member_packages mp1_0 
    where
        mp1_0.id=?
2026-01-22 02:00:00.161 - 
    select
        mp1_0.id,
        mp1_0.avg_price_per_time,
        mp1_0.badge,
        mp1_0.category,
        mp1_0.code,
        mp1_0.description,
        mp1_0.features,
        mp1_0.is_active,
        mp1_0.name,
        mp1_0.people,
        mp1_0.price,
        mp1_0.sort_order,
        mp1_0.times_per_person,
        mp1_0.validity_days 
    from
        member_packages mp1_0 
    where
        mp1_0.id=?
2026-01-22 02:05:00.028 - 
    select
        bo1_0.id,
        bo1_0.cabin_name,
        bo1_0.consume_time,
        bo1_0.created_at,
        bo1_0.date,
        bo1_0.order_no,
        bo1_0.original_price,
        bo1_0.payment_method,
        bo1_0.payment_order_id,
        bo1_0.payment_status,
        bo1_0.payment_time,
        bo1_0.price,
        bo1_0.seat_name,
        bo1_0.status,
        bo1_0.time_slot,
        bo1_0.updated_at,
        bo1_0.user_id 
    from
        booking_orders bo1_0 
    where
        bo1_0.status=?
2026-01-22 02:10:00.017 - 
    select
        bo1_0.id,
        bo1_0.cabin_name,
        bo1_0.consume_time,
        bo1_0.created_at,
        bo1_0.date,
        bo1_0.order_no,
        bo1_0.original_price,
        bo1_0.payment_method,
        bo1_0.payment_order_id,
        bo1_0.payment_status,
        bo1_0.payment_time,
        bo1_0.price,
        bo1_0.seat_name,
        bo1_0.status,
        bo1_0.time_slot,
        bo1_0.updated_at,
        bo1_0.user_id 
    from
        booking_orders bo1_0 
    where
        bo1_0.status=?
2026-01-22 02:15:00.026 - 
    select
        bo1_0.id,
        bo1_0.cabin_name,
        bo1_0.consume_time,
        bo1_0.created_at,
        bo1_0.date,
        bo1_0.order_no,
        bo1_0.original_price,
        bo1_0.payment_method,
        bo1_0.payment_order_id,
        bo1_0.payment_status,
        bo1_0.payment_time,
        bo1_0.price,
        bo1_0.seat_name,
        bo1_0.status,
        bo1_0.time_slot,
        bo1_0.updated_at,
        bo1_0.user_id 
    from
        booking_orders bo1_0 
    where
        bo1_0.status=?
2026-01-22 02:20:00.033 - 
    select
        bo1_0.id,
        bo1_0.cabin_name,
        bo1_0.consume_time,
        bo1_0.created_at,
        bo1_0.date,
        bo1_0.order_no,
        bo1_0.original_price,
        bo1_0.payment_method,
        bo1_0.payment_order_id,
        bo1_0.payment_status,
        bo1_0.payment_time,
        bo1_0.price,
        bo1_0.seat_name,
        bo1_0.status,
        bo1_0.time_slot,
        bo1_0.updated_at,
        bo1_0.user_id 
    from
        booking_orders bo1_0 
    where
        bo1_0.status=?
2026-01-22 02:25:00.038 - 
    select
        bo1_0.id,
        bo1_0.cabin_name,
        bo1_0.consume_time,
        bo1_0.created_at,
        bo1_0.date,
        bo1_0.order_no,
        bo1_0.original_price,
        bo1_0.payment_method,
        bo1_0.payment_order_id,
        bo1_0.payment_status,
        bo1_0.payment_time,
        bo1_0.price,
        bo1_0.seat_name,
        bo1_0.status,
        bo1_0.time_slot,
        bo1_0.updated_at,
        bo1_0.user_id 
    from
        booking_orders bo1_0 
    where
        bo1_0.status=?
2026-01-22 02:30:00.033 - 
    select
        bo1_0.id,
        bo1_0.cabin_name,
        bo1_0.consume_time,
        bo1_0.created_at,
        bo1_0.date,
        bo1_0.order_no,
        bo1_0.original_price,
        bo1_0.payment_method,
        bo1_0.payment_order_id,
        bo1_0.payment_status,
        bo1_0.payment_time,
        bo1_0.price,
        bo1_0.seat_name,
        bo1_0.status,
        bo1_0.time_slot,
        bo1_0.updated_at,
        bo1_0.user_id 
    from
        booking_orders bo1_0 
    where
        bo1_0.status=?
2026-01-22 02:35:00.033 - 
    select
        bo1_0.id,
        bo1_0.cabin_name,
        bo1_0.consume_time,
        bo1_0.created_at,
        bo1_0.date,
        bo1_0.order_no,
        bo1_0.original_price,
        bo1_0.payment_method,
        bo1_0.payment_order_id,
        bo1_0.payment_status,
        bo1_0.payment_time,
        bo1_0.price,
        bo1_0.seat_name,
        bo1_0.status,
        bo1_0.time_slot,
        bo1_0.updated_at,
        bo1_0.user_id 
    from
        booking_orders bo1_0 
    where
        bo1_0.status=?
2026-01-22 02:40:00.038 - 
    select
        bo1_0.id,
        bo1_0.cabin_name,
        bo1_0.consume_time,
        bo1_0.created_at,
        bo1_0.date,
        bo1_0.order_no,
        bo1_0.original_price,
        bo1_0.payment_method,
        bo1_0.payment_order_id,
        bo1_0.payment_status,
        bo1_0.payment_time,
        bo1_0.price,
        bo1_0.seat_name,
        bo1_0.status,
        bo1_0.time_slot,
        bo1_0.updated_at,
        bo1_0.user_id 
    from
        booking_orders bo1_0 
    where
        bo1_0.status=?
2026-01-22 02:45:00.042 - 
    select
        bo1_0.id,
        bo1_0.cabin_name,
        bo1_0.consume_time,
        bo1_0.created_at,
        bo1_0.date,
        bo1_0.order_no,
        bo1_0.original_price,
        bo1_0.payment_method,
        bo1_0.payment_order_id,
        bo1_0.payment_status,
        bo1_0.payment_time,
        bo1_0.price,
        bo1_0.seat_name,
        bo1_0.status,
        bo1_0.time_slot,
        bo1_0.updated_at,
        bo1_0.user_id 
    from
        booking_orders bo1_0 
    where
        bo1_0.status=?
2026-01-22 02:50:00.048 - 
    select
        bo1_0.id,
        bo1_0.cabin_name,
        bo1_0.consume_time,
        bo1_0.created_at,
        bo1_0.date,
        bo1_0.order_no,
        bo1_0.original_price,
        bo1_0.payment_method,
        bo1_0.payment_order_id,
        bo1_0.payment_status,
        bo1_0.payment_time,
        bo1_0.price,
        bo1_0.seat_name,
        bo1_0.status,
        bo1_0.time_slot,
        bo1_0.updated_at,
        bo1_0.user_id 
    from
        booking_orders bo1_0 
    where
        bo1_0.status=?
2026-01-22 02:55:00.038 - 
    select
        bo1_0.id,
        bo1_0.cabin_name,
        bo1_0.consume_time,
        bo1_0.created_at,
        bo1_0.date,
        bo1_0.order_no,
        bo1_0.original_price,
        bo1_0.payment_method,
        bo1_0.payment_order_id,
        bo1_0.payment_status,
        bo1_0.payment_time,
        bo1_0.price,
        bo1_0.seat_name,
        bo1_0.status,
        bo1_0.time_slot,
        bo1_0.updated_at,
        bo1_0.user_id 
    from
        booking_orders bo1_0 
    where
        bo1_0.status=?
2026-01-22 03:00:00.049 - 
    select
        bo1_0.id,
        bo1_0.cabin_name,
        bo1_0.consume_time,
        bo1_0.created_at,
        bo1_0.date,
        bo1_0.order_no,
        bo1_0.original_price,
        bo1_0.payment_method,
        bo1_0.payment_order_id,
        bo1_0.payment_status,
        bo1_0.payment_time,
        bo1_0.price,
        bo1_0.seat_name,
        bo1_0.status,
        bo1_0.time_slot,
        bo1_0.updated_at,
        bo1_0.user_id 
    from
        booking_orders bo1_0 
    where
        bo1_0.status=?
2026-01-22 03:05:00.050 - 
    select
        bo1_0.id,
        bo1_0.cabin_name,
        bo1_0.consume_time,
        bo1_0.created_at,
        bo1_0.date,
        bo1_0.order_no,
        bo1_0.original_price,
        bo1_0.payment_method,
        bo1_0.payment_order_id,
        bo1_0.payment_status,
        bo1_0.payment_time,
        bo1_0.price,
        bo1_0.seat_name,
        bo1_0.status,
        bo1_0.time_slot,
        bo1_0.updated_at,
        bo1_0.user_id 
    from
        booking_orders bo1_0 
    where
        bo1_0.status=?
2026-01-22 03:10:00.057 - 
    select
        bo1_0.id,
        bo1_0.cabin_name,
        bo1_0.consume_time,
        bo1_0.created_at,
        bo1_0.date,
        bo1_0.order_no,
        bo1_0.original_price,
        bo1_0.payment_method,
        bo1_0.payment_order_id,
        bo1_0.payment_status,
        bo1_0.payment_time,
        bo1_0.price,
        bo1_0.seat_name,
        bo1_0.status,
        bo1_0.time_slot,
        bo1_0.updated_at,
        bo1_0.user_id 
    from
        booking_orders bo1_0 
    where
        bo1_0.status=?
2026-01-22 03:15:00.028 - 
    select
        bo1_0.id,
        bo1_0.cabin_name,
        bo1_0.consume_time,
        bo1_0.created_at,
        bo1_0.date,
        bo1_0.order_no,
        bo1_0.original_price,
        bo1_0.payment_method,
        bo1_0.payment_order_id,
        bo1_0.payment_status,
        bo1_0.payment_time,
        bo1_0.price,
        bo1_0.seat_name,
        bo1_0.status,
        bo1_0.time_slot,
        bo1_0.updated_at,
        bo1_0.user_id 
    from
        booking_orders bo1_0 
    where
        bo1_0.status=?
2026-01-22 03:20:00.047 - 
    select
        bo1_0.id,
        bo1_0.cabin_name,
        bo1_0.consume_time,
        bo1_0.created_at,
        bo1_0.date,
        bo1_0.order_no,
        bo1_0.original_price,
        bo1_0.payment_method,
        bo1_0.payment_order_id,
        bo1_0.payment_status,
        bo1_0.payment_time,
        bo1_0.price,
        bo1_0.seat_name,
        bo1_0.status,
        bo1_0.time_slot,
        bo1_0.updated_at,
        bo1_0.user_id 
    from
        booking_orders bo1_0 
    where
        bo1_0.status=?
2026-01-22 03:25:00.041 - 
    select
        bo1_0.id,
        bo1_0.cabin_name,
        bo1_0.consume_time,
        bo1_0.created_at,
        bo1_0.date,
        bo1_0.order_no,
        bo1_0.original_price,
        bo1_0.payment_method,
        bo1_0.payment_order_id,
        bo1_0.payment_status,
        bo1_0.payment_time,
        bo1_0.price,
        bo1_0.seat_name,
        bo1_0.status,
        bo1_0.time_slot,
        bo1_0.updated_at,
        bo1_0.user_id 
    from
        booking_orders bo1_0 
    where
        bo1_0.status=?
2026-01-22 03:30:00.018 - 
    select
        bo1_0.id,
        bo1_0.cabin_name,
        bo1_0.consume_time,
        bo1_0.created_at,
        bo1_0.date,
        bo1_0.order_no,
        bo1_0.original_price,
        bo1_0.payment_method,
        bo1_0.payment_order_id,
        bo1_0.payment_status,
        bo1_0.payment_time,
        bo1_0.price,
        bo1_0.seat_name,
        bo1_0.status,
        bo1_0.time_slot,
        bo1_0.updated_at,
        bo1_0.user_id 
    from
        booking_orders bo1_0 
    where
        bo1_0.status=?
2026-01-22 03:35:00.044 - 
    select
        bo1_0.id,
        bo1_0.cabin_name,
        bo1_0.consume_time,
        bo1_0.created_at,
        bo1_0.date,
        bo1_0.order_no,
        bo1_0.original_price,
        bo1_0.payment_method,
        bo1_0.payment_order_id,
        bo1_0.payment_status,
        bo1_0.payment_time,
        bo1_0.price,
        bo1_0.seat_name,
        bo1_0.status,
        bo1_0.time_slot,
        bo1_0.updated_at,
        bo1_0.user_id 
    from
        booking_orders bo1_0 
    where
        bo1_0.status=?
2026-01-22 03:40:00.037 - 
    select
        bo1_0.id,
        bo1_0.cabin_name,
        bo1_0.consume_time,
        bo1_0.created_at,
        bo1_0.date,
        bo1_0.order_no,
        bo1_0.original_price,
        bo1_0.payment_method,
        bo1_0.payment_order_id,
        bo1_0.payment_status,
        bo1_0.payment_time,
        bo1_0.price,
        bo1_0.seat_name,
        bo1_0.status,
        bo1_0.time_slot,
        bo1_0.updated_at,
        bo1_0.user_id 
    from
        booking_orders bo1_0 
    where
        bo1_0.status=?
2026-01-22 03:45:00.033 - 
    select
        bo1_0.id,
        bo1_0.cabin_name,
        bo1_0.consume_time,
        bo1_0.created_at,
        bo1_0.date,
        bo1_0.order_no,
        bo1_0.original_price,
        bo1_0.payment_method,
        bo1_0.payment_order_id,
        bo1_0.payment_status,
        bo1_0.payment_time,
        bo1_0.price,
        bo1_0.seat_name,
        bo1_0.status,
        bo1_0.time_slot,
        bo1_0.updated_at,
        bo1_0.user_id 
    from
        booking_orders bo1_0 
    where
        bo1_0.status=?
2026-01-22 03:50:00.025 - 
    select
        bo1_0.id,
        bo1_0.cabin_name,
        bo1_0.consume_time,
        bo1_0.created_at,
        bo1_0.date,
        bo1_0.order_no,
        bo1_0.original_price,
        bo1_0.payment_method,
        bo1_0.payment_order_id,
        bo1_0.payment_status,
        bo1_0.payment_time,
        bo1_0.price,
        bo1_0.seat_name,
        bo1_0.status,
        bo1_0.time_slot,
        bo1_0.updated_at,
        bo1_0.user_id 
    from
        booking_orders bo1_0 
    where
        bo1_0.status=?
2026-01-22 03:55:00.033 - 
    select
        bo1_0.id,
        bo1_0.cabin_name,
        bo1_0.consume_time,
        bo1_0.created_at,
        bo1_0.date,
        bo1_0.order_no,
        bo1_0.original_price,
        bo1_0.payment_method,
        bo1_0.payment_order_id,
        bo1_0.payment_status,
        bo1_0.payment_time,
        bo1_0.price,
        bo1_0.seat_name,
        bo1_0.status,
        bo1_0.time_slot,
        bo1_0.updated_at,
        bo1_0.user_id 
    from
        booking_orders bo1_0 
    where
        bo1_0.status=?
2026-01-22 04:00:00.025 - 
    select
        bo1_0.id,
        bo1_0.cabin_name,
        bo1_0.consume_time,
        bo1_0.created_at,
        bo1_0.date,
        bo1_0.order_no,
        bo1_0.original_price,
        bo1_0.payment_method,
        bo1_0.payment_order_id,
        bo1_0.payment_status,
        bo1_0.payment_time,
        bo1_0.price,
        bo1_0.seat_name,
        bo1_0.status,
        bo1_0.time_slot,
        bo1_0.updated_at,
        bo1_0.user_id 
    from
        booking_orders bo1_0 
    where
        bo1_0.status=?
2026-01-22 04:05:00.051 - 
    select
        bo1_0.id,
        bo1_0.cabin_name,
        bo1_0.consume_time,
        bo1_0.created_at,
        bo1_0.date,
        bo1_0.order_no,
        bo1_0.original_price,
        bo1_0.payment_method,
        bo1_0.payment_order_id,
        bo1_0.payment_status,
        bo1_0.payment_time,
        bo1_0.price,
        bo1_0.seat_name,
        bo1_0.status,
        bo1_0.time_slot,
        bo1_0.updated_at,
        bo1_0.user_id 
    from
        booking_orders bo1_0 
    where
        bo1_0.status=?
2026-01-22 04:10:00.037 - 
    select
        bo1_0.id,
        bo1_0.cabin_name,
        bo1_0.consume_time,
        bo1_0.created_at,
        bo1_0.date,
        bo1_0.order_no,
        bo1_0.original_price,
        bo1_0.payment_method,
        bo1_0.payment_order_id,
        bo1_0.payment_status,
        bo1_0.payment_time,
        bo1_0.price,
        bo1_0.seat_name,
        bo1_0.status,
        bo1_0.time_slot,
        bo1_0.updated_at,
        bo1_0.user_id 
    from
        booking_orders bo1_0 
    where
        bo1_0.status=?
2026-01-22 04:15:00.030 - 
    select
        bo1_0.id,
        bo1_0.cabin_name,
        bo1_0.consume_time,
        bo1_0.created_at,
        bo1_0.date,
        bo1_0.order_no,
        bo1_0.original_price,
        bo1_0.payment_method,
        bo1_0.payment_order_id,
        bo1_0.payment_status,
        bo1_0.payment_time,
        bo1_0.price,
        bo1_0.seat_name,
        bo1_0.status,
        bo1_0.time_slot,
        bo1_0.updated_at,
        bo1_0.user_id 
    from
        booking_orders bo1_0 
    where
        bo1_0.status=?
2026-01-22 04:20:00.046 - 
    select
        bo1_0.id,
        bo1_0.cabin_name,
        bo1_0.consume_time,
        bo1_0.created_at,
        bo1_0.date,
        bo1_0.order_no,
        bo1_0.original_price,
        bo1_0.payment_method,
        bo1_0.payment_order_id,
        bo1_0.payment_status,
        bo1_0.payment_time,
        bo1_0.price,
        bo1_0.seat_name,
        bo1_0.status,
        bo1_0.time_slot,
        bo1_0.updated_at,
        bo1_0.user_id 
    from
        booking_orders bo1_0 
    where
        bo1_0.status=?
2026-01-22 04:25:00.028 - 
    select
        bo1_0.id,
        bo1_0.cabin_name,
        bo1_0.consume_time,
        bo1_0.created_at,
        bo1_0.date,
        bo1_0.order_no,
        bo1_0.original_price,
        bo1_0.payment_method,
        bo1_0.payment_order_id,
        bo1_0.payment_status,
        bo1_0.payment_time,
        bo1_0.price,
        bo1_0.seat_name,
        bo1_0.status,
        bo1_0.time_slot,
        bo1_0.updated_at,
        bo1_0.user_id 
    from
        booking_orders bo1_0 
    where
        bo1_0.status=?
2026-01-22 04:30:00.041 - 
    select
        bo1_0.id,
        bo1_0.cabin_name,
        bo1_0.consume_time,
        bo1_0.created_at,
        bo1_0.date,
        bo1_0.order_no,
        bo1_0.original_price,
        bo1_0.payment_method,
        bo1_0.payment_order_id,
        bo1_0.payment_status,
        bo1_0.payment_time,
        bo1_0.price,
        bo1_0.seat_name,
        bo1_0.status,
        bo1_0.time_slot,
        bo1_0.updated_at,
        bo1_0.user_id 
    from
        booking_orders bo1_0 
    where
        bo1_0.status=?
2026-01-22 04:35:00.034 - 
    select
        bo1_0.id,
        bo1_0.cabin_name,
        bo1_0.consume_time,
        bo1_0.created_at,
        bo1_0.date,
        bo1_0.order_no,
        bo1_0.original_price,
        bo1_0.payment_method,
        bo1_0.payment_order_id,
        bo1_0.payment_status,
        bo1_0.payment_time,
        bo1_0.price,
        bo1_0.seat_name,
        bo1_0.status,
        bo1_0.time_slot,
        bo1_0.updated_at,
        bo1_0.user_id 
    from
        booking_orders bo1_0 
    where
        bo1_0.status=?
2026-01-22 04:40:00.043 - 
    select
        bo1_0.id,
        bo1_0.cabin_name,
        bo1_0.consume_time,
        bo1_0.created_at,
        bo1_0.date,
        bo1_0.order_no,
        bo1_0.original_price,
        bo1_0.payment_method,
        bo1_0.payment_order_id,
        bo1_0.payment_status,
        bo1_0.payment_time,
        bo1_0.price,
        bo1_0.seat_name,
        bo1_0.status,
        bo1_0.time_slot,
        bo1_0.updated_at,
        bo1_0.user_id 
    from
        booking_orders bo1_0 
    where
        bo1_0.status=?
2026-01-22 04:45:00.039 - 
    select
        bo1_0.id,
        bo1_0.cabin_name,
        bo1_0.consume_time,
        bo1_0.created_at,
        bo1_0.date,
        bo1_0.order_no,
        bo1_0.original_price,
        bo1_0.payment_method,
        bo1_0.payment_order_id,
        bo1_0.payment_status,
        bo1_0.payment_time,
        bo1_0.price,
        bo1_0.seat_name,
        bo1_0.status,
        bo1_0.time_slot,
        bo1_0.updated_at,
        bo1_0.user_id 
    from
        booking_orders bo1_0 
    where
        bo1_0.status=?
2026-01-22 04:50:00.035 - 
    select
        bo1_0.id,
        bo1_0.cabin_name,
        bo1_0.consume_time,
        bo1_0.created_at,
        bo1_0.date,
        bo1_0.order_no,
        bo1_0.original_price,
        bo1_0.payment_method,
        bo1_0.payment_order_id,
        bo1_0.payment_status,
        bo1_0.payment_time,
        bo1_0.price,
        bo1_0.seat_name,
        bo1_0.status,
        bo1_0.time_slot,
        bo1_0.updated_at,
        bo1_0.user_id 
    from
        booking_orders bo1_0 
    where
        bo1_0.status=?
2026-01-22 04:55:00.015 - 
    select
        bo1_0.id,
        bo1_0.cabin_name,
        bo1_0.consume_time,
        bo1_0.created_at,
        bo1_0.date,
        bo1_0.order_no,
        bo1_0.original_price,
        bo1_0.payment_method,
        bo1_0.payment_order_id,
        bo1_0.payment_status,
        bo1_0.payment_time,
        bo1_0.price,
        bo1_0.seat_name,
        bo1_0.status,
        bo1_0.time_slot,
        bo1_0.updated_at,
        bo1_0.user_id 
    from
        booking_orders bo1_0 
    where
        bo1_0.status=?
2026-01-22 05:00:00.026 - 
    select
        bo1_0.id,
        bo1_0.cabin_name,
        bo1_0.consume_time,
        bo1_0.created_at,
        bo1_0.date,
        bo1_0.order_no,
        bo1_0.original_price,
        bo1_0.payment_method,
        bo1_0.payment_order_id,
        bo1_0.payment_status,
        bo1_0.payment_time,
        bo1_0.price,
        bo1_0.seat_name,
        bo1_0.status,
        bo1_0.time_slot,
        bo1_0.updated_at,
        bo1_0.user_id 
    from
        booking_orders bo1_0 
    where
        bo1_0.status=?
2026-01-22 05:05:00.040 - 
    select
        bo1_0.id,
        bo1_0.cabin_name,
        bo1_0.consume_time,
        bo1_0.created_at,
        bo1_0.date,
        bo1_0.order_no,
        bo1_0.original_price,
        bo1_0.payment_method,
        bo1_0.payment_order_id,
        bo1_0.payment_status,
        bo1_0.payment_time,
        bo1_0.price,
        bo1_0.seat_name,
        bo1_0.status,
        bo1_0.time_slot,
        bo1_0.updated_at,
        bo1_0.user_id 
    from
        booking_orders bo1_0 
    where
        bo1_0.status=?
2026-01-22 05:10:00.036 - 
    select
        bo1_0.id,
        bo1_0.cabin_name,
        bo1_0.consume_time,
        bo1_0.created_at,
        bo1_0.date,
        bo1_0.order_no,
        bo1_0.original_price,
        bo1_0.payment_method,
        bo1_0.payment_order_id,
        bo1_0.payment_status,
        bo1_0.payment_time,
        bo1_0.price,
        bo1_0.seat_name,
        bo1_0.status,
        bo1_0.time_slot,
        bo1_0.updated_at,
        bo1_0.user_id 
    from
        booking_orders bo1_0 
    where
        bo1_0.status=?
2026-01-22 05:15:00.027 - 
    select
        bo1_0.id,
        bo1_0.cabin_name,
        bo1_0.consume_time,
        bo1_0.created_at,
        bo1_0.date,
        bo1_0.order_no,
        bo1_0.original_price,
        bo1_0.payment_method,
        bo1_0.payment_order_id,
        bo1_0.payment_status,
        bo1_0.payment_time,
        bo1_0.price,
        bo1_0.seat_name,
        bo1_0.status,
        bo1_0.time_slot,
        bo1_0.updated_at,
        bo1_0.user_id 
    from
        booking_orders bo1_0 
    where
        bo1_0.status=?
2026-01-22 05:20:00.030 - 
    select
        bo1_0.id,
        bo1_0.cabin_name,
        bo1_0.consume_time,
        bo1_0.created_at,
        bo1_0.date,
        bo1_0.order_no,
        bo1_0.original_price,
        bo1_0.payment_method,
        bo1_0.payment_order_id,
        bo1_0.payment_status,
        bo1_0.payment_time,
        bo1_0.price,
        bo1_0.seat_name,
        bo1_0.status,
        bo1_0.time_slot,
        bo1_0.updated_at,
        bo1_0.user_id 
    from
        booking_orders bo1_0 
    where
        bo1_0.status=?
2026-01-22 05:25:00.036 - 
    select
        bo1_0.id,
        bo1_0.cabin_name,
        bo1_0.consume_time,
        bo1_0.created_at,
        bo1_0.date,
        bo1_0.order_no,
        bo1_0.original_price,
        bo1_0.payment_method,
        bo1_0.payment_order_id,
        bo1_0.payment_status,
        bo1_0.payment_time,
        bo1_0.price,
        bo1_0.seat_name,
        bo1_0.status,
        bo1_0.time_slot,
        bo1_0.updated_at,
        bo1_0.user_id 
    from
        booking_orders bo1_0 
    where
        bo1_0.status=?
2026-01-22 05:30:00.036 - 
    select
        bo1_0.id,
        bo1_0.cabin_name,
        bo1_0.consume_time,
        bo1_0.created_at,
        bo1_0.date,
        bo1_0.order_no,
        bo1_0.original_price,
        bo1_0.payment_method,
        bo1_0.payment_order_id,
        bo1_0.payment_status,
        bo1_0.payment_time,
        bo1_0.price,
        bo1_0.seat_name,
        bo1_0.status,
        bo1_0.time_slot,
        bo1_0.updated_at,
        bo1_0.user_id 
    from
        booking_orders bo1_0 
    where
        bo1_0.status=?
2026-01-22 05:35:00.053 - 
    select
        bo1_0.id,
        bo1_0.cabin_name,
        bo1_0.consume_time,
        bo1_0.created_at,
        bo1_0.date,
        bo1_0.order_no,
        bo1_0.original_price,
        bo1_0.payment_method,
        bo1_0.payment_order_id,
        bo1_0.payment_status,
        bo1_0.payment_time,
        bo1_0.price,
        bo1_0.seat_name,
        bo1_0.status,
        bo1_0.time_slot,
        bo1_0.updated_at,
        bo1_0.user_id 
    from
        booking_orders bo1_0 
    where
        bo1_0.status=?
2026-01-22 05:40:00.026 - 
    select
        bo1_0.id,
        bo1_0.cabin_name,
        bo1_0.consume_time,
        bo1_0.created_at,
        bo1_0.date,
        bo1_0.order_no,
        bo1_0.original_price,
        bo1_0.payment_method,
        bo1_0.payment_order_id,
        bo1_0.payment_status,
        bo1_0.payment_time,
        bo1_0.price,
        bo1_0.seat_name,
        bo1_0.status,
        bo1_0.time_slot,
        bo1_0.updated_at,
        bo1_0.user_id 
    from
        booking_orders bo1_0 
    where
        bo1_0.status=?
2026-01-22 05:45:00.039 - 
    select
        bo1_0.id,
        bo1_0.cabin_name,
        bo1_0.consume_time,
        bo1_0.created_at,
        bo1_0.date,
        bo1_0.order_no,
        bo1_0.original_price,
        bo1_0.payment_method,
        bo1_0.payment_order_id,
        bo1_0.payment_status,
        bo1_0.payment_time,
        bo1_0.price,
        bo1_0.seat_name,
        bo1_0.status,
        bo1_0.time_slot,
        bo1_0.updated_at,
        bo1_0.user_id 
    from
        booking_orders bo1_0 
    where
        bo1_0.status=?
2026-01-22 05:50:00.029 - 
    select
        bo1_0.id,
        bo1_0.cabin_name,
        bo1_0.consume_time,
        bo1_0.created_at,
        bo1_0.date,
        bo1_0.order_no,
        bo1_0.original_price,
        bo1_0.payment_method,
        bo1_0.payment_order_id,
        bo1_0.payment_status,
        bo1_0.payment_time,
        bo1_0.price,
        bo1_0.seat_name,
        bo1_0.status,
        bo1_0.time_slot,
        bo1_0.updated_at,
        bo1_0.user_id 
    from
        booking_orders bo1_0 
    where
        bo1_0.status=?
2026-01-22 05:55:00.033 - 
    select
        bo1_0.id,
        bo1_0.cabin_name,
        bo1_0.consume_time,
        bo1_0.created_at,
        bo1_0.date,
        bo1_0.order_no,
        bo1_0.original_price,
        bo1_0.payment_method,
        bo1_0.payment_order_id,
        bo1_0.payment_status,
        bo1_0.payment_time,
        bo1_0.price,
        bo1_0.seat_name,
        bo1_0.status,
        bo1_0.time_slot,
        bo1_0.updated_at,
        bo1_0.user_id 
    from
        booking_orders bo1_0 
    where
        bo1_0.status=?
2026-01-22 06:00:00.052 - 
    select
        bo1_0.id,
        bo1_0.cabin_name,
        bo1_0.consume_time,
        bo1_0.created_at,
        bo1_0.date,
        bo1_0.order_no,
        bo1_0.original_price,
        bo1_0.payment_method,
        bo1_0.payment_order_id,
        bo1_0.payment_status,
        bo1_0.payment_time,
        bo1_0.price,
        bo1_0.seat_name,
        bo1_0.status,
        bo1_0.time_slot,
        bo1_0.updated_at,
        bo1_0.user_id 
    from
        booking_orders bo1_0 
    where
        bo1_0.status=?
2026-01-22 06:05:00.038 - 
    select
        bo1_0.id,
        bo1_0.cabin_name,
        bo1_0.consume_time,
        bo1_0.created_at,
        bo1_0.date,
        bo1_0.order_no,
        bo1_0.original_price,
        bo1_0.payment_method,
        bo1_0.payment_order_id,
        bo1_0.payment_status,
        bo1_0.payment_time,
        bo1_0.price,
        bo1_0.seat_name,
        bo1_0.status,
        bo1_0.time_slot,
        bo1_0.updated_at,
        bo1_0.user_id 
    from
        booking_orders bo1_0 
    where
        bo1_0.status=?
2026-01-22 06:10:00.031 - 
    select
        bo1_0.id,
        bo1_0.cabin_name,
        bo1_0.consume_time,
        bo1_0.created_at,
        bo1_0.date,
        bo1_0.order_no,
        bo1_0.original_price,
        bo1_0.payment_method,
        bo1_0.payment_order_id,
        bo1_0.payment_status,
        bo1_0.payment_time,
        bo1_0.price,
        bo1_0.seat_name,
        bo1_0.status,
        bo1_0.time_slot,
        bo1_0.updated_at,
        bo1_0.user_id 
    from
        booking_orders bo1_0 
    where
        bo1_0.status=?
2026-01-22 06:15:00.033 - 
    select
        bo1_0.id,
        bo1_0.cabin_name,
        bo1_0.consume_time,
        bo1_0.created_at,
        bo1_0.date,
        bo1_0.order_no,
        bo1_0.original_price,
        bo1_0.payment_method,
        bo1_0.payment_order_id,
        bo1_0.payment_status,
        bo1_0.payment_time,
        bo1_0.price,
        bo1_0.seat_name,
        bo1_0.status,
        bo1_0.time_slot,
        bo1_0.updated_at,
        bo1_0.user_id 
    from
        booking_orders bo1_0 
    where
        bo1_0.status=?
2026-01-22 06:20:00.035 - 
    select
        bo1_0.id,
        bo1_0.cabin_name,
        bo1_0.consume_time,
        bo1_0.created_at,
        bo1_0.date,
        bo1_0.order_no,
        bo1_0.original_price,
        bo1_0.payment_method,
        bo1_0.payment_order_id,
        bo1_0.payment_status,
        bo1_0.payment_time,
        bo1_0.price,
        bo1_0.seat_name,
        bo1_0.status,
        bo1_0.time_slot,
        bo1_0.updated_at,
        bo1_0.user_id 
    from
        booking_orders bo1_0 
    where
        bo1_0.status=?
2026-01-22 06:25:00.031 - 
    select
        bo1_0.id,
        bo1_0.cabin_name,
        bo1_0.consume_time,
        bo1_0.created_at,
        bo1_0.date,
        bo1_0.order_no,
        bo1_0.original_price,
        bo1_0.payment_method,
        bo1_0.payment_order_id,
        bo1_0.payment_status,
        bo1_0.payment_time,
        bo1_0.price,
        bo1_0.seat_name,
        bo1_0.status,
        bo1_0.time_slot,
        bo1_0.updated_at,
        bo1_0.user_id 
    from
        booking_orders bo1_0 
    where
        bo1_0.status=?
2026-01-22 06:30:00.030 - 
    select
        bo1_0.id,
        bo1_0.cabin_name,
        bo1_0.consume_time,
        bo1_0.created_at,
        bo1_0.date,
        bo1_0.order_no,
        bo1_0.original_price,
        bo1_0.payment_method,
        bo1_0.payment_order_id,
        bo1_0.payment_status,
        bo1_0.payment_time,
        bo1_0.price,
        bo1_0.seat_name,
        bo1_0.status,
        bo1_0.time_slot,
        bo1_0.updated_at,
        bo1_0.user_id 
    from
        booking_orders bo1_0 
    where
        bo1_0.status=?
2026-01-22 06:35:00.036 - 
    select
        bo1_0.id,
        bo1_0.cabin_name,
        bo1_0.consume_time,
        bo1_0.created_at,
        bo1_0.date,
        bo1_0.order_no,
        bo1_0.original_price,
        bo1_0.payment_method,
        bo1_0.payment_order_id,
        bo1_0.payment_status,
        bo1_0.payment_time,
        bo1_0.price,
        bo1_0.seat_name,
        bo1_0.status,
        bo1_0.time_slot,
        bo1_0.updated_at,
        bo1_0.user_id 
    from
        booking_orders bo1_0 
    where
        bo1_0.status=?
2026-01-22 06:40:00.035 - 
    select
        bo1_0.id,
        bo1_0.cabin_name,
        bo1_0.consume_time,
        bo1_0.created_at,
        bo1_0.date,
        bo1_0.order_no,
        bo1_0.original_price,
        bo1_0.payment_method,
        bo1_0.payment_order_id,
        bo1_0.payment_status,
        bo1_0.payment_time,
        bo1_0.price,
        bo1_0.seat_name,
        bo1_0.status,
        bo1_0.time_slot,
        bo1_0.updated_at,
        bo1_0.user_id 
    from
        booking_orders bo1_0 
    where
        bo1_0.status=?
2026-01-22 06:45:00.032 - 
    select
        bo1_0.id,
        bo1_0.cabin_name,
        bo1_0.consume_time,
        bo1_0.created_at,
        bo1_0.date,
        bo1_0.order_no,
        bo1_0.original_price,
        bo1_0.payment_method,
        bo1_0.payment_order_id,
        bo1_0.payment_status,
        bo1_0.payment_time,
        bo1_0.price,
        bo1_0.seat_name,
        bo1_0.status,
        bo1_0.time_slot,
        bo1_0.updated_at,
        bo1_0.user_id 
    from
        booking_orders bo1_0 
    where
        bo1_0.status=?
2026-01-22 06:50:00.041 - 
    select
        bo1_0.id,
        bo1_0.cabin_name,
        bo1_0.consume_time,
        bo1_0.created_at,
        bo1_0.date,
        bo1_0.order_no,
        bo1_0.original_price,
        bo1_0.payment_method,
        bo1_0.payment_order_id,
        bo1_0.payment_status,
        bo1_0.payment_time,
        bo1_0.price,
        bo1_0.seat_name,
        bo1_0.status,
        bo1_0.time_slot,
        bo1_0.updated_at,
        bo1_0.user_id 
    from
        booking_orders bo1_0 
    where
        bo1_0.status=?
2026-01-22 06:55:00.038 - 
    select
        bo1_0.id,
        bo1_0.cabin_name,
        bo1_0.consume_time,
        bo1_0.created_at,
        bo1_0.date,
        bo1_0.order_no,
        bo1_0.original_price,
        bo1_0.payment_method,
        bo1_0.payment_order_id,
        bo1_0.payment_status,
        bo1_0.payment_time,
        bo1_0.price,
        bo1_0.seat_name,
        bo1_0.status,
        bo1_0.time_slot,
        bo1_0.updated_at,
        bo1_0.user_id 
    from
        booking_orders bo1_0 
    where
        bo1_0.status=?
2026-01-22 07:00:00.024 - 
    select
        bo1_0.id,
        bo1_0.cabin_name,
        bo1_0.consume_time,
        bo1_0.created_at,
        bo1_0.date,
        bo1_0.order_no,
        bo1_0.original_price,
        bo1_0.payment_method,
        bo1_0.payment_order_id,
        bo1_0.payment_status,
        bo1_0.payment_time,
        bo1_0.price,
        bo1_0.seat_name,
        bo1_0.status,
        bo1_0.time_slot,
        bo1_0.updated_at,
        bo1_0.user_id 
    from
        booking_orders bo1_0 
    where
        bo1_0.status=?
2026-01-22 07:05:00.042 - 
    select
        bo1_0.id,
        bo1_0.cabin_name,
        bo1_0.consume_time,
        bo1_0.created_at,
        bo1_0.date,
        bo1_0.order_no,
        bo1_0.original_price,
        bo1_0.payment_method,
        bo1_0.payment_order_id,
        bo1_0.payment_status,
        bo1_0.payment_time,
        bo1_0.price,
        bo1_0.seat_name,
        bo1_0.status,
        bo1_0.time_slot,
        bo1_0.updated_at,
        bo1_0.user_id 
    from
        booking_orders bo1_0 
    where
        bo1_0.status=?
2026-01-22 07:10:00.032 - 
    select
        bo1_0.id,
        bo1_0.cabin_name,
        bo1_0.consume_time,
        bo1_0.created_at,
        bo1_0.date,
        bo1_0.order_no,
        bo1_0.original_price,
        bo1_0.payment_method,
        bo1_0.payment_order_id,
        bo1_0.payment_status,
        bo1_0.payment_time,
        bo1_0.price,
        bo1_0.seat_name,
        bo1_0.status,
        bo1_0.time_slot,
        bo1_0.updated_at,
        bo1_0.user_id 
    from
        booking_orders bo1_0 
    where
        bo1_0.status=?
2026-01-22 07:15:00.028 - 
    select
        bo1_0.id,
        bo1_0.cabin_name,
        bo1_0.consume_time,
        bo1_0.created_at,
        bo1_0.date,
        bo1_0.order_no,
        bo1_0.original_price,
        bo1_0.payment_method,
        bo1_0.payment_order_id,
        bo1_0.payment_status,
        bo1_0.payment_time,
        bo1_0.price,
        bo1_0.seat_name,
        bo1_0.status,
        bo1_0.time_slot,
        bo1_0.updated_at,
        bo1_0.user_id 
    from
        booking_orders bo1_0 
    where
        bo1_0.status=?
2026-01-22 07:20:00.029 - 
    select
        bo1_0.id,
        bo1_0.cabin_name,
        bo1_0.consume_time,
        bo1_0.created_at,
        bo1_0.date,
        bo1_0.order_no,
        bo1_0.original_price,
        bo1_0.payment_method,
        bo1_0.payment_order_id,
        bo1_0.payment_status,
        bo1_0.payment_time,
        bo1_0.price,
        bo1_0.seat_name,
        bo1_0.status,
        bo1_0.time_slot,
        bo1_0.updated_at,
        bo1_0.user_id 
    from
        booking_orders bo1_0 
    where
        bo1_0.status=?
2026-01-22 07:25:00.030 - 
    select
        bo1_0.id,
        bo1_0.cabin_name,
        bo1_0.consume_time,
        bo1_0.created_at,
        bo1_0.date,
        bo1_0.order_no,
        bo1_0.original_price,
        bo1_0.payment_method,
        bo1_0.payment_order_id,
        bo1_0.payment_status,
        bo1_0.payment_time,
        bo1_0.price,
        bo1_0.seat_name,
        bo1_0.status,
        bo1_0.time_slot,
        bo1_0.updated_at,
        bo1_0.user_id 
    from
        booking_orders bo1_0 
    where
        bo1_0.status=?
2026-01-22 07:30:00.017 - 
    select
        bo1_0.id,
        bo1_0.cabin_name,
        bo1_0.consume_time,
        bo1_0.created_at,
        bo1_0.date,
        bo1_0.order_no,
        bo1_0.original_price,
        bo1_0.payment_method,
        bo1_0.payment_order_id,
        bo1_0.payment_status,
        bo1_0.payment_time,
        bo1_0.price,
        bo1_0.seat_name,
        bo1_0.status,
        bo1_0.time_slot,
        bo1_0.updated_at,
        bo1_0.user_id 
    from
        booking_orders bo1_0 
    where
        bo1_0.status=?
2026-01-22 07:35:00.050 - 
    select
        bo1_0.id,
        bo1_0.cabin_name,
        bo1_0.consume_time,
        bo1_0.created_at,
        bo1_0.date,
        bo1_0.order_no,
        bo1_0.original_price,
        bo1_0.payment_method,
        bo1_0.payment_order_id,
        bo1_0.payment_status,
        bo1_0.payment_time,
        bo1_0.price,
        bo1_0.seat_name,
        bo1_0.status,
        bo1_0.time_slot,
        bo1_0.updated_at,
        bo1_0.user_id 
    from
        booking_orders bo1_0 
    where
        bo1_0.status=?
2026-01-22 07:40:00.037 - 
    select
        bo1_0.id,
        bo1_0.cabin_name,
        bo1_0.consume_time,
        bo1_0.created_at,
        bo1_0.date,
        bo1_0.order_no,
        bo1_0.original_price,
        bo1_0.payment_method,
        bo1_0.payment_order_id,
        bo1_0.payment_status,
        bo1_0.payment_time,
        bo1_0.price,
        bo1_0.seat_name,
        bo1_0.status,
        bo1_0.time_slot,
        bo1_0.updated_at,
        bo1_0.user_id 
    from
        booking_orders bo1_0 
    where
        bo1_0.status=?
2026-01-22 07:45:00.029 - 
    select
        bo1_0.id,
        bo1_0.cabin_name,
        bo1_0.consume_time,
        bo1_0.created_at,
        bo1_0.date,
        bo1_0.order_no,
        bo1_0.original_price,
        bo1_0.payment_method,
        bo1_0.payment_order_id,
        bo1_0.payment_status,
        bo1_0.payment_time,
        bo1_0.price,
        bo1_0.seat_name,
        bo1_0.status,
        bo1_0.time_slot,
        bo1_0.updated_at,
        bo1_0.user_id 
    from
        booking_orders bo1_0 
    where
        bo1_0.status=?
2026-01-22 07:50:00.040 - 
    select
        bo1_0.id,
        bo1_0.cabin_name,
        bo1_0.consume_time,
        bo1_0.created_at,
        bo1_0.date,
        bo1_0.order_no,
        bo1_0.original_price,
        bo1_0.payment_method,
        bo1_0.payment_order_id,
        bo1_0.payment_status,
        bo1_0.payment_time,
        bo1_0.price,
        bo1_0.seat_name,
        bo1_0.status,
        bo1_0.time_slot,
        bo1_0.updated_at,
        bo1_0.user_id 
    from
        booking_orders bo1_0 
    where
        bo1_0.status=?
2026-01-22 07:55:00.032 - 
    select
        bo1_0.id,
        bo1_0.cabin_name,
        bo1_0.consume_time,
        bo1_0.created_at,
        bo1_0.date,
        bo1_0.order_no,
        bo1_0.original_price,
        bo1_0.payment_method,
        bo1_0.payment_order_id,
        bo1_0.payment_status,
        bo1_0.payment_time,
        bo1_0.price,
        bo1_0.seat_name,
        bo1_0.status,
        bo1_0.time_slot,
        bo1_0.updated_at,
        bo1_0.user_id 
    from
        booking_orders bo1_0 
    where
        bo1_0.status=?
2026-01-22 08:00:00.059 - 
    select
        bo1_0.id,
        bo1_0.cabin_name,
        bo1_0.consume_time,
        bo1_0.created_at,
        bo1_0.date,
        bo1_0.order_no,
        bo1_0.original_price,
        bo1_0.payment_method,
        bo1_0.payment_order_id,
        bo1_0.payment_status,
        bo1_0.payment_time,
        bo1_0.price,
        bo1_0.seat_name,
        bo1_0.status,
        bo1_0.time_slot,
        bo1_0.updated_at,
        bo1_0.user_id 
    from
        booking_orders bo1_0 
    where
        bo1_0.status=?
2026-01-22 08:05:00.028 - 
    select
        bo1_0.id,
        bo1_0.cabin_name,
        bo1_0.consume_time,
        bo1_0.created_at,
        bo1_0.date,
        bo1_0.order_no,
        bo1_0.original_price,
        bo1_0.payment_method,
        bo1_0.payment_order_id,
        bo1_0.payment_status,
        bo1_0.payment_time,
        bo1_0.price,
        bo1_0.seat_name,
        bo1_0.status,
        bo1_0.time_slot,
        bo1_0.updated_at,
        bo1_0.user_id 
    from
        booking_orders bo1_0 
    where
        bo1_0.status=?
2026-01-22 08:10:00.030 - 
    select
        bo1_0.id,
        bo1_0.cabin_name,
        bo1_0.consume_time,
        bo1_0.created_at,
        bo1_0.date,
        bo1_0.order_no,
        bo1_0.original_price,
        bo1_0.payment_method,
        bo1_0.payment_order_id,
        bo1_0.payment_status,
        bo1_0.payment_time,
        bo1_0.price,
        bo1_0.seat_name,
        bo1_0.status,
        bo1_0.time_slot,
        bo1_0.updated_at,
        bo1_0.user_id 
    from
        booking_orders bo1_0 
    where
        bo1_0.status=?
2026-01-22 08:15:00.039 - 
    select
        bo1_0.id,
        bo1_0.cabin_name,
        bo1_0.consume_time,
        bo1_0.created_at,
        bo1_0.date,
        bo1_0.order_no,
        bo1_0.original_price,
        bo1_0.payment_method,
        bo1_0.payment_order_id,
        bo1_0.payment_status,
        bo1_0.payment_time,
        bo1_0.price,
        bo1_0.seat_name,
        bo1_0.status,
        bo1_0.time_slot,
        bo1_0.updated_at,
        bo1_0.user_id 
    from
        booking_orders bo1_0 
    where
        bo1_0.status=?
2026-01-22 08:20:00.024 - 
    select
        bo1_0.id,
        bo1_0.cabin_name,
        bo1_0.consume_time,
        bo1_0.created_at,
        bo1_0.date,
        bo1_0.order_no,
        bo1_0.original_price,
        bo1_0.payment_method,
        bo1_0.payment_order_id,
        bo1_0.payment_status,
        bo1_0.payment_time,
        bo1_0.price,
        bo1_0.seat_name,
        bo1_0.status,
        bo1_0.time_slot,
        bo1_0.updated_at,
        bo1_0.user_id 
    from
        booking_orders bo1_0 
    where
        bo1_0.status=?
2026-01-22 08:25:00.018 - 
    select
        bo1_0.id,
        bo1_0.cabin_name,
        bo1_0.consume_time,
        bo1_0.created_at,
        bo1_0.date,
        bo1_0.order_no,
        bo1_0.original_price,
        bo1_0.payment_method,
        bo1_0.payment_order_id,
        bo1_0.payment_status,
        bo1_0.payment_time,
        bo1_0.price,
        bo1_0.seat_name,
        bo1_0.status,
        bo1_0.time_slot,
        bo1_0.updated_at,
        bo1_0.user_id 
    from
        booking_orders bo1_0 
    where
        bo1_0.status=?
2026-01-22 08:30:00.039 - 
    select
        bo1_0.id,
        bo1_0.cabin_name,
        bo1_0.consume_time,
        bo1_0.created_at,
        bo1_0.date,
        bo1_0.order_no,
        bo1_0.original_price,
        bo1_0.payment_method,
        bo1_0.payment_order_id,
        bo1_0.payment_status,
        bo1_0.payment_time,
        bo1_0.price,
        bo1_0.seat_name,
        bo1_0.status,
        bo1_0.time_slot,
        bo1_0.updated_at,
        bo1_0.user_id 
    from
        booking_orders bo1_0 
    where
        bo1_0.status=?
2026-01-22 08:35:00.037 - 
    select
        bo1_0.id,
        bo1_0.cabin_name,
        bo1_0.consume_time,
        bo1_0.created_at,
        bo1_0.date,
        bo1_0.order_no,
        bo1_0.original_price,
        bo1_0.payment_method,
        bo1_0.payment_order_id,
        bo1_0.payment_status,
        bo1_0.payment_time,
        bo1_0.price,
        bo1_0.seat_name,
        bo1_0.status,
        bo1_0.time_slot,
        bo1_0.updated_at,
        bo1_0.user_id 
    from
        booking_orders bo1_0 
    where
        bo1_0.status=?
2026-01-22 08:40:00.050 - 
    select
        bo1_0.id,
        bo1_0.cabin_name,
        bo1_0.consume_time,
        bo1_0.created_at,
        bo1_0.date,
        bo1_0.order_no,
        bo1_0.original_price,
        bo1_0.payment_method,
        bo1_0.payment_order_id,
        bo1_0.payment_status,
        bo1_0.payment_time,
        bo1_0.price,
        bo1_0.seat_name,
        bo1_0.status,
        bo1_0.time_slot,
        bo1_0.updated_at,
        bo1_0.user_id 
    from
        booking_orders bo1_0 
    where
        bo1_0.status=?
2026-01-22 08:45:00.023 - 
    select
        bo1_0.id,
        bo1_0.cabin_name,
        bo1_0.consume_time,
        bo1_0.created_at,
        bo1_0.date,
        bo1_0.order_no,
        bo1_0.original_price,
        bo1_0.payment_method,
        bo1_0.payment_order_id,
        bo1_0.payment_status,
        bo1_0.payment_time,
        bo1_0.price,
        bo1_0.seat_name,
        bo1_0.status,
        bo1_0.time_slot,
        bo1_0.updated_at,
        bo1_0.user_id 
    from
        booking_orders bo1_0 
    where
        bo1_0.status=?
2026-01-22 08:50:00.046 - 
    select
        bo1_0.id,
        bo1_0.cabin_name,
        bo1_0.consume_time,
        bo1_0.created_at,
        bo1_0.date,
        bo1_0.order_no,
        bo1_0.original_price,
        bo1_0.payment_method,
        bo1_0.payment_order_id,
        bo1_0.payment_status,
        bo1_0.payment_time,
        bo1_0.price,
        bo1_0.seat_name,
        bo1_0.status,
        bo1_0.time_slot,
        bo1_0.updated_at,
        bo1_0.user_id 
    from
        booking_orders bo1_0 
    where
        bo1_0.status=?
2026-01-22 08:55:00.045 - 
    select
        bo1_0.id,
        bo1_0.cabin_name,
        bo1_0.consume_time,
        bo1_0.created_at,
        bo1_0.date,
        bo1_0.order_no,
        bo1_0.original_price,
        bo1_0.payment_method,
        bo1_0.payment_order_id,
        bo1_0.payment_status,
        bo1_0.payment_time,
        bo1_0.price,
        bo1_0.seat_name,
        bo1_0.status,
        bo1_0.time_slot,
        bo1_0.updated_at,
        bo1_0.user_id 
    from
        booking_orders bo1_0 
    where
        bo1_0.status=?
2026-01-22 09:00:00.049 - 
    select
        bo1_0.id,
        bo1_0.cabin_name,
        bo1_0.consume_time,
        bo1_0.created_at,
        bo1_0.date,
        bo1_0.order_no,
        bo1_0.original_price,
        bo1_0.payment_method,
        bo1_0.payment_order_id,
        bo1_0.payment_status,
        bo1_0.payment_time,
        bo1_0.price,
        bo1_0.seat_name,
        bo1_0.status,
        bo1_0.time_slot,
        bo1_0.updated_at,
        bo1_0.user_id 
    from
        booking_orders bo1_0 
    where
        bo1_0.status=?
2026-01-22 09:05:00.043 - 
    select
        bo1_0.id,
        bo1_0.cabin_name,
        bo1_0.consume_time,
        bo1_0.created_at,
        bo1_0.date,
        bo1_0.order_no,
        bo1_0.original_price,
        bo1_0.payment_method,
        bo1_0.payment_order_id,
        bo1_0.payment_status,
        bo1_0.payment_time,
        bo1_0.price,
        bo1_0.seat_name,
        bo1_0.status,
        bo1_0.time_slot,
        bo1_0.updated_at,
        bo1_0.user_id 
    from
        booking_orders bo1_0 
    where
        bo1_0.status=?
2026-01-22 09:10:00.034 - 
    select
        bo1_0.id,
        bo1_0.cabin_name,
        bo1_0.consume_time,
        bo1_0.created_at,
        bo1_0.date,
        bo1_0.order_no,
        bo1_0.original_price,
        bo1_0.payment_method,
        bo1_0.payment_order_id,
        bo1_0.payment_status,
        bo1_0.payment_time,
        bo1_0.price,
        bo1_0.seat_name,
        bo1_0.status,
        bo1_0.time_slot,
        bo1_0.updated_at,
        bo1_0.user_id 
    from
        booking_orders bo1_0 
    where
        bo1_0.status=?
2026-01-22 09:15:00.030 - 
    select
        bo1_0.id,
        bo1_0.cabin_name,
        bo1_0.consume_time,
        bo1_0.created_at,
        bo1_0.date,
        bo1_0.order_no,
        bo1_0.original_price,
        bo1_0.payment_method,
        bo1_0.payment_order_id,
        bo1_0.payment_status,
        bo1_0.payment_time,
        bo1_0.price,
        bo1_0.seat_name,
        bo1_0.status,
        bo1_0.time_slot,
        bo1_0.updated_at,
        bo1_0.user_id 
    from
        booking_orders bo1_0 
    where
        bo1_0.status=?
2026-01-22 09:20:00.029 - 
    select
        bo1_0.id,
        bo1_0.cabin_name,
        bo1_0.consume_time,
        bo1_0.created_at,
        bo1_0.date,
        bo1_0.order_no,
        bo1_0.original_price,
        bo1_0.payment_method,
        bo1_0.payment_order_id,
        bo1_0.payment_status,
        bo1_0.payment_time,
        bo1_0.price,
        bo1_0.seat_name,
        bo1_0.status,
        bo1_0.time_slot,
        bo1_0.updated_at,
        bo1_0.user_id 
    from
        booking_orders bo1_0 
    where
        bo1_0.status=?
2026-01-22 09:25:00.049 - 
    select
        bo1_0.id,
        bo1_0.cabin_name,
        bo1_0.consume_time,
        bo1_0.created_at,
        bo1_0.date,
        bo1_0.order_no,
        bo1_0.original_price,
        bo1_0.payment_method,
        bo1_0.payment_order_id,
        bo1_0.payment_status,
        bo1_0.payment_time,
        bo1_0.price,
        bo1_0.seat_name,
        bo1_0.status,
        bo1_0.time_slot,
        bo1_0.updated_at,
        bo1_0.user_id 
    from
        booking_orders bo1_0 
    where
        bo1_0.status=?
2026-01-22 09:30:00.038 - 
    select
        bo1_0.id,
        bo1_0.cabin_name,
        bo1_0.consume_time,
        bo1_0.created_at,
        bo1_0.date,
        bo1_0.order_no,
        bo1_0.original_price,
        bo1_0.payment_method,
        bo1_0.payment_order_id,
        bo1_0.payment_status,
        bo1_0.payment_time,
        bo1_0.price,
        bo1_0.seat_name,
        bo1_0.status,
        bo1_0.time_slot,
        bo1_0.updated_at,
        bo1_0.user_id 
    from
        booking_orders bo1_0 
    where
        bo1_0.status=?
2026-01-22 09:35:00.035 - 
    select
        bo1_0.id,
        bo1_0.cabin_name,
        bo1_0.consume_time,
        bo1_0.created_at,
        bo1_0.date,
        bo1_0.order_no,
        bo1_0.original_price,
        bo1_0.payment_method,
        bo1_0.payment_order_id,
        bo1_0.payment_status,
        bo1_0.payment_time,
        bo1_0.price,
        bo1_0.seat_name,
        bo1_0.status,
        bo1_0.time_slot,
        bo1_0.updated_at,
        bo1_0.user_id 
    from
        booking_orders bo1_0 
    where
        bo1_0.status=?
2026-01-22 09:40:00.047 - 
    select
        bo1_0.id,
        bo1_0.cabin_name,
        bo1_0.consume_time,
        bo1_0.created_at,
        bo1_0.date,
        bo1_0.order_no,
        bo1_0.original_price,
        bo1_0.payment_method,
        bo1_0.payment_order_id,
        bo1_0.payment_status,
        bo1_0.payment_time,
        bo1_0.price,
        bo1_0.seat_name,
        bo1_0.status,
        bo1_0.time_slot,
        bo1_0.updated_at,
        bo1_0.user_id 
    from
        booking_orders bo1_0 
    where
        bo1_0.status=?
2026-01-22 09:45:00.048 - 
    select
        bo1_0.id,
        bo1_0.cabin_name,
        bo1_0.consume_time,
        bo1_0.created_at,
        bo1_0.date,
        bo1_0.order_no,
        bo1_0.original_price,
        bo1_0.payment_method,
        bo1_0.payment_order_id,
        bo1_0.payment_status,
        bo1_0.payment_time,
        bo1_0.price,
        bo1_0.seat_name,
        bo1_0.status,
        bo1_0.time_slot,
        bo1_0.updated_at,
        bo1_0.user_id 
    from
        booking_orders bo1_0 
    where
        bo1_0.status=?
2026-01-22 09:50:00.035 - 
    select
        bo1_0.id,
        bo1_0.cabin_name,
        bo1_0.consume_time,
        bo1_0.created_at,
        bo1_0.date,
        bo1_0.order_no,
        bo1_0.original_price,
        bo1_0.payment_method,
        bo1_0.payment_order_id,
        bo1_0.payment_status,
        bo1_0.payment_time,
        bo1_0.price,
        bo1_0.seat_name,
        bo1_0.status,
        bo1_0.time_slot,
        bo1_0.updated_at,
        bo1_0.user_id 
    from
        booking_orders bo1_0 
    where
        bo1_0.status=?
2026-01-22 09:55:00.034 - 
    select
        bo1_0.id,
        bo1_0.cabin_name,
        bo1_0.consume_time,
        bo1_0.created_at,
        bo1_0.date,
        bo1_0.order_no,
        bo1_0.original_price,
        bo1_0.payment_method,
        bo1_0.payment_order_id,
        bo1_0.payment_status,
        bo1_0.payment_time,
        bo1_0.price,
        bo1_0.seat_name,
        bo1_0.status,
        bo1_0.time_slot,
        bo1_0.updated_at,
        bo1_0.user_id 
    from
        booking_orders bo1_0 
    where
        bo1_0.status=?
2026-01-22 10:00:00.051 - 
    select
        bo1_0.id,
        bo1_0.cabin_name,
        bo1_0.consume_time,
        bo1_0.created_at,
        bo1_0.date,
        bo1_0.order_no,
        bo1_0.original_price,
        bo1_0.payment_method,
        bo1_0.payment_order_id,
        bo1_0.payment_status,
        bo1_0.payment_time,
        bo1_0.price,
        bo1_0.seat_name,
        bo1_0.status,
        bo1_0.time_slot,
        bo1_0.updated_at,
        bo1_0.user_id 
    from
        booking_orders bo1_0 
    where
        bo1_0.status=?
2026-01-22 10:05:00.045 - 
    select
        bo1_0.id,
        bo1_0.cabin_name,
        bo1_0.consume_time,
        bo1_0.created_at,
        bo1_0.date,
        bo1_0.order_no,
        bo1_0.original_price,
        bo1_0.payment_method,
        bo1_0.payment_order_id,
        bo1_0.payment_status,
        bo1_0.payment_time,
        bo1_0.price,
        bo1_0.seat_name,
        bo1_0.status,
        bo1_0.time_slot,
        bo1_0.updated_at,
        bo1_0.user_id 
    from
        booking_orders bo1_0 
    where
        bo1_0.status=?
2026-01-22 10:10:00.044 - 
    select
        bo1_0.id,
        bo1_0.cabin_name,
        bo1_0.consume_time,
        bo1_0.created_at,
        bo1_0.date,
        bo1_0.order_no,
        bo1_0.original_price,
        bo1_0.payment_method,
        bo1_0.payment_order_id,
        bo1_0.payment_status,
        bo1_0.payment_time,
        bo1_0.price,
        bo1_0.seat_name,
        bo1_0.status,
        bo1_0.time_slot,
        bo1_0.updated_at,
        bo1_0.user_id 
    from
        booking_orders bo1_0 
    where
        bo1_0.status=?
2026-01-22 10:15:00.034 - 
    select
        bo1_0.id,
        bo1_0.cabin_name,
        bo1_0.consume_time,
        bo1_0.created_at,
        bo1_0.date,
        bo1_0.order_no,
        bo1_0.original_price,
        bo1_0.payment_method,
        bo1_0.payment_order_id,
        bo1_0.payment_status,
        bo1_0.payment_time,
        bo1_0.price,
        bo1_0.seat_name,
        bo1_0.status,
        bo1_0.time_slot,
        bo1_0.updated_at,
        bo1_0.user_id 
    from
        booking_orders bo1_0 
    where
        bo1_0.status=?
2026-01-22 10:20:00.032 - 
    select
        bo1_0.id,
        bo1_0.cabin_name,
        bo1_0.consume_time,
        bo1_0.created_at,
        bo1_0.date,
        bo1_0.order_no,
        bo1_0.original_price,
        bo1_0.payment_method,
        bo1_0.payment_order_id,
        bo1_0.payment_status,
        bo1_0.payment_time,
        bo1_0.price,
        bo1_0.seat_name,
        bo1_0.status,
        bo1_0.time_slot,
        bo1_0.updated_at,
        bo1_0.user_id 
    from
        booking_orders bo1_0 
    where
        bo1_0.status=?
2026-01-22 10:25:00.043 - 
    select
        bo1_0.id,
        bo1_0.cabin_name,
        bo1_0.consume_time,
        bo1_0.created_at,
        bo1_0.date,
        bo1_0.order_no,
        bo1_0.original_price,
        bo1_0.payment_method,
        bo1_0.payment_order_id,
        bo1_0.payment_status,
        bo1_0.payment_time,
        bo1_0.price,
        bo1_0.seat_name,
        bo1_0.status,
        bo1_0.time_slot,
        bo1_0.updated_at,
        bo1_0.user_id 
    from
        booking_orders bo1_0 
    where
        bo1_0.status=?
2026-01-22 10:30:00.032 - 
    select
        bo1_0.id,
        bo1_0.cabin_name,
        bo1_0.consume_time,
        bo1_0.created_at,
        bo1_0.date,
        bo1_0.order_no,
        bo1_0.original_price,
        bo1_0.payment_method,
        bo1_0.payment_order_id,
        bo1_0.payment_status,
        bo1_0.payment_time,
        bo1_0.price,
        bo1_0.seat_name,
        bo1_0.status,
        bo1_0.time_slot,
        bo1_0.updated_at,
        bo1_0.user_id 
    from
        booking_orders bo1_0 
    where
        bo1_0.status=?
2026-01-22 10:35:00.039 - 
    select
        bo1_0.id,
        bo1_0.cabin_name,
        bo1_0.consume_time,
        bo1_0.created_at,
        bo1_0.date,
        bo1_0.order_no,
        bo1_0.original_price,
        bo1_0.payment_method,
        bo1_0.payment_order_id,
        bo1_0.payment_status,
        bo1_0.payment_time,
        bo1_0.price,
        bo1_0.seat_name,
        bo1_0.status,
        bo1_0.time_slot,
        bo1_0.updated_at,
        bo1_0.user_id 
    from
        booking_orders bo1_0 
    where
        bo1_0.status=?
2026-01-22 10:40:00.035 - 
    select
        bo1_0.id,
        bo1_0.cabin_name,
        bo1_0.consume_time,
        bo1_0.created_at,
        bo1_0.date,
        bo1_0.order_no,
        bo1_0.original_price,
        bo1_0.payment_method,
        bo1_0.payment_order_id,
        bo1_0.payment_status,
        bo1_0.payment_time,
        bo1_0.price,
        bo1_0.seat_name,
        bo1_0.status,
        bo1_0.time_slot,
        bo1_0.updated_at,
        bo1_0.user_id 
    from
        booking_orders bo1_0 
    where
        bo1_0.status=?
2026-01-22 10:45:00.046 - 
    select
        bo1_0.id,
        bo1_0.cabin_name,
        bo1_0.consume_time,
        bo1_0.created_at,
        bo1_0.date,
        bo1_0.order_no,
        bo1_0.original_price,
        bo1_0.payment_method,
        bo1_0.payment_order_id,
        bo1_0.payment_status,
        bo1_0.payment_time,
        bo1_0.price,
        bo1_0.seat_name,
        bo1_0.status,
        bo1_0.time_slot,
        bo1_0.updated_at,
        bo1_0.user_id 
    from
        booking_orders bo1_0 
    where
        bo1_0.status=?
2026-01-22 10:50:00.039 - 
    select
        bo1_0.id,
        bo1_0.cabin_name,
        bo1_0.consume_time,
        bo1_0.created_at,
        bo1_0.date,
        bo1_0.order_no,
        bo1_0.original_price,
        bo1_0.payment_method,
        bo1_0.payment_order_id,
        bo1_0.payment_status,
        bo1_0.payment_time,
        bo1_0.price,
        bo1_0.seat_name,
        bo1_0.status,
        bo1_0.time_slot,
        bo1_0.updated_at,
        bo1_0.user_id 
    from
        booking_orders bo1_0 
    where
        bo1_0.status=?
2026-01-22 10:55:00.036 - 
    select
        bo1_0.id,
        bo1_0.cabin_name,
        bo1_0.consume_time,
        bo1_0.created_at,
        bo1_0.date,
        bo1_0.order_no,
        bo1_0.original_price,
        bo1_0.payment_method,
        bo1_0.payment_order_id,
        bo1_0.payment_status,
        bo1_0.payment_time,
        bo1_0.price,
        bo1_0.seat_name,
        bo1_0.status,
        bo1_0.time_slot,
        bo1_0.updated_at,
        bo1_0.user_id 
    from
        booking_orders bo1_0 
    where
        bo1_0.status=?
2026-01-22 11:00:00.038 - 
    select
        bo1_0.id,
        bo1_0.cabin_name,
        bo1_0.consume_time,
        bo1_0.created_at,
        bo1_0.date,
        bo1_0.order_no,
        bo1_0.original_price,
        bo1_0.payment_method,
        bo1_0.payment_order_id,
        bo1_0.payment_status,
        bo1_0.payment_time,
        bo1_0.price,
        bo1_0.seat_name,
        bo1_0.status,
        bo1_0.time_slot,
        bo1_0.updated_at,
        bo1_0.user_id 
    from
        booking_orders bo1_0 
    where
        bo1_0.status=?
2026-01-22 11:05:00.040 - 
    select
        bo1_0.id,
        bo1_0.cabin_name,
        bo1_0.consume_time,
        bo1_0.created_at,
        bo1_0.date,
        bo1_0.order_no,
        bo1_0.original_price,
        bo1_0.payment_method,
        bo1_0.payment_order_id,
        bo1_0.payment_status,
        bo1_0.payment_time,
        bo1_0.price,
        bo1_0.seat_name,
        bo1_0.status,
        bo1_0.time_slot,
        bo1_0.updated_at,
        bo1_0.user_id 
    from
        booking_orders bo1_0 
    where
        bo1_0.status=?
2026-01-22 11:10:00.036 - 
    select
        bo1_0.id,
        bo1_0.cabin_name,
        bo1_0.consume_time,
        bo1_0.created_at,
        bo1_0.date,
        bo1_0.order_no,
        bo1_0.original_price,
        bo1_0.payment_method,
        bo1_0.payment_order_id,
        bo1_0.payment_status,
        bo1_0.payment_time,
        bo1_0.price,
        bo1_0.seat_name,
        bo1_0.status,
        bo1_0.time_slot,
        bo1_0.updated_at,
        bo1_0.user_id 
    from
        booking_orders bo1_0 
    where
        bo1_0.status=?
2026-01-22 11:15:00.025 - 
    select
        bo1_0.id,
        bo1_0.cabin_name,
        bo1_0.consume_time,
        bo1_0.created_at,
        bo1_0.date,
        bo1_0.order_no,
        bo1_0.original_price,
        bo1_0.payment_method,
        bo1_0.payment_order_id,
        bo1_0.payment_status,
        bo1_0.payment_time,
        bo1_0.price,
        bo1_0.seat_name,
        bo1_0.status,
        bo1_0.time_slot,
        bo1_0.updated_at,
        bo1_0.user_id 
    from
        booking_orders bo1_0 
    where
        bo1_0.status=?
2026-01-22 11:20:00.039 - 
    select
        bo1_0.id,
        bo1_0.cabin_name,
        bo1_0.consume_time,
        bo1_0.created_at,
        bo1_0.date,
        bo1_0.order_no,
        bo1_0.original_price,
        bo1_0.payment_method,
        bo1_0.payment_order_id,
        bo1_0.payment_status,
        bo1_0.payment_time,
        bo1_0.price,
        bo1_0.seat_name,
        bo1_0.status,
        bo1_0.time_slot,
        bo1_0.updated_at,
        bo1_0.user_id 
    from
        booking_orders bo1_0 
    where
        bo1_0.status=?
2026-01-22 11:25:00.027 - 
    select
        bo1_0.id,
        bo1_0.cabin_name,
        bo1_0.consume_time,
        bo1_0.created_at,
        bo1_0.date,
        bo1_0.order_no,
        bo1_0.original_price,
        bo1_0.payment_method,
        bo1_0.payment_order_id,
        bo1_0.payment_status,
        bo1_0.payment_time,
        bo1_0.price,
        bo1_0.seat_name,
        bo1_0.status,
        bo1_0.time_slot,
        bo1_0.updated_at,
        bo1_0.user_id 
    from
        booking_orders bo1_0 
    where
        bo1_0.status=?
2026-01-22 11:29:59.742 - 
    select
        bo1_0.id,
        bo1_0.cabin_name,
        bo1_0.consume_time,
        bo1_0.created_at,
        bo1_0.date,
        bo1_0.order_no,
        bo1_0.original_price,
        bo1_0.payment_method,
        bo1_0.payment_order_id,
        bo1_0.payment_status,
        bo1_0.payment_time,
        bo1_0.price,
        bo1_0.seat_name,
        bo1_0.status,
        bo1_0.time_slot,
        bo1_0.updated_at,
        bo1_0.user_id 
    from
        booking_orders bo1_0 
    where
        bo1_0.status=?
2026-01-22 11:35:00.039 - 
    select
        bo1_0.id,
        bo1_0.cabin_name,
        bo1_0.consume_time,
        bo1_0.created_at,
        bo1_0.date,
        bo1_0.order_no,
        bo1_0.original_price,
        bo1_0.payment_method,
        bo1_0.payment_order_id,
        bo1_0.payment_status,
        bo1_0.payment_time,
        bo1_0.price,
        bo1_0.seat_name,
        bo1_0.status,
        bo1_0.time_slot,
        bo1_0.updated_at,
        bo1_0.user_id 
    from
        booking_orders bo1_0 
    where
        bo1_0.status=?
2026-01-22 11:55:13.565 - 
    alter table booking_orders 
       modify column payment_status varchar(255)
2026-01-22 11:55:13.600 - 
    alter table booking_orders 
       modify column status varchar(255) not null
2026-01-22 11:55:13.609 - 
    alter table invitations 
       modify column status varchar(20) not null
2026-01-22 11:55:13.619 - 
    alter table payment_orders 
       modify column card_status varchar(255)
2026-01-22 11:55:13.627 - 
    alter table payment_orders 
       modify column payment_method varchar(255)
2026-01-22 11:55:13.635 - 
    alter table payment_orders 
       modify column status varchar(255) not null
2026-01-22 11:55:13.640 - 
    alter table payment_orders 
       modify column transaction_type varchar(255)
2026-01-22 11:55:13.646 - 
    alter table staffs 
       modify column status varchar(255)
2026-01-22 11:55:13.654 - 
    alter table users 
       modify column role varchar(255)
2026-01-22 11:55:14.276 - 
    select
        mp1_0.id,
        mp1_0.avg_price_per_time,
        mp1_0.badge,
        mp1_0.category,
        mp1_0.code,
        mp1_0.description,
        mp1_0.features,
        mp1_0.is_active,
        mp1_0.name,
        mp1_0.people,
        mp1_0.price,
        mp1_0.sort_order,
        mp1_0.times_per_person,
        mp1_0.validity_days 
    from
        member_packages mp1_0 
    where
        mp1_0.code=?
2026-01-22 11:55:14.281 - 
    select
        mp1_0.id,
        mp1_0.avg_price_per_time,
        mp1_0.badge,
        mp1_0.category,
        mp1_0.code,
        mp1_0.description,
        mp1_0.features,
        mp1_0.is_active,
        mp1_0.name,
        mp1_0.people,
        mp1_0.price,
        mp1_0.sort_order,
        mp1_0.times_per_person,
        mp1_0.validity_days 
    from
        member_packages mp1_0 
    where
        mp1_0.code=?
2026-01-22 11:55:14.283 - 
    select
        mp1_0.id,
        mp1_0.avg_price_per_time,
        mp1_0.badge,
        mp1_0.category,
        mp1_0.code,
        mp1_0.description,
        mp1_0.features,
        mp1_0.is_active,
        mp1_0.name,
        mp1_0.people,
        mp1_0.price,
        mp1_0.sort_order,
        mp1_0.times_per_person,
        mp1_0.validity_days 
    from
        member_packages mp1_0 
    where
        mp1_0.code=?
2026-01-22 11:55:14.283 - 
    select
        mp1_0.id,
        mp1_0.avg_price_per_time,
        mp1_0.badge,
        mp1_0.category,
        mp1_0.code,
        mp1_0.description,
        mp1_0.features,
        mp1_0.is_active,
        mp1_0.name,
        mp1_0.people,
        mp1_0.price,
        mp1_0.sort_order,
        mp1_0.times_per_person,
        mp1_0.validity_days 
    from
        member_packages mp1_0 
    where
        mp1_0.code=?
2026-01-22 11:55:14.284 - 
    select
        mp1_0.id,
        mp1_0.avg_price_per_time,
        mp1_0.badge,
        mp1_0.category,
        mp1_0.code,
        mp1_0.description,
        mp1_0.features,
        mp1_0.is_active,
        mp1_0.name,
        mp1_0.people,
        mp1_0.price,
        mp1_0.sort_order,
        mp1_0.times_per_person,
        mp1_0.validity_days 
    from
        member_packages mp1_0 
    where
        mp1_0.code=?
2026-01-22 11:55:14.285 - 
    select
        mp1_0.id,
        mp1_0.avg_price_per_time,
        mp1_0.badge,
        mp1_0.category,
        mp1_0.code,
        mp1_0.description,
        mp1_0.features,
        mp1_0.is_active,
        mp1_0.name,
        mp1_0.people,
        mp1_0.price,
        mp1_0.sort_order,
        mp1_0.times_per_person,
        mp1_0.validity_days 
    from
        member_packages mp1_0 
    where
        mp1_0.code=?
2026-01-22 11:55:14.286 - 
    select
        mp1_0.id,
        mp1_0.avg_price_per_time,
        mp1_0.badge,
        mp1_0.category,
        mp1_0.code,
        mp1_0.description,
        mp1_0.features,
        mp1_0.is_active,
        mp1_0.name,
        mp1_0.people,
        mp1_0.price,
        mp1_0.sort_order,
        mp1_0.times_per_person,
        mp1_0.validity_days 
    from
        member_packages mp1_0 
    where
        mp1_0.code=?
2026-01-22 11:55:14.287 - 
    select
        mp1_0.id,
        mp1_0.avg_price_per_time,
        mp1_0.badge,
        mp1_0.category,
        mp1_0.code,
        mp1_0.description,
        mp1_0.features,
        mp1_0.is_active,
        mp1_0.name,
        mp1_0.people,
        mp1_0.price,
        mp1_0.sort_order,
        mp1_0.times_per_person,
        mp1_0.validity_days 
    from
        member_packages mp1_0 
    where
        mp1_0.code=?
2026-01-22 11:55:14.287 - 
    select
        mp1_0.id,
        mp1_0.avg_price_per_time,
        mp1_0.badge,
        mp1_0.category,
        mp1_0.code,
        mp1_0.description,
        mp1_0.features,
        mp1_0.is_active,
        mp1_0.name,
        mp1_0.people,
        mp1_0.price,
        mp1_0.sort_order,
        mp1_0.times_per_person,
        mp1_0.validity_days 
    from
        member_packages mp1_0 
    where
        mp1_0.code=?
2026-01-22 11:55:14.288 - 
    select
        mp1_0.id,
        mp1_0.avg_price_per_time,
        mp1_0.badge,
        mp1_0.category,
        mp1_0.code,
        mp1_0.description,
        mp1_0.features,
        mp1_0.is_active,
        mp1_0.name,
        mp1_0.people,
        mp1_0.price,
        mp1_0.sort_order,
        mp1_0.times_per_person,
        mp1_0.validity_days 
    from
        member_packages mp1_0 
    where
        mp1_0.code=?
2026-01-22 11:56:13.235 - 
    select
        mp1_0.id,
        mp1_0.avg_price_per_time,
        mp1_0.badge,
        mp1_0.category,
        mp1_0.code,
        mp1_0.description,
        mp1_0.features,
        mp1_0.is_active,
        mp1_0.name,
        mp1_0.people,
        mp1_0.price,
        mp1_0.sort_order,
        mp1_0.times_per_person,
        mp1_0.validity_days 
    from
        member_packages mp1_0 
    where
        mp1_0.category=? 
        and mp1_0.is_active 
    order by
        mp1_0.sort_order
2026-01-22 11:56:13.268 - 
    select
        mp1_0.id,
        mp1_0.avg_price_per_time,
        mp1_0.badge,
        mp1_0.category,
        mp1_0.code,
        mp1_0.description,
        mp1_0.features,
        mp1_0.is_active,
        mp1_0.name,
        mp1_0.people,
        mp1_0.price,
        mp1_0.sort_order,
        mp1_0.times_per_person,
        mp1_0.validity_days 
    from
        member_packages mp1_0 
    where
        mp1_0.category=? 
        and mp1_0.is_active 
    order by
        mp1_0.sort_order
2026-01-22 11:56:17.683 - 
    select
        po1_0.id,
        po1_0.card_end_date,
        po1_0.card_start_date,
        po1_0.card_status,
        po1_0.created_at,
        po1_0.order_no,
        po1_0.package_id,
        po1_0.package_name,
        po1_0.payment_method,
        po1_0.payment_time,
        po1_0.price,
        po1_0.remaining_times,
        po1_0.staff_id,
        po1_0.staff_name,
        po1_0.status,
        po1_0.transaction_type,
        po1_0.updated_at,
        po1_0.user_id 
    from
        payment_orders po1_0 
    where
        po1_0.user_id=?
2026-01-22 11:56:17.695 - 
    select
        u1_0.id,
        u1_0.avatar_url,
        u1_0.created_at,
        u1_0.last_login_time,
        u1_0.member_expire_time,
        u1_0.member_level,
        u1_0.nickname,
        u1_0.openid,
        u1_0.phone,
        u1_0.points,
        u1_0.remaining_visits,
        u1_0.role,
        u1_0.total_visits,
        u1_0.updated_at 
    from
        users u1_0 
    where
        u1_0.id=?
2026-01-22 11:56:17.695 - 
    select
        u1_0.id,
        u1_0.avatar_url,
        u1_0.created_at,
        u1_0.last_login_time,
        u1_0.member_expire_time,
        u1_0.member_level,
        u1_0.nickname,
        u1_0.openid,
        u1_0.phone,
        u1_0.points,
        u1_0.remaining_visits,
        u1_0.role,
        u1_0.total_visits,
        u1_0.updated_at 
    from
        users u1_0 
    where
        u1_0.id=?
2026-01-22 11:56:17.695 - 
    select
        mp1_0.id,
        mp1_0.avg_price_per_time,
        mp1_0.badge,
        mp1_0.category,
        mp1_0.code,
        mp1_0.description,
        mp1_0.features,
        mp1_0.is_active,
        mp1_0.name,
        mp1_0.people,
        mp1_0.price,
        mp1_0.sort_order,
        mp1_0.times_per_person,
        mp1_0.validity_days 
    from
        member_packages mp1_0 
    where
        mp1_0.id=?
2026-01-22 11:56:17.698 - 
    select
        bo1_0.id,
        bo1_0.cabin_name,
        bo1_0.consume_time,
        bo1_0.created_at,
        bo1_0.date,
        bo1_0.order_no,
        bo1_0.original_price,
        bo1_0.payment_method,
        bo1_0.payment_order_id,
        bo1_0.payment_status,
        bo1_0.payment_time,
        bo1_0.price,
        bo1_0.seat_name,
        bo1_0.status,
        bo1_0.time_slot,
        bo1_0.updated_at,
        bo1_0.user_id 
    from
        booking_orders bo1_0 
    where
        bo1_0.user_id=? 
    order by
        bo1_0.created_at desc
2026-01-22 11:56:17.698 - 
    select
        mp1_0.id,
        mp1_0.avg_price_per_time,
        mp1_0.badge,
        mp1_0.category,
        mp1_0.code,
        mp1_0.description,
        mp1_0.features,
        mp1_0.is_active,
        mp1_0.name,
        mp1_0.people,
        mp1_0.price,
        mp1_0.sort_order,
        mp1_0.times_per_person,
        mp1_0.validity_days 
    from
        member_packages mp1_0 
    where
        mp1_0.id=?
2026-01-22 11:56:17.698 - 
    select
        po1_0.id,
        po1_0.card_end_date,
        po1_0.card_start_date,
        po1_0.card_status,
        po1_0.created_at,
        po1_0.order_no,
        po1_0.package_id,
        po1_0.package_name,
        po1_0.payment_method,
        po1_0.payment_time,
        po1_0.price,
        po1_0.remaining_times,
        po1_0.staff_id,
        po1_0.staff_name,
        po1_0.status,
        po1_0.transaction_type,
        po1_0.updated_at,
        po1_0.user_id 
    from
        payment_orders po1_0 
    where
        po1_0.user_id=? 
        and po1_0.status=?
2026-01-22 11:56:17.700 - 
    select
        mp1_0.id,
        mp1_0.avg_price_per_time,
        mp1_0.badge,
        mp1_0.category,
        mp1_0.code,
        mp1_0.description,
        mp1_0.features,
        mp1_0.is_active,
        mp1_0.name,
        mp1_0.people,
        mp1_0.price,
        mp1_0.sort_order,
        mp1_0.times_per_person,
        mp1_0.validity_days 
    from
        member_packages mp1_0 
    where
        mp1_0.id=?
2026-01-22 11:56:17.703 - 
    select
        mp1_0.id,
        mp1_0.avg_price_per_time,
        mp1_0.badge,
        mp1_0.category,
        mp1_0.code,
        mp1_0.description,
        mp1_0.features,
        mp1_0.is_active,
        mp1_0.name,
        mp1_0.people,
        mp1_0.price,
        mp1_0.sort_order,
        mp1_0.times_per_person,
        mp1_0.validity_days 
    from
        member_packages mp1_0 
    where
        mp1_0.id=?
2026-01-22 11:56:17.706 - 
    select
        mp1_0.id,
        mp1_0.avg_price_per_time,
        mp1_0.badge,
        mp1_0.category,
        mp1_0.code,
        mp1_0.description,
        mp1_0.features,
        mp1_0.is_active,
        mp1_0.name,
        mp1_0.people,
        mp1_0.price,
        mp1_0.sort_order,
        mp1_0.times_per_person,
        mp1_0.validity_days 
    from
        member_packages mp1_0 
    where
        mp1_0.id=?
2026-01-22 11:56:17.706 - 
    select
        u1_0.id,
        u1_0.avatar_url,
        u1_0.created_at,
        u1_0.last_login_time,
        u1_0.member_expire_time,
        u1_0.member_level,
        u1_0.nickname,
        u1_0.openid,
        u1_0.phone,
        u1_0.points,
        u1_0.remaining_visits,
        u1_0.role,
        u1_0.total_visits,
        u1_0.updated_at 
    from
        users u1_0 
    where
        u1_0.id=?
2026-01-22 11:56:17.708 - 
    select
        po1_0.id,
        po1_0.card_end_date,
        po1_0.card_start_date,
        po1_0.card_status,
        po1_0.created_at,
        po1_0.order_no,
        po1_0.package_id,
        po1_0.package_name,
        po1_0.payment_method,
        po1_0.payment_time,
        po1_0.price,
        po1_0.remaining_times,
        po1_0.staff_id,
        po1_0.staff_name,
        po1_0.status,
        po1_0.transaction_type,
        po1_0.updated_at,
        po1_0.user_id 
    from
        payment_orders po1_0 
    where
        po1_0.user_id=? 
        and po1_0.status=?
2026-01-22 11:56:17.710 - 
    select
        po1_0.id,
        po1_0.card_end_date,
        po1_0.card_start_date,
        po1_0.card_status,
        po1_0.created_at,
        po1_0.order_no,
        po1_0.package_id,
        po1_0.package_name,
        po1_0.payment_method,
        po1_0.payment_time,
        po1_0.price,
        po1_0.remaining_times,
        po1_0.staff_id,
        po1_0.staff_name,
        po1_0.status,
        po1_0.transaction_type,
        po1_0.updated_at,
        po1_0.user_id 
    from
        payment_orders po1_0 
    where
        po1_0.user_id=?
2026-01-22 11:56:17.710 - 
    select
        u1_0.id,
        u1_0.avatar_url,
        u1_0.created_at,
        u1_0.last_login_time,
        u1_0.member_expire_time,
        u1_0.member_level,
        u1_0.nickname,
        u1_0.openid,
        u1_0.phone,
        u1_0.points,
        u1_0.remaining_visits,
        u1_0.role,
        u1_0.total_visits,
        u1_0.updated_at 
    from
        users u1_0 
    where
        u1_0.id=?
2026-01-22 11:56:17.713 - 
    select
        bo1_0.id,
        bo1_0.cabin_name,
        bo1_0.consume_time,
        bo1_0.created_at,
        bo1_0.date,
        bo1_0.order_no,
        bo1_0.original_price,
        bo1_0.payment_method,
        bo1_0.payment_order_id,
        bo1_0.payment_status,
        bo1_0.payment_time,
        bo1_0.price,
        bo1_0.seat_name,
        bo1_0.status,
        bo1_0.time_slot,
        bo1_0.updated_at,
        bo1_0.user_id 
    from
        booking_orders bo1_0 
    where
        bo1_0.user_id=? 
    order by
        bo1_0.created_at desc
2026-01-22 11:56:17.713 - 
    select
        mp1_0.id,
        mp1_0.avg_price_per_time,
        mp1_0.badge,
        mp1_0.category,
        mp1_0.code,
        mp1_0.description,
        mp1_0.features,
        mp1_0.is_active,
        mp1_0.name,
        mp1_0.people,
        mp1_0.price,
        mp1_0.sort_order,
        mp1_0.times_per_person,
        mp1_0.validity_days 
    from
        member_packages mp1_0 
    where
        mp1_0.id=?
2026-01-22 11:56:17.715 - 
    select
        mp1_0.id,
        mp1_0.avg_price_per_time,
        mp1_0.badge,
        mp1_0.category,
        mp1_0.code,
        mp1_0.description,
        mp1_0.features,
        mp1_0.is_active,
        mp1_0.name,
        mp1_0.people,
        mp1_0.price,
        mp1_0.sort_order,
        mp1_0.times_per_person,
        mp1_0.validity_days 
    from
        member_packages mp1_0 
    where
        mp1_0.id=?
2026-01-22 11:56:17.718 - 
    select
        mp1_0.id,
        mp1_0.avg_price_per_time,
        mp1_0.badge,
        mp1_0.category,
        mp1_0.code,
        mp1_0.description,
        mp1_0.features,
        mp1_0.is_active,
        mp1_0.name,
        mp1_0.people,
        mp1_0.price,
        mp1_0.sort_order,
        mp1_0.times_per_person,
        mp1_0.validity_days 
    from
        member_packages mp1_0 
    where
        mp1_0.id=?
2026-01-22 11:56:17.720 - 
    select
        mp1_0.id,
        mp1_0.avg_price_per_time,
        mp1_0.badge,
        mp1_0.category,
        mp1_0.code,
        mp1_0.description,
        mp1_0.features,
        mp1_0.is_active,
        mp1_0.name,
        mp1_0.people,
        mp1_0.price,
        mp1_0.sort_order,
        mp1_0.times_per_person,
        mp1_0.validity_days 
    from
        member_packages mp1_0 
    where
        mp1_0.id=?
2026-01-22 11:56:17.722 - 
    select
        mp1_0.id,
        mp1_0.avg_price_per_time,
        mp1_0.badge,
        mp1_0.category,
        mp1_0.code,
        mp1_0.description,
        mp1_0.features,
        mp1_0.is_active,
        mp1_0.name,
        mp1_0.people,
        mp1_0.price,
        mp1_0.sort_order,
        mp1_0.times_per_person,
        mp1_0.validity_days 
    from
        member_packages mp1_0 
    where
        mp1_0.id=?
2026-01-22 11:56:17.728 - 
    select
        u1_0.id,
        u1_0.avatar_url,
        u1_0.created_at,
        u1_0.last_login_time,
        u1_0.member_expire_time,
        u1_0.member_level,
        u1_0.nickname,
        u1_0.openid,
        u1_0.phone,
        u1_0.points,
        u1_0.remaining_visits,
        u1_0.role,
        u1_0.total_visits,
        u1_0.updated_at 
    from
        users u1_0 
    where
        u1_0.id=?
2026-01-22 11:56:17.731 - 
    select
        po1_0.id,
        po1_0.card_end_date,
        po1_0.card_start_date,
        po1_0.card_status,
        po1_0.created_at,
        po1_0.order_no,
        po1_0.package_id,
        po1_0.package_name,
        po1_0.payment_method,
        po1_0.payment_time,
        po1_0.price,
        po1_0.remaining_times,
        po1_0.staff_id,
        po1_0.staff_name,
        po1_0.status,
        po1_0.transaction_type,
        po1_0.updated_at,
        po1_0.user_id 
    from
        payment_orders po1_0 
    where
        po1_0.user_id=? 
        and po1_0.status=?
2026-01-22 11:56:17.745 - 
    select
        u1_0.id,
        u1_0.avatar_url,
        u1_0.created_at,
        u1_0.last_login_time,
        u1_0.member_expire_time,
        u1_0.member_level,
        u1_0.nickname,
        u1_0.openid,
        u1_0.phone,
        u1_0.points,
        u1_0.remaining_visits,
        u1_0.role,
        u1_0.total_visits,
        u1_0.updated_at 
    from
        users u1_0 
    where
        u1_0.id=?
2026-01-22 11:56:17.747 - 
    select
        po1_0.id,
        po1_0.card_end_date,
        po1_0.card_start_date,
        po1_0.card_status,
        po1_0.created_at,
        po1_0.order_no,
        po1_0.package_id,
        po1_0.package_name,
        po1_0.payment_method,
        po1_0.payment_time,
        po1_0.price,
        po1_0.remaining_times,
        po1_0.staff_id,
        po1_0.staff_name,
        po1_0.status,
        po1_0.transaction_type,
        po1_0.updated_at,
        po1_0.user_id 
    from
        payment_orders po1_0 
    where
        po1_0.user_id=? 
        and po1_0.status=?
2026-01-22 11:56:20.122 - 
    select
        mp1_0.id,
        mp1_0.avg_price_per_time,
        mp1_0.badge,
        mp1_0.category,
        mp1_0.code,
        mp1_0.description,
        mp1_0.features,
        mp1_0.is_active,
        mp1_0.name,
        mp1_0.people,
        mp1_0.price,
        mp1_0.sort_order,
        mp1_0.times_per_person,
        mp1_0.validity_days 
    from
        member_packages mp1_0 
    where
        mp1_0.category=? 
        and mp1_0.is_active 
    order by
        mp1_0.sort_order
2026-01-22 11:56:20.128 - 
    select
        mp1_0.id,
        mp1_0.avg_price_per_time,
        mp1_0.badge,
        mp1_0.category,
        mp1_0.code,
        mp1_0.description,
        mp1_0.features,
        mp1_0.is_active,
        mp1_0.name,
        mp1_0.people,
        mp1_0.price,
        mp1_0.sort_order,
        mp1_0.times_per_person,
        mp1_0.validity_days 
    from
        member_packages mp1_0 
    where
        mp1_0.category=? 
        and mp1_0.is_active 
    order by
        mp1_0.sort_order
2026-01-22 11:56:21.606 - 
    select
        mp1_0.id,
        mp1_0.avg_price_per_time,
        mp1_0.badge,
        mp1_0.category,
        mp1_0.code,
        mp1_0.description,
        mp1_0.features,
        mp1_0.is_active,
        mp1_0.name,
        mp1_0.people,
        mp1_0.price,
        mp1_0.sort_order,
        mp1_0.times_per_person,
        mp1_0.validity_days 
    from
        member_packages mp1_0 
    where
        mp1_0.category=? 
        and mp1_0.is_active 
    order by
        mp1_0.sort_order
2026-01-22 11:56:24.292 - 
    select
        po1_0.id,
        po1_0.card_end_date,
        po1_0.card_start_date,
        po1_0.card_status,
        po1_0.created_at,
        po1_0.order_no,
        po1_0.package_id,
        po1_0.package_name,
        po1_0.payment_method,
        po1_0.payment_time,
        po1_0.price,
        po1_0.remaining_times,
        po1_0.staff_id,
        po1_0.staff_name,
        po1_0.status,
        po1_0.transaction_type,
        po1_0.updated_at,
        po1_0.user_id 
    from
        payment_orders po1_0 
    where
        po1_0.user_id=?
2026-01-22 11:56:24.295 - 
    select
        mp1_0.id,
        mp1_0.avg_price_per_time,
        mp1_0.badge,
        mp1_0.category,
        mp1_0.code,
        mp1_0.description,
        mp1_0.features,
        mp1_0.is_active,
        mp1_0.name,
        mp1_0.people,
        mp1_0.price,
        mp1_0.sort_order,
        mp1_0.times_per_person,
        mp1_0.validity_days 
    from
        member_packages mp1_0 
    where
        mp1_0.id=?
2026-01-22 11:56:24.297 - 
    select
        mp1_0.id,
        mp1_0.avg_price_per_time,
        mp1_0.badge,
        mp1_0.category,
        mp1_0.code,
        mp1_0.description,
        mp1_0.features,
        mp1_0.is_active,
        mp1_0.name,
        mp1_0.people,
        mp1_0.price,
        mp1_0.sort_order,
        mp1_0.times_per_person,
        mp1_0.validity_days 
    from
        member_packages mp1_0 
    where
        mp1_0.id=?
2026-01-22 11:56:24.299 - 
    select
        mp1_0.id,
        mp1_0.avg_price_per_time,
        mp1_0.badge,
        mp1_0.category,
        mp1_0.code,
        mp1_0.description,
        mp1_0.features,
        mp1_0.is_active,
        mp1_0.name,
        mp1_0.people,
        mp1_0.price,
        mp1_0.sort_order,
        mp1_0.times_per_person,
        mp1_0.validity_days 
    from
        member_packages mp1_0 
    where
        mp1_0.id=?
2026-01-22 11:56:24.302 - 
    select
        mp1_0.id,
        mp1_0.avg_price_per_time,
        mp1_0.badge,
        mp1_0.category,
        mp1_0.code,
        mp1_0.description,
        mp1_0.features,
        mp1_0.is_active,
        mp1_0.name,
        mp1_0.people,
        mp1_0.price,
        mp1_0.sort_order,
        mp1_0.times_per_person,
        mp1_0.validity_days 
    from
        member_packages mp1_0 
    where
        mp1_0.id=?
2026-01-22 11:56:24.304 - 
    select
        mp1_0.id,
        mp1_0.avg_price_per_time,
        mp1_0.badge,
        mp1_0.category,
        mp1_0.code,
        mp1_0.description,
        mp1_0.features,
        mp1_0.is_active,
        mp1_0.name,
        mp1_0.people,
        mp1_0.price,
        mp1_0.sort_order,
        mp1_0.times_per_person,
        mp1_0.validity_days 
    from
        member_packages mp1_0 
    where
        mp1_0.id=?
2026-01-22 11:56:24.315 - 
    select
        u1_0.id,
        u1_0.avatar_url,
        u1_0.created_at,
        u1_0.last_login_time,
        u1_0.member_expire_time,
        u1_0.member_level,
        u1_0.nickname,
        u1_0.openid,
        u1_0.phone,
        u1_0.points,
        u1_0.remaining_visits,
        u1_0.role,
        u1_0.total_visits,
        u1_0.updated_at 
    from
        users u1_0 
    where
        u1_0.id=?
2026-01-22 11:56:24.318 - 
    select
        po1_0.id,
        po1_0.card_end_date,
        po1_0.card_start_date,
        po1_0.card_status,
        po1_0.created_at,
        po1_0.order_no,
        po1_0.package_id,
        po1_0.package_name,
        po1_0.payment_method,
        po1_0.payment_time,
        po1_0.price,
        po1_0.remaining_times,
        po1_0.staff_id,
        po1_0.staff_name,
        po1_0.status,
        po1_0.transaction_type,
        po1_0.updated_at,
        po1_0.user_id 
    from
        payment_orders po1_0 
    where
        po1_0.user_id=? 
        and po1_0.status=?
2026-01-22 11:56:24.332 - 
    select
        s1_0.id,
        s1_0.created_at,
        s1_0.last_login_time,
        s1_0.name,
        s1_0.password,
        s1_0.phone,
        s1_0.status,
        s1_0.updated_at,
        s1_0.username 
    from
        staffs s1_0 
    where
        s1_0.status=?
2026-01-22 11:56:30.803 - 
    select
        u1_0.id,
        u1_0.avatar_url,
        u1_0.created_at,
        u1_0.last_login_time,
        u1_0.member_expire_time,
        u1_0.member_level,
        u1_0.nickname,
        u1_0.openid,
        u1_0.phone,
        u1_0.points,
        u1_0.remaining_visits,
        u1_0.role,
        u1_0.total_visits,
        u1_0.updated_at 
    from
        users u1_0 
    where
        u1_0.id=?
2026-01-22 11:56:30.806 - 
    select
        mp1_0.id,
        mp1_0.avg_price_per_time,
        mp1_0.badge,
        mp1_0.category,
        mp1_0.code,
        mp1_0.description,
        mp1_0.features,
        mp1_0.is_active,
        mp1_0.name,
        mp1_0.people,
        mp1_0.price,
        mp1_0.sort_order,
        mp1_0.times_per_person,
        mp1_0.validity_days 
    from
        member_packages mp1_0 
    where
        mp1_0.id=?
2026-01-22 11:56:30.809 - 
    select
        po1_0.id,
        po1_0.card_end_date,
        po1_0.card_start_date,
        po1_0.card_status,
        po1_0.created_at,
        po1_0.order_no,
        po1_0.package_id,
        po1_0.package_name,
        po1_0.payment_method,
        po1_0.payment_time,
        po1_0.price,
        po1_0.remaining_times,
        po1_0.staff_id,
        po1_0.staff_name,
        po1_0.status,
        po1_0.transaction_type,
        po1_0.updated_at,
        po1_0.user_id 
    from
        payment_orders po1_0 
    where
        po1_0.user_id=? 
        and po1_0.status=?
2026-01-22 11:56:30.823 - 
    insert 
    into
        payment_orders
        (card_end_date, card_start_date, card_status, created_at, order_no, package_id, package_name, payment_method, payment_time, price, remaining_times, staff_id, staff_name, status, transaction_type, updated_at, user_id) 
    values
        (?, ?, ?, ?, ?, ?, ?, ?, ?, ?, ?, ?, ?, ?, ?, ?, ?)
2026-01-22 11:56:30.849 - 
    select
        po1_0.id,
        po1_0.card_end_date,
        po1_0.card_start_date,
        po1_0.card_status,
        po1_0.created_at,
        po1_0.order_no,
        po1_0.package_id,
        po1_0.package_name,
        po1_0.payment_method,
        po1_0.payment_time,
        po1_0.price,
        po1_0.remaining_times,
        po1_0.staff_id,
        po1_0.staff_name,
        po1_0.status,
        po1_0.transaction_type,
        po1_0.updated_at,
        po1_0.user_id 
    from
        payment_orders po1_0 
    where
        po1_0.id=?
2026-01-22 11:56:30.850 - 
    select
        u1_0.id,
        u1_0.avatar_url,
        u1_0.created_at,
        u1_0.last_login_time,
        u1_0.member_expire_time,
        u1_0.member_level,
        u1_0.nickname,
        u1_0.openid,
        u1_0.phone,
        u1_0.points,
        u1_0.remaining_visits,
        u1_0.role,
        u1_0.total_visits,
        u1_0.updated_at 
    from
        users u1_0 
    where
        u1_0.id=?
2026-01-22 11:56:31.583 - 
    select
        po1_0.id,
        po1_0.card_end_date,
        po1_0.card_start_date,
        po1_0.card_status,
        po1_0.created_at,
        po1_0.order_no,
        po1_0.package_id,
        po1_0.package_name,
        po1_0.payment_method,
        po1_0.payment_time,
        po1_0.price,
        po1_0.remaining_times,
        po1_0.staff_id,
        po1_0.staff_name,
        po1_0.status,
        po1_0.transaction_type,
        po1_0.updated_at,
        po1_0.user_id 
    from
        payment_orders po1_0 
    where
        po1_0.id=?
2026-01-22 11:56:31.589 - 
    select
        mp1_0.id,
        mp1_0.avg_price_per_time,
        mp1_0.badge,
        mp1_0.category,
        mp1_0.code,
        mp1_0.description,
        mp1_0.features,
        mp1_0.is_active,
        mp1_0.name,
        mp1_0.people,
        mp1_0.price,
        mp1_0.sort_order,
        mp1_0.times_per_person,
        mp1_0.validity_days 
    from
        member_packages mp1_0 
    where
        mp1_0.id=?
2026-01-22 11:56:31.591 - 
    select
        u1_0.id,
        u1_0.avatar_url,
        u1_0.created_at,
        u1_0.last_login_time,
        u1_0.member_expire_time,
        u1_0.member_level,
        u1_0.nickname,
        u1_0.openid,
        u1_0.phone,
        u1_0.points,
        u1_0.remaining_visits,
        u1_0.role,
        u1_0.total_visits,
        u1_0.updated_at 
    from
        users u1_0 
    where
        u1_0.id=?
2026-01-22 11:56:31.602 - 
    update
        payment_orders 
    set
        card_end_date=?,
        card_start_date=?,
        card_status=?,
        created_at=?,
        order_no=?,
        package_id=?,
        package_name=?,
        payment_method=?,
        payment_time=?,
        price=?,
        remaining_times=?,
        staff_id=?,
        staff_name=?,
        status=?,
        transaction_type=?,
        updated_at=?,
        user_id=? 
    where
        id=?
2026-01-22 11:56:31.604 - 
    update
        users 
    set
        avatar_url=?,
        created_at=?,
        last_login_time=?,
        member_expire_time=?,
        member_level=?,
        nickname=?,
        openid=?,
        phone=?,
        points=?,
        remaining_visits=?,
        role=?,
        total_visits=?,
        updated_at=? 
    where
        id=?
2026-01-22 11:56:33.899 - 
    select
        u1_0.id,
        u1_0.avatar_url,
        u1_0.created_at,
        u1_0.last_login_time,
        u1_0.member_expire_time,
        u1_0.member_level,
        u1_0.nickname,
        u1_0.openid,
        u1_0.phone,
        u1_0.points,
        u1_0.remaining_visits,
        u1_0.role,
        u1_0.total_visits,
        u1_0.updated_at 
    from
        users u1_0 
    where
        u1_0.id=?
2026-01-22 11:56:33.899 - 
    select
        po1_0.id,
        po1_0.card_end_date,
        po1_0.card_start_date,
        po1_0.card_status,
        po1_0.created_at,
        po1_0.order_no,
        po1_0.package_id,
        po1_0.package_name,
        po1_0.payment_method,
        po1_0.payment_time,
        po1_0.price,
        po1_0.remaining_times,
        po1_0.staff_id,
        po1_0.staff_name,
        po1_0.status,
        po1_0.transaction_type,
        po1_0.updated_at,
        po1_0.user_id 
    from
        payment_orders po1_0 
    where
        po1_0.user_id=?
2026-01-22 11:56:33.900 - 
    select
        u1_0.id,
        u1_0.avatar_url,
        u1_0.created_at,
        u1_0.last_login_time,
        u1_0.member_expire_time,
        u1_0.member_level,
        u1_0.nickname,
        u1_0.openid,
        u1_0.phone,
        u1_0.points,
        u1_0.remaining_visits,
        u1_0.role,
        u1_0.total_visits,
        u1_0.updated_at 
    from
        users u1_0 
    where
        u1_0.id=?
2026-01-22 11:56:33.901 - 
    select
        mp1_0.id,
        mp1_0.avg_price_per_time,
        mp1_0.badge,
        mp1_0.category,
        mp1_0.code,
        mp1_0.description,
        mp1_0.features,
        mp1_0.is_active,
        mp1_0.name,
        mp1_0.people,
        mp1_0.price,
        mp1_0.sort_order,
        mp1_0.times_per_person,
        mp1_0.validity_days 
    from
        member_packages mp1_0 
    where
        mp1_0.id=?
2026-01-22 11:56:33.901 - 
    select
        po1_0.id,
        po1_0.card_end_date,
        po1_0.card_start_date,
        po1_0.card_status,
        po1_0.created_at,
        po1_0.order_no,
        po1_0.package_id,
        po1_0.package_name,
        po1_0.payment_method,
        po1_0.payment_time,
        po1_0.price,
        po1_0.remaining_times,
        po1_0.staff_id,
        po1_0.staff_name,
        po1_0.status,
        po1_0.transaction_type,
        po1_0.updated_at,
        po1_0.user_id 
    from
        payment_orders po1_0 
    where
        po1_0.user_id=? 
        and po1_0.status=?
2026-01-22 11:56:33.902 - 
    select
        bo1_0.id,
        bo1_0.cabin_name,
        bo1_0.consume_time,
        bo1_0.created_at,
        bo1_0.date,
        bo1_0.order_no,
        bo1_0.original_price,
        bo1_0.payment_method,
        bo1_0.payment_order_id,
        bo1_0.payment_status,
        bo1_0.payment_time,
        bo1_0.price,
        bo1_0.seat_name,
        bo1_0.status,
        bo1_0.time_slot,
        bo1_0.updated_at,
        bo1_0.user_id 
    from
        booking_orders bo1_0 
    where
        bo1_0.user_id=? 
    order by
        bo1_0.created_at desc
2026-01-22 11:56:33.904 - 
    select
        mp1_0.id,
        mp1_0.avg_price_per_time,
        mp1_0.badge,
        mp1_0.category,
        mp1_0.code,
        mp1_0.description,
        mp1_0.features,
        mp1_0.is_active,
        mp1_0.name,
        mp1_0.people,
        mp1_0.price,
        mp1_0.sort_order,
        mp1_0.times_per_person,
        mp1_0.validity_days 
    from
        member_packages mp1_0 
    where
        mp1_0.id=?
2026-01-22 11:56:33.906 - 
    select
        mp1_0.id,
        mp1_0.avg_price_per_time,
        mp1_0.badge,
        mp1_0.category,
        mp1_0.code,
        mp1_0.description,
        mp1_0.features,
        mp1_0.is_active,
        mp1_0.name,
        mp1_0.people,
        mp1_0.price,
        mp1_0.sort_order,
        mp1_0.times_per_person,
        mp1_0.validity_days 
    from
        member_packages mp1_0 
    where
        mp1_0.id=?
2026-01-22 11:56:33.908 - 
    select
        u1_0.id,
        u1_0.avatar_url,
        u1_0.created_at,
        u1_0.last_login_time,
        u1_0.member_expire_time,
        u1_0.member_level,
        u1_0.nickname,
        u1_0.openid,
        u1_0.phone,
        u1_0.points,
        u1_0.remaining_visits,
        u1_0.role,
        u1_0.total_visits,
        u1_0.updated_at 
    from
        users u1_0 
    where
        u1_0.id=?
2026-01-22 11:56:33.908 - 
    select
        u1_0.id,
        u1_0.avatar_url,
        u1_0.created_at,
        u1_0.last_login_time,
        u1_0.member_expire_time,
        u1_0.member_level,
        u1_0.nickname,
        u1_0.openid,
        u1_0.phone,
        u1_0.points,
        u1_0.remaining_visits,
        u1_0.role,
        u1_0.total_visits,
        u1_0.updated_at 
    from
        users u1_0 
    where
        u1_0.id=?
2026-01-22 11:56:33.908 - 
    select
        mp1_0.id,
        mp1_0.avg_price_per_time,
        mp1_0.badge,
        mp1_0.category,
        mp1_0.code,
        mp1_0.description,
        mp1_0.features,
        mp1_0.is_active,
        mp1_0.name,
        mp1_0.people,
        mp1_0.price,
        mp1_0.sort_order,
        mp1_0.times_per_person,
        mp1_0.validity_days 
    from
        member_packages mp1_0 
    where
        mp1_0.id=?
2026-01-22 11:56:33.910 - 
    select
        mp1_0.id,
        mp1_0.avg_price_per_time,
        mp1_0.badge,
        mp1_0.category,
        mp1_0.code,
        mp1_0.description,
        mp1_0.features,
        mp1_0.is_active,
        mp1_0.name,
        mp1_0.people,
        mp1_0.price,
        mp1_0.sort_order,
        mp1_0.times_per_person,
        mp1_0.validity_days 
    from
        member_packages mp1_0 
    where
        mp1_0.id=?
2026-01-22 11:56:33.910 - 
    select
        po1_0.id,
        po1_0.card_end_date,
        po1_0.card_start_date,
        po1_0.card_status,
        po1_0.created_at,
        po1_0.order_no,
        po1_0.package_id,
        po1_0.package_name,
        po1_0.payment_method,
        po1_0.payment_time,
        po1_0.price,
        po1_0.remaining_times,
        po1_0.staff_id,
        po1_0.staff_name,
        po1_0.status,
        po1_0.transaction_type,
        po1_0.updated_at,
        po1_0.user_id 
    from
        payment_orders po1_0 
    where
        po1_0.user_id=? 
        and po1_0.status=?
2026-01-22 11:56:33.910 - 
    select
        bo1_0.id,
        bo1_0.cabin_name,
        bo1_0.consume_time,
        bo1_0.created_at,
        bo1_0.date,
        bo1_0.order_no,
        bo1_0.original_price,
        bo1_0.payment_method,
        bo1_0.payment_order_id,
        bo1_0.payment_status,
        bo1_0.payment_time,
        bo1_0.price,
        bo1_0.seat_name,
        bo1_0.status,
        bo1_0.time_slot,
        bo1_0.updated_at,
        bo1_0.user_id 
    from
        booking_orders bo1_0 
    where
        bo1_0.user_id=? 
    order by
        bo1_0.created_at desc
2026-01-22 11:56:33.912 - 
    select
        mp1_0.id,
        mp1_0.avg_price_per_time,
        mp1_0.badge,
        mp1_0.category,
        mp1_0.code,
        mp1_0.description,
        mp1_0.features,
        mp1_0.is_active,
        mp1_0.name,
        mp1_0.people,
        mp1_0.price,
        mp1_0.sort_order,
        mp1_0.times_per_person,
        mp1_0.validity_days 
    from
        member_packages mp1_0 
    where
        mp1_0.id=?
2026-01-22 11:56:33.917 - 
    select
        po1_0.id,
        po1_0.card_end_date,
        po1_0.card_start_date,
        po1_0.card_status,
        po1_0.created_at,
        po1_0.order_no,
        po1_0.package_id,
        po1_0.package_name,
        po1_0.payment_method,
        po1_0.payment_time,
        po1_0.price,
        po1_0.remaining_times,
        po1_0.staff_id,
        po1_0.staff_name,
        po1_0.status,
        po1_0.transaction_type,
        po1_0.updated_at,
        po1_0.user_id 
    from
        payment_orders po1_0 
    where
        po1_0.user_id=?
2026-01-22 11:56:33.919 - 
    select
        mp1_0.id,
        mp1_0.avg_price_per_time,
        mp1_0.badge,
        mp1_0.category,
        mp1_0.code,
        mp1_0.description,
        mp1_0.features,
        mp1_0.is_active,
        mp1_0.name,
        mp1_0.people,
        mp1_0.price,
        mp1_0.sort_order,
        mp1_0.times_per_person,
        mp1_0.validity_days 
    from
        member_packages mp1_0 
    where
        mp1_0.id=?
2026-01-22 11:56:33.921 - 
    select
        mp1_0.id,
        mp1_0.avg_price_per_time,
        mp1_0.badge,
        mp1_0.category,
        mp1_0.code,
        mp1_0.description,
        mp1_0.features,
        mp1_0.is_active,
        mp1_0.name,
        mp1_0.people,
        mp1_0.price,
        mp1_0.sort_order,
        mp1_0.times_per_person,
        mp1_0.validity_days 
    from
        member_packages mp1_0 
    where
        mp1_0.id=?
2026-01-22 11:56:33.923 - 
    select
        mp1_0.id,
        mp1_0.avg_price_per_time,
        mp1_0.badge,
        mp1_0.category,
        mp1_0.code,
        mp1_0.description,
        mp1_0.features,
        mp1_0.is_active,
        mp1_0.name,
        mp1_0.people,
        mp1_0.price,
        mp1_0.sort_order,
        mp1_0.times_per_person,
        mp1_0.validity_days 
    from
        member_packages mp1_0 
    where
        mp1_0.id=?
2026-01-22 11:56:33.924 - 
    select
        mp1_0.id,
        mp1_0.avg_price_per_time,
        mp1_0.badge,
        mp1_0.category,
        mp1_0.code,
        mp1_0.description,
        mp1_0.features,
        mp1_0.is_active,
        mp1_0.name,
        mp1_0.people,
        mp1_0.price,
        mp1_0.sort_order,
        mp1_0.times_per_person,
        mp1_0.validity_days 
    from
        member_packages mp1_0 
    where
        mp1_0.id=?
2026-01-22 11:56:33.924 - 
    select
        u1_0.id,
        u1_0.avatar_url,
        u1_0.created_at,
        u1_0.last_login_time,
        u1_0.member_expire_time,
        u1_0.member_level,
        u1_0.nickname,
        u1_0.openid,
        u1_0.phone,
        u1_0.points,
        u1_0.remaining_visits,
        u1_0.role,
        u1_0.total_visits,
        u1_0.updated_at 
    from
        users u1_0 
    where
        u1_0.id=?
2026-01-22 11:56:33.926 - 
    select
        mp1_0.id,
        mp1_0.avg_price_per_time,
        mp1_0.badge,
        mp1_0.category,
        mp1_0.code,
        mp1_0.description,
        mp1_0.features,
        mp1_0.is_active,
        mp1_0.name,
        mp1_0.people,
        mp1_0.price,
        mp1_0.sort_order,
        mp1_0.times_per_person,
        mp1_0.validity_days 
    from
        member_packages mp1_0 
    where
        mp1_0.id=?
2026-01-22 11:56:33.926 - 
    select
        po1_0.id,
        po1_0.card_end_date,
        po1_0.card_start_date,
        po1_0.card_status,
        po1_0.created_at,
        po1_0.order_no,
        po1_0.package_id,
        po1_0.package_name,
        po1_0.payment_method,
        po1_0.payment_time,
        po1_0.price,
        po1_0.remaining_times,
        po1_0.staff_id,
        po1_0.staff_name,
        po1_0.status,
        po1_0.transaction_type,
        po1_0.updated_at,
        po1_0.user_id 
    from
        payment_orders po1_0 
    where
        po1_0.user_id=? 
        and po1_0.status=?
2026-01-22 11:56:33.927 - 
    select
        mp1_0.id,
        mp1_0.avg_price_per_time,
        mp1_0.badge,
        mp1_0.category,
        mp1_0.code,
        mp1_0.description,
        mp1_0.features,
        mp1_0.is_active,
        mp1_0.name,
        mp1_0.people,
        mp1_0.price,
        mp1_0.sort_order,
        mp1_0.times_per_person,
        mp1_0.validity_days 
    from
        member_packages mp1_0 
    where
        mp1_0.id=?
2026-01-22 11:56:33.936 - 
    select
        u1_0.id,
        u1_0.avatar_url,
        u1_0.created_at,
        u1_0.last_login_time,
        u1_0.member_expire_time,
        u1_0.member_level,
        u1_0.nickname,
        u1_0.openid,
        u1_0.phone,
        u1_0.points,
        u1_0.remaining_visits,
        u1_0.role,
        u1_0.total_visits,
        u1_0.updated_at 
    from
        users u1_0 
    where
        u1_0.id=?
2026-01-22 11:56:33.938 - 
    select
        po1_0.id,
        po1_0.card_end_date,
        po1_0.card_start_date,
        po1_0.card_status,
        po1_0.created_at,
        po1_0.order_no,
        po1_0.package_id,
        po1_0.package_name,
        po1_0.payment_method,
        po1_0.payment_time,
        po1_0.price,
        po1_0.remaining_times,
        po1_0.staff_id,
        po1_0.staff_name,
        po1_0.status,
        po1_0.transaction_type,
        po1_0.updated_at,
        po1_0.user_id 
    from
        payment_orders po1_0 
    where
        po1_0.user_id=? 
        and po1_0.status=?
2026-01-22 11:58:10.986 - 
    select
        po1_0.id,
        po1_0.card_end_date,
        po1_0.card_start_date,
        po1_0.card_status,
        po1_0.created_at,
        po1_0.order_no,
        po1_0.package_id,
        po1_0.package_name,
        po1_0.payment_method,
        po1_0.payment_time,
        po1_0.price,
        po1_0.remaining_times,
        po1_0.staff_id,
        po1_0.staff_name,
        po1_0.status,
        po1_0.transaction_type,
        po1_0.updated_at,
        po1_0.user_id 
    from
        payment_orders po1_0 
    where
        po1_0.user_id=?
2026-01-22 11:58:11.003 - 
    select
        po1_0.id,
        po1_0.card_end_date,
        po1_0.card_start_date,
        po1_0.card_status,
        po1_0.created_at,
        po1_0.order_no,
        po1_0.package_id,
        po1_0.package_name,
        po1_0.payment_method,
        po1_0.payment_time,
        po1_0.price,
        po1_0.remaining_times,
        po1_0.staff_id,
        po1_0.staff_name,
        po1_0.status,
        po1_0.transaction_type,
        po1_0.updated_at,
        po1_0.user_id 
    from
        payment_orders po1_0 
    where
        po1_0.user_id=?
2026-01-22 11:58:12.385 - 
    select
        mp1_0.id,
        mp1_0.avg_price_per_time,
        mp1_0.badge,
        mp1_0.category,
        mp1_0.code,
        mp1_0.description,
        mp1_0.features,
        mp1_0.is_active,
        mp1_0.name,
        mp1_0.people,
        mp1_0.price,
        mp1_0.sort_order,
        mp1_0.times_per_person,
        mp1_0.validity_days 
    from
        member_packages mp1_0 
    where
        mp1_0.category=? 
        and mp1_0.is_active 
    order by
        mp1_0.sort_order
2026-01-22 11:58:12.393 - 
    select
        mp1_0.id,
        mp1_0.avg_price_per_time,
        mp1_0.badge,
        mp1_0.category,
        mp1_0.code,
        mp1_0.description,
        mp1_0.features,
        mp1_0.is_active,
        mp1_0.name,
        mp1_0.people,
        mp1_0.price,
        mp1_0.sort_order,
        mp1_0.times_per_person,
        mp1_0.validity_days 
    from
        member_packages mp1_0 
    where
        mp1_0.category=? 
        and mp1_0.is_active 
    order by
        mp1_0.sort_order
2026-01-22 11:58:14.320 - 
    select
        mp1_0.id,
        mp1_0.avg_price_per_time,
        mp1_0.badge,
        mp1_0.category,
        mp1_0.code,
        mp1_0.description,
        mp1_0.features,
        mp1_0.is_active,
        mp1_0.name,
        mp1_0.people,
        mp1_0.price,
        mp1_0.sort_order,
        mp1_0.times_per_person,
        mp1_0.validity_days 
    from
        member_packages mp1_0 
    where
        mp1_0.category=? 
        and mp1_0.is_active 
    order by
        mp1_0.sort_order
2026-01-22 11:58:16.112 - 
    select
        po1_0.id,
        po1_0.card_end_date,
        po1_0.card_start_date,
        po1_0.card_status,
        po1_0.created_at,
        po1_0.order_no,
        po1_0.package_id,
        po1_0.package_name,
        po1_0.payment_method,
        po1_0.payment_time,
        po1_0.price,
        po1_0.remaining_times,
        po1_0.staff_id,
        po1_0.staff_name,
        po1_0.status,
        po1_0.transaction_type,
        po1_0.updated_at,
        po1_0.user_id 
    from
        payment_orders po1_0 
    where
        po1_0.user_id=?
2026-01-22 11:58:16.126 - 
    select
        s1_0.id,
        s1_0.created_at,
        s1_0.last_login_time,
        s1_0.name,
        s1_0.password,
        s1_0.phone,
        s1_0.status,
        s1_0.updated_at,
        s1_0.username 
    from
        staffs s1_0 
    where
        s1_0.status=?
2026-01-22 11:58:29.517 - 
    select
        po1_0.id,
        po1_0.card_end_date,
        po1_0.card_start_date,
        po1_0.card_status,
        po1_0.created_at,
        po1_0.order_no,
        po1_0.package_id,
        po1_0.package_name,
        po1_0.payment_method,
        po1_0.payment_time,
        po1_0.price,
        po1_0.remaining_times,
        po1_0.staff_id,
        po1_0.staff_name,
        po1_0.status,
        po1_0.transaction_type,
        po1_0.updated_at,
        po1_0.user_id 
    from
        payment_orders po1_0 
    where
        po1_0.user_id=?
2026-01-22 11:58:32.147 - 
    select
        u1_0.id,
        u1_0.avatar_url,
        u1_0.created_at,
        u1_0.last_login_time,
        u1_0.member_expire_time,
        u1_0.member_level,
        u1_0.nickname,
        u1_0.openid,
        u1_0.phone,
        u1_0.points,
        u1_0.remaining_visits,
        u1_0.role,
        u1_0.total_visits,
        u1_0.updated_at 
    from
        users u1_0 
    where
        u1_0.id=?
2026-01-22 11:58:32.149 - 
    select
        mp1_0.id,
        mp1_0.avg_price_per_time,
        mp1_0.badge,
        mp1_0.category,
        mp1_0.code,
        mp1_0.description,
        mp1_0.features,
        mp1_0.is_active,
        mp1_0.name,
        mp1_0.people,
        mp1_0.price,
        mp1_0.sort_order,
        mp1_0.times_per_person,
        mp1_0.validity_days 
    from
        member_packages mp1_0 
    where
        mp1_0.id=?
2026-01-22 11:58:32.152 - 
    select
        po1_0.id,
        po1_0.card_end_date,
        po1_0.card_start_date,
        po1_0.card_status,
        po1_0.created_at,
        po1_0.order_no,
        po1_0.package_id,
        po1_0.package_name,
        po1_0.payment_method,
        po1_0.payment_time,
        po1_0.price,
        po1_0.remaining_times,
        po1_0.staff_id,
        po1_0.staff_name,
        po1_0.status,
        po1_0.transaction_type,
        po1_0.updated_at,
        po1_0.user_id 
    from
        payment_orders po1_0 
    where
        po1_0.user_id=? 
        and po1_0.status=?
2026-01-22 11:58:32.155 - 
    insert 
    into
        payment_orders
        (card_end_date, card_start_date, card_status, created_at, order_no, package_id, package_name, payment_method, payment_time, price, remaining_times, staff_id, staff_name, status, transaction_type, updated_at, user_id) 
    values
        (?, ?, ?, ?, ?, ?, ?, ?, ?, ?, ?, ?, ?, ?, ?, ?, ?)
2026-01-22 11:58:32.170 - 
    select
        po1_0.id,
        po1_0.card_end_date,
        po1_0.card_start_date,
        po1_0.card_status,
        po1_0.created_at,
        po1_0.order_no,
        po1_0.package_id,
        po1_0.package_name,
        po1_0.payment_method,
        po1_0.payment_time,
        po1_0.price,
        po1_0.remaining_times,
        po1_0.staff_id,
        po1_0.staff_name,
        po1_0.status,
        po1_0.transaction_type,
        po1_0.updated_at,
        po1_0.user_id 
    from
        payment_orders po1_0 
    where
        po1_0.id=?
2026-01-22 11:58:32.172 - 
    select
        u1_0.id,
        u1_0.avatar_url,
        u1_0.created_at,
        u1_0.last_login_time,
        u1_0.member_expire_time,
        u1_0.member_level,
        u1_0.nickname,
        u1_0.openid,
        u1_0.phone,
        u1_0.points,
        u1_0.remaining_visits,
        u1_0.role,
        u1_0.total_visits,
        u1_0.updated_at 
    from
        users u1_0 
    where
        u1_0.id=?
2026-01-22 11:58:32.734 - 
    select
        po1_0.id,
        po1_0.card_end_date,
        po1_0.card_start_date,
        po1_0.card_status,
        po1_0.created_at,
        po1_0.order_no,
        po1_0.package_id,
        po1_0.package_name,
        po1_0.payment_method,
        po1_0.payment_time,
        po1_0.price,
        po1_0.remaining_times,
        po1_0.staff_id,
        po1_0.staff_name,
        po1_0.status,
        po1_0.transaction_type,
        po1_0.updated_at,
        po1_0.user_id 
    from
        payment_orders po1_0 
    where
        po1_0.id=?
2026-01-22 11:58:32.737 - 
    select
        mp1_0.id,
        mp1_0.avg_price_per_time,
        mp1_0.badge,
        mp1_0.category,
        mp1_0.code,
        mp1_0.description,
        mp1_0.features,
        mp1_0.is_active,
        mp1_0.name,
        mp1_0.people,
        mp1_0.price,
        mp1_0.sort_order,
        mp1_0.times_per_person,
        mp1_0.validity_days 
    from
        member_packages mp1_0 
    where
        mp1_0.id=?
2026-01-22 11:58:32.739 - 
    select
        u1_0.id,
        u1_0.avatar_url,
        u1_0.created_at,
        u1_0.last_login_time,
        u1_0.member_expire_time,
        u1_0.member_level,
        u1_0.nickname,
        u1_0.openid,
        u1_0.phone,
        u1_0.points,
        u1_0.remaining_visits,
        u1_0.role,
        u1_0.total_visits,
        u1_0.updated_at 
    from
        users u1_0 
    where
        u1_0.id=?
2026-01-22 11:58:32.743 - 
    update
        payment_orders 
    set
        card_end_date=?,
        card_start_date=?,
        card_status=?,
        created_at=?,
        order_no=?,
        package_id=?,
        package_name=?,
        payment_method=?,
        payment_time=?,
        price=?,
        remaining_times=?,
        staff_id=?,
        staff_name=?,
        status=?,
        transaction_type=?,
        updated_at=?,
        user_id=? 
    where
        id=?
2026-01-22 11:58:32.745 - 
    update
        users 
    set
        avatar_url=?,
        created_at=?,
        last_login_time=?,
        member_expire_time=?,
        member_level=?,
        nickname=?,
        openid=?,
        phone=?,
        points=?,
        remaining_visits=?,
        role=?,
        total_visits=?,
        updated_at=? 
    where
        id=?
2026-01-22 11:58:35.077 - 
    select
        u1_0.id,
        u1_0.avatar_url,
        u1_0.created_at,
        u1_0.last_login_time,
        u1_0.member_expire_time,
        u1_0.member_level,
        u1_0.nickname,
        u1_0.openid,
        u1_0.phone,
        u1_0.points,
        u1_0.remaining_visits,
        u1_0.role,
        u1_0.total_visits,
        u1_0.updated_at 
    from
        users u1_0 
    where
        u1_0.id=?
2026-01-22 11:58:35.077 - 
    select
        u1_0.id,
        u1_0.avatar_url,
        u1_0.created_at,
        u1_0.last_login_time,
        u1_0.member_expire_time,
        u1_0.member_level,
        u1_0.nickname,
        u1_0.openid,
        u1_0.phone,
        u1_0.points,
        u1_0.remaining_visits,
        u1_0.role,
        u1_0.total_visits,
        u1_0.updated_at 
    from
        users u1_0 
    where
        u1_0.id=?
2026-01-22 11:58:35.079 - 
    select
        po1_0.id,
        po1_0.card_end_date,
        po1_0.card_start_date,
        po1_0.card_status,
        po1_0.created_at,
        po1_0.order_no,
        po1_0.package_id,
        po1_0.package_name,
        po1_0.payment_method,
        po1_0.payment_time,
        po1_0.price,
        po1_0.remaining_times,
        po1_0.staff_id,
        po1_0.staff_name,
        po1_0.status,
        po1_0.transaction_type,
        po1_0.updated_at,
        po1_0.user_id 
    from
        payment_orders po1_0 
    where
        po1_0.user_id=?
2026-01-22 11:58:35.080 - 
    select
        bo1_0.id,
        bo1_0.cabin_name,
        bo1_0.consume_time,
        bo1_0.created_at,
        bo1_0.date,
        bo1_0.order_no,
        bo1_0.original_price,
        bo1_0.payment_method,
        bo1_0.payment_order_id,
        bo1_0.payment_status,
        bo1_0.payment_time,
        bo1_0.price,
        bo1_0.seat_name,
        bo1_0.status,
        bo1_0.time_slot,
        bo1_0.updated_at,
        bo1_0.user_id 
    from
        booking_orders bo1_0 
    where
        bo1_0.user_id=? 
    order by
        bo1_0.created_at desc
2026-01-22 11:58:35.080 - 
    select
        po1_0.id,
        po1_0.card_end_date,
        po1_0.card_start_date,
        po1_0.card_status,
        po1_0.created_at,
        po1_0.order_no,
        po1_0.package_id,
        po1_0.package_name,
        po1_0.payment_method,
        po1_0.payment_time,
        po1_0.price,
        po1_0.remaining_times,
        po1_0.staff_id,
        po1_0.staff_name,
        po1_0.status,
        po1_0.transaction_type,
        po1_0.updated_at,
        po1_0.user_id 
    from
        payment_orders po1_0 
    where
        po1_0.user_id=? 
        and po1_0.status=?
2026-01-22 11:58:35.080 - 
    select
        mp1_0.id,
        mp1_0.avg_price_per_time,
        mp1_0.badge,
        mp1_0.category,
        mp1_0.code,
        mp1_0.description,
        mp1_0.features,
        mp1_0.is_active,
        mp1_0.name,
        mp1_0.people,
        mp1_0.price,
        mp1_0.sort_order,
        mp1_0.times_per_person,
        mp1_0.validity_days 
    from
        member_packages mp1_0 
    where
        mp1_0.id=?
2026-01-22 11:58:35.085 - 
    select
        po1_0.id,
        po1_0.card_end_date,
        po1_0.card_start_date,
        po1_0.card_status,
        po1_0.created_at,
        po1_0.order_no,
        po1_0.package_id,
        po1_0.package_name,
        po1_0.payment_method,
        po1_0.payment_time,
        po1_0.price,
        po1_0.remaining_times,
        po1_0.staff_id,
        po1_0.staff_name,
        po1_0.status,
        po1_0.transaction_type,
        po1_0.updated_at,
        po1_0.user_id 
    from
        payment_orders po1_0 
    where
        po1_0.user_id=?
2026-01-22 11:58:35.085 - 
    select
        u1_0.id,
        u1_0.avatar_url,
        u1_0.created_at,
        u1_0.last_login_time,
        u1_0.member_expire_time,
        u1_0.member_level,
        u1_0.nickname,
        u1_0.openid,
        u1_0.phone,
        u1_0.points,
        u1_0.remaining_visits,
        u1_0.role,
        u1_0.total_visits,
        u1_0.updated_at 
    from
        users u1_0 
    where
        u1_0.id=?
2026-01-22 11:58:35.086 - 
    select
        mp1_0.id,
        mp1_0.avg_price_per_time,
        mp1_0.badge,
        mp1_0.category,
        mp1_0.code,
        mp1_0.description,
        mp1_0.features,
        mp1_0.is_active,
        mp1_0.name,
        mp1_0.people,
        mp1_0.price,
        mp1_0.sort_order,
        mp1_0.times_per_person,
        mp1_0.validity_days 
    from
        member_packages mp1_0 
    where
        mp1_0.id=?
2026-01-22 11:58:35.086 - 
    select
        u1_0.id,
        u1_0.avatar_url,
        u1_0.created_at,
        u1_0.last_login_time,
        u1_0.member_expire_time,
        u1_0.member_level,
        u1_0.nickname,
        u1_0.openid,
        u1_0.phone,
        u1_0.points,
        u1_0.remaining_visits,
        u1_0.role,
        u1_0.total_visits,
        u1_0.updated_at 
    from
        users u1_0 
    where
        u1_0.id=?
2026-01-22 11:58:35.086 - 
    select
        po1_0.id,
        po1_0.card_end_date,
        po1_0.card_start_date,
        po1_0.card_status,
        po1_0.created_at,
        po1_0.order_no,
        po1_0.package_id,
        po1_0.package_name,
        po1_0.payment_method,
        po1_0.payment_time,
        po1_0.price,
        po1_0.remaining_times,
        po1_0.staff_id,
        po1_0.staff_name,
        po1_0.status,
        po1_0.transaction_type,
        po1_0.updated_at,
        po1_0.user_id 
    from
        payment_orders po1_0 
    where
        po1_0.user_id=? 
        and po1_0.status=?
2026-01-22 11:58:35.087 - 
    select
        bo1_0.id,
        bo1_0.cabin_name,
        bo1_0.consume_time,
        bo1_0.created_at,
        bo1_0.date,
        bo1_0.order_no,
        bo1_0.original_price,
        bo1_0.payment_method,
        bo1_0.payment_order_id,
        bo1_0.payment_status,
        bo1_0.payment_time,
        bo1_0.price,
        bo1_0.seat_name,
        bo1_0.status,
        bo1_0.time_slot,
        bo1_0.updated_at,
        bo1_0.user_id 
    from
        booking_orders bo1_0 
    where
        bo1_0.user_id=? 
    order by
        bo1_0.created_at desc
2026-01-22 11:58:35.094 - 
    select
        u1_0.id,
        u1_0.avatar_url,
        u1_0.created_at,
        u1_0.last_login_time,
        u1_0.member_expire_time,
        u1_0.member_level,
        u1_0.nickname,
        u1_0.openid,
        u1_0.phone,
        u1_0.points,
        u1_0.remaining_visits,
        u1_0.role,
        u1_0.total_visits,
        u1_0.updated_at 
    from
        users u1_0 
    where
        u1_0.id=?
2026-01-22 11:58:35.096 - 
    select
        po1_0.id,
        po1_0.card_end_date,
        po1_0.card_start_date,
        po1_0.card_status,
        po1_0.created_at,
        po1_0.order_no,
        po1_0.package_id,
        po1_0.package_name,
        po1_0.payment_method,
        po1_0.payment_time,
        po1_0.price,
        po1_0.remaining_times,
        po1_0.staff_id,
        po1_0.staff_name,
        po1_0.status,
        po1_0.transaction_type,
        po1_0.updated_at,
        po1_0.user_id 
    from
        payment_orders po1_0 
    where
        po1_0.user_id=? 
        and po1_0.status=?
2026-01-22 11:58:35.104 - 
    select
        u1_0.id,
        u1_0.avatar_url,
        u1_0.created_at,
        u1_0.last_login_time,
        u1_0.member_expire_time,
        u1_0.member_level,
        u1_0.nickname,
        u1_0.openid,
        u1_0.phone,
        u1_0.points,
        u1_0.remaining_visits,
        u1_0.role,
        u1_0.total_visits,
        u1_0.updated_at 
    from
        users u1_0 
    where
        u1_0.id=?
2026-01-22 11:58:35.106 - 
    select
        po1_0.id,
        po1_0.card_end_date,
        po1_0.card_start_date,
        po1_0.card_status,
        po1_0.created_at,
        po1_0.order_no,
        po1_0.package_id,
        po1_0.package_name,
        po1_0.payment_method,
        po1_0.payment_time,
        po1_0.price,
        po1_0.remaining_times,
        po1_0.staff_id,
        po1_0.staff_name,
        po1_0.status,
        po1_0.transaction_type,
        po1_0.updated_at,
        po1_0.user_id 
    from
        payment_orders po1_0 
    where
        po1_0.user_id=? 
        and po1_0.status=?
2026-01-22 11:58:38.987 - 
    select
        po1_0.id,
        po1_0.card_end_date,
        po1_0.card_start_date,
        po1_0.card_status,
        po1_0.created_at,
        po1_0.order_no,
        po1_0.package_id,
        po1_0.package_name,
        po1_0.payment_method,
        po1_0.payment_time,
        po1_0.price,
        po1_0.remaining_times,
        po1_0.staff_id,
        po1_0.staff_name,
        po1_0.status,
        po1_0.transaction_type,
        po1_0.updated_at,
        po1_0.user_id 
    from
        payment_orders po1_0 
    where
        po1_0.user_id=?
2026-01-22 11:58:38.989 - 
    select
        mp1_0.id,
        mp1_0.avg_price_per_time,
        mp1_0.badge,
        mp1_0.category,
        mp1_0.code,
        mp1_0.description,
        mp1_0.features,
        mp1_0.is_active,
        mp1_0.name,
        mp1_0.people,
        mp1_0.price,
        mp1_0.sort_order,
        mp1_0.times_per_person,
        mp1_0.validity_days 
    from
        member_packages mp1_0 
    where
        mp1_0.id=?
2026-01-22 11:58:38.994 - 
    select
        po1_0.id,
        po1_0.card_end_date,
        po1_0.card_start_date,
        po1_0.card_status,
        po1_0.created_at,
        po1_0.order_no,
        po1_0.package_id,
        po1_0.package_name,
        po1_0.payment_method,
        po1_0.payment_time,
        po1_0.price,
        po1_0.remaining_times,
        po1_0.staff_id,
        po1_0.staff_name,
        po1_0.status,
        po1_0.transaction_type,
        po1_0.updated_at,
        po1_0.user_id 
    from
        payment_orders po1_0 
    where
        po1_0.user_id=?
2026-01-22 11:58:38.997 - 
    select
        mp1_0.id,
        mp1_0.avg_price_per_time,
        mp1_0.badge,
        mp1_0.category,
        mp1_0.code,
        mp1_0.description,
        mp1_0.features,
        mp1_0.is_active,
        mp1_0.name,
        mp1_0.people,
        mp1_0.price,
        mp1_0.sort_order,
        mp1_0.times_per_person,
        mp1_0.validity_days 
    from
        member_packages mp1_0 
    where
        mp1_0.id=?
2026-01-22 11:58:41.231 - 
    select
        bo1_0.id,
        bo1_0.cabin_name,
        bo1_0.consume_time,
        bo1_0.created_at,
        bo1_0.date,
        bo1_0.order_no,
        bo1_0.original_price,
        bo1_0.payment_method,
        bo1_0.payment_order_id,
        bo1_0.payment_status,
        bo1_0.payment_time,
        bo1_0.price,
        bo1_0.seat_name,
        bo1_0.status,
        bo1_0.time_slot,
        bo1_0.updated_at,
        bo1_0.user_id 
    from
        booking_orders bo1_0 
    where
        bo1_0.date=? 
        and bo1_0.time_slot=?
2026-01-22 11:58:42.419 - 
    select
        po1_0.id,
        po1_0.card_end_date,
        po1_0.card_start_date,
        po1_0.card_status,
        po1_0.created_at,
        po1_0.order_no,
        po1_0.package_id,
        po1_0.package_name,
        po1_0.payment_method,
        po1_0.payment_time,
        po1_0.price,
        po1_0.remaining_times,
        po1_0.staff_id,
        po1_0.staff_name,
        po1_0.status,
        po1_0.transaction_type,
        po1_0.updated_at,
        po1_0.user_id 
    from
        payment_orders po1_0 
    where
        po1_0.user_id=?
2026-01-22 11:58:42.423 - 
    select
        mp1_0.id,
        mp1_0.avg_price_per_time,
        mp1_0.badge,
        mp1_0.category,
        mp1_0.code,
        mp1_0.description,
        mp1_0.features,
        mp1_0.is_active,
        mp1_0.name,
        mp1_0.people,
        mp1_0.price,
        mp1_0.sort_order,
        mp1_0.times_per_person,
        mp1_0.validity_days 
    from
        member_packages mp1_0 
    where
        mp1_0.id=?
2026-01-22 11:58:42.440 - 
    select
        u1_0.id,
        u1_0.avatar_url,
        u1_0.created_at,
        u1_0.last_login_time,
        u1_0.member_expire_time,
        u1_0.member_level,
        u1_0.nickname,
        u1_0.openid,
        u1_0.phone,
        u1_0.points,
        u1_0.remaining_visits,
        u1_0.role,
        u1_0.total_visits,
        u1_0.updated_at 
    from
        users u1_0 
    where
        u1_0.id=?
2026-01-22 11:58:42.443 - 
    select
        bo1_0.id,
        bo1_0.cabin_name,
        bo1_0.consume_time,
        bo1_0.created_at,
        bo1_0.date,
        bo1_0.order_no,
        bo1_0.original_price,
        bo1_0.payment_method,
        bo1_0.payment_order_id,
        bo1_0.payment_status,
        bo1_0.payment_time,
        bo1_0.price,
        bo1_0.seat_name,
        bo1_0.status,
        bo1_0.time_slot,
        bo1_0.updated_at,
        bo1_0.user_id 
    from
        booking_orders bo1_0 
    where
        bo1_0.user_id=? 
        and bo1_0.date=? 
        and bo1_0.status!=?
2026-01-22 11:58:43.280 - 
    select
        u1_0.id,
        u1_0.avatar_url,
        u1_0.created_at,
        u1_0.last_login_time,
        u1_0.member_expire_time,
        u1_0.member_level,
        u1_0.nickname,
        u1_0.openid,
        u1_0.phone,
        u1_0.points,
        u1_0.remaining_visits,
        u1_0.role,
        u1_0.total_visits,
        u1_0.updated_at 
    from
        users u1_0 
    where
        u1_0.id=?
2026-01-22 11:58:43.285 - 
    select
        bo1_0.id,
        bo1_0.cabin_name,
        bo1_0.consume_time,
        bo1_0.created_at,
        bo1_0.date,
        bo1_0.order_no,
        bo1_0.original_price,
        bo1_0.payment_method,
        bo1_0.payment_order_id,
        bo1_0.payment_status,
        bo1_0.payment_time,
        bo1_0.price,
        bo1_0.seat_name,
        bo1_0.status,
        bo1_0.time_slot,
        bo1_0.updated_at,
        bo1_0.user_id 
    from
        booking_orders bo1_0 
    where
        bo1_0.user_id=? 
        and bo1_0.date=? 
        and bo1_0.status!=?
2026-01-22 11:58:43.288 - 
    select
        bo1_0.id,
        bo1_0.cabin_name,
        bo1_0.consume_time,
        bo1_0.created_at,
        bo1_0.date,
        bo1_0.order_no,
        bo1_0.original_price,
        bo1_0.payment_method,
        bo1_0.payment_order_id,
        bo1_0.payment_status,
        bo1_0.payment_time,
        bo1_0.price,
        bo1_0.seat_name,
        bo1_0.status,
        bo1_0.time_slot,
        bo1_0.updated_at,
        bo1_0.user_id 
    from
        booking_orders bo1_0 
    where
        bo1_0.date=? 
        and bo1_0.time_slot=? 
        and bo1_0.cabin_name=? 
        and bo1_0.seat_name=?
2026-01-22 11:58:43.295 - 
    select
        po1_0.id,
        po1_0.card_end_date,
        po1_0.card_start_date,
        po1_0.card_status,
        po1_0.created_at,
        po1_0.order_no,
        po1_0.package_id,
        po1_0.package_name,
        po1_0.payment_method,
        po1_0.payment_time,
        po1_0.price,
        po1_0.remaining_times,
        po1_0.staff_id,
        po1_0.staff_name,
        po1_0.status,
        po1_0.transaction_type,
        po1_0.updated_at,
        po1_0.user_id 
    from
        payment_orders po1_0 
    where
        po1_0.user_id=?
2026-01-22 11:58:43.296 - 
    select
        mp1_0.id,
        mp1_0.avg_price_per_time,
        mp1_0.badge,
        mp1_0.category,
        mp1_0.code,
        mp1_0.description,
        mp1_0.features,
        mp1_0.is_active,
        mp1_0.name,
        mp1_0.people,
        mp1_0.price,
        mp1_0.sort_order,
        mp1_0.times_per_person,
        mp1_0.validity_days 
    from
        member_packages mp1_0 
    where
        mp1_0.id=?
2026-01-22 11:58:46.905 - 
    select
        u1_0.id,
        u1_0.avatar_url,
        u1_0.created_at,
        u1_0.last_login_time,
        u1_0.member_expire_time,
        u1_0.member_level,
        u1_0.nickname,
        u1_0.openid,
        u1_0.phone,
        u1_0.points,
        u1_0.remaining_visits,
        u1_0.role,
        u1_0.total_visits,
        u1_0.updated_at 
    from
        users u1_0 
    where
        u1_0.id=?
2026-01-22 11:58:46.905 - 
    select
        po1_0.id,
        po1_0.card_end_date,
        po1_0.card_start_date,
        po1_0.card_status,
        po1_0.created_at,
        po1_0.order_no,
        po1_0.package_id,
        po1_0.package_name,
        po1_0.payment_method,
        po1_0.payment_time,
        po1_0.price,
        po1_0.remaining_times,
        po1_0.staff_id,
        po1_0.staff_name,
        po1_0.status,
        po1_0.transaction_type,
        po1_0.updated_at,
        po1_0.user_id 
    from
        payment_orders po1_0 
    where
        po1_0.user_id=?
2026-01-22 11:58:46.906 - 
    select
        u1_0.id,
        u1_0.avatar_url,
        u1_0.created_at,
        u1_0.last_login_time,
        u1_0.member_expire_time,
        u1_0.member_level,
        u1_0.nickname,
        u1_0.openid,
        u1_0.phone,
        u1_0.points,
        u1_0.remaining_visits,
        u1_0.role,
        u1_0.total_visits,
        u1_0.updated_at 
    from
        users u1_0 
    where
        u1_0.id=?
2026-01-22 11:58:46.906 - 
    select
        mp1_0.id,
        mp1_0.avg_price_per_time,
        mp1_0.badge,
        mp1_0.category,
        mp1_0.code,
        mp1_0.description,
        mp1_0.features,
        mp1_0.is_active,
        mp1_0.name,
        mp1_0.people,
        mp1_0.price,
        mp1_0.sort_order,
        mp1_0.times_per_person,
        mp1_0.validity_days 
    from
        member_packages mp1_0 
    where
        mp1_0.id=?
2026-01-22 11:58:46.907 - 
    select
        po1_0.id,
        po1_0.card_end_date,
        po1_0.card_start_date,
        po1_0.card_status,
        po1_0.created_at,
        po1_0.order_no,
        po1_0.package_id,
        po1_0.package_name,
        po1_0.payment_method,
        po1_0.payment_time,
        po1_0.price,
        po1_0.remaining_times,
        po1_0.staff_id,
        po1_0.staff_name,
        po1_0.status,
        po1_0.transaction_type,
        po1_0.updated_at,
        po1_0.user_id 
    from
        payment_orders po1_0 
    where
        po1_0.user_id=? 
        and po1_0.status=?
2026-01-22 11:58:46.908 - 
    select
        bo1_0.id,
        bo1_0.cabin_name,
        bo1_0.consume_time,
        bo1_0.created_at,
        bo1_0.date,
        bo1_0.order_no,
        bo1_0.original_price,
        bo1_0.payment_method,
        bo1_0.payment_order_id,
        bo1_0.payment_status,
        bo1_0.payment_time,
        bo1_0.price,
        bo1_0.seat_name,
        bo1_0.status,
        bo1_0.time_slot,
        bo1_0.updated_at,
        bo1_0.user_id 
    from
        booking_orders bo1_0 
    where
        bo1_0.user_id=? 
    order by
        bo1_0.created_at desc
2026-01-22 11:58:46.912 - 
    select
        u1_0.id,
        u1_0.avatar_url,
        u1_0.created_at,
        u1_0.last_login_time,
        u1_0.member_expire_time,
        u1_0.member_level,
        u1_0.nickname,
        u1_0.openid,
        u1_0.phone,
        u1_0.points,
        u1_0.remaining_visits,
        u1_0.role,
        u1_0.total_visits,
        u1_0.updated_at 
    from
        users u1_0 
    where
        u1_0.id=?
2026-01-22 11:58:46.912 - 
    select
        po1_0.id,
        po1_0.card_end_date,
        po1_0.card_start_date,
        po1_0.card_status,
        po1_0.created_at,
        po1_0.order_no,
        po1_0.package_id,
        po1_0.package_name,
        po1_0.payment_method,
        po1_0.payment_time,
        po1_0.price,
        po1_0.remaining_times,
        po1_0.staff_id,
        po1_0.staff_name,
        po1_0.status,
        po1_0.transaction_type,
        po1_0.updated_at,
        po1_0.user_id 
    from
        payment_orders po1_0 
    where
        po1_0.user_id=?
2026-01-22 11:58:46.913 - 
    select
        mp1_0.id,
        mp1_0.avg_price_per_time,
        mp1_0.badge,
        mp1_0.category,
        mp1_0.code,
        mp1_0.description,
        mp1_0.features,
        mp1_0.is_active,
        mp1_0.name,
        mp1_0.people,
        mp1_0.price,
        mp1_0.sort_order,
        mp1_0.times_per_person,
        mp1_0.validity_days 
    from
        member_packages mp1_0 
    where
        mp1_0.id=?
2026-01-22 11:58:46.913 - 
    select
        u1_0.id,
        u1_0.avatar_url,
        u1_0.created_at,
        u1_0.last_login_time,
        u1_0.member_expire_time,
        u1_0.member_level,
        u1_0.nickname,
        u1_0.openid,
        u1_0.phone,
        u1_0.points,
        u1_0.remaining_visits,
        u1_0.role,
        u1_0.total_visits,
        u1_0.updated_at 
    from
        users u1_0 
    where
        u1_0.id=?
2026-01-22 11:58:46.914 - 
    select
        po1_0.id,
        po1_0.card_end_date,
        po1_0.card_start_date,
        po1_0.card_status,
        po1_0.created_at,
        po1_0.order_no,
        po1_0.package_id,
        po1_0.package_name,
        po1_0.payment_method,
        po1_0.payment_time,
        po1_0.price,
        po1_0.remaining_times,
        po1_0.staff_id,
        po1_0.staff_name,
        po1_0.status,
        po1_0.transaction_type,
        po1_0.updated_at,
        po1_0.user_id 
    from
        payment_orders po1_0 
    where
        po1_0.user_id=? 
        and po1_0.status=?
2026-01-22 11:58:46.916 - 
    select
        bo1_0.id,
        bo1_0.cabin_name,
        bo1_0.consume_time,
        bo1_0.created_at,
        bo1_0.date,
        bo1_0.order_no,
        bo1_0.original_price,
        bo1_0.payment_method,
        bo1_0.payment_order_id,
        bo1_0.payment_status,
        bo1_0.payment_time,
        bo1_0.price,
        bo1_0.seat_name,
        bo1_0.status,
        bo1_0.time_slot,
        bo1_0.updated_at,
        bo1_0.user_id 
    from
        booking_orders bo1_0 
    where
        bo1_0.user_id=? 
    order by
        bo1_0.created_at desc
2026-01-22 11:58:46.922 - 
    select
        u1_0.id,
        u1_0.avatar_url,
        u1_0.created_at,
        u1_0.last_login_time,
        u1_0.member_expire_time,
        u1_0.member_level,
        u1_0.nickname,
        u1_0.openid,
        u1_0.phone,
        u1_0.points,
        u1_0.remaining_visits,
        u1_0.role,
        u1_0.total_visits,
        u1_0.updated_at 
    from
        users u1_0 
    where
        u1_0.id=?
2026-01-22 11:58:46.924 - 
    select
        po1_0.id,
        po1_0.card_end_date,
        po1_0.card_start_date,
        po1_0.card_status,
        po1_0.created_at,
        po1_0.order_no,
        po1_0.package_id,
        po1_0.package_name,
        po1_0.payment_method,
        po1_0.payment_time,
        po1_0.price,
        po1_0.remaining_times,
        po1_0.staff_id,
        po1_0.staff_name,
        po1_0.status,
        po1_0.transaction_type,
        po1_0.updated_at,
        po1_0.user_id 
    from
        payment_orders po1_0 
    where
        po1_0.user_id=? 
        and po1_0.status=?
2026-01-22 11:58:46.928 - 
    select
        u1_0.id,
        u1_0.avatar_url,
        u1_0.created_at,
        u1_0.last_login_time,
        u1_0.member_expire_time,
        u1_0.member_level,
        u1_0.nickname,
        u1_0.openid,
        u1_0.phone,
        u1_0.points,
        u1_0.remaining_visits,
        u1_0.role,
        u1_0.total_visits,
        u1_0.updated_at 
    from
        users u1_0 
    where
        u1_0.id=?
2026-01-22 11:58:46.930 - 
    select
        po1_0.id,
        po1_0.card_end_date,
        po1_0.card_start_date,
        po1_0.card_status,
        po1_0.created_at,
        po1_0.order_no,
        po1_0.package_id,
        po1_0.package_name,
        po1_0.payment_method,
        po1_0.payment_time,
        po1_0.price,
        po1_0.remaining_times,
        po1_0.staff_id,
        po1_0.staff_name,
        po1_0.status,
        po1_0.transaction_type,
        po1_0.updated_at,
        po1_0.user_id 
    from
        payment_orders po1_0 
    where
        po1_0.user_id=? 
        and po1_0.status=?
2026-01-22 11:59:00.687 - 
    select
        po1_0.id,
        po1_0.card_end_date,
        po1_0.card_start_date,
        po1_0.card_status,
        po1_0.created_at,
        po1_0.order_no,
        po1_0.package_id,
        po1_0.package_name,
        po1_0.payment_method,
        po1_0.payment_time,
        po1_0.price,
        po1_0.remaining_times,
        po1_0.staff_id,
        po1_0.staff_name,
        po1_0.status,
        po1_0.transaction_type,
        po1_0.updated_at,
        po1_0.user_id 
    from
        payment_orders po1_0 
    where
        po1_0.user_id=?
2026-01-22 11:59:00.692 - 
    select
        mp1_0.id,
        mp1_0.avg_price_per_time,
        mp1_0.badge,
        mp1_0.category,
        mp1_0.code,
        mp1_0.description,
        mp1_0.features,
        mp1_0.is_active,
        mp1_0.name,
        mp1_0.people,
        mp1_0.price,
        mp1_0.sort_order,
        mp1_0.times_per_person,
        mp1_0.validity_days 
    from
        member_packages mp1_0 
    where
        mp1_0.id=?
2026-01-22 11:59:00.699 - 
    select
        po1_0.id,
        po1_0.card_end_date,
        po1_0.card_start_date,
        po1_0.card_status,
        po1_0.created_at,
        po1_0.order_no,
        po1_0.package_id,
        po1_0.package_name,
        po1_0.payment_method,
        po1_0.payment_time,
        po1_0.price,
        po1_0.remaining_times,
        po1_0.staff_id,
        po1_0.staff_name,
        po1_0.status,
        po1_0.transaction_type,
        po1_0.updated_at,
        po1_0.user_id 
    from
        payment_orders po1_0 
    where
        po1_0.user_id=?
2026-01-22 11:59:00.702 - 
    select
        mp1_0.id,
        mp1_0.avg_price_per_time,
        mp1_0.badge,
        mp1_0.category,
        mp1_0.code,
        mp1_0.description,
        mp1_0.features,
        mp1_0.is_active,
        mp1_0.name,
        mp1_0.people,
        mp1_0.price,
        mp1_0.sort_order,
        mp1_0.times_per_person,
        mp1_0.validity_days 
    from
        member_packages mp1_0 
    where
        mp1_0.id=?
2026-01-22 11:59:03.125 - 
    select
        bo1_0.id,
        bo1_0.cabin_name,
        bo1_0.consume_time,
        bo1_0.created_at,
        bo1_0.date,
        bo1_0.order_no,
        bo1_0.original_price,
        bo1_0.payment_method,
        bo1_0.payment_order_id,
        bo1_0.payment_status,
        bo1_0.payment_time,
        bo1_0.price,
        bo1_0.seat_name,
        bo1_0.status,
        bo1_0.time_slot,
        bo1_0.updated_at,
        bo1_0.user_id 
    from
        booking_orders bo1_0 
    where
        bo1_0.date=? 
        and bo1_0.time_slot=?
2026-01-22 11:59:04.733 - 
    select
        po1_0.id,
        po1_0.card_end_date,
        po1_0.card_start_date,
        po1_0.card_status,
        po1_0.created_at,
        po1_0.order_no,
        po1_0.package_id,
        po1_0.package_name,
        po1_0.payment_method,
        po1_0.payment_time,
        po1_0.price,
        po1_0.remaining_times,
        po1_0.staff_id,
        po1_0.staff_name,
        po1_0.status,
        po1_0.transaction_type,
        po1_0.updated_at,
        po1_0.user_id 
    from
        payment_orders po1_0 
    where
        po1_0.user_id=?
2026-01-22 11:59:04.737 - 
    select
        mp1_0.id,
        mp1_0.avg_price_per_time,
        mp1_0.badge,
        mp1_0.category,
        mp1_0.code,
        mp1_0.description,
        mp1_0.features,
        mp1_0.is_active,
        mp1_0.name,
        mp1_0.people,
        mp1_0.price,
        mp1_0.sort_order,
        mp1_0.times_per_person,
        mp1_0.validity_days 
    from
        member_packages mp1_0 
    where
        mp1_0.id=?
2026-01-22 11:59:04.766 - 
    select
        u1_0.id,
        u1_0.avatar_url,
        u1_0.created_at,
        u1_0.last_login_time,
        u1_0.member_expire_time,
        u1_0.member_level,
        u1_0.nickname,
        u1_0.openid,
        u1_0.phone,
        u1_0.points,
        u1_0.remaining_visits,
        u1_0.role,
        u1_0.total_visits,
        u1_0.updated_at 
    from
        users u1_0 
    where
        u1_0.id=?
2026-01-22 11:59:04.769 - 
    select
        bo1_0.id,
        bo1_0.cabin_name,
        bo1_0.consume_time,
        bo1_0.created_at,
        bo1_0.date,
        bo1_0.order_no,
        bo1_0.original_price,
        bo1_0.payment_method,
        bo1_0.payment_order_id,
        bo1_0.payment_status,
        bo1_0.payment_time,
        bo1_0.price,
        bo1_0.seat_name,
        bo1_0.status,
        bo1_0.time_slot,
        bo1_0.updated_at,
        bo1_0.user_id 
    from
        booking_orders bo1_0 
    where
        bo1_0.user_id=? 
        and bo1_0.date=? 
        and bo1_0.status!=?
2026-01-22 11:59:05.968 - 
    select
        u1_0.id,
        u1_0.avatar_url,
        u1_0.created_at,
        u1_0.last_login_time,
        u1_0.member_expire_time,
        u1_0.member_level,
        u1_0.nickname,
        u1_0.openid,
        u1_0.phone,
        u1_0.points,
        u1_0.remaining_visits,
        u1_0.role,
        u1_0.total_visits,
        u1_0.updated_at 
    from
        users u1_0 
    where
        u1_0.id=?
2026-01-22 11:59:05.971 - 
    select
        bo1_0.id,
        bo1_0.cabin_name,
        bo1_0.consume_time,
        bo1_0.created_at,
        bo1_0.date,
        bo1_0.order_no,
        bo1_0.original_price,
        bo1_0.payment_method,
        bo1_0.payment_order_id,
        bo1_0.payment_status,
        bo1_0.payment_time,
        bo1_0.price,
        bo1_0.seat_name,
        bo1_0.status,
        bo1_0.time_slot,
        bo1_0.updated_at,
        bo1_0.user_id 
    from
        booking_orders bo1_0 
    where
        bo1_0.user_id=? 
        and bo1_0.date=? 
        and bo1_0.status!=?
2026-01-22 11:59:05.972 - 
    select
        bo1_0.id,
        bo1_0.cabin_name,
        bo1_0.consume_time,
        bo1_0.created_at,
        bo1_0.date,
        bo1_0.order_no,
        bo1_0.original_price,
        bo1_0.payment_method,
        bo1_0.payment_order_id,
        bo1_0.payment_status,
        bo1_0.payment_time,
        bo1_0.price,
        bo1_0.seat_name,
        bo1_0.status,
        bo1_0.time_slot,
        bo1_0.updated_at,
        bo1_0.user_id 
    from
        booking_orders bo1_0 
    where
        bo1_0.date=? 
        and bo1_0.time_slot=? 
        and bo1_0.cabin_name=? 
        and bo1_0.seat_name=?
2026-01-22 11:59:05.974 - 
    select
        po1_0.id,
        po1_0.card_end_date,
        po1_0.card_start_date,
        po1_0.card_status,
        po1_0.created_at,
        po1_0.order_no,
        po1_0.package_id,
        po1_0.package_name,
        po1_0.payment_method,
        po1_0.payment_time,
        po1_0.price,
        po1_0.remaining_times,
        po1_0.staff_id,
        po1_0.staff_name,
        po1_0.status,
        po1_0.transaction_type,
        po1_0.updated_at,
        po1_0.user_id 
    from
        payment_orders po1_0 
    where
        po1_0.user_id=?
2026-01-22 11:59:05.975 - 
    select
        mp1_0.id,
        mp1_0.avg_price_per_time,
        mp1_0.badge,
        mp1_0.category,
        mp1_0.code,
        mp1_0.description,
        mp1_0.features,
        mp1_0.is_active,
        mp1_0.name,
        mp1_0.people,
        mp1_0.price,
        mp1_0.sort_order,
        mp1_0.times_per_person,
        mp1_0.validity_days 
    from
        member_packages mp1_0 
    where
        mp1_0.id=?
2026-01-22 11:59:16.098 - 
    select
        mp1_0.id,
        mp1_0.avg_price_per_time,
        mp1_0.badge,
        mp1_0.category,
        mp1_0.code,
        mp1_0.description,
        mp1_0.features,
        mp1_0.is_active,
        mp1_0.name,
        mp1_0.people,
        mp1_0.price,
        mp1_0.sort_order,
        mp1_0.times_per_person,
        mp1_0.validity_days 
    from
        member_packages mp1_0 
    where
        mp1_0.category=? 
        and mp1_0.is_active 
    order by
        mp1_0.sort_order
2026-01-22 11:59:16.103 - 
    select
        mp1_0.id,
        mp1_0.avg_price_per_time,
        mp1_0.badge,
        mp1_0.category,
        mp1_0.code,
        mp1_0.description,
        mp1_0.features,
        mp1_0.is_active,
        mp1_0.name,
        mp1_0.people,
        mp1_0.price,
        mp1_0.sort_order,
        mp1_0.times_per_person,
        mp1_0.validity_days 
    from
        member_packages mp1_0 
    where
        mp1_0.category=? 
        and mp1_0.is_active 
    order by
        mp1_0.sort_order
2026-01-22 11:59:17.010 - 
    select
        po1_0.id,
        po1_0.card_end_date,
        po1_0.card_start_date,
        po1_0.card_status,
        po1_0.created_at,
        po1_0.order_no,
        po1_0.package_id,
        po1_0.package_name,
        po1_0.payment_method,
        po1_0.payment_time,
        po1_0.price,
        po1_0.remaining_times,
        po1_0.staff_id,
        po1_0.staff_name,
        po1_0.status,
        po1_0.transaction_type,
        po1_0.updated_at,
        po1_0.user_id 
    from
        payment_orders po1_0 
    where
        po1_0.user_id=?
2026-01-22 11:59:17.011 - 
    select
        mp1_0.id,
        mp1_0.avg_price_per_time,
        mp1_0.badge,
        mp1_0.category,
        mp1_0.code,
        mp1_0.description,
        mp1_0.features,
        mp1_0.is_active,
        mp1_0.name,
        mp1_0.people,
        mp1_0.price,
        mp1_0.sort_order,
        mp1_0.times_per_person,
        mp1_0.validity_days 
    from
        member_packages mp1_0 
    where
        mp1_0.id=?
2026-01-22 11:59:17.017 - 
    select
        po1_0.id,
        po1_0.card_end_date,
        po1_0.card_start_date,
        po1_0.card_status,
        po1_0.created_at,
        po1_0.order_no,
        po1_0.package_id,
        po1_0.package_name,
        po1_0.payment_method,
        po1_0.payment_time,
        po1_0.price,
        po1_0.remaining_times,
        po1_0.staff_id,
        po1_0.staff_name,
        po1_0.status,
        po1_0.transaction_type,
        po1_0.updated_at,
        po1_0.user_id 
    from
        payment_orders po1_0 
    where
        po1_0.user_id=?
2026-01-22 11:59:17.019 - 
    select
        mp1_0.id,
        mp1_0.avg_price_per_time,
        mp1_0.badge,
        mp1_0.category,
        mp1_0.code,
        mp1_0.description,
        mp1_0.features,
        mp1_0.is_active,
        mp1_0.name,
        mp1_0.people,
        mp1_0.price,
        mp1_0.sort_order,
        mp1_0.times_per_person,
        mp1_0.validity_days 
    from
        member_packages mp1_0 
    where
        mp1_0.id=?
2026-01-22 11:59:18.544 - 
    select
        bo1_0.id,
        bo1_0.cabin_name,
        bo1_0.consume_time,
        bo1_0.created_at,
        bo1_0.date,
        bo1_0.order_no,
        bo1_0.original_price,
        bo1_0.payment_method,
        bo1_0.payment_order_id,
        bo1_0.payment_status,
        bo1_0.payment_time,
        bo1_0.price,
        bo1_0.seat_name,
        bo1_0.status,
        bo1_0.time_slot,
        bo1_0.updated_at,
        bo1_0.user_id 
    from
        booking_orders bo1_0 
    where
        bo1_0.date=? 
        and bo1_0.time_slot=?
2026-01-22 11:59:19.782 - 
    select
        po1_0.id,
        po1_0.card_end_date,
        po1_0.card_start_date,
        po1_0.card_status,
        po1_0.created_at,
        po1_0.order_no,
        po1_0.package_id,
        po1_0.package_name,
        po1_0.payment_method,
        po1_0.payment_time,
        po1_0.price,
        po1_0.remaining_times,
        po1_0.staff_id,
        po1_0.staff_name,
        po1_0.status,
        po1_0.transaction_type,
        po1_0.updated_at,
        po1_0.user_id 
    from
        payment_orders po1_0 
    where
        po1_0.user_id=?
2026-01-22 11:59:19.784 - 
    select
        mp1_0.id,
        mp1_0.avg_price_per_time,
        mp1_0.badge,
        mp1_0.category,
        mp1_0.code,
        mp1_0.description,
        mp1_0.features,
        mp1_0.is_active,
        mp1_0.name,
        mp1_0.people,
        mp1_0.price,
        mp1_0.sort_order,
        mp1_0.times_per_person,
        mp1_0.validity_days 
    from
        member_packages mp1_0 
    where
        mp1_0.id=?
2026-01-22 11:59:19.803 - 
    select
        u1_0.id,
        u1_0.avatar_url,
        u1_0.created_at,
        u1_0.last_login_time,
        u1_0.member_expire_time,
        u1_0.member_level,
        u1_0.nickname,
        u1_0.openid,
        u1_0.phone,
        u1_0.points,
        u1_0.remaining_visits,
        u1_0.role,
        u1_0.total_visits,
        u1_0.updated_at 
    from
        users u1_0 
    where
        u1_0.id=?
2026-01-22 11:59:19.806 - 
    select
        bo1_0.id,
        bo1_0.cabin_name,
        bo1_0.consume_time,
        bo1_0.created_at,
        bo1_0.date,
        bo1_0.order_no,
        bo1_0.original_price,
        bo1_0.payment_method,
        bo1_0.payment_order_id,
        bo1_0.payment_status,
        bo1_0.payment_time,
        bo1_0.price,
        bo1_0.seat_name,
        bo1_0.status,
        bo1_0.time_slot,
        bo1_0.updated_at,
        bo1_0.user_id 
    from
        booking_orders bo1_0 
    where
        bo1_0.user_id=? 
        and bo1_0.date=? 
        and bo1_0.status!=?
2026-01-22 11:59:20.663 - 
    select
        u1_0.id,
        u1_0.avatar_url,
        u1_0.created_at,
        u1_0.last_login_time,
        u1_0.member_expire_time,
        u1_0.member_level,
        u1_0.nickname,
        u1_0.openid,
        u1_0.phone,
        u1_0.points,
        u1_0.remaining_visits,
        u1_0.role,
        u1_0.total_visits,
        u1_0.updated_at 
    from
        users u1_0 
    where
        u1_0.id=?
2026-01-22 11:59:20.666 - 
    select
        bo1_0.id,
        bo1_0.cabin_name,
        bo1_0.consume_time,
        bo1_0.created_at,
        bo1_0.date,
        bo1_0.order_no,
        bo1_0.original_price,
        bo1_0.payment_method,
        bo1_0.payment_order_id,
        bo1_0.payment_status,
        bo1_0.payment_time,
        bo1_0.price,
        bo1_0.seat_name,
        bo1_0.status,
        bo1_0.time_slot,
        bo1_0.updated_at,
        bo1_0.user_id 
    from
        booking_orders bo1_0 
    where
        bo1_0.user_id=? 
        and bo1_0.date=? 
        and bo1_0.status!=?
2026-01-22 11:59:20.667 - 
    select
        bo1_0.id,
        bo1_0.cabin_name,
        bo1_0.consume_time,
        bo1_0.created_at,
        bo1_0.date,
        bo1_0.order_no,
        bo1_0.original_price,
        bo1_0.payment_method,
        bo1_0.payment_order_id,
        bo1_0.payment_status,
        bo1_0.payment_time,
        bo1_0.price,
        bo1_0.seat_name,
        bo1_0.status,
        bo1_0.time_slot,
        bo1_0.updated_at,
        bo1_0.user_id 
    from
        booking_orders bo1_0 
    where
        bo1_0.date=? 
        and bo1_0.time_slot=? 
        and bo1_0.cabin_name=? 
        and bo1_0.seat_name=?
2026-01-22 11:59:20.668 - 
    select
        po1_0.id,
        po1_0.card_end_date,
        po1_0.card_start_date,
        po1_0.card_status,
        po1_0.created_at,
        po1_0.order_no,
        po1_0.package_id,
        po1_0.package_name,
        po1_0.payment_method,
        po1_0.payment_time,
        po1_0.price,
        po1_0.remaining_times,
        po1_0.staff_id,
        po1_0.staff_name,
        po1_0.status,
        po1_0.transaction_type,
        po1_0.updated_at,
        po1_0.user_id 
    from
        payment_orders po1_0 
    where
        po1_0.user_id=?
2026-01-22 11:59:20.670 - 
    select
        mp1_0.id,
        mp1_0.avg_price_per_time,
        mp1_0.badge,
        mp1_0.category,
        mp1_0.code,
        mp1_0.description,
        mp1_0.features,
        mp1_0.is_active,
        mp1_0.name,
        mp1_0.people,
        mp1_0.price,
        mp1_0.sort_order,
        mp1_0.times_per_person,
        mp1_0.validity_days 
    from
        member_packages mp1_0 
    where
        mp1_0.id=?
2026-01-22 11:59:23.115 - 
    select
        u1_0.id,
        u1_0.avatar_url,
        u1_0.created_at,
        u1_0.last_login_time,
        u1_0.member_expire_time,
        u1_0.member_level,
        u1_0.nickname,
        u1_0.openid,
        u1_0.phone,
        u1_0.points,
        u1_0.remaining_visits,
        u1_0.role,
        u1_0.total_visits,
        u1_0.updated_at 
    from
        users u1_0 
    where
        u1_0.id=?
2026-01-22 11:59:23.115 - 
    select
        u1_0.id,
        u1_0.avatar_url,
        u1_0.created_at,
        u1_0.last_login_time,
        u1_0.member_expire_time,
        u1_0.member_level,
        u1_0.nickname,
        u1_0.openid,
        u1_0.phone,
        u1_0.points,
        u1_0.remaining_visits,
        u1_0.role,
        u1_0.total_visits,
        u1_0.updated_at 
    from
        users u1_0 
    where
        u1_0.id=?
2026-01-22 11:59:23.116 - 
    select
        po1_0.id,
        po1_0.card_end_date,
        po1_0.card_start_date,
        po1_0.card_status,
        po1_0.created_at,
        po1_0.order_no,
        po1_0.package_id,
        po1_0.package_name,
        po1_0.payment_method,
        po1_0.payment_time,
        po1_0.price,
        po1_0.remaining_times,
        po1_0.staff_id,
        po1_0.staff_name,
        po1_0.status,
        po1_0.transaction_type,
        po1_0.updated_at,
        po1_0.user_id 
    from
        payment_orders po1_0 
    where
        po1_0.user_id=?
2026-01-22 11:59:23.117 - 
    select
        mp1_0.id,
        mp1_0.avg_price_per_time,
        mp1_0.badge,
        mp1_0.category,
        mp1_0.code,
        mp1_0.description,
        mp1_0.features,
        mp1_0.is_active,
        mp1_0.name,
        mp1_0.people,
        mp1_0.price,
        mp1_0.sort_order,
        mp1_0.times_per_person,
        mp1_0.validity_days 
    from
        member_packages mp1_0 
    where
        mp1_0.id=?
2026-01-22 11:59:23.118 - 
    select
        po1_0.id,
        po1_0.card_end_date,
        po1_0.card_start_date,
        po1_0.card_status,
        po1_0.created_at,
        po1_0.order_no,
        po1_0.package_id,
        po1_0.package_name,
        po1_0.payment_method,
        po1_0.payment_time,
        po1_0.price,
        po1_0.remaining_times,
        po1_0.staff_id,
        po1_0.staff_name,
        po1_0.status,
        po1_0.transaction_type,
        po1_0.updated_at,
        po1_0.user_id 
    from
        payment_orders po1_0 
    where
        po1_0.user_id=? 
        and po1_0.status=?
2026-01-22 11:59:23.118 - 
    select
        bo1_0.id,
        bo1_0.cabin_name,
        bo1_0.consume_time,
        bo1_0.created_at,
        bo1_0.date,
        bo1_0.order_no,
        bo1_0.original_price,
        bo1_0.payment_method,
        bo1_0.payment_order_id,
        bo1_0.payment_status,
        bo1_0.payment_time,
        bo1_0.price,
        bo1_0.seat_name,
        bo1_0.status,
        bo1_0.time_slot,
        bo1_0.updated_at,
        bo1_0.user_id 
    from
        booking_orders bo1_0 
    where
        bo1_0.user_id=? 
    order by
        bo1_0.created_at desc
2026-01-22 11:59:23.123 - 
    select
        u1_0.id,
        u1_0.avatar_url,
        u1_0.created_at,
        u1_0.last_login_time,
        u1_0.member_expire_time,
        u1_0.member_level,
        u1_0.nickname,
        u1_0.openid,
        u1_0.phone,
        u1_0.points,
        u1_0.remaining_visits,
        u1_0.role,
        u1_0.total_visits,
        u1_0.updated_at 
    from
        users u1_0 
    where
        u1_0.id=?
2026-01-22 11:59:23.124 - 
    select
        po1_0.id,
        po1_0.card_end_date,
        po1_0.card_start_date,
        po1_0.card_status,
        po1_0.created_at,
        po1_0.order_no,
        po1_0.package_id,
        po1_0.package_name,
        po1_0.payment_method,
        po1_0.payment_time,
        po1_0.price,
        po1_0.remaining_times,
        po1_0.staff_id,
        po1_0.staff_name,
        po1_0.status,
        po1_0.transaction_type,
        po1_0.updated_at,
        po1_0.user_id 
    from
        payment_orders po1_0 
    where
        po1_0.user_id=?
2026-01-22 11:59:23.124 - 
    select
        u1_0.id,
        u1_0.avatar_url,
        u1_0.created_at,
        u1_0.last_login_time,
        u1_0.member_expire_time,
        u1_0.member_level,
        u1_0.nickname,
        u1_0.openid,
        u1_0.phone,
        u1_0.points,
        u1_0.remaining_visits,
        u1_0.role,
        u1_0.total_visits,
        u1_0.updated_at 
    from
        users u1_0 
    where
        u1_0.id=?
2026-01-22 11:59:23.125 - 
    select
        mp1_0.id,
        mp1_0.avg_price_per_time,
        mp1_0.badge,
        mp1_0.category,
        mp1_0.code,
        mp1_0.description,
        mp1_0.features,
        mp1_0.is_active,
        mp1_0.name,
        mp1_0.people,
        mp1_0.price,
        mp1_0.sort_order,
        mp1_0.times_per_person,
        mp1_0.validity_days 
    from
        member_packages mp1_0 
    where
        mp1_0.id=?
2026-01-22 11:59:23.126 - 
    select
        po1_0.id,
        po1_0.card_end_date,
        po1_0.card_start_date,
        po1_0.card_status,
        po1_0.created_at,
        po1_0.order_no,
        po1_0.package_id,
        po1_0.package_name,
        po1_0.payment_method,
        po1_0.payment_time,
        po1_0.price,
        po1_0.remaining_times,
        po1_0.staff_id,
        po1_0.staff_name,
        po1_0.status,
        po1_0.transaction_type,
        po1_0.updated_at,
        po1_0.user_id 
    from
        payment_orders po1_0 
    where
        po1_0.user_id=? 
        and po1_0.status=?
2026-01-22 11:59:23.126 - 
    select
        bo1_0.id,
        bo1_0.cabin_name,
        bo1_0.consume_time,
        bo1_0.created_at,
        bo1_0.date,
        bo1_0.order_no,
        bo1_0.original_price,
        bo1_0.payment_method,
        bo1_0.payment_order_id,
        bo1_0.payment_status,
        bo1_0.payment_time,
        bo1_0.price,
        bo1_0.seat_name,
        bo1_0.status,
        bo1_0.time_slot,
        bo1_0.updated_at,
        bo1_0.user_id 
    from
        booking_orders bo1_0 
    where
        bo1_0.user_id=? 
    order by
        bo1_0.created_at desc
2026-01-22 11:59:23.134 - 
    select
        u1_0.id,
        u1_0.avatar_url,
        u1_0.created_at,
        u1_0.last_login_time,
        u1_0.member_expire_time,
        u1_0.member_level,
        u1_0.nickname,
        u1_0.openid,
        u1_0.phone,
        u1_0.points,
        u1_0.remaining_visits,
        u1_0.role,
        u1_0.total_visits,
        u1_0.updated_at 
    from
        users u1_0 
    where
        u1_0.id=?
2026-01-22 11:59:23.136 - 
    select
        po1_0.id,
        po1_0.card_end_date,
        po1_0.card_start_date,
        po1_0.card_status,
        po1_0.created_at,
        po1_0.order_no,
        po1_0.package_id,
        po1_0.package_name,
        po1_0.payment_method,
        po1_0.payment_time,
        po1_0.price,
        po1_0.remaining_times,
        po1_0.staff_id,
        po1_0.staff_name,
        po1_0.status,
        po1_0.transaction_type,
        po1_0.updated_at,
        po1_0.user_id 
    from
        payment_orders po1_0 
    where
        po1_0.user_id=? 
        and po1_0.status=?
2026-01-22 11:59:23.141 - 
    select
        u1_0.id,
        u1_0.avatar_url,
        u1_0.created_at,
        u1_0.last_login_time,
        u1_0.member_expire_time,
        u1_0.member_level,
        u1_0.nickname,
        u1_0.openid,
        u1_0.phone,
        u1_0.points,
        u1_0.remaining_visits,
        u1_0.role,
        u1_0.total_visits,
        u1_0.updated_at 
    from
        users u1_0 
    where
        u1_0.id=?
2026-01-22 11:59:23.143 - 
    select
        po1_0.id,
        po1_0.card_end_date,
        po1_0.card_start_date,
        po1_0.card_status,
        po1_0.created_at,
        po1_0.order_no,
        po1_0.package_id,
        po1_0.package_name,
        po1_0.payment_method,
        po1_0.payment_time,
        po1_0.price,
        po1_0.remaining_times,
        po1_0.staff_id,
        po1_0.staff_name,
        po1_0.status,
        po1_0.transaction_type,
        po1_0.updated_at,
        po1_0.user_id 
    from
        payment_orders po1_0 
    where
        po1_0.user_id=? 
        and po1_0.status=?
2026-01-22 12:00:00.032 - 
    select
        bo1_0.id,
        bo1_0.cabin_name,
        bo1_0.consume_time,
        bo1_0.created_at,
        bo1_0.date,
        bo1_0.order_no,
        bo1_0.original_price,
        bo1_0.payment_method,
        bo1_0.payment_order_id,
        bo1_0.payment_status,
        bo1_0.payment_time,
        bo1_0.price,
        bo1_0.seat_name,
        bo1_0.status,
        bo1_0.time_slot,
        bo1_0.updated_at,
        bo1_0.user_id 
    from
        booking_orders bo1_0 
    where
        bo1_0.status=?
2026-01-22 12:00:51.249 - 
    select
        mp1_0.id,
        mp1_0.avg_price_per_time,
        mp1_0.badge,
        mp1_0.category,
        mp1_0.code,
        mp1_0.description,
        mp1_0.features,
        mp1_0.is_active,
        mp1_0.name,
        mp1_0.people,
        mp1_0.price,
        mp1_0.sort_order,
        mp1_0.times_per_person,
        mp1_0.validity_days 
    from
        member_packages mp1_0 
    where
        mp1_0.category=? 
        and mp1_0.is_active 
    order by
        mp1_0.sort_order
2026-01-22 12:00:51.263 - 
    select
        mp1_0.id,
        mp1_0.avg_price_per_time,
        mp1_0.badge,
        mp1_0.category,
        mp1_0.code,
        mp1_0.description,
        mp1_0.features,
        mp1_0.is_active,
        mp1_0.name,
        mp1_0.people,
        mp1_0.price,
        mp1_0.sort_order,
        mp1_0.times_per_person,
        mp1_0.validity_days 
    from
        member_packages mp1_0 
    where
        mp1_0.category=? 
        and mp1_0.is_active 
    order by
        mp1_0.sort_order
2026-01-22 12:00:52.067 - 
    select
        po1_0.id,
        po1_0.card_end_date,
        po1_0.card_start_date,
        po1_0.card_status,
        po1_0.created_at,
        po1_0.order_no,
        po1_0.package_id,
        po1_0.package_name,
        po1_0.payment_method,
        po1_0.payment_time,
        po1_0.price,
        po1_0.remaining_times,
        po1_0.staff_id,
        po1_0.staff_name,
        po1_0.status,
        po1_0.transaction_type,
        po1_0.updated_at,
        po1_0.user_id 
    from
        payment_orders po1_0 
    where
        po1_0.user_id=?
2026-01-22 12:00:52.078 - 
    select
        s1_0.id,
        s1_0.created_at,
        s1_0.last_login_time,
        s1_0.name,
        s1_0.password,
        s1_0.phone,
        s1_0.status,
        s1_0.updated_at,
        s1_0.username 
    from
        staffs s1_0 
    where
        s1_0.status=?
2026-01-22 12:00:55.187 - 
    select
        u1_0.id,
        u1_0.avatar_url,
        u1_0.created_at,
        u1_0.last_login_time,
        u1_0.member_expire_time,
        u1_0.member_level,
        u1_0.nickname,
        u1_0.openid,
        u1_0.phone,
        u1_0.points,
        u1_0.remaining_visits,
        u1_0.role,
        u1_0.total_visits,
        u1_0.updated_at 
    from
        users u1_0 
    where
        u1_0.id=?
2026-01-22 12:00:55.189 - 
    select
        mp1_0.id,
        mp1_0.avg_price_per_time,
        mp1_0.badge,
        mp1_0.category,
        mp1_0.code,
        mp1_0.description,
        mp1_0.features,
        mp1_0.is_active,
        mp1_0.name,
        mp1_0.people,
        mp1_0.price,
        mp1_0.sort_order,
        mp1_0.times_per_person,
        mp1_0.validity_days 
    from
        member_packages mp1_0 
    where
        mp1_0.id=?
2026-01-22 12:00:55.191 - 
    select
        po1_0.id,
        po1_0.card_end_date,
        po1_0.card_start_date,
        po1_0.card_status,
        po1_0.created_at,
        po1_0.order_no,
        po1_0.package_id,
        po1_0.package_name,
        po1_0.payment_method,
        po1_0.payment_time,
        po1_0.price,
        po1_0.remaining_times,
        po1_0.staff_id,
        po1_0.staff_name,
        po1_0.status,
        po1_0.transaction_type,
        po1_0.updated_at,
        po1_0.user_id 
    from
        payment_orders po1_0 
    where
        po1_0.user_id=? 
        and po1_0.status=?
2026-01-22 12:00:55.194 - 
    insert 
    into
        payment_orders
        (card_end_date, card_start_date, card_status, created_at, order_no, package_id, package_name, payment_method, payment_time, price, remaining_times, staff_id, staff_name, status, transaction_type, updated_at, user_id) 
    values
        (?, ?, ?, ?, ?, ?, ?, ?, ?, ?, ?, ?, ?, ?, ?, ?, ?)
2026-01-22 12:00:55.208 - 
    select
        po1_0.id,
        po1_0.card_end_date,
        po1_0.card_start_date,
        po1_0.card_status,
        po1_0.created_at,
        po1_0.order_no,
        po1_0.package_id,
        po1_0.package_name,
        po1_0.payment_method,
        po1_0.payment_time,
        po1_0.price,
        po1_0.remaining_times,
        po1_0.staff_id,
        po1_0.staff_name,
        po1_0.status,
        po1_0.transaction_type,
        po1_0.updated_at,
        po1_0.user_id 
    from
        payment_orders po1_0 
    where
        po1_0.id=?
2026-01-22 12:00:55.210 - 
    select
        u1_0.id,
        u1_0.avatar_url,
        u1_0.created_at,
        u1_0.last_login_time,
        u1_0.member_expire_time,
        u1_0.member_level,
        u1_0.nickname,
        u1_0.openid,
        u1_0.phone,
        u1_0.points,
        u1_0.remaining_visits,
        u1_0.role,
        u1_0.total_visits,
        u1_0.updated_at 
    from
        users u1_0 
    where
        u1_0.id=?
2026-01-22 12:00:55.916 - 
    select
        po1_0.id,
        po1_0.card_end_date,
        po1_0.card_start_date,
        po1_0.card_status,
        po1_0.created_at,
        po1_0.order_no,
        po1_0.package_id,
        po1_0.package_name,
        po1_0.payment_method,
        po1_0.payment_time,
        po1_0.price,
        po1_0.remaining_times,
        po1_0.staff_id,
        po1_0.staff_name,
        po1_0.status,
        po1_0.transaction_type,
        po1_0.updated_at,
        po1_0.user_id 
    from
        payment_orders po1_0 
    where
        po1_0.id=?
2026-01-22 12:00:55.919 - 
    select
        mp1_0.id,
        mp1_0.avg_price_per_time,
        mp1_0.badge,
        mp1_0.category,
        mp1_0.code,
        mp1_0.description,
        mp1_0.features,
        mp1_0.is_active,
        mp1_0.name,
        mp1_0.people,
        mp1_0.price,
        mp1_0.sort_order,
        mp1_0.times_per_person,
        mp1_0.validity_days 
    from
        member_packages mp1_0 
    where
        mp1_0.id=?
2026-01-22 12:00:55.921 - 
    select
        u1_0.id,
        u1_0.avatar_url,
        u1_0.created_at,
        u1_0.last_login_time,
        u1_0.member_expire_time,
        u1_0.member_level,
        u1_0.nickname,
        u1_0.openid,
        u1_0.phone,
        u1_0.points,
        u1_0.remaining_visits,
        u1_0.role,
        u1_0.total_visits,
        u1_0.updated_at 
    from
        users u1_0 
    where
        u1_0.id=?
2026-01-22 12:00:55.924 - 
    update
        payment_orders 
    set
        card_end_date=?,
        card_start_date=?,
        card_status=?,
        created_at=?,
        order_no=?,
        package_id=?,
        package_name=?,
        payment_method=?,
        payment_time=?,
        price=?,
        remaining_times=?,
        staff_id=?,
        staff_name=?,
        status=?,
        transaction_type=?,
        updated_at=?,
        user_id=? 
    where
        id=?
2026-01-22 12:00:55.926 - 
    update
        users 
    set
        avatar_url=?,
        created_at=?,
        last_login_time=?,
        member_expire_time=?,
        member_level=?,
        nickname=?,
        openid=?,
        phone=?,
        points=?,
        remaining_visits=?,
        role=?,
        total_visits=?,
        updated_at=? 
    where
        id=?
2026-01-22 12:00:58.213 - 
    select
        u1_0.id,
        u1_0.avatar_url,
        u1_0.created_at,
        u1_0.last_login_time,
        u1_0.member_expire_time,
        u1_0.member_level,
        u1_0.nickname,
        u1_0.openid,
        u1_0.phone,
        u1_0.points,
        u1_0.remaining_visits,
        u1_0.role,
        u1_0.total_visits,
        u1_0.updated_at 
    from
        users u1_0 
    where
        u1_0.id=?
2026-01-22 12:00:58.214 - 
    select
        u1_0.id,
        u1_0.avatar_url,
        u1_0.created_at,
        u1_0.last_login_time,
        u1_0.member_expire_time,
        u1_0.member_level,
        u1_0.nickname,
        u1_0.openid,
        u1_0.phone,
        u1_0.points,
        u1_0.remaining_visits,
        u1_0.role,
        u1_0.total_visits,
        u1_0.updated_at 
    from
        users u1_0 
    where
        u1_0.id=?
2026-01-22 12:00:58.215 - 
    select
        po1_0.id,
        po1_0.card_end_date,
        po1_0.card_start_date,
        po1_0.card_status,
        po1_0.created_at,
        po1_0.order_no,
        po1_0.package_id,
        po1_0.package_name,
        po1_0.payment_method,
        po1_0.payment_time,
        po1_0.price,
        po1_0.remaining_times,
        po1_0.staff_id,
        po1_0.staff_name,
        po1_0.status,
        po1_0.transaction_type,
        po1_0.updated_at,
        po1_0.user_id 
    from
        payment_orders po1_0 
    where
        po1_0.user_id=? 
        and po1_0.status=?
2026-01-22 12:00:58.215 - 
    select
        po1_0.id,
        po1_0.card_end_date,
        po1_0.card_start_date,
        po1_0.card_status,
        po1_0.created_at,
        po1_0.order_no,
        po1_0.package_id,
        po1_0.package_name,
        po1_0.payment_method,
        po1_0.payment_time,
        po1_0.price,
        po1_0.remaining_times,
        po1_0.staff_id,
        po1_0.staff_name,
        po1_0.status,
        po1_0.transaction_type,
        po1_0.updated_at,
        po1_0.user_id 
    from
        payment_orders po1_0 
    where
        po1_0.user_id=?
2026-01-22 12:00:58.216 - 
    select
        mp1_0.id,
        mp1_0.avg_price_per_time,
        mp1_0.badge,
        mp1_0.category,
        mp1_0.code,
        mp1_0.description,
        mp1_0.features,
        mp1_0.is_active,
        mp1_0.name,
        mp1_0.people,
        mp1_0.price,
        mp1_0.sort_order,
        mp1_0.times_per_person,
        mp1_0.validity_days 
    from
        member_packages mp1_0 
    where
        mp1_0.id=?
2026-01-22 12:00:58.217 - 
    select
        bo1_0.id,
        bo1_0.cabin_name,
        bo1_0.consume_time,
        bo1_0.created_at,
        bo1_0.date,
        bo1_0.order_no,
        bo1_0.original_price,
        bo1_0.payment_method,
        bo1_0.payment_order_id,
        bo1_0.payment_status,
        bo1_0.payment_time,
        bo1_0.price,
        bo1_0.seat_name,
        bo1_0.status,
        bo1_0.time_slot,
        bo1_0.updated_at,
        bo1_0.user_id 
    from
        booking_orders bo1_0 
    where
        bo1_0.user_id=? 
    order by
        bo1_0.created_at desc
2026-01-22 12:00:58.220 - 
    select
        u1_0.id,
        u1_0.avatar_url,
        u1_0.created_at,
        u1_0.last_login_time,
        u1_0.member_expire_time,
        u1_0.member_level,
        u1_0.nickname,
        u1_0.openid,
        u1_0.phone,
        u1_0.points,
        u1_0.remaining_visits,
        u1_0.role,
        u1_0.total_visits,
        u1_0.updated_at 
    from
        users u1_0 
    where
        u1_0.id=?
2026-01-22 12:00:58.222 - 
    select
        po1_0.id,
        po1_0.card_end_date,
        po1_0.card_start_date,
        po1_0.card_status,
        po1_0.created_at,
        po1_0.order_no,
        po1_0.package_id,
        po1_0.package_name,
        po1_0.payment_method,
        po1_0.payment_time,
        po1_0.price,
        po1_0.remaining_times,
        po1_0.staff_id,
        po1_0.staff_name,
        po1_0.status,
        po1_0.transaction_type,
        po1_0.updated_at,
        po1_0.user_id 
    from
        payment_orders po1_0 
    where
        po1_0.user_id=?
2026-01-22 12:00:58.222 - 
    select
        u1_0.id,
        u1_0.avatar_url,
        u1_0.created_at,
        u1_0.last_login_time,
        u1_0.member_expire_time,
        u1_0.member_level,
        u1_0.nickname,
        u1_0.openid,
        u1_0.phone,
        u1_0.points,
        u1_0.remaining_visits,
        u1_0.role,
        u1_0.total_visits,
        u1_0.updated_at 
    from
        users u1_0 
    where
        u1_0.id=?
2026-01-22 12:00:58.223 - 
    select
        po1_0.id,
        po1_0.card_end_date,
        po1_0.card_start_date,
        po1_0.card_status,
        po1_0.created_at,
        po1_0.order_no,
        po1_0.package_id,
        po1_0.package_name,
        po1_0.payment_method,
        po1_0.payment_time,
        po1_0.price,
        po1_0.remaining_times,
        po1_0.staff_id,
        po1_0.staff_name,
        po1_0.status,
        po1_0.transaction_type,
        po1_0.updated_at,
        po1_0.user_id 
    from
        payment_orders po1_0 
    where
        po1_0.user_id=? 
        and po1_0.status=?
2026-01-22 12:00:58.224 - 
    select
        mp1_0.id,
        mp1_0.avg_price_per_time,
        mp1_0.badge,
        mp1_0.category,
        mp1_0.code,
        mp1_0.description,
        mp1_0.features,
        mp1_0.is_active,
        mp1_0.name,
        mp1_0.people,
        mp1_0.price,
        mp1_0.sort_order,
        mp1_0.times_per_person,
        mp1_0.validity_days 
    from
        member_packages mp1_0 
    where
        mp1_0.id=?
2026-01-22 12:00:58.224 - 
    select
        bo1_0.id,
        bo1_0.cabin_name,
        bo1_0.consume_time,
        bo1_0.created_at,
        bo1_0.date,
        bo1_0.order_no,
        bo1_0.original_price,
        bo1_0.payment_method,
        bo1_0.payment_order_id,
        bo1_0.payment_status,
        bo1_0.payment_time,
        bo1_0.price,
        bo1_0.seat_name,
        bo1_0.status,
        bo1_0.time_slot,
        bo1_0.updated_at,
        bo1_0.user_id 
    from
        booking_orders bo1_0 
    where
        bo1_0.user_id=? 
    order by
        bo1_0.created_at desc
2026-01-22 12:00:58.231 - 
    select
        u1_0.id,
        u1_0.avatar_url,
        u1_0.created_at,
        u1_0.last_login_time,
        u1_0.member_expire_time,
        u1_0.member_level,
        u1_0.nickname,
        u1_0.openid,
        u1_0.phone,
        u1_0.points,
        u1_0.remaining_visits,
        u1_0.role,
        u1_0.total_visits,
        u1_0.updated_at 
    from
        users u1_0 
    where
        u1_0.id=?
2026-01-22 12:00:58.233 - 
    select
        po1_0.id,
        po1_0.card_end_date,
        po1_0.card_start_date,
        po1_0.card_status,
        po1_0.created_at,
        po1_0.order_no,
        po1_0.package_id,
        po1_0.package_name,
        po1_0.payment_method,
        po1_0.payment_time,
        po1_0.price,
        po1_0.remaining_times,
        po1_0.staff_id,
        po1_0.staff_name,
        po1_0.status,
        po1_0.transaction_type,
        po1_0.updated_at,
        po1_0.user_id 
    from
        payment_orders po1_0 
    where
        po1_0.user_id=? 
        and po1_0.status=?
2026-01-22 12:00:58.240 - 
    select
        u1_0.id,
        u1_0.avatar_url,
        u1_0.created_at,
        u1_0.last_login_time,
        u1_0.member_expire_time,
        u1_0.member_level,
        u1_0.nickname,
        u1_0.openid,
        u1_0.phone,
        u1_0.points,
        u1_0.remaining_visits,
        u1_0.role,
        u1_0.total_visits,
        u1_0.updated_at 
    from
        users u1_0 
    where
        u1_0.id=?
2026-01-22 12:00:58.242 - 
    select
        po1_0.id,
        po1_0.card_end_date,
        po1_0.card_start_date,
        po1_0.card_status,
        po1_0.created_at,
        po1_0.order_no,
        po1_0.package_id,
        po1_0.package_name,
        po1_0.payment_method,
        po1_0.payment_time,
        po1_0.price,
        po1_0.remaining_times,
        po1_0.staff_id,
        po1_0.staff_name,
        po1_0.status,
        po1_0.transaction_type,
        po1_0.updated_at,
        po1_0.user_id 
    from
        payment_orders po1_0 
    where
        po1_0.user_id=? 
        and po1_0.status=?
2026-01-22 12:01:00.019 - 
    select
        po1_0.id,
        po1_0.card_end_date,
        po1_0.card_start_date,
        po1_0.card_status,
        po1_0.created_at,
        po1_0.order_no,
        po1_0.package_id,
        po1_0.package_name,
        po1_0.payment_method,
        po1_0.payment_time,
        po1_0.price,
        po1_0.remaining_times,
        po1_0.staff_id,
        po1_0.staff_name,
        po1_0.status,
        po1_0.transaction_type,
        po1_0.updated_at,
        po1_0.user_id 
    from
        payment_orders po1_0 
    where
        po1_0.user_id=?
2026-01-22 12:01:00.020 - 
    select
        mp1_0.id,
        mp1_0.avg_price_per_time,
        mp1_0.badge,
        mp1_0.category,
        mp1_0.code,
        mp1_0.description,
        mp1_0.features,
        mp1_0.is_active,
        mp1_0.name,
        mp1_0.people,
        mp1_0.price,
        mp1_0.sort_order,
        mp1_0.times_per_person,
        mp1_0.validity_days 
    from
        member_packages mp1_0 
    where
        mp1_0.id=?
2026-01-22 12:01:00.025 - 
    select
        po1_0.id,
        po1_0.card_end_date,
        po1_0.card_start_date,
        po1_0.card_status,
        po1_0.created_at,
        po1_0.order_no,
        po1_0.package_id,
        po1_0.package_name,
        po1_0.payment_method,
        po1_0.payment_time,
        po1_0.price,
        po1_0.remaining_times,
        po1_0.staff_id,
        po1_0.staff_name,
        po1_0.status,
        po1_0.transaction_type,
        po1_0.updated_at,
        po1_0.user_id 
    from
        payment_orders po1_0 
    where
        po1_0.user_id=?
2026-01-22 12:01:00.027 - 
    select
        mp1_0.id,
        mp1_0.avg_price_per_time,
        mp1_0.badge,
        mp1_0.category,
        mp1_0.code,
        mp1_0.description,
        mp1_0.features,
        mp1_0.is_active,
        mp1_0.name,
        mp1_0.people,
        mp1_0.price,
        mp1_0.sort_order,
        mp1_0.times_per_person,
        mp1_0.validity_days 
    from
        member_packages mp1_0 
    where
        mp1_0.id=?
2026-01-22 12:01:01.565 - 
    select
        bo1_0.id,
        bo1_0.cabin_name,
        bo1_0.consume_time,
        bo1_0.created_at,
        bo1_0.date,
        bo1_0.order_no,
        bo1_0.original_price,
        bo1_0.payment_method,
        bo1_0.payment_order_id,
        bo1_0.payment_status,
        bo1_0.payment_time,
        bo1_0.price,
        bo1_0.seat_name,
        bo1_0.status,
        bo1_0.time_slot,
        bo1_0.updated_at,
        bo1_0.user_id 
    from
        booking_orders bo1_0 
    where
        bo1_0.date=? 
        and bo1_0.time_slot=?
2026-01-22 12:01:02.629 - 
    select
        po1_0.id,
        po1_0.card_end_date,
        po1_0.card_start_date,
        po1_0.card_status,
        po1_0.created_at,
        po1_0.order_no,
        po1_0.package_id,
        po1_0.package_name,
        po1_0.payment_method,
        po1_0.payment_time,
        po1_0.price,
        po1_0.remaining_times,
        po1_0.staff_id,
        po1_0.staff_name,
        po1_0.status,
        po1_0.transaction_type,
        po1_0.updated_at,
        po1_0.user_id 
    from
        payment_orders po1_0 
    where
        po1_0.user_id=?
2026-01-22 12:01:02.633 - 
    select
        mp1_0.id,
        mp1_0.avg_price_per_time,
        mp1_0.badge,
        mp1_0.category,
        mp1_0.code,
        mp1_0.description,
        mp1_0.features,
        mp1_0.is_active,
        mp1_0.name,
        mp1_0.people,
        mp1_0.price,
        mp1_0.sort_order,
        mp1_0.times_per_person,
        mp1_0.validity_days 
    from
        member_packages mp1_0 
    where
        mp1_0.id=?
2026-01-22 12:01:02.650 - 
    select
        u1_0.id,
        u1_0.avatar_url,
        u1_0.created_at,
        u1_0.last_login_time,
        u1_0.member_expire_time,
        u1_0.member_level,
        u1_0.nickname,
        u1_0.openid,
        u1_0.phone,
        u1_0.points,
        u1_0.remaining_visits,
        u1_0.role,
        u1_0.total_visits,
        u1_0.updated_at 
    from
        users u1_0 
    where
        u1_0.id=?
2026-01-22 12:01:02.653 - 
    select
        bo1_0.id,
        bo1_0.cabin_name,
        bo1_0.consume_time,
        bo1_0.created_at,
        bo1_0.date,
        bo1_0.order_no,
        bo1_0.original_price,
        bo1_0.payment_method,
        bo1_0.payment_order_id,
        bo1_0.payment_status,
        bo1_0.payment_time,
        bo1_0.price,
        bo1_0.seat_name,
        bo1_0.status,
        bo1_0.time_slot,
        bo1_0.updated_at,
        bo1_0.user_id 
    from
        booking_orders bo1_0 
    where
        bo1_0.user_id=? 
        and bo1_0.date=? 
        and bo1_0.status!=?
2026-01-22 12:01:03.303 - 
    select
        u1_0.id,
        u1_0.avatar_url,
        u1_0.created_at,
        u1_0.last_login_time,
        u1_0.member_expire_time,
        u1_0.member_level,
        u1_0.nickname,
        u1_0.openid,
        u1_0.phone,
        u1_0.points,
        u1_0.remaining_visits,
        u1_0.role,
        u1_0.total_visits,
        u1_0.updated_at 
    from
        users u1_0 
    where
        u1_0.id=?
2026-01-22 12:01:03.306 - 
    select
        bo1_0.id,
        bo1_0.cabin_name,
        bo1_0.consume_time,
        bo1_0.created_at,
        bo1_0.date,
        bo1_0.order_no,
        bo1_0.original_price,
        bo1_0.payment_method,
        bo1_0.payment_order_id,
        bo1_0.payment_status,
        bo1_0.payment_time,
        bo1_0.price,
        bo1_0.seat_name,
        bo1_0.status,
        bo1_0.time_slot,
        bo1_0.updated_at,
        bo1_0.user_id 
    from
        booking_orders bo1_0 
    where
        bo1_0.user_id=? 
        and bo1_0.date=? 
        and bo1_0.status!=?
2026-01-22 12:01:03.307 - 
    select
        bo1_0.id,
        bo1_0.cabin_name,
        bo1_0.consume_time,
        bo1_0.created_at,
        bo1_0.date,
        bo1_0.order_no,
        bo1_0.original_price,
        bo1_0.payment_method,
        bo1_0.payment_order_id,
        bo1_0.payment_status,
        bo1_0.payment_time,
        bo1_0.price,
        bo1_0.seat_name,
        bo1_0.status,
        bo1_0.time_slot,
        bo1_0.updated_at,
        bo1_0.user_id 
    from
        booking_orders bo1_0 
    where
        bo1_0.date=? 
        and bo1_0.time_slot=? 
        and bo1_0.cabin_name=? 
        and bo1_0.seat_name=?
2026-01-22 12:01:03.310 - 
    select
        po1_0.id,
        po1_0.card_end_date,
        po1_0.card_start_date,
        po1_0.card_status,
        po1_0.created_at,
        po1_0.order_no,
        po1_0.package_id,
        po1_0.package_name,
        po1_0.payment_method,
        po1_0.payment_time,
        po1_0.price,
        po1_0.remaining_times,
        po1_0.staff_id,
        po1_0.staff_name,
        po1_0.status,
        po1_0.transaction_type,
        po1_0.updated_at,
        po1_0.user_id 
    from
        payment_orders po1_0 
    where
        po1_0.user_id=?
2026-01-22 12:01:03.311 - 
    select
        mp1_0.id,
        mp1_0.avg_price_per_time,
        mp1_0.badge,
        mp1_0.category,
        mp1_0.code,
        mp1_0.description,
        mp1_0.features,
        mp1_0.is_active,
        mp1_0.name,
        mp1_0.people,
        mp1_0.price,
        mp1_0.sort_order,
        mp1_0.times_per_person,
        mp1_0.validity_days 
    from
        member_packages mp1_0 
    where
        mp1_0.id=?
2026-01-22 12:01:03.314 - 
    insert 
    into
        booking_orders
        (cabin_name, consume_time, created_at, date, order_no, original_price, payment_method, payment_order_id, payment_status, payment_time, price, seat_name, status, time_slot, updated_at, user_id) 
    values
        (?, ?, ?, ?, ?, ?, ?, ?, ?, ?, ?, ?, ?, ?, ?, ?)
2026-01-22 12:01:04.728 - 
    select
        u1_0.id,
        u1_0.avatar_url,
        u1_0.created_at,
        u1_0.last_login_time,
        u1_0.member_expire_time,
        u1_0.member_level,
        u1_0.nickname,
        u1_0.openid,
        u1_0.phone,
        u1_0.points,
        u1_0.remaining_visits,
        u1_0.role,
        u1_0.total_visits,
        u1_0.updated_at 
    from
        users u1_0 
    where
        u1_0.id=?
2026-01-22 12:01:04.728 - 
    select
        po1_0.id,
        po1_0.card_end_date,
        po1_0.card_start_date,
        po1_0.card_status,
        po1_0.created_at,
        po1_0.order_no,
        po1_0.package_id,
        po1_0.package_name,
        po1_0.payment_method,
        po1_0.payment_time,
        po1_0.price,
        po1_0.remaining_times,
        po1_0.staff_id,
        po1_0.staff_name,
        po1_0.status,
        po1_0.transaction_type,
        po1_0.updated_at,
        po1_0.user_id 
    from
        payment_orders po1_0 
    where
        po1_0.user_id=?
2026-01-22 12:01:04.729 - 
    select
        u1_0.id,
        u1_0.avatar_url,
        u1_0.created_at,
        u1_0.last_login_time,
        u1_0.member_expire_time,
        u1_0.member_level,
        u1_0.nickname,
        u1_0.openid,
        u1_0.phone,
        u1_0.points,
        u1_0.remaining_visits,
        u1_0.role,
        u1_0.total_visits,
        u1_0.updated_at 
    from
        users u1_0 
    where
        u1_0.id=?
2026-01-22 12:01:04.729 - 
    select
        mp1_0.id,
        mp1_0.avg_price_per_time,
        mp1_0.badge,
        mp1_0.category,
        mp1_0.code,
        mp1_0.description,
        mp1_0.features,
        mp1_0.is_active,
        mp1_0.name,
        mp1_0.people,
        mp1_0.price,
        mp1_0.sort_order,
        mp1_0.times_per_person,
        mp1_0.validity_days 
    from
        member_packages mp1_0 
    where
        mp1_0.id=?
2026-01-22 12:01:04.730 - 
    select
        po1_0.id,
        po1_0.card_end_date,
        po1_0.card_start_date,
        po1_0.card_status,
        po1_0.created_at,
        po1_0.order_no,
        po1_0.package_id,
        po1_0.package_name,
        po1_0.payment_method,
        po1_0.payment_time,
        po1_0.price,
        po1_0.remaining_times,
        po1_0.staff_id,
        po1_0.staff_name,
        po1_0.status,
        po1_0.transaction_type,
        po1_0.updated_at,
        po1_0.user_id 
    from
        payment_orders po1_0 
    where
        po1_0.user_id=? 
        and po1_0.status=?
2026-01-22 12:01:04.730 - 
    select
        bo1_0.id,
        bo1_0.cabin_name,
        bo1_0.consume_time,
        bo1_0.created_at,
        bo1_0.date,
        bo1_0.order_no,
        bo1_0.original_price,
        bo1_0.payment_method,
        bo1_0.payment_order_id,
        bo1_0.payment_status,
        bo1_0.payment_time,
        bo1_0.price,
        bo1_0.seat_name,
        bo1_0.status,
        bo1_0.time_slot,
        bo1_0.updated_at,
        bo1_0.user_id 
    from
        booking_orders bo1_0 
    where
        bo1_0.user_id=? 
    order by
        bo1_0.created_at desc
2026-01-22 12:01:04.735 - 
    select
        u1_0.id,
        u1_0.avatar_url,
        u1_0.created_at,
        u1_0.last_login_time,
        u1_0.member_expire_time,
        u1_0.member_level,
        u1_0.nickname,
        u1_0.openid,
        u1_0.phone,
        u1_0.points,
        u1_0.remaining_visits,
        u1_0.role,
        u1_0.total_visits,
        u1_0.updated_at 
    from
        users u1_0 
    where
        u1_0.id=?
2026-01-22 12:01:04.735 - 
    select
        u1_0.id,
        u1_0.avatar_url,
        u1_0.created_at,
        u1_0.last_login_time,
        u1_0.member_expire_time,
        u1_0.member_level,
        u1_0.nickname,
        u1_0.openid,
        u1_0.phone,
        u1_0.points,
        u1_0.remaining_visits,
        u1_0.role,
        u1_0.total_visits,
        u1_0.updated_at 
    from
        users u1_0 
    where
        u1_0.id=?
2026-01-22 12:01:04.735 - 
    select
        po1_0.id,
        po1_0.card_end_date,
        po1_0.card_start_date,
        po1_0.card_status,
        po1_0.created_at,
        po1_0.order_no,
        po1_0.package_id,
        po1_0.package_name,
        po1_0.payment_method,
        po1_0.payment_time,
        po1_0.price,
        po1_0.remaining_times,
        po1_0.staff_id,
        po1_0.staff_name,
        po1_0.status,
        po1_0.transaction_type,
        po1_0.updated_at,
        po1_0.user_id 
    from
        payment_orders po1_0 
    where
        po1_0.user_id=?
2026-01-22 12:01:04.736 - 
    select
        mp1_0.id,
        mp1_0.avg_price_per_time,
        mp1_0.badge,
        mp1_0.category,
        mp1_0.code,
        mp1_0.description,
        mp1_0.features,
        mp1_0.is_active,
        mp1_0.name,
        mp1_0.people,
        mp1_0.price,
        mp1_0.sort_order,
        mp1_0.times_per_person,
        mp1_0.validity_days 
    from
        member_packages mp1_0 
    where
        mp1_0.id=?
2026-01-22 12:01:04.737 - 
    select
        po1_0.id,
        po1_0.card_end_date,
        po1_0.card_start_date,
        po1_0.card_status,
        po1_0.created_at,
        po1_0.order_no,
        po1_0.package_id,
        po1_0.package_name,
        po1_0.payment_method,
        po1_0.payment_time,
        po1_0.price,
        po1_0.remaining_times,
        po1_0.staff_id,
        po1_0.staff_name,
        po1_0.status,
        po1_0.transaction_type,
        po1_0.updated_at,
        po1_0.user_id 
    from
        payment_orders po1_0 
    where
        po1_0.user_id=? 
        and po1_0.status=?
2026-01-22 12:01:04.737 - 
    select
        bo1_0.id,
        bo1_0.cabin_name,
        bo1_0.consume_time,
        bo1_0.created_at,
        bo1_0.date,
        bo1_0.order_no,
        bo1_0.original_price,
        bo1_0.payment_method,
        bo1_0.payment_order_id,
        bo1_0.payment_status,
        bo1_0.payment_time,
        bo1_0.price,
        bo1_0.seat_name,
        bo1_0.status,
        bo1_0.time_slot,
        bo1_0.updated_at,
        bo1_0.user_id 
    from
        booking_orders bo1_0 
    where
        bo1_0.user_id=? 
    order by
        bo1_0.created_at desc
2026-01-22 12:01:04.745 - 
    select
        u1_0.id,
        u1_0.avatar_url,
        u1_0.created_at,
        u1_0.last_login_time,
        u1_0.member_expire_time,
        u1_0.member_level,
        u1_0.nickname,
        u1_0.openid,
        u1_0.phone,
        u1_0.points,
        u1_0.remaining_visits,
        u1_0.role,
        u1_0.total_visits,
        u1_0.updated_at 
    from
        users u1_0 
    where
        u1_0.id=?
2026-01-22 12:01:04.748 - 
    select
        po1_0.id,
        po1_0.card_end_date,
        po1_0.card_start_date,
        po1_0.card_status,
        po1_0.created_at,
        po1_0.order_no,
        po1_0.package_id,
        po1_0.package_name,
        po1_0.payment_method,
        po1_0.payment_time,
        po1_0.price,
        po1_0.remaining_times,
        po1_0.staff_id,
        po1_0.staff_name,
        po1_0.status,
        po1_0.transaction_type,
        po1_0.updated_at,
        po1_0.user_id 
    from
        payment_orders po1_0 
    where
        po1_0.user_id=? 
        and po1_0.status=?
2026-01-22 12:01:04.756 - 
    select
        u1_0.id,
        u1_0.avatar_url,
        u1_0.created_at,
        u1_0.last_login_time,
        u1_0.member_expire_time,
        u1_0.member_level,
        u1_0.nickname,
        u1_0.openid,
        u1_0.phone,
        u1_0.points,
        u1_0.remaining_visits,
        u1_0.role,
        u1_0.total_visits,
        u1_0.updated_at 
    from
        users u1_0 
    where
        u1_0.id=?
2026-01-22 12:01:04.758 - 
    select
        po1_0.id,
        po1_0.card_end_date,
        po1_0.card_start_date,
        po1_0.card_status,
        po1_0.created_at,
        po1_0.order_no,
        po1_0.package_id,
        po1_0.package_name,
        po1_0.payment_method,
        po1_0.payment_time,
        po1_0.price,
        po1_0.remaining_times,
        po1_0.staff_id,
        po1_0.staff_name,
        po1_0.status,
        po1_0.transaction_type,
        po1_0.updated_at,
        po1_0.user_id 
    from
        payment_orders po1_0 
    where
        po1_0.user_id=? 
        and po1_0.status=?
2026-01-22 12:01:05.171 - 
    select
        u1_0.id,
        u1_0.avatar_url,
        u1_0.created_at,
        u1_0.last_login_time,
        u1_0.member_expire_time,
        u1_0.member_level,
        u1_0.nickname,
        u1_0.openid,
        u1_0.phone,
        u1_0.points,
        u1_0.remaining_visits,
        u1_0.role,
        u1_0.total_visits,
        u1_0.updated_at 
    from
        users u1_0 
    where
        u1_0.id=?
2026-01-22 12:01:05.171 - 
    select
        u1_0.id,
        u1_0.avatar_url,
        u1_0.created_at,
        u1_0.last_login_time,
        u1_0.member_expire_time,
        u1_0.member_level,
        u1_0.nickname,
        u1_0.openid,
        u1_0.phone,
        u1_0.points,
        u1_0.remaining_visits,
        u1_0.role,
        u1_0.total_visits,
        u1_0.updated_at 
    from
        users u1_0 
    where
        u1_0.id=?
2026-01-22 12:01:05.171 - 
    select
        po1_0.id,
        po1_0.card_end_date,
        po1_0.card_start_date,
        po1_0.card_status,
        po1_0.created_at,
        po1_0.order_no,
        po1_0.package_id,
        po1_0.package_name,
        po1_0.payment_method,
        po1_0.payment_time,
        po1_0.price,
        po1_0.remaining_times,
        po1_0.staff_id,
        po1_0.staff_name,
        po1_0.status,
        po1_0.transaction_type,
        po1_0.updated_at,
        po1_0.user_id 
    from
        payment_orders po1_0 
    where
        po1_0.user_id=?
2026-01-22 12:01:05.173 - 
    select
        mp1_0.id,
        mp1_0.avg_price_per_time,
        mp1_0.badge,
        mp1_0.category,
        mp1_0.code,
        mp1_0.description,
        mp1_0.features,
        mp1_0.is_active,
        mp1_0.name,
        mp1_0.people,
        mp1_0.price,
        mp1_0.sort_order,
        mp1_0.times_per_person,
        mp1_0.validity_days 
    from
        member_packages mp1_0 
    where
        mp1_0.id=?
2026-01-22 12:01:05.174 - 
    select
        po1_0.id,
        po1_0.card_end_date,
        po1_0.card_start_date,
        po1_0.card_status,
        po1_0.created_at,
        po1_0.order_no,
        po1_0.package_id,
        po1_0.package_name,
        po1_0.payment_method,
        po1_0.payment_time,
        po1_0.price,
        po1_0.remaining_times,
        po1_0.staff_id,
        po1_0.staff_name,
        po1_0.status,
        po1_0.transaction_type,
        po1_0.updated_at,
        po1_0.user_id 
    from
        payment_orders po1_0 
    where
        po1_0.user_id=? 
        and po1_0.status=?
2026-01-22 12:01:05.174 - 
    select
        bo1_0.id,
        bo1_0.cabin_name,
        bo1_0.consume_time,
        bo1_0.created_at,
        bo1_0.date,
        bo1_0.order_no,
        bo1_0.original_price,
        bo1_0.payment_method,
        bo1_0.payment_order_id,
        bo1_0.payment_status,
        bo1_0.payment_time,
        bo1_0.price,
        bo1_0.seat_name,
        bo1_0.status,
        bo1_0.time_slot,
        bo1_0.updated_at,
        bo1_0.user_id 
    from
        booking_orders bo1_0 
    where
        bo1_0.user_id=? 
    order by
        bo1_0.created_at desc
2026-01-22 12:01:05.179 - 
    select
        u1_0.id,
        u1_0.avatar_url,
        u1_0.created_at,
        u1_0.last_login_time,
        u1_0.member_expire_time,
        u1_0.member_level,
        u1_0.nickname,
        u1_0.openid,
        u1_0.phone,
        u1_0.points,
        u1_0.remaining_visits,
        u1_0.role,
        u1_0.total_visits,
        u1_0.updated_at 
    from
        users u1_0 
    where
        u1_0.id=?
2026-01-22 12:01:05.179 - 
    select
        u1_0.id,
        u1_0.avatar_url,
        u1_0.created_at,
        u1_0.last_login_time,
        u1_0.member_expire_time,
        u1_0.member_level,
        u1_0.nickname,
        u1_0.openid,
        u1_0.phone,
        u1_0.points,
        u1_0.remaining_visits,
        u1_0.role,
        u1_0.total_visits,
        u1_0.updated_at 
    from
        users u1_0 
    where
        u1_0.id=?
2026-01-22 12:01:05.180 - 
    select
        po1_0.id,
        po1_0.card_end_date,
        po1_0.card_start_date,
        po1_0.card_status,
        po1_0.created_at,
        po1_0.order_no,
        po1_0.package_id,
        po1_0.package_name,
        po1_0.payment_method,
        po1_0.payment_time,
        po1_0.price,
        po1_0.remaining_times,
        po1_0.staff_id,
        po1_0.staff_name,
        po1_0.status,
        po1_0.transaction_type,
        po1_0.updated_at,
        po1_0.user_id 
    from
        payment_orders po1_0 
    where
        po1_0.user_id=?
2026-01-22 12:01:05.181 - 
    select
        mp1_0.id,
        mp1_0.avg_price_per_time,
        mp1_0.badge,
        mp1_0.category,
        mp1_0.code,
        mp1_0.description,
        mp1_0.features,
        mp1_0.is_active,
        mp1_0.name,
        mp1_0.people,
        mp1_0.price,
        mp1_0.sort_order,
        mp1_0.times_per_person,
        mp1_0.validity_days 
    from
        member_packages mp1_0 
    where
        mp1_0.id=?
2026-01-22 12:01:05.182 - 
    select
        bo1_0.id,
        bo1_0.cabin_name,
        bo1_0.consume_time,
        bo1_0.created_at,
        bo1_0.date,
        bo1_0.order_no,
        bo1_0.original_price,
        bo1_0.payment_method,
        bo1_0.payment_order_id,
        bo1_0.payment_status,
        bo1_0.payment_time,
        bo1_0.price,
        bo1_0.seat_name,
        bo1_0.status,
        bo1_0.time_slot,
        bo1_0.updated_at,
        bo1_0.user_id 
    from
        booking_orders bo1_0 
    where
        bo1_0.user_id=? 
    order by
        bo1_0.created_at desc
2026-01-22 12:01:05.182 - 
    select
        po1_0.id,
        po1_0.card_end_date,
        po1_0.card_start_date,
        po1_0.card_status,
        po1_0.created_at,
        po1_0.order_no,
        po1_0.package_id,
        po1_0.package_name,
        po1_0.payment_method,
        po1_0.payment_time,
        po1_0.price,
        po1_0.remaining_times,
        po1_0.staff_id,
        po1_0.staff_name,
        po1_0.status,
        po1_0.transaction_type,
        po1_0.updated_at,
        po1_0.user_id 
    from
        payment_orders po1_0 
    where
        po1_0.user_id=? 
        and po1_0.status=?
2026-01-22 12:01:05.193 - 
    select
        u1_0.id,
        u1_0.avatar_url,
        u1_0.created_at,
        u1_0.last_login_time,
        u1_0.member_expire_time,
        u1_0.member_level,
        u1_0.nickname,
        u1_0.openid,
        u1_0.phone,
        u1_0.points,
        u1_0.remaining_visits,
        u1_0.role,
        u1_0.total_visits,
        u1_0.updated_at 
    from
        users u1_0 
    where
        u1_0.id=?
2026-01-22 12:01:05.196 - 
    select
        po1_0.id,
        po1_0.card_end_date,
        po1_0.card_start_date,
        po1_0.card_status,
        po1_0.created_at,
        po1_0.order_no,
        po1_0.package_id,
        po1_0.package_name,
        po1_0.payment_method,
        po1_0.payment_time,
        po1_0.price,
        po1_0.remaining_times,
        po1_0.staff_id,
        po1_0.staff_name,
        po1_0.status,
        po1_0.transaction_type,
        po1_0.updated_at,
        po1_0.user_id 
    from
        payment_orders po1_0 
    where
        po1_0.user_id=? 
        and po1_0.status=?
2026-01-22 12:01:05.201 - 
    select
        u1_0.id,
        u1_0.avatar_url,
        u1_0.created_at,
        u1_0.last_login_time,
        u1_0.member_expire_time,
        u1_0.member_level,
        u1_0.nickname,
        u1_0.openid,
        u1_0.phone,
        u1_0.points,
        u1_0.remaining_visits,
        u1_0.role,
        u1_0.total_visits,
        u1_0.updated_at 
    from
        users u1_0 
    where
        u1_0.id=?
2026-01-22 12:01:05.203 - 
    select
        po1_0.id,
        po1_0.card_end_date,
        po1_0.card_start_date,
        po1_0.card_status,
        po1_0.created_at,
        po1_0.order_no,
        po1_0.package_id,
        po1_0.package_name,
        po1_0.payment_method,
        po1_0.payment_time,
        po1_0.price,
        po1_0.remaining_times,
        po1_0.staff_id,
        po1_0.staff_name,
        po1_0.status,
        po1_0.transaction_type,
        po1_0.updated_at,
        po1_0.user_id 
    from
        payment_orders po1_0 
    where
        po1_0.user_id=? 
        and po1_0.status=?
2026-01-22 12:01:08.183 - 
    select
        u1_0.id,
        u1_0.avatar_url,
        u1_0.created_at,
        u1_0.last_login_time,
        u1_0.member_expire_time,
        u1_0.member_level,
        u1_0.nickname,
        u1_0.openid,
        u1_0.phone,
        u1_0.points,
        u1_0.remaining_visits,
        u1_0.role,
        u1_0.total_visits,
        u1_0.updated_at 
    from
        users u1_0 
    where
        u1_0.id=?
2026-01-22 12:01:08.185 - 
    select
        bo1_0.id,
        bo1_0.cabin_name,
        bo1_0.consume_time,
        bo1_0.created_at,
        bo1_0.date,
        bo1_0.order_no,
        bo1_0.original_price,
        bo1_0.payment_method,
        bo1_0.payment_order_id,
        bo1_0.payment_status,
        bo1_0.payment_time,
        bo1_0.price,
        bo1_0.seat_name,
        bo1_0.status,
        bo1_0.time_slot,
        bo1_0.updated_at,
        bo1_0.user_id 
    from
        booking_orders bo1_0 
    where
        bo1_0.id=?
2026-01-22 12:01:08.190 - 
    update
        booking_orders 
    set
        cabin_name=?,
        consume_time=?,
        created_at=?,
        date=?,
        order_no=?,
        original_price=?,
        payment_method=?,
        payment_order_id=?,
        payment_status=?,
        payment_time=?,
        price=?,
        seat_name=?,
        status=?,
        time_slot=?,
        updated_at=?,
        user_id=? 
    where
        id=?
2026-01-22 12:01:08.211 - 
    select
        u1_0.id,
        u1_0.avatar_url,
        u1_0.created_at,
        u1_0.last_login_time,
        u1_0.member_expire_time,
        u1_0.member_level,
        u1_0.nickname,
        u1_0.openid,
        u1_0.phone,
        u1_0.points,
        u1_0.remaining_visits,
        u1_0.role,
        u1_0.total_visits,
        u1_0.updated_at 
    from
        users u1_0 
    where
        u1_0.id=?
2026-01-22 12:01:08.213 - 
    select
        bo1_0.id,
        bo1_0.cabin_name,
        bo1_0.consume_time,
        bo1_0.created_at,
        bo1_0.date,
        bo1_0.order_no,
        bo1_0.original_price,
        bo1_0.payment_method,
        bo1_0.payment_order_id,
        bo1_0.payment_status,
        bo1_0.payment_time,
        bo1_0.price,
        bo1_0.seat_name,
        bo1_0.status,
        bo1_0.time_slot,
        bo1_0.updated_at,
        bo1_0.user_id 
    from
        booking_orders bo1_0 
    where
        bo1_0.user_id=? 
    order by
        bo1_0.created_at desc
2026-01-22 12:01:21.483 - 
    select
        mp1_0.id,
        mp1_0.avg_price_per_time,
        mp1_0.badge,
        mp1_0.category,
        mp1_0.code,
        mp1_0.description,
        mp1_0.features,
        mp1_0.is_active,
        mp1_0.name,
        mp1_0.people,
        mp1_0.price,
        mp1_0.sort_order,
        mp1_0.times_per_person,
        mp1_0.validity_days 
    from
        member_packages mp1_0 
    where
        mp1_0.category=? 
        and mp1_0.is_active 
    order by
        mp1_0.sort_order
2026-01-22 12:01:21.489 - 
    select
        mp1_0.id,
        mp1_0.avg_price_per_time,
        mp1_0.badge,
        mp1_0.category,
        mp1_0.code,
        mp1_0.description,
        mp1_0.features,
        mp1_0.is_active,
        mp1_0.name,
        mp1_0.people,
        mp1_0.price,
        mp1_0.sort_order,
        mp1_0.times_per_person,
        mp1_0.validity_days 
    from
        member_packages mp1_0 
    where
        mp1_0.category=? 
        and mp1_0.is_active 
    order by
        mp1_0.sort_order
2026-01-22 12:01:22.625 - 
    select
        mp1_0.id,
        mp1_0.avg_price_per_time,
        mp1_0.badge,
        mp1_0.category,
        mp1_0.code,
        mp1_0.description,
        mp1_0.features,
        mp1_0.is_active,
        mp1_0.name,
        mp1_0.people,
        mp1_0.price,
        mp1_0.sort_order,
        mp1_0.times_per_person,
        mp1_0.validity_days 
    from
        member_packages mp1_0 
    where
        mp1_0.category=? 
        and mp1_0.is_active 
    order by
        mp1_0.sort_order
2026-01-22 12:01:24.264 - 
    select
        po1_0.id,
        po1_0.card_end_date,
        po1_0.card_start_date,
        po1_0.card_status,
        po1_0.created_at,
        po1_0.order_no,
        po1_0.package_id,
        po1_0.package_name,
        po1_0.payment_method,
        po1_0.payment_time,
        po1_0.price,
        po1_0.remaining_times,
        po1_0.staff_id,
        po1_0.staff_name,
        po1_0.status,
        po1_0.transaction_type,
        po1_0.updated_at,
        po1_0.user_id 
    from
        payment_orders po1_0 
    where
        po1_0.user_id=?
2026-01-22 12:01:24.276 - 
    select
        s1_0.id,
        s1_0.created_at,
        s1_0.last_login_time,
        s1_0.name,
        s1_0.password,
        s1_0.phone,
        s1_0.status,
        s1_0.updated_at,
        s1_0.username 
    from
        staffs s1_0 
    where
        s1_0.status=?
2026-01-22 12:01:28.136 - 
    select
        u1_0.id,
        u1_0.avatar_url,
        u1_0.created_at,
        u1_0.last_login_time,
        u1_0.member_expire_time,
        u1_0.member_level,
        u1_0.nickname,
        u1_0.openid,
        u1_0.phone,
        u1_0.points,
        u1_0.remaining_visits,
        u1_0.role,
        u1_0.total_visits,
        u1_0.updated_at 
    from
        users u1_0 
    where
        u1_0.id=?
2026-01-22 12:01:28.138 - 
    select
        mp1_0.id,
        mp1_0.avg_price_per_time,
        mp1_0.badge,
        mp1_0.category,
        mp1_0.code,
        mp1_0.description,
        mp1_0.features,
        mp1_0.is_active,
        mp1_0.name,
        mp1_0.people,
        mp1_0.price,
        mp1_0.sort_order,
        mp1_0.times_per_person,
        mp1_0.validity_days 
    from
        member_packages mp1_0 
    where
        mp1_0.id=?
2026-01-22 12:01:28.140 - 
    select
        po1_0.id,
        po1_0.card_end_date,
        po1_0.card_start_date,
        po1_0.card_status,
        po1_0.created_at,
        po1_0.order_no,
        po1_0.package_id,
        po1_0.package_name,
        po1_0.payment_method,
        po1_0.payment_time,
        po1_0.price,
        po1_0.remaining_times,
        po1_0.staff_id,
        po1_0.staff_name,
        po1_0.status,
        po1_0.transaction_type,
        po1_0.updated_at,
        po1_0.user_id 
    from
        payment_orders po1_0 
    where
        po1_0.user_id=? 
        and po1_0.status=?
2026-01-22 12:01:28.143 - 
    insert 
    into
        payment_orders
        (card_end_date, card_start_date, card_status, created_at, order_no, package_id, package_name, payment_method, payment_time, price, remaining_times, staff_id, staff_name, status, transaction_type, updated_at, user_id) 
    values
        (?, ?, ?, ?, ?, ?, ?, ?, ?, ?, ?, ?, ?, ?, ?, ?, ?)
2026-01-22 12:01:28.159 - 
    select
        po1_0.id,
        po1_0.card_end_date,
        po1_0.card_start_date,
        po1_0.card_status,
        po1_0.created_at,
        po1_0.order_no,
        po1_0.package_id,
        po1_0.package_name,
        po1_0.payment_method,
        po1_0.payment_time,
        po1_0.price,
        po1_0.remaining_times,
        po1_0.staff_id,
        po1_0.staff_name,
        po1_0.status,
        po1_0.transaction_type,
        po1_0.updated_at,
        po1_0.user_id 
    from
        payment_orders po1_0 
    where
        po1_0.id=?
2026-01-22 12:01:28.161 - 
    select
        u1_0.id,
        u1_0.avatar_url,
        u1_0.created_at,
        u1_0.last_login_time,
        u1_0.member_expire_time,
        u1_0.member_level,
        u1_0.nickname,
        u1_0.openid,
        u1_0.phone,
        u1_0.points,
        u1_0.remaining_visits,
        u1_0.role,
        u1_0.total_visits,
        u1_0.updated_at 
    from
        users u1_0 
    where
        u1_0.id=?
2026-01-22 12:01:29.026 - 
    select
        po1_0.id,
        po1_0.card_end_date,
        po1_0.card_start_date,
        po1_0.card_status,
        po1_0.created_at,
        po1_0.order_no,
        po1_0.package_id,
        po1_0.package_name,
        po1_0.payment_method,
        po1_0.payment_time,
        po1_0.price,
        po1_0.remaining_times,
        po1_0.staff_id,
        po1_0.staff_name,
        po1_0.status,
        po1_0.transaction_type,
        po1_0.updated_at,
        po1_0.user_id 
    from
        payment_orders po1_0 
    where
        po1_0.id=?
2026-01-22 12:01:29.028 - 
    select
        mp1_0.id,
        mp1_0.avg_price_per_time,
        mp1_0.badge,
        mp1_0.category,
        mp1_0.code,
        mp1_0.description,
        mp1_0.features,
        mp1_0.is_active,
        mp1_0.name,
        mp1_0.people,
        mp1_0.price,
        mp1_0.sort_order,
        mp1_0.times_per_person,
        mp1_0.validity_days 
    from
        member_packages mp1_0 
    where
        mp1_0.id=?
2026-01-22 12:01:29.029 - 
    select
        u1_0.id,
        u1_0.avatar_url,
        u1_0.created_at,
        u1_0.last_login_time,
        u1_0.member_expire_time,
        u1_0.member_level,
        u1_0.nickname,
        u1_0.openid,
        u1_0.phone,
        u1_0.points,
        u1_0.remaining_visits,
        u1_0.role,
        u1_0.total_visits,
        u1_0.updated_at 
    from
        users u1_0 
    where
        u1_0.id=?
2026-01-22 12:01:29.032 - 
    update
        payment_orders 
    set
        card_end_date=?,
        card_start_date=?,
        card_status=?,
        created_at=?,
        order_no=?,
        package_id=?,
        package_name=?,
        payment_method=?,
        payment_time=?,
        price=?,
        remaining_times=?,
        staff_id=?,
        staff_name=?,
        status=?,
        transaction_type=?,
        updated_at=?,
        user_id=? 
    where
        id=?
2026-01-22 12:01:29.033 - 
    update
        users 
    set
        avatar_url=?,
        created_at=?,
        last_login_time=?,
        member_expire_time=?,
        member_level=?,
        nickname=?,
        openid=?,
        phone=?,
        points=?,
        remaining_visits=?,
        role=?,
        total_visits=?,
        updated_at=? 
    where
        id=?
2026-01-22 12:01:32.092 - 
    select
        u1_0.id,
        u1_0.avatar_url,
        u1_0.created_at,
        u1_0.last_login_time,
        u1_0.member_expire_time,
        u1_0.member_level,
        u1_0.nickname,
        u1_0.openid,
        u1_0.phone,
        u1_0.points,
        u1_0.remaining_visits,
        u1_0.role,
        u1_0.total_visits,
        u1_0.updated_at 
    from
        users u1_0 
    where
        u1_0.id=?
2026-01-22 12:01:32.092 - 
    select
        u1_0.id,
        u1_0.avatar_url,
        u1_0.created_at,
        u1_0.last_login_time,
        u1_0.member_expire_time,
        u1_0.member_level,
        u1_0.nickname,
        u1_0.openid,
        u1_0.phone,
        u1_0.points,
        u1_0.remaining_visits,
        u1_0.role,
        u1_0.total_visits,
        u1_0.updated_at 
    from
        users u1_0 
    where
        u1_0.id=?
2026-01-22 12:01:32.093 - 
    select
        po1_0.id,
        po1_0.card_end_date,
        po1_0.card_start_date,
        po1_0.card_status,
        po1_0.created_at,
        po1_0.order_no,
        po1_0.package_id,
        po1_0.package_name,
        po1_0.payment_method,
        po1_0.payment_time,
        po1_0.price,
        po1_0.remaining_times,
        po1_0.staff_id,
        po1_0.staff_name,
        po1_0.status,
        po1_0.transaction_type,
        po1_0.updated_at,
        po1_0.user_id 
    from
        payment_orders po1_0 
    where
        po1_0.user_id=?
2026-01-22 12:01:32.094 - 
    select
        mp1_0.id,
        mp1_0.avg_price_per_time,
        mp1_0.badge,
        mp1_0.category,
        mp1_0.code,
        mp1_0.description,
        mp1_0.features,
        mp1_0.is_active,
        mp1_0.name,
        mp1_0.people,
        mp1_0.price,
        mp1_0.sort_order,
        mp1_0.times_per_person,
        mp1_0.validity_days 
    from
        member_packages mp1_0 
    where
        mp1_0.id=?
2026-01-22 12:01:32.094 - 
    select
        bo1_0.id,
        bo1_0.cabin_name,
        bo1_0.consume_time,
        bo1_0.created_at,
        bo1_0.date,
        bo1_0.order_no,
        bo1_0.original_price,
        bo1_0.payment_method,
        bo1_0.payment_order_id,
        bo1_0.payment_status,
        bo1_0.payment_time,
        bo1_0.price,
        bo1_0.seat_name,
        bo1_0.status,
        bo1_0.time_slot,
        bo1_0.updated_at,
        bo1_0.user_id 
    from
        booking_orders bo1_0 
    where
        bo1_0.user_id=? 
    order by
        bo1_0.created_at desc
2026-01-22 12:01:32.094 - 
    select
        po1_0.id,
        po1_0.card_end_date,
        po1_0.card_start_date,
        po1_0.card_status,
        po1_0.created_at,
        po1_0.order_no,
        po1_0.package_id,
        po1_0.package_name,
        po1_0.payment_method,
        po1_0.payment_time,
        po1_0.price,
        po1_0.remaining_times,
        po1_0.staff_id,
        po1_0.staff_name,
        po1_0.status,
        po1_0.transaction_type,
        po1_0.updated_at,
        po1_0.user_id 
    from
        payment_orders po1_0 
    where
        po1_0.user_id=? 
        and po1_0.status=?
2026-01-22 12:01:32.098 - 
    select
        u1_0.id,
        u1_0.avatar_url,
        u1_0.created_at,
        u1_0.last_login_time,
        u1_0.member_expire_time,
        u1_0.member_level,
        u1_0.nickname,
        u1_0.openid,
        u1_0.phone,
        u1_0.points,
        u1_0.remaining_visits,
        u1_0.role,
        u1_0.total_visits,
        u1_0.updated_at 
    from
        users u1_0 
    where
        u1_0.id=?
2026-01-22 12:01:32.098 - 
    select
        u1_0.id,
        u1_0.avatar_url,
        u1_0.created_at,
        u1_0.last_login_time,
        u1_0.member_expire_time,
        u1_0.member_level,
        u1_0.nickname,
        u1_0.openid,
        u1_0.phone,
        u1_0.points,
        u1_0.remaining_visits,
        u1_0.role,
        u1_0.total_visits,
        u1_0.updated_at 
    from
        users u1_0 
    where
        u1_0.id=?
2026-01-22 12:01:32.098 - 
    select
        po1_0.id,
        po1_0.card_end_date,
        po1_0.card_start_date,
        po1_0.card_status,
        po1_0.created_at,
        po1_0.order_no,
        po1_0.package_id,
        po1_0.package_name,
        po1_0.payment_method,
        po1_0.payment_time,
        po1_0.price,
        po1_0.remaining_times,
        po1_0.staff_id,
        po1_0.staff_name,
        po1_0.status,
        po1_0.transaction_type,
        po1_0.updated_at,
        po1_0.user_id 
    from
        payment_orders po1_0 
    where
        po1_0.user_id=?
2026-01-22 12:01:32.100 - 
    select
        mp1_0.id,
        mp1_0.avg_price_per_time,
        mp1_0.badge,
        mp1_0.category,
        mp1_0.code,
        mp1_0.description,
        mp1_0.features,
        mp1_0.is_active,
        mp1_0.name,
        mp1_0.people,
        mp1_0.price,
        mp1_0.sort_order,
        mp1_0.times_per_person,
        mp1_0.validity_days 
    from
        member_packages mp1_0 
    where
        mp1_0.id=?
2026-01-22 12:01:32.100 - 
    select
        bo1_0.id,
        bo1_0.cabin_name,
        bo1_0.consume_time,
        bo1_0.created_at,
        bo1_0.date,
        bo1_0.order_no,
        bo1_0.original_price,
        bo1_0.payment_method,
        bo1_0.payment_order_id,
        bo1_0.payment_status,
        bo1_0.payment_time,
        bo1_0.price,
        bo1_0.seat_name,
        bo1_0.status,
        bo1_0.time_slot,
        bo1_0.updated_at,
        bo1_0.user_id 
    from
        booking_orders bo1_0 
    where
        bo1_0.user_id=? 
    order by
        bo1_0.created_at desc
2026-01-22 12:01:32.100 - 
    select
        po1_0.id,
        po1_0.card_end_date,
        po1_0.card_start_date,
        po1_0.card_status,
        po1_0.created_at,
        po1_0.order_no,
        po1_0.package_id,
        po1_0.package_name,
        po1_0.payment_method,
        po1_0.payment_time,
        po1_0.price,
        po1_0.remaining_times,
        po1_0.staff_id,
        po1_0.staff_name,
        po1_0.status,
        po1_0.transaction_type,
        po1_0.updated_at,
        po1_0.user_id 
    from
        payment_orders po1_0 
    where
        po1_0.user_id=? 
        and po1_0.status=?
2026-01-22 12:01:32.106 - 
    select
        u1_0.id,
        u1_0.avatar_url,
        u1_0.created_at,
        u1_0.last_login_time,
        u1_0.member_expire_time,
        u1_0.member_level,
        u1_0.nickname,
        u1_0.openid,
        u1_0.phone,
        u1_0.points,
        u1_0.remaining_visits,
        u1_0.role,
        u1_0.total_visits,
        u1_0.updated_at 
    from
        users u1_0 
    where
        u1_0.id=?
2026-01-22 12:01:32.109 - 
    select
        po1_0.id,
        po1_0.card_end_date,
        po1_0.card_start_date,
        po1_0.card_status,
        po1_0.created_at,
        po1_0.order_no,
        po1_0.package_id,
        po1_0.package_name,
        po1_0.payment_method,
        po1_0.payment_time,
        po1_0.price,
        po1_0.remaining_times,
        po1_0.staff_id,
        po1_0.staff_name,
        po1_0.status,
        po1_0.transaction_type,
        po1_0.updated_at,
        po1_0.user_id 
    from
        payment_orders po1_0 
    where
        po1_0.user_id=? 
        and po1_0.status=?
2026-01-22 12:01:32.130 - 
    select
        u1_0.id,
        u1_0.avatar_url,
        u1_0.created_at,
        u1_0.last_login_time,
        u1_0.member_expire_time,
        u1_0.member_level,
        u1_0.nickname,
        u1_0.openid,
        u1_0.phone,
        u1_0.points,
        u1_0.remaining_visits,
        u1_0.role,
        u1_0.total_visits,
        u1_0.updated_at 
    from
        users u1_0 
    where
        u1_0.id=?
2026-01-22 12:01:32.132 - 
    select
        po1_0.id,
        po1_0.card_end_date,
        po1_0.card_start_date,
        po1_0.card_status,
        po1_0.created_at,
        po1_0.order_no,
        po1_0.package_id,
        po1_0.package_name,
        po1_0.payment_method,
        po1_0.payment_time,
        po1_0.price,
        po1_0.remaining_times,
        po1_0.staff_id,
        po1_0.staff_name,
        po1_0.status,
        po1_0.transaction_type,
        po1_0.updated_at,
        po1_0.user_id 
    from
        payment_orders po1_0 
    where
        po1_0.user_id=? 
        and po1_0.status=?
2026-01-22 12:01:34.123 - 
    select
        po1_0.id,
        po1_0.card_end_date,
        po1_0.card_start_date,
        po1_0.card_status,
        po1_0.created_at,
        po1_0.order_no,
        po1_0.package_id,
        po1_0.package_name,
        po1_0.payment_method,
        po1_0.payment_time,
        po1_0.price,
        po1_0.remaining_times,
        po1_0.staff_id,
        po1_0.staff_name,
        po1_0.status,
        po1_0.transaction_type,
        po1_0.updated_at,
        po1_0.user_id 
    from
        payment_orders po1_0 
    where
        po1_0.user_id=?
2026-01-22 12:01:34.125 - 
    select
        mp1_0.id,
        mp1_0.avg_price_per_time,
        mp1_0.badge,
        mp1_0.category,
        mp1_0.code,
        mp1_0.description,
        mp1_0.features,
        mp1_0.is_active,
        mp1_0.name,
        mp1_0.people,
        mp1_0.price,
        mp1_0.sort_order,
        mp1_0.times_per_person,
        mp1_0.validity_days 
    from
        member_packages mp1_0 
    where
        mp1_0.id=?
2026-01-22 12:01:34.129 - 
    select
        po1_0.id,
        po1_0.card_end_date,
        po1_0.card_start_date,
        po1_0.card_status,
        po1_0.created_at,
        po1_0.order_no,
        po1_0.package_id,
        po1_0.package_name,
        po1_0.payment_method,
        po1_0.payment_time,
        po1_0.price,
        po1_0.remaining_times,
        po1_0.staff_id,
        po1_0.staff_name,
        po1_0.status,
        po1_0.transaction_type,
        po1_0.updated_at,
        po1_0.user_id 
    from
        payment_orders po1_0 
    where
        po1_0.user_id=?
2026-01-22 12:01:34.131 - 
    select
        mp1_0.id,
        mp1_0.avg_price_per_time,
        mp1_0.badge,
        mp1_0.category,
        mp1_0.code,
        mp1_0.description,
        mp1_0.features,
        mp1_0.is_active,
        mp1_0.name,
        mp1_0.people,
        mp1_0.price,
        mp1_0.sort_order,
        mp1_0.times_per_person,
        mp1_0.validity_days 
    from
        member_packages mp1_0 
    where
        mp1_0.id=?
2026-01-22 12:01:35.396 - 
    select
        bo1_0.id,
        bo1_0.cabin_name,
        bo1_0.consume_time,
        bo1_0.created_at,
        bo1_0.date,
        bo1_0.order_no,
        bo1_0.original_price,
        bo1_0.payment_method,
        bo1_0.payment_order_id,
        bo1_0.payment_status,
        bo1_0.payment_time,
        bo1_0.price,
        bo1_0.seat_name,
        bo1_0.status,
        bo1_0.time_slot,
        bo1_0.updated_at,
        bo1_0.user_id 
    from
        booking_orders bo1_0 
    where
        bo1_0.date=? 
        and bo1_0.time_slot=?
2026-01-22 12:01:36.462 - 
    select
        po1_0.id,
        po1_0.card_end_date,
        po1_0.card_start_date,
        po1_0.card_status,
        po1_0.created_at,
        po1_0.order_no,
        po1_0.package_id,
        po1_0.package_name,
        po1_0.payment_method,
        po1_0.payment_time,
        po1_0.price,
        po1_0.remaining_times,
        po1_0.staff_id,
        po1_0.staff_name,
        po1_0.status,
        po1_0.transaction_type,
        po1_0.updated_at,
        po1_0.user_id 
    from
        payment_orders po1_0 
    where
        po1_0.user_id=?
2026-01-22 12:01:36.464 - 
    select
        mp1_0.id,
        mp1_0.avg_price_per_time,
        mp1_0.badge,
        mp1_0.category,
        mp1_0.code,
        mp1_0.description,
        mp1_0.features,
        mp1_0.is_active,
        mp1_0.name,
        mp1_0.people,
        mp1_0.price,
        mp1_0.sort_order,
        mp1_0.times_per_person,
        mp1_0.validity_days 
    from
        member_packages mp1_0 
    where
        mp1_0.id=?
2026-01-22 12:01:36.476 - 
    select
        u1_0.id,
        u1_0.avatar_url,
        u1_0.created_at,
        u1_0.last_login_time,
        u1_0.member_expire_time,
        u1_0.member_level,
        u1_0.nickname,
        u1_0.openid,
        u1_0.phone,
        u1_0.points,
        u1_0.remaining_visits,
        u1_0.role,
        u1_0.total_visits,
        u1_0.updated_at 
    from
        users u1_0 
    where
        u1_0.id=?
2026-01-22 12:01:36.479 - 
    select
        bo1_0.id,
        bo1_0.cabin_name,
        bo1_0.consume_time,
        bo1_0.created_at,
        bo1_0.date,
        bo1_0.order_no,
        bo1_0.original_price,
        bo1_0.payment_method,
        bo1_0.payment_order_id,
        bo1_0.payment_status,
        bo1_0.payment_time,
        bo1_0.price,
        bo1_0.seat_name,
        bo1_0.status,
        bo1_0.time_slot,
        bo1_0.updated_at,
        bo1_0.user_id 
    from
        booking_orders bo1_0 
    where
        bo1_0.user_id=? 
        and bo1_0.date=? 
        and bo1_0.status!=?
2026-01-22 12:01:37.260 - 
    select
        u1_0.id,
        u1_0.avatar_url,
        u1_0.created_at,
        u1_0.last_login_time,
        u1_0.member_expire_time,
        u1_0.member_level,
        u1_0.nickname,
        u1_0.openid,
        u1_0.phone,
        u1_0.points,
        u1_0.remaining_visits,
        u1_0.role,
        u1_0.total_visits,
        u1_0.updated_at 
    from
        users u1_0 
    where
        u1_0.id=?
2026-01-22 12:01:37.262 - 
    select
        bo1_0.id,
        bo1_0.cabin_name,
        bo1_0.consume_time,
        bo1_0.created_at,
        bo1_0.date,
        bo1_0.order_no,
        bo1_0.original_price,
        bo1_0.payment_method,
        bo1_0.payment_order_id,
        bo1_0.payment_status,
        bo1_0.payment_time,
        bo1_0.price,
        bo1_0.seat_name,
        bo1_0.status,
        bo1_0.time_slot,
        bo1_0.updated_at,
        bo1_0.user_id 
    from
        booking_orders bo1_0 
    where
        bo1_0.user_id=? 
        and bo1_0.date=? 
        and bo1_0.status!=?
2026-01-22 12:01:37.263 - 
    select
        bo1_0.id,
        bo1_0.cabin_name,
        bo1_0.consume_time,
        bo1_0.created_at,
        bo1_0.date,
        bo1_0.order_no,
        bo1_0.original_price,
        bo1_0.payment_method,
        bo1_0.payment_order_id,
        bo1_0.payment_status,
        bo1_0.payment_time,
        bo1_0.price,
        bo1_0.seat_name,
        bo1_0.status,
        bo1_0.time_slot,
        bo1_0.updated_at,
        bo1_0.user_id 
    from
        booking_orders bo1_0 
    where
        bo1_0.date=? 
        and bo1_0.time_slot=? 
        and bo1_0.cabin_name=? 
        and bo1_0.seat_name=?
2026-01-22 12:01:37.265 - 
    select
        po1_0.id,
        po1_0.card_end_date,
        po1_0.card_start_date,
        po1_0.card_status,
        po1_0.created_at,
        po1_0.order_no,
        po1_0.package_id,
        po1_0.package_name,
        po1_0.payment_method,
        po1_0.payment_time,
        po1_0.price,
        po1_0.remaining_times,
        po1_0.staff_id,
        po1_0.staff_name,
        po1_0.status,
        po1_0.transaction_type,
        po1_0.updated_at,
        po1_0.user_id 
    from
        payment_orders po1_0 
    where
        po1_0.user_id=?
2026-01-22 12:01:37.267 - 
    select
        mp1_0.id,
        mp1_0.avg_price_per_time,
        mp1_0.badge,
        mp1_0.category,
        mp1_0.code,
        mp1_0.description,
        mp1_0.features,
        mp1_0.is_active,
        mp1_0.name,
        mp1_0.people,
        mp1_0.price,
        mp1_0.sort_order,
        mp1_0.times_per_person,
        mp1_0.validity_days 
    from
        member_packages mp1_0 
    where
        mp1_0.id=?
2026-01-22 12:02:05.492 - 
    select
        po1_0.id,
        po1_0.card_end_date,
        po1_0.card_start_date,
        po1_0.card_status,
        po1_0.created_at,
        po1_0.order_no,
        po1_0.package_id,
        po1_0.package_name,
        po1_0.payment_method,
        po1_0.payment_time,
        po1_0.price,
        po1_0.remaining_times,
        po1_0.staff_id,
        po1_0.staff_name,
        po1_0.status,
        po1_0.transaction_type,
        po1_0.updated_at,
        po1_0.user_id 
    from
        payment_orders po1_0 
    where
        po1_0.user_id=?
2026-01-22 12:02:05.498 - 
    select
        mp1_0.id,
        mp1_0.avg_price_per_time,
        mp1_0.badge,
        mp1_0.category,
        mp1_0.code,
        mp1_0.description,
        mp1_0.features,
        mp1_0.is_active,
        mp1_0.name,
        mp1_0.people,
        mp1_0.price,
        mp1_0.sort_order,
        mp1_0.times_per_person,
        mp1_0.validity_days 
    from
        member_packages mp1_0 
    where
        mp1_0.id=?
2026-01-22 12:02:05.517 - 
    select
        u1_0.id,
        u1_0.avatar_url,
        u1_0.created_at,
        u1_0.last_login_time,
        u1_0.member_expire_time,
        u1_0.member_level,
        u1_0.nickname,
        u1_0.openid,
        u1_0.phone,
        u1_0.points,
        u1_0.remaining_visits,
        u1_0.role,
        u1_0.total_visits,
        u1_0.updated_at 
    from
        users u1_0 
    where
        u1_0.id=?
2026-01-22 12:02:05.519 - 
    select
        bo1_0.id,
        bo1_0.cabin_name,
        bo1_0.consume_time,
        bo1_0.created_at,
        bo1_0.date,
        bo1_0.order_no,
        bo1_0.original_price,
        bo1_0.payment_method,
        bo1_0.payment_order_id,
        bo1_0.payment_status,
        bo1_0.payment_time,
        bo1_0.price,
        bo1_0.seat_name,
        bo1_0.status,
        bo1_0.time_slot,
        bo1_0.updated_at,
        bo1_0.user_id 
    from
        booking_orders bo1_0 
    where
        bo1_0.user_id=? 
        and bo1_0.date=? 
        and bo1_0.status!=?
2026-01-22 12:02:06.614 - 
    select
        u1_0.id,
        u1_0.avatar_url,
        u1_0.created_at,
        u1_0.last_login_time,
        u1_0.member_expire_time,
        u1_0.member_level,
        u1_0.nickname,
        u1_0.openid,
        u1_0.phone,
        u1_0.points,
        u1_0.remaining_visits,
        u1_0.role,
        u1_0.total_visits,
        u1_0.updated_at 
    from
        users u1_0 
    where
        u1_0.id=?
2026-01-22 12:02:06.616 - 
    select
        bo1_0.id,
        bo1_0.cabin_name,
        bo1_0.consume_time,
        bo1_0.created_at,
        bo1_0.date,
        bo1_0.order_no,
        bo1_0.original_price,
        bo1_0.payment_method,
        bo1_0.payment_order_id,
        bo1_0.payment_status,
        bo1_0.payment_time,
        bo1_0.price,
        bo1_0.seat_name,
        bo1_0.status,
        bo1_0.time_slot,
        bo1_0.updated_at,
        bo1_0.user_id 
    from
        booking_orders bo1_0 
    where
        bo1_0.user_id=? 
        and bo1_0.date=? 
        and bo1_0.status!=?
2026-01-22 12:02:06.618 - 
    select
        bo1_0.id,
        bo1_0.cabin_name,
        bo1_0.consume_time,
        bo1_0.created_at,
        bo1_0.date,
        bo1_0.order_no,
        bo1_0.original_price,
        bo1_0.payment_method,
        bo1_0.payment_order_id,
        bo1_0.payment_status,
        bo1_0.payment_time,
        bo1_0.price,
        bo1_0.seat_name,
        bo1_0.status,
        bo1_0.time_slot,
        bo1_0.updated_at,
        bo1_0.user_id 
    from
        booking_orders bo1_0 
    where
        bo1_0.date=? 
        and bo1_0.time_slot=? 
        and bo1_0.cabin_name=? 
        and bo1_0.seat_name=?
2026-01-22 12:02:06.620 - 
    select
        po1_0.id,
        po1_0.card_end_date,
        po1_0.card_start_date,
        po1_0.card_status,
        po1_0.created_at,
        po1_0.order_no,
        po1_0.package_id,
        po1_0.package_name,
        po1_0.payment_method,
        po1_0.payment_time,
        po1_0.price,
        po1_0.remaining_times,
        po1_0.staff_id,
        po1_0.staff_name,
        po1_0.status,
        po1_0.transaction_type,
        po1_0.updated_at,
        po1_0.user_id 
    from
        payment_orders po1_0 
    where
        po1_0.user_id=?
2026-01-22 12:02:06.621 - 
    select
        mp1_0.id,
        mp1_0.avg_price_per_time,
        mp1_0.badge,
        mp1_0.category,
        mp1_0.code,
        mp1_0.description,
        mp1_0.features,
        mp1_0.is_active,
        mp1_0.name,
        mp1_0.people,
        mp1_0.price,
        mp1_0.sort_order,
        mp1_0.times_per_person,
        mp1_0.validity_days 
    from
        member_packages mp1_0 
    where
        mp1_0.id=?
2026-01-22 12:05:00.000 - 
    select
        bo1_0.id,
        bo1_0.cabin_name,
        bo1_0.consume_time,
        bo1_0.created_at,
        bo1_0.date,
        bo1_0.order_no,
        bo1_0.original_price,
        bo1_0.payment_method,
        bo1_0.payment_order_id,
        bo1_0.payment_status,
        bo1_0.payment_time,
        bo1_0.price,
        bo1_0.seat_name,
        bo1_0.status,
        bo1_0.time_slot,
        bo1_0.updated_at,
        bo1_0.user_id 
    from
        booking_orders bo1_0 
    where
        bo1_0.status=?
2026-01-22 12:06:10.498 - 
    select
        mp1_0.id,
        mp1_0.avg_price_per_time,
        mp1_0.badge,
        mp1_0.category,
        mp1_0.code,
        mp1_0.description,
        mp1_0.features,
        mp1_0.is_active,
        mp1_0.name,
        mp1_0.people,
        mp1_0.price,
        mp1_0.sort_order,
        mp1_0.times_per_person,
        mp1_0.validity_days 
    from
        member_packages mp1_0 
    where
        mp1_0.code=?
2026-01-22 12:06:10.505 - 
    select
        mp1_0.id,
        mp1_0.avg_price_per_time,
        mp1_0.badge,
        mp1_0.category,
        mp1_0.code,
        mp1_0.description,
        mp1_0.features,
        mp1_0.is_active,
        mp1_0.name,
        mp1_0.people,
        mp1_0.price,
        mp1_0.sort_order,
        mp1_0.times_per_person,
        mp1_0.validity_days 
    from
        member_packages mp1_0 
    where
        mp1_0.code=?
2026-01-22 12:06:10.506 - 
    select
        mp1_0.id,
        mp1_0.avg_price_per_time,
        mp1_0.badge,
        mp1_0.category,
        mp1_0.code,
        mp1_0.description,
        mp1_0.features,
        mp1_0.is_active,
        mp1_0.name,
        mp1_0.people,
        mp1_0.price,
        mp1_0.sort_order,
        mp1_0.times_per_person,
        mp1_0.validity_days 
    from
        member_packages mp1_0 
    where
        mp1_0.code=?
2026-01-22 12:06:10.507 - 
    select
        mp1_0.id,
        mp1_0.avg_price_per_time,
        mp1_0.badge,
        mp1_0.category,
        mp1_0.code,
        mp1_0.description,
        mp1_0.features,
        mp1_0.is_active,
        mp1_0.name,
        mp1_0.people,
        mp1_0.price,
        mp1_0.sort_order,
        mp1_0.times_per_person,
        mp1_0.validity_days 
    from
        member_packages mp1_0 
    where
        mp1_0.code=?
2026-01-22 12:06:10.508 - 
    select
        mp1_0.id,
        mp1_0.avg_price_per_time,
        mp1_0.badge,
        mp1_0.category,
        mp1_0.code,
        mp1_0.description,
        mp1_0.features,
        mp1_0.is_active,
        mp1_0.name,
        mp1_0.people,
        mp1_0.price,
        mp1_0.sort_order,
        mp1_0.times_per_person,
        mp1_0.validity_days 
    from
        member_packages mp1_0 
    where
        mp1_0.code=?
2026-01-22 12:06:10.509 - 
    select
        mp1_0.id,
        mp1_0.avg_price_per_time,
        mp1_0.badge,
        mp1_0.category,
        mp1_0.code,
        mp1_0.description,
        mp1_0.features,
        mp1_0.is_active,
        mp1_0.name,
        mp1_0.people,
        mp1_0.price,
        mp1_0.sort_order,
        mp1_0.times_per_person,
        mp1_0.validity_days 
    from
        member_packages mp1_0 
    where
        mp1_0.code=?
2026-01-22 12:06:10.510 - 
    select
        mp1_0.id,
        mp1_0.avg_price_per_time,
        mp1_0.badge,
        mp1_0.category,
        mp1_0.code,
        mp1_0.description,
        mp1_0.features,
        mp1_0.is_active,
        mp1_0.name,
        mp1_0.people,
        mp1_0.price,
        mp1_0.sort_order,
        mp1_0.times_per_person,
        mp1_0.validity_days 
    from
        member_packages mp1_0 
    where
        mp1_0.code=?
2026-01-22 12:06:10.510 - 
    select
        mp1_0.id,
        mp1_0.avg_price_per_time,
        mp1_0.badge,
        mp1_0.category,
        mp1_0.code,
        mp1_0.description,
        mp1_0.features,
        mp1_0.is_active,
        mp1_0.name,
        mp1_0.people,
        mp1_0.price,
        mp1_0.sort_order,
        mp1_0.times_per_person,
        mp1_0.validity_days 
    from
        member_packages mp1_0 
    where
        mp1_0.code=?
2026-01-22 12:06:10.511 - 
    select
        mp1_0.id,
        mp1_0.avg_price_per_time,
        mp1_0.badge,
        mp1_0.category,
        mp1_0.code,
        mp1_0.description,
        mp1_0.features,
        mp1_0.is_active,
        mp1_0.name,
        mp1_0.people,
        mp1_0.price,
        mp1_0.sort_order,
        mp1_0.times_per_person,
        mp1_0.validity_days 
    from
        member_packages mp1_0 
    where
        mp1_0.code=?
2026-01-22 12:06:10.512 - 
    select
        mp1_0.id,
        mp1_0.avg_price_per_time,
        mp1_0.badge,
        mp1_0.category,
        mp1_0.code,
        mp1_0.description,
        mp1_0.features,
        mp1_0.is_active,
        mp1_0.name,
        mp1_0.people,
        mp1_0.price,
        mp1_0.sort_order,
        mp1_0.times_per_person,
        mp1_0.validity_days 
    from
        member_packages mp1_0 
    where
        mp1_0.code=?
2026-01-22 12:06:41.482 - 
    select
        mp1_0.id,
        mp1_0.avg_price_per_time,
        mp1_0.badge,
        mp1_0.category,
        mp1_0.code,
        mp1_0.description,
        mp1_0.features,
        mp1_0.is_active,
        mp1_0.name,
        mp1_0.people,
        mp1_0.price,
        mp1_0.sort_order,
        mp1_0.times_per_person,
        mp1_0.validity_days 
    from
        member_packages mp1_0 
    where
        mp1_0.is_active 
    order by
        mp1_0.sort_order
2026-01-22 12:06:42.492 - 
    select
        po1_0.id,
        po1_0.card_end_date,
        po1_0.card_start_date,
        po1_0.card_status,
        po1_0.created_at,
        po1_0.order_no,
        po1_0.package_id,
        po1_0.package_name,
        po1_0.payment_method,
        po1_0.payment_time,
        po1_0.price,
        po1_0.remaining_times,
        po1_0.staff_id,
        po1_0.staff_name,
        po1_0.status,
        po1_0.transaction_type,
        po1_0.updated_at,
        po1_0.user_id 
    from
        payment_orders po1_0 
    where
        po1_0.user_id=?
2026-01-22 12:06:42.501 - 
    select
        mp1_0.id,
        mp1_0.avg_price_per_time,
        mp1_0.badge,
        mp1_0.category,
        mp1_0.code,
        mp1_0.description,
        mp1_0.features,
        mp1_0.is_active,
        mp1_0.name,
        mp1_0.people,
        mp1_0.price,
        mp1_0.sort_order,
        mp1_0.times_per_person,
        mp1_0.validity_days 
    from
        member_packages mp1_0 
    where
        mp1_0.id=?
2026-01-22 12:06:42.501 - 
    select
        u1_0.id,
        u1_0.avatar_url,
        u1_0.created_at,
        u1_0.last_login_time,
        u1_0.member_expire_time,
        u1_0.member_level,
        u1_0.nickname,
        u1_0.openid,
        u1_0.phone,
        u1_0.points,
        u1_0.remaining_visits,
        u1_0.role,
        u1_0.total_visits,
        u1_0.updated_at 
    from
        users u1_0 
    where
        u1_0.id=?
2026-01-22 12:06:42.501 - 
    select
        u1_0.id,
        u1_0.avatar_url,
        u1_0.created_at,
        u1_0.last_login_time,
        u1_0.member_expire_time,
        u1_0.member_level,
        u1_0.nickname,
        u1_0.openid,
        u1_0.phone,
        u1_0.points,
        u1_0.remaining_visits,
        u1_0.role,
        u1_0.total_visits,
        u1_0.updated_at 
    from
        users u1_0 
    where
        u1_0.id=?
2026-01-22 12:06:42.503 - 
    select
        bo1_0.id,
        bo1_0.cabin_name,
        bo1_0.consume_time,
        bo1_0.created_at,
        bo1_0.date,
        bo1_0.order_no,
        bo1_0.original_price,
        bo1_0.payment_method,
        bo1_0.payment_order_id,
        bo1_0.payment_status,
        bo1_0.payment_time,
        bo1_0.price,
        bo1_0.seat_name,
        bo1_0.status,
        bo1_0.time_slot,
        bo1_0.updated_at,
        bo1_0.user_id 
    from
        booking_orders bo1_0 
    where
        bo1_0.user_id=? 
    order by
        bo1_0.created_at desc
2026-01-22 12:06:42.504 - 
    select
        po1_0.id,
        po1_0.card_end_date,
        po1_0.card_start_date,
        po1_0.card_status,
        po1_0.created_at,
        po1_0.order_no,
        po1_0.package_id,
        po1_0.package_name,
        po1_0.payment_method,
        po1_0.payment_time,
        po1_0.price,
        po1_0.remaining_times,
        po1_0.staff_id,
        po1_0.staff_name,
        po1_0.status,
        po1_0.transaction_type,
        po1_0.updated_at,
        po1_0.user_id 
    from
        payment_orders po1_0 
    where
        po1_0.user_id=? 
        and po1_0.status=?
2026-01-22 12:06:42.512 - 
    select
        po1_0.id,
        po1_0.card_end_date,
        po1_0.card_start_date,
        po1_0.card_status,
        po1_0.created_at,
        po1_0.order_no,
        po1_0.package_id,
        po1_0.package_name,
        po1_0.payment_method,
        po1_0.payment_time,
        po1_0.price,
        po1_0.remaining_times,
        po1_0.staff_id,
        po1_0.staff_name,
        po1_0.status,
        po1_0.transaction_type,
        po1_0.updated_at,
        po1_0.user_id 
    from
        payment_orders po1_0 
    where
        po1_0.user_id=?
2026-01-22 12:06:42.512 - 
    select
        u1_0.id,
        u1_0.avatar_url,
        u1_0.created_at,
        u1_0.last_login_time,
        u1_0.member_expire_time,
        u1_0.member_level,
        u1_0.nickname,
        u1_0.openid,
        u1_0.phone,
        u1_0.points,
        u1_0.remaining_visits,
        u1_0.role,
        u1_0.total_visits,
        u1_0.updated_at 
    from
        users u1_0 
    where
        u1_0.id=?
2026-01-22 12:06:42.514 - 
    select
        mp1_0.id,
        mp1_0.avg_price_per_time,
        mp1_0.badge,
        mp1_0.category,
        mp1_0.code,
        mp1_0.description,
        mp1_0.features,
        mp1_0.is_active,
        mp1_0.name,
        mp1_0.people,
        mp1_0.price,
        mp1_0.sort_order,
        mp1_0.times_per_person,
        mp1_0.validity_days 
    from
        member_packages mp1_0 
    where
        mp1_0.id=?
2026-01-22 12:06:42.515 - 
    select
        po1_0.id,
        po1_0.card_end_date,
        po1_0.card_start_date,
        po1_0.card_status,
        po1_0.created_at,
        po1_0.order_no,
        po1_0.package_id,
        po1_0.package_name,
        po1_0.payment_method,
        po1_0.payment_time,
        po1_0.price,
        po1_0.remaining_times,
        po1_0.staff_id,
        po1_0.staff_name,
        po1_0.status,
        po1_0.transaction_type,
        po1_0.updated_at,
        po1_0.user_id 
    from
        payment_orders po1_0 
    where
        po1_0.user_id=? 
        and po1_0.status=?
2026-01-22 12:06:42.516 - 
    select
        u1_0.id,
        u1_0.avatar_url,
        u1_0.created_at,
        u1_0.last_login_time,
        u1_0.member_expire_time,
        u1_0.member_level,
        u1_0.nickname,
        u1_0.openid,
        u1_0.phone,
        u1_0.points,
        u1_0.remaining_visits,
        u1_0.role,
        u1_0.total_visits,
        u1_0.updated_at 
    from
        users u1_0 
    where
        u1_0.id=?
2026-01-22 12:06:42.518 - 
    select
        bo1_0.id,
        bo1_0.cabin_name,
        bo1_0.consume_time,
        bo1_0.created_at,
        bo1_0.date,
        bo1_0.order_no,
        bo1_0.original_price,
        bo1_0.payment_method,
        bo1_0.payment_order_id,
        bo1_0.payment_status,
        bo1_0.payment_time,
        bo1_0.price,
        bo1_0.seat_name,
        bo1_0.status,
        bo1_0.time_slot,
        bo1_0.updated_at,
        bo1_0.user_id 
    from
        booking_orders bo1_0 
    where
        bo1_0.user_id=? 
    order by
        bo1_0.created_at desc
2026-01-22 12:06:42.530 - 
    select
        u1_0.id,
        u1_0.avatar_url,
        u1_0.created_at,
        u1_0.last_login_time,
        u1_0.member_expire_time,
        u1_0.member_level,
        u1_0.nickname,
        u1_0.openid,
        u1_0.phone,
        u1_0.points,
        u1_0.remaining_visits,
        u1_0.role,
        u1_0.total_visits,
        u1_0.updated_at 
    from
        users u1_0 
    where
        u1_0.id=?
2026-01-22 12:06:42.533 - 
    select
        po1_0.id,
        po1_0.card_end_date,
        po1_0.card_start_date,
        po1_0.card_status,
        po1_0.created_at,
        po1_0.order_no,
        po1_0.package_id,
        po1_0.package_name,
        po1_0.payment_method,
        po1_0.payment_time,
        po1_0.price,
        po1_0.remaining_times,
        po1_0.staff_id,
        po1_0.staff_name,
        po1_0.status,
        po1_0.transaction_type,
        po1_0.updated_at,
        po1_0.user_id 
    from
        payment_orders po1_0 
    where
        po1_0.user_id=? 
        and po1_0.status=?
2026-01-22 12:06:42.550 - 
    select
        u1_0.id,
        u1_0.avatar_url,
        u1_0.created_at,
        u1_0.last_login_time,
        u1_0.member_expire_time,
        u1_0.member_level,
        u1_0.nickname,
        u1_0.openid,
        u1_0.phone,
        u1_0.points,
        u1_0.remaining_visits,
        u1_0.role,
        u1_0.total_visits,
        u1_0.updated_at 
    from
        users u1_0 
    where
        u1_0.id=?
2026-01-22 12:06:42.552 - 
    select
        po1_0.id,
        po1_0.card_end_date,
        po1_0.card_start_date,
        po1_0.card_status,
        po1_0.created_at,
        po1_0.order_no,
        po1_0.package_id,
        po1_0.package_name,
        po1_0.payment_method,
        po1_0.payment_time,
        po1_0.price,
        po1_0.remaining_times,
        po1_0.staff_id,
        po1_0.staff_name,
        po1_0.status,
        po1_0.transaction_type,
        po1_0.updated_at,
        po1_0.user_id 
    from
        payment_orders po1_0 
    where
        po1_0.user_id=? 
        and po1_0.status=?
2026-01-22 12:06:46.895 - 
    select
        po1_0.id,
        po1_0.card_end_date,
        po1_0.card_start_date,
        po1_0.card_status,
        po1_0.created_at,
        po1_0.order_no,
        po1_0.package_id,
        po1_0.package_name,
        po1_0.payment_method,
        po1_0.payment_time,
        po1_0.price,
        po1_0.remaining_times,
        po1_0.staff_id,
        po1_0.staff_name,
        po1_0.status,
        po1_0.transaction_type,
        po1_0.updated_at,
        po1_0.user_id 
    from
        payment_orders po1_0 
    where
        po1_0.user_id=?
2026-01-22 12:06:46.898 - 
    select
        mp1_0.id,
        mp1_0.avg_price_per_time,
        mp1_0.badge,
        mp1_0.category,
        mp1_0.code,
        mp1_0.description,
        mp1_0.features,
        mp1_0.is_active,
        mp1_0.name,
        mp1_0.people,
        mp1_0.price,
        mp1_0.sort_order,
        mp1_0.times_per_person,
        mp1_0.validity_days 
    from
        member_packages mp1_0 
    where
        mp1_0.id=?
2026-01-22 12:06:46.905 - 
    select
        po1_0.id,
        po1_0.card_end_date,
        po1_0.card_start_date,
        po1_0.card_status,
        po1_0.created_at,
        po1_0.order_no,
        po1_0.package_id,
        po1_0.package_name,
        po1_0.payment_method,
        po1_0.payment_time,
        po1_0.price,
        po1_0.remaining_times,
        po1_0.staff_id,
        po1_0.staff_name,
        po1_0.status,
        po1_0.transaction_type,
        po1_0.updated_at,
        po1_0.user_id 
    from
        payment_orders po1_0 
    where
        po1_0.user_id=?
2026-01-22 12:06:46.907 - 
    select
        mp1_0.id,
        mp1_0.avg_price_per_time,
        mp1_0.badge,
        mp1_0.category,
        mp1_0.code,
        mp1_0.description,
        mp1_0.features,
        mp1_0.is_active,
        mp1_0.name,
        mp1_0.people,
        mp1_0.price,
        mp1_0.sort_order,
        mp1_0.times_per_person,
        mp1_0.validity_days 
    from
        member_packages mp1_0 
    where
        mp1_0.id=?
2026-01-22 12:06:48.581 - 
    select
        bo1_0.id,
        bo1_0.cabin_name,
        bo1_0.consume_time,
        bo1_0.created_at,
        bo1_0.date,
        bo1_0.order_no,
        bo1_0.original_price,
        bo1_0.payment_method,
        bo1_0.payment_order_id,
        bo1_0.payment_status,
        bo1_0.payment_time,
        bo1_0.price,
        bo1_0.seat_name,
        bo1_0.status,
        bo1_0.time_slot,
        bo1_0.updated_at,
        bo1_0.user_id 
    from
        booking_orders bo1_0 
    where
        bo1_0.date=? 
        and bo1_0.time_slot=?
2026-01-22 12:06:49.627 - 
    select
        po1_0.id,
        po1_0.card_end_date,
        po1_0.card_start_date,
        po1_0.card_status,
        po1_0.created_at,
        po1_0.order_no,
        po1_0.package_id,
        po1_0.package_name,
        po1_0.payment_method,
        po1_0.payment_time,
        po1_0.price,
        po1_0.remaining_times,
        po1_0.staff_id,
        po1_0.staff_name,
        po1_0.status,
        po1_0.transaction_type,
        po1_0.updated_at,
        po1_0.user_id 
    from
        payment_orders po1_0 
    where
        po1_0.user_id=?
2026-01-22 12:06:49.630 - 
    select
        mp1_0.id,
        mp1_0.avg_price_per_time,
        mp1_0.badge,
        mp1_0.category,
        mp1_0.code,
        mp1_0.description,
        mp1_0.features,
        mp1_0.is_active,
        mp1_0.name,
        mp1_0.people,
        mp1_0.price,
        mp1_0.sort_order,
        mp1_0.times_per_person,
        mp1_0.validity_days 
    from
        member_packages mp1_0 
    where
        mp1_0.id=?
2026-01-22 12:06:49.645 - 
    select
        u1_0.id,
        u1_0.avatar_url,
        u1_0.created_at,
        u1_0.last_login_time,
        u1_0.member_expire_time,
        u1_0.member_level,
        u1_0.nickname,
        u1_0.openid,
        u1_0.phone,
        u1_0.points,
        u1_0.remaining_visits,
        u1_0.role,
        u1_0.total_visits,
        u1_0.updated_at 
    from
        users u1_0 
    where
        u1_0.id=?
2026-01-22 12:06:49.649 - 
    select
        bo1_0.id,
        bo1_0.cabin_name,
        bo1_0.consume_time,
        bo1_0.created_at,
        bo1_0.date,
        bo1_0.order_no,
        bo1_0.original_price,
        bo1_0.payment_method,
        bo1_0.payment_order_id,
        bo1_0.payment_status,
        bo1_0.payment_time,
        bo1_0.price,
        bo1_0.seat_name,
        bo1_0.status,
        bo1_0.time_slot,
        bo1_0.updated_at,
        bo1_0.user_id 
    from
        booking_orders bo1_0 
    where
        bo1_0.user_id=? 
        and bo1_0.date=? 
        and bo1_0.status!=?
2026-01-22 12:06:50.247 - 
    select
        u1_0.id,
        u1_0.avatar_url,
        u1_0.created_at,
        u1_0.last_login_time,
        u1_0.member_expire_time,
        u1_0.member_level,
        u1_0.nickname,
        u1_0.openid,
        u1_0.phone,
        u1_0.points,
        u1_0.remaining_visits,
        u1_0.role,
        u1_0.total_visits,
        u1_0.updated_at 
    from
        users u1_0 
    where
        u1_0.id=?
2026-01-22 12:06:50.250 - 
    select
        bo1_0.id,
        bo1_0.cabin_name,
        bo1_0.consume_time,
        bo1_0.created_at,
        bo1_0.date,
        bo1_0.order_no,
        bo1_0.original_price,
        bo1_0.payment_method,
        bo1_0.payment_order_id,
        bo1_0.payment_status,
        bo1_0.payment_time,
        bo1_0.price,
        bo1_0.seat_name,
        bo1_0.status,
        bo1_0.time_slot,
        bo1_0.updated_at,
        bo1_0.user_id 
    from
        booking_orders bo1_0 
    where
        bo1_0.user_id=? 
        and bo1_0.date=? 
        and bo1_0.status!=?
2026-01-22 12:06:50.251 - 
    select
        bo1_0.id,
        bo1_0.cabin_name,
        bo1_0.consume_time,
        bo1_0.created_at,
        bo1_0.date,
        bo1_0.order_no,
        bo1_0.original_price,
        bo1_0.payment_method,
        bo1_0.payment_order_id,
        bo1_0.payment_status,
        bo1_0.payment_time,
        bo1_0.price,
        bo1_0.seat_name,
        bo1_0.status,
        bo1_0.time_slot,
        bo1_0.updated_at,
        bo1_0.user_id 
    from
        booking_orders bo1_0 
    where
        bo1_0.date=? 
        and bo1_0.time_slot=? 
        and bo1_0.cabin_name=? 
        and bo1_0.seat_name=?
2026-01-22 12:06:50.253 - 
    select
        po1_0.id,
        po1_0.card_end_date,
        po1_0.card_start_date,
        po1_0.card_status,
        po1_0.created_at,
        po1_0.order_no,
        po1_0.package_id,
        po1_0.package_name,
        po1_0.payment_method,
        po1_0.payment_time,
        po1_0.price,
        po1_0.remaining_times,
        po1_0.staff_id,
        po1_0.staff_name,
        po1_0.status,
        po1_0.transaction_type,
        po1_0.updated_at,
        po1_0.user_id 
    from
        payment_orders po1_0 
    where
        po1_0.user_id=?
2026-01-22 12:06:50.254 - 
    select
        mp1_0.id,
        mp1_0.avg_price_per_time,
        mp1_0.badge,
        mp1_0.category,
        mp1_0.code,
        mp1_0.description,
        mp1_0.features,
        mp1_0.is_active,
        mp1_0.name,
        mp1_0.people,
        mp1_0.price,
        mp1_0.sort_order,
        mp1_0.times_per_person,
        mp1_0.validity_days 
    from
        member_packages mp1_0 
    where
        mp1_0.id=?
2026-01-22 12:06:53.537 - 
    select
        po1_0.id,
        po1_0.card_end_date,
        po1_0.card_start_date,
        po1_0.card_status,
        po1_0.created_at,
        po1_0.order_no,
        po1_0.package_id,
        po1_0.package_name,
        po1_0.payment_method,
        po1_0.payment_time,
        po1_0.price,
        po1_0.remaining_times,
        po1_0.staff_id,
        po1_0.staff_name,
        po1_0.status,
        po1_0.transaction_type,
        po1_0.updated_at,
        po1_0.user_id 
    from
        payment_orders po1_0 
    where
        po1_0.user_id=?
2026-01-22 12:06:53.537 - 
    select
        u1_0.id,
        u1_0.avatar_url,
        u1_0.created_at,
        u1_0.last_login_time,
        u1_0.member_expire_time,
        u1_0.member_level,
        u1_0.nickname,
        u1_0.openid,
        u1_0.phone,
        u1_0.points,
        u1_0.remaining_visits,
        u1_0.role,
        u1_0.total_visits,
        u1_0.updated_at 
    from
        users u1_0 
    where
        u1_0.id=?
2026-01-22 12:06:53.538 - 
    select
        u1_0.id,
        u1_0.avatar_url,
        u1_0.created_at,
        u1_0.last_login_time,
        u1_0.member_expire_time,
        u1_0.member_level,
        u1_0.nickname,
        u1_0.openid,
        u1_0.phone,
        u1_0.points,
        u1_0.remaining_visits,
        u1_0.role,
        u1_0.total_visits,
        u1_0.updated_at 
    from
        users u1_0 
    where
        u1_0.id=?
2026-01-22 12:06:53.539 - 
    select
        mp1_0.id,
        mp1_0.avg_price_per_time,
        mp1_0.badge,
        mp1_0.category,
        mp1_0.code,
        mp1_0.description,
        mp1_0.features,
        mp1_0.is_active,
        mp1_0.name,
        mp1_0.people,
        mp1_0.price,
        mp1_0.sort_order,
        mp1_0.times_per_person,
        mp1_0.validity_days 
    from
        member_packages mp1_0 
    where
        mp1_0.id=?
2026-01-22 12:06:53.540 - 
    select
        bo1_0.id,
        bo1_0.cabin_name,
        bo1_0.consume_time,
        bo1_0.created_at,
        bo1_0.date,
        bo1_0.order_no,
        bo1_0.original_price,
        bo1_0.payment_method,
        bo1_0.payment_order_id,
        bo1_0.payment_status,
        bo1_0.payment_time,
        bo1_0.price,
        bo1_0.seat_name,
        bo1_0.status,
        bo1_0.time_slot,
        bo1_0.updated_at,
        bo1_0.user_id 
    from
        booking_orders bo1_0 
    where
        bo1_0.user_id=? 
    order by
        bo1_0.created_at desc
2026-01-22 12:06:53.540 - 
    select
        po1_0.id,
        po1_0.card_end_date,
        po1_0.card_start_date,
        po1_0.card_status,
        po1_0.created_at,
        po1_0.order_no,
        po1_0.package_id,
        po1_0.package_name,
        po1_0.payment_method,
        po1_0.payment_time,
        po1_0.price,
        po1_0.remaining_times,
        po1_0.staff_id,
        po1_0.staff_name,
        po1_0.status,
        po1_0.transaction_type,
        po1_0.updated_at,
        po1_0.user_id 
    from
        payment_orders po1_0 
    where
        po1_0.user_id=? 
        and po1_0.status=?
2026-01-22 12:06:53.552 - 
    select
        u1_0.id,
        u1_0.avatar_url,
        u1_0.created_at,
        u1_0.last_login_time,
        u1_0.member_expire_time,
        u1_0.member_level,
        u1_0.nickname,
        u1_0.openid,
        u1_0.phone,
        u1_0.points,
        u1_0.remaining_visits,
        u1_0.role,
        u1_0.total_visits,
        u1_0.updated_at 
    from
        users u1_0 
    where
        u1_0.id=?
2026-01-22 12:06:53.552 - 
    select
        u1_0.id,
        u1_0.avatar_url,
        u1_0.created_at,
        u1_0.last_login_time,
        u1_0.member_expire_time,
        u1_0.member_level,
        u1_0.nickname,
        u1_0.openid,
        u1_0.phone,
        u1_0.points,
        u1_0.remaining_visits,
        u1_0.role,
        u1_0.total_visits,
        u1_0.updated_at 
    from
        users u1_0 
    where
        u1_0.id=?
2026-01-22 12:06:53.552 - 
    select
        po1_0.id,
        po1_0.card_end_date,
        po1_0.card_start_date,
        po1_0.card_status,
        po1_0.created_at,
        po1_0.order_no,
        po1_0.package_id,
        po1_0.package_name,
        po1_0.payment_method,
        po1_0.payment_time,
        po1_0.price,
        po1_0.remaining_times,
        po1_0.staff_id,
        po1_0.staff_name,
        po1_0.status,
        po1_0.transaction_type,
        po1_0.updated_at,
        po1_0.user_id 
    from
        payment_orders po1_0 
    where
        po1_0.user_id=?
2026-01-22 12:06:53.554 - 
    select
        mp1_0.id,
        mp1_0.avg_price_per_time,
        mp1_0.badge,
        mp1_0.category,
        mp1_0.code,
        mp1_0.description,
        mp1_0.features,
        mp1_0.is_active,
        mp1_0.name,
        mp1_0.people,
        mp1_0.price,
        mp1_0.sort_order,
        mp1_0.times_per_person,
        mp1_0.validity_days 
    from
        member_packages mp1_0 
    where
        mp1_0.id=?
2026-01-22 12:06:53.555 - 
    select
        bo1_0.id,
        bo1_0.cabin_name,
        bo1_0.consume_time,
        bo1_0.created_at,
        bo1_0.date,
        bo1_0.order_no,
        bo1_0.original_price,
        bo1_0.payment_method,
        bo1_0.payment_order_id,
        bo1_0.payment_status,
        bo1_0.payment_time,
        bo1_0.price,
        bo1_0.seat_name,
        bo1_0.status,
        bo1_0.time_slot,
        bo1_0.updated_at,
        bo1_0.user_id 
    from
        booking_orders bo1_0 
    where
        bo1_0.user_id=? 
    order by
        bo1_0.created_at desc
2026-01-22 12:06:53.555 - 
    select
        po1_0.id,
        po1_0.card_end_date,
        po1_0.card_start_date,
        po1_0.card_status,
        po1_0.created_at,
        po1_0.order_no,
        po1_0.package_id,
        po1_0.package_name,
        po1_0.payment_method,
        po1_0.payment_time,
        po1_0.price,
        po1_0.remaining_times,
        po1_0.staff_id,
        po1_0.staff_name,
        po1_0.status,
        po1_0.transaction_type,
        po1_0.updated_at,
        po1_0.user_id 
    from
        payment_orders po1_0 
    where
        po1_0.user_id=? 
        and po1_0.status=?
2026-01-22 12:06:53.561 - 
    select
        u1_0.id,
        u1_0.avatar_url,
        u1_0.created_at,
        u1_0.last_login_time,
        u1_0.member_expire_time,
        u1_0.member_level,
        u1_0.nickname,
        u1_0.openid,
        u1_0.phone,
        u1_0.points,
        u1_0.remaining_visits,
        u1_0.role,
        u1_0.total_visits,
        u1_0.updated_at 
    from
        users u1_0 
    where
        u1_0.id=?
2026-01-22 12:06:53.563 - 
    select
        po1_0.id,
        po1_0.card_end_date,
        po1_0.card_start_date,
        po1_0.card_status,
        po1_0.created_at,
        po1_0.order_no,
        po1_0.package_id,
        po1_0.package_name,
        po1_0.payment_method,
        po1_0.payment_time,
        po1_0.price,
        po1_0.remaining_times,
        po1_0.staff_id,
        po1_0.staff_name,
        po1_0.status,
        po1_0.transaction_type,
        po1_0.updated_at,
        po1_0.user_id 
    from
        payment_orders po1_0 
    where
        po1_0.user_id=? 
        and po1_0.status=?
2026-01-22 12:06:53.582 - 
    select
        u1_0.id,
        u1_0.avatar_url,
        u1_0.created_at,
        u1_0.last_login_time,
        u1_0.member_expire_time,
        u1_0.member_level,
        u1_0.nickname,
        u1_0.openid,
        u1_0.phone,
        u1_0.points,
        u1_0.remaining_visits,
        u1_0.role,
        u1_0.total_visits,
        u1_0.updated_at 
    from
        users u1_0 
    where
        u1_0.id=?
2026-01-22 12:06:53.584 - 
    select
        po1_0.id,
        po1_0.card_end_date,
        po1_0.card_start_date,
        po1_0.card_status,
        po1_0.created_at,
        po1_0.order_no,
        po1_0.package_id,
        po1_0.package_name,
        po1_0.payment_method,
        po1_0.payment_time,
        po1_0.price,
        po1_0.remaining_times,
        po1_0.staff_id,
        po1_0.staff_name,
        po1_0.status,
        po1_0.transaction_type,
        po1_0.updated_at,
        po1_0.user_id 
    from
        payment_orders po1_0 
    where
        po1_0.user_id=? 
        and po1_0.status=?
2026-01-22 12:07:06.091 - 
    select
        u1_0.id,
        u1_0.avatar_url,
        u1_0.created_at,
        u1_0.last_login_time,
        u1_0.member_expire_time,
        u1_0.member_level,
        u1_0.nickname,
        u1_0.openid,
        u1_0.phone,
        u1_0.points,
        u1_0.remaining_visits,
        u1_0.role,
        u1_0.total_visits,
        u1_0.updated_at 
    from
        users u1_0 
    where
        u1_0.openid=?
2026-01-22 12:07:06.106 - 
    update
        users 
    set
        avatar_url=?,
        created_at=?,
        last_login_time=?,
        member_expire_time=?,
        member_level=?,
        nickname=?,
        openid=?,
        phone=?,
        points=?,
        remaining_visits=?,
        role=?,
        total_visits=?,
        updated_at=? 
    where
        id=?
2026-01-22 12:07:07.901 - 
    select
        mp1_0.id,
        mp1_0.avg_price_per_time,
        mp1_0.badge,
        mp1_0.category,
        mp1_0.code,
        mp1_0.description,
        mp1_0.features,
        mp1_0.is_active,
        mp1_0.name,
        mp1_0.people,
        mp1_0.price,
        mp1_0.sort_order,
        mp1_0.times_per_person,
        mp1_0.validity_days 
    from
        member_packages mp1_0 
    where
        mp1_0.is_active 
    order by
        mp1_0.sort_order
2026-01-22 12:07:10.271 - 
    select
        u1_0.id,
        u1_0.avatar_url,
        u1_0.created_at,
        u1_0.last_login_time,
        u1_0.member_expire_time,
        u1_0.member_level,
        u1_0.nickname,
        u1_0.openid,
        u1_0.phone,
        u1_0.points,
        u1_0.remaining_visits,
        u1_0.role,
        u1_0.total_visits,
        u1_0.updated_at 
    from
        users u1_0 
    where
        u1_0.id=?
2026-01-22 12:07:10.272 - 
    select
        u1_0.id,
        u1_0.avatar_url,
        u1_0.created_at,
        u1_0.last_login_time,
        u1_0.member_expire_time,
        u1_0.member_level,
        u1_0.nickname,
        u1_0.openid,
        u1_0.phone,
        u1_0.points,
        u1_0.remaining_visits,
        u1_0.role,
        u1_0.total_visits,
        u1_0.updated_at 
    from
        users u1_0 
    where
        u1_0.id=?
2026-01-22 12:07:10.272 - 
    select
        po1_0.id,
        po1_0.card_end_date,
        po1_0.card_start_date,
        po1_0.card_status,
        po1_0.created_at,
        po1_0.order_no,
        po1_0.package_id,
        po1_0.package_name,
        po1_0.payment_method,
        po1_0.payment_time,
        po1_0.price,
        po1_0.remaining_times,
        po1_0.staff_id,
        po1_0.staff_name,
        po1_0.status,
        po1_0.transaction_type,
        po1_0.updated_at,
        po1_0.user_id 
    from
        payment_orders po1_0 
    where
        po1_0.user_id=?
2026-01-22 12:07:10.273 - 
    select
        po1_0.id,
        po1_0.card_end_date,
        po1_0.card_start_date,
        po1_0.card_status,
        po1_0.created_at,
        po1_0.order_no,
        po1_0.package_id,
        po1_0.package_name,
        po1_0.payment_method,
        po1_0.payment_time,
        po1_0.price,
        po1_0.remaining_times,
        po1_0.staff_id,
        po1_0.staff_name,
        po1_0.status,
        po1_0.transaction_type,
        po1_0.updated_at,
        po1_0.user_id 
    from
        payment_orders po1_0 
    where
        po1_0.user_id=? 
        and po1_0.status=?
2026-01-22 12:07:10.274 - 
    select
        mp1_0.id,
        mp1_0.avg_price_per_time,
        mp1_0.badge,
        mp1_0.category,
        mp1_0.code,
        mp1_0.description,
        mp1_0.features,
        mp1_0.is_active,
        mp1_0.name,
        mp1_0.people,
        mp1_0.price,
        mp1_0.sort_order,
        mp1_0.times_per_person,
        mp1_0.validity_days 
    from
        member_packages mp1_0 
    where
        mp1_0.id=?
2026-01-22 12:07:10.274 - 
    select
        bo1_0.id,
        bo1_0.cabin_name,
        bo1_0.consume_time,
        bo1_0.created_at,
        bo1_0.date,
        bo1_0.order_no,
        bo1_0.original_price,
        bo1_0.payment_method,
        bo1_0.payment_order_id,
        bo1_0.payment_status,
        bo1_0.payment_time,
        bo1_0.price,
        bo1_0.seat_name,
        bo1_0.status,
        bo1_0.time_slot,
        bo1_0.updated_at,
        bo1_0.user_id 
    from
        booking_orders bo1_0 
    where
        bo1_0.user_id=? 
    order by
        bo1_0.created_at desc
2026-01-22 12:07:10.279 - 
    select
        u1_0.id,
        u1_0.avatar_url,
        u1_0.created_at,
        u1_0.last_login_time,
        u1_0.member_expire_time,
        u1_0.member_level,
        u1_0.nickname,
        u1_0.openid,
        u1_0.phone,
        u1_0.points,
        u1_0.remaining_visits,
        u1_0.role,
        u1_0.total_visits,
        u1_0.updated_at 
    from
        users u1_0 
    where
        u1_0.id=?
2026-01-22 12:07:10.279 - 
    select
        po1_0.id,
        po1_0.card_end_date,
        po1_0.card_start_date,
        po1_0.card_status,
        po1_0.created_at,
        po1_0.order_no,
        po1_0.package_id,
        po1_0.package_name,
        po1_0.payment_method,
        po1_0.payment_time,
        po1_0.price,
        po1_0.remaining_times,
        po1_0.staff_id,
        po1_0.staff_name,
        po1_0.status,
        po1_0.transaction_type,
        po1_0.updated_at,
        po1_0.user_id 
    from
        payment_orders po1_0 
    where
        po1_0.user_id=?
2026-01-22 12:07:10.279 - 
    select
        u1_0.id,
        u1_0.avatar_url,
        u1_0.created_at,
        u1_0.last_login_time,
        u1_0.member_expire_time,
        u1_0.member_level,
        u1_0.nickname,
        u1_0.openid,
        u1_0.phone,
        u1_0.points,
        u1_0.remaining_visits,
        u1_0.role,
        u1_0.total_visits,
        u1_0.updated_at 
    from
        users u1_0 
    where
        u1_0.id=?
2026-01-22 12:07:10.281 - 
    select
        mp1_0.id,
        mp1_0.avg_price_per_time,
        mp1_0.badge,
        mp1_0.category,
        mp1_0.code,
        mp1_0.description,
        mp1_0.features,
        mp1_0.is_active,
        mp1_0.name,
        mp1_0.people,
        mp1_0.price,
        mp1_0.sort_order,
        mp1_0.times_per_person,
        mp1_0.validity_days 
    from
        member_packages mp1_0 
    where
        mp1_0.id=?
2026-01-22 12:07:10.281 - 
    select
        bo1_0.id,
        bo1_0.cabin_name,
        bo1_0.consume_time,
        bo1_0.created_at,
        bo1_0.date,
        bo1_0.order_no,
        bo1_0.original_price,
        bo1_0.payment_method,
        bo1_0.payment_order_id,
        bo1_0.payment_status,
        bo1_0.payment_time,
        bo1_0.price,
        bo1_0.seat_name,
        bo1_0.status,
        bo1_0.time_slot,
        bo1_0.updated_at,
        bo1_0.user_id 
    from
        booking_orders bo1_0 
    where
        bo1_0.user_id=? 
    order by
        bo1_0.created_at desc
2026-01-22 12:07:10.281 - 
    select
        po1_0.id,
        po1_0.card_end_date,
        po1_0.card_start_date,
        po1_0.card_status,
        po1_0.created_at,
        po1_0.order_no,
        po1_0.package_id,
        po1_0.package_name,
        po1_0.payment_method,
        po1_0.payment_time,
        po1_0.price,
        po1_0.remaining_times,
        po1_0.staff_id,
        po1_0.staff_name,
        po1_0.status,
        po1_0.transaction_type,
        po1_0.updated_at,
        po1_0.user_id 
    from
        payment_orders po1_0 
    where
        po1_0.user_id=? 
        and po1_0.status=?
2026-01-22 12:07:10.288 - 
    select
        u1_0.id,
        u1_0.avatar_url,
        u1_0.created_at,
        u1_0.last_login_time,
        u1_0.member_expire_time,
        u1_0.member_level,
        u1_0.nickname,
        u1_0.openid,
        u1_0.phone,
        u1_0.points,
        u1_0.remaining_visits,
        u1_0.role,
        u1_0.total_visits,
        u1_0.updated_at 
    from
        users u1_0 
    where
        u1_0.id=?
2026-01-22 12:07:10.290 - 
    select
        po1_0.id,
        po1_0.card_end_date,
        po1_0.card_start_date,
        po1_0.card_status,
        po1_0.created_at,
        po1_0.order_no,
        po1_0.package_id,
        po1_0.package_name,
        po1_0.payment_method,
        po1_0.payment_time,
        po1_0.price,
        po1_0.remaining_times,
        po1_0.staff_id,
        po1_0.staff_name,
        po1_0.status,
        po1_0.transaction_type,
        po1_0.updated_at,
        po1_0.user_id 
    from
        payment_orders po1_0 
    where
        po1_0.user_id=? 
        and po1_0.status=?
2026-01-22 12:07:10.307 - 
    select
        u1_0.id,
        u1_0.avatar_url,
        u1_0.created_at,
        u1_0.last_login_time,
        u1_0.member_expire_time,
        u1_0.member_level,
        u1_0.nickname,
        u1_0.openid,
        u1_0.phone,
        u1_0.points,
        u1_0.remaining_visits,
        u1_0.role,
        u1_0.total_visits,
        u1_0.updated_at 
    from
        users u1_0 
    where
        u1_0.id=?
2026-01-22 12:07:10.309 - 
    select
        po1_0.id,
        po1_0.card_end_date,
        po1_0.card_start_date,
        po1_0.card_status,
        po1_0.created_at,
        po1_0.order_no,
        po1_0.package_id,
        po1_0.package_name,
        po1_0.payment_method,
        po1_0.payment_time,
        po1_0.price,
        po1_0.remaining_times,
        po1_0.staff_id,
        po1_0.staff_name,
        po1_0.status,
        po1_0.transaction_type,
        po1_0.updated_at,
        po1_0.user_id 
    from
        payment_orders po1_0 
    where
        po1_0.user_id=? 
        and po1_0.status=?
2026-01-22 12:07:53.083 - 
    select
        mp1_0.id,
        mp1_0.avg_price_per_time,
        mp1_0.badge,
        mp1_0.category,
        mp1_0.code,
        mp1_0.description,
        mp1_0.features,
        mp1_0.is_active,
        mp1_0.name,
        mp1_0.people,
        mp1_0.price,
        mp1_0.sort_order,
        mp1_0.times_per_person,
        mp1_0.validity_days 
    from
        member_packages mp1_0 
    where
        mp1_0.category=? 
        and mp1_0.is_active 
    order by
        mp1_0.sort_order
2026-01-22 12:07:53.093 - 
    select
        mp1_0.id,
        mp1_0.avg_price_per_time,
        mp1_0.badge,
        mp1_0.category,
        mp1_0.code,
        mp1_0.description,
        mp1_0.features,
        mp1_0.is_active,
        mp1_0.name,
        mp1_0.people,
        mp1_0.price,
        mp1_0.sort_order,
        mp1_0.times_per_person,
        mp1_0.validity_days 
    from
        member_packages mp1_0 
    where
        mp1_0.category=? 
        and mp1_0.is_active 
    order by
        mp1_0.sort_order
2026-01-22 12:07:54.085 - 
    select
        mp1_0.id,
        mp1_0.avg_price_per_time,
        mp1_0.badge,
        mp1_0.category,
        mp1_0.code,
        mp1_0.description,
        mp1_0.features,
        mp1_0.is_active,
        mp1_0.name,
        mp1_0.people,
        mp1_0.price,
        mp1_0.sort_order,
        mp1_0.times_per_person,
        mp1_0.validity_days 
    from
        member_packages mp1_0 
    where
        mp1_0.category=? 
        and mp1_0.is_active 
    order by
        mp1_0.sort_order
2026-01-22 12:07:55.218 - 
    select
        po1_0.id,
        po1_0.card_end_date,
        po1_0.card_start_date,
        po1_0.card_status,
        po1_0.created_at,
        po1_0.order_no,
        po1_0.package_id,
        po1_0.package_name,
        po1_0.payment_method,
        po1_0.payment_time,
        po1_0.price,
        po1_0.remaining_times,
        po1_0.staff_id,
        po1_0.staff_name,
        po1_0.status,
        po1_0.transaction_type,
        po1_0.updated_at,
        po1_0.user_id 
    from
        payment_orders po1_0 
    where
        po1_0.user_id=?
2026-01-22 12:07:55.234 - 
    select
        s1_0.id,
        s1_0.created_at,
        s1_0.last_login_time,
        s1_0.name,
        s1_0.password,
        s1_0.phone,
        s1_0.status,
        s1_0.updated_at,
        s1_0.username 
    from
        staffs s1_0 
    where
        s1_0.status=?
2026-01-22 12:07:59.628 - 
    select
        u1_0.id,
        u1_0.avatar_url,
        u1_0.created_at,
        u1_0.last_login_time,
        u1_0.member_expire_time,
        u1_0.member_level,
        u1_0.nickname,
        u1_0.openid,
        u1_0.phone,
        u1_0.points,
        u1_0.remaining_visits,
        u1_0.role,
        u1_0.total_visits,
        u1_0.updated_at 
    from
        users u1_0 
    where
        u1_0.id=?
2026-01-22 12:07:59.631 - 
    select
        mp1_0.id,
        mp1_0.avg_price_per_time,
        mp1_0.badge,
        mp1_0.category,
        mp1_0.code,
        mp1_0.description,
        mp1_0.features,
        mp1_0.is_active,
        mp1_0.name,
        mp1_0.people,
        mp1_0.price,
        mp1_0.sort_order,
        mp1_0.times_per_person,
        mp1_0.validity_days 
    from
        member_packages mp1_0 
    where
        mp1_0.id=?
2026-01-22 12:07:59.633 - 
    select
        po1_0.id,
        po1_0.card_end_date,
        po1_0.card_start_date,
        po1_0.card_status,
        po1_0.created_at,
        po1_0.order_no,
        po1_0.package_id,
        po1_0.package_name,
        po1_0.payment_method,
        po1_0.payment_time,
        po1_0.price,
        po1_0.remaining_times,
        po1_0.staff_id,
        po1_0.staff_name,
        po1_0.status,
        po1_0.transaction_type,
        po1_0.updated_at,
        po1_0.user_id 
    from
        payment_orders po1_0 
    where
        po1_0.user_id=? 
        and po1_0.status=?
2026-01-22 12:07:59.645 - 
    insert 
    into
        payment_orders
        (card_end_date, card_start_date, card_status, created_at, order_no, package_id, package_name, payment_method, payment_time, price, remaining_times, staff_id, staff_name, status, transaction_type, updated_at, user_id) 
    values
        (?, ?, ?, ?, ?, ?, ?, ?, ?, ?, ?, ?, ?, ?, ?, ?, ?)
2026-01-22 12:07:59.664 - 
    select
        po1_0.id,
        po1_0.card_end_date,
        po1_0.card_start_date,
        po1_0.card_status,
        po1_0.created_at,
        po1_0.order_no,
        po1_0.package_id,
        po1_0.package_name,
        po1_0.payment_method,
        po1_0.payment_time,
        po1_0.price,
        po1_0.remaining_times,
        po1_0.staff_id,
        po1_0.staff_name,
        po1_0.status,
        po1_0.transaction_type,
        po1_0.updated_at,
        po1_0.user_id 
    from
        payment_orders po1_0 
    where
        po1_0.id=?
2026-01-22 12:07:59.666 - 
    select
        u1_0.id,
        u1_0.avatar_url,
        u1_0.created_at,
        u1_0.last_login_time,
        u1_0.member_expire_time,
        u1_0.member_level,
        u1_0.nickname,
        u1_0.openid,
        u1_0.phone,
        u1_0.points,
        u1_0.remaining_visits,
        u1_0.role,
        u1_0.total_visits,
        u1_0.updated_at 
    from
        users u1_0 
    where
        u1_0.id=?
2026-01-22 12:08:00.418 - 
    select
        po1_0.id,
        po1_0.card_end_date,
        po1_0.card_start_date,
        po1_0.card_status,
        po1_0.created_at,
        po1_0.order_no,
        po1_0.package_id,
        po1_0.package_name,
        po1_0.payment_method,
        po1_0.payment_time,
        po1_0.price,
        po1_0.remaining_times,
        po1_0.staff_id,
        po1_0.staff_name,
        po1_0.status,
        po1_0.transaction_type,
        po1_0.updated_at,
        po1_0.user_id 
    from
        payment_orders po1_0 
    where
        po1_0.id=?
2026-01-22 12:08:00.423 - 
    select
        mp1_0.id,
        mp1_0.avg_price_per_time,
        mp1_0.badge,
        mp1_0.category,
        mp1_0.code,
        mp1_0.description,
        mp1_0.features,
        mp1_0.is_active,
        mp1_0.name,
        mp1_0.people,
        mp1_0.price,
        mp1_0.sort_order,
        mp1_0.times_per_person,
        mp1_0.validity_days 
    from
        member_packages mp1_0 
    where
        mp1_0.id=?
2026-01-22 12:08:00.427 - 
    update
        payment_orders 
    set
        card_end_date=?,
        card_start_date=?,
        card_status=?,
        created_at=?,
        order_no=?,
        package_id=?,
        package_name=?,
        payment_method=?,
        payment_time=?,
        price=?,
        remaining_times=?,
        staff_id=?,
        staff_name=?,
        status=?,
        transaction_type=?,
        updated_at=?,
        user_id=? 
    where
        id=?
2026-01-22 12:08:00.430 - 
    select
        u1_0.id,
        u1_0.avatar_url,
        u1_0.created_at,
        u1_0.last_login_time,
        u1_0.member_expire_time,
        u1_0.member_level,
        u1_0.nickname,
        u1_0.openid,
        u1_0.phone,
        u1_0.points,
        u1_0.remaining_visits,
        u1_0.role,
        u1_0.total_visits,
        u1_0.updated_at 
    from
        users u1_0 
    where
        u1_0.id=?
2026-01-22 12:08:00.433 - 
    update
        users 
    set
        avatar_url=?,
        created_at=?,
        last_login_time=?,
        member_expire_time=?,
        member_level=?,
        nickname=?,
        openid=?,
        phone=?,
        points=?,
        remaining_visits=?,
        role=?,
        total_visits=?,
        updated_at=? 
    where
        id=?
2026-01-22 12:08:02.715 - 
    select
        u1_0.id,
        u1_0.avatar_url,
        u1_0.created_at,
        u1_0.last_login_time,
        u1_0.member_expire_time,
        u1_0.member_level,
        u1_0.nickname,
        u1_0.openid,
        u1_0.phone,
        u1_0.points,
        u1_0.remaining_visits,
        u1_0.role,
        u1_0.total_visits,
        u1_0.updated_at 
    from
        users u1_0 
    where
        u1_0.id=?
2026-01-22 12:08:02.718 - 
    select
        po1_0.id,
        po1_0.card_end_date,
        po1_0.card_start_date,
        po1_0.card_status,
        po1_0.created_at,
        po1_0.order_no,
        po1_0.package_id,
        po1_0.package_name,
        po1_0.payment_method,
        po1_0.payment_time,
        po1_0.price,
        po1_0.remaining_times,
        po1_0.staff_id,
        po1_0.staff_name,
        po1_0.status,
        po1_0.transaction_type,
        po1_0.updated_at,
        po1_0.user_id 
    from
        payment_orders po1_0 
    where
        po1_0.user_id=? 
        and po1_0.status=?
2026-01-22 12:08:02.723 - 
    select
        po1_0.id,
        po1_0.card_end_date,
        po1_0.card_start_date,
        po1_0.card_status,
        po1_0.created_at,
        po1_0.order_no,
        po1_0.package_id,
        po1_0.package_name,
        po1_0.payment_method,
        po1_0.payment_time,
        po1_0.price,
        po1_0.remaining_times,
        po1_0.staff_id,
        po1_0.staff_name,
        po1_0.status,
        po1_0.transaction_type,
        po1_0.updated_at,
        po1_0.user_id 
    from
        payment_orders po1_0 
    where
        po1_0.user_id=?
2026-01-22 12:08:02.725 - 
    select
        mp1_0.id,
        mp1_0.avg_price_per_time,
        mp1_0.badge,
        mp1_0.category,
        mp1_0.code,
        mp1_0.description,
        mp1_0.features,
        mp1_0.is_active,
        mp1_0.name,
        mp1_0.people,
        mp1_0.price,
        mp1_0.sort_order,
        mp1_0.times_per_person,
        mp1_0.validity_days 
    from
        member_packages mp1_0 
    where
        mp1_0.id=?
2026-01-22 12:08:02.731 - 
    select
        u1_0.id,
        u1_0.avatar_url,
        u1_0.created_at,
        u1_0.last_login_time,
        u1_0.member_expire_time,
        u1_0.member_level,
        u1_0.nickname,
        u1_0.openid,
        u1_0.phone,
        u1_0.points,
        u1_0.remaining_visits,
        u1_0.role,
        u1_0.total_visits,
        u1_0.updated_at 
    from
        users u1_0 
    where
        u1_0.id=?
2026-01-22 12:08:02.731 - 
    select
        u1_0.id,
        u1_0.avatar_url,
        u1_0.created_at,
        u1_0.last_login_time,
        u1_0.member_expire_time,
        u1_0.member_level,
        u1_0.nickname,
        u1_0.openid,
        u1_0.phone,
        u1_0.points,
        u1_0.remaining_visits,
        u1_0.role,
        u1_0.total_visits,
        u1_0.updated_at 
    from
        users u1_0 
    where
        u1_0.id=?
2026-01-22 12:08:02.733 - 
    select
        bo1_0.id,
        bo1_0.cabin_name,
        bo1_0.consume_time,
        bo1_0.created_at,
        bo1_0.date,
        bo1_0.order_no,
        bo1_0.original_price,
        bo1_0.payment_method,
        bo1_0.payment_order_id,
        bo1_0.payment_status,
        bo1_0.payment_time,
        bo1_0.price,
        bo1_0.seat_name,
        bo1_0.status,
        bo1_0.time_slot,
        bo1_0.updated_at,
        bo1_0.user_id 
    from
        booking_orders bo1_0 
    where
        bo1_0.user_id=? 
    order by
        bo1_0.created_at desc
2026-01-22 12:08:02.733 - 
    select
        po1_0.id,
        po1_0.card_end_date,
        po1_0.card_start_date,
        po1_0.card_status,
        po1_0.created_at,
        po1_0.order_no,
        po1_0.package_id,
        po1_0.package_name,
        po1_0.payment_method,
        po1_0.payment_time,
        po1_0.price,
        po1_0.remaining_times,
        po1_0.staff_id,
        po1_0.staff_name,
        po1_0.status,
        po1_0.transaction_type,
        po1_0.updated_at,
        po1_0.user_id 
    from
        payment_orders po1_0 
    where
        po1_0.user_id=? 
        and po1_0.status=?
2026-01-22 12:08:02.733 - 
    select
        po1_0.id,
        po1_0.card_end_date,
        po1_0.card_start_date,
        po1_0.card_status,
        po1_0.created_at,
        po1_0.order_no,
        po1_0.package_id,
        po1_0.package_name,
        po1_0.payment_method,
        po1_0.payment_time,
        po1_0.price,
        po1_0.remaining_times,
        po1_0.staff_id,
        po1_0.staff_name,
        po1_0.status,
        po1_0.transaction_type,
        po1_0.updated_at,
        po1_0.user_id 
    from
        payment_orders po1_0 
    where
        po1_0.user_id=?
2026-01-22 12:08:02.735 - 
    select
        mp1_0.id,
        mp1_0.avg_price_per_time,
        mp1_0.badge,
        mp1_0.category,
        mp1_0.code,
        mp1_0.description,
        mp1_0.features,
        mp1_0.is_active,
        mp1_0.name,
        mp1_0.people,
        mp1_0.price,
        mp1_0.sort_order,
        mp1_0.times_per_person,
        mp1_0.validity_days 
    from
        member_packages mp1_0 
    where
        mp1_0.id=?
2026-01-22 12:08:02.741 - 
    select
        u1_0.id,
        u1_0.avatar_url,
        u1_0.created_at,
        u1_0.last_login_time,
        u1_0.member_expire_time,
        u1_0.member_level,
        u1_0.nickname,
        u1_0.openid,
        u1_0.phone,
        u1_0.points,
        u1_0.remaining_visits,
        u1_0.role,
        u1_0.total_visits,
        u1_0.updated_at 
    from
        users u1_0 
    where
        u1_0.id=?
2026-01-22 12:08:02.743 - 
    select
        bo1_0.id,
        bo1_0.cabin_name,
        bo1_0.consume_time,
        bo1_0.created_at,
        bo1_0.date,
        bo1_0.order_no,
        bo1_0.original_price,
        bo1_0.payment_method,
        bo1_0.payment_order_id,
        bo1_0.payment_status,
        bo1_0.payment_time,
        bo1_0.price,
        bo1_0.seat_name,
        bo1_0.status,
        bo1_0.time_slot,
        bo1_0.updated_at,
        bo1_0.user_id 
    from
        booking_orders bo1_0 
    where
        bo1_0.user_id=? 
    order by
        bo1_0.created_at desc
2026-01-22 12:08:02.770 - 
    select
        u1_0.id,
        u1_0.avatar_url,
        u1_0.created_at,
        u1_0.last_login_time,
        u1_0.member_expire_time,
        u1_0.member_level,
        u1_0.nickname,
        u1_0.openid,
        u1_0.phone,
        u1_0.points,
        u1_0.remaining_visits,
        u1_0.role,
        u1_0.total_visits,
        u1_0.updated_at 
    from
        users u1_0 
    where
        u1_0.id=?
2026-01-22 12:08:02.772 - 
    select
        po1_0.id,
        po1_0.card_end_date,
        po1_0.card_start_date,
        po1_0.card_status,
        po1_0.created_at,
        po1_0.order_no,
        po1_0.package_id,
        po1_0.package_name,
        po1_0.payment_method,
        po1_0.payment_time,
        po1_0.price,
        po1_0.remaining_times,
        po1_0.staff_id,
        po1_0.staff_name,
        po1_0.status,
        po1_0.transaction_type,
        po1_0.updated_at,
        po1_0.user_id 
    from
        payment_orders po1_0 
    where
        po1_0.user_id=? 
        and po1_0.status=?
2026-01-22 12:08:02.779 - 
    select
        u1_0.id,
        u1_0.avatar_url,
        u1_0.created_at,
        u1_0.last_login_time,
        u1_0.member_expire_time,
        u1_0.member_level,
        u1_0.nickname,
        u1_0.openid,
        u1_0.phone,
        u1_0.points,
        u1_0.remaining_visits,
        u1_0.role,
        u1_0.total_visits,
        u1_0.updated_at 
    from
        users u1_0 
    where
        u1_0.id=?
2026-01-22 12:08:02.781 - 
    select
        po1_0.id,
        po1_0.card_end_date,
        po1_0.card_start_date,
        po1_0.card_status,
        po1_0.created_at,
        po1_0.order_no,
        po1_0.package_id,
        po1_0.package_name,
        po1_0.payment_method,
        po1_0.payment_time,
        po1_0.price,
        po1_0.remaining_times,
        po1_0.staff_id,
        po1_0.staff_name,
        po1_0.status,
        po1_0.transaction_type,
        po1_0.updated_at,
        po1_0.user_id 
    from
        payment_orders po1_0 
    where
        po1_0.user_id=? 
        and po1_0.status=?
2026-01-22 12:08:04.759 - 
    select
        po1_0.id,
        po1_0.card_end_date,
        po1_0.card_start_date,
        po1_0.card_status,
        po1_0.created_at,
        po1_0.order_no,
        po1_0.package_id,
        po1_0.package_name,
        po1_0.payment_method,
        po1_0.payment_time,
        po1_0.price,
        po1_0.remaining_times,
        po1_0.staff_id,
        po1_0.staff_name,
        po1_0.status,
        po1_0.transaction_type,
        po1_0.updated_at,
        po1_0.user_id 
    from
        payment_orders po1_0 
    where
        po1_0.user_id=?
2026-01-22 12:08:04.761 - 
    select
        mp1_0.id,
        mp1_0.avg_price_per_time,
        mp1_0.badge,
        mp1_0.category,
        mp1_0.code,
        mp1_0.description,
        mp1_0.features,
        mp1_0.is_active,
        mp1_0.name,
        mp1_0.people,
        mp1_0.price,
        mp1_0.sort_order,
        mp1_0.times_per_person,
        mp1_0.validity_days 
    from
        member_packages mp1_0 
    where
        mp1_0.id=?
2026-01-22 12:08:04.766 - 
    select
        po1_0.id,
        po1_0.card_end_date,
        po1_0.card_start_date,
        po1_0.card_status,
        po1_0.created_at,
        po1_0.order_no,
        po1_0.package_id,
        po1_0.package_name,
        po1_0.payment_method,
        po1_0.payment_time,
        po1_0.price,
        po1_0.remaining_times,
        po1_0.staff_id,
        po1_0.staff_name,
        po1_0.status,
        po1_0.transaction_type,
        po1_0.updated_at,
        po1_0.user_id 
    from
        payment_orders po1_0 
    where
        po1_0.user_id=?
2026-01-22 12:08:04.768 - 
    select
        mp1_0.id,
        mp1_0.avg_price_per_time,
        mp1_0.badge,
        mp1_0.category,
        mp1_0.code,
        mp1_0.description,
        mp1_0.features,
        mp1_0.is_active,
        mp1_0.name,
        mp1_0.people,
        mp1_0.price,
        mp1_0.sort_order,
        mp1_0.times_per_person,
        mp1_0.validity_days 
    from
        member_packages mp1_0 
    where
        mp1_0.id=?
2026-01-22 12:08:06.084 - 
    select
        bo1_0.id,
        bo1_0.cabin_name,
        bo1_0.consume_time,
        bo1_0.created_at,
        bo1_0.date,
        bo1_0.order_no,
        bo1_0.original_price,
        bo1_0.payment_method,
        bo1_0.payment_order_id,
        bo1_0.payment_status,
        bo1_0.payment_time,
        bo1_0.price,
        bo1_0.seat_name,
        bo1_0.status,
        bo1_0.time_slot,
        bo1_0.updated_at,
        bo1_0.user_id 
    from
        booking_orders bo1_0 
    where
        bo1_0.date=? 
        and bo1_0.time_slot=?
2026-01-22 12:08:07.236 - 
    select
        po1_0.id,
        po1_0.card_end_date,
        po1_0.card_start_date,
        po1_0.card_status,
        po1_0.created_at,
        po1_0.order_no,
        po1_0.package_id,
        po1_0.package_name,
        po1_0.payment_method,
        po1_0.payment_time,
        po1_0.price,
        po1_0.remaining_times,
        po1_0.staff_id,
        po1_0.staff_name,
        po1_0.status,
        po1_0.transaction_type,
        po1_0.updated_at,
        po1_0.user_id 
    from
        payment_orders po1_0 
    where
        po1_0.user_id=?
2026-01-22 12:08:07.238 - 
    select
        mp1_0.id,
        mp1_0.avg_price_per_time,
        mp1_0.badge,
        mp1_0.category,
        mp1_0.code,
        mp1_0.description,
        mp1_0.features,
        mp1_0.is_active,
        mp1_0.name,
        mp1_0.people,
        mp1_0.price,
        mp1_0.sort_order,
        mp1_0.times_per_person,
        mp1_0.validity_days 
    from
        member_packages mp1_0 
    where
        mp1_0.id=?
2026-01-22 12:08:07.255 - 
    select
        u1_0.id,
        u1_0.avatar_url,
        u1_0.created_at,
        u1_0.last_login_time,
        u1_0.member_expire_time,
        u1_0.member_level,
        u1_0.nickname,
        u1_0.openid,
        u1_0.phone,
        u1_0.points,
        u1_0.remaining_visits,
        u1_0.role,
        u1_0.total_visits,
        u1_0.updated_at 
    from
        users u1_0 
    where
        u1_0.id=?
2026-01-22 12:08:07.257 - 
    select
        bo1_0.id,
        bo1_0.cabin_name,
        bo1_0.consume_time,
        bo1_0.created_at,
        bo1_0.date,
        bo1_0.order_no,
        bo1_0.original_price,
        bo1_0.payment_method,
        bo1_0.payment_order_id,
        bo1_0.payment_status,
        bo1_0.payment_time,
        bo1_0.price,
        bo1_0.seat_name,
        bo1_0.status,
        bo1_0.time_slot,
        bo1_0.updated_at,
        bo1_0.user_id 
    from
        booking_orders bo1_0 
    where
        bo1_0.user_id=? 
        and bo1_0.date=? 
        and bo1_0.status!=?
2026-01-22 12:08:07.861 - 
    select
        u1_0.id,
        u1_0.avatar_url,
        u1_0.created_at,
        u1_0.last_login_time,
        u1_0.member_expire_time,
        u1_0.member_level,
        u1_0.nickname,
        u1_0.openid,
        u1_0.phone,
        u1_0.points,
        u1_0.remaining_visits,
        u1_0.role,
        u1_0.total_visits,
        u1_0.updated_at 
    from
        users u1_0 
    where
        u1_0.id=?
2026-01-22 12:08:07.864 - 
    select
        bo1_0.id,
        bo1_0.cabin_name,
        bo1_0.consume_time,
        bo1_0.created_at,
        bo1_0.date,
        bo1_0.order_no,
        bo1_0.original_price,
        bo1_0.payment_method,
        bo1_0.payment_order_id,
        bo1_0.payment_status,
        bo1_0.payment_time,
        bo1_0.price,
        bo1_0.seat_name,
        bo1_0.status,
        bo1_0.time_slot,
        bo1_0.updated_at,
        bo1_0.user_id 
    from
        booking_orders bo1_0 
    where
        bo1_0.user_id=? 
        and bo1_0.date=? 
        and bo1_0.status!=?
2026-01-22 12:08:07.865 - 
    select
        bo1_0.id,
        bo1_0.cabin_name,
        bo1_0.consume_time,
        bo1_0.created_at,
        bo1_0.date,
        bo1_0.order_no,
        bo1_0.original_price,
        bo1_0.payment_method,
        bo1_0.payment_order_id,
        bo1_0.payment_status,
        bo1_0.payment_time,
        bo1_0.price,
        bo1_0.seat_name,
        bo1_0.status,
        bo1_0.time_slot,
        bo1_0.updated_at,
        bo1_0.user_id 
    from
        booking_orders bo1_0 
    where
        bo1_0.date=? 
        and bo1_0.time_slot=? 
        and bo1_0.cabin_name=? 
        and bo1_0.seat_name=?
2026-01-22 12:08:07.867 - 
    select
        po1_0.id,
        po1_0.card_end_date,
        po1_0.card_start_date,
        po1_0.card_status,
        po1_0.created_at,
        po1_0.order_no,
        po1_0.package_id,
        po1_0.package_name,
        po1_0.payment_method,
        po1_0.payment_time,
        po1_0.price,
        po1_0.remaining_times,
        po1_0.staff_id,
        po1_0.staff_name,
        po1_0.status,
        po1_0.transaction_type,
        po1_0.updated_at,
        po1_0.user_id 
    from
        payment_orders po1_0 
    where
        po1_0.user_id=?
2026-01-22 12:08:07.869 - 
    select
        mp1_0.id,
        mp1_0.avg_price_per_time,
        mp1_0.badge,
        mp1_0.category,
        mp1_0.code,
        mp1_0.description,
        mp1_0.features,
        mp1_0.is_active,
        mp1_0.name,
        mp1_0.people,
        mp1_0.price,
        mp1_0.sort_order,
        mp1_0.times_per_person,
        mp1_0.validity_days 
    from
        member_packages mp1_0 
    where
        mp1_0.id=?
2026-01-22 12:08:10.887 - 
    select
        mp1_0.id,
        mp1_0.avg_price_per_time,
        mp1_0.badge,
        mp1_0.category,
        mp1_0.code,
        mp1_0.description,
        mp1_0.features,
        mp1_0.is_active,
        mp1_0.name,
        mp1_0.people,
        mp1_0.price,
        mp1_0.sort_order,
        mp1_0.times_per_person,
        mp1_0.validity_days 
    from
        member_packages mp1_0 
    where
        mp1_0.category=? 
        and mp1_0.is_active 
    order by
        mp1_0.sort_order
2026-01-22 12:08:10.892 - 
    select
        mp1_0.id,
        mp1_0.avg_price_per_time,
        mp1_0.badge,
        mp1_0.category,
        mp1_0.code,
        mp1_0.description,
        mp1_0.features,
        mp1_0.is_active,
        mp1_0.name,
        mp1_0.people,
        mp1_0.price,
        mp1_0.sort_order,
        mp1_0.times_per_person,
        mp1_0.validity_days 
    from
        member_packages mp1_0 
    where
        mp1_0.category=? 
        and mp1_0.is_active 
    order by
        mp1_0.sort_order
2026-01-22 12:08:12.170 - 
    select
        mp1_0.id,
        mp1_0.avg_price_per_time,
        mp1_0.badge,
        mp1_0.category,
        mp1_0.code,
        mp1_0.description,
        mp1_0.features,
        mp1_0.is_active,
        mp1_0.name,
        mp1_0.people,
        mp1_0.price,
        mp1_0.sort_order,
        mp1_0.times_per_person,
        mp1_0.validity_days 
    from
        member_packages mp1_0 
    where
        mp1_0.category=? 
        and mp1_0.is_active 
    order by
        mp1_0.sort_order
2026-01-22 12:08:13.026 - 
    select
        po1_0.id,
        po1_0.card_end_date,
        po1_0.card_start_date,
        po1_0.card_status,
        po1_0.created_at,
        po1_0.order_no,
        po1_0.package_id,
        po1_0.package_name,
        po1_0.payment_method,
        po1_0.payment_time,
        po1_0.price,
        po1_0.remaining_times,
        po1_0.staff_id,
        po1_0.staff_name,
        po1_0.status,
        po1_0.transaction_type,
        po1_0.updated_at,
        po1_0.user_id 
    from
        payment_orders po1_0 
    where
        po1_0.user_id=?
2026-01-22 12:08:13.028 - 
    select
        mp1_0.id,
        mp1_0.avg_price_per_time,
        mp1_0.badge,
        mp1_0.category,
        mp1_0.code,
        mp1_0.description,
        mp1_0.features,
        mp1_0.is_active,
        mp1_0.name,
        mp1_0.people,
        mp1_0.price,
        mp1_0.sort_order,
        mp1_0.times_per_person,
        mp1_0.validity_days 
    from
        member_packages mp1_0 
    where
        mp1_0.id=?
2026-01-22 12:08:13.041 - 
    select
        u1_0.id,
        u1_0.avatar_url,
        u1_0.created_at,
        u1_0.last_login_time,
        u1_0.member_expire_time,
        u1_0.member_level,
        u1_0.nickname,
        u1_0.openid,
        u1_0.phone,
        u1_0.points,
        u1_0.remaining_visits,
        u1_0.role,
        u1_0.total_visits,
        u1_0.updated_at 
    from
        users u1_0 
    where
        u1_0.id=?
2026-01-22 12:08:13.044 - 
    select
        po1_0.id,
        po1_0.card_end_date,
        po1_0.card_start_date,
        po1_0.card_status,
        po1_0.created_at,
        po1_0.order_no,
        po1_0.package_id,
        po1_0.package_name,
        po1_0.payment_method,
        po1_0.payment_time,
        po1_0.price,
        po1_0.remaining_times,
        po1_0.staff_id,
        po1_0.staff_name,
        po1_0.status,
        po1_0.transaction_type,
        po1_0.updated_at,
        po1_0.user_id 
    from
        payment_orders po1_0 
    where
        po1_0.user_id=? 
        and po1_0.status=?
2026-01-22 12:08:13.064 - 
    select
        s1_0.id,
        s1_0.created_at,
        s1_0.last_login_time,
        s1_0.name,
        s1_0.password,
        s1_0.phone,
        s1_0.status,
        s1_0.updated_at,
        s1_0.username 
    from
        staffs s1_0 
    where
        s1_0.status=?
2026-01-22 12:08:38.014 - 
    select
        po1_0.id,
        po1_0.card_end_date,
        po1_0.card_start_date,
        po1_0.card_status,
        po1_0.created_at,
        po1_0.order_no,
        po1_0.package_id,
        po1_0.package_name,
        po1_0.payment_method,
        po1_0.payment_time,
        po1_0.price,
        po1_0.remaining_times,
        po1_0.staff_id,
        po1_0.staff_name,
        po1_0.status,
        po1_0.transaction_type,
        po1_0.updated_at,
        po1_0.user_id 
    from
        payment_orders po1_0 
    where
        po1_0.user_id=?
2026-01-22 12:08:38.016 - 
    select
        mp1_0.id,
        mp1_0.avg_price_per_time,
        mp1_0.badge,
        mp1_0.category,
        mp1_0.code,
        mp1_0.description,
        mp1_0.features,
        mp1_0.is_active,
        mp1_0.name,
        mp1_0.people,
        mp1_0.price,
        mp1_0.sort_order,
        mp1_0.times_per_person,
        mp1_0.validity_days 
    from
        member_packages mp1_0 
    where
        mp1_0.id=?
2026-01-22 12:08:38.020 - 
    select
        po1_0.id,
        po1_0.card_end_date,
        po1_0.card_start_date,
        po1_0.card_status,
        po1_0.created_at,
        po1_0.order_no,
        po1_0.package_id,
        po1_0.package_name,
        po1_0.payment_method,
        po1_0.payment_time,
        po1_0.price,
        po1_0.remaining_times,
        po1_0.staff_id,
        po1_0.staff_name,
        po1_0.status,
        po1_0.transaction_type,
        po1_0.updated_at,
        po1_0.user_id 
    from
        payment_orders po1_0 
    where
        po1_0.user_id=?
2026-01-22 12:08:38.022 - 
    select
        mp1_0.id,
        mp1_0.avg_price_per_time,
        mp1_0.badge,
        mp1_0.category,
        mp1_0.code,
        mp1_0.description,
        mp1_0.features,
        mp1_0.is_active,
        mp1_0.name,
        mp1_0.people,
        mp1_0.price,
        mp1_0.sort_order,
        mp1_0.times_per_person,
        mp1_0.validity_days 
    from
        member_packages mp1_0 
    where
        mp1_0.id=?
2026-01-22 12:08:40.579 - 
    select
        u1_0.id,
        u1_0.avatar_url,
        u1_0.created_at,
        u1_0.last_login_time,
        u1_0.member_expire_time,
        u1_0.member_level,
        u1_0.nickname,
        u1_0.openid,
        u1_0.phone,
        u1_0.points,
        u1_0.remaining_visits,
        u1_0.role,
        u1_0.total_visits,
        u1_0.updated_at 
    from
        users u1_0 
    where
        u1_0.id=?
2026-01-22 12:08:40.580 - 
    select
        u1_0.id,
        u1_0.avatar_url,
        u1_0.created_at,
        u1_0.last_login_time,
        u1_0.member_expire_time,
        u1_0.member_level,
        u1_0.nickname,
        u1_0.openid,
        u1_0.phone,
        u1_0.points,
        u1_0.remaining_visits,
        u1_0.role,
        u1_0.total_visits,
        u1_0.updated_at 
    from
        users u1_0 
    where
        u1_0.id=?
2026-01-22 12:08:40.580 - 
    select
        po1_0.id,
        po1_0.card_end_date,
        po1_0.card_start_date,
        po1_0.card_status,
        po1_0.created_at,
        po1_0.order_no,
        po1_0.package_id,
        po1_0.package_name,
        po1_0.payment_method,
        po1_0.payment_time,
        po1_0.price,
        po1_0.remaining_times,
        po1_0.staff_id,
        po1_0.staff_name,
        po1_0.status,
        po1_0.transaction_type,
        po1_0.updated_at,
        po1_0.user_id 
    from
        payment_orders po1_0 
    where
        po1_0.user_id=?
2026-01-22 12:08:40.581 - 
    select
        po1_0.id,
        po1_0.card_end_date,
        po1_0.card_start_date,
        po1_0.card_status,
        po1_0.created_at,
        po1_0.order_no,
        po1_0.package_id,
        po1_0.package_name,
        po1_0.payment_method,
        po1_0.payment_time,
        po1_0.price,
        po1_0.remaining_times,
        po1_0.staff_id,
        po1_0.staff_name,
        po1_0.status,
        po1_0.transaction_type,
        po1_0.updated_at,
        po1_0.user_id 
    from
        payment_orders po1_0 
    where
        po1_0.user_id=? 
        and po1_0.status=?
2026-01-22 12:08:40.582 - 
    select
        mp1_0.id,
        mp1_0.avg_price_per_time,
        mp1_0.badge,
        mp1_0.category,
        mp1_0.code,
        mp1_0.description,
        mp1_0.features,
        mp1_0.is_active,
        mp1_0.name,
        mp1_0.people,
        mp1_0.price,
        mp1_0.sort_order,
        mp1_0.times_per_person,
        mp1_0.validity_days 
    from
        member_packages mp1_0 
    where
        mp1_0.id=?
2026-01-22 12:08:40.583 - 
    select
        bo1_0.id,
        bo1_0.cabin_name,
        bo1_0.consume_time,
        bo1_0.created_at,
        bo1_0.date,
        bo1_0.order_no,
        bo1_0.original_price,
        bo1_0.payment_method,
        bo1_0.payment_order_id,
        bo1_0.payment_status,
        bo1_0.payment_time,
        bo1_0.price,
        bo1_0.seat_name,
        bo1_0.status,
        bo1_0.time_slot,
        bo1_0.updated_at,
        bo1_0.user_id 
    from
        booking_orders bo1_0 
    where
        bo1_0.user_id=? 
    order by
        bo1_0.created_at desc
2026-01-22 12:08:40.588 - 
    select
        u1_0.id,
        u1_0.avatar_url,
        u1_0.created_at,
        u1_0.last_login_time,
        u1_0.member_expire_time,
        u1_0.member_level,
        u1_0.nickname,
        u1_0.openid,
        u1_0.phone,
        u1_0.points,
        u1_0.remaining_visits,
        u1_0.role,
        u1_0.total_visits,
        u1_0.updated_at 
    from
        users u1_0 
    where
        u1_0.id=?
2026-01-22 12:08:40.590 - 
    select
        u1_0.id,
        u1_0.avatar_url,
        u1_0.created_at,
        u1_0.last_login_time,
        u1_0.member_expire_time,
        u1_0.member_level,
        u1_0.nickname,
        u1_0.openid,
        u1_0.phone,
        u1_0.points,
        u1_0.remaining_visits,
        u1_0.role,
        u1_0.total_visits,
        u1_0.updated_at 
    from
        users u1_0 
    where
        u1_0.id=?
2026-01-22 12:08:40.590 - 
    select
        po1_0.id,
        po1_0.card_end_date,
        po1_0.card_start_date,
        po1_0.card_status,
        po1_0.created_at,
        po1_0.order_no,
        po1_0.package_id,
        po1_0.package_name,
        po1_0.payment_method,
        po1_0.payment_time,
        po1_0.price,
        po1_0.remaining_times,
        po1_0.staff_id,
        po1_0.staff_name,
        po1_0.status,
        po1_0.transaction_type,
        po1_0.updated_at,
        po1_0.user_id 
    from
        payment_orders po1_0 
    where
        po1_0.user_id=?
2026-01-22 12:08:40.591 - 
    select
        po1_0.id,
        po1_0.card_end_date,
        po1_0.card_start_date,
        po1_0.card_status,
        po1_0.created_at,
        po1_0.order_no,
        po1_0.package_id,
        po1_0.package_name,
        po1_0.payment_method,
        po1_0.payment_time,
        po1_0.price,
        po1_0.remaining_times,
        po1_0.staff_id,
        po1_0.staff_name,
        po1_0.status,
        po1_0.transaction_type,
        po1_0.updated_at,
        po1_0.user_id 
    from
        payment_orders po1_0 
    where
        po1_0.user_id=? 
        and po1_0.status=?
2026-01-22 12:08:40.592 - 
    select
        mp1_0.id,
        mp1_0.avg_price_per_time,
        mp1_0.badge,
        mp1_0.category,
        mp1_0.code,
        mp1_0.description,
        mp1_0.features,
        mp1_0.is_active,
        mp1_0.name,
        mp1_0.people,
        mp1_0.price,
        mp1_0.sort_order,
        mp1_0.times_per_person,
        mp1_0.validity_days 
    from
        member_packages mp1_0 
    where
        mp1_0.id=?
2026-01-22 12:08:40.592 - 
    select
        bo1_0.id,
        bo1_0.cabin_name,
        bo1_0.consume_time,
        bo1_0.created_at,
        bo1_0.date,
        bo1_0.order_no,
        bo1_0.original_price,
        bo1_0.payment_method,
        bo1_0.payment_order_id,
        bo1_0.payment_status,
        bo1_0.payment_time,
        bo1_0.price,
        bo1_0.seat_name,
        bo1_0.status,
        bo1_0.time_slot,
        bo1_0.updated_at,
        bo1_0.user_id 
    from
        booking_orders bo1_0 
    where
        bo1_0.user_id=? 
    order by
        bo1_0.created_at desc
2026-01-22 12:08:40.613 - 
    select
        u1_0.id,
        u1_0.avatar_url,
        u1_0.created_at,
        u1_0.last_login_time,
        u1_0.member_expire_time,
        u1_0.member_level,
        u1_0.nickname,
        u1_0.openid,
        u1_0.phone,
        u1_0.points,
        u1_0.remaining_visits,
        u1_0.role,
        u1_0.total_visits,
        u1_0.updated_at 
    from
        users u1_0 
    where
        u1_0.id=?
2026-01-22 12:08:40.615 - 
    select
        po1_0.id,
        po1_0.card_end_date,
        po1_0.card_start_date,
        po1_0.card_status,
        po1_0.created_at,
        po1_0.order_no,
        po1_0.package_id,
        po1_0.package_name,
        po1_0.payment_method,
        po1_0.payment_time,
        po1_0.price,
        po1_0.remaining_times,
        po1_0.staff_id,
        po1_0.staff_name,
        po1_0.status,
        po1_0.transaction_type,
        po1_0.updated_at,
        po1_0.user_id 
    from
        payment_orders po1_0 
    where
        po1_0.user_id=? 
        and po1_0.status=?
2026-01-22 12:08:40.620 - 
    select
        u1_0.id,
        u1_0.avatar_url,
        u1_0.created_at,
        u1_0.last_login_time,
        u1_0.member_expire_time,
        u1_0.member_level,
        u1_0.nickname,
        u1_0.openid,
        u1_0.phone,
        u1_0.points,
        u1_0.remaining_visits,
        u1_0.role,
        u1_0.total_visits,
        u1_0.updated_at 
    from
        users u1_0 
    where
        u1_0.id=?
2026-01-22 12:08:40.622 - 
    select
        po1_0.id,
        po1_0.card_end_date,
        po1_0.card_start_date,
        po1_0.card_status,
        po1_0.created_at,
        po1_0.order_no,
        po1_0.package_id,
        po1_0.package_name,
        po1_0.payment_method,
        po1_0.payment_time,
        po1_0.price,
        po1_0.remaining_times,
        po1_0.staff_id,
        po1_0.staff_name,
        po1_0.status,
        po1_0.transaction_type,
        po1_0.updated_at,
        po1_0.user_id 
    from
        payment_orders po1_0 
    where
        po1_0.user_id=? 
        and po1_0.status=?
2026-01-22 12:09:44.623 - 
    select
        po1_0.id,
        po1_0.card_end_date,
        po1_0.card_start_date,
        po1_0.card_status,
        po1_0.created_at,
        po1_0.order_no,
        po1_0.package_id,
        po1_0.package_name,
        po1_0.payment_method,
        po1_0.payment_time,
        po1_0.price,
        po1_0.remaining_times,
        po1_0.staff_id,
        po1_0.staff_name,
        po1_0.status,
        po1_0.transaction_type,
        po1_0.updated_at,
        po1_0.user_id 
    from
        payment_orders po1_0 
    where
        po1_0.user_id=?
2026-01-22 12:09:44.627 - 
    select
        mp1_0.id,
        mp1_0.avg_price_per_time,
        mp1_0.badge,
        mp1_0.category,
        mp1_0.code,
        mp1_0.description,
        mp1_0.features,
        mp1_0.is_active,
        mp1_0.name,
        mp1_0.people,
        mp1_0.price,
        mp1_0.sort_order,
        mp1_0.times_per_person,
        mp1_0.validity_days 
    from
        member_packages mp1_0 
    where
        mp1_0.id=?
2026-01-22 12:09:44.635 - 
    select
        po1_0.id,
        po1_0.card_end_date,
        po1_0.card_start_date,
        po1_0.card_status,
        po1_0.created_at,
        po1_0.order_no,
        po1_0.package_id,
        po1_0.package_name,
        po1_0.payment_method,
        po1_0.payment_time,
        po1_0.price,
        po1_0.remaining_times,
        po1_0.staff_id,
        po1_0.staff_name,
        po1_0.status,
        po1_0.transaction_type,
        po1_0.updated_at,
        po1_0.user_id 
    from
        payment_orders po1_0 
    where
        po1_0.user_id=?
2026-01-22 12:09:44.637 - 
    select
        mp1_0.id,
        mp1_0.avg_price_per_time,
        mp1_0.badge,
        mp1_0.category,
        mp1_0.code,
        mp1_0.description,
        mp1_0.features,
        mp1_0.is_active,
        mp1_0.name,
        mp1_0.people,
        mp1_0.price,
        mp1_0.sort_order,
        mp1_0.times_per_person,
        mp1_0.validity_days 
    from
        member_packages mp1_0 
    where
        mp1_0.id=?
2026-01-22 12:09:46.408 - 
    select
        bo1_0.id,
        bo1_0.cabin_name,
        bo1_0.consume_time,
        bo1_0.created_at,
        bo1_0.date,
        bo1_0.order_no,
        bo1_0.original_price,
        bo1_0.payment_method,
        bo1_0.payment_order_id,
        bo1_0.payment_status,
        bo1_0.payment_time,
        bo1_0.price,
        bo1_0.seat_name,
        bo1_0.status,
        bo1_0.time_slot,
        bo1_0.updated_at,
        bo1_0.user_id 
    from
        booking_orders bo1_0 
    where
        bo1_0.date=? 
        and bo1_0.time_slot=?
2026-01-22 12:09:48.749 - 
    select
        po1_0.id,
        po1_0.card_end_date,
        po1_0.card_start_date,
        po1_0.card_status,
        po1_0.created_at,
        po1_0.order_no,
        po1_0.package_id,
        po1_0.package_name,
        po1_0.payment_method,
        po1_0.payment_time,
        po1_0.price,
        po1_0.remaining_times,
        po1_0.staff_id,
        po1_0.staff_name,
        po1_0.status,
        po1_0.transaction_type,
        po1_0.updated_at,
        po1_0.user_id 
    from
        payment_orders po1_0 
    where
        po1_0.user_id=?
2026-01-22 12:09:48.751 - 
    select
        mp1_0.id,
        mp1_0.avg_price_per_time,
        mp1_0.badge,
        mp1_0.category,
        mp1_0.code,
        mp1_0.description,
        mp1_0.features,
        mp1_0.is_active,
        mp1_0.name,
        mp1_0.people,
        mp1_0.price,
        mp1_0.sort_order,
        mp1_0.times_per_person,
        mp1_0.validity_days 
    from
        member_packages mp1_0 
    where
        mp1_0.id=?
2026-01-22 12:09:48.766 - 
    select
        u1_0.id,
        u1_0.avatar_url,
        u1_0.created_at,
        u1_0.last_login_time,
        u1_0.member_expire_time,
        u1_0.member_level,
        u1_0.nickname,
        u1_0.openid,
        u1_0.phone,
        u1_0.points,
        u1_0.remaining_visits,
        u1_0.role,
        u1_0.total_visits,
        u1_0.updated_at 
    from
        users u1_0 
    where
        u1_0.id=?
2026-01-22 12:09:48.769 - 
    select
        bo1_0.id,
        bo1_0.cabin_name,
        bo1_0.consume_time,
        bo1_0.created_at,
        bo1_0.date,
        bo1_0.order_no,
        bo1_0.original_price,
        bo1_0.payment_method,
        bo1_0.payment_order_id,
        bo1_0.payment_status,
        bo1_0.payment_time,
        bo1_0.price,
        bo1_0.seat_name,
        bo1_0.status,
        bo1_0.time_slot,
        bo1_0.updated_at,
        bo1_0.user_id 
    from
        booking_orders bo1_0 
    where
        bo1_0.user_id=? 
        and bo1_0.date=? 
        and bo1_0.status!=?
2026-01-22 12:09:49.822 - 
    select
        u1_0.id,
        u1_0.avatar_url,
        u1_0.created_at,
        u1_0.last_login_time,
        u1_0.member_expire_time,
        u1_0.member_level,
        u1_0.nickname,
        u1_0.openid,
        u1_0.phone,
        u1_0.points,
        u1_0.remaining_visits,
        u1_0.role,
        u1_0.total_visits,
        u1_0.updated_at 
    from
        users u1_0 
    where
        u1_0.id=?
2026-01-22 12:09:49.825 - 
    select
        bo1_0.id,
        bo1_0.cabin_name,
        bo1_0.consume_time,
        bo1_0.created_at,
        bo1_0.date,
        bo1_0.order_no,
        bo1_0.original_price,
        bo1_0.payment_method,
        bo1_0.payment_order_id,
        bo1_0.payment_status,
        bo1_0.payment_time,
        bo1_0.price,
        bo1_0.seat_name,
        bo1_0.status,
        bo1_0.time_slot,
        bo1_0.updated_at,
        bo1_0.user_id 
    from
        booking_orders bo1_0 
    where
        bo1_0.user_id=? 
        and bo1_0.date=? 
        and bo1_0.status!=?
2026-01-22 12:09:49.828 - 
    select
        bo1_0.id,
        bo1_0.cabin_name,
        bo1_0.consume_time,
        bo1_0.created_at,
        bo1_0.date,
        bo1_0.order_no,
        bo1_0.original_price,
        bo1_0.payment_method,
        bo1_0.payment_order_id,
        bo1_0.payment_status,
        bo1_0.payment_time,
        bo1_0.price,
        bo1_0.seat_name,
        bo1_0.status,
        bo1_0.time_slot,
        bo1_0.updated_at,
        bo1_0.user_id 
    from
        booking_orders bo1_0 
    where
        bo1_0.date=? 
        and bo1_0.time_slot=? 
        and bo1_0.cabin_name=? 
        and bo1_0.seat_name=?
2026-01-22 12:09:49.830 - 
    select
        po1_0.id,
        po1_0.card_end_date,
        po1_0.card_start_date,
        po1_0.card_status,
        po1_0.created_at,
        po1_0.order_no,
        po1_0.package_id,
        po1_0.package_name,
        po1_0.payment_method,
        po1_0.payment_time,
        po1_0.price,
        po1_0.remaining_times,
        po1_0.staff_id,
        po1_0.staff_name,
        po1_0.status,
        po1_0.transaction_type,
        po1_0.updated_at,
        po1_0.user_id 
    from
        payment_orders po1_0 
    where
        po1_0.user_id=?
2026-01-22 12:09:49.832 - 
    select
        mp1_0.id,
        mp1_0.avg_price_per_time,
        mp1_0.badge,
        mp1_0.category,
        mp1_0.code,
        mp1_0.description,
        mp1_0.features,
        mp1_0.is_active,
        mp1_0.name,
        mp1_0.people,
        mp1_0.price,
        mp1_0.sort_order,
        mp1_0.times_per_person,
        mp1_0.validity_days 
    from
        member_packages mp1_0 
    where
        mp1_0.id=?
2026-01-22 12:09:54.101 - 
    select
        po1_0.id,
        po1_0.card_end_date,
        po1_0.card_start_date,
        po1_0.card_status,
        po1_0.created_at,
        po1_0.order_no,
        po1_0.package_id,
        po1_0.package_name,
        po1_0.payment_method,
        po1_0.payment_time,
        po1_0.price,
        po1_0.remaining_times,
        po1_0.staff_id,
        po1_0.staff_name,
        po1_0.status,
        po1_0.transaction_type,
        po1_0.updated_at,
        po1_0.user_id 
    from
        payment_orders po1_0 
    where
        po1_0.user_id=?
2026-01-22 12:09:54.101 - 
    select
        u1_0.id,
        u1_0.avatar_url,
        u1_0.created_at,
        u1_0.last_login_time,
        u1_0.member_expire_time,
        u1_0.member_level,
        u1_0.nickname,
        u1_0.openid,
        u1_0.phone,
        u1_0.points,
        u1_0.remaining_visits,
        u1_0.role,
        u1_0.total_visits,
        u1_0.updated_at 
    from
        users u1_0 
    where
        u1_0.id=?
2026-01-22 12:09:54.101 - 
    select
        u1_0.id,
        u1_0.avatar_url,
        u1_0.created_at,
        u1_0.last_login_time,
        u1_0.member_expire_time,
        u1_0.member_level,
        u1_0.nickname,
        u1_0.openid,
        u1_0.phone,
        u1_0.points,
        u1_0.remaining_visits,
        u1_0.role,
        u1_0.total_visits,
        u1_0.updated_at 
    from
        users u1_0 
    where
        u1_0.id=?
2026-01-22 12:09:54.103 - 
    select
        po1_0.id,
        po1_0.card_end_date,
        po1_0.card_start_date,
        po1_0.card_status,
        po1_0.created_at,
        po1_0.order_no,
        po1_0.package_id,
        po1_0.package_name,
        po1_0.payment_method,
        po1_0.payment_time,
        po1_0.price,
        po1_0.remaining_times,
        po1_0.staff_id,
        po1_0.staff_name,
        po1_0.status,
        po1_0.transaction_type,
        po1_0.updated_at,
        po1_0.user_id 
    from
        payment_orders po1_0 
    where
        po1_0.user_id=? 
        and po1_0.status=?
2026-01-22 12:09:54.103 - 
    select
        mp1_0.id,
        mp1_0.avg_price_per_time,
        mp1_0.badge,
        mp1_0.category,
        mp1_0.code,
        mp1_0.description,
        mp1_0.features,
        mp1_0.is_active,
        mp1_0.name,
        mp1_0.people,
        mp1_0.price,
        mp1_0.sort_order,
        mp1_0.times_per_person,
        mp1_0.validity_days 
    from
        member_packages mp1_0 
    where
        mp1_0.id=?
2026-01-22 12:09:54.103 - 
    select
        bo1_0.id,
        bo1_0.cabin_name,
        bo1_0.consume_time,
        bo1_0.created_at,
        bo1_0.date,
        bo1_0.order_no,
        bo1_0.original_price,
        bo1_0.payment_method,
        bo1_0.payment_order_id,
        bo1_0.payment_status,
        bo1_0.payment_time,
        bo1_0.price,
        bo1_0.seat_name,
        bo1_0.status,
        bo1_0.time_slot,
        bo1_0.updated_at,
        bo1_0.user_id 
    from
        booking_orders bo1_0 
    where
        bo1_0.user_id=? 
    order by
        bo1_0.created_at desc
2026-01-22 12:09:54.106 - 
    select
        u1_0.id,
        u1_0.avatar_url,
        u1_0.created_at,
        u1_0.last_login_time,
        u1_0.member_expire_time,
        u1_0.member_level,
        u1_0.nickname,
        u1_0.openid,
        u1_0.phone,
        u1_0.points,
        u1_0.remaining_visits,
        u1_0.role,
        u1_0.total_visits,
        u1_0.updated_at 
    from
        users u1_0 
    where
        u1_0.id=?
2026-01-22 12:09:54.106 - 
    select
        u1_0.id,
        u1_0.avatar_url,
        u1_0.created_at,
        u1_0.last_login_time,
        u1_0.member_expire_time,
        u1_0.member_level,
        u1_0.nickname,
        u1_0.openid,
        u1_0.phone,
        u1_0.points,
        u1_0.remaining_visits,
        u1_0.role,
        u1_0.total_visits,
        u1_0.updated_at 
    from
        users u1_0 
    where
        u1_0.id=?
2026-01-22 12:09:54.106 - 
    select
        po1_0.id,
        po1_0.card_end_date,
        po1_0.card_start_date,
        po1_0.card_status,
        po1_0.created_at,
        po1_0.order_no,
        po1_0.package_id,
        po1_0.package_name,
        po1_0.payment_method,
        po1_0.payment_time,
        po1_0.price,
        po1_0.remaining_times,
        po1_0.staff_id,
        po1_0.staff_name,
        po1_0.status,
        po1_0.transaction_type,
        po1_0.updated_at,
        po1_0.user_id 
    from
        payment_orders po1_0 
    where
        po1_0.user_id=?
2026-01-22 12:09:54.107 - 
    select
        mp1_0.id,
        mp1_0.avg_price_per_time,
        mp1_0.badge,
        mp1_0.category,
        mp1_0.code,
        mp1_0.description,
        mp1_0.features,
        mp1_0.is_active,
        mp1_0.name,
        mp1_0.people,
        mp1_0.price,
        mp1_0.sort_order,
        mp1_0.times_per_person,
        mp1_0.validity_days 
    from
        member_packages mp1_0 
    where
        mp1_0.id=?
2026-01-22 12:09:54.108 - 
    select
        po1_0.id,
        po1_0.card_end_date,
        po1_0.card_start_date,
        po1_0.card_status,
        po1_0.created_at,
        po1_0.order_no,
        po1_0.package_id,
        po1_0.package_name,
        po1_0.payment_method,
        po1_0.payment_time,
        po1_0.price,
        po1_0.remaining_times,
        po1_0.staff_id,
        po1_0.staff_name,
        po1_0.status,
        po1_0.transaction_type,
        po1_0.updated_at,
        po1_0.user_id 
    from
        payment_orders po1_0 
    where
        po1_0.user_id=? 
        and po1_0.status=?
2026-01-22 12:09:54.108 - 
    select
        bo1_0.id,
        bo1_0.cabin_name,
        bo1_0.consume_time,
        bo1_0.created_at,
        bo1_0.date,
        bo1_0.order_no,
        bo1_0.original_price,
        bo1_0.payment_method,
        bo1_0.payment_order_id,
        bo1_0.payment_status,
        bo1_0.payment_time,
        bo1_0.price,
        bo1_0.seat_name,
        bo1_0.status,
        bo1_0.time_slot,
        bo1_0.updated_at,
        bo1_0.user_id 
    from
        booking_orders bo1_0 
    where
        bo1_0.user_id=? 
    order by
        bo1_0.created_at desc
2026-01-22 12:09:54.119 - 
    select
        u1_0.id,
        u1_0.avatar_url,
        u1_0.created_at,
        u1_0.last_login_time,
        u1_0.member_expire_time,
        u1_0.member_level,
        u1_0.nickname,
        u1_0.openid,
        u1_0.phone,
        u1_0.points,
        u1_0.remaining_visits,
        u1_0.role,
        u1_0.total_visits,
        u1_0.updated_at 
    from
        users u1_0 
    where
        u1_0.id=?
2026-01-22 12:09:54.121 - 
    select
        po1_0.id,
        po1_0.card_end_date,
        po1_0.card_start_date,
        po1_0.card_status,
        po1_0.created_at,
        po1_0.order_no,
        po1_0.package_id,
        po1_0.package_name,
        po1_0.payment_method,
        po1_0.payment_time,
        po1_0.price,
        po1_0.remaining_times,
        po1_0.staff_id,
        po1_0.staff_name,
        po1_0.status,
        po1_0.transaction_type,
        po1_0.updated_at,
        po1_0.user_id 
    from
        payment_orders po1_0 
    where
        po1_0.user_id=? 
        and po1_0.status=?
2026-01-22 12:09:54.129 - 
    select
        u1_0.id,
        u1_0.avatar_url,
        u1_0.created_at,
        u1_0.last_login_time,
        u1_0.member_expire_time,
        u1_0.member_level,
        u1_0.nickname,
        u1_0.openid,
        u1_0.phone,
        u1_0.points,
        u1_0.remaining_visits,
        u1_0.role,
        u1_0.total_visits,
        u1_0.updated_at 
    from
        users u1_0 
    where
        u1_0.id=?
2026-01-22 12:09:54.131 - 
    select
        po1_0.id,
        po1_0.card_end_date,
        po1_0.card_start_date,
        po1_0.card_status,
        po1_0.created_at,
        po1_0.order_no,
        po1_0.package_id,
        po1_0.package_name,
        po1_0.payment_method,
        po1_0.payment_time,
        po1_0.price,
        po1_0.remaining_times,
        po1_0.staff_id,
        po1_0.staff_name,
        po1_0.status,
        po1_0.transaction_type,
        po1_0.updated_at,
        po1_0.user_id 
    from
        payment_orders po1_0 
    where
        po1_0.user_id=? 
        and po1_0.status=?
2026-01-22 12:10:00.015 - 
    select
        bo1_0.id,
        bo1_0.cabin_name,
        bo1_0.consume_time,
        bo1_0.created_at,
        bo1_0.date,
        bo1_0.order_no,
        bo1_0.original_price,
        bo1_0.payment_method,
        bo1_0.payment_order_id,
        bo1_0.payment_status,
        bo1_0.payment_time,
        bo1_0.price,
        bo1_0.seat_name,
        bo1_0.status,
        bo1_0.time_slot,
        bo1_0.updated_at,
        bo1_0.user_id 
    from
        booking_orders bo1_0 
    where
        bo1_0.status=?
2026-01-22 12:10:19.534 - 
    select
        mp1_0.id,
        mp1_0.avg_price_per_time,
        mp1_0.badge,
        mp1_0.category,
        mp1_0.code,
        mp1_0.description,
        mp1_0.features,
        mp1_0.is_active,
        mp1_0.name,
        mp1_0.people,
        mp1_0.price,
        mp1_0.sort_order,
        mp1_0.times_per_person,
        mp1_0.validity_days 
    from
        member_packages mp1_0 
    where
        mp1_0.code=?
2026-01-22 12:10:19.540 - 
    select
        mp1_0.id,
        mp1_0.avg_price_per_time,
        mp1_0.badge,
        mp1_0.category,
        mp1_0.code,
        mp1_0.description,
        mp1_0.features,
        mp1_0.is_active,
        mp1_0.name,
        mp1_0.people,
        mp1_0.price,
        mp1_0.sort_order,
        mp1_0.times_per_person,
        mp1_0.validity_days 
    from
        member_packages mp1_0 
    where
        mp1_0.code=?
2026-01-22 12:10:19.541 - 
    select
        mp1_0.id,
        mp1_0.avg_price_per_time,
        mp1_0.badge,
        mp1_0.category,
        mp1_0.code,
        mp1_0.description,
        mp1_0.features,
        mp1_0.is_active,
        mp1_0.name,
        mp1_0.people,
        mp1_0.price,
        mp1_0.sort_order,
        mp1_0.times_per_person,
        mp1_0.validity_days 
    from
        member_packages mp1_0 
    where
        mp1_0.code=?
2026-01-22 12:10:19.542 - 
    select
        mp1_0.id,
        mp1_0.avg_price_per_time,
        mp1_0.badge,
        mp1_0.category,
        mp1_0.code,
        mp1_0.description,
        mp1_0.features,
        mp1_0.is_active,
        mp1_0.name,
        mp1_0.people,
        mp1_0.price,
        mp1_0.sort_order,
        mp1_0.times_per_person,
        mp1_0.validity_days 
    from
        member_packages mp1_0 
    where
        mp1_0.code=?
2026-01-22 12:10:19.542 - 
    select
        mp1_0.id,
        mp1_0.avg_price_per_time,
        mp1_0.badge,
        mp1_0.category,
        mp1_0.code,
        mp1_0.description,
        mp1_0.features,
        mp1_0.is_active,
        mp1_0.name,
        mp1_0.people,
        mp1_0.price,
        mp1_0.sort_order,
        mp1_0.times_per_person,
        mp1_0.validity_days 
    from
        member_packages mp1_0 
    where
        mp1_0.code=?
2026-01-22 12:10:19.543 - 
    select
        mp1_0.id,
        mp1_0.avg_price_per_time,
        mp1_0.badge,
        mp1_0.category,
        mp1_0.code,
        mp1_0.description,
        mp1_0.features,
        mp1_0.is_active,
        mp1_0.name,
        mp1_0.people,
        mp1_0.price,
        mp1_0.sort_order,
        mp1_0.times_per_person,
        mp1_0.validity_days 
    from
        member_packages mp1_0 
    where
        mp1_0.code=?
2026-01-22 12:10:19.544 - 
    select
        mp1_0.id,
        mp1_0.avg_price_per_time,
        mp1_0.badge,
        mp1_0.category,
        mp1_0.code,
        mp1_0.description,
        mp1_0.features,
        mp1_0.is_active,
        mp1_0.name,
        mp1_0.people,
        mp1_0.price,
        mp1_0.sort_order,
        mp1_0.times_per_person,
        mp1_0.validity_days 
    from
        member_packages mp1_0 
    where
        mp1_0.code=?
2026-01-22 12:10:19.545 - 
    select
        mp1_0.id,
        mp1_0.avg_price_per_time,
        mp1_0.badge,
        mp1_0.category,
        mp1_0.code,
        mp1_0.description,
        mp1_0.features,
        mp1_0.is_active,
        mp1_0.name,
        mp1_0.people,
        mp1_0.price,
        mp1_0.sort_order,
        mp1_0.times_per_person,
        mp1_0.validity_days 
    from
        member_packages mp1_0 
    where
        mp1_0.code=?
2026-01-22 12:10:19.546 - 
    select
        mp1_0.id,
        mp1_0.avg_price_per_time,
        mp1_0.badge,
        mp1_0.category,
        mp1_0.code,
        mp1_0.description,
        mp1_0.features,
        mp1_0.is_active,
        mp1_0.name,
        mp1_0.people,
        mp1_0.price,
        mp1_0.sort_order,
        mp1_0.times_per_person,
        mp1_0.validity_days 
    from
        member_packages mp1_0 
    where
        mp1_0.code=?
2026-01-22 12:10:19.547 - 
    select
        mp1_0.id,
        mp1_0.avg_price_per_time,
        mp1_0.badge,
        mp1_0.category,
        mp1_0.code,
        mp1_0.description,
        mp1_0.features,
        mp1_0.is_active,
        mp1_0.name,
        mp1_0.people,
        mp1_0.price,
        mp1_0.sort_order,
        mp1_0.times_per_person,
        mp1_0.validity_days 
    from
        member_packages mp1_0 
    where
        mp1_0.code=?
2026-01-22 12:10:24.997 - 
    select
        mp1_0.id,
        mp1_0.avg_price_per_time,
        mp1_0.badge,
        mp1_0.category,
        mp1_0.code,
        mp1_0.description,
        mp1_0.features,
        mp1_0.is_active,
        mp1_0.name,
        mp1_0.people,
        mp1_0.price,
        mp1_0.sort_order,
        mp1_0.times_per_person,
        mp1_0.validity_days 
    from
        member_packages mp1_0 
    where
        mp1_0.category=? 
        and mp1_0.is_active 
    order by
        mp1_0.sort_order
2026-01-22 12:10:25.027 - 
    select
        mp1_0.id,
        mp1_0.avg_price_per_time,
        mp1_0.badge,
        mp1_0.category,
        mp1_0.code,
        mp1_0.description,
        mp1_0.features,
        mp1_0.is_active,
        mp1_0.name,
        mp1_0.people,
        mp1_0.price,
        mp1_0.sort_order,
        mp1_0.times_per_person,
        mp1_0.validity_days 
    from
        member_packages mp1_0 
    where
        mp1_0.category=? 
        and mp1_0.is_active 
    order by
        mp1_0.sort_order
2026-01-22 12:10:26.691 - 
    select
        po1_0.id,
        po1_0.card_end_date,
        po1_0.card_start_date,
        po1_0.card_status,
        po1_0.created_at,
        po1_0.order_no,
        po1_0.package_id,
        po1_0.package_name,
        po1_0.payment_method,
        po1_0.payment_time,
        po1_0.price,
        po1_0.remaining_times,
        po1_0.staff_id,
        po1_0.staff_name,
        po1_0.status,
        po1_0.transaction_type,
        po1_0.updated_at,
        po1_0.user_id 
    from
        payment_orders po1_0 
    where
        po1_0.user_id=?
2026-01-22 12:10:26.702 - 
    select
        u1_0.id,
        u1_0.avatar_url,
        u1_0.created_at,
        u1_0.last_login_time,
        u1_0.member_expire_time,
        u1_0.member_level,
        u1_0.nickname,
        u1_0.openid,
        u1_0.phone,
        u1_0.points,
        u1_0.remaining_visits,
        u1_0.role,
        u1_0.total_visits,
        u1_0.updated_at 
    from
        users u1_0 
    where
        u1_0.id=?
2026-01-22 12:10:26.702 - 
    select
        u1_0.id,
        u1_0.avatar_url,
        u1_0.created_at,
        u1_0.last_login_time,
        u1_0.member_expire_time,
        u1_0.member_level,
        u1_0.nickname,
        u1_0.openid,
        u1_0.phone,
        u1_0.points,
        u1_0.remaining_visits,
        u1_0.role,
        u1_0.total_visits,
        u1_0.updated_at 
    from
        users u1_0 
    where
        u1_0.id=?
2026-01-22 12:10:26.702 - 
    select
        mp1_0.id,
        mp1_0.avg_price_per_time,
        mp1_0.badge,
        mp1_0.category,
        mp1_0.code,
        mp1_0.description,
        mp1_0.features,
        mp1_0.is_active,
        mp1_0.name,
        mp1_0.people,
        mp1_0.price,
        mp1_0.sort_order,
        mp1_0.times_per_person,
        mp1_0.validity_days 
    from
        member_packages mp1_0 
    where
        mp1_0.id=?
2026-01-22 12:10:26.705 - 
    select
        po1_0.id,
        po1_0.card_end_date,
        po1_0.card_start_date,
        po1_0.card_status,
        po1_0.created_at,
        po1_0.order_no,
        po1_0.package_id,
        po1_0.package_name,
        po1_0.payment_method,
        po1_0.payment_time,
        po1_0.price,
        po1_0.remaining_times,
        po1_0.staff_id,
        po1_0.staff_name,
        po1_0.status,
        po1_0.transaction_type,
        po1_0.updated_at,
        po1_0.user_id 
    from
        payment_orders po1_0 
    where
        po1_0.user_id=? 
        and po1_0.status=?
2026-01-22 12:10:26.705 - 
    select
        bo1_0.id,
        bo1_0.cabin_name,
        bo1_0.consume_time,
        bo1_0.created_at,
        bo1_0.date,
        bo1_0.order_no,
        bo1_0.original_price,
        bo1_0.payment_method,
        bo1_0.payment_order_id,
        bo1_0.payment_status,
        bo1_0.payment_time,
        bo1_0.price,
        bo1_0.seat_name,
        bo1_0.status,
        bo1_0.time_slot,
        bo1_0.updated_at,
        bo1_0.user_id 
    from
        booking_orders bo1_0 
    where
        bo1_0.user_id=? 
    order by
        bo1_0.created_at desc
2026-01-22 12:10:26.710 - 
    select
        po1_0.id,
        po1_0.card_end_date,
        po1_0.card_start_date,
        po1_0.card_status,
        po1_0.created_at,
        po1_0.order_no,
        po1_0.package_id,
        po1_0.package_name,
        po1_0.payment_method,
        po1_0.payment_time,
        po1_0.price,
        po1_0.remaining_times,
        po1_0.staff_id,
        po1_0.staff_name,
        po1_0.status,
        po1_0.transaction_type,
        po1_0.updated_at,
        po1_0.user_id 
    from
        payment_orders po1_0 
    where
        po1_0.user_id=?
2026-01-22 12:10:26.710 - 
    select
        u1_0.id,
        u1_0.avatar_url,
        u1_0.created_at,
        u1_0.last_login_time,
        u1_0.member_expire_time,
        u1_0.member_level,
        u1_0.nickname,
        u1_0.openid,
        u1_0.phone,
        u1_0.points,
        u1_0.remaining_visits,
        u1_0.role,
        u1_0.total_visits,
        u1_0.updated_at 
    from
        users u1_0 
    where
        u1_0.id=?
2026-01-22 12:10:26.711 - 
    select
        u1_0.id,
        u1_0.avatar_url,
        u1_0.created_at,
        u1_0.last_login_time,
        u1_0.member_expire_time,
        u1_0.member_level,
        u1_0.nickname,
        u1_0.openid,
        u1_0.phone,
        u1_0.points,
        u1_0.remaining_visits,
        u1_0.role,
        u1_0.total_visits,
        u1_0.updated_at 
    from
        users u1_0 
    where
        u1_0.id=?
2026-01-22 12:10:26.712 - 
    select
        mp1_0.id,
        mp1_0.avg_price_per_time,
        mp1_0.badge,
        mp1_0.category,
        mp1_0.code,
        mp1_0.description,
        mp1_0.features,
        mp1_0.is_active,
        mp1_0.name,
        mp1_0.people,
        mp1_0.price,
        mp1_0.sort_order,
        mp1_0.times_per_person,
        mp1_0.validity_days 
    from
        member_packages mp1_0 
    where
        mp1_0.id=?
2026-01-22 12:10:26.713 - 
    select
        po1_0.id,
        po1_0.card_end_date,
        po1_0.card_start_date,
        po1_0.card_status,
        po1_0.created_at,
        po1_0.order_no,
        po1_0.package_id,
        po1_0.package_name,
        po1_0.payment_method,
        po1_0.payment_time,
        po1_0.price,
        po1_0.remaining_times,
        po1_0.staff_id,
        po1_0.staff_name,
        po1_0.status,
        po1_0.transaction_type,
        po1_0.updated_at,
        po1_0.user_id 
    from
        payment_orders po1_0 
    where
        po1_0.user_id=? 
        and po1_0.status=?
2026-01-22 12:10:26.713 - 
    select
        bo1_0.id,
        bo1_0.cabin_name,
        bo1_0.consume_time,
        bo1_0.created_at,
        bo1_0.date,
        bo1_0.order_no,
        bo1_0.original_price,
        bo1_0.payment_method,
        bo1_0.payment_order_id,
        bo1_0.payment_status,
        bo1_0.payment_time,
        bo1_0.price,
        bo1_0.seat_name,
        bo1_0.status,
        bo1_0.time_slot,
        bo1_0.updated_at,
        bo1_0.user_id 
    from
        booking_orders bo1_0 
    where
        bo1_0.user_id=? 
    order by
        bo1_0.created_at desc
2026-01-22 12:10:26.740 - 
    select
        u1_0.id,
        u1_0.avatar_url,
        u1_0.created_at,
        u1_0.last_login_time,
        u1_0.member_expire_time,
        u1_0.member_level,
        u1_0.nickname,
        u1_0.openid,
        u1_0.phone,
        u1_0.points,
        u1_0.remaining_visits,
        u1_0.role,
        u1_0.total_visits,
        u1_0.updated_at 
    from
        users u1_0 
    where
        u1_0.id=?
2026-01-22 12:10:26.744 - 
    select
        po1_0.id,
        po1_0.card_end_date,
        po1_0.card_start_date,
        po1_0.card_status,
        po1_0.created_at,
        po1_0.order_no,
        po1_0.package_id,
        po1_0.package_name,
        po1_0.payment_method,
        po1_0.payment_time,
        po1_0.price,
        po1_0.remaining_times,
        po1_0.staff_id,
        po1_0.staff_name,
        po1_0.status,
        po1_0.transaction_type,
        po1_0.updated_at,
        po1_0.user_id 
    from
        payment_orders po1_0 
    where
        po1_0.user_id=? 
        and po1_0.status=?
2026-01-22 12:10:26.751 - 
    select
        u1_0.id,
        u1_0.avatar_url,
        u1_0.created_at,
        u1_0.last_login_time,
        u1_0.member_expire_time,
        u1_0.member_level,
        u1_0.nickname,
        u1_0.openid,
        u1_0.phone,
        u1_0.points,
        u1_0.remaining_visits,
        u1_0.role,
        u1_0.total_visits,
        u1_0.updated_at 
    from
        users u1_0 
    where
        u1_0.id=?
2026-01-22 12:10:26.753 - 
    select
        po1_0.id,
        po1_0.card_end_date,
        po1_0.card_start_date,
        po1_0.card_status,
        po1_0.created_at,
        po1_0.order_no,
        po1_0.package_id,
        po1_0.package_name,
        po1_0.payment_method,
        po1_0.payment_time,
        po1_0.price,
        po1_0.remaining_times,
        po1_0.staff_id,
        po1_0.staff_name,
        po1_0.status,
        po1_0.transaction_type,
        po1_0.updated_at,
        po1_0.user_id 
    from
        payment_orders po1_0 
    where
        po1_0.user_id=? 
        and po1_0.status=?
2026-01-22 12:10:28.568 - 
    select
        po1_0.id,
        po1_0.card_end_date,
        po1_0.card_start_date,
        po1_0.card_status,
        po1_0.created_at,
        po1_0.order_no,
        po1_0.package_id,
        po1_0.package_name,
        po1_0.payment_method,
        po1_0.payment_time,
        po1_0.price,
        po1_0.remaining_times,
        po1_0.staff_id,
        po1_0.staff_name,
        po1_0.status,
        po1_0.transaction_type,
        po1_0.updated_at,
        po1_0.user_id 
    from
        payment_orders po1_0 
    where
        po1_0.user_id=?
2026-01-22 12:10:28.571 - 
    select
        mp1_0.id,
        mp1_0.avg_price_per_time,
        mp1_0.badge,
        mp1_0.category,
        mp1_0.code,
        mp1_0.description,
        mp1_0.features,
        mp1_0.is_active,
        mp1_0.name,
        mp1_0.people,
        mp1_0.price,
        mp1_0.sort_order,
        mp1_0.times_per_person,
        mp1_0.validity_days 
    from
        member_packages mp1_0 
    where
        mp1_0.id=?
2026-01-22 12:10:28.578 - 
    select
        po1_0.id,
        po1_0.card_end_date,
        po1_0.card_start_date,
        po1_0.card_status,
        po1_0.created_at,
        po1_0.order_no,
        po1_0.package_id,
        po1_0.package_name,
        po1_0.payment_method,
        po1_0.payment_time,
        po1_0.price,
        po1_0.remaining_times,
        po1_0.staff_id,
        po1_0.staff_name,
        po1_0.status,
        po1_0.transaction_type,
        po1_0.updated_at,
        po1_0.user_id 
    from
        payment_orders po1_0 
    where
        po1_0.user_id=?
2026-01-22 12:10:28.581 - 
    select
        mp1_0.id,
        mp1_0.avg_price_per_time,
        mp1_0.badge,
        mp1_0.category,
        mp1_0.code,
        mp1_0.description,
        mp1_0.features,
        mp1_0.is_active,
        mp1_0.name,
        mp1_0.people,
        mp1_0.price,
        mp1_0.sort_order,
        mp1_0.times_per_person,
        mp1_0.validity_days 
    from
        member_packages mp1_0 
    where
        mp1_0.id=?
2026-01-22 12:10:30.112 - 
    select
        bo1_0.id,
        bo1_0.cabin_name,
        bo1_0.consume_time,
        bo1_0.created_at,
        bo1_0.date,
        bo1_0.order_no,
        bo1_0.original_price,
        bo1_0.payment_method,
        bo1_0.payment_order_id,
        bo1_0.payment_status,
        bo1_0.payment_time,
        bo1_0.price,
        bo1_0.seat_name,
        bo1_0.status,
        bo1_0.time_slot,
        bo1_0.updated_at,
        bo1_0.user_id 
    from
        booking_orders bo1_0 
    where
        bo1_0.date=? 
        and bo1_0.time_slot=?
2026-01-22 12:10:31.209 - 
    select
        po1_0.id,
        po1_0.card_end_date,
        po1_0.card_start_date,
        po1_0.card_status,
        po1_0.created_at,
        po1_0.order_no,
        po1_0.package_id,
        po1_0.package_name,
        po1_0.payment_method,
        po1_0.payment_time,
        po1_0.price,
        po1_0.remaining_times,
        po1_0.staff_id,
        po1_0.staff_name,
        po1_0.status,
        po1_0.transaction_type,
        po1_0.updated_at,
        po1_0.user_id 
    from
        payment_orders po1_0 
    where
        po1_0.user_id=?
2026-01-22 12:10:31.212 - 
    select
        mp1_0.id,
        mp1_0.avg_price_per_time,
        mp1_0.badge,
        mp1_0.category,
        mp1_0.code,
        mp1_0.description,
        mp1_0.features,
        mp1_0.is_active,
        mp1_0.name,
        mp1_0.people,
        mp1_0.price,
        mp1_0.sort_order,
        mp1_0.times_per_person,
        mp1_0.validity_days 
    from
        member_packages mp1_0 
    where
        mp1_0.id=?
2026-01-22 12:10:31.227 - 
    select
        u1_0.id,
        u1_0.avatar_url,
        u1_0.created_at,
        u1_0.last_login_time,
        u1_0.member_expire_time,
        u1_0.member_level,
        u1_0.nickname,
        u1_0.openid,
        u1_0.phone,
        u1_0.points,
        u1_0.remaining_visits,
        u1_0.role,
        u1_0.total_visits,
        u1_0.updated_at 
    from
        users u1_0 
    where
        u1_0.id=?
2026-01-22 12:10:31.230 - 
    select
        bo1_0.id,
        bo1_0.cabin_name,
        bo1_0.consume_time,
        bo1_0.created_at,
        bo1_0.date,
        bo1_0.order_no,
        bo1_0.original_price,
        bo1_0.payment_method,
        bo1_0.payment_order_id,
        bo1_0.payment_status,
        bo1_0.payment_time,
        bo1_0.price,
        bo1_0.seat_name,
        bo1_0.status,
        bo1_0.time_slot,
        bo1_0.updated_at,
        bo1_0.user_id 
    from
        booking_orders bo1_0 
    where
        bo1_0.user_id=? 
        and bo1_0.date=? 
        and bo1_0.status!=?
2026-01-22 12:10:31.895 - 
    select
        u1_0.id,
        u1_0.avatar_url,
        u1_0.created_at,
        u1_0.last_login_time,
        u1_0.member_expire_time,
        u1_0.member_level,
        u1_0.nickname,
        u1_0.openid,
        u1_0.phone,
        u1_0.points,
        u1_0.remaining_visits,
        u1_0.role,
        u1_0.total_visits,
        u1_0.updated_at 
    from
        users u1_0 
    where
        u1_0.id=?
2026-01-22 12:10:31.899 - 
    select
        bo1_0.id,
        bo1_0.cabin_name,
        bo1_0.consume_time,
        bo1_0.created_at,
        bo1_0.date,
        bo1_0.order_no,
        bo1_0.original_price,
        bo1_0.payment_method,
        bo1_0.payment_order_id,
        bo1_0.payment_status,
        bo1_0.payment_time,
        bo1_0.price,
        bo1_0.seat_name,
        bo1_0.status,
        bo1_0.time_slot,
        bo1_0.updated_at,
        bo1_0.user_id 
    from
        booking_orders bo1_0 
    where
        bo1_0.user_id=? 
        and bo1_0.date=? 
        and bo1_0.status!=?
2026-01-22 12:10:31.900 - 
    select
        bo1_0.id,
        bo1_0.cabin_name,
        bo1_0.consume_time,
        bo1_0.created_at,
        bo1_0.date,
        bo1_0.order_no,
        bo1_0.original_price,
        bo1_0.payment_method,
        bo1_0.payment_order_id,
        bo1_0.payment_status,
        bo1_0.payment_time,
        bo1_0.price,
        bo1_0.seat_name,
        bo1_0.status,
        bo1_0.time_slot,
        bo1_0.updated_at,
        bo1_0.user_id 
    from
        booking_orders bo1_0 
    where
        bo1_0.date=? 
        and bo1_0.time_slot=? 
        and bo1_0.cabin_name=? 
        and bo1_0.seat_name=?
2026-01-22 12:10:31.903 - 
    select
        po1_0.id,
        po1_0.card_end_date,
        po1_0.card_start_date,
        po1_0.card_status,
        po1_0.created_at,
        po1_0.order_no,
        po1_0.package_id,
        po1_0.package_name,
        po1_0.payment_method,
        po1_0.payment_time,
        po1_0.price,
        po1_0.remaining_times,
        po1_0.staff_id,
        po1_0.staff_name,
        po1_0.status,
        po1_0.transaction_type,
        po1_0.updated_at,
        po1_0.user_id 
    from
        payment_orders po1_0 
    where
        po1_0.user_id=?
2026-01-22 12:10:31.905 - 
    select
        mp1_0.id,
        mp1_0.avg_price_per_time,
        mp1_0.badge,
        mp1_0.category,
        mp1_0.code,
        mp1_0.description,
        mp1_0.features,
        mp1_0.is_active,
        mp1_0.name,
        mp1_0.people,
        mp1_0.price,
        mp1_0.sort_order,
        mp1_0.times_per_person,
        mp1_0.validity_days 
    from
        member_packages mp1_0 
    where
        mp1_0.id=?
2026-01-22 12:10:33.786 - 
    select
        u1_0.id,
        u1_0.avatar_url,
        u1_0.created_at,
        u1_0.last_login_time,
        u1_0.member_expire_time,
        u1_0.member_level,
        u1_0.nickname,
        u1_0.openid,
        u1_0.phone,
        u1_0.points,
        u1_0.remaining_visits,
        u1_0.role,
        u1_0.total_visits,
        u1_0.updated_at 
    from
        users u1_0 
    where
        u1_0.id=?
2026-01-22 12:10:33.787 - 
    select
        po1_0.id,
        po1_0.card_end_date,
        po1_0.card_start_date,
        po1_0.card_status,
        po1_0.created_at,
        po1_0.order_no,
        po1_0.package_id,
        po1_0.package_name,
        po1_0.payment_method,
        po1_0.payment_time,
        po1_0.price,
        po1_0.remaining_times,
        po1_0.staff_id,
        po1_0.staff_name,
        po1_0.status,
        po1_0.transaction_type,
        po1_0.updated_at,
        po1_0.user_id 
    from
        payment_orders po1_0 
    where
        po1_0.user_id=?
2026-01-22 12:10:33.789 - 
    select
        po1_0.id,
        po1_0.card_end_date,
        po1_0.card_start_date,
        po1_0.card_status,
        po1_0.created_at,
        po1_0.order_no,
        po1_0.package_id,
        po1_0.package_name,
        po1_0.payment_method,
        po1_0.payment_time,
        po1_0.price,
        po1_0.remaining_times,
        po1_0.staff_id,
        po1_0.staff_name,
        po1_0.status,
        po1_0.transaction_type,
        po1_0.updated_at,
        po1_0.user_id 
    from
        payment_orders po1_0 
    where
        po1_0.user_id=? 
        and po1_0.status=?
2026-01-22 12:10:33.790 - 
    select
        mp1_0.id,
        mp1_0.avg_price_per_time,
        mp1_0.badge,
        mp1_0.category,
        mp1_0.code,
        mp1_0.description,
        mp1_0.features,
        mp1_0.is_active,
        mp1_0.name,
        mp1_0.people,
        mp1_0.price,
        mp1_0.sort_order,
        mp1_0.times_per_person,
        mp1_0.validity_days 
    from
        member_packages mp1_0 
    where
        mp1_0.id=?
2026-01-22 12:10:33.790 - 
    select
        u1_0.id,
        u1_0.avatar_url,
        u1_0.created_at,
        u1_0.last_login_time,
        u1_0.member_expire_time,
        u1_0.member_level,
        u1_0.nickname,
        u1_0.openid,
        u1_0.phone,
        u1_0.points,
        u1_0.remaining_visits,
        u1_0.role,
        u1_0.total_visits,
        u1_0.updated_at 
    from
        users u1_0 
    where
        u1_0.id=?
2026-01-22 12:10:33.793 - 
    select
        bo1_0.id,
        bo1_0.cabin_name,
        bo1_0.consume_time,
        bo1_0.created_at,
        bo1_0.date,
        bo1_0.order_no,
        bo1_0.original_price,
        bo1_0.payment_method,
        bo1_0.payment_order_id,
        bo1_0.payment_status,
        bo1_0.payment_time,
        bo1_0.price,
        bo1_0.seat_name,
        bo1_0.status,
        bo1_0.time_slot,
        bo1_0.updated_at,
        bo1_0.user_id 
    from
        booking_orders bo1_0 
    where
        bo1_0.user_id=? 
    order by
        bo1_0.created_at desc
2026-01-22 12:10:33.797 - 
    select
        u1_0.id,
        u1_0.avatar_url,
        u1_0.created_at,
        u1_0.last_login_time,
        u1_0.member_expire_time,
        u1_0.member_level,
        u1_0.nickname,
        u1_0.openid,
        u1_0.phone,
        u1_0.points,
        u1_0.remaining_visits,
        u1_0.role,
        u1_0.total_visits,
        u1_0.updated_at 
    from
        users u1_0 
    where
        u1_0.id=?
2026-01-22 12:10:33.798 - 
    select
        po1_0.id,
        po1_0.card_end_date,
        po1_0.card_start_date,
        po1_0.card_status,
        po1_0.created_at,
        po1_0.order_no,
        po1_0.package_id,
        po1_0.package_name,
        po1_0.payment_method,
        po1_0.payment_time,
        po1_0.price,
        po1_0.remaining_times,
        po1_0.staff_id,
        po1_0.staff_name,
        po1_0.status,
        po1_0.transaction_type,
        po1_0.updated_at,
        po1_0.user_id 
    from
        payment_orders po1_0 
    where
        po1_0.user_id=?
2026-01-22 12:10:33.798 - 
    select
        u1_0.id,
        u1_0.avatar_url,
        u1_0.created_at,
        u1_0.last_login_time,
        u1_0.member_expire_time,
        u1_0.member_level,
        u1_0.nickname,
        u1_0.openid,
        u1_0.phone,
        u1_0.points,
        u1_0.remaining_visits,
        u1_0.role,
        u1_0.total_visits,
        u1_0.updated_at 
    from
        users u1_0 
    where
        u1_0.id=?
2026-01-22 12:10:33.800 - 
    select
        po1_0.id,
        po1_0.card_end_date,
        po1_0.card_start_date,
        po1_0.card_status,
        po1_0.created_at,
        po1_0.order_no,
        po1_0.package_id,
        po1_0.package_name,
        po1_0.payment_method,
        po1_0.payment_time,
        po1_0.price,
        po1_0.remaining_times,
        po1_0.staff_id,
        po1_0.staff_name,
        po1_0.status,
        po1_0.transaction_type,
        po1_0.updated_at,
        po1_0.user_id 
    from
        payment_orders po1_0 
    where
        po1_0.user_id=? 
        and po1_0.status=?
2026-01-22 12:10:33.800 - 
    select
        mp1_0.id,
        mp1_0.avg_price_per_time,
        mp1_0.badge,
        mp1_0.category,
        mp1_0.code,
        mp1_0.description,
        mp1_0.features,
        mp1_0.is_active,
        mp1_0.name,
        mp1_0.people,
        mp1_0.price,
        mp1_0.sort_order,
        mp1_0.times_per_person,
        mp1_0.validity_days 
    from
        member_packages mp1_0 
    where
        mp1_0.id=?
2026-01-22 12:10:33.801 - 
    select
        bo1_0.id,
        bo1_0.cabin_name,
        bo1_0.consume_time,
        bo1_0.created_at,
        bo1_0.date,
        bo1_0.order_no,
        bo1_0.original_price,
        bo1_0.payment_method,
        bo1_0.payment_order_id,
        bo1_0.payment_status,
        bo1_0.payment_time,
        bo1_0.price,
        bo1_0.seat_name,
        bo1_0.status,
        bo1_0.time_slot,
        bo1_0.updated_at,
        bo1_0.user_id 
    from
        booking_orders bo1_0 
    where
        bo1_0.user_id=? 
    order by
        bo1_0.created_at desc
2026-01-22 12:10:33.810 - 
    select
        u1_0.id,
        u1_0.avatar_url,
        u1_0.created_at,
        u1_0.last_login_time,
        u1_0.member_expire_time,
        u1_0.member_level,
        u1_0.nickname,
        u1_0.openid,
        u1_0.phone,
        u1_0.points,
        u1_0.remaining_visits,
        u1_0.role,
        u1_0.total_visits,
        u1_0.updated_at 
    from
        users u1_0 
    where
        u1_0.id=?
2026-01-22 12:10:33.812 - 
    select
        po1_0.id,
        po1_0.card_end_date,
        po1_0.card_start_date,
        po1_0.card_status,
        po1_0.created_at,
        po1_0.order_no,
        po1_0.package_id,
        po1_0.package_name,
        po1_0.payment_method,
        po1_0.payment_time,
        po1_0.price,
        po1_0.remaining_times,
        po1_0.staff_id,
        po1_0.staff_name,
        po1_0.status,
        po1_0.transaction_type,
        po1_0.updated_at,
        po1_0.user_id 
    from
        payment_orders po1_0 
    where
        po1_0.user_id=? 
        and po1_0.status=?
2026-01-22 12:10:33.822 - 
    select
        u1_0.id,
        u1_0.avatar_url,
        u1_0.created_at,
        u1_0.last_login_time,
        u1_0.member_expire_time,
        u1_0.member_level,
        u1_0.nickname,
        u1_0.openid,
        u1_0.phone,
        u1_0.points,
        u1_0.remaining_visits,
        u1_0.role,
        u1_0.total_visits,
        u1_0.updated_at 
    from
        users u1_0 
    where
        u1_0.id=?
2026-01-22 12:10:33.824 - 
    select
        po1_0.id,
        po1_0.card_end_date,
        po1_0.card_start_date,
        po1_0.card_status,
        po1_0.created_at,
        po1_0.order_no,
        po1_0.package_id,
        po1_0.package_name,
        po1_0.payment_method,
        po1_0.payment_time,
        po1_0.price,
        po1_0.remaining_times,
        po1_0.staff_id,
        po1_0.staff_name,
        po1_0.status,
        po1_0.transaction_type,
        po1_0.updated_at,
        po1_0.user_id 
    from
        payment_orders po1_0 
    where
        po1_0.user_id=? 
        and po1_0.status=?
2026-01-22 12:13:29.842 - 
    select
        po1_0.id,
        po1_0.card_end_date,
        po1_0.card_start_date,
        po1_0.card_status,
        po1_0.created_at,
        po1_0.order_no,
        po1_0.package_id,
        po1_0.package_name,
        po1_0.payment_method,
        po1_0.payment_time,
        po1_0.price,
        po1_0.remaining_times,
        po1_0.staff_id,
        po1_0.staff_name,
        po1_0.status,
        po1_0.transaction_type,
        po1_0.updated_at,
        po1_0.user_id 
    from
        payment_orders po1_0 
    where
        po1_0.user_id=?
2026-01-22 12:13:29.848 - 
    select
        mp1_0.id,
        mp1_0.avg_price_per_time,
        mp1_0.badge,
        mp1_0.category,
        mp1_0.code,
        mp1_0.description,
        mp1_0.features,
        mp1_0.is_active,
        mp1_0.name,
        mp1_0.people,
        mp1_0.price,
        mp1_0.sort_order,
        mp1_0.times_per_person,
        mp1_0.validity_days 
    from
        member_packages mp1_0 
    where
        mp1_0.id=?
2026-01-22 12:13:29.856 - 
    select
        po1_0.id,
        po1_0.card_end_date,
        po1_0.card_start_date,
        po1_0.card_status,
        po1_0.created_at,
        po1_0.order_no,
        po1_0.package_id,
        po1_0.package_name,
        po1_0.payment_method,
        po1_0.payment_time,
        po1_0.price,
        po1_0.remaining_times,
        po1_0.staff_id,
        po1_0.staff_name,
        po1_0.status,
        po1_0.transaction_type,
        po1_0.updated_at,
        po1_0.user_id 
    from
        payment_orders po1_0 
    where
        po1_0.user_id=?
2026-01-22 12:13:29.859 - 
    select
        mp1_0.id,
        mp1_0.avg_price_per_time,
        mp1_0.badge,
        mp1_0.category,
        mp1_0.code,
        mp1_0.description,
        mp1_0.features,
        mp1_0.is_active,
        mp1_0.name,
        mp1_0.people,
        mp1_0.price,
        mp1_0.sort_order,
        mp1_0.times_per_person,
        mp1_0.validity_days 
    from
        member_packages mp1_0 
    where
        mp1_0.id=?
2026-01-22 12:13:31.291 - 
    select
        bo1_0.id,
        bo1_0.cabin_name,
        bo1_0.consume_time,
        bo1_0.created_at,
        bo1_0.date,
        bo1_0.order_no,
        bo1_0.original_price,
        bo1_0.payment_method,
        bo1_0.payment_order_id,
        bo1_0.payment_status,
        bo1_0.payment_time,
        bo1_0.price,
        bo1_0.seat_name,
        bo1_0.status,
        bo1_0.time_slot,
        bo1_0.updated_at,
        bo1_0.user_id 
    from
        booking_orders bo1_0 
    where
        bo1_0.date=? 
        and bo1_0.time_slot=?
2026-01-22 12:13:32.382 - 
    select
        po1_0.id,
        po1_0.card_end_date,
        po1_0.card_start_date,
        po1_0.card_status,
        po1_0.created_at,
        po1_0.order_no,
        po1_0.package_id,
        po1_0.package_name,
        po1_0.payment_method,
        po1_0.payment_time,
        po1_0.price,
        po1_0.remaining_times,
        po1_0.staff_id,
        po1_0.staff_name,
        po1_0.status,
        po1_0.transaction_type,
        po1_0.updated_at,
        po1_0.user_id 
    from
        payment_orders po1_0 
    where
        po1_0.user_id=?
2026-01-22 12:13:32.385 - 
    select
        mp1_0.id,
        mp1_0.avg_price_per_time,
        mp1_0.badge,
        mp1_0.category,
        mp1_0.code,
        mp1_0.description,
        mp1_0.features,
        mp1_0.is_active,
        mp1_0.name,
        mp1_0.people,
        mp1_0.price,
        mp1_0.sort_order,
        mp1_0.times_per_person,
        mp1_0.validity_days 
    from
        member_packages mp1_0 
    where
        mp1_0.id=?
2026-01-22 12:13:32.403 - 
    select
        u1_0.id,
        u1_0.avatar_url,
        u1_0.created_at,
        u1_0.last_login_time,
        u1_0.member_expire_time,
        u1_0.member_level,
        u1_0.nickname,
        u1_0.openid,
        u1_0.phone,
        u1_0.points,
        u1_0.remaining_visits,
        u1_0.role,
        u1_0.total_visits,
        u1_0.updated_at 
    from
        users u1_0 
    where
        u1_0.id=?
2026-01-22 12:13:32.407 - 
    select
        bo1_0.id,
        bo1_0.cabin_name,
        bo1_0.consume_time,
        bo1_0.created_at,
        bo1_0.date,
        bo1_0.order_no,
        bo1_0.original_price,
        bo1_0.payment_method,
        bo1_0.payment_order_id,
        bo1_0.payment_status,
        bo1_0.payment_time,
        bo1_0.price,
        bo1_0.seat_name,
        bo1_0.status,
        bo1_0.time_slot,
        bo1_0.updated_at,
        bo1_0.user_id 
    from
        booking_orders bo1_0 
    where
        bo1_0.user_id=? 
        and bo1_0.date=? 
        and bo1_0.status!=?
2026-01-22 12:13:33.215 - 
    select
        u1_0.id,
        u1_0.avatar_url,
        u1_0.created_at,
        u1_0.last_login_time,
        u1_0.member_expire_time,
        u1_0.member_level,
        u1_0.nickname,
        u1_0.openid,
        u1_0.phone,
        u1_0.points,
        u1_0.remaining_visits,
        u1_0.role,
        u1_0.total_visits,
        u1_0.updated_at 
    from
        users u1_0 
    where
        u1_0.id=?
2026-01-22 12:13:33.223 - 
    select
        bo1_0.id,
        bo1_0.cabin_name,
        bo1_0.consume_time,
        bo1_0.created_at,
        bo1_0.date,
        bo1_0.order_no,
        bo1_0.original_price,
        bo1_0.payment_method,
        bo1_0.payment_order_id,
        bo1_0.payment_status,
        bo1_0.payment_time,
        bo1_0.price,
        bo1_0.seat_name,
        bo1_0.status,
        bo1_0.time_slot,
        bo1_0.updated_at,
        bo1_0.user_id 
    from
        booking_orders bo1_0 
    where
        bo1_0.user_id=? 
        and bo1_0.date=? 
        and bo1_0.status!=?
2026-01-22 12:13:33.226 - 
    select
        bo1_0.id,
        bo1_0.cabin_name,
        bo1_0.consume_time,
        bo1_0.created_at,
        bo1_0.date,
        bo1_0.order_no,
        bo1_0.original_price,
        bo1_0.payment_method,
        bo1_0.payment_order_id,
        bo1_0.payment_status,
        bo1_0.payment_time,
        bo1_0.price,
        bo1_0.seat_name,
        bo1_0.status,
        bo1_0.time_slot,
        bo1_0.updated_at,
        bo1_0.user_id 
    from
        booking_orders bo1_0 
    where
        bo1_0.date=? 
        and bo1_0.time_slot=? 
        and bo1_0.cabin_name=? 
        and bo1_0.seat_name=?
2026-01-22 12:13:33.228 - 
    select
        po1_0.id,
        po1_0.card_end_date,
        po1_0.card_start_date,
        po1_0.card_status,
        po1_0.created_at,
        po1_0.order_no,
        po1_0.package_id,
        po1_0.package_name,
        po1_0.payment_method,
        po1_0.payment_time,
        po1_0.price,
        po1_0.remaining_times,
        po1_0.staff_id,
        po1_0.staff_name,
        po1_0.status,
        po1_0.transaction_type,
        po1_0.updated_at,
        po1_0.user_id 
    from
        payment_orders po1_0 
    where
        po1_0.user_id=?
2026-01-22 12:13:33.230 - 
    select
        mp1_0.id,
        mp1_0.avg_price_per_time,
        mp1_0.badge,
        mp1_0.category,
        mp1_0.code,
        mp1_0.description,
        mp1_0.features,
        mp1_0.is_active,
        mp1_0.name,
        mp1_0.people,
        mp1_0.price,
        mp1_0.sort_order,
        mp1_0.times_per_person,
        mp1_0.validity_days 
    from
        member_packages mp1_0 
    where
        mp1_0.id=?
2026-01-22 12:13:38.123 - 
    select
        po1_0.id,
        po1_0.card_end_date,
        po1_0.card_start_date,
        po1_0.card_status,
        po1_0.created_at,
        po1_0.order_no,
        po1_0.package_id,
        po1_0.package_name,
        po1_0.payment_method,
        po1_0.payment_time,
        po1_0.price,
        po1_0.remaining_times,
        po1_0.staff_id,
        po1_0.staff_name,
        po1_0.status,
        po1_0.transaction_type,
        po1_0.updated_at,
        po1_0.user_id 
    from
        payment_orders po1_0 
    where
        po1_0.user_id=?
2026-01-22 12:13:38.123 - 
    select
        u1_0.id,
        u1_0.avatar_url,
        u1_0.created_at,
        u1_0.last_login_time,
        u1_0.member_expire_time,
        u1_0.member_level,
        u1_0.nickname,
        u1_0.openid,
        u1_0.phone,
        u1_0.points,
        u1_0.remaining_visits,
        u1_0.role,
        u1_0.total_visits,
        u1_0.updated_at 
    from
        users u1_0 
    where
        u1_0.id=?
2026-01-22 12:13:38.126 - 
    select
        mp1_0.id,
        mp1_0.avg_price_per_time,
        mp1_0.badge,
        mp1_0.category,
        mp1_0.code,
        mp1_0.description,
        mp1_0.features,
        mp1_0.is_active,
        mp1_0.name,
        mp1_0.people,
        mp1_0.price,
        mp1_0.sort_order,
        mp1_0.times_per_person,
        mp1_0.validity_days 
    from
        member_packages mp1_0 
    where
        mp1_0.id=?
2026-01-22 12:13:38.127 - 
    select
        po1_0.id,
        po1_0.card_end_date,
        po1_0.card_start_date,
        po1_0.card_status,
        po1_0.created_at,
        po1_0.order_no,
        po1_0.package_id,
        po1_0.package_name,
        po1_0.payment_method,
        po1_0.payment_time,
        po1_0.price,
        po1_0.remaining_times,
        po1_0.staff_id,
        po1_0.staff_name,
        po1_0.status,
        po1_0.transaction_type,
        po1_0.updated_at,
        po1_0.user_id 
    from
        payment_orders po1_0 
    where
        po1_0.user_id=? 
        and po1_0.status=?
2026-01-22 12:13:38.127 - 
    select
        u1_0.id,
        u1_0.avatar_url,
        u1_0.created_at,
        u1_0.last_login_time,
        u1_0.member_expire_time,
        u1_0.member_level,
        u1_0.nickname,
        u1_0.openid,
        u1_0.phone,
        u1_0.points,
        u1_0.remaining_visits,
        u1_0.role,
        u1_0.total_visits,
        u1_0.updated_at 
    from
        users u1_0 
    where
        u1_0.id=?
2026-01-22 12:13:38.129 - 
    select
        bo1_0.id,
        bo1_0.cabin_name,
        bo1_0.consume_time,
        bo1_0.created_at,
        bo1_0.date,
        bo1_0.order_no,
        bo1_0.original_price,
        bo1_0.payment_method,
        bo1_0.payment_order_id,
        bo1_0.payment_status,
        bo1_0.payment_time,
        bo1_0.price,
        bo1_0.seat_name,
        bo1_0.status,
        bo1_0.time_slot,
        bo1_0.updated_at,
        bo1_0.user_id 
    from
        booking_orders bo1_0 
    where
        bo1_0.user_id=? 
    order by
        bo1_0.created_at desc
2026-01-22 12:13:38.135 - 
    select
        u1_0.id,
        u1_0.avatar_url,
        u1_0.created_at,
        u1_0.last_login_time,
        u1_0.member_expire_time,
        u1_0.member_level,
        u1_0.nickname,
        u1_0.openid,
        u1_0.phone,
        u1_0.points,
        u1_0.remaining_visits,
        u1_0.role,
        u1_0.total_visits,
        u1_0.updated_at 
    from
        users u1_0 
    where
        u1_0.id=?
2026-01-22 12:13:38.135 - 
    select
        po1_0.id,
        po1_0.card_end_date,
        po1_0.card_start_date,
        po1_0.card_status,
        po1_0.created_at,
        po1_0.order_no,
        po1_0.package_id,
        po1_0.package_name,
        po1_0.payment_method,
        po1_0.payment_time,
        po1_0.price,
        po1_0.remaining_times,
        po1_0.staff_id,
        po1_0.staff_name,
        po1_0.status,
        po1_0.transaction_type,
        po1_0.updated_at,
        po1_0.user_id 
    from
        payment_orders po1_0 
    where
        po1_0.user_id=?
2026-01-22 12:13:38.136 - 
    select
        u1_0.id,
        u1_0.avatar_url,
        u1_0.created_at,
        u1_0.last_login_time,
        u1_0.member_expire_time,
        u1_0.member_level,
        u1_0.nickname,
        u1_0.openid,
        u1_0.phone,
        u1_0.points,
        u1_0.remaining_visits,
        u1_0.role,
        u1_0.total_visits,
        u1_0.updated_at 
    from
        users u1_0 
    where
        u1_0.id=?
2026-01-22 12:13:38.137 - 
    select
        mp1_0.id,
        mp1_0.avg_price_per_time,
        mp1_0.badge,
        mp1_0.category,
        mp1_0.code,
        mp1_0.description,
        mp1_0.features,
        mp1_0.is_active,
        mp1_0.name,
        mp1_0.people,
        mp1_0.price,
        mp1_0.sort_order,
        mp1_0.times_per_person,
        mp1_0.validity_days 
    from
        member_packages mp1_0 
    where
        mp1_0.id=?
2026-01-22 12:13:38.138 - 
    select
        po1_0.id,
        po1_0.card_end_date,
        po1_0.card_start_date,
        po1_0.card_status,
        po1_0.created_at,
        po1_0.order_no,
        po1_0.package_id,
        po1_0.package_name,
        po1_0.payment_method,
        po1_0.payment_time,
        po1_0.price,
        po1_0.remaining_times,
        po1_0.staff_id,
        po1_0.staff_name,
        po1_0.status,
        po1_0.transaction_type,
        po1_0.updated_at,
        po1_0.user_id 
    from
        payment_orders po1_0 
    where
        po1_0.user_id=? 
        and po1_0.status=?
2026-01-22 12:13:38.138 - 
    select
        bo1_0.id,
        bo1_0.cabin_name,
        bo1_0.consume_time,
        bo1_0.created_at,
        bo1_0.date,
        bo1_0.order_no,
        bo1_0.original_price,
        bo1_0.payment_method,
        bo1_0.payment_order_id,
        bo1_0.payment_status,
        bo1_0.payment_time,
        bo1_0.price,
        bo1_0.seat_name,
        bo1_0.status,
        bo1_0.time_slot,
        bo1_0.updated_at,
        bo1_0.user_id 
    from
        booking_orders bo1_0 
    where
        bo1_0.user_id=? 
    order by
        bo1_0.created_at desc
2026-01-22 12:13:38.147 - 
    select
        u1_0.id,
        u1_0.avatar_url,
        u1_0.created_at,
        u1_0.last_login_time,
        u1_0.member_expire_time,
        u1_0.member_level,
        u1_0.nickname,
        u1_0.openid,
        u1_0.phone,
        u1_0.points,
        u1_0.remaining_visits,
        u1_0.role,
        u1_0.total_visits,
        u1_0.updated_at 
    from
        users u1_0 
    where
        u1_0.id=?
2026-01-22 12:13:38.149 - 
    select
        po1_0.id,
        po1_0.card_end_date,
        po1_0.card_start_date,
        po1_0.card_status,
        po1_0.created_at,
        po1_0.order_no,
        po1_0.package_id,
        po1_0.package_name,
        po1_0.payment_method,
        po1_0.payment_time,
        po1_0.price,
        po1_0.remaining_times,
        po1_0.staff_id,
        po1_0.staff_name,
        po1_0.status,
        po1_0.transaction_type,
        po1_0.updated_at,
        po1_0.user_id 
    from
        payment_orders po1_0 
    where
        po1_0.user_id=? 
        and po1_0.status=?
2026-01-22 12:13:38.153 - 
    select
        u1_0.id,
        u1_0.avatar_url,
        u1_0.created_at,
        u1_0.last_login_time,
        u1_0.member_expire_time,
        u1_0.member_level,
        u1_0.nickname,
        u1_0.openid,
        u1_0.phone,
        u1_0.points,
        u1_0.remaining_visits,
        u1_0.role,
        u1_0.total_visits,
        u1_0.updated_at 
    from
        users u1_0 
    where
        u1_0.id=?
2026-01-22 12:13:38.156 - 
    select
        po1_0.id,
        po1_0.card_end_date,
        po1_0.card_start_date,
        po1_0.card_status,
        po1_0.created_at,
        po1_0.order_no,
        po1_0.package_id,
        po1_0.package_name,
        po1_0.payment_method,
        po1_0.payment_time,
        po1_0.price,
        po1_0.remaining_times,
        po1_0.staff_id,
        po1_0.staff_name,
        po1_0.status,
        po1_0.transaction_type,
        po1_0.updated_at,
        po1_0.user_id 
    from
        payment_orders po1_0 
    where
        po1_0.user_id=? 
        and po1_0.status=?
2026-01-22 12:15:00.027 - 
    select
        bo1_0.id,
        bo1_0.cabin_name,
        bo1_0.consume_time,
        bo1_0.created_at,
        bo1_0.date,
        bo1_0.order_no,
        bo1_0.original_price,
        bo1_0.payment_method,
        bo1_0.payment_order_id,
        bo1_0.payment_status,
        bo1_0.payment_time,
        bo1_0.price,
        bo1_0.seat_name,
        bo1_0.status,
        bo1_0.time_slot,
        bo1_0.updated_at,
        bo1_0.user_id 
    from
        booking_orders bo1_0 
    where
        bo1_0.status=?
2026-01-22 12:15:31.269 - 
    select
        mp1_0.id,
        mp1_0.avg_price_per_time,
        mp1_0.badge,
        mp1_0.category,
        mp1_0.code,
        mp1_0.description,
        mp1_0.features,
        mp1_0.is_active,
        mp1_0.name,
        mp1_0.people,
        mp1_0.price,
        mp1_0.sort_order,
        mp1_0.times_per_person,
        mp1_0.validity_days 
    from
        member_packages mp1_0 
    where
        mp1_0.category=? 
        and mp1_0.is_active 
    order by
        mp1_0.sort_order
2026-01-22 12:15:31.282 - 
    select
        mp1_0.id,
        mp1_0.avg_price_per_time,
        mp1_0.badge,
        mp1_0.category,
        mp1_0.code,
        mp1_0.description,
        mp1_0.features,
        mp1_0.is_active,
        mp1_0.name,
        mp1_0.people,
        mp1_0.price,
        mp1_0.sort_order,
        mp1_0.times_per_person,
        mp1_0.validity_days 
    from
        member_packages mp1_0 
    where
        mp1_0.category=? 
        and mp1_0.is_active 
    order by
        mp1_0.sort_order
2026-01-22 12:15:33.905 - 
    select
        mp1_0.id,
        mp1_0.avg_price_per_time,
        mp1_0.badge,
        mp1_0.category,
        mp1_0.code,
        mp1_0.description,
        mp1_0.features,
        mp1_0.is_active,
        mp1_0.name,
        mp1_0.people,
        mp1_0.price,
        mp1_0.sort_order,
        mp1_0.times_per_person,
        mp1_0.validity_days 
    from
        member_packages mp1_0 
    where
        mp1_0.category=? 
        and mp1_0.is_active 
    order by
        mp1_0.sort_order
2026-01-22 12:15:34.379 - 
    select
        mp1_0.id,
        mp1_0.avg_price_per_time,
        mp1_0.badge,
        mp1_0.category,
        mp1_0.code,
        mp1_0.description,
        mp1_0.features,
        mp1_0.is_active,
        mp1_0.name,
        mp1_0.people,
        mp1_0.price,
        mp1_0.sort_order,
        mp1_0.times_per_person,
        mp1_0.validity_days 
    from
        member_packages mp1_0 
    where
        mp1_0.category=? 
        and mp1_0.is_active 
    order by
        mp1_0.sort_order
2026-01-22 12:15:34.830 - 
    select
        mp1_0.id,
        mp1_0.avg_price_per_time,
        mp1_0.badge,
        mp1_0.category,
        mp1_0.code,
        mp1_0.description,
        mp1_0.features,
        mp1_0.is_active,
        mp1_0.name,
        mp1_0.people,
        mp1_0.price,
        mp1_0.sort_order,
        mp1_0.times_per_person,
        mp1_0.validity_days 
    from
        member_packages mp1_0 
    where
        mp1_0.category=? 
        and mp1_0.is_active 
    order by
        mp1_0.sort_order
2026-01-22 12:15:36.634 - 
    select
        mp1_0.id,
        mp1_0.avg_price_per_time,
        mp1_0.badge,
        mp1_0.category,
        mp1_0.code,
        mp1_0.description,
        mp1_0.features,
        mp1_0.is_active,
        mp1_0.name,
        mp1_0.people,
        mp1_0.price,
        mp1_0.sort_order,
        mp1_0.times_per_person,
        mp1_0.validity_days 
    from
        member_packages mp1_0 
    where
        mp1_0.category=? 
        and mp1_0.is_active 
    order by
        mp1_0.sort_order
2026-01-22 12:15:51.433 - 
    select
        po1_0.id,
        po1_0.card_end_date,
        po1_0.card_start_date,
        po1_0.card_status,
        po1_0.created_at,
        po1_0.order_no,
        po1_0.package_id,
        po1_0.package_name,
        po1_0.payment_method,
        po1_0.payment_time,
        po1_0.price,
        po1_0.remaining_times,
        po1_0.staff_id,
        po1_0.staff_name,
        po1_0.status,
        po1_0.transaction_type,
        po1_0.updated_at,
        po1_0.user_id 
    from
        payment_orders po1_0 
    where
        po1_0.user_id=?
2026-01-22 12:15:51.445 - 
    select
        s1_0.id,
        s1_0.created_at,
        s1_0.last_login_time,
        s1_0.name,
        s1_0.password,
        s1_0.phone,
        s1_0.status,
        s1_0.updated_at,
        s1_0.username 
    from
        staffs s1_0 
    where
        s1_0.status=?
2026-01-22 12:15:53.881 - 
    select
        u1_0.id,
        u1_0.avatar_url,
        u1_0.created_at,
        u1_0.last_login_time,
        u1_0.member_expire_time,
        u1_0.member_level,
        u1_0.nickname,
        u1_0.openid,
        u1_0.phone,
        u1_0.points,
        u1_0.remaining_visits,
        u1_0.role,
        u1_0.total_visits,
        u1_0.updated_at 
    from
        users u1_0 
    where
        u1_0.id=?
2026-01-22 12:15:53.884 - 
    select
        mp1_0.id,
        mp1_0.avg_price_per_time,
        mp1_0.badge,
        mp1_0.category,
        mp1_0.code,
        mp1_0.description,
        mp1_0.features,
        mp1_0.is_active,
        mp1_0.name,
        mp1_0.people,
        mp1_0.price,
        mp1_0.sort_order,
        mp1_0.times_per_person,
        mp1_0.validity_days 
    from
        member_packages mp1_0 
    where
        mp1_0.id=?
2026-01-22 12:15:53.887 - 
    select
        po1_0.id,
        po1_0.card_end_date,
        po1_0.card_start_date,
        po1_0.card_status,
        po1_0.created_at,
        po1_0.order_no,
        po1_0.package_id,
        po1_0.package_name,
        po1_0.payment_method,
        po1_0.payment_time,
        po1_0.price,
        po1_0.remaining_times,
        po1_0.staff_id,
        po1_0.staff_name,
        po1_0.status,
        po1_0.transaction_type,
        po1_0.updated_at,
        po1_0.user_id 
    from
        payment_orders po1_0 
    where
        po1_0.user_id=? 
        and po1_0.status=?
2026-01-22 12:15:53.902 - 
    insert 
    into
        payment_orders
        (card_end_date, card_start_date, card_status, created_at, order_no, package_id, package_name, payment_method, payment_time, price, remaining_times, staff_id, staff_name, status, transaction_type, updated_at, user_id) 
    values
        (?, ?, ?, ?, ?, ?, ?, ?, ?, ?, ?, ?, ?, ?, ?, ?, ?)
2026-01-22 12:15:53.925 - 
    select
        po1_0.id,
        po1_0.card_end_date,
        po1_0.card_start_date,
        po1_0.card_status,
        po1_0.created_at,
        po1_0.order_no,
        po1_0.package_id,
        po1_0.package_name,
        po1_0.payment_method,
        po1_0.payment_time,
        po1_0.price,
        po1_0.remaining_times,
        po1_0.staff_id,
        po1_0.staff_name,
        po1_0.status,
        po1_0.transaction_type,
        po1_0.updated_at,
        po1_0.user_id 
    from
        payment_orders po1_0 
    where
        po1_0.id=?
2026-01-22 12:15:53.927 - 
    select
        u1_0.id,
        u1_0.avatar_url,
        u1_0.created_at,
        u1_0.last_login_time,
        u1_0.member_expire_time,
        u1_0.member_level,
        u1_0.nickname,
        u1_0.openid,
        u1_0.phone,
        u1_0.points,
        u1_0.remaining_visits,
        u1_0.role,
        u1_0.total_visits,
        u1_0.updated_at 
    from
        users u1_0 
    where
        u1_0.id=?
2026-01-22 12:15:54.670 - 
    select
        po1_0.id,
        po1_0.card_end_date,
        po1_0.card_start_date,
        po1_0.card_status,
        po1_0.created_at,
        po1_0.order_no,
        po1_0.package_id,
        po1_0.package_name,
        po1_0.payment_method,
        po1_0.payment_time,
        po1_0.price,
        po1_0.remaining_times,
        po1_0.staff_id,
        po1_0.staff_name,
        po1_0.status,
        po1_0.transaction_type,
        po1_0.updated_at,
        po1_0.user_id 
    from
        payment_orders po1_0 
    where
        po1_0.id=?
2026-01-22 12:15:54.675 - 
    select
        mp1_0.id,
        mp1_0.avg_price_per_time,
        mp1_0.badge,
        mp1_0.category,
        mp1_0.code,
        mp1_0.description,
        mp1_0.features,
        mp1_0.is_active,
        mp1_0.name,
        mp1_0.people,
        mp1_0.price,
        mp1_0.sort_order,
        mp1_0.times_per_person,
        mp1_0.validity_days 
    from
        member_packages mp1_0 
    where
        mp1_0.id=?
2026-01-22 12:15:54.685 - 
    update
        payment_orders 
    set
        card_end_date=?,
        card_start_date=?,
        card_status=?,
        created_at=?,
        order_no=?,
        package_id=?,
        package_name=?,
        payment_method=?,
        payment_time=?,
        price=?,
        remaining_times=?,
        staff_id=?,
        staff_name=?,
        status=?,
        transaction_type=?,
        updated_at=?,
        user_id=? 
    where
        id=?
2026-01-22 12:15:54.689 - 
    select
        u1_0.id,
        u1_0.avatar_url,
        u1_0.created_at,
        u1_0.last_login_time,
        u1_0.member_expire_time,
        u1_0.member_level,
        u1_0.nickname,
        u1_0.openid,
        u1_0.phone,
        u1_0.points,
        u1_0.remaining_visits,
        u1_0.role,
        u1_0.total_visits,
        u1_0.updated_at 
    from
        users u1_0 
    where
        u1_0.id=?
2026-01-22 12:15:54.692 - 
    update
        users 
    set
        avatar_url=?,
        created_at=?,
        last_login_time=?,
        member_expire_time=?,
        member_level=?,
        nickname=?,
        openid=?,
        phone=?,
        points=?,
        remaining_visits=?,
        role=?,
        total_visits=?,
        updated_at=? 
    where
        id=?
2026-01-22 12:15:56.983 - 
    select
        u1_0.id,
        u1_0.avatar_url,
        u1_0.created_at,
        u1_0.last_login_time,
        u1_0.member_expire_time,
        u1_0.member_level,
        u1_0.nickname,
        u1_0.openid,
        u1_0.phone,
        u1_0.points,
        u1_0.remaining_visits,
        u1_0.role,
        u1_0.total_visits,
        u1_0.updated_at 
    from
        users u1_0 
    where
        u1_0.id=?
2026-01-22 12:15:56.983 - 
    select
        po1_0.id,
        po1_0.card_end_date,
        po1_0.card_start_date,
        po1_0.card_status,
        po1_0.created_at,
        po1_0.order_no,
        po1_0.package_id,
        po1_0.package_name,
        po1_0.payment_method,
        po1_0.payment_time,
        po1_0.price,
        po1_0.remaining_times,
        po1_0.staff_id,
        po1_0.staff_name,
        po1_0.status,
        po1_0.transaction_type,
        po1_0.updated_at,
        po1_0.user_id 
    from
        payment_orders po1_0 
    where
        po1_0.user_id=?
2026-01-22 12:15:56.985 - 
    select
        mp1_0.id,
        mp1_0.avg_price_per_time,
        mp1_0.badge,
        mp1_0.category,
        mp1_0.code,
        mp1_0.description,
        mp1_0.features,
        mp1_0.is_active,
        mp1_0.name,
        mp1_0.people,
        mp1_0.price,
        mp1_0.sort_order,
        mp1_0.times_per_person,
        mp1_0.validity_days 
    from
        member_packages mp1_0 
    where
        mp1_0.id=?
2026-01-22 12:15:56.986 - 
    select
        po1_0.id,
        po1_0.card_end_date,
        po1_0.card_start_date,
        po1_0.card_status,
        po1_0.created_at,
        po1_0.order_no,
        po1_0.package_id,
        po1_0.package_name,
        po1_0.payment_method,
        po1_0.payment_time,
        po1_0.price,
        po1_0.remaining_times,
        po1_0.staff_id,
        po1_0.staff_name,
        po1_0.status,
        po1_0.transaction_type,
        po1_0.updated_at,
        po1_0.user_id 
    from
        payment_orders po1_0 
    where
        po1_0.user_id=? 
        and po1_0.status=?
2026-01-22 12:15:56.986 - 
    select
        u1_0.id,
        u1_0.avatar_url,
        u1_0.created_at,
        u1_0.last_login_time,
        u1_0.member_expire_time,
        u1_0.member_level,
        u1_0.nickname,
        u1_0.openid,
        u1_0.phone,
        u1_0.points,
        u1_0.remaining_visits,
        u1_0.role,
        u1_0.total_visits,
        u1_0.updated_at 
    from
        users u1_0 
    where
        u1_0.id=?
2026-01-22 12:15:56.988 - 
    select
        bo1_0.id,
        bo1_0.cabin_name,
        bo1_0.consume_time,
        bo1_0.created_at,
        bo1_0.date,
        bo1_0.order_no,
        bo1_0.original_price,
        bo1_0.payment_method,
        bo1_0.payment_order_id,
        bo1_0.payment_status,
        bo1_0.payment_time,
        bo1_0.price,
        bo1_0.seat_name,
        bo1_0.status,
        bo1_0.time_slot,
        bo1_0.updated_at,
        bo1_0.user_id 
    from
        booking_orders bo1_0 
    where
        bo1_0.user_id=? 
    order by
        bo1_0.created_at desc
2026-01-22 12:15:56.992 - 
    select
        u1_0.id,
        u1_0.avatar_url,
        u1_0.created_at,
        u1_0.last_login_time,
        u1_0.member_expire_time,
        u1_0.member_level,
        u1_0.nickname,
        u1_0.openid,
        u1_0.phone,
        u1_0.points,
        u1_0.remaining_visits,
        u1_0.role,
        u1_0.total_visits,
        u1_0.updated_at 
    from
        users u1_0 
    where
        u1_0.id=?
2026-01-22 12:15:56.992 - 
    select
        po1_0.id,
        po1_0.card_end_date,
        po1_0.card_start_date,
        po1_0.card_status,
        po1_0.created_at,
        po1_0.order_no,
        po1_0.package_id,
        po1_0.package_name,
        po1_0.payment_method,
        po1_0.payment_time,
        po1_0.price,
        po1_0.remaining_times,
        po1_0.staff_id,
        po1_0.staff_name,
        po1_0.status,
        po1_0.transaction_type,
        po1_0.updated_at,
        po1_0.user_id 
    from
        payment_orders po1_0 
    where
        po1_0.user_id=?
2026-01-22 12:15:56.993 - 
    select
        mp1_0.id,
        mp1_0.avg_price_per_time,
        mp1_0.badge,
        mp1_0.category,
        mp1_0.code,
        mp1_0.description,
        mp1_0.features,
        mp1_0.is_active,
        mp1_0.name,
        mp1_0.people,
        mp1_0.price,
        mp1_0.sort_order,
        mp1_0.times_per_person,
        mp1_0.validity_days 
    from
        member_packages mp1_0 
    where
        mp1_0.id=?
2026-01-22 12:15:56.993 - 
    select
        u1_0.id,
        u1_0.avatar_url,
        u1_0.created_at,
        u1_0.last_login_time,
        u1_0.member_expire_time,
        u1_0.member_level,
        u1_0.nickname,
        u1_0.openid,
        u1_0.phone,
        u1_0.points,
        u1_0.remaining_visits,
        u1_0.role,
        u1_0.total_visits,
        u1_0.updated_at 
    from
        users u1_0 
    where
        u1_0.id=?
2026-01-22 12:15:56.994 - 
    select
        po1_0.id,
        po1_0.card_end_date,
        po1_0.card_start_date,
        po1_0.card_status,
        po1_0.created_at,
        po1_0.order_no,
        po1_0.package_id,
        po1_0.package_name,
        po1_0.payment_method,
        po1_0.payment_time,
        po1_0.price,
        po1_0.remaining_times,
        po1_0.staff_id,
        po1_0.staff_name,
        po1_0.status,
        po1_0.transaction_type,
        po1_0.updated_at,
        po1_0.user_id 
    from
        payment_orders po1_0 
    where
        po1_0.user_id=? 
        and po1_0.status=?
2026-01-22 12:15:56.995 - 
    select
        bo1_0.id,
        bo1_0.cabin_name,
        bo1_0.consume_time,
        bo1_0.created_at,
        bo1_0.date,
        bo1_0.order_no,
        bo1_0.original_price,
        bo1_0.payment_method,
        bo1_0.payment_order_id,
        bo1_0.payment_status,
        bo1_0.payment_time,
        bo1_0.price,
        bo1_0.seat_name,
        bo1_0.status,
        bo1_0.time_slot,
        bo1_0.updated_at,
        bo1_0.user_id 
    from
        booking_orders bo1_0 
    where
        bo1_0.user_id=? 
    order by
        bo1_0.created_at desc
2026-01-22 12:15:57.000 - 
    select
        u1_0.id,
        u1_0.avatar_url,
        u1_0.created_at,
        u1_0.last_login_time,
        u1_0.member_expire_time,
        u1_0.member_level,
        u1_0.nickname,
        u1_0.openid,
        u1_0.phone,
        u1_0.points,
        u1_0.remaining_visits,
        u1_0.role,
        u1_0.total_visits,
        u1_0.updated_at 
    from
        users u1_0 
    where
        u1_0.id=?
2026-01-22 12:15:57.002 - 
    select
        po1_0.id,
        po1_0.card_end_date,
        po1_0.card_start_date,
        po1_0.card_status,
        po1_0.created_at,
        po1_0.order_no,
        po1_0.package_id,
        po1_0.package_name,
        po1_0.payment_method,
        po1_0.payment_time,
        po1_0.price,
        po1_0.remaining_times,
        po1_0.staff_id,
        po1_0.staff_name,
        po1_0.status,
        po1_0.transaction_type,
        po1_0.updated_at,
        po1_0.user_id 
    from
        payment_orders po1_0 
    where
        po1_0.user_id=? 
        and po1_0.status=?
2026-01-22 12:15:57.011 - 
    select
        u1_0.id,
        u1_0.avatar_url,
        u1_0.created_at,
        u1_0.last_login_time,
        u1_0.member_expire_time,
        u1_0.member_level,
        u1_0.nickname,
        u1_0.openid,
        u1_0.phone,
        u1_0.points,
        u1_0.remaining_visits,
        u1_0.role,
        u1_0.total_visits,
        u1_0.updated_at 
    from
        users u1_0 
    where
        u1_0.id=?
2026-01-22 12:15:57.014 - 
    select
        po1_0.id,
        po1_0.card_end_date,
        po1_0.card_start_date,
        po1_0.card_status,
        po1_0.created_at,
        po1_0.order_no,
        po1_0.package_id,
        po1_0.package_name,
        po1_0.payment_method,
        po1_0.payment_time,
        po1_0.price,
        po1_0.remaining_times,
        po1_0.staff_id,
        po1_0.staff_name,
        po1_0.status,
        po1_0.transaction_type,
        po1_0.updated_at,
        po1_0.user_id 
    from
        payment_orders po1_0 
    where
        po1_0.user_id=? 
        and po1_0.status=?
2026-01-22 12:18:45.052 - 
    select
        po1_0.id,
        po1_0.card_end_date,
        po1_0.card_start_date,
        po1_0.card_status,
        po1_0.created_at,
        po1_0.order_no,
        po1_0.package_id,
        po1_0.package_name,
        po1_0.payment_method,
        po1_0.payment_time,
        po1_0.price,
        po1_0.remaining_times,
        po1_0.staff_id,
        po1_0.staff_name,
        po1_0.status,
        po1_0.transaction_type,
        po1_0.updated_at,
        po1_0.user_id 
    from
        payment_orders po1_0 
    where
        po1_0.user_id=?
2026-01-22 12:18:45.059 - 
    select
        mp1_0.id,
        mp1_0.avg_price_per_time,
        mp1_0.badge,
        mp1_0.category,
        mp1_0.code,
        mp1_0.description,
        mp1_0.features,
        mp1_0.is_active,
        mp1_0.name,
        mp1_0.people,
        mp1_0.price,
        mp1_0.sort_order,
        mp1_0.times_per_person,
        mp1_0.validity_days 
    from
        member_packages mp1_0 
    where
        mp1_0.id=?
2026-01-22 12:18:45.065 - 
    select
        po1_0.id,
        po1_0.card_end_date,
        po1_0.card_start_date,
        po1_0.card_status,
        po1_0.created_at,
        po1_0.order_no,
        po1_0.package_id,
        po1_0.package_name,
        po1_0.payment_method,
        po1_0.payment_time,
        po1_0.price,
        po1_0.remaining_times,
        po1_0.staff_id,
        po1_0.staff_name,
        po1_0.status,
        po1_0.transaction_type,
        po1_0.updated_at,
        po1_0.user_id 
    from
        payment_orders po1_0 
    where
        po1_0.user_id=?
2026-01-22 12:18:45.070 - 
    select
        mp1_0.id,
        mp1_0.avg_price_per_time,
        mp1_0.badge,
        mp1_0.category,
        mp1_0.code,
        mp1_0.description,
        mp1_0.features,
        mp1_0.is_active,
        mp1_0.name,
        mp1_0.people,
        mp1_0.price,
        mp1_0.sort_order,
        mp1_0.times_per_person,
        mp1_0.validity_days 
    from
        member_packages mp1_0 
    where
        mp1_0.id=?
2026-01-22 12:18:46.594 - 
    select
        u1_0.id,
        u1_0.avatar_url,
        u1_0.created_at,
        u1_0.last_login_time,
        u1_0.member_expire_time,
        u1_0.member_level,
        u1_0.nickname,
        u1_0.openid,
        u1_0.phone,
        u1_0.points,
        u1_0.remaining_visits,
        u1_0.role,
        u1_0.total_visits,
        u1_0.updated_at 
    from
        users u1_0 
    where
        u1_0.id=?
2026-01-22 12:18:46.594 - 
    select
        po1_0.id,
        po1_0.card_end_date,
        po1_0.card_start_date,
        po1_0.card_status,
        po1_0.created_at,
        po1_0.order_no,
        po1_0.package_id,
        po1_0.package_name,
        po1_0.payment_method,
        po1_0.payment_time,
        po1_0.price,
        po1_0.remaining_times,
        po1_0.staff_id,
        po1_0.staff_name,
        po1_0.status,
        po1_0.transaction_type,
        po1_0.updated_at,
        po1_0.user_id 
    from
        payment_orders po1_0 
    where
        po1_0.user_id=?
2026-01-22 12:18:46.596 - 
    select
        mp1_0.id,
        mp1_0.avg_price_per_time,
        mp1_0.badge,
        mp1_0.category,
        mp1_0.code,
        mp1_0.description,
        mp1_0.features,
        mp1_0.is_active,
        mp1_0.name,
        mp1_0.people,
        mp1_0.price,
        mp1_0.sort_order,
        mp1_0.times_per_person,
        mp1_0.validity_days 
    from
        member_packages mp1_0 
    where
        mp1_0.id=?
2026-01-22 12:18:46.596 - 
    select
        u1_0.id,
        u1_0.avatar_url,
        u1_0.created_at,
        u1_0.last_login_time,
        u1_0.member_expire_time,
        u1_0.member_level,
        u1_0.nickname,
        u1_0.openid,
        u1_0.phone,
        u1_0.points,
        u1_0.remaining_visits,
        u1_0.role,
        u1_0.total_visits,
        u1_0.updated_at 
    from
        users u1_0 
    where
        u1_0.id=?
2026-01-22 12:18:46.596 - 
    select
        po1_0.id,
        po1_0.card_end_date,
        po1_0.card_start_date,
        po1_0.card_status,
        po1_0.created_at,
        po1_0.order_no,
        po1_0.package_id,
        po1_0.package_name,
        po1_0.payment_method,
        po1_0.payment_time,
        po1_0.price,
        po1_0.remaining_times,
        po1_0.staff_id,
        po1_0.staff_name,
        po1_0.status,
        po1_0.transaction_type,
        po1_0.updated_at,
        po1_0.user_id 
    from
        payment_orders po1_0 
    where
        po1_0.user_id=? 
        and po1_0.status=?
2026-01-22 12:18:46.598 - 
    select
        bo1_0.id,
        bo1_0.cabin_name,
        bo1_0.consume_time,
        bo1_0.created_at,
        bo1_0.date,
        bo1_0.order_no,
        bo1_0.original_price,
        bo1_0.payment_method,
        bo1_0.payment_order_id,
        bo1_0.payment_status,
        bo1_0.payment_time,
        bo1_0.price,
        bo1_0.seat_name,
        bo1_0.status,
        bo1_0.time_slot,
        bo1_0.updated_at,
        bo1_0.user_id 
    from
        booking_orders bo1_0 
    where
        bo1_0.user_id=? 
    order by
        bo1_0.created_at desc
2026-01-22 12:18:46.606 - 
    select
        po1_0.id,
        po1_0.card_end_date,
        po1_0.card_start_date,
        po1_0.card_status,
        po1_0.created_at,
        po1_0.order_no,
        po1_0.package_id,
        po1_0.package_name,
        po1_0.payment_method,
        po1_0.payment_time,
        po1_0.price,
        po1_0.remaining_times,
        po1_0.staff_id,
        po1_0.staff_name,
        po1_0.status,
        po1_0.transaction_type,
        po1_0.updated_at,
        po1_0.user_id 
    from
        payment_orders po1_0 
    where
        po1_0.user_id=?
2026-01-22 12:18:46.606 - 
    select
        u1_0.id,
        u1_0.avatar_url,
        u1_0.created_at,
        u1_0.last_login_time,
        u1_0.member_expire_time,
        u1_0.member_level,
        u1_0.nickname,
        u1_0.openid,
        u1_0.phone,
        u1_0.points,
        u1_0.remaining_visits,
        u1_0.role,
        u1_0.total_visits,
        u1_0.updated_at 
    from
        users u1_0 
    where
        u1_0.id=?
2026-01-22 12:18:46.606 - 
    select
        u1_0.id,
        u1_0.avatar_url,
        u1_0.created_at,
        u1_0.last_login_time,
        u1_0.member_expire_time,
        u1_0.member_level,
        u1_0.nickname,
        u1_0.openid,
        u1_0.phone,
        u1_0.points,
        u1_0.remaining_visits,
        u1_0.role,
        u1_0.total_visits,
        u1_0.updated_at 
    from
        users u1_0 
    where
        u1_0.id=?
2026-01-22 12:18:46.608 - 
    select
        mp1_0.id,
        mp1_0.avg_price_per_time,
        mp1_0.badge,
        mp1_0.category,
        mp1_0.code,
        mp1_0.description,
        mp1_0.features,
        mp1_0.is_active,
        mp1_0.name,
        mp1_0.people,
        mp1_0.price,
        mp1_0.sort_order,
        mp1_0.times_per_person,
        mp1_0.validity_days 
    from
        member_packages mp1_0 
    where
        mp1_0.id=?
2026-01-22 12:18:46.608 - 
    select
        bo1_0.id,
        bo1_0.cabin_name,
        bo1_0.consume_time,
        bo1_0.created_at,
        bo1_0.date,
        bo1_0.order_no,
        bo1_0.original_price,
        bo1_0.payment_method,
        bo1_0.payment_order_id,
        bo1_0.payment_status,
        bo1_0.payment_time,
        bo1_0.price,
        bo1_0.seat_name,
        bo1_0.status,
        bo1_0.time_slot,
        bo1_0.updated_at,
        bo1_0.user_id 
    from
        booking_orders bo1_0 
    where
        bo1_0.user_id=? 
    order by
        bo1_0.created_at desc
2026-01-22 12:18:46.608 - 
    select
        po1_0.id,
        po1_0.card_end_date,
        po1_0.card_start_date,
        po1_0.card_status,
        po1_0.created_at,
        po1_0.order_no,
        po1_0.package_id,
        po1_0.package_name,
        po1_0.payment_method,
        po1_0.payment_time,
        po1_0.price,
        po1_0.remaining_times,
        po1_0.staff_id,
        po1_0.staff_name,
        po1_0.status,
        po1_0.transaction_type,
        po1_0.updated_at,
        po1_0.user_id 
    from
        payment_orders po1_0 
    where
        po1_0.user_id=? 
        and po1_0.status=?
2026-01-22 12:18:46.617 - 
    select
        u1_0.id,
        u1_0.avatar_url,
        u1_0.created_at,
        u1_0.last_login_time,
        u1_0.member_expire_time,
        u1_0.member_level,
        u1_0.nickname,
        u1_0.openid,
        u1_0.phone,
        u1_0.points,
        u1_0.remaining_visits,
        u1_0.role,
        u1_0.total_visits,
        u1_0.updated_at 
    from
        users u1_0 
    where
        u1_0.id=?
2026-01-22 12:18:46.620 - 
    select
        po1_0.id,
        po1_0.card_end_date,
        po1_0.card_start_date,
        po1_0.card_status,
        po1_0.created_at,
        po1_0.order_no,
        po1_0.package_id,
        po1_0.package_name,
        po1_0.payment_method,
        po1_0.payment_time,
        po1_0.price,
        po1_0.remaining_times,
        po1_0.staff_id,
        po1_0.staff_name,
        po1_0.status,
        po1_0.transaction_type,
        po1_0.updated_at,
        po1_0.user_id 
    from
        payment_orders po1_0 
    where
        po1_0.user_id=? 
        and po1_0.status=?
2026-01-22 12:18:46.630 - 
    select
        u1_0.id,
        u1_0.avatar_url,
        u1_0.created_at,
        u1_0.last_login_time,
        u1_0.member_expire_time,
        u1_0.member_level,
        u1_0.nickname,
        u1_0.openid,
        u1_0.phone,
        u1_0.points,
        u1_0.remaining_visits,
        u1_0.role,
        u1_0.total_visits,
        u1_0.updated_at 
    from
        users u1_0 
    where
        u1_0.id=?
2026-01-22 12:18:46.632 - 
    select
        po1_0.id,
        po1_0.card_end_date,
        po1_0.card_start_date,
        po1_0.card_status,
        po1_0.created_at,
        po1_0.order_no,
        po1_0.package_id,
        po1_0.package_name,
        po1_0.payment_method,
        po1_0.payment_time,
        po1_0.price,
        po1_0.remaining_times,
        po1_0.staff_id,
        po1_0.staff_name,
        po1_0.status,
        po1_0.transaction_type,
        po1_0.updated_at,
        po1_0.user_id 
    from
        payment_orders po1_0 
    where
        po1_0.user_id=? 
        and po1_0.status=?
2026-01-22 12:18:48.879 - 
    select
        po1_0.id,
        po1_0.card_end_date,
        po1_0.card_start_date,
        po1_0.card_status,
        po1_0.created_at,
        po1_0.order_no,
        po1_0.package_id,
        po1_0.package_name,
        po1_0.payment_method,
        po1_0.payment_time,
        po1_0.price,
        po1_0.remaining_times,
        po1_0.staff_id,
        po1_0.staff_name,
        po1_0.status,
        po1_0.transaction_type,
        po1_0.updated_at,
        po1_0.user_id 
    from
        payment_orders po1_0 
    where
        po1_0.user_id=?
2026-01-22 12:18:48.881 - 
    select
        mp1_0.id,
        mp1_0.avg_price_per_time,
        mp1_0.badge,
        mp1_0.category,
        mp1_0.code,
        mp1_0.description,
        mp1_0.features,
        mp1_0.is_active,
        mp1_0.name,
        mp1_0.people,
        mp1_0.price,
        mp1_0.sort_order,
        mp1_0.times_per_person,
        mp1_0.validity_days 
    from
        member_packages mp1_0 
    where
        mp1_0.id=?
2026-01-22 12:18:48.886 - 
    select
        po1_0.id,
        po1_0.card_end_date,
        po1_0.card_start_date,
        po1_0.card_status,
        po1_0.created_at,
        po1_0.order_no,
        po1_0.package_id,
        po1_0.package_name,
        po1_0.payment_method,
        po1_0.payment_time,
        po1_0.price,
        po1_0.remaining_times,
        po1_0.staff_id,
        po1_0.staff_name,
        po1_0.status,
        po1_0.transaction_type,
        po1_0.updated_at,
        po1_0.user_id 
    from
        payment_orders po1_0 
    where
        po1_0.user_id=?
2026-01-22 12:18:48.888 - 
    select
        mp1_0.id,
        mp1_0.avg_price_per_time,
        mp1_0.badge,
        mp1_0.category,
        mp1_0.code,
        mp1_0.description,
        mp1_0.features,
        mp1_0.is_active,
        mp1_0.name,
        mp1_0.people,
        mp1_0.price,
        mp1_0.sort_order,
        mp1_0.times_per_person,
        mp1_0.validity_days 
    from
        member_packages mp1_0 
    where
        mp1_0.id=?
2026-01-22 12:18:50.281 - 
    select
        bo1_0.id,
        bo1_0.cabin_name,
        bo1_0.consume_time,
        bo1_0.created_at,
        bo1_0.date,
        bo1_0.order_no,
        bo1_0.original_price,
        bo1_0.payment_method,
        bo1_0.payment_order_id,
        bo1_0.payment_status,
        bo1_0.payment_time,
        bo1_0.price,
        bo1_0.seat_name,
        bo1_0.status,
        bo1_0.time_slot,
        bo1_0.updated_at,
        bo1_0.user_id 
    from
        booking_orders bo1_0 
    where
        bo1_0.date=? 
        and bo1_0.time_slot=?
2026-01-22 12:18:51.428 - 
    select
        po1_0.id,
        po1_0.card_end_date,
        po1_0.card_start_date,
        po1_0.card_status,
        po1_0.created_at,
        po1_0.order_no,
        po1_0.package_id,
        po1_0.package_name,
        po1_0.payment_method,
        po1_0.payment_time,
        po1_0.price,
        po1_0.remaining_times,
        po1_0.staff_id,
        po1_0.staff_name,
        po1_0.status,
        po1_0.transaction_type,
        po1_0.updated_at,
        po1_0.user_id 
    from
        payment_orders po1_0 
    where
        po1_0.user_id=?
2026-01-22 12:18:51.432 - 
    select
        mp1_0.id,
        mp1_0.avg_price_per_time,
        mp1_0.badge,
        mp1_0.category,
        mp1_0.code,
        mp1_0.description,
        mp1_0.features,
        mp1_0.is_active,
        mp1_0.name,
        mp1_0.people,
        mp1_0.price,
        mp1_0.sort_order,
        mp1_0.times_per_person,
        mp1_0.validity_days 
    from
        member_packages mp1_0 
    where
        mp1_0.id=?
2026-01-22 12:18:51.453 - 
    select
        u1_0.id,
        u1_0.avatar_url,
        u1_0.created_at,
        u1_0.last_login_time,
        u1_0.member_expire_time,
        u1_0.member_level,
        u1_0.nickname,
        u1_0.openid,
        u1_0.phone,
        u1_0.points,
        u1_0.remaining_visits,
        u1_0.role,
        u1_0.total_visits,
        u1_0.updated_at 
    from
        users u1_0 
    where
        u1_0.id=?
2026-01-22 12:18:51.456 - 
    select
        bo1_0.id,
        bo1_0.cabin_name,
        bo1_0.consume_time,
        bo1_0.created_at,
        bo1_0.date,
        bo1_0.order_no,
        bo1_0.original_price,
        bo1_0.payment_method,
        bo1_0.payment_order_id,
        bo1_0.payment_status,
        bo1_0.payment_time,
        bo1_0.price,
        bo1_0.seat_name,
        bo1_0.status,
        bo1_0.time_slot,
        bo1_0.updated_at,
        bo1_0.user_id 
    from
        booking_orders bo1_0 
    where
        bo1_0.user_id=? 
        and bo1_0.date=? 
        and bo1_0.status!=?
2026-01-22 12:18:52.121 - 
    select
        u1_0.id,
        u1_0.avatar_url,
        u1_0.created_at,
        u1_0.last_login_time,
        u1_0.member_expire_time,
        u1_0.member_level,
        u1_0.nickname,
        u1_0.openid,
        u1_0.phone,
        u1_0.points,
        u1_0.remaining_visits,
        u1_0.role,
        u1_0.total_visits,
        u1_0.updated_at 
    from
        users u1_0 
    where
        u1_0.id=?
2026-01-22 12:18:52.125 - 
    select
        bo1_0.id,
        bo1_0.cabin_name,
        bo1_0.consume_time,
        bo1_0.created_at,
        bo1_0.date,
        bo1_0.order_no,
        bo1_0.original_price,
        bo1_0.payment_method,
        bo1_0.payment_order_id,
        bo1_0.payment_status,
        bo1_0.payment_time,
        bo1_0.price,
        bo1_0.seat_name,
        bo1_0.status,
        bo1_0.time_slot,
        bo1_0.updated_at,
        bo1_0.user_id 
    from
        booking_orders bo1_0 
    where
        bo1_0.user_id=? 
        and bo1_0.date=? 
        and bo1_0.status!=?
2026-01-22 12:18:52.127 - 
    select
        bo1_0.id,
        bo1_0.cabin_name,
        bo1_0.consume_time,
        bo1_0.created_at,
        bo1_0.date,
        bo1_0.order_no,
        bo1_0.original_price,
        bo1_0.payment_method,
        bo1_0.payment_order_id,
        bo1_0.payment_status,
        bo1_0.payment_time,
        bo1_0.price,
        bo1_0.seat_name,
        bo1_0.status,
        bo1_0.time_slot,
        bo1_0.updated_at,
        bo1_0.user_id 
    from
        booking_orders bo1_0 
    where
        bo1_0.date=? 
        and bo1_0.time_slot=? 
        and bo1_0.cabin_name=? 
        and bo1_0.seat_name=?
2026-01-22 12:18:52.131 - 
    select
        po1_0.id,
        po1_0.card_end_date,
        po1_0.card_start_date,
        po1_0.card_status,
        po1_0.created_at,
        po1_0.order_no,
        po1_0.package_id,
        po1_0.package_name,
        po1_0.payment_method,
        po1_0.payment_time,
        po1_0.price,
        po1_0.remaining_times,
        po1_0.staff_id,
        po1_0.staff_name,
        po1_0.status,
        po1_0.transaction_type,
        po1_0.updated_at,
        po1_0.user_id 
    from
        payment_orders po1_0 
    where
        po1_0.user_id=?
2026-01-22 12:18:52.133 - 
    select
        mp1_0.id,
        mp1_0.avg_price_per_time,
        mp1_0.badge,
        mp1_0.category,
        mp1_0.code,
        mp1_0.description,
        mp1_0.features,
        mp1_0.is_active,
        mp1_0.name,
        mp1_0.people,
        mp1_0.price,
        mp1_0.sort_order,
        mp1_0.times_per_person,
        mp1_0.validity_days 
    from
        member_packages mp1_0 
    where
        mp1_0.id=?
2026-01-22 12:18:52.139 - 
    insert 
    into
        booking_orders
        (cabin_name, consume_time, created_at, date, order_no, original_price, payment_method, payment_order_id, payment_status, payment_time, price, seat_name, status, time_slot, updated_at, user_id) 
    values
        (?, ?, ?, ?, ?, ?, ?, ?, ?, ?, ?, ?, ?, ?, ?, ?)
2026-01-22 12:18:53.467 - 
    select
        u1_0.id,
        u1_0.avatar_url,
        u1_0.created_at,
        u1_0.last_login_time,
        u1_0.member_expire_time,
        u1_0.member_level,
        u1_0.nickname,
        u1_0.openid,
        u1_0.phone,
        u1_0.points,
        u1_0.remaining_visits,
        u1_0.role,
        u1_0.total_visits,
        u1_0.updated_at 
    from
        users u1_0 
    where
        u1_0.id=?
2026-01-22 12:18:53.467 - 
    select
        po1_0.id,
        po1_0.card_end_date,
        po1_0.card_start_date,
        po1_0.card_status,
        po1_0.created_at,
        po1_0.order_no,
        po1_0.package_id,
        po1_0.package_name,
        po1_0.payment_method,
        po1_0.payment_time,
        po1_0.price,
        po1_0.remaining_times,
        po1_0.staff_id,
        po1_0.staff_name,
        po1_0.status,
        po1_0.transaction_type,
        po1_0.updated_at,
        po1_0.user_id 
    from
        payment_orders po1_0 
    where
        po1_0.user_id=?
2026-01-22 12:18:53.469 - 
    select
        mp1_0.id,
        mp1_0.avg_price_per_time,
        mp1_0.badge,
        mp1_0.category,
        mp1_0.code,
        mp1_0.description,
        mp1_0.features,
        mp1_0.is_active,
        mp1_0.name,
        mp1_0.people,
        mp1_0.price,
        mp1_0.sort_order,
        mp1_0.times_per_person,
        mp1_0.validity_days 
    from
        member_packages mp1_0 
    where
        mp1_0.id=?
2026-01-22 12:18:53.469 - 
    select
        u1_0.id,
        u1_0.avatar_url,
        u1_0.created_at,
        u1_0.last_login_time,
        u1_0.member_expire_time,
        u1_0.member_level,
        u1_0.nickname,
        u1_0.openid,
        u1_0.phone,
        u1_0.points,
        u1_0.remaining_visits,
        u1_0.role,
        u1_0.total_visits,
        u1_0.updated_at 
    from
        users u1_0 
    where
        u1_0.id=?
2026-01-22 12:18:53.470 - 
    select
        po1_0.id,
        po1_0.card_end_date,
        po1_0.card_start_date,
        po1_0.card_status,
        po1_0.created_at,
        po1_0.order_no,
        po1_0.package_id,
        po1_0.package_name,
        po1_0.payment_method,
        po1_0.payment_time,
        po1_0.price,
        po1_0.remaining_times,
        po1_0.staff_id,
        po1_0.staff_name,
        po1_0.status,
        po1_0.transaction_type,
        po1_0.updated_at,
        po1_0.user_id 
    from
        payment_orders po1_0 
    where
        po1_0.user_id=? 
        and po1_0.status=?
2026-01-22 12:18:53.472 - 
    select
        bo1_0.id,
        bo1_0.cabin_name,
        bo1_0.consume_time,
        bo1_0.created_at,
        bo1_0.date,
        bo1_0.order_no,
        bo1_0.original_price,
        bo1_0.payment_method,
        bo1_0.payment_order_id,
        bo1_0.payment_status,
        bo1_0.payment_time,
        bo1_0.price,
        bo1_0.seat_name,
        bo1_0.status,
        bo1_0.time_slot,
        bo1_0.updated_at,
        bo1_0.user_id 
    from
        booking_orders bo1_0 
    where
        bo1_0.user_id=? 
    order by
        bo1_0.created_at desc
2026-01-22 12:18:53.476 - 
    select
        u1_0.id,
        u1_0.avatar_url,
        u1_0.created_at,
        u1_0.last_login_time,
        u1_0.member_expire_time,
        u1_0.member_level,
        u1_0.nickname,
        u1_0.openid,
        u1_0.phone,
        u1_0.points,
        u1_0.remaining_visits,
        u1_0.role,
        u1_0.total_visits,
        u1_0.updated_at 
    from
        users u1_0 
    where
        u1_0.id=?
2026-01-22 12:18:53.477 - 
    select
        u1_0.id,
        u1_0.avatar_url,
        u1_0.created_at,
        u1_0.last_login_time,
        u1_0.member_expire_time,
        u1_0.member_level,
        u1_0.nickname,
        u1_0.openid,
        u1_0.phone,
        u1_0.points,
        u1_0.remaining_visits,
        u1_0.role,
        u1_0.total_visits,
        u1_0.updated_at 
    from
        users u1_0 
    where
        u1_0.id=?
2026-01-22 12:18:53.478 - 
    select
        po1_0.id,
        po1_0.card_end_date,
        po1_0.card_start_date,
        po1_0.card_status,
        po1_0.created_at,
        po1_0.order_no,
        po1_0.package_id,
        po1_0.package_name,
        po1_0.payment_method,
        po1_0.payment_time,
        po1_0.price,
        po1_0.remaining_times,
        po1_0.staff_id,
        po1_0.staff_name,
        po1_0.status,
        po1_0.transaction_type,
        po1_0.updated_at,
        po1_0.user_id 
    from
        payment_orders po1_0 
    where
        po1_0.user_id=?
2026-01-22 12:18:53.479 - 
    select
        po1_0.id,
        po1_0.card_end_date,
        po1_0.card_start_date,
        po1_0.card_status,
        po1_0.created_at,
        po1_0.order_no,
        po1_0.package_id,
        po1_0.package_name,
        po1_0.payment_method,
        po1_0.payment_time,
        po1_0.price,
        po1_0.remaining_times,
        po1_0.staff_id,
        po1_0.staff_name,
        po1_0.status,
        po1_0.transaction_type,
        po1_0.updated_at,
        po1_0.user_id 
    from
        payment_orders po1_0 
    where
        po1_0.user_id=? 
        and po1_0.status=?
2026-01-22 12:18:53.479 - 
    select
        mp1_0.id,
        mp1_0.avg_price_per_time,
        mp1_0.badge,
        mp1_0.category,
        mp1_0.code,
        mp1_0.description,
        mp1_0.features,
        mp1_0.is_active,
        mp1_0.name,
        mp1_0.people,
        mp1_0.price,
        mp1_0.sort_order,
        mp1_0.times_per_person,
        mp1_0.validity_days 
    from
        member_packages mp1_0 
    where
        mp1_0.id=?
2026-01-22 12:18:53.479 - 
    select
        bo1_0.id,
        bo1_0.cabin_name,
        bo1_0.consume_time,
        bo1_0.created_at,
        bo1_0.date,
        bo1_0.order_no,
        bo1_0.original_price,
        bo1_0.payment_method,
        bo1_0.payment_order_id,
        bo1_0.payment_status,
        bo1_0.payment_time,
        bo1_0.price,
        bo1_0.seat_name,
        bo1_0.status,
        bo1_0.time_slot,
        bo1_0.updated_at,
        bo1_0.user_id 
    from
        booking_orders bo1_0 
    where
        bo1_0.user_id=? 
    order by
        bo1_0.created_at desc
2026-01-22 12:18:53.487 - 
    select
        u1_0.id,
        u1_0.avatar_url,
        u1_0.created_at,
        u1_0.last_login_time,
        u1_0.member_expire_time,
        u1_0.member_level,
        u1_0.nickname,
        u1_0.openid,
        u1_0.phone,
        u1_0.points,
        u1_0.remaining_visits,
        u1_0.role,
        u1_0.total_visits,
        u1_0.updated_at 
    from
        users u1_0 
    where
        u1_0.id=?
2026-01-22 12:18:53.490 - 
    select
        po1_0.id,
        po1_0.card_end_date,
        po1_0.card_start_date,
        po1_0.card_status,
        po1_0.created_at,
        po1_0.order_no,
        po1_0.package_id,
        po1_0.package_name,
        po1_0.payment_method,
        po1_0.payment_time,
        po1_0.price,
        po1_0.remaining_times,
        po1_0.staff_id,
        po1_0.staff_name,
        po1_0.status,
        po1_0.transaction_type,
        po1_0.updated_at,
        po1_0.user_id 
    from
        payment_orders po1_0 
    where
        po1_0.user_id=? 
        and po1_0.status=?
2026-01-22 12:18:53.499 - 
    select
        u1_0.id,
        u1_0.avatar_url,
        u1_0.created_at,
        u1_0.last_login_time,
        u1_0.member_expire_time,
        u1_0.member_level,
        u1_0.nickname,
        u1_0.openid,
        u1_0.phone,
        u1_0.points,
        u1_0.remaining_visits,
        u1_0.role,
        u1_0.total_visits,
        u1_0.updated_at 
    from
        users u1_0 
    where
        u1_0.id=?
2026-01-22 12:18:53.501 - 
    select
        po1_0.id,
        po1_0.card_end_date,
        po1_0.card_start_date,
        po1_0.card_status,
        po1_0.created_at,
        po1_0.order_no,
        po1_0.package_id,
        po1_0.package_name,
        po1_0.payment_method,
        po1_0.payment_time,
        po1_0.price,
        po1_0.remaining_times,
        po1_0.staff_id,
        po1_0.staff_name,
        po1_0.status,
        po1_0.transaction_type,
        po1_0.updated_at,
        po1_0.user_id 
    from
        payment_orders po1_0 
    where
        po1_0.user_id=? 
        and po1_0.status=?
2026-01-22 12:18:53.892 - 
    select
        u1_0.id,
        u1_0.avatar_url,
        u1_0.created_at,
        u1_0.last_login_time,
        u1_0.member_expire_time,
        u1_0.member_level,
        u1_0.nickname,
        u1_0.openid,
        u1_0.phone,
        u1_0.points,
        u1_0.remaining_visits,
        u1_0.role,
        u1_0.total_visits,
        u1_0.updated_at 
    from
        users u1_0 
    where
        u1_0.id=?
2026-01-22 12:18:53.893 - 
    select
        po1_0.id,
        po1_0.card_end_date,
        po1_0.card_start_date,
        po1_0.card_status,
        po1_0.created_at,
        po1_0.order_no,
        po1_0.package_id,
        po1_0.package_name,
        po1_0.payment_method,
        po1_0.payment_time,
        po1_0.price,
        po1_0.remaining_times,
        po1_0.staff_id,
        po1_0.staff_name,
        po1_0.status,
        po1_0.transaction_type,
        po1_0.updated_at,
        po1_0.user_id 
    from
        payment_orders po1_0 
    where
        po1_0.user_id=?
2026-01-22 12:18:53.894 - 
    select
        mp1_0.id,
        mp1_0.avg_price_per_time,
        mp1_0.badge,
        mp1_0.category,
        mp1_0.code,
        mp1_0.description,
        mp1_0.features,
        mp1_0.is_active,
        mp1_0.name,
        mp1_0.people,
        mp1_0.price,
        mp1_0.sort_order,
        mp1_0.times_per_person,
        mp1_0.validity_days 
    from
        member_packages mp1_0 
    where
        mp1_0.id=?
2026-01-22 12:18:53.894 - 
    select
        po1_0.id,
        po1_0.card_end_date,
        po1_0.card_start_date,
        po1_0.card_status,
        po1_0.created_at,
        po1_0.order_no,
        po1_0.package_id,
        po1_0.package_name,
        po1_0.payment_method,
        po1_0.payment_time,
        po1_0.price,
        po1_0.remaining_times,
        po1_0.staff_id,
        po1_0.staff_name,
        po1_0.status,
        po1_0.transaction_type,
        po1_0.updated_at,
        po1_0.user_id 
    from
        payment_orders po1_0 
    where
        po1_0.user_id=? 
        and po1_0.status=?
2026-01-22 12:18:53.895 - 
    select
        u1_0.id,
        u1_0.avatar_url,
        u1_0.created_at,
        u1_0.last_login_time,
        u1_0.member_expire_time,
        u1_0.member_level,
        u1_0.nickname,
        u1_0.openid,
        u1_0.phone,
        u1_0.points,
        u1_0.remaining_visits,
        u1_0.role,
        u1_0.total_visits,
        u1_0.updated_at 
    from
        users u1_0 
    where
        u1_0.id=?
2026-01-22 12:18:53.896 - 
    select
        bo1_0.id,
        bo1_0.cabin_name,
        bo1_0.consume_time,
        bo1_0.created_at,
        bo1_0.date,
        bo1_0.order_no,
        bo1_0.original_price,
        bo1_0.payment_method,
        bo1_0.payment_order_id,
        bo1_0.payment_status,
        bo1_0.payment_time,
        bo1_0.price,
        bo1_0.seat_name,
        bo1_0.status,
        bo1_0.time_slot,
        bo1_0.updated_at,
        bo1_0.user_id 
    from
        booking_orders bo1_0 
    where
        bo1_0.user_id=? 
    order by
        bo1_0.created_at desc
2026-01-22 12:18:53.899 - 
    select
        u1_0.id,
        u1_0.avatar_url,
        u1_0.created_at,
        u1_0.last_login_time,
        u1_0.member_expire_time,
        u1_0.member_level,
        u1_0.nickname,
        u1_0.openid,
        u1_0.phone,
        u1_0.points,
        u1_0.remaining_visits,
        u1_0.role,
        u1_0.total_visits,
        u1_0.updated_at 
    from
        users u1_0 
    where
        u1_0.id=?
2026-01-22 12:18:53.901 - 
    select
        po1_0.id,
        po1_0.card_end_date,
        po1_0.card_start_date,
        po1_0.card_status,
        po1_0.created_at,
        po1_0.order_no,
        po1_0.package_id,
        po1_0.package_name,
        po1_0.payment_method,
        po1_0.payment_time,
        po1_0.price,
        po1_0.remaining_times,
        po1_0.staff_id,
        po1_0.staff_name,
        po1_0.status,
        po1_0.transaction_type,
        po1_0.updated_at,
        po1_0.user_id 
    from
        payment_orders po1_0 
    where
        po1_0.user_id=? 
        and po1_0.status=?
2026-01-22 12:18:53.902 - 
    select
        po1_0.id,
        po1_0.card_end_date,
        po1_0.card_start_date,
        po1_0.card_status,
        po1_0.created_at,
        po1_0.order_no,
        po1_0.package_id,
        po1_0.package_name,
        po1_0.payment_method,
        po1_0.payment_time,
        po1_0.price,
        po1_0.remaining_times,
        po1_0.staff_id,
        po1_0.staff_name,
        po1_0.status,
        po1_0.transaction_type,
        po1_0.updated_at,
        po1_0.user_id 
    from
        payment_orders po1_0 
    where
        po1_0.user_id=?
2026-01-22 12:18:53.903 - 
    select
        mp1_0.id,
        mp1_0.avg_price_per_time,
        mp1_0.badge,
        mp1_0.category,
        mp1_0.code,
        mp1_0.description,
        mp1_0.features,
        mp1_0.is_active,
        mp1_0.name,
        mp1_0.people,
        mp1_0.price,
        mp1_0.sort_order,
        mp1_0.times_per_person,
        mp1_0.validity_days 
    from
        member_packages mp1_0 
    where
        mp1_0.id=?
2026-01-22 12:18:53.904 - 
    select
        u1_0.id,
        u1_0.avatar_url,
        u1_0.created_at,
        u1_0.last_login_time,
        u1_0.member_expire_time,
        u1_0.member_level,
        u1_0.nickname,
        u1_0.openid,
        u1_0.phone,
        u1_0.points,
        u1_0.remaining_visits,
        u1_0.role,
        u1_0.total_visits,
        u1_0.updated_at 
    from
        users u1_0 
    where
        u1_0.id=?
2026-01-22 12:18:53.905 - 
    select
        bo1_0.id,
        bo1_0.cabin_name,
        bo1_0.consume_time,
        bo1_0.created_at,
        bo1_0.date,
        bo1_0.order_no,
        bo1_0.original_price,
        bo1_0.payment_method,
        bo1_0.payment_order_id,
        bo1_0.payment_status,
        bo1_0.payment_time,
        bo1_0.price,
        bo1_0.seat_name,
        bo1_0.status,
        bo1_0.time_slot,
        bo1_0.updated_at,
        bo1_0.user_id 
    from
        booking_orders bo1_0 
    where
        bo1_0.user_id=? 
    order by
        bo1_0.created_at desc
2026-01-22 12:18:53.927 - 
    select
        u1_0.id,
        u1_0.avatar_url,
        u1_0.created_at,
        u1_0.last_login_time,
        u1_0.member_expire_time,
        u1_0.member_level,
        u1_0.nickname,
        u1_0.openid,
        u1_0.phone,
        u1_0.points,
        u1_0.remaining_visits,
        u1_0.role,
        u1_0.total_visits,
        u1_0.updated_at 
    from
        users u1_0 
    where
        u1_0.id=?
2026-01-22 12:18:53.930 - 
    select
        po1_0.id,
        po1_0.card_end_date,
        po1_0.card_start_date,
        po1_0.card_status,
        po1_0.created_at,
        po1_0.order_no,
        po1_0.package_id,
        po1_0.package_name,
        po1_0.payment_method,
        po1_0.payment_time,
        po1_0.price,
        po1_0.remaining_times,
        po1_0.staff_id,
        po1_0.staff_name,
        po1_0.status,
        po1_0.transaction_type,
        po1_0.updated_at,
        po1_0.user_id 
    from
        payment_orders po1_0 
    where
        po1_0.user_id=? 
        and po1_0.status=?
2026-01-22 12:18:53.952 - 
    select
        u1_0.id,
        u1_0.avatar_url,
        u1_0.created_at,
        u1_0.last_login_time,
        u1_0.member_expire_time,
        u1_0.member_level,
        u1_0.nickname,
        u1_0.openid,
        u1_0.phone,
        u1_0.points,
        u1_0.remaining_visits,
        u1_0.role,
        u1_0.total_visits,
        u1_0.updated_at 
    from
        users u1_0 
    where
        u1_0.id=?
2026-01-22 12:18:53.955 - 
    select
        po1_0.id,
        po1_0.card_end_date,
        po1_0.card_start_date,
        po1_0.card_status,
        po1_0.created_at,
        po1_0.order_no,
        po1_0.package_id,
        po1_0.package_name,
        po1_0.payment_method,
        po1_0.payment_time,
        po1_0.price,
        po1_0.remaining_times,
        po1_0.staff_id,
        po1_0.staff_name,
        po1_0.status,
        po1_0.transaction_type,
        po1_0.updated_at,
        po1_0.user_id 
    from
        payment_orders po1_0 
    where
        po1_0.user_id=? 
        and po1_0.status=?
2026-01-22 12:20:00.033 - 
    select
        bo1_0.id,
        bo1_0.cabin_name,
        bo1_0.consume_time,
        bo1_0.created_at,
        bo1_0.date,
        bo1_0.order_no,
        bo1_0.original_price,
        bo1_0.payment_method,
        bo1_0.payment_order_id,
        bo1_0.payment_status,
        bo1_0.payment_time,
        bo1_0.price,
        bo1_0.seat_name,
        bo1_0.status,
        bo1_0.time_slot,
        bo1_0.updated_at,
        bo1_0.user_id 
    from
        booking_orders bo1_0 
    where
        bo1_0.status=?
2026-01-22 12:22:15.563 - 
    select
        mp1_0.id,
        mp1_0.avg_price_per_time,
        mp1_0.badge,
        mp1_0.category,
        mp1_0.code,
        mp1_0.description,
        mp1_0.features,
        mp1_0.is_active,
        mp1_0.name,
        mp1_0.people,
        mp1_0.price,
        mp1_0.sort_order,
        mp1_0.times_per_person,
        mp1_0.validity_days 
    from
        member_packages mp1_0 
    where
        mp1_0.code=?
2026-01-22 12:22:15.569 - 
    select
        mp1_0.id,
        mp1_0.avg_price_per_time,
        mp1_0.badge,
        mp1_0.category,
        mp1_0.code,
        mp1_0.description,
        mp1_0.features,
        mp1_0.is_active,
        mp1_0.name,
        mp1_0.people,
        mp1_0.price,
        mp1_0.sort_order,
        mp1_0.times_per_person,
        mp1_0.validity_days 
    from
        member_packages mp1_0 
    where
        mp1_0.code=?
2026-01-22 12:22:15.570 - 
    select
        mp1_0.id,
        mp1_0.avg_price_per_time,
        mp1_0.badge,
        mp1_0.category,
        mp1_0.code,
        mp1_0.description,
        mp1_0.features,
        mp1_0.is_active,
        mp1_0.name,
        mp1_0.people,
        mp1_0.price,
        mp1_0.sort_order,
        mp1_0.times_per_person,
        mp1_0.validity_days 
    from
        member_packages mp1_0 
    where
        mp1_0.code=?
2026-01-22 12:22:15.571 - 
    select
        mp1_0.id,
        mp1_0.avg_price_per_time,
        mp1_0.badge,
        mp1_0.category,
        mp1_0.code,
        mp1_0.description,
        mp1_0.features,
        mp1_0.is_active,
        mp1_0.name,
        mp1_0.people,
        mp1_0.price,
        mp1_0.sort_order,
        mp1_0.times_per_person,
        mp1_0.validity_days 
    from
        member_packages mp1_0 
    where
        mp1_0.code=?
2026-01-22 12:22:15.572 - 
    select
        mp1_0.id,
        mp1_0.avg_price_per_time,
        mp1_0.badge,
        mp1_0.category,
        mp1_0.code,
        mp1_0.description,
        mp1_0.features,
        mp1_0.is_active,
        mp1_0.name,
        mp1_0.people,
        mp1_0.price,
        mp1_0.sort_order,
        mp1_0.times_per_person,
        mp1_0.validity_days 
    from
        member_packages mp1_0 
    where
        mp1_0.code=?
2026-01-22 12:22:15.573 - 
    select
        mp1_0.id,
        mp1_0.avg_price_per_time,
        mp1_0.badge,
        mp1_0.category,
        mp1_0.code,
        mp1_0.description,
        mp1_0.features,
        mp1_0.is_active,
        mp1_0.name,
        mp1_0.people,
        mp1_0.price,
        mp1_0.sort_order,
        mp1_0.times_per_person,
        mp1_0.validity_days 
    from
        member_packages mp1_0 
    where
        mp1_0.code=?
2026-01-22 12:22:15.574 - 
    select
        mp1_0.id,
        mp1_0.avg_price_per_time,
        mp1_0.badge,
        mp1_0.category,
        mp1_0.code,
        mp1_0.description,
        mp1_0.features,
        mp1_0.is_active,
        mp1_0.name,
        mp1_0.people,
        mp1_0.price,
        mp1_0.sort_order,
        mp1_0.times_per_person,
        mp1_0.validity_days 
    from
        member_packages mp1_0 
    where
        mp1_0.code=?
2026-01-22 12:22:15.575 - 
    select
        mp1_0.id,
        mp1_0.avg_price_per_time,
        mp1_0.badge,
        mp1_0.category,
        mp1_0.code,
        mp1_0.description,
        mp1_0.features,
        mp1_0.is_active,
        mp1_0.name,
        mp1_0.people,
        mp1_0.price,
        mp1_0.sort_order,
        mp1_0.times_per_person,
        mp1_0.validity_days 
    from
        member_packages mp1_0 
    where
        mp1_0.code=?
2026-01-22 12:22:15.575 - 
    select
        mp1_0.id,
        mp1_0.avg_price_per_time,
        mp1_0.badge,
        mp1_0.category,
        mp1_0.code,
        mp1_0.description,
        mp1_0.features,
        mp1_0.is_active,
        mp1_0.name,
        mp1_0.people,
        mp1_0.price,
        mp1_0.sort_order,
        mp1_0.times_per_person,
        mp1_0.validity_days 
    from
        member_packages mp1_0 
    where
        mp1_0.code=?
2026-01-22 12:22:15.576 - 
    select
        mp1_0.id,
        mp1_0.avg_price_per_time,
        mp1_0.badge,
        mp1_0.category,
        mp1_0.code,
        mp1_0.description,
        mp1_0.features,
        mp1_0.is_active,
        mp1_0.name,
        mp1_0.people,
        mp1_0.price,
        mp1_0.sort_order,
        mp1_0.times_per_person,
        mp1_0.validity_days 
    from
        member_packages mp1_0 
    where
        mp1_0.code=?
2026-01-22 12:22:47.073 - 
    select
        mp1_0.id,
        mp1_0.avg_price_per_time,
        mp1_0.badge,
        mp1_0.category,
        mp1_0.code,
        mp1_0.description,
        mp1_0.features,
        mp1_0.is_active,
        mp1_0.name,
        mp1_0.people,
        mp1_0.price,
        mp1_0.sort_order,
        mp1_0.times_per_person,
        mp1_0.validity_days 
    from
        member_packages mp1_0 
    where
        mp1_0.is_active 
    order by
        mp1_0.sort_order
2026-01-22 12:22:49.481 - 
    select
        po1_0.id,
        po1_0.card_end_date,
        po1_0.card_start_date,
        po1_0.card_status,
        po1_0.created_at,
        po1_0.order_no,
        po1_0.package_id,
        po1_0.package_name,
        po1_0.payment_method,
        po1_0.payment_time,
        po1_0.price,
        po1_0.remaining_times,
        po1_0.staff_id,
        po1_0.staff_name,
        po1_0.status,
        po1_0.transaction_type,
        po1_0.updated_at,
        po1_0.user_id 
    from
        payment_orders po1_0 
    where
        po1_0.user_id=?
2026-01-22 12:22:49.498 - 
    select
        mp1_0.id,
        mp1_0.avg_price_per_time,
        mp1_0.badge,
        mp1_0.category,
        mp1_0.code,
        mp1_0.description,
        mp1_0.features,
        mp1_0.is_active,
        mp1_0.name,
        mp1_0.people,
        mp1_0.price,
        mp1_0.sort_order,
        mp1_0.times_per_person,
        mp1_0.validity_days 
    from
        member_packages mp1_0 
    where
        mp1_0.id=?
2026-01-22 12:22:49.498 - 
    select
        u1_0.id,
        u1_0.avatar_url,
        u1_0.created_at,
        u1_0.last_login_time,
        u1_0.member_expire_time,
        u1_0.member_level,
        u1_0.nickname,
        u1_0.openid,
        u1_0.phone,
        u1_0.points,
        u1_0.remaining_visits,
        u1_0.role,
        u1_0.total_visits,
        u1_0.updated_at 
    from
        users u1_0 
    where
        u1_0.id=?
2026-01-22 12:22:49.498 - 
    select
        u1_0.id,
        u1_0.avatar_url,
        u1_0.created_at,
        u1_0.last_login_time,
        u1_0.member_expire_time,
        u1_0.member_level,
        u1_0.nickname,
        u1_0.openid,
        u1_0.phone,
        u1_0.points,
        u1_0.remaining_visits,
        u1_0.role,
        u1_0.total_visits,
        u1_0.updated_at 
    from
        users u1_0 
    where
        u1_0.id=?
2026-01-22 12:22:49.502 - 
    select
        bo1_0.id,
        bo1_0.cabin_name,
        bo1_0.consume_time,
        bo1_0.created_at,
        bo1_0.date,
        bo1_0.order_no,
        bo1_0.original_price,
        bo1_0.payment_method,
        bo1_0.payment_order_id,
        bo1_0.payment_status,
        bo1_0.payment_time,
        bo1_0.price,
        bo1_0.seat_name,
        bo1_0.status,
        bo1_0.time_slot,
        bo1_0.updated_at,
        bo1_0.user_id 
    from
        booking_orders bo1_0 
    where
        bo1_0.user_id=? 
    order by
        bo1_0.created_at desc
2026-01-22 12:22:49.502 - 
    select
        po1_0.id,
        po1_0.card_end_date,
        po1_0.card_start_date,
        po1_0.card_status,
        po1_0.created_at,
        po1_0.order_no,
        po1_0.package_id,
        po1_0.package_name,
        po1_0.payment_method,
        po1_0.payment_time,
        po1_0.price,
        po1_0.remaining_times,
        po1_0.staff_id,
        po1_0.staff_name,
        po1_0.status,
        po1_0.transaction_type,
        po1_0.updated_at,
        po1_0.user_id 
    from
        payment_orders po1_0 
    where
        po1_0.user_id=? 
        and po1_0.status=?
2026-01-22 12:22:49.512 - 
    select
        u1_0.id,
        u1_0.avatar_url,
        u1_0.created_at,
        u1_0.last_login_time,
        u1_0.member_expire_time,
        u1_0.member_level,
        u1_0.nickname,
        u1_0.openid,
        u1_0.phone,
        u1_0.points,
        u1_0.remaining_visits,
        u1_0.role,
        u1_0.total_visits,
        u1_0.updated_at 
    from
        users u1_0 
    where
        u1_0.id=?
2026-01-22 12:22:49.515 - 
    select
        po1_0.id,
        po1_0.card_end_date,
        po1_0.card_start_date,
        po1_0.card_status,
        po1_0.created_at,
        po1_0.order_no,
        po1_0.package_id,
        po1_0.package_name,
        po1_0.payment_method,
        po1_0.payment_time,
        po1_0.price,
        po1_0.remaining_times,
        po1_0.staff_id,
        po1_0.staff_name,
        po1_0.status,
        po1_0.transaction_type,
        po1_0.updated_at,
        po1_0.user_id 
    from
        payment_orders po1_0 
    where
        po1_0.user_id=?
2026-01-22 12:22:49.517 - 
    select
        po1_0.id,
        po1_0.card_end_date,
        po1_0.card_start_date,
        po1_0.card_status,
        po1_0.created_at,
        po1_0.order_no,
        po1_0.package_id,
        po1_0.package_name,
        po1_0.payment_method,
        po1_0.payment_time,
        po1_0.price,
        po1_0.remaining_times,
        po1_0.staff_id,
        po1_0.staff_name,
        po1_0.status,
        po1_0.transaction_type,
        po1_0.updated_at,
        po1_0.user_id 
    from
        payment_orders po1_0 
    where
        po1_0.user_id=? 
        and po1_0.status=?
2026-01-22 12:22:49.518 - 
    select
        mp1_0.id,
        mp1_0.avg_price_per_time,
        mp1_0.badge,
        mp1_0.category,
        mp1_0.code,
        mp1_0.description,
        mp1_0.features,
        mp1_0.is_active,
        mp1_0.name,
        mp1_0.people,
        mp1_0.price,
        mp1_0.sort_order,
        mp1_0.times_per_person,
        mp1_0.validity_days 
    from
        member_packages mp1_0 
    where
        mp1_0.id=?
2026-01-22 12:22:49.527 - 
    select
        u1_0.id,
        u1_0.avatar_url,
        u1_0.created_at,
        u1_0.last_login_time,
        u1_0.member_expire_time,
        u1_0.member_level,
        u1_0.nickname,
        u1_0.openid,
        u1_0.phone,
        u1_0.points,
        u1_0.remaining_visits,
        u1_0.role,
        u1_0.total_visits,
        u1_0.updated_at 
    from
        users u1_0 
    where
        u1_0.id=?
2026-01-22 12:22:49.530 - 
    select
        bo1_0.id,
        bo1_0.cabin_name,
        bo1_0.consume_time,
        bo1_0.created_at,
        bo1_0.date,
        bo1_0.order_no,
        bo1_0.original_price,
        bo1_0.payment_method,
        bo1_0.payment_order_id,
        bo1_0.payment_status,
        bo1_0.payment_time,
        bo1_0.price,
        bo1_0.seat_name,
        bo1_0.status,
        bo1_0.time_slot,
        bo1_0.updated_at,
        bo1_0.user_id 
    from
        booking_orders bo1_0 
    where
        bo1_0.user_id=? 
    order by
        bo1_0.created_at desc
2026-01-22 12:22:49.575 - 
    select
        u1_0.id,
        u1_0.avatar_url,
        u1_0.created_at,
        u1_0.last_login_time,
        u1_0.member_expire_time,
        u1_0.member_level,
        u1_0.nickname,
        u1_0.openid,
        u1_0.phone,
        u1_0.points,
        u1_0.remaining_visits,
        u1_0.role,
        u1_0.total_visits,
        u1_0.updated_at 
    from
        users u1_0 
    where
        u1_0.id=?
2026-01-22 12:22:49.580 - 
    select
        po1_0.id,
        po1_0.card_end_date,
        po1_0.card_start_date,
        po1_0.card_status,
        po1_0.created_at,
        po1_0.order_no,
        po1_0.package_id,
        po1_0.package_name,
        po1_0.payment_method,
        po1_0.payment_time,
        po1_0.price,
        po1_0.remaining_times,
        po1_0.staff_id,
        po1_0.staff_name,
        po1_0.status,
        po1_0.transaction_type,
        po1_0.updated_at,
        po1_0.user_id 
    from
        payment_orders po1_0 
    where
        po1_0.user_id=? 
        and po1_0.status=?
2026-01-22 12:22:49.638 - 
    select
        u1_0.id,
        u1_0.avatar_url,
        u1_0.created_at,
        u1_0.last_login_time,
        u1_0.member_expire_time,
        u1_0.member_level,
        u1_0.nickname,
        u1_0.openid,
        u1_0.phone,
        u1_0.points,
        u1_0.remaining_visits,
        u1_0.role,
        u1_0.total_visits,
        u1_0.updated_at 
    from
        users u1_0 
    where
        u1_0.id=?
2026-01-22 12:22:49.643 - 
    select
        po1_0.id,
        po1_0.card_end_date,
        po1_0.card_start_date,
        po1_0.card_status,
        po1_0.created_at,
        po1_0.order_no,
        po1_0.package_id,
        po1_0.package_name,
        po1_0.payment_method,
        po1_0.payment_time,
        po1_0.price,
        po1_0.remaining_times,
        po1_0.staff_id,
        po1_0.staff_name,
        po1_0.status,
        po1_0.transaction_type,
        po1_0.updated_at,
        po1_0.user_id 
    from
        payment_orders po1_0 
    where
        po1_0.user_id=? 
        and po1_0.status=?
2026-01-22 12:23:02.072 - 
    select
        mp1_0.id,
        mp1_0.avg_price_per_time,
        mp1_0.badge,
        mp1_0.category,
        mp1_0.code,
        mp1_0.description,
        mp1_0.features,
        mp1_0.is_active,
        mp1_0.name,
        mp1_0.people,
        mp1_0.price,
        mp1_0.sort_order,
        mp1_0.times_per_person,
        mp1_0.validity_days 
    from
        member_packages mp1_0 
    where
        mp1_0.category=? 
        and mp1_0.is_active 
    order by
        mp1_0.sort_order
2026-01-22 12:23:02.081 - 
    select
        mp1_0.id,
        mp1_0.avg_price_per_time,
        mp1_0.badge,
        mp1_0.category,
        mp1_0.code,
        mp1_0.description,
        mp1_0.features,
        mp1_0.is_active,
        mp1_0.name,
        mp1_0.people,
        mp1_0.price,
        mp1_0.sort_order,
        mp1_0.times_per_person,
        mp1_0.validity_days 
    from
        member_packages mp1_0 
    where
        mp1_0.category=? 
        and mp1_0.is_active 
    order by
        mp1_0.sort_order
2026-01-22 12:23:02.858 - 
    select
        po1_0.id,
        po1_0.card_end_date,
        po1_0.card_start_date,
        po1_0.card_status,
        po1_0.created_at,
        po1_0.order_no,
        po1_0.package_id,
        po1_0.package_name,
        po1_0.payment_method,
        po1_0.payment_time,
        po1_0.price,
        po1_0.remaining_times,
        po1_0.staff_id,
        po1_0.staff_name,
        po1_0.status,
        po1_0.transaction_type,
        po1_0.updated_at,
        po1_0.user_id 
    from
        payment_orders po1_0 
    where
        po1_0.user_id=?
2026-01-22 12:23:02.859 - 
    select
        u1_0.id,
        u1_0.avatar_url,
        u1_0.created_at,
        u1_0.last_login_time,
        u1_0.member_expire_time,
        u1_0.member_level,
        u1_0.nickname,
        u1_0.openid,
        u1_0.phone,
        u1_0.points,
        u1_0.remaining_visits,
        u1_0.role,
        u1_0.total_visits,
        u1_0.updated_at 
    from
        users u1_0 
    where
        u1_0.id=?
2026-01-22 12:23:02.861 - 
    select
        u1_0.id,
        u1_0.avatar_url,
        u1_0.created_at,
        u1_0.last_login_time,
        u1_0.member_expire_time,
        u1_0.member_level,
        u1_0.nickname,
        u1_0.openid,
        u1_0.phone,
        u1_0.points,
        u1_0.remaining_visits,
        u1_0.role,
        u1_0.total_visits,
        u1_0.updated_at 
    from
        users u1_0 
    where
        u1_0.id=?
2026-01-22 12:23:02.863 - 
    select
        po1_0.id,
        po1_0.card_end_date,
        po1_0.card_start_date,
        po1_0.card_status,
        po1_0.created_at,
        po1_0.order_no,
        po1_0.package_id,
        po1_0.package_name,
        po1_0.payment_method,
        po1_0.payment_time,
        po1_0.price,
        po1_0.remaining_times,
        po1_0.staff_id,
        po1_0.staff_name,
        po1_0.status,
        po1_0.transaction_type,
        po1_0.updated_at,
        po1_0.user_id 
    from
        payment_orders po1_0 
    where
        po1_0.user_id=? 
        and po1_0.status=?
2026-01-22 12:23:02.865 - 
    select
        bo1_0.id,
        bo1_0.cabin_name,
        bo1_0.consume_time,
        bo1_0.created_at,
        bo1_0.date,
        bo1_0.order_no,
        bo1_0.original_price,
        bo1_0.payment_method,
        bo1_0.payment_order_id,
        bo1_0.payment_status,
        bo1_0.payment_time,
        bo1_0.price,
        bo1_0.seat_name,
        bo1_0.status,
        bo1_0.time_slot,
        bo1_0.updated_at,
        bo1_0.user_id 
    from
        booking_orders bo1_0 
    where
        bo1_0.user_id=? 
    order by
        bo1_0.created_at desc
2026-01-22 12:23:02.868 - 
    select
        po1_0.id,
        po1_0.card_end_date,
        po1_0.card_start_date,
        po1_0.card_status,
        po1_0.created_at,
        po1_0.order_no,
        po1_0.package_id,
        po1_0.package_name,
        po1_0.payment_method,
        po1_0.payment_time,
        po1_0.price,
        po1_0.remaining_times,
        po1_0.staff_id,
        po1_0.staff_name,
        po1_0.status,
        po1_0.transaction_type,
        po1_0.updated_at,
        po1_0.user_id 
    from
        payment_orders po1_0 
    where
        po1_0.user_id=?
2026-01-22 12:23:02.869 - 
    select
        u1_0.id,
        u1_0.avatar_url,
        u1_0.created_at,
        u1_0.last_login_time,
        u1_0.member_expire_time,
        u1_0.member_level,
        u1_0.nickname,
        u1_0.openid,
        u1_0.phone,
        u1_0.points,
        u1_0.remaining_visits,
        u1_0.role,
        u1_0.total_visits,
        u1_0.updated_at 
    from
        users u1_0 
    where
        u1_0.id=?
2026-01-22 12:23:02.871 - 
    select
        u1_0.id,
        u1_0.avatar_url,
        u1_0.created_at,
        u1_0.last_login_time,
        u1_0.member_expire_time,
        u1_0.member_level,
        u1_0.nickname,
        u1_0.openid,
        u1_0.phone,
        u1_0.points,
        u1_0.remaining_visits,
        u1_0.role,
        u1_0.total_visits,
        u1_0.updated_at 
    from
        users u1_0 
    where
        u1_0.id=?
2026-01-22 12:23:02.871 - 
    select
        po1_0.id,
        po1_0.card_end_date,
        po1_0.card_start_date,
        po1_0.card_status,
        po1_0.created_at,
        po1_0.order_no,
        po1_0.package_id,
        po1_0.package_name,
        po1_0.payment_method,
        po1_0.payment_time,
        po1_0.price,
        po1_0.remaining_times,
        po1_0.staff_id,
        po1_0.staff_name,
        po1_0.status,
        po1_0.transaction_type,
        po1_0.updated_at,
        po1_0.user_id 
    from
        payment_orders po1_0 
    where
        po1_0.user_id=? 
        and po1_0.status=?
2026-01-22 12:23:02.874 - 
    select
        bo1_0.id,
        bo1_0.cabin_name,
        bo1_0.consume_time,
        bo1_0.created_at,
        bo1_0.date,
        bo1_0.order_no,
        bo1_0.original_price,
        bo1_0.payment_method,
        bo1_0.payment_order_id,
        bo1_0.payment_status,
        bo1_0.payment_time,
        bo1_0.price,
        bo1_0.seat_name,
        bo1_0.status,
        bo1_0.time_slot,
        bo1_0.updated_at,
        bo1_0.user_id 
    from
        booking_orders bo1_0 
    where
        bo1_0.user_id=? 
    order by
        bo1_0.created_at desc
2026-01-22 12:23:03.698 - 
    select
        mp1_0.id,
        mp1_0.avg_price_per_time,
        mp1_0.badge,
        mp1_0.category,
        mp1_0.code,
        mp1_0.description,
        mp1_0.features,
        mp1_0.is_active,
        mp1_0.name,
        mp1_0.people,
        mp1_0.price,
        mp1_0.sort_order,
        mp1_0.times_per_person,
        mp1_0.validity_days 
    from
        member_packages mp1_0 
    where
        mp1_0.category=? 
        and mp1_0.is_active 
    order by
        mp1_0.sort_order
2026-01-22 12:23:03.703 - 
    select
        mp1_0.id,
        mp1_0.avg_price_per_time,
        mp1_0.badge,
        mp1_0.category,
        mp1_0.code,
        mp1_0.description,
        mp1_0.features,
        mp1_0.is_active,
        mp1_0.name,
        mp1_0.people,
        mp1_0.price,
        mp1_0.sort_order,
        mp1_0.times_per_person,
        mp1_0.validity_days 
    from
        member_packages mp1_0 
    where
        mp1_0.category=? 
        and mp1_0.is_active 
    order by
        mp1_0.sort_order
2026-01-22 12:23:06.316 - 
    select
        mp1_0.id,
        mp1_0.avg_price_per_time,
        mp1_0.badge,
        mp1_0.category,
        mp1_0.code,
        mp1_0.description,
        mp1_0.features,
        mp1_0.is_active,
        mp1_0.name,
        mp1_0.people,
        mp1_0.price,
        mp1_0.sort_order,
        mp1_0.times_per_person,
        mp1_0.validity_days 
    from
        member_packages mp1_0 
    where
        mp1_0.category=? 
        and mp1_0.is_active 
    order by
        mp1_0.sort_order
2026-01-22 12:23:07.501 - 
    select
        po1_0.id,
        po1_0.card_end_date,
        po1_0.card_start_date,
        po1_0.card_status,
        po1_0.created_at,
        po1_0.order_no,
        po1_0.package_id,
        po1_0.package_name,
        po1_0.payment_method,
        po1_0.payment_time,
        po1_0.price,
        po1_0.remaining_times,
        po1_0.staff_id,
        po1_0.staff_name,
        po1_0.status,
        po1_0.transaction_type,
        po1_0.updated_at,
        po1_0.user_id 
    from
        payment_orders po1_0 
    where
        po1_0.user_id=?
2026-01-22 12:23:07.513 - 
    select
        s1_0.id,
        s1_0.created_at,
        s1_0.last_login_time,
        s1_0.name,
        s1_0.password,
        s1_0.phone,
        s1_0.status,
        s1_0.updated_at,
        s1_0.username 
    from
        staffs s1_0 
    where
        s1_0.status=?
2026-01-22 12:23:10.401 - 
    select
        u1_0.id,
        u1_0.avatar_url,
        u1_0.created_at,
        u1_0.last_login_time,
        u1_0.member_expire_time,
        u1_0.member_level,
        u1_0.nickname,
        u1_0.openid,
        u1_0.phone,
        u1_0.points,
        u1_0.remaining_visits,
        u1_0.role,
        u1_0.total_visits,
        u1_0.updated_at 
    from
        users u1_0 
    where
        u1_0.id=?
2026-01-22 12:23:10.404 - 
    select
        mp1_0.id,
        mp1_0.avg_price_per_time,
        mp1_0.badge,
        mp1_0.category,
        mp1_0.code,
        mp1_0.description,
        mp1_0.features,
        mp1_0.is_active,
        mp1_0.name,
        mp1_0.people,
        mp1_0.price,
        mp1_0.sort_order,
        mp1_0.times_per_person,
        mp1_0.validity_days 
    from
        member_packages mp1_0 
    where
        mp1_0.id=?
2026-01-22 12:23:10.406 - 
    select
        po1_0.id,
        po1_0.card_end_date,
        po1_0.card_start_date,
        po1_0.card_status,
        po1_0.created_at,
        po1_0.order_no,
        po1_0.package_id,
        po1_0.package_name,
        po1_0.payment_method,
        po1_0.payment_time,
        po1_0.price,
        po1_0.remaining_times,
        po1_0.staff_id,
        po1_0.staff_name,
        po1_0.status,
        po1_0.transaction_type,
        po1_0.updated_at,
        po1_0.user_id 
    from
        payment_orders po1_0 
    where
        po1_0.user_id=? 
        and po1_0.status=?
2026-01-22 12:23:10.418 - 
    insert 
    into
        payment_orders
        (card_end_date, card_start_date, card_status, created_at, order_no, package_id, package_name, payment_method, payment_time, price, remaining_times, staff_id, staff_name, status, transaction_type, updated_at, user_id) 
    values
        (?, ?, ?, ?, ?, ?, ?, ?, ?, ?, ?, ?, ?, ?, ?, ?, ?)
2026-01-22 12:23:10.443 - 
    select
        po1_0.id,
        po1_0.card_end_date,
        po1_0.card_start_date,
        po1_0.card_status,
        po1_0.created_at,
        po1_0.order_no,
        po1_0.package_id,
        po1_0.package_name,
        po1_0.payment_method,
        po1_0.payment_time,
        po1_0.price,
        po1_0.remaining_times,
        po1_0.staff_id,
        po1_0.staff_name,
        po1_0.status,
        po1_0.transaction_type,
        po1_0.updated_at,
        po1_0.user_id 
    from
        payment_orders po1_0 
    where
        po1_0.id=?
2026-01-22 12:23:10.445 - 
    select
        u1_0.id,
        u1_0.avatar_url,
        u1_0.created_at,
        u1_0.last_login_time,
        u1_0.member_expire_time,
        u1_0.member_level,
        u1_0.nickname,
        u1_0.openid,
        u1_0.phone,
        u1_0.points,
        u1_0.remaining_visits,
        u1_0.role,
        u1_0.total_visits,
        u1_0.updated_at 
    from
        users u1_0 
    where
        u1_0.id=?
2026-01-22 12:23:11.241 - 
    select
        po1_0.id,
        po1_0.card_end_date,
        po1_0.card_start_date,
        po1_0.card_status,
        po1_0.created_at,
        po1_0.order_no,
        po1_0.package_id,
        po1_0.package_name,
        po1_0.payment_method,
        po1_0.payment_time,
        po1_0.price,
        po1_0.remaining_times,
        po1_0.staff_id,
        po1_0.staff_name,
        po1_0.status,
        po1_0.transaction_type,
        po1_0.updated_at,
        po1_0.user_id 
    from
        payment_orders po1_0 
    where
        po1_0.id=?
2026-01-22 12:23:11.246 - 
    select
        mp1_0.id,
        mp1_0.avg_price_per_time,
        mp1_0.badge,
        mp1_0.category,
        mp1_0.code,
        mp1_0.description,
        mp1_0.features,
        mp1_0.is_active,
        mp1_0.name,
        mp1_0.people,
        mp1_0.price,
        mp1_0.sort_order,
        mp1_0.times_per_person,
        mp1_0.validity_days 
    from
        member_packages mp1_0 
    where
        mp1_0.id=?
2026-01-22 12:23:11.256 - 
    update
        payment_orders 
    set
        card_end_date=?,
        card_start_date=?,
        card_status=?,
        created_at=?,
        order_no=?,
        package_id=?,
        package_name=?,
        payment_method=?,
        payment_time=?,
        price=?,
        remaining_times=?,
        staff_id=?,
        staff_name=?,
        status=?,
        transaction_type=?,
        updated_at=?,
        user_id=? 
    where
        id=?
2026-01-22 12:23:11.260 - 
    select
        u1_0.id,
        u1_0.avatar_url,
        u1_0.created_at,
        u1_0.last_login_time,
        u1_0.member_expire_time,
        u1_0.member_level,
        u1_0.nickname,
        u1_0.openid,
        u1_0.phone,
        u1_0.points,
        u1_0.remaining_visits,
        u1_0.role,
        u1_0.total_visits,
        u1_0.updated_at 
    from
        users u1_0 
    where
        u1_0.id=?
2026-01-22 12:23:11.263 - 
    update
        users 
    set
        avatar_url=?,
        created_at=?,
        last_login_time=?,
        member_expire_time=?,
        member_level=?,
        nickname=?,
        openid=?,
        phone=?,
        points=?,
        remaining_visits=?,
        role=?,
        total_visits=?,
        updated_at=? 
    where
        id=?
2026-01-22 12:23:13.565 - 
    select
        u1_0.id,
        u1_0.avatar_url,
        u1_0.created_at,
        u1_0.last_login_time,
        u1_0.member_expire_time,
        u1_0.member_level,
        u1_0.nickname,
        u1_0.openid,
        u1_0.phone,
        u1_0.points,
        u1_0.remaining_visits,
        u1_0.role,
        u1_0.total_visits,
        u1_0.updated_at 
    from
        users u1_0 
    where
        u1_0.id=?
2026-01-22 12:23:13.565 - 
    select
        u1_0.id,
        u1_0.avatar_url,
        u1_0.created_at,
        u1_0.last_login_time,
        u1_0.member_expire_time,
        u1_0.member_level,
        u1_0.nickname,
        u1_0.openid,
        u1_0.phone,
        u1_0.points,
        u1_0.remaining_visits,
        u1_0.role,
        u1_0.total_visits,
        u1_0.updated_at 
    from
        users u1_0 
    where
        u1_0.id=?
2026-01-22 12:23:13.565 - 
    select
        po1_0.id,
        po1_0.card_end_date,
        po1_0.card_start_date,
        po1_0.card_status,
        po1_0.created_at,
        po1_0.order_no,
        po1_0.package_id,
        po1_0.package_name,
        po1_0.payment_method,
        po1_0.payment_time,
        po1_0.price,
        po1_0.remaining_times,
        po1_0.staff_id,
        po1_0.staff_name,
        po1_0.status,
        po1_0.transaction_type,
        po1_0.updated_at,
        po1_0.user_id 
    from
        payment_orders po1_0 
    where
        po1_0.user_id=?
2026-01-22 12:23:13.567 - 
    select
        mp1_0.id,
        mp1_0.avg_price_per_time,
        mp1_0.badge,
        mp1_0.category,
        mp1_0.code,
        mp1_0.description,
        mp1_0.features,
        mp1_0.is_active,
        mp1_0.name,
        mp1_0.people,
        mp1_0.price,
        mp1_0.sort_order,
        mp1_0.times_per_person,
        mp1_0.validity_days 
    from
        member_packages mp1_0 
    where
        mp1_0.id=?
2026-01-22 12:23:13.567 - 
    select
        bo1_0.id,
        bo1_0.cabin_name,
        bo1_0.consume_time,
        bo1_0.created_at,
        bo1_0.date,
        bo1_0.order_no,
        bo1_0.original_price,
        bo1_0.payment_method,
        bo1_0.payment_order_id,
        bo1_0.payment_status,
        bo1_0.payment_time,
        bo1_0.price,
        bo1_0.seat_name,
        bo1_0.status,
        bo1_0.time_slot,
        bo1_0.updated_at,
        bo1_0.user_id 
    from
        booking_orders bo1_0 
    where
        bo1_0.user_id=? 
    order by
        bo1_0.created_at desc
2026-01-22 12:23:13.567 - 
    select
        po1_0.id,
        po1_0.card_end_date,
        po1_0.card_start_date,
        po1_0.card_status,
        po1_0.created_at,
        po1_0.order_no,
        po1_0.package_id,
        po1_0.package_name,
        po1_0.payment_method,
        po1_0.payment_time,
        po1_0.price,
        po1_0.remaining_times,
        po1_0.staff_id,
        po1_0.staff_name,
        po1_0.status,
        po1_0.transaction_type,
        po1_0.updated_at,
        po1_0.user_id 
    from
        payment_orders po1_0 
    where
        po1_0.user_id=? 
        and po1_0.status=?
2026-01-22 12:23:13.574 - 
    select
        u1_0.id,
        u1_0.avatar_url,
        u1_0.created_at,
        u1_0.last_login_time,
        u1_0.member_expire_time,
        u1_0.member_level,
        u1_0.nickname,
        u1_0.openid,
        u1_0.phone,
        u1_0.points,
        u1_0.remaining_visits,
        u1_0.role,
        u1_0.total_visits,
        u1_0.updated_at 
    from
        users u1_0 
    where
        u1_0.id=?
2026-01-22 12:23:13.574 - 
    select
        u1_0.id,
        u1_0.avatar_url,
        u1_0.created_at,
        u1_0.last_login_time,
        u1_0.member_expire_time,
        u1_0.member_level,
        u1_0.nickname,
        u1_0.openid,
        u1_0.phone,
        u1_0.points,
        u1_0.remaining_visits,
        u1_0.role,
        u1_0.total_visits,
        u1_0.updated_at 
    from
        users u1_0 
    where
        u1_0.id=?
2026-01-22 12:23:13.574 - 
    select
        po1_0.id,
        po1_0.card_end_date,
        po1_0.card_start_date,
        po1_0.card_status,
        po1_0.created_at,
        po1_0.order_no,
        po1_0.package_id,
        po1_0.package_name,
        po1_0.payment_method,
        po1_0.payment_time,
        po1_0.price,
        po1_0.remaining_times,
        po1_0.staff_id,
        po1_0.staff_name,
        po1_0.status,
        po1_0.transaction_type,
        po1_0.updated_at,
        po1_0.user_id 
    from
        payment_orders po1_0 
    where
        po1_0.user_id=?
2026-01-22 12:23:13.576 - 
    select
        mp1_0.id,
        mp1_0.avg_price_per_time,
        mp1_0.badge,
        mp1_0.category,
        mp1_0.code,
        mp1_0.description,
        mp1_0.features,
        mp1_0.is_active,
        mp1_0.name,
        mp1_0.people,
        mp1_0.price,
        mp1_0.sort_order,
        mp1_0.times_per_person,
        mp1_0.validity_days 
    from
        member_packages mp1_0 
    where
        mp1_0.id=?
2026-01-22 12:23:13.577 - 
    select
        po1_0.id,
        po1_0.card_end_date,
        po1_0.card_start_date,
        po1_0.card_status,
        po1_0.created_at,
        po1_0.order_no,
        po1_0.package_id,
        po1_0.package_name,
        po1_0.payment_method,
        po1_0.payment_time,
        po1_0.price,
        po1_0.remaining_times,
        po1_0.staff_id,
        po1_0.staff_name,
        po1_0.status,
        po1_0.transaction_type,
        po1_0.updated_at,
        po1_0.user_id 
    from
        payment_orders po1_0 
    where
        po1_0.user_id=? 
        and po1_0.status=?
2026-01-22 12:23:13.577 - 
    select
        bo1_0.id,
        bo1_0.cabin_name,
        bo1_0.consume_time,
        bo1_0.created_at,
        bo1_0.date,
        bo1_0.order_no,
        bo1_0.original_price,
        bo1_0.payment_method,
        bo1_0.payment_order_id,
        bo1_0.payment_status,
        bo1_0.payment_time,
        bo1_0.price,
        bo1_0.seat_name,
        bo1_0.status,
        bo1_0.time_slot,
        bo1_0.updated_at,
        bo1_0.user_id 
    from
        booking_orders bo1_0 
    where
        bo1_0.user_id=? 
    order by
        bo1_0.created_at desc
2026-01-22 12:23:13.594 - 
    select
        u1_0.id,
        u1_0.avatar_url,
        u1_0.created_at,
        u1_0.last_login_time,
        u1_0.member_expire_time,
        u1_0.member_level,
        u1_0.nickname,
        u1_0.openid,
        u1_0.phone,
        u1_0.points,
        u1_0.remaining_visits,
        u1_0.role,
        u1_0.total_visits,
        u1_0.updated_at 
    from
        users u1_0 
    where
        u1_0.id=?
2026-01-22 12:23:13.597 - 
    select
        po1_0.id,
        po1_0.card_end_date,
        po1_0.card_start_date,
        po1_0.card_status,
        po1_0.created_at,
        po1_0.order_no,
        po1_0.package_id,
        po1_0.package_name,
        po1_0.payment_method,
        po1_0.payment_time,
        po1_0.price,
        po1_0.remaining_times,
        po1_0.staff_id,
        po1_0.staff_name,
        po1_0.status,
        po1_0.transaction_type,
        po1_0.updated_at,
        po1_0.user_id 
    from
        payment_orders po1_0 
    where
        po1_0.user_id=? 
        and po1_0.status=?
2026-01-22 12:23:13.607 - 
    select
        u1_0.id,
        u1_0.avatar_url,
        u1_0.created_at,
        u1_0.last_login_time,
        u1_0.member_expire_time,
        u1_0.member_level,
        u1_0.nickname,
        u1_0.openid,
        u1_0.phone,
        u1_0.points,
        u1_0.remaining_visits,
        u1_0.role,
        u1_0.total_visits,
        u1_0.updated_at 
    from
        users u1_0 
    where
        u1_0.id=?
2026-01-22 12:23:13.610 - 
    select
        po1_0.id,
        po1_0.card_end_date,
        po1_0.card_start_date,
        po1_0.card_status,
        po1_0.created_at,
        po1_0.order_no,
        po1_0.package_id,
        po1_0.package_name,
        po1_0.payment_method,
        po1_0.payment_time,
        po1_0.price,
        po1_0.remaining_times,
        po1_0.staff_id,
        po1_0.staff_name,
        po1_0.status,
        po1_0.transaction_type,
        po1_0.updated_at,
        po1_0.user_id 
    from
        payment_orders po1_0 
    where
        po1_0.user_id=? 
        and po1_0.status=?
2026-01-22 12:23:21.459 - 
    select
        u1_0.id,
        u1_0.avatar_url,
        u1_0.created_at,
        u1_0.last_login_time,
        u1_0.member_expire_time,
        u1_0.member_level,
        u1_0.nickname,
        u1_0.openid,
        u1_0.phone,
        u1_0.points,
        u1_0.remaining_visits,
        u1_0.role,
        u1_0.total_visits,
        u1_0.updated_at 
    from
        users u1_0 
    where
        u1_0.id=?
2026-01-22 12:23:21.463 - 
    select
        bo1_0.id,
        bo1_0.cabin_name,
        bo1_0.consume_time,
        bo1_0.created_at,
        bo1_0.date,
        bo1_0.order_no,
        bo1_0.original_price,
        bo1_0.payment_method,
        bo1_0.payment_order_id,
        bo1_0.payment_status,
        bo1_0.payment_time,
        bo1_0.price,
        bo1_0.seat_name,
        bo1_0.status,
        bo1_0.time_slot,
        bo1_0.updated_at,
        bo1_0.user_id 
    from
        booking_orders bo1_0 
    where
        bo1_0.id=?
2026-01-22 12:23:21.468 - 
    update
        booking_orders 
    set
        cabin_name=?,
        consume_time=?,
        created_at=?,
        date=?,
        order_no=?,
        original_price=?,
        payment_method=?,
        payment_order_id=?,
        payment_status=?,
        payment_time=?,
        price=?,
        seat_name=?,
        status=?,
        time_slot=?,
        updated_at=?,
        user_id=? 
    where
        id=?
2026-01-22 12:23:21.494 - 
    select
        u1_0.id,
        u1_0.avatar_url,
        u1_0.created_at,
        u1_0.last_login_time,
        u1_0.member_expire_time,
        u1_0.member_level,
        u1_0.nickname,
        u1_0.openid,
        u1_0.phone,
        u1_0.points,
        u1_0.remaining_visits,
        u1_0.role,
        u1_0.total_visits,
        u1_0.updated_at 
    from
        users u1_0 
    where
        u1_0.id=?
2026-01-22 12:23:21.495 - 
    select
        bo1_0.id,
        bo1_0.cabin_name,
        bo1_0.consume_time,
        bo1_0.created_at,
        bo1_0.date,
        bo1_0.order_no,
        bo1_0.original_price,
        bo1_0.payment_method,
        bo1_0.payment_order_id,
        bo1_0.payment_status,
        bo1_0.payment_time,
        bo1_0.price,
        bo1_0.seat_name,
        bo1_0.status,
        bo1_0.time_slot,
        bo1_0.updated_at,
        bo1_0.user_id 
    from
        booking_orders bo1_0 
    where
        bo1_0.user_id=? 
    order by
        bo1_0.created_at desc
2026-01-22 12:23:22.696 - 
    select
        po1_0.id,
        po1_0.card_end_date,
        po1_0.card_start_date,
        po1_0.card_status,
        po1_0.created_at,
        po1_0.order_no,
        po1_0.package_id,
        po1_0.package_name,
        po1_0.payment_method,
        po1_0.payment_time,
        po1_0.price,
        po1_0.remaining_times,
        po1_0.staff_id,
        po1_0.staff_name,
        po1_0.status,
        po1_0.transaction_type,
        po1_0.updated_at,
        po1_0.user_id 
    from
        payment_orders po1_0 
    where
        po1_0.user_id=?
2026-01-22 12:23:22.699 - 
    select
        mp1_0.id,
        mp1_0.avg_price_per_time,
        mp1_0.badge,
        mp1_0.category,
        mp1_0.code,
        mp1_0.description,
        mp1_0.features,
        mp1_0.is_active,
        mp1_0.name,
        mp1_0.people,
        mp1_0.price,
        mp1_0.sort_order,
        mp1_0.times_per_person,
        mp1_0.validity_days 
    from
        member_packages mp1_0 
    where
        mp1_0.id=?
2026-01-22 12:23:22.705 - 
    select
        po1_0.id,
        po1_0.card_end_date,
        po1_0.card_start_date,
        po1_0.card_status,
        po1_0.created_at,
        po1_0.order_no,
        po1_0.package_id,
        po1_0.package_name,
        po1_0.payment_method,
        po1_0.payment_time,
        po1_0.price,
        po1_0.remaining_times,
        po1_0.staff_id,
        po1_0.staff_name,
        po1_0.status,
        po1_0.transaction_type,
        po1_0.updated_at,
        po1_0.user_id 
    from
        payment_orders po1_0 
    where
        po1_0.user_id=?
2026-01-22 12:23:22.707 - 
    select
        mp1_0.id,
        mp1_0.avg_price_per_time,
        mp1_0.badge,
        mp1_0.category,
        mp1_0.code,
        mp1_0.description,
        mp1_0.features,
        mp1_0.is_active,
        mp1_0.name,
        mp1_0.people,
        mp1_0.price,
        mp1_0.sort_order,
        mp1_0.times_per_person,
        mp1_0.validity_days 
    from
        member_packages mp1_0 
    where
        mp1_0.id=?
2026-01-22 12:23:24.333 - 
    select
        bo1_0.id,
        bo1_0.cabin_name,
        bo1_0.consume_time,
        bo1_0.created_at,
        bo1_0.date,
        bo1_0.order_no,
        bo1_0.original_price,
        bo1_0.payment_method,
        bo1_0.payment_order_id,
        bo1_0.payment_status,
        bo1_0.payment_time,
        bo1_0.price,
        bo1_0.seat_name,
        bo1_0.status,
        bo1_0.time_slot,
        bo1_0.updated_at,
        bo1_0.user_id 
    from
        booking_orders bo1_0 
    where
        bo1_0.date=? 
        and bo1_0.time_slot=?
2026-01-22 12:23:25.516 - 
    select
        po1_0.id,
        po1_0.card_end_date,
        po1_0.card_start_date,
        po1_0.card_status,
        po1_0.created_at,
        po1_0.order_no,
        po1_0.package_id,
        po1_0.package_name,
        po1_0.payment_method,
        po1_0.payment_time,
        po1_0.price,
        po1_0.remaining_times,
        po1_0.staff_id,
        po1_0.staff_name,
        po1_0.status,
        po1_0.transaction_type,
        po1_0.updated_at,
        po1_0.user_id 
    from
        payment_orders po1_0 
    where
        po1_0.user_id=?
2026-01-22 12:23:25.518 - 
    select
        mp1_0.id,
        mp1_0.avg_price_per_time,
        mp1_0.badge,
        mp1_0.category,
        mp1_0.code,
        mp1_0.description,
        mp1_0.features,
        mp1_0.is_active,
        mp1_0.name,
        mp1_0.people,
        mp1_0.price,
        mp1_0.sort_order,
        mp1_0.times_per_person,
        mp1_0.validity_days 
    from
        member_packages mp1_0 
    where
        mp1_0.id=?
2026-01-22 12:23:25.530 - 
    select
        u1_0.id,
        u1_0.avatar_url,
        u1_0.created_at,
        u1_0.last_login_time,
        u1_0.member_expire_time,
        u1_0.member_level,
        u1_0.nickname,
        u1_0.openid,
        u1_0.phone,
        u1_0.points,
        u1_0.remaining_visits,
        u1_0.role,
        u1_0.total_visits,
        u1_0.updated_at 
    from
        users u1_0 
    where
        u1_0.id=?
2026-01-22 12:23:25.533 - 
    select
        bo1_0.id,
        bo1_0.cabin_name,
        bo1_0.consume_time,
        bo1_0.created_at,
        bo1_0.date,
        bo1_0.order_no,
        bo1_0.original_price,
        bo1_0.payment_method,
        bo1_0.payment_order_id,
        bo1_0.payment_status,
        bo1_0.payment_time,
        bo1_0.price,
        bo1_0.seat_name,
        bo1_0.status,
        bo1_0.time_slot,
        bo1_0.updated_at,
        bo1_0.user_id 
    from
        booking_orders bo1_0 
    where
        bo1_0.user_id=? 
        and bo1_0.date=? 
        and bo1_0.status!=?
2026-01-22 12:23:26.236 - 
    select
        u1_0.id,
        u1_0.avatar_url,
        u1_0.created_at,
        u1_0.last_login_time,
        u1_0.member_expire_time,
        u1_0.member_level,
        u1_0.nickname,
        u1_0.openid,
        u1_0.phone,
        u1_0.points,
        u1_0.remaining_visits,
        u1_0.role,
        u1_0.total_visits,
        u1_0.updated_at 
    from
        users u1_0 
    where
        u1_0.id=?
2026-01-22 12:23:26.240 - 
    select
        bo1_0.id,
        bo1_0.cabin_name,
        bo1_0.consume_time,
        bo1_0.created_at,
        bo1_0.date,
        bo1_0.order_no,
        bo1_0.original_price,
        bo1_0.payment_method,
        bo1_0.payment_order_id,
        bo1_0.payment_status,
        bo1_0.payment_time,
        bo1_0.price,
        bo1_0.seat_name,
        bo1_0.status,
        bo1_0.time_slot,
        bo1_0.updated_at,
        bo1_0.user_id 
    from
        booking_orders bo1_0 
    where
        bo1_0.user_id=? 
        and bo1_0.date=? 
        and bo1_0.status!=?
2026-01-22 12:23:26.244 - 
    select
        bo1_0.id,
        bo1_0.cabin_name,
        bo1_0.consume_time,
        bo1_0.created_at,
        bo1_0.date,
        bo1_0.order_no,
        bo1_0.original_price,
        bo1_0.payment_method,
        bo1_0.payment_order_id,
        bo1_0.payment_status,
        bo1_0.payment_time,
        bo1_0.price,
        bo1_0.seat_name,
        bo1_0.status,
        bo1_0.time_slot,
        bo1_0.updated_at,
        bo1_0.user_id 
    from
        booking_orders bo1_0 
    where
        bo1_0.date=? 
        and bo1_0.time_slot=? 
        and bo1_0.cabin_name=? 
        and bo1_0.seat_name=?
2026-01-22 12:23:26.247 - 
    select
        po1_0.id,
        po1_0.card_end_date,
        po1_0.card_start_date,
        po1_0.card_status,
        po1_0.created_at,
        po1_0.order_no,
        po1_0.package_id,
        po1_0.package_name,
        po1_0.payment_method,
        po1_0.payment_time,
        po1_0.price,
        po1_0.remaining_times,
        po1_0.staff_id,
        po1_0.staff_name,
        po1_0.status,
        po1_0.transaction_type,
        po1_0.updated_at,
        po1_0.user_id 
    from
        payment_orders po1_0 
    where
        po1_0.user_id=?
2026-01-22 12:23:26.250 - 
    select
        mp1_0.id,
        mp1_0.avg_price_per_time,
        mp1_0.badge,
        mp1_0.category,
        mp1_0.code,
        mp1_0.description,
        mp1_0.features,
        mp1_0.is_active,
        mp1_0.name,
        mp1_0.people,
        mp1_0.price,
        mp1_0.sort_order,
        mp1_0.times_per_person,
        mp1_0.validity_days 
    from
        member_packages mp1_0 
    where
        mp1_0.id=?
2026-01-22 12:23:26.253 - 
    insert 
    into
        booking_orders
        (cabin_name, consume_time, created_at, date, order_no, original_price, payment_method, payment_order_id, payment_status, payment_time, price, seat_name, status, time_slot, updated_at, user_id) 
    values
        (?, ?, ?, ?, ?, ?, ?, ?, ?, ?, ?, ?, ?, ?, ?, ?)
2026-01-22 12:23:27.547 - 
    select
        u1_0.id,
        u1_0.avatar_url,
        u1_0.created_at,
        u1_0.last_login_time,
        u1_0.member_expire_time,
        u1_0.member_level,
        u1_0.nickname,
        u1_0.openid,
        u1_0.phone,
        u1_0.points,
        u1_0.remaining_visits,
        u1_0.role,
        u1_0.total_visits,
        u1_0.updated_at 
    from
        users u1_0 
    where
        u1_0.id=?
2026-01-22 12:23:27.547 - 
    select
        u1_0.id,
        u1_0.avatar_url,
        u1_0.created_at,
        u1_0.last_login_time,
        u1_0.member_expire_time,
        u1_0.member_level,
        u1_0.nickname,
        u1_0.openid,
        u1_0.phone,
        u1_0.points,
        u1_0.remaining_visits,
        u1_0.role,
        u1_0.total_visits,
        u1_0.updated_at 
    from
        users u1_0 
    where
        u1_0.id=?
2026-01-22 12:23:27.547 - 
    select
        po1_0.id,
        po1_0.card_end_date,
        po1_0.card_start_date,
        po1_0.card_status,
        po1_0.created_at,
        po1_0.order_no,
        po1_0.package_id,
        po1_0.package_name,
        po1_0.payment_method,
        po1_0.payment_time,
        po1_0.price,
        po1_0.remaining_times,
        po1_0.staff_id,
        po1_0.staff_name,
        po1_0.status,
        po1_0.transaction_type,
        po1_0.updated_at,
        po1_0.user_id 
    from
        payment_orders po1_0 
    where
        po1_0.user_id=?
2026-01-22 12:23:27.548 - 
    select
        mp1_0.id,
        mp1_0.avg_price_per_time,
        mp1_0.badge,
        mp1_0.category,
        mp1_0.code,
        mp1_0.description,
        mp1_0.features,
        mp1_0.is_active,
        mp1_0.name,
        mp1_0.people,
        mp1_0.price,
        mp1_0.sort_order,
        mp1_0.times_per_person,
        mp1_0.validity_days 
    from
        member_packages mp1_0 
    where
        mp1_0.id=?
2026-01-22 12:23:27.549 - 
    select
        po1_0.id,
        po1_0.card_end_date,
        po1_0.card_start_date,
        po1_0.card_status,
        po1_0.created_at,
        po1_0.order_no,
        po1_0.package_id,
        po1_0.package_name,
        po1_0.payment_method,
        po1_0.payment_time,
        po1_0.price,
        po1_0.remaining_times,
        po1_0.staff_id,
        po1_0.staff_name,
        po1_0.status,
        po1_0.transaction_type,
        po1_0.updated_at,
        po1_0.user_id 
    from
        payment_orders po1_0 
    where
        po1_0.user_id=? 
        and po1_0.status=?
2026-01-22 12:23:27.549 - 
    select
        bo1_0.id,
        bo1_0.cabin_name,
        bo1_0.consume_time,
        bo1_0.created_at,
        bo1_0.date,
        bo1_0.order_no,
        bo1_0.original_price,
        bo1_0.payment_method,
        bo1_0.payment_order_id,
        bo1_0.payment_status,
        bo1_0.payment_time,
        bo1_0.price,
        bo1_0.seat_name,
        bo1_0.status,
        bo1_0.time_slot,
        bo1_0.updated_at,
        bo1_0.user_id 
    from
        booking_orders bo1_0 
    where
        bo1_0.user_id=? 
    order by
        bo1_0.created_at desc
2026-01-22 12:23:27.554 - 
    select
        u1_0.id,
        u1_0.avatar_url,
        u1_0.created_at,
        u1_0.last_login_time,
        u1_0.member_expire_time,
        u1_0.member_level,
        u1_0.nickname,
        u1_0.openid,
        u1_0.phone,
        u1_0.points,
        u1_0.remaining_visits,
        u1_0.role,
        u1_0.total_visits,
        u1_0.updated_at 
    from
        users u1_0 
    where
        u1_0.id=?
2026-01-22 12:23:27.554 - 
    select
        u1_0.id,
        u1_0.avatar_url,
        u1_0.created_at,
        u1_0.last_login_time,
        u1_0.member_expire_time,
        u1_0.member_level,
        u1_0.nickname,
        u1_0.openid,
        u1_0.phone,
        u1_0.points,
        u1_0.remaining_visits,
        u1_0.role,
        u1_0.total_visits,
        u1_0.updated_at 
    from
        users u1_0 
    where
        u1_0.id=?
2026-01-22 12:23:27.554 - 
    select
        po1_0.id,
        po1_0.card_end_date,
        po1_0.card_start_date,
        po1_0.card_status,
        po1_0.created_at,
        po1_0.order_no,
        po1_0.package_id,
        po1_0.package_name,
        po1_0.payment_method,
        po1_0.payment_time,
        po1_0.price,
        po1_0.remaining_times,
        po1_0.staff_id,
        po1_0.staff_name,
        po1_0.status,
        po1_0.transaction_type,
        po1_0.updated_at,
        po1_0.user_id 
    from
        payment_orders po1_0 
    where
        po1_0.user_id=?
2026-01-22 12:23:27.556 - 
    select
        mp1_0.id,
        mp1_0.avg_price_per_time,
        mp1_0.badge,
        mp1_0.category,
        mp1_0.code,
        mp1_0.description,
        mp1_0.features,
        mp1_0.is_active,
        mp1_0.name,
        mp1_0.people,
        mp1_0.price,
        mp1_0.sort_order,
        mp1_0.times_per_person,
        mp1_0.validity_days 
    from
        member_packages mp1_0 
    where
        mp1_0.id=?
2026-01-22 12:23:27.557 - 
    select
        bo1_0.id,
        bo1_0.cabin_name,
        bo1_0.consume_time,
        bo1_0.created_at,
        bo1_0.date,
        bo1_0.order_no,
        bo1_0.original_price,
        bo1_0.payment_method,
        bo1_0.payment_order_id,
        bo1_0.payment_status,
        bo1_0.payment_time,
        bo1_0.price,
        bo1_0.seat_name,
        bo1_0.status,
        bo1_0.time_slot,
        bo1_0.updated_at,
        bo1_0.user_id 
    from
        booking_orders bo1_0 
    where
        bo1_0.user_id=? 
    order by
        bo1_0.created_at desc
2026-01-22 12:23:27.557 - 
    select
        po1_0.id,
        po1_0.card_end_date,
        po1_0.card_start_date,
        po1_0.card_status,
        po1_0.created_at,
        po1_0.order_no,
        po1_0.package_id,
        po1_0.package_name,
        po1_0.payment_method,
        po1_0.payment_time,
        po1_0.price,
        po1_0.remaining_times,
        po1_0.staff_id,
        po1_0.staff_name,
        po1_0.status,
        po1_0.transaction_type,
        po1_0.updated_at,
        po1_0.user_id 
    from
        payment_orders po1_0 
    where
        po1_0.user_id=? 
        and po1_0.status=?
2026-01-22 12:23:27.565 - 
    select
        u1_0.id,
        u1_0.avatar_url,
        u1_0.created_at,
        u1_0.last_login_time,
        u1_0.member_expire_time,
        u1_0.member_level,
        u1_0.nickname,
        u1_0.openid,
        u1_0.phone,
        u1_0.points,
        u1_0.remaining_visits,
        u1_0.role,
        u1_0.total_visits,
        u1_0.updated_at 
    from
        users u1_0 
    where
        u1_0.id=?
2026-01-22 12:23:27.567 - 
    select
        po1_0.id,
        po1_0.card_end_date,
        po1_0.card_start_date,
        po1_0.card_status,
        po1_0.created_at,
        po1_0.order_no,
        po1_0.package_id,
        po1_0.package_name,
        po1_0.payment_method,
        po1_0.payment_time,
        po1_0.price,
        po1_0.remaining_times,
        po1_0.staff_id,
        po1_0.staff_name,
        po1_0.status,
        po1_0.transaction_type,
        po1_0.updated_at,
        po1_0.user_id 
    from
        payment_orders po1_0 
    where
        po1_0.user_id=? 
        and po1_0.status=?
2026-01-22 12:23:27.572 - 
    select
        u1_0.id,
        u1_0.avatar_url,
        u1_0.created_at,
        u1_0.last_login_time,
        u1_0.member_expire_time,
        u1_0.member_level,
        u1_0.nickname,
        u1_0.openid,
        u1_0.phone,
        u1_0.points,
        u1_0.remaining_visits,
        u1_0.role,
        u1_0.total_visits,
        u1_0.updated_at 
    from
        users u1_0 
    where
        u1_0.id=?
2026-01-22 12:23:27.574 - 
    select
        po1_0.id,
        po1_0.card_end_date,
        po1_0.card_start_date,
        po1_0.card_status,
        po1_0.created_at,
        po1_0.order_no,
        po1_0.package_id,
        po1_0.package_name,
        po1_0.payment_method,
        po1_0.payment_time,
        po1_0.price,
        po1_0.remaining_times,
        po1_0.staff_id,
        po1_0.staff_name,
        po1_0.status,
        po1_0.transaction_type,
        po1_0.updated_at,
        po1_0.user_id 
    from
        payment_orders po1_0 
    where
        po1_0.user_id=? 
        and po1_0.status=?
2026-01-22 12:23:27.969 - 
    select
        u1_0.id,
        u1_0.avatar_url,
        u1_0.created_at,
        u1_0.last_login_time,
        u1_0.member_expire_time,
        u1_0.member_level,
        u1_0.nickname,
        u1_0.openid,
        u1_0.phone,
        u1_0.points,
        u1_0.remaining_visits,
        u1_0.role,
        u1_0.total_visits,
        u1_0.updated_at 
    from
        users u1_0 
    where
        u1_0.id=?
2026-01-22 12:23:27.971 - 
    select
        u1_0.id,
        u1_0.avatar_url,
        u1_0.created_at,
        u1_0.last_login_time,
        u1_0.member_expire_time,
        u1_0.member_level,
        u1_0.nickname,
        u1_0.openid,
        u1_0.phone,
        u1_0.points,
        u1_0.remaining_visits,
        u1_0.role,
        u1_0.total_visits,
        u1_0.updated_at 
    from
        users u1_0 
    where
        u1_0.id=?
2026-01-22 12:23:27.971 - 
    select
        po1_0.id,
        po1_0.card_end_date,
        po1_0.card_start_date,
        po1_0.card_status,
        po1_0.created_at,
        po1_0.order_no,
        po1_0.package_id,
        po1_0.package_name,
        po1_0.payment_method,
        po1_0.payment_time,
        po1_0.price,
        po1_0.remaining_times,
        po1_0.staff_id,
        po1_0.staff_name,
        po1_0.status,
        po1_0.transaction_type,
        po1_0.updated_at,
        po1_0.user_id 
    from
        payment_orders po1_0 
    where
        po1_0.user_id=?
2026-01-22 12:23:27.971 - 
    select
        po1_0.id,
        po1_0.card_end_date,
        po1_0.card_start_date,
        po1_0.card_status,
        po1_0.created_at,
        po1_0.order_no,
        po1_0.package_id,
        po1_0.package_name,
        po1_0.payment_method,
        po1_0.payment_time,
        po1_0.price,
        po1_0.remaining_times,
        po1_0.staff_id,
        po1_0.staff_name,
        po1_0.status,
        po1_0.transaction_type,
        po1_0.updated_at,
        po1_0.user_id 
    from
        payment_orders po1_0 
    where
        po1_0.user_id=? 
        and po1_0.status=?
2026-01-22 12:23:27.973 - 
    select
        mp1_0.id,
        mp1_0.avg_price_per_time,
        mp1_0.badge,
        mp1_0.category,
        mp1_0.code,
        mp1_0.description,
        mp1_0.features,
        mp1_0.is_active,
        mp1_0.name,
        mp1_0.people,
        mp1_0.price,
        mp1_0.sort_order,
        mp1_0.times_per_person,
        mp1_0.validity_days 
    from
        member_packages mp1_0 
    where
        mp1_0.id=?
2026-01-22 12:23:27.973 - 
    select
        bo1_0.id,
        bo1_0.cabin_name,
        bo1_0.consume_time,
        bo1_0.created_at,
        bo1_0.date,
        bo1_0.order_no,
        bo1_0.original_price,
        bo1_0.payment_method,
        bo1_0.payment_order_id,
        bo1_0.payment_status,
        bo1_0.payment_time,
        bo1_0.price,
        bo1_0.seat_name,
        bo1_0.status,
        bo1_0.time_slot,
        bo1_0.updated_at,
        bo1_0.user_id 
    from
        booking_orders bo1_0 
    where
        bo1_0.user_id=? 
    order by
        bo1_0.created_at desc
2026-01-22 12:23:27.976 - 
    select
        u1_0.id,
        u1_0.avatar_url,
        u1_0.created_at,
        u1_0.last_login_time,
        u1_0.member_expire_time,
        u1_0.member_level,
        u1_0.nickname,
        u1_0.openid,
        u1_0.phone,
        u1_0.points,
        u1_0.remaining_visits,
        u1_0.role,
        u1_0.total_visits,
        u1_0.updated_at 
    from
        users u1_0 
    where
        u1_0.id=?
2026-01-22 12:23:27.978 - 
    select
        u1_0.id,
        u1_0.avatar_url,
        u1_0.created_at,
        u1_0.last_login_time,
        u1_0.member_expire_time,
        u1_0.member_level,
        u1_0.nickname,
        u1_0.openid,
        u1_0.phone,
        u1_0.points,
        u1_0.remaining_visits,
        u1_0.role,
        u1_0.total_visits,
        u1_0.updated_at 
    from
        users u1_0 
    where
        u1_0.id=?
2026-01-22 12:23:27.978 - 
    select
        po1_0.id,
        po1_0.card_end_date,
        po1_0.card_start_date,
        po1_0.card_status,
        po1_0.created_at,
        po1_0.order_no,
        po1_0.package_id,
        po1_0.package_name,
        po1_0.payment_method,
        po1_0.payment_time,
        po1_0.price,
        po1_0.remaining_times,
        po1_0.staff_id,
        po1_0.staff_name,
        po1_0.status,
        po1_0.transaction_type,
        po1_0.updated_at,
        po1_0.user_id 
    from
        payment_orders po1_0 
    where
        po1_0.user_id=?
2026-01-22 12:23:27.978 - 
    select
        po1_0.id,
        po1_0.card_end_date,
        po1_0.card_start_date,
        po1_0.card_status,
        po1_0.created_at,
        po1_0.order_no,
        po1_0.package_id,
        po1_0.package_name,
        po1_0.payment_method,
        po1_0.payment_time,
        po1_0.price,
        po1_0.remaining_times,
        po1_0.staff_id,
        po1_0.staff_name,
        po1_0.status,
        po1_0.transaction_type,
        po1_0.updated_at,
        po1_0.user_id 
    from
        payment_orders po1_0 
    where
        po1_0.user_id=? 
        and po1_0.status=?
2026-01-22 12:23:27.981 - 
    select
        mp1_0.id,
        mp1_0.avg_price_per_time,
        mp1_0.badge,
        mp1_0.category,
        mp1_0.code,
        mp1_0.description,
        mp1_0.features,
        mp1_0.is_active,
        mp1_0.name,
        mp1_0.people,
        mp1_0.price,
        mp1_0.sort_order,
        mp1_0.times_per_person,
        mp1_0.validity_days 
    from
        member_packages mp1_0 
    where
        mp1_0.id=?
2026-01-22 12:23:27.981 - 
    select
        bo1_0.id,
        bo1_0.cabin_name,
        bo1_0.consume_time,
        bo1_0.created_at,
        bo1_0.date,
        bo1_0.order_no,
        bo1_0.original_price,
        bo1_0.payment_method,
        bo1_0.payment_order_id,
        bo1_0.payment_status,
        bo1_0.payment_time,
        bo1_0.price,
        bo1_0.seat_name,
        bo1_0.status,
        bo1_0.time_slot,
        bo1_0.updated_at,
        bo1_0.user_id 
    from
        booking_orders bo1_0 
    where
        bo1_0.user_id=? 
    order by
        bo1_0.created_at desc
2026-01-22 12:23:27.988 - 
    select
        u1_0.id,
        u1_0.avatar_url,
        u1_0.created_at,
        u1_0.last_login_time,
        u1_0.member_expire_time,
        u1_0.member_level,
        u1_0.nickname,
        u1_0.openid,
        u1_0.phone,
        u1_0.points,
        u1_0.remaining_visits,
        u1_0.role,
        u1_0.total_visits,
        u1_0.updated_at 
    from
        users u1_0 
    where
        u1_0.id=?
2026-01-22 12:23:27.990 - 
    select
        po1_0.id,
        po1_0.card_end_date,
        po1_0.card_start_date,
        po1_0.card_status,
        po1_0.created_at,
        po1_0.order_no,
        po1_0.package_id,
        po1_0.package_name,
        po1_0.payment_method,
        po1_0.payment_time,
        po1_0.price,
        po1_0.remaining_times,
        po1_0.staff_id,
        po1_0.staff_name,
        po1_0.status,
        po1_0.transaction_type,
        po1_0.updated_at,
        po1_0.user_id 
    from
        payment_orders po1_0 
    where
        po1_0.user_id=? 
        and po1_0.status=?
2026-01-22 12:23:28.000 - 
    select
        u1_0.id,
        u1_0.avatar_url,
        u1_0.created_at,
        u1_0.last_login_time,
        u1_0.member_expire_time,
        u1_0.member_level,
        u1_0.nickname,
        u1_0.openid,
        u1_0.phone,
        u1_0.points,
        u1_0.remaining_visits,
        u1_0.role,
        u1_0.total_visits,
        u1_0.updated_at 
    from
        users u1_0 
    where
        u1_0.id=?
2026-01-22 12:23:28.002 - 
    select
        po1_0.id,
        po1_0.card_end_date,
        po1_0.card_start_date,
        po1_0.card_status,
        po1_0.created_at,
        po1_0.order_no,
        po1_0.package_id,
        po1_0.package_name,
        po1_0.payment_method,
        po1_0.payment_time,
        po1_0.price,
        po1_0.remaining_times,
        po1_0.staff_id,
        po1_0.staff_name,
        po1_0.status,
        po1_0.transaction_type,
        po1_0.updated_at,
        po1_0.user_id 
    from
        payment_orders po1_0 
    where
        po1_0.user_id=? 
        and po1_0.status=?
2026-01-22 12:23:55.139 - 
    select
        mp1_0.id,
        mp1_0.avg_price_per_time,
        mp1_0.badge,
        mp1_0.category,
        mp1_0.code,
        mp1_0.description,
        mp1_0.features,
        mp1_0.is_active,
        mp1_0.name,
        mp1_0.people,
        mp1_0.price,
        mp1_0.sort_order,
        mp1_0.times_per_person,
        mp1_0.validity_days 
    from
        member_packages mp1_0 
    where
        mp1_0.is_active 
    order by
        mp1_0.sort_order
2026-01-22 12:24:57.965 - 
    select
        s1_0.id,
        s1_0.created_at,
        s1_0.last_login_time,
        s1_0.name,
        s1_0.password,
        s1_0.phone,
        s1_0.status,
        s1_0.updated_at,
        s1_0.username 
    from
        staffs s1_0 
    where
        s1_0.username=?
2026-01-22 12:24:57.983 - 
    update
        staffs 
    set
        created_at=?,
        last_login_time=?,
        name=?,
        password=?,
        phone=?,
        status=?,
        updated_at=?,
        username=? 
    where
        id=?
2026-01-22 12:25:00.022 - 
    select
        bo1_0.id,
        bo1_0.cabin_name,
        bo1_0.consume_time,
        bo1_0.created_at,
        bo1_0.date,
        bo1_0.order_no,
        bo1_0.original_price,
        bo1_0.payment_method,
        bo1_0.payment_order_id,
        bo1_0.payment_status,
        bo1_0.payment_time,
        bo1_0.price,
        bo1_0.seat_name,
        bo1_0.status,
        bo1_0.time_slot,
        bo1_0.updated_at,
        bo1_0.user_id 
    from
        booking_orders bo1_0 
    where
        bo1_0.status=?
2026-01-22 12:28:41.946 - 
    select
        bo1_0.id,
        bo1_0.cabin_name,
        bo1_0.consume_time,
        bo1_0.created_at,
        bo1_0.date,
        bo1_0.order_no,
        bo1_0.original_price,
        bo1_0.payment_method,
        bo1_0.payment_order_id,
        bo1_0.payment_status,
        bo1_0.payment_time,
        bo1_0.price,
        bo1_0.seat_name,
        bo1_0.status,
        bo1_0.time_slot,
        bo1_0.updated_at,
        bo1_0.user_id 
    from
        booking_orders bo1_0 
    where
        bo1_0.order_no=?
2026-01-22 12:28:41.953 - 
    update
        booking_orders 
    set
        cabin_name=?,
        consume_time=?,
        created_at=?,
        date=?,
        order_no=?,
        original_price=?,
        payment_method=?,
        payment_order_id=?,
        payment_status=?,
        payment_time=?,
        price=?,
        seat_name=?,
        status=?,
        time_slot=?,
        updated_at=?,
        user_id=? 
    where
        id=?
2026-01-22 12:28:41.958 - 
    update
        booking_orders 
    set
        cabin_name=?,
        consume_time=?,
        created_at=?,
        date=?,
        order_no=?,
        original_price=?,
        payment_method=?,
        payment_order_id=?,
        payment_status=?,
        payment_time=?,
        price=?,
        seat_name=?,
        status=?,
        time_slot=?,
        updated_at=?,
        user_id=? 
    where
        id=?
2026-01-22 12:28:41.963 - 
    select
        dvr1_0.id,
        dvr1_0.created_at,
        dvr1_0.last_visit_time,
        dvr1_0.updated_at,
        dvr1_0.user_id,
        dvr1_0.visit_count,
        dvr1_0.visit_date 
    from
        daily_visit_records dvr1_0 
    where
        dvr1_0.user_id=? 
        and dvr1_0.visit_date=?
2026-01-22 12:28:41.968 - 
    insert 
    into
        daily_visit_records
        (created_at, last_visit_time, updated_at, user_id, visit_count, visit_date) 
    values
        (?, ?, ?, ?, ?, ?)
2026-01-22 12:28:41.973 - 
    update
        daily_visit_records 
    set
        created_at=?,
        last_visit_time=?,
        updated_at=?,
        user_id=?,
        visit_count=?,
        visit_date=? 
    where
        id=?
2026-01-22 12:28:41.976 - 
    select
        po1_0.id,
        po1_0.card_end_date,
        po1_0.card_start_date,
        po1_0.card_status,
        po1_0.created_at,
        po1_0.order_no,
        po1_0.package_id,
        po1_0.package_name,
        po1_0.payment_method,
        po1_0.payment_time,
        po1_0.price,
        po1_0.remaining_times,
        po1_0.staff_id,
        po1_0.staff_name,
        po1_0.status,
        po1_0.transaction_type,
        po1_0.updated_at,
        po1_0.user_id 
    from
        payment_orders po1_0 
    where
        po1_0.id=?
2026-01-22 12:28:41.978 - 
    select
        mp1_0.id,
        mp1_0.avg_price_per_time,
        mp1_0.badge,
        mp1_0.category,
        mp1_0.code,
        mp1_0.description,
        mp1_0.features,
        mp1_0.is_active,
        mp1_0.name,
        mp1_0.people,
        mp1_0.price,
        mp1_0.sort_order,
        mp1_0.times_per_person,
        mp1_0.validity_days 
    from
        member_packages mp1_0 
    where
        mp1_0.id=?
2026-01-22 12:28:41.981 - 
    update
        payment_orders 
    set
        card_end_date=?,
        card_start_date=?,
        card_status=?,
        created_at=?,
        order_no=?,
        package_id=?,
        package_name=?,
        payment_method=?,
        payment_time=?,
        price=?,
        remaining_times=?,
        staff_id=?,
        staff_name=?,
        status=?,
        transaction_type=?,
        updated_at=?,
        user_id=? 
    where
        id=?
2026-01-22 12:28:53.797 - 
    select
        po1_0.id,
        po1_0.card_end_date,
        po1_0.card_start_date,
        po1_0.card_status,
        po1_0.created_at,
        po1_0.order_no,
        po1_0.package_id,
        po1_0.package_name,
        po1_0.payment_method,
        po1_0.payment_time,
        po1_0.price,
        po1_0.remaining_times,
        po1_0.staff_id,
        po1_0.staff_name,
        po1_0.status,
        po1_0.transaction_type,
        po1_0.updated_at,
        po1_0.user_id 
    from
        payment_orders po1_0 
    where
        po1_0.user_id=?
2026-01-22 12:28:53.802 - 
    select
        mp1_0.id,
        mp1_0.avg_price_per_time,
        mp1_0.badge,
        mp1_0.category,
        mp1_0.code,
        mp1_0.description,
        mp1_0.features,
        mp1_0.is_active,
        mp1_0.name,
        mp1_0.people,
        mp1_0.price,
        mp1_0.sort_order,
        mp1_0.times_per_person,
        mp1_0.validity_days 
    from
        member_packages mp1_0 
    where
        mp1_0.id=?
2026-01-22 12:28:53.808 - 
    select
        po1_0.id,
        po1_0.card_end_date,
        po1_0.card_start_date,
        po1_0.card_status,
        po1_0.created_at,
        po1_0.order_no,
        po1_0.package_id,
        po1_0.package_name,
        po1_0.payment_method,
        po1_0.payment_time,
        po1_0.price,
        po1_0.remaining_times,
        po1_0.staff_id,
        po1_0.staff_name,
        po1_0.status,
        po1_0.transaction_type,
        po1_0.updated_at,
        po1_0.user_id 
    from
        payment_orders po1_0 
    where
        po1_0.user_id=?
2026-01-22 12:28:53.809 - 
    select
        mp1_0.id,
        mp1_0.avg_price_per_time,
        mp1_0.badge,
        mp1_0.category,
        mp1_0.code,
        mp1_0.description,
        mp1_0.features,
        mp1_0.is_active,
        mp1_0.name,
        mp1_0.people,
        mp1_0.price,
        mp1_0.sort_order,
        mp1_0.times_per_person,
        mp1_0.validity_days 
    from
        member_packages mp1_0 
    where
        mp1_0.id=?
2026-01-22 12:28:55.456 - 
    select
        u1_0.id,
        u1_0.avatar_url,
        u1_0.created_at,
        u1_0.last_login_time,
        u1_0.member_expire_time,
        u1_0.member_level,
        u1_0.nickname,
        u1_0.openid,
        u1_0.phone,
        u1_0.points,
        u1_0.remaining_visits,
        u1_0.role,
        u1_0.total_visits,
        u1_0.updated_at 
    from
        users u1_0 
    where
        u1_0.id=?
2026-01-22 12:28:55.457 - 
    select
        po1_0.id,
        po1_0.card_end_date,
        po1_0.card_start_date,
        po1_0.card_status,
        po1_0.created_at,
        po1_0.order_no,
        po1_0.package_id,
        po1_0.package_name,
        po1_0.payment_method,
        po1_0.payment_time,
        po1_0.price,
        po1_0.remaining_times,
        po1_0.staff_id,
        po1_0.staff_name,
        po1_0.status,
        po1_0.transaction_type,
        po1_0.updated_at,
        po1_0.user_id 
    from
        payment_orders po1_0 
    where
        po1_0.user_id=?
2026-01-22 12:28:55.458 - 
    select
        mp1_0.id,
        mp1_0.avg_price_per_time,
        mp1_0.badge,
        mp1_0.category,
        mp1_0.code,
        mp1_0.description,
        mp1_0.features,
        mp1_0.is_active,
        mp1_0.name,
        mp1_0.people,
        mp1_0.price,
        mp1_0.sort_order,
        mp1_0.times_per_person,
        mp1_0.validity_days 
    from
        member_packages mp1_0 
    where
        mp1_0.id=?
2026-01-22 12:28:55.459 - 
    select
        po1_0.id,
        po1_0.card_end_date,
        po1_0.card_start_date,
        po1_0.card_status,
        po1_0.created_at,
        po1_0.order_no,
        po1_0.package_id,
        po1_0.package_name,
        po1_0.payment_method,
        po1_0.payment_time,
        po1_0.price,
        po1_0.remaining_times,
        po1_0.staff_id,
        po1_0.staff_name,
        po1_0.status,
        po1_0.transaction_type,
        po1_0.updated_at,
        po1_0.user_id 
    from
        payment_orders po1_0 
    where
        po1_0.user_id=? 
        and po1_0.status=?
2026-01-22 12:28:55.460 - 
    select
        u1_0.id,
        u1_0.avatar_url,
        u1_0.created_at,
        u1_0.last_login_time,
        u1_0.member_expire_time,
        u1_0.member_level,
        u1_0.nickname,
        u1_0.openid,
        u1_0.phone,
        u1_0.points,
        u1_0.remaining_visits,
        u1_0.role,
        u1_0.total_visits,
        u1_0.updated_at 
    from
        users u1_0 
    where
        u1_0.id=?
2026-01-22 12:28:55.463 - 
    select
        bo1_0.id,
        bo1_0.cabin_name,
        bo1_0.consume_time,
        bo1_0.created_at,
        bo1_0.date,
        bo1_0.order_no,
        bo1_0.original_price,
        bo1_0.payment_method,
        bo1_0.payment_order_id,
        bo1_0.payment_status,
        bo1_0.payment_time,
        bo1_0.price,
        bo1_0.seat_name,
        bo1_0.status,
        bo1_0.time_slot,
        bo1_0.updated_at,
        bo1_0.user_id 
    from
        booking_orders bo1_0 
    where
        bo1_0.user_id=? 
    order by
        bo1_0.created_at desc
2026-01-22 12:28:55.464 - 
    select
        u1_0.id,
        u1_0.avatar_url,
        u1_0.created_at,
        u1_0.last_login_time,
        u1_0.member_expire_time,
        u1_0.member_level,
        u1_0.nickname,
        u1_0.openid,
        u1_0.phone,
        u1_0.points,
        u1_0.remaining_visits,
        u1_0.role,
        u1_0.total_visits,
        u1_0.updated_at 
    from
        users u1_0 
    where
        u1_0.id=?
2026-01-22 12:28:55.464 - 
    select
        po1_0.id,
        po1_0.card_end_date,
        po1_0.card_start_date,
        po1_0.card_status,
        po1_0.created_at,
        po1_0.order_no,
        po1_0.package_id,
        po1_0.package_name,
        po1_0.payment_method,
        po1_0.payment_time,
        po1_0.price,
        po1_0.remaining_times,
        po1_0.staff_id,
        po1_0.staff_name,
        po1_0.status,
        po1_0.transaction_type,
        po1_0.updated_at,
        po1_0.user_id 
    from
        payment_orders po1_0 
    where
        po1_0.user_id=?
2026-01-22 12:28:55.465 - 
    select
        mp1_0.id,
        mp1_0.avg_price_per_time,
        mp1_0.badge,
        mp1_0.category,
        mp1_0.code,
        mp1_0.description,
        mp1_0.features,
        mp1_0.is_active,
        mp1_0.name,
        mp1_0.people,
        mp1_0.price,
        mp1_0.sort_order,
        mp1_0.times_per_person,
        mp1_0.validity_days 
    from
        member_packages mp1_0 
    where
        mp1_0.id=?
2026-01-22 12:28:55.466 - 
    select
        po1_0.id,
        po1_0.card_end_date,
        po1_0.card_start_date,
        po1_0.card_status,
        po1_0.created_at,
        po1_0.order_no,
        po1_0.package_id,
        po1_0.package_name,
        po1_0.payment_method,
        po1_0.payment_time,
        po1_0.price,
        po1_0.remaining_times,
        po1_0.staff_id,
        po1_0.staff_name,
        po1_0.status,
        po1_0.transaction_type,
        po1_0.updated_at,
        po1_0.user_id 
    from
        payment_orders po1_0 
    where
        po1_0.user_id=? 
        and po1_0.status=?
2026-01-22 12:28:55.468 - 
    select
        u1_0.id,
        u1_0.avatar_url,
        u1_0.created_at,
        u1_0.last_login_time,
        u1_0.member_expire_time,
        u1_0.member_level,
        u1_0.nickname,
        u1_0.openid,
        u1_0.phone,
        u1_0.points,
        u1_0.remaining_visits,
        u1_0.role,
        u1_0.total_visits,
        u1_0.updated_at 
    from
        users u1_0 
    where
        u1_0.id=?
2026-01-22 12:28:55.470 - 
    select
        bo1_0.id,
        bo1_0.cabin_name,
        bo1_0.consume_time,
        bo1_0.created_at,
        bo1_0.date,
        bo1_0.order_no,
        bo1_0.original_price,
        bo1_0.payment_method,
        bo1_0.payment_order_id,
        bo1_0.payment_status,
        bo1_0.payment_time,
        bo1_0.price,
        bo1_0.seat_name,
        bo1_0.status,
        bo1_0.time_slot,
        bo1_0.updated_at,
        bo1_0.user_id 
    from
        booking_orders bo1_0 
    where
        bo1_0.user_id=? 
    order by
        bo1_0.created_at desc
2026-01-22 12:28:55.471 - 
    select
        u1_0.id,
        u1_0.avatar_url,
        u1_0.created_at,
        u1_0.last_login_time,
        u1_0.member_expire_time,
        u1_0.member_level,
        u1_0.nickname,
        u1_0.openid,
        u1_0.phone,
        u1_0.points,
        u1_0.remaining_visits,
        u1_0.role,
        u1_0.total_visits,
        u1_0.updated_at 
    from
        users u1_0 
    where
        u1_0.id=?
2026-01-22 12:28:55.473 - 
    select
        po1_0.id,
        po1_0.card_end_date,
        po1_0.card_start_date,
        po1_0.card_status,
        po1_0.created_at,
        po1_0.order_no,
        po1_0.package_id,
        po1_0.package_name,
        po1_0.payment_method,
        po1_0.payment_time,
        po1_0.price,
        po1_0.remaining_times,
        po1_0.staff_id,
        po1_0.staff_name,
        po1_0.status,
        po1_0.transaction_type,
        po1_0.updated_at,
        po1_0.user_id 
    from
        payment_orders po1_0 
    where
        po1_0.user_id=? 
        and po1_0.status=?
2026-01-22 12:28:55.482 - 
    select
        u1_0.id,
        u1_0.avatar_url,
        u1_0.created_at,
        u1_0.last_login_time,
        u1_0.member_expire_time,
        u1_0.member_level,
        u1_0.nickname,
        u1_0.openid,
        u1_0.phone,
        u1_0.points,
        u1_0.remaining_visits,
        u1_0.role,
        u1_0.total_visits,
        u1_0.updated_at 
    from
        users u1_0 
    where
        u1_0.id=?
2026-01-22 12:28:55.484 - 
    select
        po1_0.id,
        po1_0.card_end_date,
        po1_0.card_start_date,
        po1_0.card_status,
        po1_0.created_at,
        po1_0.order_no,
        po1_0.package_id,
        po1_0.package_name,
        po1_0.payment_method,
        po1_0.payment_time,
        po1_0.price,
        po1_0.remaining_times,
        po1_0.staff_id,
        po1_0.staff_name,
        po1_0.status,
        po1_0.transaction_type,
        po1_0.updated_at,
        po1_0.user_id 
    from
        payment_orders po1_0 
    where
        po1_0.user_id=? 
        and po1_0.status=?
2026-01-22 12:29:06.659 - 
    select
        mp1_0.id,
        mp1_0.avg_price_per_time,
        mp1_0.badge,
        mp1_0.category,
        mp1_0.code,
        mp1_0.description,
        mp1_0.features,
        mp1_0.is_active,
        mp1_0.name,
        mp1_0.people,
        mp1_0.price,
        mp1_0.sort_order,
        mp1_0.times_per_person,
        mp1_0.validity_days 
    from
        member_packages mp1_0 
    where
        mp1_0.category=? 
        and mp1_0.is_active 
    order by
        mp1_0.sort_order
2026-01-22 12:29:06.664 - 
    select
        mp1_0.id,
        mp1_0.avg_price_per_time,
        mp1_0.badge,
        mp1_0.category,
        mp1_0.code,
        mp1_0.description,
        mp1_0.features,
        mp1_0.is_active,
        mp1_0.name,
        mp1_0.people,
        mp1_0.price,
        mp1_0.sort_order,
        mp1_0.times_per_person,
        mp1_0.validity_days 
    from
        member_packages mp1_0 
    where
        mp1_0.category=? 
        and mp1_0.is_active 
    order by
        mp1_0.sort_order
2026-01-22 12:29:08.173 - 
    select
        po1_0.id,
        po1_0.card_end_date,
        po1_0.card_start_date,
        po1_0.card_status,
        po1_0.created_at,
        po1_0.order_no,
        po1_0.package_id,
        po1_0.package_name,
        po1_0.payment_method,
        po1_0.payment_time,
        po1_0.price,
        po1_0.remaining_times,
        po1_0.staff_id,
        po1_0.staff_name,
        po1_0.status,
        po1_0.transaction_type,
        po1_0.updated_at,
        po1_0.user_id 
    from
        payment_orders po1_0 
    where
        po1_0.user_id=?
2026-01-22 12:29:08.176 - 
    select
        mp1_0.id,
        mp1_0.avg_price_per_time,
        mp1_0.badge,
        mp1_0.category,
        mp1_0.code,
        mp1_0.description,
        mp1_0.features,
        mp1_0.is_active,
        mp1_0.name,
        mp1_0.people,
        mp1_0.price,
        mp1_0.sort_order,
        mp1_0.times_per_person,
        mp1_0.validity_days 
    from
        member_packages mp1_0 
    where
        mp1_0.id=?
2026-01-22 12:29:08.188 - 
    select
        u1_0.id,
        u1_0.avatar_url,
        u1_0.created_at,
        u1_0.last_login_time,
        u1_0.member_expire_time,
        u1_0.member_level,
        u1_0.nickname,
        u1_0.openid,
        u1_0.phone,
        u1_0.points,
        u1_0.remaining_visits,
        u1_0.role,
        u1_0.total_visits,
        u1_0.updated_at 
    from
        users u1_0 
    where
        u1_0.id=?
2026-01-22 12:29:08.192 - 
    select
        po1_0.id,
        po1_0.card_end_date,
        po1_0.card_start_date,
        po1_0.card_status,
        po1_0.created_at,
        po1_0.order_no,
        po1_0.package_id,
        po1_0.package_name,
        po1_0.payment_method,
        po1_0.payment_time,
        po1_0.price,
        po1_0.remaining_times,
        po1_0.staff_id,
        po1_0.staff_name,
        po1_0.status,
        po1_0.transaction_type,
        po1_0.updated_at,
        po1_0.user_id 
    from
        payment_orders po1_0 
    where
        po1_0.user_id=? 
        and po1_0.status=?
2026-01-22 12:29:08.210 - 
    select
        s1_0.id,
        s1_0.created_at,
        s1_0.last_login_time,
        s1_0.name,
        s1_0.password,
        s1_0.phone,
        s1_0.status,
        s1_0.updated_at,
        s1_0.username 
    from
        staffs s1_0 
    where
        s1_0.status=?
2026-01-22 12:29:11.530 - 
    select
        u1_0.id,
        u1_0.avatar_url,
        u1_0.created_at,
        u1_0.last_login_time,
        u1_0.member_expire_time,
        u1_0.member_level,
        u1_0.nickname,
        u1_0.openid,
        u1_0.phone,
        u1_0.points,
        u1_0.remaining_visits,
        u1_0.role,
        u1_0.total_visits,
        u1_0.updated_at 
    from
        users u1_0 
    where
        u1_0.id=?
2026-01-22 12:29:11.532 - 
    select
        mp1_0.id,
        mp1_0.avg_price_per_time,
        mp1_0.badge,
        mp1_0.category,
        mp1_0.code,
        mp1_0.description,
        mp1_0.features,
        mp1_0.is_active,
        mp1_0.name,
        mp1_0.people,
        mp1_0.price,
        mp1_0.sort_order,
        mp1_0.times_per_person,
        mp1_0.validity_days 
    from
        member_packages mp1_0 
    where
        mp1_0.id=?
2026-01-22 12:29:11.534 - 
    select
        po1_0.id,
        po1_0.card_end_date,
        po1_0.card_start_date,
        po1_0.card_status,
        po1_0.created_at,
        po1_0.order_no,
        po1_0.package_id,
        po1_0.package_name,
        po1_0.payment_method,
        po1_0.payment_time,
        po1_0.price,
        po1_0.remaining_times,
        po1_0.staff_id,
        po1_0.staff_name,
        po1_0.status,
        po1_0.transaction_type,
        po1_0.updated_at,
        po1_0.user_id 
    from
        payment_orders po1_0 
    where
        po1_0.user_id=? 
        and po1_0.status=?
2026-01-22 12:29:11.537 - 
    insert 
    into
        payment_orders
        (card_end_date, card_start_date, card_status, created_at, order_no, package_id, package_name, payment_method, payment_time, price, remaining_times, staff_id, staff_name, status, transaction_type, updated_at, user_id) 
    values
        (?, ?, ?, ?, ?, ?, ?, ?, ?, ?, ?, ?, ?, ?, ?, ?, ?)
2026-01-22 12:29:11.551 - 
    select
        po1_0.id,
        po1_0.card_end_date,
        po1_0.card_start_date,
        po1_0.card_status,
        po1_0.created_at,
        po1_0.order_no,
        po1_0.package_id,
        po1_0.package_name,
        po1_0.payment_method,
        po1_0.payment_time,
        po1_0.price,
        po1_0.remaining_times,
        po1_0.staff_id,
        po1_0.staff_name,
        po1_0.status,
        po1_0.transaction_type,
        po1_0.updated_at,
        po1_0.user_id 
    from
        payment_orders po1_0 
    where
        po1_0.id=?
2026-01-22 12:29:11.553 - 
    select
        u1_0.id,
        u1_0.avatar_url,
        u1_0.created_at,
        u1_0.last_login_time,
        u1_0.member_expire_time,
        u1_0.member_level,
        u1_0.nickname,
        u1_0.openid,
        u1_0.phone,
        u1_0.points,
        u1_0.remaining_visits,
        u1_0.role,
        u1_0.total_visits,
        u1_0.updated_at 
    from
        users u1_0 
    where
        u1_0.id=?
2026-01-22 12:29:12.172 - 
    select
        po1_0.id,
        po1_0.card_end_date,
        po1_0.card_start_date,
        po1_0.card_status,
        po1_0.created_at,
        po1_0.order_no,
        po1_0.package_id,
        po1_0.package_name,
        po1_0.payment_method,
        po1_0.payment_time,
        po1_0.price,
        po1_0.remaining_times,
        po1_0.staff_id,
        po1_0.staff_name,
        po1_0.status,
        po1_0.transaction_type,
        po1_0.updated_at,
        po1_0.user_id 
    from
        payment_orders po1_0 
    where
        po1_0.id=?
2026-01-22 12:29:12.175 - 
    select
        mp1_0.id,
        mp1_0.avg_price_per_time,
        mp1_0.badge,
        mp1_0.category,
        mp1_0.code,
        mp1_0.description,
        mp1_0.features,
        mp1_0.is_active,
        mp1_0.name,
        mp1_0.people,
        mp1_0.price,
        mp1_0.sort_order,
        mp1_0.times_per_person,
        mp1_0.validity_days 
    from
        member_packages mp1_0 
    where
        mp1_0.id=?
2026-01-22 12:29:12.177 - 
    update
        payment_orders 
    set
        card_end_date=?,
        card_start_date=?,
        card_status=?,
        created_at=?,
        order_no=?,
        package_id=?,
        package_name=?,
        payment_method=?,
        payment_time=?,
        price=?,
        remaining_times=?,
        staff_id=?,
        staff_name=?,
        status=?,
        transaction_type=?,
        updated_at=?,
        user_id=? 
    where
        id=?
2026-01-22 12:29:12.180 - 
    select
        u1_0.id,
        u1_0.avatar_url,
        u1_0.created_at,
        u1_0.last_login_time,
        u1_0.member_expire_time,
        u1_0.member_level,
        u1_0.nickname,
        u1_0.openid,
        u1_0.phone,
        u1_0.points,
        u1_0.remaining_visits,
        u1_0.role,
        u1_0.total_visits,
        u1_0.updated_at 
    from
        users u1_0 
    where
        u1_0.id=?
2026-01-22 12:29:12.184 - 
    update
        users 
    set
        avatar_url=?,
        created_at=?,
        last_login_time=?,
        member_expire_time=?,
        member_level=?,
        nickname=?,
        openid=?,
        phone=?,
        points=?,
        remaining_visits=?,
        role=?,
        total_visits=?,
        updated_at=? 
    where
        id=?
2026-01-22 12:29:14.481 - 
    select
        u1_0.id,
        u1_0.avatar_url,
        u1_0.created_at,
        u1_0.last_login_time,
        u1_0.member_expire_time,
        u1_0.member_level,
        u1_0.nickname,
        u1_0.openid,
        u1_0.phone,
        u1_0.points,
        u1_0.remaining_visits,
        u1_0.role,
        u1_0.total_visits,
        u1_0.updated_at 
    from
        users u1_0 
    where
        u1_0.id=?
2026-01-22 12:29:14.481 - 
    select
        u1_0.id,
        u1_0.avatar_url,
        u1_0.created_at,
        u1_0.last_login_time,
        u1_0.member_expire_time,
        u1_0.member_level,
        u1_0.nickname,
        u1_0.openid,
        u1_0.phone,
        u1_0.points,
        u1_0.remaining_visits,
        u1_0.role,
        u1_0.total_visits,
        u1_0.updated_at 
    from
        users u1_0 
    where
        u1_0.id=?
2026-01-22 12:29:14.481 - 
    select
        po1_0.id,
        po1_0.card_end_date,
        po1_0.card_start_date,
        po1_0.card_status,
        po1_0.created_at,
        po1_0.order_no,
        po1_0.package_id,
        po1_0.package_name,
        po1_0.payment_method,
        po1_0.payment_time,
        po1_0.price,
        po1_0.remaining_times,
        po1_0.staff_id,
        po1_0.staff_name,
        po1_0.status,
        po1_0.transaction_type,
        po1_0.updated_at,
        po1_0.user_id 
    from
        payment_orders po1_0 
    where
        po1_0.user_id=?
2026-01-22 12:29:14.482 - 
    select
        mp1_0.id,
        mp1_0.avg_price_per_time,
        mp1_0.badge,
        mp1_0.category,
        mp1_0.code,
        mp1_0.description,
        mp1_0.features,
        mp1_0.is_active,
        mp1_0.name,
        mp1_0.people,
        mp1_0.price,
        mp1_0.sort_order,
        mp1_0.times_per_person,
        mp1_0.validity_days 
    from
        member_packages mp1_0 
    where
        mp1_0.id=?
2026-01-22 12:29:14.483 - 
    select
        po1_0.id,
        po1_0.card_end_date,
        po1_0.card_start_date,
        po1_0.card_status,
        po1_0.created_at,
        po1_0.order_no,
        po1_0.package_id,
        po1_0.package_name,
        po1_0.payment_method,
        po1_0.payment_time,
        po1_0.price,
        po1_0.remaining_times,
        po1_0.staff_id,
        po1_0.staff_name,
        po1_0.status,
        po1_0.transaction_type,
        po1_0.updated_at,
        po1_0.user_id 
    from
        payment_orders po1_0 
    where
        po1_0.user_id=? 
        and po1_0.status=?
2026-01-22 12:29:14.483 - 
    select
        bo1_0.id,
        bo1_0.cabin_name,
        bo1_0.consume_time,
        bo1_0.created_at,
        bo1_0.date,
        bo1_0.order_no,
        bo1_0.original_price,
        bo1_0.payment_method,
        bo1_0.payment_order_id,
        bo1_0.payment_status,
        bo1_0.payment_time,
        bo1_0.price,
        bo1_0.seat_name,
        bo1_0.status,
        bo1_0.time_slot,
        bo1_0.updated_at,
        bo1_0.user_id 
    from
        booking_orders bo1_0 
    where
        bo1_0.user_id=? 
    order by
        bo1_0.created_at desc
2026-01-22 12:29:14.484 - 
    select
        mp1_0.id,
        mp1_0.avg_price_per_time,
        mp1_0.badge,
        mp1_0.category,
        mp1_0.code,
        mp1_0.description,
        mp1_0.features,
        mp1_0.is_active,
        mp1_0.name,
        mp1_0.people,
        mp1_0.price,
        mp1_0.sort_order,
        mp1_0.times_per_person,
        mp1_0.validity_days 
    from
        member_packages mp1_0 
    where
        mp1_0.id=?
2026-01-22 12:29:14.487 - 
    select
        u1_0.id,
        u1_0.avatar_url,
        u1_0.created_at,
        u1_0.last_login_time,
        u1_0.member_expire_time,
        u1_0.member_level,
        u1_0.nickname,
        u1_0.openid,
        u1_0.phone,
        u1_0.points,
        u1_0.remaining_visits,
        u1_0.role,
        u1_0.total_visits,
        u1_0.updated_at 
    from
        users u1_0 
    where
        u1_0.id=?
2026-01-22 12:29:14.487 - 
    select
        u1_0.id,
        u1_0.avatar_url,
        u1_0.created_at,
        u1_0.last_login_time,
        u1_0.member_expire_time,
        u1_0.member_level,
        u1_0.nickname,
        u1_0.openid,
        u1_0.phone,
        u1_0.points,
        u1_0.remaining_visits,
        u1_0.role,
        u1_0.total_visits,
        u1_0.updated_at 
    from
        users u1_0 
    where
        u1_0.id=?
2026-01-22 12:29:14.489 - 
    select
        po1_0.id,
        po1_0.card_end_date,
        po1_0.card_start_date,
        po1_0.card_status,
        po1_0.created_at,
        po1_0.order_no,
        po1_0.package_id,
        po1_0.package_name,
        po1_0.payment_method,
        po1_0.payment_time,
        po1_0.price,
        po1_0.remaining_times,
        po1_0.staff_id,
        po1_0.staff_name,
        po1_0.status,
        po1_0.transaction_type,
        po1_0.updated_at,
        po1_0.user_id 
    from
        payment_orders po1_0 
    where
        po1_0.user_id=? 
        and po1_0.status=?
2026-01-22 12:29:14.489 - 
    select
        po1_0.id,
        po1_0.card_end_date,
        po1_0.card_start_date,
        po1_0.card_status,
        po1_0.created_at,
        po1_0.order_no,
        po1_0.package_id,
        po1_0.package_name,
        po1_0.payment_method,
        po1_0.payment_time,
        po1_0.price,
        po1_0.remaining_times,
        po1_0.staff_id,
        po1_0.staff_name,
        po1_0.status,
        po1_0.transaction_type,
        po1_0.updated_at,
        po1_0.user_id 
    from
        payment_orders po1_0 
    where
        po1_0.user_id=?
2026-01-22 12:29:14.489 - 
    select
        bo1_0.id,
        bo1_0.cabin_name,
        bo1_0.consume_time,
        bo1_0.created_at,
        bo1_0.date,
        bo1_0.order_no,
        bo1_0.original_price,
        bo1_0.payment_method,
        bo1_0.payment_order_id,
        bo1_0.payment_status,
        bo1_0.payment_time,
        bo1_0.price,
        bo1_0.seat_name,
        bo1_0.status,
        bo1_0.time_slot,
        bo1_0.updated_at,
        bo1_0.user_id 
    from
        booking_orders bo1_0 
    where
        bo1_0.user_id=? 
    order by
        bo1_0.created_at desc
2026-01-22 12:29:14.491 - 
    select
        mp1_0.id,
        mp1_0.avg_price_per_time,
        mp1_0.badge,
        mp1_0.category,
        mp1_0.code,
        mp1_0.description,
        mp1_0.features,
        mp1_0.is_active,
        mp1_0.name,
        mp1_0.people,
        mp1_0.price,
        mp1_0.sort_order,
        mp1_0.times_per_person,
        mp1_0.validity_days 
    from
        member_packages mp1_0 
    where
        mp1_0.id=?
2026-01-22 12:29:14.493 - 
    select
        mp1_0.id,
        mp1_0.avg_price_per_time,
        mp1_0.badge,
        mp1_0.category,
        mp1_0.code,
        mp1_0.description,
        mp1_0.features,
        mp1_0.is_active,
        mp1_0.name,
        mp1_0.people,
        mp1_0.price,
        mp1_0.sort_order,
        mp1_0.times_per_person,
        mp1_0.validity_days 
    from
        member_packages mp1_0 
    where
        mp1_0.id=?
2026-01-22 12:29:14.505 - 
    select
        u1_0.id,
        u1_0.avatar_url,
        u1_0.created_at,
        u1_0.last_login_time,
        u1_0.member_expire_time,
        u1_0.member_level,
        u1_0.nickname,
        u1_0.openid,
        u1_0.phone,
        u1_0.points,
        u1_0.remaining_visits,
        u1_0.role,
        u1_0.total_visits,
        u1_0.updated_at 
    from
        users u1_0 
    where
        u1_0.id=?
2026-01-22 12:29:14.508 - 
    select
        po1_0.id,
        po1_0.card_end_date,
        po1_0.card_start_date,
        po1_0.card_status,
        po1_0.created_at,
        po1_0.order_no,
        po1_0.package_id,
        po1_0.package_name,
        po1_0.payment_method,
        po1_0.payment_time,
        po1_0.price,
        po1_0.remaining_times,
        po1_0.staff_id,
        po1_0.staff_name,
        po1_0.status,
        po1_0.transaction_type,
        po1_0.updated_at,
        po1_0.user_id 
    from
        payment_orders po1_0 
    where
        po1_0.user_id=? 
        and po1_0.status=?
2026-01-22 12:29:14.516 - 
    select
        u1_0.id,
        u1_0.avatar_url,
        u1_0.created_at,
        u1_0.last_login_time,
        u1_0.member_expire_time,
        u1_0.member_level,
        u1_0.nickname,
        u1_0.openid,
        u1_0.phone,
        u1_0.points,
        u1_0.remaining_visits,
        u1_0.role,
        u1_0.total_visits,
        u1_0.updated_at 
    from
        users u1_0 
    where
        u1_0.id=?
2026-01-22 12:29:14.518 - 
    select
        po1_0.id,
        po1_0.card_end_date,
        po1_0.card_start_date,
        po1_0.card_status,
        po1_0.created_at,
        po1_0.order_no,
        po1_0.package_id,
        po1_0.package_name,
        po1_0.payment_method,
        po1_0.payment_time,
        po1_0.price,
        po1_0.remaining_times,
        po1_0.staff_id,
        po1_0.staff_name,
        po1_0.status,
        po1_0.transaction_type,
        po1_0.updated_at,
        po1_0.user_id 
    from
        payment_orders po1_0 
    where
        po1_0.user_id=? 
        and po1_0.status=?
2026-01-22 12:29:53.429 - 
    select
        mp1_0.id,
        mp1_0.avg_price_per_time,
        mp1_0.badge,
        mp1_0.category,
        mp1_0.code,
        mp1_0.description,
        mp1_0.features,
        mp1_0.is_active,
        mp1_0.name,
        mp1_0.people,
        mp1_0.price,
        mp1_0.sort_order,
        mp1_0.times_per_person,
        mp1_0.validity_days 
    from
        member_packages mp1_0 
    where
        mp1_0.category=? 
        and mp1_0.is_active 
    order by
        mp1_0.sort_order
2026-01-22 12:29:53.434 - 
    select
        mp1_0.id,
        mp1_0.avg_price_per_time,
        mp1_0.badge,
        mp1_0.category,
        mp1_0.code,
        mp1_0.description,
        mp1_0.features,
        mp1_0.is_active,
        mp1_0.name,
        mp1_0.people,
        mp1_0.price,
        mp1_0.sort_order,
        mp1_0.times_per_person,
        mp1_0.validity_days 
    from
        member_packages mp1_0 
    where
        mp1_0.category=? 
        and mp1_0.is_active 
    order by
        mp1_0.sort_order
2026-01-22 12:29:55.650 - 
    select
        mp1_0.id,
        mp1_0.avg_price_per_time,
        mp1_0.badge,
        mp1_0.category,
        mp1_0.code,
        mp1_0.description,
        mp1_0.features,
        mp1_0.is_active,
        mp1_0.name,
        mp1_0.people,
        mp1_0.price,
        mp1_0.sort_order,
        mp1_0.times_per_person,
        mp1_0.validity_days 
    from
        member_packages mp1_0 
    where
        mp1_0.category=? 
        and mp1_0.is_active 
    order by
        mp1_0.sort_order
2026-01-22 12:29:58.631 - 
    select
        mp1_0.id,
        mp1_0.avg_price_per_time,
        mp1_0.badge,
        mp1_0.category,
        mp1_0.code,
        mp1_0.description,
        mp1_0.features,
        mp1_0.is_active,
        mp1_0.name,
        mp1_0.people,
        mp1_0.price,
        mp1_0.sort_order,
        mp1_0.times_per_person,
        mp1_0.validity_days 
    from
        member_packages mp1_0 
    where
        mp1_0.category=? 
        and mp1_0.is_active 
    order by
        mp1_0.sort_order
2026-01-22 12:30:00.009 - 
    select
        bo1_0.id,
        bo1_0.cabin_name,
        bo1_0.consume_time,
        bo1_0.created_at,
        bo1_0.date,
        bo1_0.order_no,
        bo1_0.original_price,
        bo1_0.payment_method,
        bo1_0.payment_order_id,
        bo1_0.payment_status,
        bo1_0.payment_time,
        bo1_0.price,
        bo1_0.seat_name,
        bo1_0.status,
        bo1_0.time_slot,
        bo1_0.updated_at,
        bo1_0.user_id 
    from
        booking_orders bo1_0 
    where
        bo1_0.status=?
2026-01-22 12:31:25.729 - 
    select
        u1_0.id,
        u1_0.avatar_url,
        u1_0.created_at,
        u1_0.last_login_time,
        u1_0.member_expire_time,
        u1_0.member_level,
        u1_0.nickname,
        u1_0.openid,
        u1_0.phone,
        u1_0.points,
        u1_0.remaining_visits,
        u1_0.role,
        u1_0.total_visits,
        u1_0.updated_at 
    from
        users u1_0 
    where
        u1_0.id=?
2026-01-22 12:31:25.729 - 
    select
        u1_0.id,
        u1_0.avatar_url,
        u1_0.created_at,
        u1_0.last_login_time,
        u1_0.member_expire_time,
        u1_0.member_level,
        u1_0.nickname,
        u1_0.openid,
        u1_0.phone,
        u1_0.points,
        u1_0.remaining_visits,
        u1_0.role,
        u1_0.total_visits,
        u1_0.updated_at 
    from
        users u1_0 
    where
        u1_0.id=?
2026-01-22 12:31:25.730 - 
    select
        po1_0.id,
        po1_0.card_end_date,
        po1_0.card_start_date,
        po1_0.card_status,
        po1_0.created_at,
        po1_0.order_no,
        po1_0.package_id,
        po1_0.package_name,
        po1_0.payment_method,
        po1_0.payment_time,
        po1_0.price,
        po1_0.remaining_times,
        po1_0.staff_id,
        po1_0.staff_name,
        po1_0.status,
        po1_0.transaction_type,
        po1_0.updated_at,
        po1_0.user_id 
    from
        payment_orders po1_0 
    where
        po1_0.user_id=?
2026-01-22 12:31:25.731 - 
    select
        mp1_0.id,
        mp1_0.avg_price_per_time,
        mp1_0.badge,
        mp1_0.category,
        mp1_0.code,
        mp1_0.description,
        mp1_0.features,
        mp1_0.is_active,
        mp1_0.name,
        mp1_0.people,
        mp1_0.price,
        mp1_0.sort_order,
        mp1_0.times_per_person,
        mp1_0.validity_days 
    from
        member_packages mp1_0 
    where
        mp1_0.id=?
2026-01-22 12:31:25.732 - 
    select
        bo1_0.id,
        bo1_0.cabin_name,
        bo1_0.consume_time,
        bo1_0.created_at,
        bo1_0.date,
        bo1_0.order_no,
        bo1_0.original_price,
        bo1_0.payment_method,
        bo1_0.payment_order_id,
        bo1_0.payment_status,
        bo1_0.payment_time,
        bo1_0.price,
        bo1_0.seat_name,
        bo1_0.status,
        bo1_0.time_slot,
        bo1_0.updated_at,
        bo1_0.user_id 
    from
        booking_orders bo1_0 
    where
        bo1_0.user_id=? 
    order by
        bo1_0.created_at desc
2026-01-22 12:31:25.732 - 
    select
        po1_0.id,
        po1_0.card_end_date,
        po1_0.card_start_date,
        po1_0.card_status,
        po1_0.created_at,
        po1_0.order_no,
        po1_0.package_id,
        po1_0.package_name,
        po1_0.payment_method,
        po1_0.payment_time,
        po1_0.price,
        po1_0.remaining_times,
        po1_0.staff_id,
        po1_0.staff_name,
        po1_0.status,
        po1_0.transaction_type,
        po1_0.updated_at,
        po1_0.user_id 
    from
        payment_orders po1_0 
    where
        po1_0.user_id=? 
        and po1_0.status=?
2026-01-22 12:31:25.734 - 
    select
        mp1_0.id,
        mp1_0.avg_price_per_time,
        mp1_0.badge,
        mp1_0.category,
        mp1_0.code,
        mp1_0.description,
        mp1_0.features,
        mp1_0.is_active,
        mp1_0.name,
        mp1_0.people,
        mp1_0.price,
        mp1_0.sort_order,
        mp1_0.times_per_person,
        mp1_0.validity_days 
    from
        member_packages mp1_0 
    where
        mp1_0.id=?
2026-01-22 12:31:25.738 - 
    select
        po1_0.id,
        po1_0.card_end_date,
        po1_0.card_start_date,
        po1_0.card_status,
        po1_0.created_at,
        po1_0.order_no,
        po1_0.package_id,
        po1_0.package_name,
        po1_0.payment_method,
        po1_0.payment_time,
        po1_0.price,
        po1_0.remaining_times,
        po1_0.staff_id,
        po1_0.staff_name,
        po1_0.status,
        po1_0.transaction_type,
        po1_0.updated_at,
        po1_0.user_id 
    from
        payment_orders po1_0 
    where
        po1_0.user_id=?
2026-01-22 12:31:25.739 - 
    select
        u1_0.id,
        u1_0.avatar_url,
        u1_0.created_at,
        u1_0.last_login_time,
        u1_0.member_expire_time,
        u1_0.member_level,
        u1_0.nickname,
        u1_0.openid,
        u1_0.phone,
        u1_0.points,
        u1_0.remaining_visits,
        u1_0.role,
        u1_0.total_visits,
        u1_0.updated_at 
    from
        users u1_0 
    where
        u1_0.id=?
2026-01-22 12:31:25.739 - 
    select
        u1_0.id,
        u1_0.avatar_url,
        u1_0.created_at,
        u1_0.last_login_time,
        u1_0.member_expire_time,
        u1_0.member_level,
        u1_0.nickname,
        u1_0.openid,
        u1_0.phone,
        u1_0.points,
        u1_0.remaining_visits,
        u1_0.role,
        u1_0.total_visits,
        u1_0.updated_at 
    from
        users u1_0 
    where
        u1_0.id=?
2026-01-22 12:31:25.739 - 
    select
        mp1_0.id,
        mp1_0.avg_price_per_time,
        mp1_0.badge,
        mp1_0.category,
        mp1_0.code,
        mp1_0.description,
        mp1_0.features,
        mp1_0.is_active,
        mp1_0.name,
        mp1_0.people,
        mp1_0.price,
        mp1_0.sort_order,
        mp1_0.times_per_person,
        mp1_0.validity_days 
    from
        member_packages mp1_0 
    where
        mp1_0.id=?
2026-01-22 12:31:25.740 - 
    select
        po1_0.id,
        po1_0.card_end_date,
        po1_0.card_start_date,
        po1_0.card_status,
        po1_0.created_at,
        po1_0.order_no,
        po1_0.package_id,
        po1_0.package_name,
        po1_0.payment_method,
        po1_0.payment_time,
        po1_0.price,
        po1_0.remaining_times,
        po1_0.staff_id,
        po1_0.staff_name,
        po1_0.status,
        po1_0.transaction_type,
        po1_0.updated_at,
        po1_0.user_id 
    from
        payment_orders po1_0 
    where
        po1_0.user_id=? 
        and po1_0.status=?
2026-01-22 12:31:25.740 - 
    select
        bo1_0.id,
        bo1_0.cabin_name,
        bo1_0.consume_time,
        bo1_0.created_at,
        bo1_0.date,
        bo1_0.order_no,
        bo1_0.original_price,
        bo1_0.payment_method,
        bo1_0.payment_order_id,
        bo1_0.payment_status,
        bo1_0.payment_time,
        bo1_0.price,
        bo1_0.seat_name,
        bo1_0.status,
        bo1_0.time_slot,
        bo1_0.updated_at,
        bo1_0.user_id 
    from
        booking_orders bo1_0 
    where
        bo1_0.user_id=? 
    order by
        bo1_0.created_at desc
2026-01-22 12:31:25.741 - 
    select
        mp1_0.id,
        mp1_0.avg_price_per_time,
        mp1_0.badge,
        mp1_0.category,
        mp1_0.code,
        mp1_0.description,
        mp1_0.features,
        mp1_0.is_active,
        mp1_0.name,
        mp1_0.people,
        mp1_0.price,
        mp1_0.sort_order,
        mp1_0.times_per_person,
        mp1_0.validity_days 
    from
        member_packages mp1_0 
    where
        mp1_0.id=?
2026-01-22 12:31:25.758 - 
    select
        u1_0.id,
        u1_0.avatar_url,
        u1_0.created_at,
        u1_0.last_login_time,
        u1_0.member_expire_time,
        u1_0.member_level,
        u1_0.nickname,
        u1_0.openid,
        u1_0.phone,
        u1_0.points,
        u1_0.remaining_visits,
        u1_0.role,
        u1_0.total_visits,
        u1_0.updated_at 
    from
        users u1_0 
    where
        u1_0.id=?
2026-01-22 12:31:25.759 - 
    select
        po1_0.id,
        po1_0.card_end_date,
        po1_0.card_start_date,
        po1_0.card_status,
        po1_0.created_at,
        po1_0.order_no,
        po1_0.package_id,
        po1_0.package_name,
        po1_0.payment_method,
        po1_0.payment_time,
        po1_0.price,
        po1_0.remaining_times,
        po1_0.staff_id,
        po1_0.staff_name,
        po1_0.status,
        po1_0.transaction_type,
        po1_0.updated_at,
        po1_0.user_id 
    from
        payment_orders po1_0 
    where
        po1_0.user_id=? 
        and po1_0.status=?
2026-01-22 12:31:25.764 - 
    select
        u1_0.id,
        u1_0.avatar_url,
        u1_0.created_at,
        u1_0.last_login_time,
        u1_0.member_expire_time,
        u1_0.member_level,
        u1_0.nickname,
        u1_0.openid,
        u1_0.phone,
        u1_0.points,
        u1_0.remaining_visits,
        u1_0.role,
        u1_0.total_visits,
        u1_0.updated_at 
    from
        users u1_0 
    where
        u1_0.id=?
2026-01-22 12:31:25.766 - 
    select
        po1_0.id,
        po1_0.card_end_date,
        po1_0.card_start_date,
        po1_0.card_status,
        po1_0.created_at,
        po1_0.order_no,
        po1_0.package_id,
        po1_0.package_name,
        po1_0.payment_method,
        po1_0.payment_time,
        po1_0.price,
        po1_0.remaining_times,
        po1_0.staff_id,
        po1_0.staff_name,
        po1_0.status,
        po1_0.transaction_type,
        po1_0.updated_at,
        po1_0.user_id 
    from
        payment_orders po1_0 
    where
        po1_0.user_id=? 
        and po1_0.status=?
2026-01-22 12:32:14.861 - 
    select
        mp1_0.id,
        mp1_0.avg_price_per_time,
        mp1_0.badge,
        mp1_0.category,
        mp1_0.code,
        mp1_0.description,
        mp1_0.features,
        mp1_0.is_active,
        mp1_0.name,
        mp1_0.people,
        mp1_0.price,
        mp1_0.sort_order,
        mp1_0.times_per_person,
        mp1_0.validity_days 
    from
        member_packages mp1_0 
    where
        mp1_0.category=? 
        and mp1_0.is_active 
    order by
        mp1_0.sort_order
2026-01-22 12:32:14.871 - 
    select
        mp1_0.id,
        mp1_0.avg_price_per_time,
        mp1_0.badge,
        mp1_0.category,
        mp1_0.code,
        mp1_0.description,
        mp1_0.features,
        mp1_0.is_active,
        mp1_0.name,
        mp1_0.people,
        mp1_0.price,
        mp1_0.sort_order,
        mp1_0.times_per_person,
        mp1_0.validity_days 
    from
        member_packages mp1_0 
    where
        mp1_0.category=? 
        and mp1_0.is_active 
    order by
        mp1_0.sort_order
2026-01-22 12:32:17.339 - 
    select
        po1_0.id,
        po1_0.card_end_date,
        po1_0.card_start_date,
        po1_0.card_status,
        po1_0.created_at,
        po1_0.order_no,
        po1_0.package_id,
        po1_0.package_name,
        po1_0.payment_method,
        po1_0.payment_time,
        po1_0.price,
        po1_0.remaining_times,
        po1_0.staff_id,
        po1_0.staff_name,
        po1_0.status,
        po1_0.transaction_type,
        po1_0.updated_at,
        po1_0.user_id 
    from
        payment_orders po1_0 
    where
        po1_0.user_id=?
2026-01-22 12:32:17.342 - 
    select
        mp1_0.id,
        mp1_0.avg_price_per_time,
        mp1_0.badge,
        mp1_0.category,
        mp1_0.code,
        mp1_0.description,
        mp1_0.features,
        mp1_0.is_active,
        mp1_0.name,
        mp1_0.people,
        mp1_0.price,
        mp1_0.sort_order,
        mp1_0.times_per_person,
        mp1_0.validity_days 
    from
        member_packages mp1_0 
    where
        mp1_0.id=?
2026-01-22 12:32:17.344 - 
    select
        mp1_0.id,
        mp1_0.avg_price_per_time,
        mp1_0.badge,
        mp1_0.category,
        mp1_0.code,
        mp1_0.description,
        mp1_0.features,
        mp1_0.is_active,
        mp1_0.name,
        mp1_0.people,
        mp1_0.price,
        mp1_0.sort_order,
        mp1_0.times_per_person,
        mp1_0.validity_days 
    from
        member_packages mp1_0 
    where
        mp1_0.id=?
2026-01-22 12:32:17.357 - 
    select
        u1_0.id,
        u1_0.avatar_url,
        u1_0.created_at,
        u1_0.last_login_time,
        u1_0.member_expire_time,
        u1_0.member_level,
        u1_0.nickname,
        u1_0.openid,
        u1_0.phone,
        u1_0.points,
        u1_0.remaining_visits,
        u1_0.role,
        u1_0.total_visits,
        u1_0.updated_at 
    from
        users u1_0 
    where
        u1_0.id=?
2026-01-22 12:32:17.360 - 
    select
        po1_0.id,
        po1_0.card_end_date,
        po1_0.card_start_date,
        po1_0.card_status,
        po1_0.created_at,
        po1_0.order_no,
        po1_0.package_id,
        po1_0.package_name,
        po1_0.payment_method,
        po1_0.payment_time,
        po1_0.price,
        po1_0.remaining_times,
        po1_0.staff_id,
        po1_0.staff_name,
        po1_0.status,
        po1_0.transaction_type,
        po1_0.updated_at,
        po1_0.user_id 
    from
        payment_orders po1_0 
    where
        po1_0.user_id=? 
        and po1_0.status=?
2026-01-22 12:32:17.376 - 
    select
        s1_0.id,
        s1_0.created_at,
        s1_0.last_login_time,
        s1_0.name,
        s1_0.password,
        s1_0.phone,
        s1_0.status,
        s1_0.updated_at,
        s1_0.username 
    from
        staffs s1_0 
    where
        s1_0.status=?
2026-01-22 12:32:21.870 - 
    select
        u1_0.id,
        u1_0.avatar_url,
        u1_0.created_at,
        u1_0.last_login_time,
        u1_0.member_expire_time,
        u1_0.member_level,
        u1_0.nickname,
        u1_0.openid,
        u1_0.phone,
        u1_0.points,
        u1_0.remaining_visits,
        u1_0.role,
        u1_0.total_visits,
        u1_0.updated_at 
    from
        users u1_0 
    where
        u1_0.id=?
2026-01-22 12:32:21.872 - 
    select
        mp1_0.id,
        mp1_0.avg_price_per_time,
        mp1_0.badge,
        mp1_0.category,
        mp1_0.code,
        mp1_0.description,
        mp1_0.features,
        mp1_0.is_active,
        mp1_0.name,
        mp1_0.people,
        mp1_0.price,
        mp1_0.sort_order,
        mp1_0.times_per_person,
        mp1_0.validity_days 
    from
        member_packages mp1_0 
    where
        mp1_0.id=?
2026-01-22 12:32:21.874 - 
    select
        po1_0.id,
        po1_0.card_end_date,
        po1_0.card_start_date,
        po1_0.card_status,
        po1_0.created_at,
        po1_0.order_no,
        po1_0.package_id,
        po1_0.package_name,
        po1_0.payment_method,
        po1_0.payment_time,
        po1_0.price,
        po1_0.remaining_times,
        po1_0.staff_id,
        po1_0.staff_name,
        po1_0.status,
        po1_0.transaction_type,
        po1_0.updated_at,
        po1_0.user_id 
    from
        payment_orders po1_0 
    where
        po1_0.user_id=? 
        and po1_0.status=?
2026-01-22 12:32:21.875 - 
    select
        s1_0.id,
        s1_0.created_at,
        s1_0.last_login_time,
        s1_0.name,
        s1_0.password,
        s1_0.phone,
        s1_0.status,
        s1_0.updated_at,
        s1_0.username 
    from
        staffs s1_0 
    where
        s1_0.username=?
2026-01-22 12:32:21.877 - 
    insert 
    into
        payment_orders
        (card_end_date, card_start_date, card_status, created_at, order_no, package_id, package_name, payment_method, payment_time, price, remaining_times, staff_id, staff_name, status, transaction_type, updated_at, user_id) 
    values
        (?, ?, ?, ?, ?, ?, ?, ?, ?, ?, ?, ?, ?, ?, ?, ?, ?)
2026-01-22 12:32:21.898 - 
    select
        po1_0.id,
        po1_0.card_end_date,
        po1_0.card_start_date,
        po1_0.card_status,
        po1_0.created_at,
        po1_0.order_no,
        po1_0.package_id,
        po1_0.package_name,
        po1_0.payment_method,
        po1_0.payment_time,
        po1_0.price,
        po1_0.remaining_times,
        po1_0.staff_id,
        po1_0.staff_name,
        po1_0.status,
        po1_0.transaction_type,
        po1_0.updated_at,
        po1_0.user_id 
    from
        payment_orders po1_0 
    where
        po1_0.id=?
2026-01-22 12:32:21.900 - 
    select
        u1_0.id,
        u1_0.avatar_url,
        u1_0.created_at,
        u1_0.last_login_time,
        u1_0.member_expire_time,
        u1_0.member_level,
        u1_0.nickname,
        u1_0.openid,
        u1_0.phone,
        u1_0.points,
        u1_0.remaining_visits,
        u1_0.role,
        u1_0.total_visits,
        u1_0.updated_at 
    from
        users u1_0 
    where
        u1_0.id=?
2026-01-22 12:32:22.697 - 
    select
        po1_0.id,
        po1_0.card_end_date,
        po1_0.card_start_date,
        po1_0.card_status,
        po1_0.created_at,
        po1_0.order_no,
        po1_0.package_id,
        po1_0.package_name,
        po1_0.payment_method,
        po1_0.payment_time,
        po1_0.price,
        po1_0.remaining_times,
        po1_0.staff_id,
        po1_0.staff_name,
        po1_0.status,
        po1_0.transaction_type,
        po1_0.updated_at,
        po1_0.user_id 
    from
        payment_orders po1_0 
    where
        po1_0.id=?
2026-01-22 12:32:22.700 - 
    select
        mp1_0.id,
        mp1_0.avg_price_per_time,
        mp1_0.badge,
        mp1_0.category,
        mp1_0.code,
        mp1_0.description,
        mp1_0.features,
        mp1_0.is_active,
        mp1_0.name,
        mp1_0.people,
        mp1_0.price,
        mp1_0.sort_order,
        mp1_0.times_per_person,
        mp1_0.validity_days 
    from
        member_packages mp1_0 
    where
        mp1_0.id=?
2026-01-22 12:32:22.702 - 
    update
        payment_orders 
    set
        card_end_date=?,
        card_start_date=?,
        card_status=?,
        created_at=?,
        order_no=?,
        package_id=?,
        package_name=?,
        payment_method=?,
        payment_time=?,
        price=?,
        remaining_times=?,
        staff_id=?,
        staff_name=?,
        status=?,
        transaction_type=?,
        updated_at=?,
        user_id=? 
    where
        id=?
2026-01-22 12:32:22.704 - 
    select
        u1_0.id,
        u1_0.avatar_url,
        u1_0.created_at,
        u1_0.last_login_time,
        u1_0.member_expire_time,
        u1_0.member_level,
        u1_0.nickname,
        u1_0.openid,
        u1_0.phone,
        u1_0.points,
        u1_0.remaining_visits,
        u1_0.role,
        u1_0.total_visits,
        u1_0.updated_at 
    from
        users u1_0 
    where
        u1_0.id=?
2026-01-22 12:32:22.706 - 
    update
        users 
    set
        avatar_url=?,
        created_at=?,
        last_login_time=?,
        member_expire_time=?,
        member_level=?,
        nickname=?,
        openid=?,
        phone=?,
        points=?,
        remaining_visits=?,
        role=?,
        total_visits=?,
        updated_at=? 
    where
        id=?
2026-01-22 12:32:25.000 - 
    select
        u1_0.id,
        u1_0.avatar_url,
        u1_0.created_at,
        u1_0.last_login_time,
        u1_0.member_expire_time,
        u1_0.member_level,
        u1_0.nickname,
        u1_0.openid,
        u1_0.phone,
        u1_0.points,
        u1_0.remaining_visits,
        u1_0.role,
        u1_0.total_visits,
        u1_0.updated_at 
    from
        users u1_0 
    where
        u1_0.id=?
2026-01-22 12:32:25.000 - 
    select
        po1_0.id,
        po1_0.card_end_date,
        po1_0.card_start_date,
        po1_0.card_status,
        po1_0.created_at,
        po1_0.order_no,
        po1_0.package_id,
        po1_0.package_name,
        po1_0.payment_method,
        po1_0.payment_time,
        po1_0.price,
        po1_0.remaining_times,
        po1_0.staff_id,
        po1_0.staff_name,
        po1_0.status,
        po1_0.transaction_type,
        po1_0.updated_at,
        po1_0.user_id 
    from
        payment_orders po1_0 
    where
        po1_0.user_id=?
2026-01-22 12:32:25.001 - 
    select
        mp1_0.id,
        mp1_0.avg_price_per_time,
        mp1_0.badge,
        mp1_0.category,
        mp1_0.code,
        mp1_0.description,
        mp1_0.features,
        mp1_0.is_active,
        mp1_0.name,
        mp1_0.people,
        mp1_0.price,
        mp1_0.sort_order,
        mp1_0.times_per_person,
        mp1_0.validity_days 
    from
        member_packages mp1_0 
    where
        mp1_0.id=?
2026-01-22 12:32:25.001 - 
    select
        u1_0.id,
        u1_0.avatar_url,
        u1_0.created_at,
        u1_0.last_login_time,
        u1_0.member_expire_time,
        u1_0.member_level,
        u1_0.nickname,
        u1_0.openid,
        u1_0.phone,
        u1_0.points,
        u1_0.remaining_visits,
        u1_0.role,
        u1_0.total_visits,
        u1_0.updated_at 
    from
        users u1_0 
    where
        u1_0.id=?
2026-01-22 12:32:25.002 - 
    select
        po1_0.id,
        po1_0.card_end_date,
        po1_0.card_start_date,
        po1_0.card_status,
        po1_0.created_at,
        po1_0.order_no,
        po1_0.package_id,
        po1_0.package_name,
        po1_0.payment_method,
        po1_0.payment_time,
        po1_0.price,
        po1_0.remaining_times,
        po1_0.staff_id,
        po1_0.staff_name,
        po1_0.status,
        po1_0.transaction_type,
        po1_0.updated_at,
        po1_0.user_id 
    from
        payment_orders po1_0 
    where
        po1_0.user_id=? 
        and po1_0.status=?
2026-01-22 12:32:25.003 - 
    select
        mp1_0.id,
        mp1_0.avg_price_per_time,
        mp1_0.badge,
        mp1_0.category,
        mp1_0.code,
        mp1_0.description,
        mp1_0.features,
        mp1_0.is_active,
        mp1_0.name,
        mp1_0.people,
        mp1_0.price,
        mp1_0.sort_order,
        mp1_0.times_per_person,
        mp1_0.validity_days 
    from
        member_packages mp1_0 
    where
        mp1_0.id=?
2026-01-22 12:32:25.003 - 
    select
        bo1_0.id,
        bo1_0.cabin_name,
        bo1_0.consume_time,
        bo1_0.created_at,
        bo1_0.date,
        bo1_0.order_no,
        bo1_0.original_price,
        bo1_0.payment_method,
        bo1_0.payment_order_id,
        bo1_0.payment_status,
        bo1_0.payment_time,
        bo1_0.price,
        bo1_0.seat_name,
        bo1_0.status,
        bo1_0.time_slot,
        bo1_0.updated_at,
        bo1_0.user_id 
    from
        booking_orders bo1_0 
    where
        bo1_0.user_id=? 
    order by
        bo1_0.created_at desc
2026-01-22 12:32:25.004 - 
    select
        mp1_0.id,
        mp1_0.avg_price_per_time,
        mp1_0.badge,
        mp1_0.category,
        mp1_0.code,
        mp1_0.description,
        mp1_0.features,
        mp1_0.is_active,
        mp1_0.name,
        mp1_0.people,
        mp1_0.price,
        mp1_0.sort_order,
        mp1_0.times_per_person,
        mp1_0.validity_days 
    from
        member_packages mp1_0 
    where
        mp1_0.id=?
2026-01-22 12:32:25.006 - 
    select
        u1_0.id,
        u1_0.avatar_url,
        u1_0.created_at,
        u1_0.last_login_time,
        u1_0.member_expire_time,
        u1_0.member_level,
        u1_0.nickname,
        u1_0.openid,
        u1_0.phone,
        u1_0.points,
        u1_0.remaining_visits,
        u1_0.role,
        u1_0.total_visits,
        u1_0.updated_at 
    from
        users u1_0 
    where
        u1_0.id=?
2026-01-22 12:32:25.006 - 
    select
        u1_0.id,
        u1_0.avatar_url,
        u1_0.created_at,
        u1_0.last_login_time,
        u1_0.member_expire_time,
        u1_0.member_level,
        u1_0.nickname,
        u1_0.openid,
        u1_0.phone,
        u1_0.points,
        u1_0.remaining_visits,
        u1_0.role,
        u1_0.total_visits,
        u1_0.updated_at 
    from
        users u1_0 
    where
        u1_0.id=?
2026-01-22 12:32:25.008 - 
    select
        po1_0.id,
        po1_0.card_end_date,
        po1_0.card_start_date,
        po1_0.card_status,
        po1_0.created_at,
        po1_0.order_no,
        po1_0.package_id,
        po1_0.package_name,
        po1_0.payment_method,
        po1_0.payment_time,
        po1_0.price,
        po1_0.remaining_times,
        po1_0.staff_id,
        po1_0.staff_name,
        po1_0.status,
        po1_0.transaction_type,
        po1_0.updated_at,
        po1_0.user_id 
    from
        payment_orders po1_0 
    where
        po1_0.user_id=? 
        and po1_0.status=?
2026-01-22 12:32:25.008 - 
    select
        bo1_0.id,
        bo1_0.cabin_name,
        bo1_0.consume_time,
        bo1_0.created_at,
        bo1_0.date,
        bo1_0.order_no,
        bo1_0.original_price,
        bo1_0.payment_method,
        bo1_0.payment_order_id,
        bo1_0.payment_status,
        bo1_0.payment_time,
        bo1_0.price,
        bo1_0.seat_name,
        bo1_0.status,
        bo1_0.time_slot,
        bo1_0.updated_at,
        bo1_0.user_id 
    from
        booking_orders bo1_0 
    where
        bo1_0.user_id=? 
    order by
        bo1_0.created_at desc
2026-01-22 12:32:25.009 - 
    select
        po1_0.id,
        po1_0.card_end_date,
        po1_0.card_start_date,
        po1_0.card_status,
        po1_0.created_at,
        po1_0.order_no,
        po1_0.package_id,
        po1_0.package_name,
        po1_0.payment_method,
        po1_0.payment_time,
        po1_0.price,
        po1_0.remaining_times,
        po1_0.staff_id,
        po1_0.staff_name,
        po1_0.status,
        po1_0.transaction_type,
        po1_0.updated_at,
        po1_0.user_id 
    from
        payment_orders po1_0 
    where
        po1_0.user_id=?
2026-01-22 12:32:25.010 - 
    select
        mp1_0.id,
        mp1_0.avg_price_per_time,
        mp1_0.badge,
        mp1_0.category,
        mp1_0.code,
        mp1_0.description,
        mp1_0.features,
        mp1_0.is_active,
        mp1_0.name,
        mp1_0.people,
        mp1_0.price,
        mp1_0.sort_order,
        mp1_0.times_per_person,
        mp1_0.validity_days 
    from
        member_packages mp1_0 
    where
        mp1_0.id=?
2026-01-22 12:32:25.012 - 
    select
        mp1_0.id,
        mp1_0.avg_price_per_time,
        mp1_0.badge,
        mp1_0.category,
        mp1_0.code,
        mp1_0.description,
        mp1_0.features,
        mp1_0.is_active,
        mp1_0.name,
        mp1_0.people,
        mp1_0.price,
        mp1_0.sort_order,
        mp1_0.times_per_person,
        mp1_0.validity_days 
    from
        member_packages mp1_0 
    where
        mp1_0.id=?
2026-01-22 12:32:25.014 - 
    select
        mp1_0.id,
        mp1_0.avg_price_per_time,
        mp1_0.badge,
        mp1_0.category,
        mp1_0.code,
        mp1_0.description,
        mp1_0.features,
        mp1_0.is_active,
        mp1_0.name,
        mp1_0.people,
        mp1_0.price,
        mp1_0.sort_order,
        mp1_0.times_per_person,
        mp1_0.validity_days 
    from
        member_packages mp1_0 
    where
        mp1_0.id=?
2026-01-22 12:32:25.017 - 
    select
        u1_0.id,
        u1_0.avatar_url,
        u1_0.created_at,
        u1_0.last_login_time,
        u1_0.member_expire_time,
        u1_0.member_level,
        u1_0.nickname,
        u1_0.openid,
        u1_0.phone,
        u1_0.points,
        u1_0.remaining_visits,
        u1_0.role,
        u1_0.total_visits,
        u1_0.updated_at 
    from
        users u1_0 
    where
        u1_0.id=?
2026-01-22 12:32:25.019 - 
    select
        po1_0.id,
        po1_0.card_end_date,
        po1_0.card_start_date,
        po1_0.card_status,
        po1_0.created_at,
        po1_0.order_no,
        po1_0.package_id,
        po1_0.package_name,
        po1_0.payment_method,
        po1_0.payment_time,
        po1_0.price,
        po1_0.remaining_times,
        po1_0.staff_id,
        po1_0.staff_name,
        po1_0.status,
        po1_0.transaction_type,
        po1_0.updated_at,
        po1_0.user_id 
    from
        payment_orders po1_0 
    where
        po1_0.user_id=? 
        and po1_0.status=?
2026-01-22 12:32:25.027 - 
    select
        u1_0.id,
        u1_0.avatar_url,
        u1_0.created_at,
        u1_0.last_login_time,
        u1_0.member_expire_time,
        u1_0.member_level,
        u1_0.nickname,
        u1_0.openid,
        u1_0.phone,
        u1_0.points,
        u1_0.remaining_visits,
        u1_0.role,
        u1_0.total_visits,
        u1_0.updated_at 
    from
        users u1_0 
    where
        u1_0.id=?
2026-01-22 12:32:25.028 - 
    select
        po1_0.id,
        po1_0.card_end_date,
        po1_0.card_start_date,
        po1_0.card_status,
        po1_0.created_at,
        po1_0.order_no,
        po1_0.package_id,
        po1_0.package_name,
        po1_0.payment_method,
        po1_0.payment_time,
        po1_0.price,
        po1_0.remaining_times,
        po1_0.staff_id,
        po1_0.staff_name,
        po1_0.status,
        po1_0.transaction_type,
        po1_0.updated_at,
        po1_0.user_id 
    from
        payment_orders po1_0 
    where
        po1_0.user_id=? 
        and po1_0.status=?
2026-01-22 12:35:00.020 - 
    select
        bo1_0.id,
        bo1_0.cabin_name,
        bo1_0.consume_time,
        bo1_0.created_at,
        bo1_0.date,
        bo1_0.order_no,
        bo1_0.original_price,
        bo1_0.payment_method,
        bo1_0.payment_order_id,
        bo1_0.payment_status,
        bo1_0.payment_time,
        bo1_0.price,
        bo1_0.seat_name,
        bo1_0.status,
        bo1_0.time_slot,
        bo1_0.updated_at,
        bo1_0.user_id 
    from
        booking_orders bo1_0 
    where
        bo1_0.status=?
2026-01-22 12:40:00.049 - 
    select
        bo1_0.id,
        bo1_0.cabin_name,
        bo1_0.consume_time,
        bo1_0.created_at,
        bo1_0.date,
        bo1_0.order_no,
        bo1_0.original_price,
        bo1_0.payment_method,
        bo1_0.payment_order_id,
        bo1_0.payment_status,
        bo1_0.payment_time,
        bo1_0.price,
        bo1_0.seat_name,
        bo1_0.status,
        bo1_0.time_slot,
        bo1_0.updated_at,
        bo1_0.user_id 
    from
        booking_orders bo1_0 
    where
        bo1_0.status=?
2026-01-22 12:45:00.026 - 
    select
        bo1_0.id,
        bo1_0.cabin_name,
        bo1_0.consume_time,
        bo1_0.created_at,
        bo1_0.date,
        bo1_0.order_no,
        bo1_0.original_price,
        bo1_0.payment_method,
        bo1_0.payment_order_id,
        bo1_0.payment_status,
        bo1_0.payment_time,
        bo1_0.price,
        bo1_0.seat_name,
        bo1_0.status,
        bo1_0.time_slot,
        bo1_0.updated_at,
        bo1_0.user_id 
    from
        booking_orders bo1_0 
    where
        bo1_0.status=?
2026-01-22 12:50:00.049 - 
    select
        bo1_0.id,
        bo1_0.cabin_name,
        bo1_0.consume_time,
        bo1_0.created_at,
        bo1_0.date,
        bo1_0.order_no,
        bo1_0.original_price,
        bo1_0.payment_method,
        bo1_0.payment_order_id,
        bo1_0.payment_status,
        bo1_0.payment_time,
        bo1_0.price,
        bo1_0.seat_name,
        bo1_0.status,
        bo1_0.time_slot,
        bo1_0.updated_at,
        bo1_0.user_id 
    from
        booking_orders bo1_0 
    where
        bo1_0.status=?
2026-01-22 12:54:59.964 - 
    select
        bo1_0.id,
        bo1_0.cabin_name,
        bo1_0.consume_time,
        bo1_0.created_at,
        bo1_0.date,
        bo1_0.order_no,
        bo1_0.original_price,
        bo1_0.payment_method,
        bo1_0.payment_order_id,
        bo1_0.payment_status,
        bo1_0.payment_time,
        bo1_0.price,
        bo1_0.seat_name,
        bo1_0.status,
        bo1_0.time_slot,
        bo1_0.updated_at,
        bo1_0.user_id 
    from
        booking_orders bo1_0 
    where
        bo1_0.status=?
2026-01-22 13:00:00.064 - 
    select
        bo1_0.id,
        bo1_0.cabin_name,
        bo1_0.consume_time,
        bo1_0.created_at,
        bo1_0.date,
        bo1_0.order_no,
        bo1_0.original_price,
        bo1_0.payment_method,
        bo1_0.payment_order_id,
        bo1_0.payment_status,
        bo1_0.payment_time,
        bo1_0.price,
        bo1_0.seat_name,
        bo1_0.status,
        bo1_0.time_slot,
        bo1_0.updated_at,
        bo1_0.user_id 
    from
        booking_orders bo1_0 
    where
        bo1_0.status=?
2026-01-22 13:05:00.041 - 
    select
        bo1_0.id,
        bo1_0.cabin_name,
        bo1_0.consume_time,
        bo1_0.created_at,
        bo1_0.date,
        bo1_0.order_no,
        bo1_0.original_price,
        bo1_0.payment_method,
        bo1_0.payment_order_id,
        bo1_0.payment_status,
        bo1_0.payment_time,
        bo1_0.price,
        bo1_0.seat_name,
        bo1_0.status,
        bo1_0.time_slot,
        bo1_0.updated_at,
        bo1_0.user_id 
    from
        booking_orders bo1_0 
    where
        bo1_0.status=?
2026-01-22 13:10:00.038 - 
    select
        bo1_0.id,
        bo1_0.cabin_name,
        bo1_0.consume_time,
        bo1_0.created_at,
        bo1_0.date,
        bo1_0.order_no,
        bo1_0.original_price,
        bo1_0.payment_method,
        bo1_0.payment_order_id,
        bo1_0.payment_status,
        bo1_0.payment_time,
        bo1_0.price,
        bo1_0.seat_name,
        bo1_0.status,
        bo1_0.time_slot,
        bo1_0.updated_at,
        bo1_0.user_id 
    from
        booking_orders bo1_0 
    where
        bo1_0.status=?
2026-01-22 13:15:00.026 - 
    select
        bo1_0.id,
        bo1_0.cabin_name,
        bo1_0.consume_time,
        bo1_0.created_at,
        bo1_0.date,
        bo1_0.order_no,
        bo1_0.original_price,
        bo1_0.payment_method,
        bo1_0.payment_order_id,
        bo1_0.payment_status,
        bo1_0.payment_time,
        bo1_0.price,
        bo1_0.seat_name,
        bo1_0.status,
        bo1_0.time_slot,
        bo1_0.updated_at,
        bo1_0.user_id 
    from
        booking_orders bo1_0 
    where
        bo1_0.status=?
2026-01-22 13:20:00.033 - 
    select
        bo1_0.id,
        bo1_0.cabin_name,
        bo1_0.consume_time,
        bo1_0.created_at,
        bo1_0.date,
        bo1_0.order_no,
        bo1_0.original_price,
        bo1_0.payment_method,
        bo1_0.payment_order_id,
        bo1_0.payment_status,
        bo1_0.payment_time,
        bo1_0.price,
        bo1_0.seat_name,
        bo1_0.status,
        bo1_0.time_slot,
        bo1_0.updated_at,
        bo1_0.user_id 
    from
        booking_orders bo1_0 
    where
        bo1_0.status=?
2026-01-22 13:25:00.008 - 
    select
        bo1_0.id,
        bo1_0.cabin_name,
        bo1_0.consume_time,
        bo1_0.created_at,
        bo1_0.date,
        bo1_0.order_no,
        bo1_0.original_price,
        bo1_0.payment_method,
        bo1_0.payment_order_id,
        bo1_0.payment_status,
        bo1_0.payment_time,
        bo1_0.price,
        bo1_0.seat_name,
        bo1_0.status,
        bo1_0.time_slot,
        bo1_0.updated_at,
        bo1_0.user_id 
    from
        booking_orders bo1_0 
    where
        bo1_0.status=?
2026-01-22 13:30:00.023 - 
    select
        bo1_0.id,
        bo1_0.cabin_name,
        bo1_0.consume_time,
        bo1_0.created_at,
        bo1_0.date,
        bo1_0.order_no,
        bo1_0.original_price,
        bo1_0.payment_method,
        bo1_0.payment_order_id,
        bo1_0.payment_status,
        bo1_0.payment_time,
        bo1_0.price,
        bo1_0.seat_name,
        bo1_0.status,
        bo1_0.time_slot,
        bo1_0.updated_at,
        bo1_0.user_id 
    from
        booking_orders bo1_0 
    where
        bo1_0.status=?
2026-01-22 13:35:00.027 - 
    select
        bo1_0.id,
        bo1_0.cabin_name,
        bo1_0.consume_time,
        bo1_0.created_at,
        bo1_0.date,
        bo1_0.order_no,
        bo1_0.original_price,
        bo1_0.payment_method,
        bo1_0.payment_order_id,
        bo1_0.payment_status,
        bo1_0.payment_time,
        bo1_0.price,
        bo1_0.seat_name,
        bo1_0.status,
        bo1_0.time_slot,
        bo1_0.updated_at,
        bo1_0.user_id 
    from
        booking_orders bo1_0 
    where
        bo1_0.status=?
2026-01-22 13:40:00.052 - 
    select
        bo1_0.id,
        bo1_0.cabin_name,
        bo1_0.consume_time,
        bo1_0.created_at,
        bo1_0.date,
        bo1_0.order_no,
        bo1_0.original_price,
        bo1_0.payment_method,
        bo1_0.payment_order_id,
        bo1_0.payment_status,
        bo1_0.payment_time,
        bo1_0.price,
        bo1_0.seat_name,
        bo1_0.status,
        bo1_0.time_slot,
        bo1_0.updated_at,
        bo1_0.user_id 
    from
        booking_orders bo1_0 
    where
        bo1_0.status=?
2026-01-22 13:45:00.040 - 
    select
        bo1_0.id,
        bo1_0.cabin_name,
        bo1_0.consume_time,
        bo1_0.created_at,
        bo1_0.date,
        bo1_0.order_no,
        bo1_0.original_price,
        bo1_0.payment_method,
        bo1_0.payment_order_id,
        bo1_0.payment_status,
        bo1_0.payment_time,
        bo1_0.price,
        bo1_0.seat_name,
        bo1_0.status,
        bo1_0.time_slot,
        bo1_0.updated_at,
        bo1_0.user_id 
    from
        booking_orders bo1_0 
    where
        bo1_0.status=?
2026-01-22 13:50:00.024 - 
    select
        bo1_0.id,
        bo1_0.cabin_name,
        bo1_0.consume_time,
        bo1_0.created_at,
        bo1_0.date,
        bo1_0.order_no,
        bo1_0.original_price,
        bo1_0.payment_method,
        bo1_0.payment_order_id,
        bo1_0.payment_status,
        bo1_0.payment_time,
        bo1_0.price,
        bo1_0.seat_name,
        bo1_0.status,
        bo1_0.time_slot,
        bo1_0.updated_at,
        bo1_0.user_id 
    from
        booking_orders bo1_0 
    where
        bo1_0.status=?
2026-01-22 13:55:00.035 - 
    select
        bo1_0.id,
        bo1_0.cabin_name,
        bo1_0.consume_time,
        bo1_0.created_at,
        bo1_0.date,
        bo1_0.order_no,
        bo1_0.original_price,
        bo1_0.payment_method,
        bo1_0.payment_order_id,
        bo1_0.payment_status,
        bo1_0.payment_time,
        bo1_0.price,
        bo1_0.seat_name,
        bo1_0.status,
        bo1_0.time_slot,
        bo1_0.updated_at,
        bo1_0.user_id 
    from
        booking_orders bo1_0 
    where
        bo1_0.status=?
2026-01-22 14:00:00.035 - 
    select
        bo1_0.id,
        bo1_0.cabin_name,
        bo1_0.consume_time,
        bo1_0.created_at,
        bo1_0.date,
        bo1_0.order_no,
        bo1_0.original_price,
        bo1_0.payment_method,
        bo1_0.payment_order_id,
        bo1_0.payment_status,
        bo1_0.payment_time,
        bo1_0.price,
        bo1_0.seat_name,
        bo1_0.status,
        bo1_0.time_slot,
        bo1_0.updated_at,
        bo1_0.user_id 
    from
        booking_orders bo1_0 
    where
        bo1_0.status=?
2026-01-22 14:05:00.022 - 
    select
        bo1_0.id,
        bo1_0.cabin_name,
        bo1_0.consume_time,
        bo1_0.created_at,
        bo1_0.date,
        bo1_0.order_no,
        bo1_0.original_price,
        bo1_0.payment_method,
        bo1_0.payment_order_id,
        bo1_0.payment_status,
        bo1_0.payment_time,
        bo1_0.price,
        bo1_0.seat_name,
        bo1_0.status,
        bo1_0.time_slot,
        bo1_0.updated_at,
        bo1_0.user_id 
    from
        booking_orders bo1_0 
    where
        bo1_0.status=?
2026-01-22 14:10:00.019 - 
    select
        bo1_0.id,
        bo1_0.cabin_name,
        bo1_0.consume_time,
        bo1_0.created_at,
        bo1_0.date,
        bo1_0.order_no,
        bo1_0.original_price,
        bo1_0.payment_method,
        bo1_0.payment_order_id,
        bo1_0.payment_status,
        bo1_0.payment_time,
        bo1_0.price,
        bo1_0.seat_name,
        bo1_0.status,
        bo1_0.time_slot,
        bo1_0.updated_at,
        bo1_0.user_id 
    from
        booking_orders bo1_0 
    where
        bo1_0.status=?
2026-01-22 14:14:59.983 - 
    select
        bo1_0.id,
        bo1_0.cabin_name,
        bo1_0.consume_time,
        bo1_0.created_at,
        bo1_0.date,
        bo1_0.order_no,
        bo1_0.original_price,
        bo1_0.payment_method,
        bo1_0.payment_order_id,
        bo1_0.payment_status,
        bo1_0.payment_time,
        bo1_0.price,
        bo1_0.seat_name,
        bo1_0.status,
        bo1_0.time_slot,
        bo1_0.updated_at,
        bo1_0.user_id 
    from
        booking_orders bo1_0 
    where
        bo1_0.status=?
2026-01-22 14:20:00.017 - 
    select
        bo1_0.id,
        bo1_0.cabin_name,
        bo1_0.consume_time,
        bo1_0.created_at,
        bo1_0.date,
        bo1_0.order_no,
        bo1_0.original_price,
        bo1_0.payment_method,
        bo1_0.payment_order_id,
        bo1_0.payment_status,
        bo1_0.payment_time,
        bo1_0.price,
        bo1_0.seat_name,
        bo1_0.status,
        bo1_0.time_slot,
        bo1_0.updated_at,
        bo1_0.user_id 
    from
        booking_orders bo1_0 
    where
        bo1_0.status=?
2026-01-22 14:25:00.020 - 
    select
        bo1_0.id,
        bo1_0.cabin_name,
        bo1_0.consume_time,
        bo1_0.created_at,
        bo1_0.date,
        bo1_0.order_no,
        bo1_0.original_price,
        bo1_0.payment_method,
        bo1_0.payment_order_id,
        bo1_0.payment_status,
        bo1_0.payment_time,
        bo1_0.price,
        bo1_0.seat_name,
        bo1_0.status,
        bo1_0.time_slot,
        bo1_0.updated_at,
        bo1_0.user_id 
    from
        booking_orders bo1_0 
    where
        bo1_0.status=?
2026-01-22 14:30:00.017 - 
    select
        bo1_0.id,
        bo1_0.cabin_name,
        bo1_0.consume_time,
        bo1_0.created_at,
        bo1_0.date,
        bo1_0.order_no,
        bo1_0.original_price,
        bo1_0.payment_method,
        bo1_0.payment_order_id,
        bo1_0.payment_status,
        bo1_0.payment_time,
        bo1_0.price,
        bo1_0.seat_name,
        bo1_0.status,
        bo1_0.time_slot,
        bo1_0.updated_at,
        bo1_0.user_id 
    from
        booking_orders bo1_0 
    where
        bo1_0.status=?
2026-01-22 14:35:00.042 - 
    select
        bo1_0.id,
        bo1_0.cabin_name,
        bo1_0.consume_time,
        bo1_0.created_at,
        bo1_0.date,
        bo1_0.order_no,
        bo1_0.original_price,
        bo1_0.payment_method,
        bo1_0.payment_order_id,
        bo1_0.payment_status,
        bo1_0.payment_time,
        bo1_0.price,
        bo1_0.seat_name,
        bo1_0.status,
        bo1_0.time_slot,
        bo1_0.updated_at,
        bo1_0.user_id 
    from
        booking_orders bo1_0 
    where
        bo1_0.status=?
2026-01-22 14:40:00.016 - 
    select
        bo1_0.id,
        bo1_0.cabin_name,
        bo1_0.consume_time,
        bo1_0.created_at,
        bo1_0.date,
        bo1_0.order_no,
        bo1_0.original_price,
        bo1_0.payment_method,
        bo1_0.payment_order_id,
        bo1_0.payment_status,
        bo1_0.payment_time,
        bo1_0.price,
        bo1_0.seat_name,
        bo1_0.status,
        bo1_0.time_slot,
        bo1_0.updated_at,
        bo1_0.user_id 
    from
        booking_orders bo1_0 
    where
        bo1_0.status=?
2026-01-22 14:45:00.021 - 
    select
        bo1_0.id,
        bo1_0.cabin_name,
        bo1_0.consume_time,
        bo1_0.created_at,
        bo1_0.date,
        bo1_0.order_no,
        bo1_0.original_price,
        bo1_0.payment_method,
        bo1_0.payment_order_id,
        bo1_0.payment_status,
        bo1_0.payment_time,
        bo1_0.price,
        bo1_0.seat_name,
        bo1_0.status,
        bo1_0.time_slot,
        bo1_0.updated_at,
        bo1_0.user_id 
    from
        booking_orders bo1_0 
    where
        bo1_0.status=?
2026-01-22 14:50:00.019 - 
    select
        bo1_0.id,
        bo1_0.cabin_name,
        bo1_0.consume_time,
        bo1_0.created_at,
        bo1_0.date,
        bo1_0.order_no,
        bo1_0.original_price,
        bo1_0.payment_method,
        bo1_0.payment_order_id,
        bo1_0.payment_status,
        bo1_0.payment_time,
        bo1_0.price,
        bo1_0.seat_name,
        bo1_0.status,
        bo1_0.time_slot,
        bo1_0.updated_at,
        bo1_0.user_id 
    from
        booking_orders bo1_0 
    where
        bo1_0.status=?
2026-01-22 14:55:00.020 - 
    select
        bo1_0.id,
        bo1_0.cabin_name,
        bo1_0.consume_time,
        bo1_0.created_at,
        bo1_0.date,
        bo1_0.order_no,
        bo1_0.original_price,
        bo1_0.payment_method,
        bo1_0.payment_order_id,
        bo1_0.payment_status,
        bo1_0.payment_time,
        bo1_0.price,
        bo1_0.seat_name,
        bo1_0.status,
        bo1_0.time_slot,
        bo1_0.updated_at,
        bo1_0.user_id 
    from
        booking_orders bo1_0 
    where
        bo1_0.status=?
2026-01-22 15:00:00.170 - 
    select
        bo1_0.id,
        bo1_0.cabin_name,
        bo1_0.consume_time,
        bo1_0.created_at,
        bo1_0.date,
        bo1_0.order_no,
        bo1_0.original_price,
        bo1_0.payment_method,
        bo1_0.payment_order_id,
        bo1_0.payment_status,
        bo1_0.payment_time,
        bo1_0.price,
        bo1_0.seat_name,
        bo1_0.status,
        bo1_0.time_slot,
        bo1_0.updated_at,
        bo1_0.user_id 
    from
        booking_orders bo1_0 
    where
        bo1_0.status=?
2026-01-22 15:05:00.025 - 
    select
        bo1_0.id,
        bo1_0.cabin_name,
        bo1_0.consume_time,
        bo1_0.created_at,
        bo1_0.date,
        bo1_0.order_no,
        bo1_0.original_price,
        bo1_0.payment_method,
        bo1_0.payment_order_id,
        bo1_0.payment_status,
        bo1_0.payment_time,
        bo1_0.price,
        bo1_0.seat_name,
        bo1_0.status,
        bo1_0.time_slot,
        bo1_0.updated_at,
        bo1_0.user_id 
    from
        booking_orders bo1_0 
    where
        bo1_0.status=?
2026-01-22 15:10:00.041 - 
    select
        bo1_0.id,
        bo1_0.cabin_name,
        bo1_0.consume_time,
        bo1_0.created_at,
        bo1_0.date,
        bo1_0.order_no,
        bo1_0.original_price,
        bo1_0.payment_method,
        bo1_0.payment_order_id,
        bo1_0.payment_status,
        bo1_0.payment_time,
        bo1_0.price,
        bo1_0.seat_name,
        bo1_0.status,
        bo1_0.time_slot,
        bo1_0.updated_at,
        bo1_0.user_id 
    from
        booking_orders bo1_0 
    where
        bo1_0.status=?
2026-01-22 15:11:50.348 - 
    select
        mp1_0.id,
        mp1_0.avg_price_per_time,
        mp1_0.badge,
        mp1_0.category,
        mp1_0.code,
        mp1_0.description,
        mp1_0.features,
        mp1_0.is_active,
        mp1_0.name,
        mp1_0.people,
        mp1_0.price,
        mp1_0.sort_order,
        mp1_0.times_per_person,
        mp1_0.validity_days 
    from
        member_packages mp1_0 
    where
        mp1_0.is_active 
    order by
        mp1_0.sort_order
2026-01-22 15:15:00.033 - 
    select
        bo1_0.id,
        bo1_0.cabin_name,
        bo1_0.consume_time,
        bo1_0.created_at,
        bo1_0.date,
        bo1_0.order_no,
        bo1_0.original_price,
        bo1_0.payment_method,
        bo1_0.payment_order_id,
        bo1_0.payment_status,
        bo1_0.payment_time,
        bo1_0.price,
        bo1_0.seat_name,
        bo1_0.status,
        bo1_0.time_slot,
        bo1_0.updated_at,
        bo1_0.user_id 
    from
        booking_orders bo1_0 
    where
        bo1_0.status=?
2026-01-22 15:20:00.021 - 
    select
        bo1_0.id,
        bo1_0.cabin_name,
        bo1_0.consume_time,
        bo1_0.created_at,
        bo1_0.date,
        bo1_0.order_no,
        bo1_0.original_price,
        bo1_0.payment_method,
        bo1_0.payment_order_id,
        bo1_0.payment_status,
        bo1_0.payment_time,
        bo1_0.price,
        bo1_0.seat_name,
        bo1_0.status,
        bo1_0.time_slot,
        bo1_0.updated_at,
        bo1_0.user_id 
    from
        booking_orders bo1_0 
    where
        bo1_0.status=?
2026-01-22 15:25:00.020 - 
    select
        bo1_0.id,
        bo1_0.cabin_name,
        bo1_0.consume_time,
        bo1_0.created_at,
        bo1_0.date,
        bo1_0.order_no,
        bo1_0.original_price,
        bo1_0.payment_method,
        bo1_0.payment_order_id,
        bo1_0.payment_status,
        bo1_0.payment_time,
        bo1_0.price,
        bo1_0.seat_name,
        bo1_0.status,
        bo1_0.time_slot,
        bo1_0.updated_at,
        bo1_0.user_id 
    from
        booking_orders bo1_0 
    where
        bo1_0.status=?
2026-01-22 15:30:00.069 - 
    select
        bo1_0.id,
        bo1_0.cabin_name,
        bo1_0.consume_time,
        bo1_0.created_at,
        bo1_0.date,
        bo1_0.order_no,
        bo1_0.original_price,
        bo1_0.payment_method,
        bo1_0.payment_order_id,
        bo1_0.payment_status,
        bo1_0.payment_time,
        bo1_0.price,
        bo1_0.seat_name,
        bo1_0.status,
        bo1_0.time_slot,
        bo1_0.updated_at,
        bo1_0.user_id 
    from
        booking_orders bo1_0 
    where
        bo1_0.status=?
2026-01-22 15:35:00.056 - 
    select
        bo1_0.id,
        bo1_0.cabin_name,
        bo1_0.consume_time,
        bo1_0.created_at,
        bo1_0.date,
        bo1_0.order_no,
        bo1_0.original_price,
        bo1_0.payment_method,
        bo1_0.payment_order_id,
        bo1_0.payment_status,
        bo1_0.payment_time,
        bo1_0.price,
        bo1_0.seat_name,
        bo1_0.status,
        bo1_0.time_slot,
        bo1_0.updated_at,
        bo1_0.user_id 
    from
        booking_orders bo1_0 
    where
        bo1_0.status=?
2026-01-22 15:40:00.077 - 
    select
        bo1_0.id,
        bo1_0.cabin_name,
        bo1_0.consume_time,
        bo1_0.created_at,
        bo1_0.date,
        bo1_0.order_no,
        bo1_0.original_price,
        bo1_0.payment_method,
        bo1_0.payment_order_id,
        bo1_0.payment_status,
        bo1_0.payment_time,
        bo1_0.price,
        bo1_0.seat_name,
        bo1_0.status,
        bo1_0.time_slot,
        bo1_0.updated_at,
        bo1_0.user_id 
    from
        booking_orders bo1_0 
    where
        bo1_0.status=?
2026-01-22 15:45:00.021 - 
    select
        bo1_0.id,
        bo1_0.cabin_name,
        bo1_0.consume_time,
        bo1_0.created_at,
        bo1_0.date,
        bo1_0.order_no,
        bo1_0.original_price,
        bo1_0.payment_method,
        bo1_0.payment_order_id,
        bo1_0.payment_status,
        bo1_0.payment_time,
        bo1_0.price,
        bo1_0.seat_name,
        bo1_0.status,
        bo1_0.time_slot,
        bo1_0.updated_at,
        bo1_0.user_id 
    from
        booking_orders bo1_0 
    where
        bo1_0.status=?
