2026-01-19 00:00:00.144 - 
    select
        bo1_0.id,
        bo1_0.cabin_name,
        bo1_0.consume_time,
        bo1_0.created_at,
        bo1_0.date,
        bo1_0.order_no,
        bo1_0.original_price,
        bo1_0.payment_method,
        bo1_0.payment_order_id,
        bo1_0.payment_status,
        bo1_0.payment_time,
        bo1_0.price,
        bo1_0.seat_name,
        bo1_0.status,
        bo1_0.time_slot,
        bo1_0.updated_at,
        bo1_0.user_id 
    from
        booking_orders bo1_0 
    where
        bo1_0.status=?
2026-01-19 00:05:00.072 - 
    select
        bo1_0.id,
        bo1_0.cabin_name,
        bo1_0.consume_time,
        bo1_0.created_at,
        bo1_0.date,
        bo1_0.order_no,
        bo1_0.original_price,
        bo1_0.payment_method,
        bo1_0.payment_order_id,
        bo1_0.payment_status,
        bo1_0.payment_time,
        bo1_0.price,
        bo1_0.seat_name,
        bo1_0.status,
        bo1_0.time_slot,
        bo1_0.updated_at,
        bo1_0.user_id 
    from
        booking_orders bo1_0 
    where
        bo1_0.status=?
2026-01-19 00:10:00.025 - 
    select
        bo1_0.id,
        bo1_0.cabin_name,
        bo1_0.consume_time,
        bo1_0.created_at,
        bo1_0.date,
        bo1_0.order_no,
        bo1_0.original_price,
        bo1_0.payment_method,
        bo1_0.payment_order_id,
        bo1_0.payment_status,
        bo1_0.payment_time,
        bo1_0.price,
        bo1_0.seat_name,
        bo1_0.status,
        bo1_0.time_slot,
        bo1_0.updated_at,
        bo1_0.user_id 
    from
        booking_orders bo1_0 
    where
        bo1_0.status=?
2026-01-19 00:15:00.033 - 
    select
        bo1_0.id,
        bo1_0.cabin_name,
        bo1_0.consume_time,
        bo1_0.created_at,
        bo1_0.date,
        bo1_0.order_no,
        bo1_0.original_price,
        bo1_0.payment_method,
        bo1_0.payment_order_id,
        bo1_0.payment_status,
        bo1_0.payment_time,
        bo1_0.price,
        bo1_0.seat_name,
        bo1_0.status,
        bo1_0.time_slot,
        bo1_0.updated_at,
        bo1_0.user_id 
    from
        booking_orders bo1_0 
    where
        bo1_0.status=?
2026-01-19 00:20:00.028 - 
    select
        bo1_0.id,
        bo1_0.cabin_name,
        bo1_0.consume_time,
        bo1_0.created_at,
        bo1_0.date,
        bo1_0.order_no,
        bo1_0.original_price,
        bo1_0.payment_method,
        bo1_0.payment_order_id,
        bo1_0.payment_status,
        bo1_0.payment_time,
        bo1_0.price,
        bo1_0.seat_name,
        bo1_0.status,
        bo1_0.time_slot,
        bo1_0.updated_at,
        bo1_0.user_id 
    from
        booking_orders bo1_0 
    where
        bo1_0.status=?
2026-01-19 00:25:00.025 - 
    select
        bo1_0.id,
        bo1_0.cabin_name,
        bo1_0.consume_time,
        bo1_0.created_at,
        bo1_0.date,
        bo1_0.order_no,
        bo1_0.original_price,
        bo1_0.payment_method,
        bo1_0.payment_order_id,
        bo1_0.payment_status,
        bo1_0.payment_time,
        bo1_0.price,
        bo1_0.seat_name,
        bo1_0.status,
        bo1_0.time_slot,
        bo1_0.updated_at,
        bo1_0.user_id 
    from
        booking_orders bo1_0 
    where
        bo1_0.status=?
2026-01-19 00:29:59.989 - 
    select
        bo1_0.id,
        bo1_0.cabin_name,
        bo1_0.consume_time,
        bo1_0.created_at,
        bo1_0.date,
        bo1_0.order_no,
        bo1_0.original_price,
        bo1_0.payment_method,
        bo1_0.payment_order_id,
        bo1_0.payment_status,
        bo1_0.payment_time,
        bo1_0.price,
        bo1_0.seat_name,
        bo1_0.status,
        bo1_0.time_slot,
        bo1_0.updated_at,
        bo1_0.user_id 
    from
        booking_orders bo1_0 
    where
        bo1_0.status=?
2026-01-19 00:35:00.053 - 
    select
        bo1_0.id,
        bo1_0.cabin_name,
        bo1_0.consume_time,
        bo1_0.created_at,
        bo1_0.date,
        bo1_0.order_no,
        bo1_0.original_price,
        bo1_0.payment_method,
        bo1_0.payment_order_id,
        bo1_0.payment_status,
        bo1_0.payment_time,
        bo1_0.price,
        bo1_0.seat_name,
        bo1_0.status,
        bo1_0.time_slot,
        bo1_0.updated_at,
        bo1_0.user_id 
    from
        booking_orders bo1_0 
    where
        bo1_0.status=?
2026-01-19 00:40:01.131 - 
    select
        bo1_0.id,
        bo1_0.cabin_name,
        bo1_0.consume_time,
        bo1_0.created_at,
        bo1_0.date,
        bo1_0.order_no,
        bo1_0.original_price,
        bo1_0.payment_method,
        bo1_0.payment_order_id,
        bo1_0.payment_status,
        bo1_0.payment_time,
        bo1_0.price,
        bo1_0.seat_name,
        bo1_0.status,
        bo1_0.time_slot,
        bo1_0.updated_at,
        bo1_0.user_id 
    from
        booking_orders bo1_0 
    where
        bo1_0.status=?
2026-01-19 00:45:00.051 - 
    select
        bo1_0.id,
        bo1_0.cabin_name,
        bo1_0.consume_time,
        bo1_0.created_at,
        bo1_0.date,
        bo1_0.order_no,
        bo1_0.original_price,
        bo1_0.payment_method,
        bo1_0.payment_order_id,
        bo1_0.payment_status,
        bo1_0.payment_time,
        bo1_0.price,
        bo1_0.seat_name,
        bo1_0.status,
        bo1_0.time_slot,
        bo1_0.updated_at,
        bo1_0.user_id 
    from
        booking_orders bo1_0 
    where
        bo1_0.status=?
2026-01-19 00:50:00.073 - 
    select
        bo1_0.id,
        bo1_0.cabin_name,
        bo1_0.consume_time,
        bo1_0.created_at,
        bo1_0.date,
        bo1_0.order_no,
        bo1_0.original_price,
        bo1_0.payment_method,
        bo1_0.payment_order_id,
        bo1_0.payment_status,
        bo1_0.payment_time,
        bo1_0.price,
        bo1_0.seat_name,
        bo1_0.status,
        bo1_0.time_slot,
        bo1_0.updated_at,
        bo1_0.user_id 
    from
        booking_orders bo1_0 
    where
        bo1_0.status=?
2026-01-19 00:55:00.105 - 
    select
        bo1_0.id,
        bo1_0.cabin_name,
        bo1_0.consume_time,
        bo1_0.created_at,
        bo1_0.date,
        bo1_0.order_no,
        bo1_0.original_price,
        bo1_0.payment_method,
        bo1_0.payment_order_id,
        bo1_0.payment_status,
        bo1_0.payment_time,
        bo1_0.price,
        bo1_0.seat_name,
        bo1_0.status,
        bo1_0.time_slot,
        bo1_0.updated_at,
        bo1_0.user_id 
    from
        booking_orders bo1_0 
    where
        bo1_0.status=?
2026-01-19 01:00:00.063 - 
    select
        bo1_0.id,
        bo1_0.cabin_name,
        bo1_0.consume_time,
        bo1_0.created_at,
        bo1_0.date,
        bo1_0.order_no,
        bo1_0.original_price,
        bo1_0.payment_method,
        bo1_0.payment_order_id,
        bo1_0.payment_status,
        bo1_0.payment_time,
        bo1_0.price,
        bo1_0.seat_name,
        bo1_0.status,
        bo1_0.time_slot,
        bo1_0.updated_at,
        bo1_0.user_id 
    from
        booking_orders bo1_0 
    where
        bo1_0.status=?
2026-01-19 01:05:00.021 - 
    select
        bo1_0.id,
        bo1_0.cabin_name,
        bo1_0.consume_time,
        bo1_0.created_at,
        bo1_0.date,
        bo1_0.order_no,
        bo1_0.original_price,
        bo1_0.payment_method,
        bo1_0.payment_order_id,
        bo1_0.payment_status,
        bo1_0.payment_time,
        bo1_0.price,
        bo1_0.seat_name,
        bo1_0.status,
        bo1_0.time_slot,
        bo1_0.updated_at,
        bo1_0.user_id 
    from
        booking_orders bo1_0 
    where
        bo1_0.status=?
2026-01-19 01:10:00.065 - 
    select
        bo1_0.id,
        bo1_0.cabin_name,
        bo1_0.consume_time,
        bo1_0.created_at,
        bo1_0.date,
        bo1_0.order_no,
        bo1_0.original_price,
        bo1_0.payment_method,
        bo1_0.payment_order_id,
        bo1_0.payment_status,
        bo1_0.payment_time,
        bo1_0.price,
        bo1_0.seat_name,
        bo1_0.status,
        bo1_0.time_slot,
        bo1_0.updated_at,
        bo1_0.user_id 
    from
        booking_orders bo1_0 
    where
        bo1_0.status=?
2026-01-19 01:15:00.048 - 
    select
        bo1_0.id,
        bo1_0.cabin_name,
        bo1_0.consume_time,
        bo1_0.created_at,
        bo1_0.date,
        bo1_0.order_no,
        bo1_0.original_price,
        bo1_0.payment_method,
        bo1_0.payment_order_id,
        bo1_0.payment_status,
        bo1_0.payment_time,
        bo1_0.price,
        bo1_0.seat_name,
        bo1_0.status,
        bo1_0.time_slot,
        bo1_0.updated_at,
        bo1_0.user_id 
    from
        booking_orders bo1_0 
    where
        bo1_0.status=?
2026-01-19 01:20:00.046 - 
    select
        bo1_0.id,
        bo1_0.cabin_name,
        bo1_0.consume_time,
        bo1_0.created_at,
        bo1_0.date,
        bo1_0.order_no,
        bo1_0.original_price,
        bo1_0.payment_method,
        bo1_0.payment_order_id,
        bo1_0.payment_status,
        bo1_0.payment_time,
        bo1_0.price,
        bo1_0.seat_name,
        bo1_0.status,
        bo1_0.time_slot,
        bo1_0.updated_at,
        bo1_0.user_id 
    from
        booking_orders bo1_0 
    where
        bo1_0.status=?
2026-01-19 01:25:00.022 - 
    select
        bo1_0.id,
        bo1_0.cabin_name,
        bo1_0.consume_time,
        bo1_0.created_at,
        bo1_0.date,
        bo1_0.order_no,
        bo1_0.original_price,
        bo1_0.payment_method,
        bo1_0.payment_order_id,
        bo1_0.payment_status,
        bo1_0.payment_time,
        bo1_0.price,
        bo1_0.seat_name,
        bo1_0.status,
        bo1_0.time_slot,
        bo1_0.updated_at,
        bo1_0.user_id 
    from
        booking_orders bo1_0 
    where
        bo1_0.status=?
2026-01-19 01:30:00.021 - 
    select
        bo1_0.id,
        bo1_0.cabin_name,
        bo1_0.consume_time,
        bo1_0.created_at,
        bo1_0.date,
        bo1_0.order_no,
        bo1_0.original_price,
        bo1_0.payment_method,
        bo1_0.payment_order_id,
        bo1_0.payment_status,
        bo1_0.payment_time,
        bo1_0.price,
        bo1_0.seat_name,
        bo1_0.status,
        bo1_0.time_slot,
        bo1_0.updated_at,
        bo1_0.user_id 
    from
        booking_orders bo1_0 
    where
        bo1_0.status=?
2026-01-19 01:35:00.016 - 
    select
        bo1_0.id,
        bo1_0.cabin_name,
        bo1_0.consume_time,
        bo1_0.created_at,
        bo1_0.date,
        bo1_0.order_no,
        bo1_0.original_price,
        bo1_0.payment_method,
        bo1_0.payment_order_id,
        bo1_0.payment_status,
        bo1_0.payment_time,
        bo1_0.price,
        bo1_0.seat_name,
        bo1_0.status,
        bo1_0.time_slot,
        bo1_0.updated_at,
        bo1_0.user_id 
    from
        booking_orders bo1_0 
    where
        bo1_0.status=?
2026-01-19 01:40:00.026 - 
    select
        bo1_0.id,
        bo1_0.cabin_name,
        bo1_0.consume_time,
        bo1_0.created_at,
        bo1_0.date,
        bo1_0.order_no,
        bo1_0.original_price,
        bo1_0.payment_method,
        bo1_0.payment_order_id,
        bo1_0.payment_status,
        bo1_0.payment_time,
        bo1_0.price,
        bo1_0.seat_name,
        bo1_0.status,
        bo1_0.time_slot,
        bo1_0.updated_at,
        bo1_0.user_id 
    from
        booking_orders bo1_0 
    where
        bo1_0.status=?
2026-01-19 01:45:00.033 - 
    select
        bo1_0.id,
        bo1_0.cabin_name,
        bo1_0.consume_time,
        bo1_0.created_at,
        bo1_0.date,
        bo1_0.order_no,
        bo1_0.original_price,
        bo1_0.payment_method,
        bo1_0.payment_order_id,
        bo1_0.payment_status,
        bo1_0.payment_time,
        bo1_0.price,
        bo1_0.seat_name,
        bo1_0.status,
        bo1_0.time_slot,
        bo1_0.updated_at,
        bo1_0.user_id 
    from
        booking_orders bo1_0 
    where
        bo1_0.status=?
2026-01-19 01:50:00.041 - 
    select
        bo1_0.id,
        bo1_0.cabin_name,
        bo1_0.consume_time,
        bo1_0.created_at,
        bo1_0.date,
        bo1_0.order_no,
        bo1_0.original_price,
        bo1_0.payment_method,
        bo1_0.payment_order_id,
        bo1_0.payment_status,
        bo1_0.payment_time,
        bo1_0.price,
        bo1_0.seat_name,
        bo1_0.status,
        bo1_0.time_slot,
        bo1_0.updated_at,
        bo1_0.user_id 
    from
        booking_orders bo1_0 
    where
        bo1_0.status=?
2026-01-19 01:55:00.029 - 
    select
        bo1_0.id,
        bo1_0.cabin_name,
        bo1_0.consume_time,
        bo1_0.created_at,
        bo1_0.date,
        bo1_0.order_no,
        bo1_0.original_price,
        bo1_0.payment_method,
        bo1_0.payment_order_id,
        bo1_0.payment_status,
        bo1_0.payment_time,
        bo1_0.price,
        bo1_0.seat_name,
        bo1_0.status,
        bo1_0.time_slot,
        bo1_0.updated_at,
        bo1_0.user_id 
    from
        booking_orders bo1_0 
    where
        bo1_0.status=?
2026-01-19 02:00:00.099 - 
    select
        bo1_0.id,
        bo1_0.cabin_name,
        bo1_0.consume_time,
        bo1_0.created_at,
        bo1_0.date,
        bo1_0.order_no,
        bo1_0.original_price,
        bo1_0.payment_method,
        bo1_0.payment_order_id,
        bo1_0.payment_status,
        bo1_0.payment_time,
        bo1_0.price,
        bo1_0.seat_name,
        bo1_0.status,
        bo1_0.time_slot,
        bo1_0.updated_at,
        bo1_0.user_id 
    from
        booking_orders bo1_0 
    where
        bo1_0.status=?
2026-01-19 02:00:00.501 - 
    select
        po1_0.id,
        po1_0.card_end_date,
        po1_0.card_start_date,
        po1_0.card_status,
        po1_0.created_at,
        po1_0.order_no,
        po1_0.package_id,
        po1_0.package_name,
        po1_0.payment_method,
        po1_0.payment_time,
        po1_0.price,
        po1_0.remaining_times,
        po1_0.status,
        po1_0.transaction_type,
        po1_0.updated_at,
        po1_0.user_id 
    from
        payment_orders po1_0 
    where
        po1_0.status=?
2026-01-19 02:00:00.547 - 
    select
        mp1_0.id,
        mp1_0.avg_price_per_time,
        mp1_0.badge,
        mp1_0.category,
        mp1_0.code,
        mp1_0.description,
        mp1_0.features,
        mp1_0.is_active,
        mp1_0.name,
        mp1_0.people,
        mp1_0.price,
        mp1_0.sort_order,
        mp1_0.times_per_person,
        mp1_0.validity_days 
    from
        member_packages mp1_0 
    where
        mp1_0.id=?
2026-01-19 02:00:00.555 - 
    select
        mp1_0.id,
        mp1_0.avg_price_per_time,
        mp1_0.badge,
        mp1_0.category,
        mp1_0.code,
        mp1_0.description,
        mp1_0.features,
        mp1_0.is_active,
        mp1_0.name,
        mp1_0.people,
        mp1_0.price,
        mp1_0.sort_order,
        mp1_0.times_per_person,
        mp1_0.validity_days 
    from
        member_packages mp1_0 
    where
        mp1_0.id=?
2026-01-19 02:00:00.557 - 
    select
        mp1_0.id,
        mp1_0.avg_price_per_time,
        mp1_0.badge,
        mp1_0.category,
        mp1_0.code,
        mp1_0.description,
        mp1_0.features,
        mp1_0.is_active,
        mp1_0.name,
        mp1_0.people,
        mp1_0.price,
        mp1_0.sort_order,
        mp1_0.times_per_person,
        mp1_0.validity_days 
    from
        member_packages mp1_0 
    where
        mp1_0.id=?
2026-01-19 02:05:00.051 - 
    select
        bo1_0.id,
        bo1_0.cabin_name,
        bo1_0.consume_time,
        bo1_0.created_at,
        bo1_0.date,
        bo1_0.order_no,
        bo1_0.original_price,
        bo1_0.payment_method,
        bo1_0.payment_order_id,
        bo1_0.payment_status,
        bo1_0.payment_time,
        bo1_0.price,
        bo1_0.seat_name,
        bo1_0.status,
        bo1_0.time_slot,
        bo1_0.updated_at,
        bo1_0.user_id 
    from
        booking_orders bo1_0 
    where
        bo1_0.status=?
2026-01-19 02:10:00.023 - 
    select
        bo1_0.id,
        bo1_0.cabin_name,
        bo1_0.consume_time,
        bo1_0.created_at,
        bo1_0.date,
        bo1_0.order_no,
        bo1_0.original_price,
        bo1_0.payment_method,
        bo1_0.payment_order_id,
        bo1_0.payment_status,
        bo1_0.payment_time,
        bo1_0.price,
        bo1_0.seat_name,
        bo1_0.status,
        bo1_0.time_slot,
        bo1_0.updated_at,
        bo1_0.user_id 
    from
        booking_orders bo1_0 
    where
        bo1_0.status=?
2026-01-19 02:15:00.030 - 
    select
        bo1_0.id,
        bo1_0.cabin_name,
        bo1_0.consume_time,
        bo1_0.created_at,
        bo1_0.date,
        bo1_0.order_no,
        bo1_0.original_price,
        bo1_0.payment_method,
        bo1_0.payment_order_id,
        bo1_0.payment_status,
        bo1_0.payment_time,
        bo1_0.price,
        bo1_0.seat_name,
        bo1_0.status,
        bo1_0.time_slot,
        bo1_0.updated_at,
        bo1_0.user_id 
    from
        booking_orders bo1_0 
    where
        bo1_0.status=?
2026-01-19 02:20:00.024 - 
    select
        bo1_0.id,
        bo1_0.cabin_name,
        bo1_0.consume_time,
        bo1_0.created_at,
        bo1_0.date,
        bo1_0.order_no,
        bo1_0.original_price,
        bo1_0.payment_method,
        bo1_0.payment_order_id,
        bo1_0.payment_status,
        bo1_0.payment_time,
        bo1_0.price,
        bo1_0.seat_name,
        bo1_0.status,
        bo1_0.time_slot,
        bo1_0.updated_at,
        bo1_0.user_id 
    from
        booking_orders bo1_0 
    where
        bo1_0.status=?
2026-01-19 02:25:00.031 - 
    select
        bo1_0.id,
        bo1_0.cabin_name,
        bo1_0.consume_time,
        bo1_0.created_at,
        bo1_0.date,
        bo1_0.order_no,
        bo1_0.original_price,
        bo1_0.payment_method,
        bo1_0.payment_order_id,
        bo1_0.payment_status,
        bo1_0.payment_time,
        bo1_0.price,
        bo1_0.seat_name,
        bo1_0.status,
        bo1_0.time_slot,
        bo1_0.updated_at,
        bo1_0.user_id 
    from
        booking_orders bo1_0 
    where
        bo1_0.status=?
2026-01-19 02:30:00.046 - 
    select
        bo1_0.id,
        bo1_0.cabin_name,
        bo1_0.consume_time,
        bo1_0.created_at,
        bo1_0.date,
        bo1_0.order_no,
        bo1_0.original_price,
        bo1_0.payment_method,
        bo1_0.payment_order_id,
        bo1_0.payment_status,
        bo1_0.payment_time,
        bo1_0.price,
        bo1_0.seat_name,
        bo1_0.status,
        bo1_0.time_slot,
        bo1_0.updated_at,
        bo1_0.user_id 
    from
        booking_orders bo1_0 
    where
        bo1_0.status=?
2026-01-19 02:35:00.003 - 
    select
        bo1_0.id,
        bo1_0.cabin_name,
        bo1_0.consume_time,
        bo1_0.created_at,
        bo1_0.date,
        bo1_0.order_no,
        bo1_0.original_price,
        bo1_0.payment_method,
        bo1_0.payment_order_id,
        bo1_0.payment_status,
        bo1_0.payment_time,
        bo1_0.price,
        bo1_0.seat_name,
        bo1_0.status,
        bo1_0.time_slot,
        bo1_0.updated_at,
        bo1_0.user_id 
    from
        booking_orders bo1_0 
    where
        bo1_0.status=?
2026-01-19 02:40:00.028 - 
    select
        bo1_0.id,
        bo1_0.cabin_name,
        bo1_0.consume_time,
        bo1_0.created_at,
        bo1_0.date,
        bo1_0.order_no,
        bo1_0.original_price,
        bo1_0.payment_method,
        bo1_0.payment_order_id,
        bo1_0.payment_status,
        bo1_0.payment_time,
        bo1_0.price,
        bo1_0.seat_name,
        bo1_0.status,
        bo1_0.time_slot,
        bo1_0.updated_at,
        bo1_0.user_id 
    from
        booking_orders bo1_0 
    where
        bo1_0.status=?
2026-01-19 02:45:00.033 - 
    select
        bo1_0.id,
        bo1_0.cabin_name,
        bo1_0.consume_time,
        bo1_0.created_at,
        bo1_0.date,
        bo1_0.order_no,
        bo1_0.original_price,
        bo1_0.payment_method,
        bo1_0.payment_order_id,
        bo1_0.payment_status,
        bo1_0.payment_time,
        bo1_0.price,
        bo1_0.seat_name,
        bo1_0.status,
        bo1_0.time_slot,
        bo1_0.updated_at,
        bo1_0.user_id 
    from
        booking_orders bo1_0 
    where
        bo1_0.status=?
2026-01-19 02:50:00.013 - 
    select
        bo1_0.id,
        bo1_0.cabin_name,
        bo1_0.consume_time,
        bo1_0.created_at,
        bo1_0.date,
        bo1_0.order_no,
        bo1_0.original_price,
        bo1_0.payment_method,
        bo1_0.payment_order_id,
        bo1_0.payment_status,
        bo1_0.payment_time,
        bo1_0.price,
        bo1_0.seat_name,
        bo1_0.status,
        bo1_0.time_slot,
        bo1_0.updated_at,
        bo1_0.user_id 
    from
        booking_orders bo1_0 
    where
        bo1_0.status=?
2026-01-19 02:55:00.020 - 
    select
        bo1_0.id,
        bo1_0.cabin_name,
        bo1_0.consume_time,
        bo1_0.created_at,
        bo1_0.date,
        bo1_0.order_no,
        bo1_0.original_price,
        bo1_0.payment_method,
        bo1_0.payment_order_id,
        bo1_0.payment_status,
        bo1_0.payment_time,
        bo1_0.price,
        bo1_0.seat_name,
        bo1_0.status,
        bo1_0.time_slot,
        bo1_0.updated_at,
        bo1_0.user_id 
    from
        booking_orders bo1_0 
    where
        bo1_0.status=?
2026-01-19 03:00:00.031 - 
    select
        bo1_0.id,
        bo1_0.cabin_name,
        bo1_0.consume_time,
        bo1_0.created_at,
        bo1_0.date,
        bo1_0.order_no,
        bo1_0.original_price,
        bo1_0.payment_method,
        bo1_0.payment_order_id,
        bo1_0.payment_status,
        bo1_0.payment_time,
        bo1_0.price,
        bo1_0.seat_name,
        bo1_0.status,
        bo1_0.time_slot,
        bo1_0.updated_at,
        bo1_0.user_id 
    from
        booking_orders bo1_0 
    where
        bo1_0.status=?
2026-01-19 03:05:00.039 - 
    select
        bo1_0.id,
        bo1_0.cabin_name,
        bo1_0.consume_time,
        bo1_0.created_at,
        bo1_0.date,
        bo1_0.order_no,
        bo1_0.original_price,
        bo1_0.payment_method,
        bo1_0.payment_order_id,
        bo1_0.payment_status,
        bo1_0.payment_time,
        bo1_0.price,
        bo1_0.seat_name,
        bo1_0.status,
        bo1_0.time_slot,
        bo1_0.updated_at,
        bo1_0.user_id 
    from
        booking_orders bo1_0 
    where
        bo1_0.status=?
2026-01-19 03:10:00.090 - 
    select
        bo1_0.id,
        bo1_0.cabin_name,
        bo1_0.consume_time,
        bo1_0.created_at,
        bo1_0.date,
        bo1_0.order_no,
        bo1_0.original_price,
        bo1_0.payment_method,
        bo1_0.payment_order_id,
        bo1_0.payment_status,
        bo1_0.payment_time,
        bo1_0.price,
        bo1_0.seat_name,
        bo1_0.status,
        bo1_0.time_slot,
        bo1_0.updated_at,
        bo1_0.user_id 
    from
        booking_orders bo1_0 
    where
        bo1_0.status=?
2026-01-19 03:15:00.025 - 
    select
        bo1_0.id,
        bo1_0.cabin_name,
        bo1_0.consume_time,
        bo1_0.created_at,
        bo1_0.date,
        bo1_0.order_no,
        bo1_0.original_price,
        bo1_0.payment_method,
        bo1_0.payment_order_id,
        bo1_0.payment_status,
        bo1_0.payment_time,
        bo1_0.price,
        bo1_0.seat_name,
        bo1_0.status,
        bo1_0.time_slot,
        bo1_0.updated_at,
        bo1_0.user_id 
    from
        booking_orders bo1_0 
    where
        bo1_0.status=?
2026-01-19 03:20:00.037 - 
    select
        bo1_0.id,
        bo1_0.cabin_name,
        bo1_0.consume_time,
        bo1_0.created_at,
        bo1_0.date,
        bo1_0.order_no,
        bo1_0.original_price,
        bo1_0.payment_method,
        bo1_0.payment_order_id,
        bo1_0.payment_status,
        bo1_0.payment_time,
        bo1_0.price,
        bo1_0.seat_name,
        bo1_0.status,
        bo1_0.time_slot,
        bo1_0.updated_at,
        bo1_0.user_id 
    from
        booking_orders bo1_0 
    where
        bo1_0.status=?
2026-01-19 03:25:00.026 - 
    select
        bo1_0.id,
        bo1_0.cabin_name,
        bo1_0.consume_time,
        bo1_0.created_at,
        bo1_0.date,
        bo1_0.order_no,
        bo1_0.original_price,
        bo1_0.payment_method,
        bo1_0.payment_order_id,
        bo1_0.payment_status,
        bo1_0.payment_time,
        bo1_0.price,
        bo1_0.seat_name,
        bo1_0.status,
        bo1_0.time_slot,
        bo1_0.updated_at,
        bo1_0.user_id 
    from
        booking_orders bo1_0 
    where
        bo1_0.status=?
2026-01-19 03:30:00.026 - 
    select
        bo1_0.id,
        bo1_0.cabin_name,
        bo1_0.consume_time,
        bo1_0.created_at,
        bo1_0.date,
        bo1_0.order_no,
        bo1_0.original_price,
        bo1_0.payment_method,
        bo1_0.payment_order_id,
        bo1_0.payment_status,
        bo1_0.payment_time,
        bo1_0.price,
        bo1_0.seat_name,
        bo1_0.status,
        bo1_0.time_slot,
        bo1_0.updated_at,
        bo1_0.user_id 
    from
        booking_orders bo1_0 
    where
        bo1_0.status=?
2026-01-19 03:35:00.030 - 
    select
        bo1_0.id,
        bo1_0.cabin_name,
        bo1_0.consume_time,
        bo1_0.created_at,
        bo1_0.date,
        bo1_0.order_no,
        bo1_0.original_price,
        bo1_0.payment_method,
        bo1_0.payment_order_id,
        bo1_0.payment_status,
        bo1_0.payment_time,
        bo1_0.price,
        bo1_0.seat_name,
        bo1_0.status,
        bo1_0.time_slot,
        bo1_0.updated_at,
        bo1_0.user_id 
    from
        booking_orders bo1_0 
    where
        bo1_0.status=?
2026-01-19 03:40:00.071 - 
    select
        bo1_0.id,
        bo1_0.cabin_name,
        bo1_0.consume_time,
        bo1_0.created_at,
        bo1_0.date,
        bo1_0.order_no,
        bo1_0.original_price,
        bo1_0.payment_method,
        bo1_0.payment_order_id,
        bo1_0.payment_status,
        bo1_0.payment_time,
        bo1_0.price,
        bo1_0.seat_name,
        bo1_0.status,
        bo1_0.time_slot,
        bo1_0.updated_at,
        bo1_0.user_id 
    from
        booking_orders bo1_0 
    where
        bo1_0.status=?
2026-01-19 03:45:00.032 - 
    select
        bo1_0.id,
        bo1_0.cabin_name,
        bo1_0.consume_time,
        bo1_0.created_at,
        bo1_0.date,
        bo1_0.order_no,
        bo1_0.original_price,
        bo1_0.payment_method,
        bo1_0.payment_order_id,
        bo1_0.payment_status,
        bo1_0.payment_time,
        bo1_0.price,
        bo1_0.seat_name,
        bo1_0.status,
        bo1_0.time_slot,
        bo1_0.updated_at,
        bo1_0.user_id 
    from
        booking_orders bo1_0 
    where
        bo1_0.status=?
2026-01-19 03:50:00.034 - 
    select
        bo1_0.id,
        bo1_0.cabin_name,
        bo1_0.consume_time,
        bo1_0.created_at,
        bo1_0.date,
        bo1_0.order_no,
        bo1_0.original_price,
        bo1_0.payment_method,
        bo1_0.payment_order_id,
        bo1_0.payment_status,
        bo1_0.payment_time,
        bo1_0.price,
        bo1_0.seat_name,
        bo1_0.status,
        bo1_0.time_slot,
        bo1_0.updated_at,
        bo1_0.user_id 
    from
        booking_orders bo1_0 
    where
        bo1_0.status=?
2026-01-19 03:55:00.047 - 
    select
        bo1_0.id,
        bo1_0.cabin_name,
        bo1_0.consume_time,
        bo1_0.created_at,
        bo1_0.date,
        bo1_0.order_no,
        bo1_0.original_price,
        bo1_0.payment_method,
        bo1_0.payment_order_id,
        bo1_0.payment_status,
        bo1_0.payment_time,
        bo1_0.price,
        bo1_0.seat_name,
        bo1_0.status,
        bo1_0.time_slot,
        bo1_0.updated_at,
        bo1_0.user_id 
    from
        booking_orders bo1_0 
    where
        bo1_0.status=?
2026-01-19 04:00:00.019 - 
    select
        bo1_0.id,
        bo1_0.cabin_name,
        bo1_0.consume_time,
        bo1_0.created_at,
        bo1_0.date,
        bo1_0.order_no,
        bo1_0.original_price,
        bo1_0.payment_method,
        bo1_0.payment_order_id,
        bo1_0.payment_status,
        bo1_0.payment_time,
        bo1_0.price,
        bo1_0.seat_name,
        bo1_0.status,
        bo1_0.time_slot,
        bo1_0.updated_at,
        bo1_0.user_id 
    from
        booking_orders bo1_0 
    where
        bo1_0.status=?
2026-01-19 04:05:00.042 - 
    select
        bo1_0.id,
        bo1_0.cabin_name,
        bo1_0.consume_time,
        bo1_0.created_at,
        bo1_0.date,
        bo1_0.order_no,
        bo1_0.original_price,
        bo1_0.payment_method,
        bo1_0.payment_order_id,
        bo1_0.payment_status,
        bo1_0.payment_time,
        bo1_0.price,
        bo1_0.seat_name,
        bo1_0.status,
        bo1_0.time_slot,
        bo1_0.updated_at,
        bo1_0.user_id 
    from
        booking_orders bo1_0 
    where
        bo1_0.status=?
2026-01-19 04:10:00.039 - 
    select
        bo1_0.id,
        bo1_0.cabin_name,
        bo1_0.consume_time,
        bo1_0.created_at,
        bo1_0.date,
        bo1_0.order_no,
        bo1_0.original_price,
        bo1_0.payment_method,
        bo1_0.payment_order_id,
        bo1_0.payment_status,
        bo1_0.payment_time,
        bo1_0.price,
        bo1_0.seat_name,
        bo1_0.status,
        bo1_0.time_slot,
        bo1_0.updated_at,
        bo1_0.user_id 
    from
        booking_orders bo1_0 
    where
        bo1_0.status=?
2026-01-19 04:15:00.043 - 
    select
        bo1_0.id,
        bo1_0.cabin_name,
        bo1_0.consume_time,
        bo1_0.created_at,
        bo1_0.date,
        bo1_0.order_no,
        bo1_0.original_price,
        bo1_0.payment_method,
        bo1_0.payment_order_id,
        bo1_0.payment_status,
        bo1_0.payment_time,
        bo1_0.price,
        bo1_0.seat_name,
        bo1_0.status,
        bo1_0.time_slot,
        bo1_0.updated_at,
        bo1_0.user_id 
    from
        booking_orders bo1_0 
    where
        bo1_0.status=?
2026-01-19 04:19:59.963 - 
    select
        bo1_0.id,
        bo1_0.cabin_name,
        bo1_0.consume_time,
        bo1_0.created_at,
        bo1_0.date,
        bo1_0.order_no,
        bo1_0.original_price,
        bo1_0.payment_method,
        bo1_0.payment_order_id,
        bo1_0.payment_status,
        bo1_0.payment_time,
        bo1_0.price,
        bo1_0.seat_name,
        bo1_0.status,
        bo1_0.time_slot,
        bo1_0.updated_at,
        bo1_0.user_id 
    from
        booking_orders bo1_0 
    where
        bo1_0.status=?
2026-01-19 04:25:00.035 - 
    select
        bo1_0.id,
        bo1_0.cabin_name,
        bo1_0.consume_time,
        bo1_0.created_at,
        bo1_0.date,
        bo1_0.order_no,
        bo1_0.original_price,
        bo1_0.payment_method,
        bo1_0.payment_order_id,
        bo1_0.payment_status,
        bo1_0.payment_time,
        bo1_0.price,
        bo1_0.seat_name,
        bo1_0.status,
        bo1_0.time_slot,
        bo1_0.updated_at,
        bo1_0.user_id 
    from
        booking_orders bo1_0 
    where
        bo1_0.status=?
2026-01-19 04:30:00.040 - 
    select
        bo1_0.id,
        bo1_0.cabin_name,
        bo1_0.consume_time,
        bo1_0.created_at,
        bo1_0.date,
        bo1_0.order_no,
        bo1_0.original_price,
        bo1_0.payment_method,
        bo1_0.payment_order_id,
        bo1_0.payment_status,
        bo1_0.payment_time,
        bo1_0.price,
        bo1_0.seat_name,
        bo1_0.status,
        bo1_0.time_slot,
        bo1_0.updated_at,
        bo1_0.user_id 
    from
        booking_orders bo1_0 
    where
        bo1_0.status=?
2026-01-19 04:35:00.038 - 
    select
        bo1_0.id,
        bo1_0.cabin_name,
        bo1_0.consume_time,
        bo1_0.created_at,
        bo1_0.date,
        bo1_0.order_no,
        bo1_0.original_price,
        bo1_0.payment_method,
        bo1_0.payment_order_id,
        bo1_0.payment_status,
        bo1_0.payment_time,
        bo1_0.price,
        bo1_0.seat_name,
        bo1_0.status,
        bo1_0.time_slot,
        bo1_0.updated_at,
        bo1_0.user_id 
    from
        booking_orders bo1_0 
    where
        bo1_0.status=?
2026-01-19 04:40:00.001 - 
    select
        bo1_0.id,
        bo1_0.cabin_name,
        bo1_0.consume_time,
        bo1_0.created_at,
        bo1_0.date,
        bo1_0.order_no,
        bo1_0.original_price,
        bo1_0.payment_method,
        bo1_0.payment_order_id,
        bo1_0.payment_status,
        bo1_0.payment_time,
        bo1_0.price,
        bo1_0.seat_name,
        bo1_0.status,
        bo1_0.time_slot,
        bo1_0.updated_at,
        bo1_0.user_id 
    from
        booking_orders bo1_0 
    where
        bo1_0.status=?
2026-01-19 04:45:00.012 - 
    select
        bo1_0.id,
        bo1_0.cabin_name,
        bo1_0.consume_time,
        bo1_0.created_at,
        bo1_0.date,
        bo1_0.order_no,
        bo1_0.original_price,
        bo1_0.payment_method,
        bo1_0.payment_order_id,
        bo1_0.payment_status,
        bo1_0.payment_time,
        bo1_0.price,
        bo1_0.seat_name,
        bo1_0.status,
        bo1_0.time_slot,
        bo1_0.updated_at,
        bo1_0.user_id 
    from
        booking_orders bo1_0 
    where
        bo1_0.status=?
2026-01-19 04:50:00.021 - 
    select
        bo1_0.id,
        bo1_0.cabin_name,
        bo1_0.consume_time,
        bo1_0.created_at,
        bo1_0.date,
        bo1_0.order_no,
        bo1_0.original_price,
        bo1_0.payment_method,
        bo1_0.payment_order_id,
        bo1_0.payment_status,
        bo1_0.payment_time,
        bo1_0.price,
        bo1_0.seat_name,
        bo1_0.status,
        bo1_0.time_slot,
        bo1_0.updated_at,
        bo1_0.user_id 
    from
        booking_orders bo1_0 
    where
        bo1_0.status=?
2026-01-19 04:55:00.007 - 
    select
        bo1_0.id,
        bo1_0.cabin_name,
        bo1_0.consume_time,
        bo1_0.created_at,
        bo1_0.date,
        bo1_0.order_no,
        bo1_0.original_price,
        bo1_0.payment_method,
        bo1_0.payment_order_id,
        bo1_0.payment_status,
        bo1_0.payment_time,
        bo1_0.price,
        bo1_0.seat_name,
        bo1_0.status,
        bo1_0.time_slot,
        bo1_0.updated_at,
        bo1_0.user_id 
    from
        booking_orders bo1_0 
    where
        bo1_0.status=?
2026-01-19 05:00:00.026 - 
    select
        bo1_0.id,
        bo1_0.cabin_name,
        bo1_0.consume_time,
        bo1_0.created_at,
        bo1_0.date,
        bo1_0.order_no,
        bo1_0.original_price,
        bo1_0.payment_method,
        bo1_0.payment_order_id,
        bo1_0.payment_status,
        bo1_0.payment_time,
        bo1_0.price,
        bo1_0.seat_name,
        bo1_0.status,
        bo1_0.time_slot,
        bo1_0.updated_at,
        bo1_0.user_id 
    from
        booking_orders bo1_0 
    where
        bo1_0.status=?
2026-01-19 05:05:00.033 - 
    select
        bo1_0.id,
        bo1_0.cabin_name,
        bo1_0.consume_time,
        bo1_0.created_at,
        bo1_0.date,
        bo1_0.order_no,
        bo1_0.original_price,
        bo1_0.payment_method,
        bo1_0.payment_order_id,
        bo1_0.payment_status,
        bo1_0.payment_time,
        bo1_0.price,
        bo1_0.seat_name,
        bo1_0.status,
        bo1_0.time_slot,
        bo1_0.updated_at,
        bo1_0.user_id 
    from
        booking_orders bo1_0 
    where
        bo1_0.status=?
2026-01-19 05:10:00.026 - 
    select
        bo1_0.id,
        bo1_0.cabin_name,
        bo1_0.consume_time,
        bo1_0.created_at,
        bo1_0.date,
        bo1_0.order_no,
        bo1_0.original_price,
        bo1_0.payment_method,
        bo1_0.payment_order_id,
        bo1_0.payment_status,
        bo1_0.payment_time,
        bo1_0.price,
        bo1_0.seat_name,
        bo1_0.status,
        bo1_0.time_slot,
        bo1_0.updated_at,
        bo1_0.user_id 
    from
        booking_orders bo1_0 
    where
        bo1_0.status=?
2026-01-19 05:15:00.014 - 
    select
        bo1_0.id,
        bo1_0.cabin_name,
        bo1_0.consume_time,
        bo1_0.created_at,
        bo1_0.date,
        bo1_0.order_no,
        bo1_0.original_price,
        bo1_0.payment_method,
        bo1_0.payment_order_id,
        bo1_0.payment_status,
        bo1_0.payment_time,
        bo1_0.price,
        bo1_0.seat_name,
        bo1_0.status,
        bo1_0.time_slot,
        bo1_0.updated_at,
        bo1_0.user_id 
    from
        booking_orders bo1_0 
    where
        bo1_0.status=?
2026-01-19 05:20:00.063 - 
    select
        bo1_0.id,
        bo1_0.cabin_name,
        bo1_0.consume_time,
        bo1_0.created_at,
        bo1_0.date,
        bo1_0.order_no,
        bo1_0.original_price,
        bo1_0.payment_method,
        bo1_0.payment_order_id,
        bo1_0.payment_status,
        bo1_0.payment_time,
        bo1_0.price,
        bo1_0.seat_name,
        bo1_0.status,
        bo1_0.time_slot,
        bo1_0.updated_at,
        bo1_0.user_id 
    from
        booking_orders bo1_0 
    where
        bo1_0.status=?
2026-01-19 05:25:00.039 - 
    select
        bo1_0.id,
        bo1_0.cabin_name,
        bo1_0.consume_time,
        bo1_0.created_at,
        bo1_0.date,
        bo1_0.order_no,
        bo1_0.original_price,
        bo1_0.payment_method,
        bo1_0.payment_order_id,
        bo1_0.payment_status,
        bo1_0.payment_time,
        bo1_0.price,
        bo1_0.seat_name,
        bo1_0.status,
        bo1_0.time_slot,
        bo1_0.updated_at,
        bo1_0.user_id 
    from
        booking_orders bo1_0 
    where
        bo1_0.status=?
2026-01-19 05:30:00.047 - 
    select
        bo1_0.id,
        bo1_0.cabin_name,
        bo1_0.consume_time,
        bo1_0.created_at,
        bo1_0.date,
        bo1_0.order_no,
        bo1_0.original_price,
        bo1_0.payment_method,
        bo1_0.payment_order_id,
        bo1_0.payment_status,
        bo1_0.payment_time,
        bo1_0.price,
        bo1_0.seat_name,
        bo1_0.status,
        bo1_0.time_slot,
        bo1_0.updated_at,
        bo1_0.user_id 
    from
        booking_orders bo1_0 
    where
        bo1_0.status=?
2026-01-19 05:35:00.028 - 
    select
        bo1_0.id,
        bo1_0.cabin_name,
        bo1_0.consume_time,
        bo1_0.created_at,
        bo1_0.date,
        bo1_0.order_no,
        bo1_0.original_price,
        bo1_0.payment_method,
        bo1_0.payment_order_id,
        bo1_0.payment_status,
        bo1_0.payment_time,
        bo1_0.price,
        bo1_0.seat_name,
        bo1_0.status,
        bo1_0.time_slot,
        bo1_0.updated_at,
        bo1_0.user_id 
    from
        booking_orders bo1_0 
    where
        bo1_0.status=?
2026-01-19 05:40:00.020 - 
    select
        bo1_0.id,
        bo1_0.cabin_name,
        bo1_0.consume_time,
        bo1_0.created_at,
        bo1_0.date,
        bo1_0.order_no,
        bo1_0.original_price,
        bo1_0.payment_method,
        bo1_0.payment_order_id,
        bo1_0.payment_status,
        bo1_0.payment_time,
        bo1_0.price,
        bo1_0.seat_name,
        bo1_0.status,
        bo1_0.time_slot,
        bo1_0.updated_at,
        bo1_0.user_id 
    from
        booking_orders bo1_0 
    where
        bo1_0.status=?
2026-01-19 05:45:00.078 - 
    select
        bo1_0.id,
        bo1_0.cabin_name,
        bo1_0.consume_time,
        bo1_0.created_at,
        bo1_0.date,
        bo1_0.order_no,
        bo1_0.original_price,
        bo1_0.payment_method,
        bo1_0.payment_order_id,
        bo1_0.payment_status,
        bo1_0.payment_time,
        bo1_0.price,
        bo1_0.seat_name,
        bo1_0.status,
        bo1_0.time_slot,
        bo1_0.updated_at,
        bo1_0.user_id 
    from
        booking_orders bo1_0 
    where
        bo1_0.status=?
2026-01-19 05:50:00.027 - 
    select
        bo1_0.id,
        bo1_0.cabin_name,
        bo1_0.consume_time,
        bo1_0.created_at,
        bo1_0.date,
        bo1_0.order_no,
        bo1_0.original_price,
        bo1_0.payment_method,
        bo1_0.payment_order_id,
        bo1_0.payment_status,
        bo1_0.payment_time,
        bo1_0.price,
        bo1_0.seat_name,
        bo1_0.status,
        bo1_0.time_slot,
        bo1_0.updated_at,
        bo1_0.user_id 
    from
        booking_orders bo1_0 
    where
        bo1_0.status=?
2026-01-19 05:55:00.046 - 
    select
        bo1_0.id,
        bo1_0.cabin_name,
        bo1_0.consume_time,
        bo1_0.created_at,
        bo1_0.date,
        bo1_0.order_no,
        bo1_0.original_price,
        bo1_0.payment_method,
        bo1_0.payment_order_id,
        bo1_0.payment_status,
        bo1_0.payment_time,
        bo1_0.price,
        bo1_0.seat_name,
        bo1_0.status,
        bo1_0.time_slot,
        bo1_0.updated_at,
        bo1_0.user_id 
    from
        booking_orders bo1_0 
    where
        bo1_0.status=?
2026-01-19 06:00:00.035 - 
    select
        bo1_0.id,
        bo1_0.cabin_name,
        bo1_0.consume_time,
        bo1_0.created_at,
        bo1_0.date,
        bo1_0.order_no,
        bo1_0.original_price,
        bo1_0.payment_method,
        bo1_0.payment_order_id,
        bo1_0.payment_status,
        bo1_0.payment_time,
        bo1_0.price,
        bo1_0.seat_name,
        bo1_0.status,
        bo1_0.time_slot,
        bo1_0.updated_at,
        bo1_0.user_id 
    from
        booking_orders bo1_0 
    where
        bo1_0.status=?
2026-01-19 06:05:00.029 - 
    select
        bo1_0.id,
        bo1_0.cabin_name,
        bo1_0.consume_time,
        bo1_0.created_at,
        bo1_0.date,
        bo1_0.order_no,
        bo1_0.original_price,
        bo1_0.payment_method,
        bo1_0.payment_order_id,
        bo1_0.payment_status,
        bo1_0.payment_time,
        bo1_0.price,
        bo1_0.seat_name,
        bo1_0.status,
        bo1_0.time_slot,
        bo1_0.updated_at,
        bo1_0.user_id 
    from
        booking_orders bo1_0 
    where
        bo1_0.status=?
2026-01-19 06:10:00.040 - 
    select
        bo1_0.id,
        bo1_0.cabin_name,
        bo1_0.consume_time,
        bo1_0.created_at,
        bo1_0.date,
        bo1_0.order_no,
        bo1_0.original_price,
        bo1_0.payment_method,
        bo1_0.payment_order_id,
        bo1_0.payment_status,
        bo1_0.payment_time,
        bo1_0.price,
        bo1_0.seat_name,
        bo1_0.status,
        bo1_0.time_slot,
        bo1_0.updated_at,
        bo1_0.user_id 
    from
        booking_orders bo1_0 
    where
        bo1_0.status=?
2026-01-19 06:15:00.025 - 
    select
        bo1_0.id,
        bo1_0.cabin_name,
        bo1_0.consume_time,
        bo1_0.created_at,
        bo1_0.date,
        bo1_0.order_no,
        bo1_0.original_price,
        bo1_0.payment_method,
        bo1_0.payment_order_id,
        bo1_0.payment_status,
        bo1_0.payment_time,
        bo1_0.price,
        bo1_0.seat_name,
        bo1_0.status,
        bo1_0.time_slot,
        bo1_0.updated_at,
        bo1_0.user_id 
    from
        booking_orders bo1_0 
    where
        bo1_0.status=?
2026-01-19 06:20:00.055 - 
    select
        bo1_0.id,
        bo1_0.cabin_name,
        bo1_0.consume_time,
        bo1_0.created_at,
        bo1_0.date,
        bo1_0.order_no,
        bo1_0.original_price,
        bo1_0.payment_method,
        bo1_0.payment_order_id,
        bo1_0.payment_status,
        bo1_0.payment_time,
        bo1_0.price,
        bo1_0.seat_name,
        bo1_0.status,
        bo1_0.time_slot,
        bo1_0.updated_at,
        bo1_0.user_id 
    from
        booking_orders bo1_0 
    where
        bo1_0.status=?
2026-01-19 06:25:00.028 - 
    select
        bo1_0.id,
        bo1_0.cabin_name,
        bo1_0.consume_time,
        bo1_0.created_at,
        bo1_0.date,
        bo1_0.order_no,
        bo1_0.original_price,
        bo1_0.payment_method,
        bo1_0.payment_order_id,
        bo1_0.payment_status,
        bo1_0.payment_time,
        bo1_0.price,
        bo1_0.seat_name,
        bo1_0.status,
        bo1_0.time_slot,
        bo1_0.updated_at,
        bo1_0.user_id 
    from
        booking_orders bo1_0 
    where
        bo1_0.status=?
2026-01-19 06:30:00.035 - 
    select
        bo1_0.id,
        bo1_0.cabin_name,
        bo1_0.consume_time,
        bo1_0.created_at,
        bo1_0.date,
        bo1_0.order_no,
        bo1_0.original_price,
        bo1_0.payment_method,
        bo1_0.payment_order_id,
        bo1_0.payment_status,
        bo1_0.payment_time,
        bo1_0.price,
        bo1_0.seat_name,
        bo1_0.status,
        bo1_0.time_slot,
        bo1_0.updated_at,
        bo1_0.user_id 
    from
        booking_orders bo1_0 
    where
        bo1_0.status=?
2026-01-19 06:35:00.018 - 
    select
        bo1_0.id,
        bo1_0.cabin_name,
        bo1_0.consume_time,
        bo1_0.created_at,
        bo1_0.date,
        bo1_0.order_no,
        bo1_0.original_price,
        bo1_0.payment_method,
        bo1_0.payment_order_id,
        bo1_0.payment_status,
        bo1_0.payment_time,
        bo1_0.price,
        bo1_0.seat_name,
        bo1_0.status,
        bo1_0.time_slot,
        bo1_0.updated_at,
        bo1_0.user_id 
    from
        booking_orders bo1_0 
    where
        bo1_0.status=?
2026-01-19 06:40:00.036 - 
    select
        bo1_0.id,
        bo1_0.cabin_name,
        bo1_0.consume_time,
        bo1_0.created_at,
        bo1_0.date,
        bo1_0.order_no,
        bo1_0.original_price,
        bo1_0.payment_method,
        bo1_0.payment_order_id,
        bo1_0.payment_status,
        bo1_0.payment_time,
        bo1_0.price,
        bo1_0.seat_name,
        bo1_0.status,
        bo1_0.time_slot,
        bo1_0.updated_at,
        bo1_0.user_id 
    from
        booking_orders bo1_0 
    where
        bo1_0.status=?
2026-01-19 06:45:00.021 - 
    select
        bo1_0.id,
        bo1_0.cabin_name,
        bo1_0.consume_time,
        bo1_0.created_at,
        bo1_0.date,
        bo1_0.order_no,
        bo1_0.original_price,
        bo1_0.payment_method,
        bo1_0.payment_order_id,
        bo1_0.payment_status,
        bo1_0.payment_time,
        bo1_0.price,
        bo1_0.seat_name,
        bo1_0.status,
        bo1_0.time_slot,
        bo1_0.updated_at,
        bo1_0.user_id 
    from
        booking_orders bo1_0 
    where
        bo1_0.status=?
2026-01-19 06:50:00.028 - 
    select
        bo1_0.id,
        bo1_0.cabin_name,
        bo1_0.consume_time,
        bo1_0.created_at,
        bo1_0.date,
        bo1_0.order_no,
        bo1_0.original_price,
        bo1_0.payment_method,
        bo1_0.payment_order_id,
        bo1_0.payment_status,
        bo1_0.payment_time,
        bo1_0.price,
        bo1_0.seat_name,
        bo1_0.status,
        bo1_0.time_slot,
        bo1_0.updated_at,
        bo1_0.user_id 
    from
        booking_orders bo1_0 
    where
        bo1_0.status=?
2026-01-19 06:54:59.995 - 
    select
        bo1_0.id,
        bo1_0.cabin_name,
        bo1_0.consume_time,
        bo1_0.created_at,
        bo1_0.date,
        bo1_0.order_no,
        bo1_0.original_price,
        bo1_0.payment_method,
        bo1_0.payment_order_id,
        bo1_0.payment_status,
        bo1_0.payment_time,
        bo1_0.price,
        bo1_0.seat_name,
        bo1_0.status,
        bo1_0.time_slot,
        bo1_0.updated_at,
        bo1_0.user_id 
    from
        booking_orders bo1_0 
    where
        bo1_0.status=?
2026-01-19 07:00:00.028 - 
    select
        bo1_0.id,
        bo1_0.cabin_name,
        bo1_0.consume_time,
        bo1_0.created_at,
        bo1_0.date,
        bo1_0.order_no,
        bo1_0.original_price,
        bo1_0.payment_method,
        bo1_0.payment_order_id,
        bo1_0.payment_status,
        bo1_0.payment_time,
        bo1_0.price,
        bo1_0.seat_name,
        bo1_0.status,
        bo1_0.time_slot,
        bo1_0.updated_at,
        bo1_0.user_id 
    from
        booking_orders bo1_0 
    where
        bo1_0.status=?
2026-01-19 07:05:00.044 - 
    select
        bo1_0.id,
        bo1_0.cabin_name,
        bo1_0.consume_time,
        bo1_0.created_at,
        bo1_0.date,
        bo1_0.order_no,
        bo1_0.original_price,
        bo1_0.payment_method,
        bo1_0.payment_order_id,
        bo1_0.payment_status,
        bo1_0.payment_time,
        bo1_0.price,
        bo1_0.seat_name,
        bo1_0.status,
        bo1_0.time_slot,
        bo1_0.updated_at,
        bo1_0.user_id 
    from
        booking_orders bo1_0 
    where
        bo1_0.status=?
2026-01-19 07:10:00.032 - 
    select
        bo1_0.id,
        bo1_0.cabin_name,
        bo1_0.consume_time,
        bo1_0.created_at,
        bo1_0.date,
        bo1_0.order_no,
        bo1_0.original_price,
        bo1_0.payment_method,
        bo1_0.payment_order_id,
        bo1_0.payment_status,
        bo1_0.payment_time,
        bo1_0.price,
        bo1_0.seat_name,
        bo1_0.status,
        bo1_0.time_slot,
        bo1_0.updated_at,
        bo1_0.user_id 
    from
        booking_orders bo1_0 
    where
        bo1_0.status=?
2026-01-19 07:15:00.039 - 
    select
        bo1_0.id,
        bo1_0.cabin_name,
        bo1_0.consume_time,
        bo1_0.created_at,
        bo1_0.date,
        bo1_0.order_no,
        bo1_0.original_price,
        bo1_0.payment_method,
        bo1_0.payment_order_id,
        bo1_0.payment_status,
        bo1_0.payment_time,
        bo1_0.price,
        bo1_0.seat_name,
        bo1_0.status,
        bo1_0.time_slot,
        bo1_0.updated_at,
        bo1_0.user_id 
    from
        booking_orders bo1_0 
    where
        bo1_0.status=?
2026-01-19 07:20:00.025 - 
    select
        bo1_0.id,
        bo1_0.cabin_name,
        bo1_0.consume_time,
        bo1_0.created_at,
        bo1_0.date,
        bo1_0.order_no,
        bo1_0.original_price,
        bo1_0.payment_method,
        bo1_0.payment_order_id,
        bo1_0.payment_status,
        bo1_0.payment_time,
        bo1_0.price,
        bo1_0.seat_name,
        bo1_0.status,
        bo1_0.time_slot,
        bo1_0.updated_at,
        bo1_0.user_id 
    from
        booking_orders bo1_0 
    where
        bo1_0.status=?
2026-01-19 07:25:00.010 - 
    select
        bo1_0.id,
        bo1_0.cabin_name,
        bo1_0.consume_time,
        bo1_0.created_at,
        bo1_0.date,
        bo1_0.order_no,
        bo1_0.original_price,
        bo1_0.payment_method,
        bo1_0.payment_order_id,
        bo1_0.payment_status,
        bo1_0.payment_time,
        bo1_0.price,
        bo1_0.seat_name,
        bo1_0.status,
        bo1_0.time_slot,
        bo1_0.updated_at,
        bo1_0.user_id 
    from
        booking_orders bo1_0 
    where
        bo1_0.status=?
2026-01-19 07:30:00.047 - 
    select
        bo1_0.id,
        bo1_0.cabin_name,
        bo1_0.consume_time,
        bo1_0.created_at,
        bo1_0.date,
        bo1_0.order_no,
        bo1_0.original_price,
        bo1_0.payment_method,
        bo1_0.payment_order_id,
        bo1_0.payment_status,
        bo1_0.payment_time,
        bo1_0.price,
        bo1_0.seat_name,
        bo1_0.status,
        bo1_0.time_slot,
        bo1_0.updated_at,
        bo1_0.user_id 
    from
        booking_orders bo1_0 
    where
        bo1_0.status=?
2026-01-19 07:35:00.026 - 
    select
        bo1_0.id,
        bo1_0.cabin_name,
        bo1_0.consume_time,
        bo1_0.created_at,
        bo1_0.date,
        bo1_0.order_no,
        bo1_0.original_price,
        bo1_0.payment_method,
        bo1_0.payment_order_id,
        bo1_0.payment_status,
        bo1_0.payment_time,
        bo1_0.price,
        bo1_0.seat_name,
        bo1_0.status,
        bo1_0.time_slot,
        bo1_0.updated_at,
        bo1_0.user_id 
    from
        booking_orders bo1_0 
    where
        bo1_0.status=?
2026-01-19 07:40:00.063 - 
    select
        bo1_0.id,
        bo1_0.cabin_name,
        bo1_0.consume_time,
        bo1_0.created_at,
        bo1_0.date,
        bo1_0.order_no,
        bo1_0.original_price,
        bo1_0.payment_method,
        bo1_0.payment_order_id,
        bo1_0.payment_status,
        bo1_0.payment_time,
        bo1_0.price,
        bo1_0.seat_name,
        bo1_0.status,
        bo1_0.time_slot,
        bo1_0.updated_at,
        bo1_0.user_id 
    from
        booking_orders bo1_0 
    where
        bo1_0.status=?
2026-01-19 07:45:00.042 - 
    select
        bo1_0.id,
        bo1_0.cabin_name,
        bo1_0.consume_time,
        bo1_0.created_at,
        bo1_0.date,
        bo1_0.order_no,
        bo1_0.original_price,
        bo1_0.payment_method,
        bo1_0.payment_order_id,
        bo1_0.payment_status,
        bo1_0.payment_time,
        bo1_0.price,
        bo1_0.seat_name,
        bo1_0.status,
        bo1_0.time_slot,
        bo1_0.updated_at,
        bo1_0.user_id 
    from
        booking_orders bo1_0 
    where
        bo1_0.status=?
2026-01-19 07:50:00.027 - 
    select
        bo1_0.id,
        bo1_0.cabin_name,
        bo1_0.consume_time,
        bo1_0.created_at,
        bo1_0.date,
        bo1_0.order_no,
        bo1_0.original_price,
        bo1_0.payment_method,
        bo1_0.payment_order_id,
        bo1_0.payment_status,
        bo1_0.payment_time,
        bo1_0.price,
        bo1_0.seat_name,
        bo1_0.status,
        bo1_0.time_slot,
        bo1_0.updated_at,
        bo1_0.user_id 
    from
        booking_orders bo1_0 
    where
        bo1_0.status=?
2026-01-19 07:55:00.041 - 
    select
        bo1_0.id,
        bo1_0.cabin_name,
        bo1_0.consume_time,
        bo1_0.created_at,
        bo1_0.date,
        bo1_0.order_no,
        bo1_0.original_price,
        bo1_0.payment_method,
        bo1_0.payment_order_id,
        bo1_0.payment_status,
        bo1_0.payment_time,
        bo1_0.price,
        bo1_0.seat_name,
        bo1_0.status,
        bo1_0.time_slot,
        bo1_0.updated_at,
        bo1_0.user_id 
    from
        booking_orders bo1_0 
    where
        bo1_0.status=?
2026-01-19 08:00:00.041 - 
    select
        bo1_0.id,
        bo1_0.cabin_name,
        bo1_0.consume_time,
        bo1_0.created_at,
        bo1_0.date,
        bo1_0.order_no,
        bo1_0.original_price,
        bo1_0.payment_method,
        bo1_0.payment_order_id,
        bo1_0.payment_status,
        bo1_0.payment_time,
        bo1_0.price,
        bo1_0.seat_name,
        bo1_0.status,
        bo1_0.time_slot,
        bo1_0.updated_at,
        bo1_0.user_id 
    from
        booking_orders bo1_0 
    where
        bo1_0.status=?
2026-01-19 08:05:00.046 - 
    select
        bo1_0.id,
        bo1_0.cabin_name,
        bo1_0.consume_time,
        bo1_0.created_at,
        bo1_0.date,
        bo1_0.order_no,
        bo1_0.original_price,
        bo1_0.payment_method,
        bo1_0.payment_order_id,
        bo1_0.payment_status,
        bo1_0.payment_time,
        bo1_0.price,
        bo1_0.seat_name,
        bo1_0.status,
        bo1_0.time_slot,
        bo1_0.updated_at,
        bo1_0.user_id 
    from
        booking_orders bo1_0 
    where
        bo1_0.status=?
2026-01-19 08:10:00.048 - 
    select
        bo1_0.id,
        bo1_0.cabin_name,
        bo1_0.consume_time,
        bo1_0.created_at,
        bo1_0.date,
        bo1_0.order_no,
        bo1_0.original_price,
        bo1_0.payment_method,
        bo1_0.payment_order_id,
        bo1_0.payment_status,
        bo1_0.payment_time,
        bo1_0.price,
        bo1_0.seat_name,
        bo1_0.status,
        bo1_0.time_slot,
        bo1_0.updated_at,
        bo1_0.user_id 
    from
        booking_orders bo1_0 
    where
        bo1_0.status=?
2026-01-19 08:15:00.027 - 
    select
        bo1_0.id,
        bo1_0.cabin_name,
        bo1_0.consume_time,
        bo1_0.created_at,
        bo1_0.date,
        bo1_0.order_no,
        bo1_0.original_price,
        bo1_0.payment_method,
        bo1_0.payment_order_id,
        bo1_0.payment_status,
        bo1_0.payment_time,
        bo1_0.price,
        bo1_0.seat_name,
        bo1_0.status,
        bo1_0.time_slot,
        bo1_0.updated_at,
        bo1_0.user_id 
    from
        booking_orders bo1_0 
    where
        bo1_0.status=?
2026-01-19 08:20:00.036 - 
    select
        bo1_0.id,
        bo1_0.cabin_name,
        bo1_0.consume_time,
        bo1_0.created_at,
        bo1_0.date,
        bo1_0.order_no,
        bo1_0.original_price,
        bo1_0.payment_method,
        bo1_0.payment_order_id,
        bo1_0.payment_status,
        bo1_0.payment_time,
        bo1_0.price,
        bo1_0.seat_name,
        bo1_0.status,
        bo1_0.time_slot,
        bo1_0.updated_at,
        bo1_0.user_id 
    from
        booking_orders bo1_0 
    where
        bo1_0.status=?
2026-01-19 08:24:59.969 - 
    select
        bo1_0.id,
        bo1_0.cabin_name,
        bo1_0.consume_time,
        bo1_0.created_at,
        bo1_0.date,
        bo1_0.order_no,
        bo1_0.original_price,
        bo1_0.payment_method,
        bo1_0.payment_order_id,
        bo1_0.payment_status,
        bo1_0.payment_time,
        bo1_0.price,
        bo1_0.seat_name,
        bo1_0.status,
        bo1_0.time_slot,
        bo1_0.updated_at,
        bo1_0.user_id 
    from
        booking_orders bo1_0 
    where
        bo1_0.status=?
2026-01-19 08:30:00.037 - 
    select
        bo1_0.id,
        bo1_0.cabin_name,
        bo1_0.consume_time,
        bo1_0.created_at,
        bo1_0.date,
        bo1_0.order_no,
        bo1_0.original_price,
        bo1_0.payment_method,
        bo1_0.payment_order_id,
        bo1_0.payment_status,
        bo1_0.payment_time,
        bo1_0.price,
        bo1_0.seat_name,
        bo1_0.status,
        bo1_0.time_slot,
        bo1_0.updated_at,
        bo1_0.user_id 
    from
        booking_orders bo1_0 
    where
        bo1_0.status=?
2026-01-19 08:35:00.042 - 
    select
        bo1_0.id,
        bo1_0.cabin_name,
        bo1_0.consume_time,
        bo1_0.created_at,
        bo1_0.date,
        bo1_0.order_no,
        bo1_0.original_price,
        bo1_0.payment_method,
        bo1_0.payment_order_id,
        bo1_0.payment_status,
        bo1_0.payment_time,
        bo1_0.price,
        bo1_0.seat_name,
        bo1_0.status,
        bo1_0.time_slot,
        bo1_0.updated_at,
        bo1_0.user_id 
    from
        booking_orders bo1_0 
    where
        bo1_0.status=?
2026-01-19 08:40:00.027 - 
    select
        bo1_0.id,
        bo1_0.cabin_name,
        bo1_0.consume_time,
        bo1_0.created_at,
        bo1_0.date,
        bo1_0.order_no,
        bo1_0.original_price,
        bo1_0.payment_method,
        bo1_0.payment_order_id,
        bo1_0.payment_status,
        bo1_0.payment_time,
        bo1_0.price,
        bo1_0.seat_name,
        bo1_0.status,
        bo1_0.time_slot,
        bo1_0.updated_at,
        bo1_0.user_id 
    from
        booking_orders bo1_0 
    where
        bo1_0.status=?
2026-01-19 08:45:00.015 - 
    select
        bo1_0.id,
        bo1_0.cabin_name,
        bo1_0.consume_time,
        bo1_0.created_at,
        bo1_0.date,
        bo1_0.order_no,
        bo1_0.original_price,
        bo1_0.payment_method,
        bo1_0.payment_order_id,
        bo1_0.payment_status,
        bo1_0.payment_time,
        bo1_0.price,
        bo1_0.seat_name,
        bo1_0.status,
        bo1_0.time_slot,
        bo1_0.updated_at,
        bo1_0.user_id 
    from
        booking_orders bo1_0 
    where
        bo1_0.status=?
2026-01-19 08:50:00.028 - 
    select
        bo1_0.id,
        bo1_0.cabin_name,
        bo1_0.consume_time,
        bo1_0.created_at,
        bo1_0.date,
        bo1_0.order_no,
        bo1_0.original_price,
        bo1_0.payment_method,
        bo1_0.payment_order_id,
        bo1_0.payment_status,
        bo1_0.payment_time,
        bo1_0.price,
        bo1_0.seat_name,
        bo1_0.status,
        bo1_0.time_slot,
        bo1_0.updated_at,
        bo1_0.user_id 
    from
        booking_orders bo1_0 
    where
        bo1_0.status=?
2026-01-19 08:55:00.022 - 
    select
        bo1_0.id,
        bo1_0.cabin_name,
        bo1_0.consume_time,
        bo1_0.created_at,
        bo1_0.date,
        bo1_0.order_no,
        bo1_0.original_price,
        bo1_0.payment_method,
        bo1_0.payment_order_id,
        bo1_0.payment_status,
        bo1_0.payment_time,
        bo1_0.price,
        bo1_0.seat_name,
        bo1_0.status,
        bo1_0.time_slot,
        bo1_0.updated_at,
        bo1_0.user_id 
    from
        booking_orders bo1_0 
    where
        bo1_0.status=?
2026-01-19 09:00:00.043 - 
    select
        bo1_0.id,
        bo1_0.cabin_name,
        bo1_0.consume_time,
        bo1_0.created_at,
        bo1_0.date,
        bo1_0.order_no,
        bo1_0.original_price,
        bo1_0.payment_method,
        bo1_0.payment_order_id,
        bo1_0.payment_status,
        bo1_0.payment_time,
        bo1_0.price,
        bo1_0.seat_name,
        bo1_0.status,
        bo1_0.time_slot,
        bo1_0.updated_at,
        bo1_0.user_id 
    from
        booking_orders bo1_0 
    where
        bo1_0.status=?
2026-01-19 09:05:00.025 - 
    select
        bo1_0.id,
        bo1_0.cabin_name,
        bo1_0.consume_time,
        bo1_0.created_at,
        bo1_0.date,
        bo1_0.order_no,
        bo1_0.original_price,
        bo1_0.payment_method,
        bo1_0.payment_order_id,
        bo1_0.payment_status,
        bo1_0.payment_time,
        bo1_0.price,
        bo1_0.seat_name,
        bo1_0.status,
        bo1_0.time_slot,
        bo1_0.updated_at,
        bo1_0.user_id 
    from
        booking_orders bo1_0 
    where
        bo1_0.status=?
2026-01-19 09:10:00.040 - 
    select
        bo1_0.id,
        bo1_0.cabin_name,
        bo1_0.consume_time,
        bo1_0.created_at,
        bo1_0.date,
        bo1_0.order_no,
        bo1_0.original_price,
        bo1_0.payment_method,
        bo1_0.payment_order_id,
        bo1_0.payment_status,
        bo1_0.payment_time,
        bo1_0.price,
        bo1_0.seat_name,
        bo1_0.status,
        bo1_0.time_slot,
        bo1_0.updated_at,
        bo1_0.user_id 
    from
        booking_orders bo1_0 
    where
        bo1_0.status=?
2026-01-19 09:15:00.028 - 
    select
        bo1_0.id,
        bo1_0.cabin_name,
        bo1_0.consume_time,
        bo1_0.created_at,
        bo1_0.date,
        bo1_0.order_no,
        bo1_0.original_price,
        bo1_0.payment_method,
        bo1_0.payment_order_id,
        bo1_0.payment_status,
        bo1_0.payment_time,
        bo1_0.price,
        bo1_0.seat_name,
        bo1_0.status,
        bo1_0.time_slot,
        bo1_0.updated_at,
        bo1_0.user_id 
    from
        booking_orders bo1_0 
    where
        bo1_0.status=?
2026-01-19 09:20:00.024 - 
    select
        bo1_0.id,
        bo1_0.cabin_name,
        bo1_0.consume_time,
        bo1_0.created_at,
        bo1_0.date,
        bo1_0.order_no,
        bo1_0.original_price,
        bo1_0.payment_method,
        bo1_0.payment_order_id,
        bo1_0.payment_status,
        bo1_0.payment_time,
        bo1_0.price,
        bo1_0.seat_name,
        bo1_0.status,
        bo1_0.time_slot,
        bo1_0.updated_at,
        bo1_0.user_id 
    from
        booking_orders bo1_0 
    where
        bo1_0.status=?
2026-01-19 09:25:00.026 - 
    select
        bo1_0.id,
        bo1_0.cabin_name,
        bo1_0.consume_time,
        bo1_0.created_at,
        bo1_0.date,
        bo1_0.order_no,
        bo1_0.original_price,
        bo1_0.payment_method,
        bo1_0.payment_order_id,
        bo1_0.payment_status,
        bo1_0.payment_time,
        bo1_0.price,
        bo1_0.seat_name,
        bo1_0.status,
        bo1_0.time_slot,
        bo1_0.updated_at,
        bo1_0.user_id 
    from
        booking_orders bo1_0 
    where
        bo1_0.status=?
2026-01-19 09:30:00.078 - 
    select
        bo1_0.id,
        bo1_0.cabin_name,
        bo1_0.consume_time,
        bo1_0.created_at,
        bo1_0.date,
        bo1_0.order_no,
        bo1_0.original_price,
        bo1_0.payment_method,
        bo1_0.payment_order_id,
        bo1_0.payment_status,
        bo1_0.payment_time,
        bo1_0.price,
        bo1_0.seat_name,
        bo1_0.status,
        bo1_0.time_slot,
        bo1_0.updated_at,
        bo1_0.user_id 
    from
        booking_orders bo1_0 
    where
        bo1_0.status=?
2026-01-19 09:35:04.673 - 
    select
        bo1_0.id,
        bo1_0.cabin_name,
        bo1_0.consume_time,
        bo1_0.created_at,
        bo1_0.date,
        bo1_0.order_no,
        bo1_0.original_price,
        bo1_0.payment_method,
        bo1_0.payment_order_id,
        bo1_0.payment_status,
        bo1_0.payment_time,
        bo1_0.price,
        bo1_0.seat_name,
        bo1_0.status,
        bo1_0.time_slot,
        bo1_0.updated_at,
        bo1_0.user_id 
    from
        booking_orders bo1_0 
    where
        bo1_0.status=?
2026-01-19 09:40:00.050 - 
    select
        bo1_0.id,
        bo1_0.cabin_name,
        bo1_0.consume_time,
        bo1_0.created_at,
        bo1_0.date,
        bo1_0.order_no,
        bo1_0.original_price,
        bo1_0.payment_method,
        bo1_0.payment_order_id,
        bo1_0.payment_status,
        bo1_0.payment_time,
        bo1_0.price,
        bo1_0.seat_name,
        bo1_0.status,
        bo1_0.time_slot,
        bo1_0.updated_at,
        bo1_0.user_id 
    from
        booking_orders bo1_0 
    where
        bo1_0.status=?
2026-01-19 09:45:00.050 - 
    select
        bo1_0.id,
        bo1_0.cabin_name,
        bo1_0.consume_time,
        bo1_0.created_at,
        bo1_0.date,
        bo1_0.order_no,
        bo1_0.original_price,
        bo1_0.payment_method,
        bo1_0.payment_order_id,
        bo1_0.payment_status,
        bo1_0.payment_time,
        bo1_0.price,
        bo1_0.seat_name,
        bo1_0.status,
        bo1_0.time_slot,
        bo1_0.updated_at,
        bo1_0.user_id 
    from
        booking_orders bo1_0 
    where
        bo1_0.status=?
2026-01-19 09:50:00.041 - 
    select
        bo1_0.id,
        bo1_0.cabin_name,
        bo1_0.consume_time,
        bo1_0.created_at,
        bo1_0.date,
        bo1_0.order_no,
        bo1_0.original_price,
        bo1_0.payment_method,
        bo1_0.payment_order_id,
        bo1_0.payment_status,
        bo1_0.payment_time,
        bo1_0.price,
        bo1_0.seat_name,
        bo1_0.status,
        bo1_0.time_slot,
        bo1_0.updated_at,
        bo1_0.user_id 
    from
        booking_orders bo1_0 
    where
        bo1_0.status=?
2026-01-19 09:55:00.030 - 
    select
        bo1_0.id,
        bo1_0.cabin_name,
        bo1_0.consume_time,
        bo1_0.created_at,
        bo1_0.date,
        bo1_0.order_no,
        bo1_0.original_price,
        bo1_0.payment_method,
        bo1_0.payment_order_id,
        bo1_0.payment_status,
        bo1_0.payment_time,
        bo1_0.price,
        bo1_0.seat_name,
        bo1_0.status,
        bo1_0.time_slot,
        bo1_0.updated_at,
        bo1_0.user_id 
    from
        booking_orders bo1_0 
    where
        bo1_0.status=?
2026-01-19 10:00:00.054 - 
    select
        bo1_0.id,
        bo1_0.cabin_name,
        bo1_0.consume_time,
        bo1_0.created_at,
        bo1_0.date,
        bo1_0.order_no,
        bo1_0.original_price,
        bo1_0.payment_method,
        bo1_0.payment_order_id,
        bo1_0.payment_status,
        bo1_0.payment_time,
        bo1_0.price,
        bo1_0.seat_name,
        bo1_0.status,
        bo1_0.time_slot,
        bo1_0.updated_at,
        bo1_0.user_id 
    from
        booking_orders bo1_0 
    where
        bo1_0.status=?
2026-01-19 10:05:00.060 - 
    select
        bo1_0.id,
        bo1_0.cabin_name,
        bo1_0.consume_time,
        bo1_0.created_at,
        bo1_0.date,
        bo1_0.order_no,
        bo1_0.original_price,
        bo1_0.payment_method,
        bo1_0.payment_order_id,
        bo1_0.payment_status,
        bo1_0.payment_time,
        bo1_0.price,
        bo1_0.seat_name,
        bo1_0.status,
        bo1_0.time_slot,
        bo1_0.updated_at,
        bo1_0.user_id 
    from
        booking_orders bo1_0 
    where
        bo1_0.status=?
2026-01-19 10:10:00.038 - 
    select
        bo1_0.id,
        bo1_0.cabin_name,
        bo1_0.consume_time,
        bo1_0.created_at,
        bo1_0.date,
        bo1_0.order_no,
        bo1_0.original_price,
        bo1_0.payment_method,
        bo1_0.payment_order_id,
        bo1_0.payment_status,
        bo1_0.payment_time,
        bo1_0.price,
        bo1_0.seat_name,
        bo1_0.status,
        bo1_0.time_slot,
        bo1_0.updated_at,
        bo1_0.user_id 
    from
        booking_orders bo1_0 
    where
        bo1_0.status=?
2026-01-19 10:15:00.034 - 
    select
        bo1_0.id,
        bo1_0.cabin_name,
        bo1_0.consume_time,
        bo1_0.created_at,
        bo1_0.date,
        bo1_0.order_no,
        bo1_0.original_price,
        bo1_0.payment_method,
        bo1_0.payment_order_id,
        bo1_0.payment_status,
        bo1_0.payment_time,
        bo1_0.price,
        bo1_0.seat_name,
        bo1_0.status,
        bo1_0.time_slot,
        bo1_0.updated_at,
        bo1_0.user_id 
    from
        booking_orders bo1_0 
    where
        bo1_0.status=?
2026-01-19 10:20:00.047 - 
    select
        bo1_0.id,
        bo1_0.cabin_name,
        bo1_0.consume_time,
        bo1_0.created_at,
        bo1_0.date,
        bo1_0.order_no,
        bo1_0.original_price,
        bo1_0.payment_method,
        bo1_0.payment_order_id,
        bo1_0.payment_status,
        bo1_0.payment_time,
        bo1_0.price,
        bo1_0.seat_name,
        bo1_0.status,
        bo1_0.time_slot,
        bo1_0.updated_at,
        bo1_0.user_id 
    from
        booking_orders bo1_0 
    where
        bo1_0.status=?
2026-01-19 15:36:51.372 - 
    select
        mp1_0.id,
        mp1_0.avg_price_per_time,
        mp1_0.badge,
        mp1_0.category,
        mp1_0.code,
        mp1_0.description,
        mp1_0.features,
        mp1_0.is_active,
        mp1_0.name,
        mp1_0.people,
        mp1_0.price,
        mp1_0.sort_order,
        mp1_0.times_per_person,
        mp1_0.validity_days 
    from
        member_packages mp1_0 
    where
        mp1_0.code=?
2026-01-19 15:36:51.387 - 
    select
        mp1_0.id,
        mp1_0.avg_price_per_time,
        mp1_0.badge,
        mp1_0.category,
        mp1_0.code,
        mp1_0.description,
        mp1_0.features,
        mp1_0.is_active,
        mp1_0.name,
        mp1_0.people,
        mp1_0.price,
        mp1_0.sort_order,
        mp1_0.times_per_person,
        mp1_0.validity_days 
    from
        member_packages mp1_0 
    where
        mp1_0.code=?
2026-01-19 15:36:51.388 - 
    select
        mp1_0.id,
        mp1_0.avg_price_per_time,
        mp1_0.badge,
        mp1_0.category,
        mp1_0.code,
        mp1_0.description,
        mp1_0.features,
        mp1_0.is_active,
        mp1_0.name,
        mp1_0.people,
        mp1_0.price,
        mp1_0.sort_order,
        mp1_0.times_per_person,
        mp1_0.validity_days 
    from
        member_packages mp1_0 
    where
        mp1_0.code=?
2026-01-19 15:36:51.389 - 
    select
        mp1_0.id,
        mp1_0.avg_price_per_time,
        mp1_0.badge,
        mp1_0.category,
        mp1_0.code,
        mp1_0.description,
        mp1_0.features,
        mp1_0.is_active,
        mp1_0.name,
        mp1_0.people,
        mp1_0.price,
        mp1_0.sort_order,
        mp1_0.times_per_person,
        mp1_0.validity_days 
    from
        member_packages mp1_0 
    where
        mp1_0.code=?
2026-01-19 15:36:51.390 - 
    select
        mp1_0.id,
        mp1_0.avg_price_per_time,
        mp1_0.badge,
        mp1_0.category,
        mp1_0.code,
        mp1_0.description,
        mp1_0.features,
        mp1_0.is_active,
        mp1_0.name,
        mp1_0.people,
        mp1_0.price,
        mp1_0.sort_order,
        mp1_0.times_per_person,
        mp1_0.validity_days 
    from
        member_packages mp1_0 
    where
        mp1_0.code=?
2026-01-19 15:36:51.391 - 
    select
        mp1_0.id,
        mp1_0.avg_price_per_time,
        mp1_0.badge,
        mp1_0.category,
        mp1_0.code,
        mp1_0.description,
        mp1_0.features,
        mp1_0.is_active,
        mp1_0.name,
        mp1_0.people,
        mp1_0.price,
        mp1_0.sort_order,
        mp1_0.times_per_person,
        mp1_0.validity_days 
    from
        member_packages mp1_0 
    where
        mp1_0.code=?
2026-01-19 15:36:51.391 - 
    select
        mp1_0.id,
        mp1_0.avg_price_per_time,
        mp1_0.badge,
        mp1_0.category,
        mp1_0.code,
        mp1_0.description,
        mp1_0.features,
        mp1_0.is_active,
        mp1_0.name,
        mp1_0.people,
        mp1_0.price,
        mp1_0.sort_order,
        mp1_0.times_per_person,
        mp1_0.validity_days 
    from
        member_packages mp1_0 
    where
        mp1_0.code=?
2026-01-19 15:36:51.392 - 
    select
        mp1_0.id,
        mp1_0.avg_price_per_time,
        mp1_0.badge,
        mp1_0.category,
        mp1_0.code,
        mp1_0.description,
        mp1_0.features,
        mp1_0.is_active,
        mp1_0.name,
        mp1_0.people,
        mp1_0.price,
        mp1_0.sort_order,
        mp1_0.times_per_person,
        mp1_0.validity_days 
    from
        member_packages mp1_0 
    where
        mp1_0.code=?
2026-01-19 15:36:51.393 - 
    select
        mp1_0.id,
        mp1_0.avg_price_per_time,
        mp1_0.badge,
        mp1_0.category,
        mp1_0.code,
        mp1_0.description,
        mp1_0.features,
        mp1_0.is_active,
        mp1_0.name,
        mp1_0.people,
        mp1_0.price,
        mp1_0.sort_order,
        mp1_0.times_per_person,
        mp1_0.validity_days 
    from
        member_packages mp1_0 
    where
        mp1_0.code=?
2026-01-19 15:36:51.394 - 
    select
        mp1_0.id,
        mp1_0.avg_price_per_time,
        mp1_0.badge,
        mp1_0.category,
        mp1_0.code,
        mp1_0.description,
        mp1_0.features,
        mp1_0.is_active,
        mp1_0.name,
        mp1_0.people,
        mp1_0.price,
        mp1_0.sort_order,
        mp1_0.times_per_person,
        mp1_0.validity_days 
    from
        member_packages mp1_0 
    where
        mp1_0.code=?
2026-01-19 15:37:59.988 - 
    select
        mp1_0.id,
        mp1_0.avg_price_per_time,
        mp1_0.badge,
        mp1_0.category,
        mp1_0.code,
        mp1_0.description,
        mp1_0.features,
        mp1_0.is_active,
        mp1_0.name,
        mp1_0.people,
        mp1_0.price,
        mp1_0.sort_order,
        mp1_0.times_per_person,
        mp1_0.validity_days 
    from
        member_packages mp1_0 
    where
        mp1_0.is_active 
    order by
        mp1_0.sort_order
2026-01-19 15:38:32.907 - 
    select
        mp1_0.id,
        mp1_0.avg_price_per_time,
        mp1_0.badge,
        mp1_0.category,
        mp1_0.code,
        mp1_0.description,
        mp1_0.features,
        mp1_0.is_active,
        mp1_0.name,
        mp1_0.people,
        mp1_0.price,
        mp1_0.sort_order,
        mp1_0.times_per_person,
        mp1_0.validity_days 
    from
        member_packages mp1_0 
    where
        mp1_0.is_active 
    order by
        mp1_0.sort_order
2026-01-19 15:39:09.585 - 
    select
        mp1_0.id,
        mp1_0.avg_price_per_time,
        mp1_0.badge,
        mp1_0.category,
        mp1_0.code,
        mp1_0.description,
        mp1_0.features,
        mp1_0.is_active,
        mp1_0.name,
        mp1_0.people,
        mp1_0.price,
        mp1_0.sort_order,
        mp1_0.times_per_person,
        mp1_0.validity_days 
    from
        member_packages mp1_0 
    where
        mp1_0.code=?
2026-01-19 15:39:09.591 - 
    select
        mp1_0.id,
        mp1_0.avg_price_per_time,
        mp1_0.badge,
        mp1_0.category,
        mp1_0.code,
        mp1_0.description,
        mp1_0.features,
        mp1_0.is_active,
        mp1_0.name,
        mp1_0.people,
        mp1_0.price,
        mp1_0.sort_order,
        mp1_0.times_per_person,
        mp1_0.validity_days 
    from
        member_packages mp1_0 
    where
        mp1_0.code=?
2026-01-19 15:39:09.593 - 
    select
        mp1_0.id,
        mp1_0.avg_price_per_time,
        mp1_0.badge,
        mp1_0.category,
        mp1_0.code,
        mp1_0.description,
        mp1_0.features,
        mp1_0.is_active,
        mp1_0.name,
        mp1_0.people,
        mp1_0.price,
        mp1_0.sort_order,
        mp1_0.times_per_person,
        mp1_0.validity_days 
    from
        member_packages mp1_0 
    where
        mp1_0.code=?
2026-01-19 15:39:09.593 - 
    select
        mp1_0.id,
        mp1_0.avg_price_per_time,
        mp1_0.badge,
        mp1_0.category,
        mp1_0.code,
        mp1_0.description,
        mp1_0.features,
        mp1_0.is_active,
        mp1_0.name,
        mp1_0.people,
        mp1_0.price,
        mp1_0.sort_order,
        mp1_0.times_per_person,
        mp1_0.validity_days 
    from
        member_packages mp1_0 
    where
        mp1_0.code=?
2026-01-19 15:39:09.594 - 
    select
        mp1_0.id,
        mp1_0.avg_price_per_time,
        mp1_0.badge,
        mp1_0.category,
        mp1_0.code,
        mp1_0.description,
        mp1_0.features,
        mp1_0.is_active,
        mp1_0.name,
        mp1_0.people,
        mp1_0.price,
        mp1_0.sort_order,
        mp1_0.times_per_person,
        mp1_0.validity_days 
    from
        member_packages mp1_0 
    where
        mp1_0.code=?
2026-01-19 15:39:09.595 - 
    select
        mp1_0.id,
        mp1_0.avg_price_per_time,
        mp1_0.badge,
        mp1_0.category,
        mp1_0.code,
        mp1_0.description,
        mp1_0.features,
        mp1_0.is_active,
        mp1_0.name,
        mp1_0.people,
        mp1_0.price,
        mp1_0.sort_order,
        mp1_0.times_per_person,
        mp1_0.validity_days 
    from
        member_packages mp1_0 
    where
        mp1_0.code=?
2026-01-19 15:39:09.596 - 
    select
        mp1_0.id,
        mp1_0.avg_price_per_time,
        mp1_0.badge,
        mp1_0.category,
        mp1_0.code,
        mp1_0.description,
        mp1_0.features,
        mp1_0.is_active,
        mp1_0.name,
        mp1_0.people,
        mp1_0.price,
        mp1_0.sort_order,
        mp1_0.times_per_person,
        mp1_0.validity_days 
    from
        member_packages mp1_0 
    where
        mp1_0.code=?
2026-01-19 15:39:09.597 - 
    select
        mp1_0.id,
        mp1_0.avg_price_per_time,
        mp1_0.badge,
        mp1_0.category,
        mp1_0.code,
        mp1_0.description,
        mp1_0.features,
        mp1_0.is_active,
        mp1_0.name,
        mp1_0.people,
        mp1_0.price,
        mp1_0.sort_order,
        mp1_0.times_per_person,
        mp1_0.validity_days 
    from
        member_packages mp1_0 
    where
        mp1_0.code=?
2026-01-19 15:39:09.598 - 
    select
        mp1_0.id,
        mp1_0.avg_price_per_time,
        mp1_0.badge,
        mp1_0.category,
        mp1_0.code,
        mp1_0.description,
        mp1_0.features,
        mp1_0.is_active,
        mp1_0.name,
        mp1_0.people,
        mp1_0.price,
        mp1_0.sort_order,
        mp1_0.times_per_person,
        mp1_0.validity_days 
    from
        member_packages mp1_0 
    where
        mp1_0.code=?
2026-01-19 15:39:09.598 - 
    select
        mp1_0.id,
        mp1_0.avg_price_per_time,
        mp1_0.badge,
        mp1_0.category,
        mp1_0.code,
        mp1_0.description,
        mp1_0.features,
        mp1_0.is_active,
        mp1_0.name,
        mp1_0.people,
        mp1_0.price,
        mp1_0.sort_order,
        mp1_0.times_per_person,
        mp1_0.validity_days 
    from
        member_packages mp1_0 
    where
        mp1_0.code=?
2026-01-19 15:39:17.976 - 
    select
        mp1_0.id,
        mp1_0.avg_price_per_time,
        mp1_0.badge,
        mp1_0.category,
        mp1_0.code,
        mp1_0.description,
        mp1_0.features,
        mp1_0.is_active,
        mp1_0.name,
        mp1_0.people,
        mp1_0.price,
        mp1_0.sort_order,
        mp1_0.times_per_person,
        mp1_0.validity_days 
    from
        member_packages mp1_0 
    where
        mp1_0.is_active 
    order by
        mp1_0.sort_order
2026-01-19 15:39:21.012 - 
    select
        mp1_0.id,
        mp1_0.avg_price_per_time,
        mp1_0.badge,
        mp1_0.category,
        mp1_0.code,
        mp1_0.description,
        mp1_0.features,
        mp1_0.is_active,
        mp1_0.name,
        mp1_0.people,
        mp1_0.price,
        mp1_0.sort_order,
        mp1_0.times_per_person,
        mp1_0.validity_days 
    from
        member_packages mp1_0 
    where
        mp1_0.category=? 
        and mp1_0.is_active 
    order by
        mp1_0.sort_order
2026-01-19 15:39:21.019 - 
    select
        mp1_0.id,
        mp1_0.avg_price_per_time,
        mp1_0.badge,
        mp1_0.category,
        mp1_0.code,
        mp1_0.description,
        mp1_0.features,
        mp1_0.is_active,
        mp1_0.name,
        mp1_0.people,
        mp1_0.price,
        mp1_0.sort_order,
        mp1_0.times_per_person,
        mp1_0.validity_days 
    from
        member_packages mp1_0 
    where
        mp1_0.category=? 
        and mp1_0.is_active 
    order by
        mp1_0.sort_order
2026-01-19 15:39:47.295 - 
    select
        u1_0.id,
        u1_0.avatar_url,
        u1_0.created_at,
        u1_0.last_login_time,
        u1_0.member_expire_time,
        u1_0.member_level,
        u1_0.nickname,
        u1_0.openid,
        u1_0.phone,
        u1_0.points,
        u1_0.remaining_visits,
        u1_0.role,
        u1_0.total_visits,
        u1_0.updated_at 
    from
        users u1_0 
    where
        u1_0.openid=?
2026-01-19 15:39:47.324 - 
    update
        users 
    set
        avatar_url=?,
        created_at=?,
        last_login_time=?,
        member_expire_time=?,
        member_level=?,
        nickname=?,
        openid=?,
        phone=?,
        points=?,
        remaining_visits=?,
        role=?,
        total_visits=?,
        updated_at=? 
    where
        id=?
2026-01-19 15:39:49.154 - 
    select
        mp1_0.id,
        mp1_0.avg_price_per_time,
        mp1_0.badge,
        mp1_0.category,
        mp1_0.code,
        mp1_0.description,
        mp1_0.features,
        mp1_0.is_active,
        mp1_0.name,
        mp1_0.people,
        mp1_0.price,
        mp1_0.sort_order,
        mp1_0.times_per_person,
        mp1_0.validity_days 
    from
        member_packages mp1_0 
    where
        mp1_0.is_active 
    order by
        mp1_0.sort_order
2026-01-19 15:39:50.278 - 
    select
        po1_0.id,
        po1_0.card_end_date,
        po1_0.card_start_date,
        po1_0.card_status,
        po1_0.created_at,
        po1_0.order_no,
        po1_0.package_id,
        po1_0.package_name,
        po1_0.payment_method,
        po1_0.payment_time,
        po1_0.price,
        po1_0.remaining_times,
        po1_0.status,
        po1_0.transaction_type,
        po1_0.updated_at,
        po1_0.user_id 
    from
        payment_orders po1_0 
    where
        po1_0.user_id=?
2026-01-19 15:39:50.296 - 
    select
        mp1_0.id,
        mp1_0.avg_price_per_time,
        mp1_0.badge,
        mp1_0.category,
        mp1_0.code,
        mp1_0.description,
        mp1_0.features,
        mp1_0.is_active,
        mp1_0.name,
        mp1_0.people,
        mp1_0.price,
        mp1_0.sort_order,
        mp1_0.times_per_person,
        mp1_0.validity_days 
    from
        member_packages mp1_0 
    where
        mp1_0.id=?
2026-01-19 15:39:50.299 - 
    select
        mp1_0.id,
        mp1_0.avg_price_per_time,
        mp1_0.badge,
        mp1_0.category,
        mp1_0.code,
        mp1_0.description,
        mp1_0.features,
        mp1_0.is_active,
        mp1_0.name,
        mp1_0.people,
        mp1_0.price,
        mp1_0.sort_order,
        mp1_0.times_per_person,
        mp1_0.validity_days 
    from
        member_packages mp1_0 
    where
        mp1_0.id=?
2026-01-19 15:39:50.306 - 
    select
        po1_0.id,
        po1_0.card_end_date,
        po1_0.card_start_date,
        po1_0.card_status,
        po1_0.created_at,
        po1_0.order_no,
        po1_0.package_id,
        po1_0.package_name,
        po1_0.payment_method,
        po1_0.payment_time,
        po1_0.price,
        po1_0.remaining_times,
        po1_0.status,
        po1_0.transaction_type,
        po1_0.updated_at,
        po1_0.user_id 
    from
        payment_orders po1_0 
    where
        po1_0.user_id=?
2026-01-19 15:39:50.308 - 
    select
        mp1_0.id,
        mp1_0.avg_price_per_time,
        mp1_0.badge,
        mp1_0.category,
        mp1_0.code,
        mp1_0.description,
        mp1_0.features,
        mp1_0.is_active,
        mp1_0.name,
        mp1_0.people,
        mp1_0.price,
        mp1_0.sort_order,
        mp1_0.times_per_person,
        mp1_0.validity_days 
    from
        member_packages mp1_0 
    where
        mp1_0.id=?
2026-01-19 15:39:50.310 - 
    select
        mp1_0.id,
        mp1_0.avg_price_per_time,
        mp1_0.badge,
        mp1_0.category,
        mp1_0.code,
        mp1_0.description,
        mp1_0.features,
        mp1_0.is_active,
        mp1_0.name,
        mp1_0.people,
        mp1_0.price,
        mp1_0.sort_order,
        mp1_0.times_per_person,
        mp1_0.validity_days 
    from
        member_packages mp1_0 
    where
        mp1_0.id=?
2026-01-19 15:39:51.933 - 
    select
        po1_0.id,
        po1_0.card_end_date,
        po1_0.card_start_date,
        po1_0.card_status,
        po1_0.created_at,
        po1_0.order_no,
        po1_0.package_id,
        po1_0.package_name,
        po1_0.payment_method,
        po1_0.payment_time,
        po1_0.price,
        po1_0.remaining_times,
        po1_0.status,
        po1_0.transaction_type,
        po1_0.updated_at,
        po1_0.user_id 
    from
        payment_orders po1_0 
    where
        po1_0.user_id=?
2026-01-19 15:39:51.934 - 
    select
        u1_0.id,
        u1_0.avatar_url,
        u1_0.created_at,
        u1_0.last_login_time,
        u1_0.member_expire_time,
        u1_0.member_level,
        u1_0.nickname,
        u1_0.openid,
        u1_0.phone,
        u1_0.points,
        u1_0.remaining_visits,
        u1_0.role,
        u1_0.total_visits,
        u1_0.updated_at 
    from
        users u1_0 
    where
        u1_0.id=?
2026-01-19 15:39:51.939 - 
    select
        u1_0.id,
        u1_0.avatar_url,
        u1_0.created_at,
        u1_0.last_login_time,
        u1_0.member_expire_time,
        u1_0.member_level,
        u1_0.nickname,
        u1_0.openid,
        u1_0.phone,
        u1_0.points,
        u1_0.remaining_visits,
        u1_0.role,
        u1_0.total_visits,
        u1_0.updated_at 
    from
        users u1_0 
    where
        u1_0.id=?
2026-01-19 15:39:51.940 - 
    select
        mp1_0.id,
        mp1_0.avg_price_per_time,
        mp1_0.badge,
        mp1_0.category,
        mp1_0.code,
        mp1_0.description,
        mp1_0.features,
        mp1_0.is_active,
        mp1_0.name,
        mp1_0.people,
        mp1_0.price,
        mp1_0.sort_order,
        mp1_0.times_per_person,
        mp1_0.validity_days 
    from
        member_packages mp1_0 
    where
        mp1_0.id=?
2026-01-19 15:39:51.940 - 
    select
        po1_0.id,
        po1_0.card_end_date,
        po1_0.card_start_date,
        po1_0.card_status,
        po1_0.created_at,
        po1_0.order_no,
        po1_0.package_id,
        po1_0.package_name,
        po1_0.payment_method,
        po1_0.payment_time,
        po1_0.price,
        po1_0.remaining_times,
        po1_0.status,
        po1_0.transaction_type,
        po1_0.updated_at,
        po1_0.user_id 
    from
        payment_orders po1_0 
    where
        po1_0.user_id=? 
        and po1_0.status=?
2026-01-19 15:39:51.942 - 
    select
        mp1_0.id,
        mp1_0.avg_price_per_time,
        mp1_0.badge,
        mp1_0.category,
        mp1_0.code,
        mp1_0.description,
        mp1_0.features,
        mp1_0.is_active,
        mp1_0.name,
        mp1_0.people,
        mp1_0.price,
        mp1_0.sort_order,
        mp1_0.times_per_person,
        mp1_0.validity_days 
    from
        member_packages mp1_0 
    where
        mp1_0.id=?
2026-01-19 15:39:51.943 - 
    select
        bo1_0.id,
        bo1_0.cabin_name,
        bo1_0.consume_time,
        bo1_0.created_at,
        bo1_0.date,
        bo1_0.order_no,
        bo1_0.original_price,
        bo1_0.payment_method,
        bo1_0.payment_order_id,
        bo1_0.payment_status,
        bo1_0.payment_time,
        bo1_0.price,
        bo1_0.seat_name,
        bo1_0.status,
        bo1_0.time_slot,
        bo1_0.updated_at,
        bo1_0.user_id 
    from
        booking_orders bo1_0 
    where
        bo1_0.user_id=? 
    order by
        bo1_0.created_at desc
2026-01-19 15:39:51.947 - 
    select
        u1_0.id,
        u1_0.avatar_url,
        u1_0.created_at,
        u1_0.last_login_time,
        u1_0.member_expire_time,
        u1_0.member_level,
        u1_0.nickname,
        u1_0.openid,
        u1_0.phone,
        u1_0.points,
        u1_0.remaining_visits,
        u1_0.role,
        u1_0.total_visits,
        u1_0.updated_at 
    from
        users u1_0 
    where
        u1_0.id=?
2026-01-19 15:39:51.950 - 
    select
        po1_0.id,
        po1_0.card_end_date,
        po1_0.card_start_date,
        po1_0.card_status,
        po1_0.created_at,
        po1_0.order_no,
        po1_0.package_id,
        po1_0.package_name,
        po1_0.payment_method,
        po1_0.payment_time,
        po1_0.price,
        po1_0.remaining_times,
        po1_0.status,
        po1_0.transaction_type,
        po1_0.updated_at,
        po1_0.user_id 
    from
        payment_orders po1_0 
    where
        po1_0.user_id=?
2026-01-19 15:39:51.950 - 
    select
        po1_0.id,
        po1_0.card_end_date,
        po1_0.card_start_date,
        po1_0.card_status,
        po1_0.created_at,
        po1_0.order_no,
        po1_0.package_id,
        po1_0.package_name,
        po1_0.payment_method,
        po1_0.payment_time,
        po1_0.price,
        po1_0.remaining_times,
        po1_0.status,
        po1_0.transaction_type,
        po1_0.updated_at,
        po1_0.user_id 
    from
        payment_orders po1_0 
    where
        po1_0.user_id=? 
        and po1_0.status=?
2026-01-19 15:39:51.952 - 
    select
        mp1_0.id,
        mp1_0.avg_price_per_time,
        mp1_0.badge,
        mp1_0.category,
        mp1_0.code,
        mp1_0.description,
        mp1_0.features,
        mp1_0.is_active,
        mp1_0.name,
        mp1_0.people,
        mp1_0.price,
        mp1_0.sort_order,
        mp1_0.times_per_person,
        mp1_0.validity_days 
    from
        member_packages mp1_0 
    where
        mp1_0.id=?
2026-01-19 15:39:51.955 - 
    select
        mp1_0.id,
        mp1_0.avg_price_per_time,
        mp1_0.badge,
        mp1_0.category,
        mp1_0.code,
        mp1_0.description,
        mp1_0.features,
        mp1_0.is_active,
        mp1_0.name,
        mp1_0.people,
        mp1_0.price,
        mp1_0.sort_order,
        mp1_0.times_per_person,
        mp1_0.validity_days 
    from
        member_packages mp1_0 
    where
        mp1_0.id=?
2026-01-19 15:39:51.956 - 
    select
        u1_0.id,
        u1_0.avatar_url,
        u1_0.created_at,
        u1_0.last_login_time,
        u1_0.member_expire_time,
        u1_0.member_level,
        u1_0.nickname,
        u1_0.openid,
        u1_0.phone,
        u1_0.points,
        u1_0.remaining_visits,
        u1_0.role,
        u1_0.total_visits,
        u1_0.updated_at 
    from
        users u1_0 
    where
        u1_0.id=?
2026-01-19 15:39:51.958 - 
    select
        bo1_0.id,
        bo1_0.cabin_name,
        bo1_0.consume_time,
        bo1_0.created_at,
        bo1_0.date,
        bo1_0.order_no,
        bo1_0.original_price,
        bo1_0.payment_method,
        bo1_0.payment_order_id,
        bo1_0.payment_status,
        bo1_0.payment_time,
        bo1_0.price,
        bo1_0.seat_name,
        bo1_0.status,
        bo1_0.time_slot,
        bo1_0.updated_at,
        bo1_0.user_id 
    from
        booking_orders bo1_0 
    where
        bo1_0.user_id=? 
    order by
        bo1_0.created_at desc
2026-01-19 15:39:51.978 - 
    select
        u1_0.id,
        u1_0.avatar_url,
        u1_0.created_at,
        u1_0.last_login_time,
        u1_0.member_expire_time,
        u1_0.member_level,
        u1_0.nickname,
        u1_0.openid,
        u1_0.phone,
        u1_0.points,
        u1_0.remaining_visits,
        u1_0.role,
        u1_0.total_visits,
        u1_0.updated_at 
    from
        users u1_0 
    where
        u1_0.id=?
2026-01-19 15:39:51.980 - 
    select
        po1_0.id,
        po1_0.card_end_date,
        po1_0.card_start_date,
        po1_0.card_status,
        po1_0.created_at,
        po1_0.order_no,
        po1_0.package_id,
        po1_0.package_name,
        po1_0.payment_method,
        po1_0.payment_time,
        po1_0.price,
        po1_0.remaining_times,
        po1_0.status,
        po1_0.transaction_type,
        po1_0.updated_at,
        po1_0.user_id 
    from
        payment_orders po1_0 
    where
        po1_0.user_id=? 
        and po1_0.status=?
2026-01-19 15:39:51.988 - 
    select
        u1_0.id,
        u1_0.avatar_url,
        u1_0.created_at,
        u1_0.last_login_time,
        u1_0.member_expire_time,
        u1_0.member_level,
        u1_0.nickname,
        u1_0.openid,
        u1_0.phone,
        u1_0.points,
        u1_0.remaining_visits,
        u1_0.role,
        u1_0.total_visits,
        u1_0.updated_at 
    from
        users u1_0 
    where
        u1_0.id=?
2026-01-19 15:39:51.991 - 
    select
        po1_0.id,
        po1_0.card_end_date,
        po1_0.card_start_date,
        po1_0.card_status,
        po1_0.created_at,
        po1_0.order_no,
        po1_0.package_id,
        po1_0.package_name,
        po1_0.payment_method,
        po1_0.payment_time,
        po1_0.price,
        po1_0.remaining_times,
        po1_0.status,
        po1_0.transaction_type,
        po1_0.updated_at,
        po1_0.user_id 
    from
        payment_orders po1_0 
    where
        po1_0.user_id=? 
        and po1_0.status=?
2026-01-19 15:40:00.018 - 
    select
        bo1_0.id,
        bo1_0.cabin_name,
        bo1_0.consume_time,
        bo1_0.created_at,
        bo1_0.date,
        bo1_0.order_no,
        bo1_0.original_price,
        bo1_0.payment_method,
        bo1_0.payment_order_id,
        bo1_0.payment_status,
        bo1_0.payment_time,
        bo1_0.price,
        bo1_0.seat_name,
        bo1_0.status,
        bo1_0.time_slot,
        bo1_0.updated_at,
        bo1_0.user_id 
    from
        booking_orders bo1_0 
    where
        bo1_0.status=?
2026-01-19 15:45:00.036 - 
    select
        bo1_0.id,
        bo1_0.cabin_name,
        bo1_0.consume_time,
        bo1_0.created_at,
        bo1_0.date,
        bo1_0.order_no,
        bo1_0.original_price,
        bo1_0.payment_method,
        bo1_0.payment_order_id,
        bo1_0.payment_status,
        bo1_0.payment_time,
        bo1_0.price,
        bo1_0.seat_name,
        bo1_0.status,
        bo1_0.time_slot,
        bo1_0.updated_at,
        bo1_0.user_id 
    from
        booking_orders bo1_0 
    where
        bo1_0.status=?
2026-01-19 15:49:59.972 - 
    select
        bo1_0.id,
        bo1_0.cabin_name,
        bo1_0.consume_time,
        bo1_0.created_at,
        bo1_0.date,
        bo1_0.order_no,
        bo1_0.original_price,
        bo1_0.payment_method,
        bo1_0.payment_order_id,
        bo1_0.payment_status,
        bo1_0.payment_time,
        bo1_0.price,
        bo1_0.seat_name,
        bo1_0.status,
        bo1_0.time_slot,
        bo1_0.updated_at,
        bo1_0.user_id 
    from
        booking_orders bo1_0 
    where
        bo1_0.status=?
2026-01-19 15:55:00.043 - 
    select
        bo1_0.id,
        bo1_0.cabin_name,
        bo1_0.consume_time,
        bo1_0.created_at,
        bo1_0.date,
        bo1_0.order_no,
        bo1_0.original_price,
        bo1_0.payment_method,
        bo1_0.payment_order_id,
        bo1_0.payment_status,
        bo1_0.payment_time,
        bo1_0.price,
        bo1_0.seat_name,
        bo1_0.status,
        bo1_0.time_slot,
        bo1_0.updated_at,
        bo1_0.user_id 
    from
        booking_orders bo1_0 
    where
        bo1_0.status=?
2026-01-19 16:00:00.018 - 
    select
        bo1_0.id,
        bo1_0.cabin_name,
        bo1_0.consume_time,
        bo1_0.created_at,
        bo1_0.date,
        bo1_0.order_no,
        bo1_0.original_price,
        bo1_0.payment_method,
        bo1_0.payment_order_id,
        bo1_0.payment_status,
        bo1_0.payment_time,
        bo1_0.price,
        bo1_0.seat_name,
        bo1_0.status,
        bo1_0.time_slot,
        bo1_0.updated_at,
        bo1_0.user_id 
    from
        booking_orders bo1_0 
    where
        bo1_0.status=?
2026-01-19 16:05:00.050 - 
    select
        bo1_0.id,
        bo1_0.cabin_name,
        bo1_0.consume_time,
        bo1_0.created_at,
        bo1_0.date,
        bo1_0.order_no,
        bo1_0.original_price,
        bo1_0.payment_method,
        bo1_0.payment_order_id,
        bo1_0.payment_status,
        bo1_0.payment_time,
        bo1_0.price,
        bo1_0.seat_name,
        bo1_0.status,
        bo1_0.time_slot,
        bo1_0.updated_at,
        bo1_0.user_id 
    from
        booking_orders bo1_0 
    where
        bo1_0.status=?
2026-01-19 16:10:00.027 - 
    select
        bo1_0.id,
        bo1_0.cabin_name,
        bo1_0.consume_time,
        bo1_0.created_at,
        bo1_0.date,
        bo1_0.order_no,
        bo1_0.original_price,
        bo1_0.payment_method,
        bo1_0.payment_order_id,
        bo1_0.payment_status,
        bo1_0.payment_time,
        bo1_0.price,
        bo1_0.seat_name,
        bo1_0.status,
        bo1_0.time_slot,
        bo1_0.updated_at,
        bo1_0.user_id 
    from
        booking_orders bo1_0 
    where
        bo1_0.status=?
2026-01-19 16:15:00.066 - 
    select
        bo1_0.id,
        bo1_0.cabin_name,
        bo1_0.consume_time,
        bo1_0.created_at,
        bo1_0.date,
        bo1_0.order_no,
        bo1_0.original_price,
        bo1_0.payment_method,
        bo1_0.payment_order_id,
        bo1_0.payment_status,
        bo1_0.payment_time,
        bo1_0.price,
        bo1_0.seat_name,
        bo1_0.status,
        bo1_0.time_slot,
        bo1_0.updated_at,
        bo1_0.user_id 
    from
        booking_orders bo1_0 
    where
        bo1_0.status=?
2026-01-19 16:20:00.027 - 
    select
        bo1_0.id,
        bo1_0.cabin_name,
        bo1_0.consume_time,
        bo1_0.created_at,
        bo1_0.date,
        bo1_0.order_no,
        bo1_0.original_price,
        bo1_0.payment_method,
        bo1_0.payment_order_id,
        bo1_0.payment_status,
        bo1_0.payment_time,
        bo1_0.price,
        bo1_0.seat_name,
        bo1_0.status,
        bo1_0.time_slot,
        bo1_0.updated_at,
        bo1_0.user_id 
    from
        booking_orders bo1_0 
    where
        bo1_0.status=?
2026-01-19 16:25:00.069 - 
    select
        bo1_0.id,
        bo1_0.cabin_name,
        bo1_0.consume_time,
        bo1_0.created_at,
        bo1_0.date,
        bo1_0.order_no,
        bo1_0.original_price,
        bo1_0.payment_method,
        bo1_0.payment_order_id,
        bo1_0.payment_status,
        bo1_0.payment_time,
        bo1_0.price,
        bo1_0.seat_name,
        bo1_0.status,
        bo1_0.time_slot,
        bo1_0.updated_at,
        bo1_0.user_id 
    from
        booking_orders bo1_0 
    where
        bo1_0.status=?
2026-01-19 16:30:00.086 - 
    select
        bo1_0.id,
        bo1_0.cabin_name,
        bo1_0.consume_time,
        bo1_0.created_at,
        bo1_0.date,
        bo1_0.order_no,
        bo1_0.original_price,
        bo1_0.payment_method,
        bo1_0.payment_order_id,
        bo1_0.payment_status,
        bo1_0.payment_time,
        bo1_0.price,
        bo1_0.seat_name,
        bo1_0.status,
        bo1_0.time_slot,
        bo1_0.updated_at,
        bo1_0.user_id 
    from
        booking_orders bo1_0 
    where
        bo1_0.status=?
2026-01-19 16:35:00.031 - 
    select
        bo1_0.id,
        bo1_0.cabin_name,
        bo1_0.consume_time,
        bo1_0.created_at,
        bo1_0.date,
        bo1_0.order_no,
        bo1_0.original_price,
        bo1_0.payment_method,
        bo1_0.payment_order_id,
        bo1_0.payment_status,
        bo1_0.payment_time,
        bo1_0.price,
        bo1_0.seat_name,
        bo1_0.status,
        bo1_0.time_slot,
        bo1_0.updated_at,
        bo1_0.user_id 
    from
        booking_orders bo1_0 
    where
        bo1_0.status=?
2026-01-19 16:40:00.027 - 
    select
        bo1_0.id,
        bo1_0.cabin_name,
        bo1_0.consume_time,
        bo1_0.created_at,
        bo1_0.date,
        bo1_0.order_no,
        bo1_0.original_price,
        bo1_0.payment_method,
        bo1_0.payment_order_id,
        bo1_0.payment_status,
        bo1_0.payment_time,
        bo1_0.price,
        bo1_0.seat_name,
        bo1_0.status,
        bo1_0.time_slot,
        bo1_0.updated_at,
        bo1_0.user_id 
    from
        booking_orders bo1_0 
    where
        bo1_0.status=?
2026-01-19 16:45:00.029 - 
    select
        bo1_0.id,
        bo1_0.cabin_name,
        bo1_0.consume_time,
        bo1_0.created_at,
        bo1_0.date,
        bo1_0.order_no,
        bo1_0.original_price,
        bo1_0.payment_method,
        bo1_0.payment_order_id,
        bo1_0.payment_status,
        bo1_0.payment_time,
        bo1_0.price,
        bo1_0.seat_name,
        bo1_0.status,
        bo1_0.time_slot,
        bo1_0.updated_at,
        bo1_0.user_id 
    from
        booking_orders bo1_0 
    where
        bo1_0.status=?
2026-01-19 16:50:00.042 - 
    select
        bo1_0.id,
        bo1_0.cabin_name,
        bo1_0.consume_time,
        bo1_0.created_at,
        bo1_0.date,
        bo1_0.order_no,
        bo1_0.original_price,
        bo1_0.payment_method,
        bo1_0.payment_order_id,
        bo1_0.payment_status,
        bo1_0.payment_time,
        bo1_0.price,
        bo1_0.seat_name,
        bo1_0.status,
        bo1_0.time_slot,
        bo1_0.updated_at,
        bo1_0.user_id 
    from
        booking_orders bo1_0 
    where
        bo1_0.status=?
2026-01-19 16:55:00.050 - 
    select
        bo1_0.id,
        bo1_0.cabin_name,
        bo1_0.consume_time,
        bo1_0.created_at,
        bo1_0.date,
        bo1_0.order_no,
        bo1_0.original_price,
        bo1_0.payment_method,
        bo1_0.payment_order_id,
        bo1_0.payment_status,
        bo1_0.payment_time,
        bo1_0.price,
        bo1_0.seat_name,
        bo1_0.status,
        bo1_0.time_slot,
        bo1_0.updated_at,
        bo1_0.user_id 
    from
        booking_orders bo1_0 
    where
        bo1_0.status=?
2026-01-19 17:00:00.026 - 
    select
        bo1_0.id,
        bo1_0.cabin_name,
        bo1_0.consume_time,
        bo1_0.created_at,
        bo1_0.date,
        bo1_0.order_no,
        bo1_0.original_price,
        bo1_0.payment_method,
        bo1_0.payment_order_id,
        bo1_0.payment_status,
        bo1_0.payment_time,
        bo1_0.price,
        bo1_0.seat_name,
        bo1_0.status,
        bo1_0.time_slot,
        bo1_0.updated_at,
        bo1_0.user_id 
    from
        booking_orders bo1_0 
    where
        bo1_0.status=?
2026-01-19 17:05:00.021 - 
    select
        bo1_0.id,
        bo1_0.cabin_name,
        bo1_0.consume_time,
        bo1_0.created_at,
        bo1_0.date,
        bo1_0.order_no,
        bo1_0.original_price,
        bo1_0.payment_method,
        bo1_0.payment_order_id,
        bo1_0.payment_status,
        bo1_0.payment_time,
        bo1_0.price,
        bo1_0.seat_name,
        bo1_0.status,
        bo1_0.time_slot,
        bo1_0.updated_at,
        bo1_0.user_id 
    from
        booking_orders bo1_0 
    where
        bo1_0.status=?
2026-01-19 17:10:00.033 - 
    select
        bo1_0.id,
        bo1_0.cabin_name,
        bo1_0.consume_time,
        bo1_0.created_at,
        bo1_0.date,
        bo1_0.order_no,
        bo1_0.original_price,
        bo1_0.payment_method,
        bo1_0.payment_order_id,
        bo1_0.payment_status,
        bo1_0.payment_time,
        bo1_0.price,
        bo1_0.seat_name,
        bo1_0.status,
        bo1_0.time_slot,
        bo1_0.updated_at,
        bo1_0.user_id 
    from
        booking_orders bo1_0 
    where
        bo1_0.status=?
2026-01-19 17:15:00.016 - 
    select
        bo1_0.id,
        bo1_0.cabin_name,
        bo1_0.consume_time,
        bo1_0.created_at,
        bo1_0.date,
        bo1_0.order_no,
        bo1_0.original_price,
        bo1_0.payment_method,
        bo1_0.payment_order_id,
        bo1_0.payment_status,
        bo1_0.payment_time,
        bo1_0.price,
        bo1_0.seat_name,
        bo1_0.status,
        bo1_0.time_slot,
        bo1_0.updated_at,
        bo1_0.user_id 
    from
        booking_orders bo1_0 
    where
        bo1_0.status=?
2026-01-19 17:20:00.038 - 
    select
        bo1_0.id,
        bo1_0.cabin_name,
        bo1_0.consume_time,
        bo1_0.created_at,
        bo1_0.date,
        bo1_0.order_no,
        bo1_0.original_price,
        bo1_0.payment_method,
        bo1_0.payment_order_id,
        bo1_0.payment_status,
        bo1_0.payment_time,
        bo1_0.price,
        bo1_0.seat_name,
        bo1_0.status,
        bo1_0.time_slot,
        bo1_0.updated_at,
        bo1_0.user_id 
    from
        booking_orders bo1_0 
    where
        bo1_0.status=?
2026-01-19 17:25:00.025 - 
    select
        bo1_0.id,
        bo1_0.cabin_name,
        bo1_0.consume_time,
        bo1_0.created_at,
        bo1_0.date,
        bo1_0.order_no,
        bo1_0.original_price,
        bo1_0.payment_method,
        bo1_0.payment_order_id,
        bo1_0.payment_status,
        bo1_0.payment_time,
        bo1_0.price,
        bo1_0.seat_name,
        bo1_0.status,
        bo1_0.time_slot,
        bo1_0.updated_at,
        bo1_0.user_id 
    from
        booking_orders bo1_0 
    where
        bo1_0.status=?
2026-01-19 17:29:59.959 - 
    select
        bo1_0.id,
        bo1_0.cabin_name,
        bo1_0.consume_time,
        bo1_0.created_at,
        bo1_0.date,
        bo1_0.order_no,
        bo1_0.original_price,
        bo1_0.payment_method,
        bo1_0.payment_order_id,
        bo1_0.payment_status,
        bo1_0.payment_time,
        bo1_0.price,
        bo1_0.seat_name,
        bo1_0.status,
        bo1_0.time_slot,
        bo1_0.updated_at,
        bo1_0.user_id 
    from
        booking_orders bo1_0 
    where
        bo1_0.status=?
2026-01-19 17:35:00.045 - 
    select
        bo1_0.id,
        bo1_0.cabin_name,
        bo1_0.consume_time,
        bo1_0.created_at,
        bo1_0.date,
        bo1_0.order_no,
        bo1_0.original_price,
        bo1_0.payment_method,
        bo1_0.payment_order_id,
        bo1_0.payment_status,
        bo1_0.payment_time,
        bo1_0.price,
        bo1_0.seat_name,
        bo1_0.status,
        bo1_0.time_slot,
        bo1_0.updated_at,
        bo1_0.user_id 
    from
        booking_orders bo1_0 
    where
        bo1_0.status=?
2026-01-19 17:40:00.033 - 
    select
        bo1_0.id,
        bo1_0.cabin_name,
        bo1_0.consume_time,
        bo1_0.created_at,
        bo1_0.date,
        bo1_0.order_no,
        bo1_0.original_price,
        bo1_0.payment_method,
        bo1_0.payment_order_id,
        bo1_0.payment_status,
        bo1_0.payment_time,
        bo1_0.price,
        bo1_0.seat_name,
        bo1_0.status,
        bo1_0.time_slot,
        bo1_0.updated_at,
        bo1_0.user_id 
    from
        booking_orders bo1_0 
    where
        bo1_0.status=?
2026-01-19 17:45:00.021 - 
    select
        bo1_0.id,
        bo1_0.cabin_name,
        bo1_0.consume_time,
        bo1_0.created_at,
        bo1_0.date,
        bo1_0.order_no,
        bo1_0.original_price,
        bo1_0.payment_method,
        bo1_0.payment_order_id,
        bo1_0.payment_status,
        bo1_0.payment_time,
        bo1_0.price,
        bo1_0.seat_name,
        bo1_0.status,
        bo1_0.time_slot,
        bo1_0.updated_at,
        bo1_0.user_id 
    from
        booking_orders bo1_0 
    where
        bo1_0.status=?
2026-01-19 17:50:00.022 - 
    select
        bo1_0.id,
        bo1_0.cabin_name,
        bo1_0.consume_time,
        bo1_0.created_at,
        bo1_0.date,
        bo1_0.order_no,
        bo1_0.original_price,
        bo1_0.payment_method,
        bo1_0.payment_order_id,
        bo1_0.payment_status,
        bo1_0.payment_time,
        bo1_0.price,
        bo1_0.seat_name,
        bo1_0.status,
        bo1_0.time_slot,
        bo1_0.updated_at,
        bo1_0.user_id 
    from
        booking_orders bo1_0 
    where
        bo1_0.status=?
2026-01-19 17:55:00.039 - 
    select
        bo1_0.id,
        bo1_0.cabin_name,
        bo1_0.consume_time,
        bo1_0.created_at,
        bo1_0.date,
        bo1_0.order_no,
        bo1_0.original_price,
        bo1_0.payment_method,
        bo1_0.payment_order_id,
        bo1_0.payment_status,
        bo1_0.payment_time,
        bo1_0.price,
        bo1_0.seat_name,
        bo1_0.status,
        bo1_0.time_slot,
        bo1_0.updated_at,
        bo1_0.user_id 
    from
        booking_orders bo1_0 
    where
        bo1_0.status=?
2026-01-19 18:00:00.027 - 
    select
        bo1_0.id,
        bo1_0.cabin_name,
        bo1_0.consume_time,
        bo1_0.created_at,
        bo1_0.date,
        bo1_0.order_no,
        bo1_0.original_price,
        bo1_0.payment_method,
        bo1_0.payment_order_id,
        bo1_0.payment_status,
        bo1_0.payment_time,
        bo1_0.price,
        bo1_0.seat_name,
        bo1_0.status,
        bo1_0.time_slot,
        bo1_0.updated_at,
        bo1_0.user_id 
    from
        booking_orders bo1_0 
    where
        bo1_0.status=?
2026-01-19 18:05:00.030 - 
    select
        bo1_0.id,
        bo1_0.cabin_name,
        bo1_0.consume_time,
        bo1_0.created_at,
        bo1_0.date,
        bo1_0.order_no,
        bo1_0.original_price,
        bo1_0.payment_method,
        bo1_0.payment_order_id,
        bo1_0.payment_status,
        bo1_0.payment_time,
        bo1_0.price,
        bo1_0.seat_name,
        bo1_0.status,
        bo1_0.time_slot,
        bo1_0.updated_at,
        bo1_0.user_id 
    from
        booking_orders bo1_0 
    where
        bo1_0.status=?
2026-01-19 18:10:00.026 - 
    select
        bo1_0.id,
        bo1_0.cabin_name,
        bo1_0.consume_time,
        bo1_0.created_at,
        bo1_0.date,
        bo1_0.order_no,
        bo1_0.original_price,
        bo1_0.payment_method,
        bo1_0.payment_order_id,
        bo1_0.payment_status,
        bo1_0.payment_time,
        bo1_0.price,
        bo1_0.seat_name,
        bo1_0.status,
        bo1_0.time_slot,
        bo1_0.updated_at,
        bo1_0.user_id 
    from
        booking_orders bo1_0 
    where
        bo1_0.status=?
2026-01-19 18:15:00.018 - 
    select
        bo1_0.id,
        bo1_0.cabin_name,
        bo1_0.consume_time,
        bo1_0.created_at,
        bo1_0.date,
        bo1_0.order_no,
        bo1_0.original_price,
        bo1_0.payment_method,
        bo1_0.payment_order_id,
        bo1_0.payment_status,
        bo1_0.payment_time,
        bo1_0.price,
        bo1_0.seat_name,
        bo1_0.status,
        bo1_0.time_slot,
        bo1_0.updated_at,
        bo1_0.user_id 
    from
        booking_orders bo1_0 
    where
        bo1_0.status=?
2026-01-19 18:20:00.034 - 
    select
        bo1_0.id,
        bo1_0.cabin_name,
        bo1_0.consume_time,
        bo1_0.created_at,
        bo1_0.date,
        bo1_0.order_no,
        bo1_0.original_price,
        bo1_0.payment_method,
        bo1_0.payment_order_id,
        bo1_0.payment_status,
        bo1_0.payment_time,
        bo1_0.price,
        bo1_0.seat_name,
        bo1_0.status,
        bo1_0.time_slot,
        bo1_0.updated_at,
        bo1_0.user_id 
    from
        booking_orders bo1_0 
    where
        bo1_0.status=?
2026-01-19 18:25:00.104 - 
    select
        bo1_0.id,
        bo1_0.cabin_name,
        bo1_0.consume_time,
        bo1_0.created_at,
        bo1_0.date,
        bo1_0.order_no,
        bo1_0.original_price,
        bo1_0.payment_method,
        bo1_0.payment_order_id,
        bo1_0.payment_status,
        bo1_0.payment_time,
        bo1_0.price,
        bo1_0.seat_name,
        bo1_0.status,
        bo1_0.time_slot,
        bo1_0.updated_at,
        bo1_0.user_id 
    from
        booking_orders bo1_0 
    where
        bo1_0.status=?
2026-01-19 18:30:00.029 - 
    select
        bo1_0.id,
        bo1_0.cabin_name,
        bo1_0.consume_time,
        bo1_0.created_at,
        bo1_0.date,
        bo1_0.order_no,
        bo1_0.original_price,
        bo1_0.payment_method,
        bo1_0.payment_order_id,
        bo1_0.payment_status,
        bo1_0.payment_time,
        bo1_0.price,
        bo1_0.seat_name,
        bo1_0.status,
        bo1_0.time_slot,
        bo1_0.updated_at,
        bo1_0.user_id 
    from
        booking_orders bo1_0 
    where
        bo1_0.status=?
2026-01-19 18:35:00.041 - 
    select
        bo1_0.id,
        bo1_0.cabin_name,
        bo1_0.consume_time,
        bo1_0.created_at,
        bo1_0.date,
        bo1_0.order_no,
        bo1_0.original_price,
        bo1_0.payment_method,
        bo1_0.payment_order_id,
        bo1_0.payment_status,
        bo1_0.payment_time,
        bo1_0.price,
        bo1_0.seat_name,
        bo1_0.status,
        bo1_0.time_slot,
        bo1_0.updated_at,
        bo1_0.user_id 
    from
        booking_orders bo1_0 
    where
        bo1_0.status=?
2026-01-19 18:40:00.080 - 
    select
        bo1_0.id,
        bo1_0.cabin_name,
        bo1_0.consume_time,
        bo1_0.created_at,
        bo1_0.date,
        bo1_0.order_no,
        bo1_0.original_price,
        bo1_0.payment_method,
        bo1_0.payment_order_id,
        bo1_0.payment_status,
        bo1_0.payment_time,
        bo1_0.price,
        bo1_0.seat_name,
        bo1_0.status,
        bo1_0.time_slot,
        bo1_0.updated_at,
        bo1_0.user_id 
    from
        booking_orders bo1_0 
    where
        bo1_0.status=?
2026-01-19 18:45:00.035 - 
    select
        bo1_0.id,
        bo1_0.cabin_name,
        bo1_0.consume_time,
        bo1_0.created_at,
        bo1_0.date,
        bo1_0.order_no,
        bo1_0.original_price,
        bo1_0.payment_method,
        bo1_0.payment_order_id,
        bo1_0.payment_status,
        bo1_0.payment_time,
        bo1_0.price,
        bo1_0.seat_name,
        bo1_0.status,
        bo1_0.time_slot,
        bo1_0.updated_at,
        bo1_0.user_id 
    from
        booking_orders bo1_0 
    where
        bo1_0.status=?
2026-01-19 18:50:00.030 - 
    select
        bo1_0.id,
        bo1_0.cabin_name,
        bo1_0.consume_time,
        bo1_0.created_at,
        bo1_0.date,
        bo1_0.order_no,
        bo1_0.original_price,
        bo1_0.payment_method,
        bo1_0.payment_order_id,
        bo1_0.payment_status,
        bo1_0.payment_time,
        bo1_0.price,
        bo1_0.seat_name,
        bo1_0.status,
        bo1_0.time_slot,
        bo1_0.updated_at,
        bo1_0.user_id 
    from
        booking_orders bo1_0 
    where
        bo1_0.status=?
2026-01-19 18:55:00.027 - 
    select
        bo1_0.id,
        bo1_0.cabin_name,
        bo1_0.consume_time,
        bo1_0.created_at,
        bo1_0.date,
        bo1_0.order_no,
        bo1_0.original_price,
        bo1_0.payment_method,
        bo1_0.payment_order_id,
        bo1_0.payment_status,
        bo1_0.payment_time,
        bo1_0.price,
        bo1_0.seat_name,
        bo1_0.status,
        bo1_0.time_slot,
        bo1_0.updated_at,
        bo1_0.user_id 
    from
        booking_orders bo1_0 
    where
        bo1_0.status=?
2026-01-19 19:00:00.025 - 
    select
        bo1_0.id,
        bo1_0.cabin_name,
        bo1_0.consume_time,
        bo1_0.created_at,
        bo1_0.date,
        bo1_0.order_no,
        bo1_0.original_price,
        bo1_0.payment_method,
        bo1_0.payment_order_id,
        bo1_0.payment_status,
        bo1_0.payment_time,
        bo1_0.price,
        bo1_0.seat_name,
        bo1_0.status,
        bo1_0.time_slot,
        bo1_0.updated_at,
        bo1_0.user_id 
    from
        booking_orders bo1_0 
    where
        bo1_0.status=?
2026-01-19 19:05:00.032 - 
    select
        bo1_0.id,
        bo1_0.cabin_name,
        bo1_0.consume_time,
        bo1_0.created_at,
        bo1_0.date,
        bo1_0.order_no,
        bo1_0.original_price,
        bo1_0.payment_method,
        bo1_0.payment_order_id,
        bo1_0.payment_status,
        bo1_0.payment_time,
        bo1_0.price,
        bo1_0.seat_name,
        bo1_0.status,
        bo1_0.time_slot,
        bo1_0.updated_at,
        bo1_0.user_id 
    from
        booking_orders bo1_0 
    where
        bo1_0.status=?
2026-01-19 19:10:00.003 - 
    select
        bo1_0.id,
        bo1_0.cabin_name,
        bo1_0.consume_time,
        bo1_0.created_at,
        bo1_0.date,
        bo1_0.order_no,
        bo1_0.original_price,
        bo1_0.payment_method,
        bo1_0.payment_order_id,
        bo1_0.payment_status,
        bo1_0.payment_time,
        bo1_0.price,
        bo1_0.seat_name,
        bo1_0.status,
        bo1_0.time_slot,
        bo1_0.updated_at,
        bo1_0.user_id 
    from
        booking_orders bo1_0 
    where
        bo1_0.status=?
2026-01-19 19:15:00.028 - 
    select
        bo1_0.id,
        bo1_0.cabin_name,
        bo1_0.consume_time,
        bo1_0.created_at,
        bo1_0.date,
        bo1_0.order_no,
        bo1_0.original_price,
        bo1_0.payment_method,
        bo1_0.payment_order_id,
        bo1_0.payment_status,
        bo1_0.payment_time,
        bo1_0.price,
        bo1_0.seat_name,
        bo1_0.status,
        bo1_0.time_slot,
        bo1_0.updated_at,
        bo1_0.user_id 
    from
        booking_orders bo1_0 
    where
        bo1_0.status=?
2026-01-19 19:20:00.042 - 
    select
        bo1_0.id,
        bo1_0.cabin_name,
        bo1_0.consume_time,
        bo1_0.created_at,
        bo1_0.date,
        bo1_0.order_no,
        bo1_0.original_price,
        bo1_0.payment_method,
        bo1_0.payment_order_id,
        bo1_0.payment_status,
        bo1_0.payment_time,
        bo1_0.price,
        bo1_0.seat_name,
        bo1_0.status,
        bo1_0.time_slot,
        bo1_0.updated_at,
        bo1_0.user_id 
    from
        booking_orders bo1_0 
    where
        bo1_0.status=?
2026-01-19 19:25:00.032 - 
    select
        bo1_0.id,
        bo1_0.cabin_name,
        bo1_0.consume_time,
        bo1_0.created_at,
        bo1_0.date,
        bo1_0.order_no,
        bo1_0.original_price,
        bo1_0.payment_method,
        bo1_0.payment_order_id,
        bo1_0.payment_status,
        bo1_0.payment_time,
        bo1_0.price,
        bo1_0.seat_name,
        bo1_0.status,
        bo1_0.time_slot,
        bo1_0.updated_at,
        bo1_0.user_id 
    from
        booking_orders bo1_0 
    where
        bo1_0.status=?
2026-01-19 19:30:00.030 - 
    select
        bo1_0.id,
        bo1_0.cabin_name,
        bo1_0.consume_time,
        bo1_0.created_at,
        bo1_0.date,
        bo1_0.order_no,
        bo1_0.original_price,
        bo1_0.payment_method,
        bo1_0.payment_order_id,
        bo1_0.payment_status,
        bo1_0.payment_time,
        bo1_0.price,
        bo1_0.seat_name,
        bo1_0.status,
        bo1_0.time_slot,
        bo1_0.updated_at,
        bo1_0.user_id 
    from
        booking_orders bo1_0 
    where
        bo1_0.status=?
2026-01-19 19:35:00.058 - 
    select
        bo1_0.id,
        bo1_0.cabin_name,
        bo1_0.consume_time,
        bo1_0.created_at,
        bo1_0.date,
        bo1_0.order_no,
        bo1_0.original_price,
        bo1_0.payment_method,
        bo1_0.payment_order_id,
        bo1_0.payment_status,
        bo1_0.payment_time,
        bo1_0.price,
        bo1_0.seat_name,
        bo1_0.status,
        bo1_0.time_slot,
        bo1_0.updated_at,
        bo1_0.user_id 
    from
        booking_orders bo1_0 
    where
        bo1_0.status=?
2026-01-19 19:40:00.034 - 
    select
        bo1_0.id,
        bo1_0.cabin_name,
        bo1_0.consume_time,
        bo1_0.created_at,
        bo1_0.date,
        bo1_0.order_no,
        bo1_0.original_price,
        bo1_0.payment_method,
        bo1_0.payment_order_id,
        bo1_0.payment_status,
        bo1_0.payment_time,
        bo1_0.price,
        bo1_0.seat_name,
        bo1_0.status,
        bo1_0.time_slot,
        bo1_0.updated_at,
        bo1_0.user_id 
    from
        booking_orders bo1_0 
    where
        bo1_0.status=?
2026-01-19 19:45:00.037 - 
    select
        bo1_0.id,
        bo1_0.cabin_name,
        bo1_0.consume_time,
        bo1_0.created_at,
        bo1_0.date,
        bo1_0.order_no,
        bo1_0.original_price,
        bo1_0.payment_method,
        bo1_0.payment_order_id,
        bo1_0.payment_status,
        bo1_0.payment_time,
        bo1_0.price,
        bo1_0.seat_name,
        bo1_0.status,
        bo1_0.time_slot,
        bo1_0.updated_at,
        bo1_0.user_id 
    from
        booking_orders bo1_0 
    where
        bo1_0.status=?
2026-01-19 19:50:00.034 - 
    select
        bo1_0.id,
        bo1_0.cabin_name,
        bo1_0.consume_time,
        bo1_0.created_at,
        bo1_0.date,
        bo1_0.order_no,
        bo1_0.original_price,
        bo1_0.payment_method,
        bo1_0.payment_order_id,
        bo1_0.payment_status,
        bo1_0.payment_time,
        bo1_0.price,
        bo1_0.seat_name,
        bo1_0.status,
        bo1_0.time_slot,
        bo1_0.updated_at,
        bo1_0.user_id 
    from
        booking_orders bo1_0 
    where
        bo1_0.status=?
2026-01-19 19:54:59.958 - 
    select
        bo1_0.id,
        bo1_0.cabin_name,
        bo1_0.consume_time,
        bo1_0.created_at,
        bo1_0.date,
        bo1_0.order_no,
        bo1_0.original_price,
        bo1_0.payment_method,
        bo1_0.payment_order_id,
        bo1_0.payment_status,
        bo1_0.payment_time,
        bo1_0.price,
        bo1_0.seat_name,
        bo1_0.status,
        bo1_0.time_slot,
        bo1_0.updated_at,
        bo1_0.user_id 
    from
        booking_orders bo1_0 
    where
        bo1_0.status=?
2026-01-19 20:00:00.033 - 
    select
        bo1_0.id,
        bo1_0.cabin_name,
        bo1_0.consume_time,
        bo1_0.created_at,
        bo1_0.date,
        bo1_0.order_no,
        bo1_0.original_price,
        bo1_0.payment_method,
        bo1_0.payment_order_id,
        bo1_0.payment_status,
        bo1_0.payment_time,
        bo1_0.price,
        bo1_0.seat_name,
        bo1_0.status,
        bo1_0.time_slot,
        bo1_0.updated_at,
        bo1_0.user_id 
    from
        booking_orders bo1_0 
    where
        bo1_0.status=?
2026-01-19 20:05:00.024 - 
    select
        bo1_0.id,
        bo1_0.cabin_name,
        bo1_0.consume_time,
        bo1_0.created_at,
        bo1_0.date,
        bo1_0.order_no,
        bo1_0.original_price,
        bo1_0.payment_method,
        bo1_0.payment_order_id,
        bo1_0.payment_status,
        bo1_0.payment_time,
        bo1_0.price,
        bo1_0.seat_name,
        bo1_0.status,
        bo1_0.time_slot,
        bo1_0.updated_at,
        bo1_0.user_id 
    from
        booking_orders bo1_0 
    where
        bo1_0.status=?
2026-01-19 20:10:00.006 - 
    select
        bo1_0.id,
        bo1_0.cabin_name,
        bo1_0.consume_time,
        bo1_0.created_at,
        bo1_0.date,
        bo1_0.order_no,
        bo1_0.original_price,
        bo1_0.payment_method,
        bo1_0.payment_order_id,
        bo1_0.payment_status,
        bo1_0.payment_time,
        bo1_0.price,
        bo1_0.seat_name,
        bo1_0.status,
        bo1_0.time_slot,
        bo1_0.updated_at,
        bo1_0.user_id 
    from
        booking_orders bo1_0 
    where
        bo1_0.status=?
2026-01-19 20:15:00.031 - 
    select
        bo1_0.id,
        bo1_0.cabin_name,
        bo1_0.consume_time,
        bo1_0.created_at,
        bo1_0.date,
        bo1_0.order_no,
        bo1_0.original_price,
        bo1_0.payment_method,
        bo1_0.payment_order_id,
        bo1_0.payment_status,
        bo1_0.payment_time,
        bo1_0.price,
        bo1_0.seat_name,
        bo1_0.status,
        bo1_0.time_slot,
        bo1_0.updated_at,
        bo1_0.user_id 
    from
        booking_orders bo1_0 
    where
        bo1_0.status=?
2026-01-19 20:20:00.042 - 
    select
        bo1_0.id,
        bo1_0.cabin_name,
        bo1_0.consume_time,
        bo1_0.created_at,
        bo1_0.date,
        bo1_0.order_no,
        bo1_0.original_price,
        bo1_0.payment_method,
        bo1_0.payment_order_id,
        bo1_0.payment_status,
        bo1_0.payment_time,
        bo1_0.price,
        bo1_0.seat_name,
        bo1_0.status,
        bo1_0.time_slot,
        bo1_0.updated_at,
        bo1_0.user_id 
    from
        booking_orders bo1_0 
    where
        bo1_0.status=?
2026-01-19 20:25:00.021 - 
    select
        bo1_0.id,
        bo1_0.cabin_name,
        bo1_0.consume_time,
        bo1_0.created_at,
        bo1_0.date,
        bo1_0.order_no,
        bo1_0.original_price,
        bo1_0.payment_method,
        bo1_0.payment_order_id,
        bo1_0.payment_status,
        bo1_0.payment_time,
        bo1_0.price,
        bo1_0.seat_name,
        bo1_0.status,
        bo1_0.time_slot,
        bo1_0.updated_at,
        bo1_0.user_id 
    from
        booking_orders bo1_0 
    where
        bo1_0.status=?
2026-01-19 20:30:00.040 - 
    select
        bo1_0.id,
        bo1_0.cabin_name,
        bo1_0.consume_time,
        bo1_0.created_at,
        bo1_0.date,
        bo1_0.order_no,
        bo1_0.original_price,
        bo1_0.payment_method,
        bo1_0.payment_order_id,
        bo1_0.payment_status,
        bo1_0.payment_time,
        bo1_0.price,
        bo1_0.seat_name,
        bo1_0.status,
        bo1_0.time_slot,
        bo1_0.updated_at,
        bo1_0.user_id 
    from
        booking_orders bo1_0 
    where
        bo1_0.status=?
2026-01-19 20:35:00.017 - 
    select
        bo1_0.id,
        bo1_0.cabin_name,
        bo1_0.consume_time,
        bo1_0.created_at,
        bo1_0.date,
        bo1_0.order_no,
        bo1_0.original_price,
        bo1_0.payment_method,
        bo1_0.payment_order_id,
        bo1_0.payment_status,
        bo1_0.payment_time,
        bo1_0.price,
        bo1_0.seat_name,
        bo1_0.status,
        bo1_0.time_slot,
        bo1_0.updated_at,
        bo1_0.user_id 
    from
        booking_orders bo1_0 
    where
        bo1_0.status=?
2026-01-19 20:40:00.062 - 
    select
        bo1_0.id,
        bo1_0.cabin_name,
        bo1_0.consume_time,
        bo1_0.created_at,
        bo1_0.date,
        bo1_0.order_no,
        bo1_0.original_price,
        bo1_0.payment_method,
        bo1_0.payment_order_id,
        bo1_0.payment_status,
        bo1_0.payment_time,
        bo1_0.price,
        bo1_0.seat_name,
        bo1_0.status,
        bo1_0.time_slot,
        bo1_0.updated_at,
        bo1_0.user_id 
    from
        booking_orders bo1_0 
    where
        bo1_0.status=?
2026-01-19 20:45:00.024 - 
    select
        bo1_0.id,
        bo1_0.cabin_name,
        bo1_0.consume_time,
        bo1_0.created_at,
        bo1_0.date,
        bo1_0.order_no,
        bo1_0.original_price,
        bo1_0.payment_method,
        bo1_0.payment_order_id,
        bo1_0.payment_status,
        bo1_0.payment_time,
        bo1_0.price,
        bo1_0.seat_name,
        bo1_0.status,
        bo1_0.time_slot,
        bo1_0.updated_at,
        bo1_0.user_id 
    from
        booking_orders bo1_0 
    where
        bo1_0.status=?
2026-01-19 20:50:00.054 - 
    select
        bo1_0.id,
        bo1_0.cabin_name,
        bo1_0.consume_time,
        bo1_0.created_at,
        bo1_0.date,
        bo1_0.order_no,
        bo1_0.original_price,
        bo1_0.payment_method,
        bo1_0.payment_order_id,
        bo1_0.payment_status,
        bo1_0.payment_time,
        bo1_0.price,
        bo1_0.seat_name,
        bo1_0.status,
        bo1_0.time_slot,
        bo1_0.updated_at,
        bo1_0.user_id 
    from
        booking_orders bo1_0 
    where
        bo1_0.status=?
2026-01-19 20:55:00.087 - 
    select
        bo1_0.id,
        bo1_0.cabin_name,
        bo1_0.consume_time,
        bo1_0.created_at,
        bo1_0.date,
        bo1_0.order_no,
        bo1_0.original_price,
        bo1_0.payment_method,
        bo1_0.payment_order_id,
        bo1_0.payment_status,
        bo1_0.payment_time,
        bo1_0.price,
        bo1_0.seat_name,
        bo1_0.status,
        bo1_0.time_slot,
        bo1_0.updated_at,
        bo1_0.user_id 
    from
        booking_orders bo1_0 
    where
        bo1_0.status=?
2026-01-19 21:00:00.047 - 
    select
        bo1_0.id,
        bo1_0.cabin_name,
        bo1_0.consume_time,
        bo1_0.created_at,
        bo1_0.date,
        bo1_0.order_no,
        bo1_0.original_price,
        bo1_0.payment_method,
        bo1_0.payment_order_id,
        bo1_0.payment_status,
        bo1_0.payment_time,
        bo1_0.price,
        bo1_0.seat_name,
        bo1_0.status,
        bo1_0.time_slot,
        bo1_0.updated_at,
        bo1_0.user_id 
    from
        booking_orders bo1_0 
    where
        bo1_0.status=?
2026-01-19 21:05:00.031 - 
    select
        bo1_0.id,
        bo1_0.cabin_name,
        bo1_0.consume_time,
        bo1_0.created_at,
        bo1_0.date,
        bo1_0.order_no,
        bo1_0.original_price,
        bo1_0.payment_method,
        bo1_0.payment_order_id,
        bo1_0.payment_status,
        bo1_0.payment_time,
        bo1_0.price,
        bo1_0.seat_name,
        bo1_0.status,
        bo1_0.time_slot,
        bo1_0.updated_at,
        bo1_0.user_id 
    from
        booking_orders bo1_0 
    where
        bo1_0.status=?
2026-01-19 21:10:00.045 - 
    select
        bo1_0.id,
        bo1_0.cabin_name,
        bo1_0.consume_time,
        bo1_0.created_at,
        bo1_0.date,
        bo1_0.order_no,
        bo1_0.original_price,
        bo1_0.payment_method,
        bo1_0.payment_order_id,
        bo1_0.payment_status,
        bo1_0.payment_time,
        bo1_0.price,
        bo1_0.seat_name,
        bo1_0.status,
        bo1_0.time_slot,
        bo1_0.updated_at,
        bo1_0.user_id 
    from
        booking_orders bo1_0 
    where
        bo1_0.status=?
2026-01-19 21:15:00.027 - 
    select
        bo1_0.id,
        bo1_0.cabin_name,
        bo1_0.consume_time,
        bo1_0.created_at,
        bo1_0.date,
        bo1_0.order_no,
        bo1_0.original_price,
        bo1_0.payment_method,
        bo1_0.payment_order_id,
        bo1_0.payment_status,
        bo1_0.payment_time,
        bo1_0.price,
        bo1_0.seat_name,
        bo1_0.status,
        bo1_0.time_slot,
        bo1_0.updated_at,
        bo1_0.user_id 
    from
        booking_orders bo1_0 
    where
        bo1_0.status=?
2026-01-19 21:20:00.061 - 
    select
        bo1_0.id,
        bo1_0.cabin_name,
        bo1_0.consume_time,
        bo1_0.created_at,
        bo1_0.date,
        bo1_0.order_no,
        bo1_0.original_price,
        bo1_0.payment_method,
        bo1_0.payment_order_id,
        bo1_0.payment_status,
        bo1_0.payment_time,
        bo1_0.price,
        bo1_0.seat_name,
        bo1_0.status,
        bo1_0.time_slot,
        bo1_0.updated_at,
        bo1_0.user_id 
    from
        booking_orders bo1_0 
    where
        bo1_0.status=?
2026-01-19 21:24:59.983 - 
    select
        bo1_0.id,
        bo1_0.cabin_name,
        bo1_0.consume_time,
        bo1_0.created_at,
        bo1_0.date,
        bo1_0.order_no,
        bo1_0.original_price,
        bo1_0.payment_method,
        bo1_0.payment_order_id,
        bo1_0.payment_status,
        bo1_0.payment_time,
        bo1_0.price,
        bo1_0.seat_name,
        bo1_0.status,
        bo1_0.time_slot,
        bo1_0.updated_at,
        bo1_0.user_id 
    from
        booking_orders bo1_0 
    where
        bo1_0.status=?
2026-01-19 21:30:00.051 - 
    select
        bo1_0.id,
        bo1_0.cabin_name,
        bo1_0.consume_time,
        bo1_0.created_at,
        bo1_0.date,
        bo1_0.order_no,
        bo1_0.original_price,
        bo1_0.payment_method,
        bo1_0.payment_order_id,
        bo1_0.payment_status,
        bo1_0.payment_time,
        bo1_0.price,
        bo1_0.seat_name,
        bo1_0.status,
        bo1_0.time_slot,
        bo1_0.updated_at,
        bo1_0.user_id 
    from
        booking_orders bo1_0 
    where
        bo1_0.status=?
2026-01-19 21:35:00.027 - 
    select
        bo1_0.id,
        bo1_0.cabin_name,
        bo1_0.consume_time,
        bo1_0.created_at,
        bo1_0.date,
        bo1_0.order_no,
        bo1_0.original_price,
        bo1_0.payment_method,
        bo1_0.payment_order_id,
        bo1_0.payment_status,
        bo1_0.payment_time,
        bo1_0.price,
        bo1_0.seat_name,
        bo1_0.status,
        bo1_0.time_slot,
        bo1_0.updated_at,
        bo1_0.user_id 
    from
        booking_orders bo1_0 
    where
        bo1_0.status=?
2026-01-19 21:40:00.056 - 
    select
        bo1_0.id,
        bo1_0.cabin_name,
        bo1_0.consume_time,
        bo1_0.created_at,
        bo1_0.date,
        bo1_0.order_no,
        bo1_0.original_price,
        bo1_0.payment_method,
        bo1_0.payment_order_id,
        bo1_0.payment_status,
        bo1_0.payment_time,
        bo1_0.price,
        bo1_0.seat_name,
        bo1_0.status,
        bo1_0.time_slot,
        bo1_0.updated_at,
        bo1_0.user_id 
    from
        booking_orders bo1_0 
    where
        bo1_0.status=?
2026-01-19 21:44:59.998 - 
    select
        bo1_0.id,
        bo1_0.cabin_name,
        bo1_0.consume_time,
        bo1_0.created_at,
        bo1_0.date,
        bo1_0.order_no,
        bo1_0.original_price,
        bo1_0.payment_method,
        bo1_0.payment_order_id,
        bo1_0.payment_status,
        bo1_0.payment_time,
        bo1_0.price,
        bo1_0.seat_name,
        bo1_0.status,
        bo1_0.time_slot,
        bo1_0.updated_at,
        bo1_0.user_id 
    from
        booking_orders bo1_0 
    where
        bo1_0.status=?
2026-01-19 21:50:00.014 - 
    select
        bo1_0.id,
        bo1_0.cabin_name,
        bo1_0.consume_time,
        bo1_0.created_at,
        bo1_0.date,
        bo1_0.order_no,
        bo1_0.original_price,
        bo1_0.payment_method,
        bo1_0.payment_order_id,
        bo1_0.payment_status,
        bo1_0.payment_time,
        bo1_0.price,
        bo1_0.seat_name,
        bo1_0.status,
        bo1_0.time_slot,
        bo1_0.updated_at,
        bo1_0.user_id 
    from
        booking_orders bo1_0 
    where
        bo1_0.status=?
2026-01-19 21:55:00.038 - 
    select
        bo1_0.id,
        bo1_0.cabin_name,
        bo1_0.consume_time,
        bo1_0.created_at,
        bo1_0.date,
        bo1_0.order_no,
        bo1_0.original_price,
        bo1_0.payment_method,
        bo1_0.payment_order_id,
        bo1_0.payment_status,
        bo1_0.payment_time,
        bo1_0.price,
        bo1_0.seat_name,
        bo1_0.status,
        bo1_0.time_slot,
        bo1_0.updated_at,
        bo1_0.user_id 
    from
        booking_orders bo1_0 
    where
        bo1_0.status=?
2026-01-19 22:00:00.039 - 
    select
        bo1_0.id,
        bo1_0.cabin_name,
        bo1_0.consume_time,
        bo1_0.created_at,
        bo1_0.date,
        bo1_0.order_no,
        bo1_0.original_price,
        bo1_0.payment_method,
        bo1_0.payment_order_id,
        bo1_0.payment_status,
        bo1_0.payment_time,
        bo1_0.price,
        bo1_0.seat_name,
        bo1_0.status,
        bo1_0.time_slot,
        bo1_0.updated_at,
        bo1_0.user_id 
    from
        booking_orders bo1_0 
    where
        bo1_0.status=?
2026-01-19 22:05:00.041 - 
    select
        bo1_0.id,
        bo1_0.cabin_name,
        bo1_0.consume_time,
        bo1_0.created_at,
        bo1_0.date,
        bo1_0.order_no,
        bo1_0.original_price,
        bo1_0.payment_method,
        bo1_0.payment_order_id,
        bo1_0.payment_status,
        bo1_0.payment_time,
        bo1_0.price,
        bo1_0.seat_name,
        bo1_0.status,
        bo1_0.time_slot,
        bo1_0.updated_at,
        bo1_0.user_id 
    from
        booking_orders bo1_0 
    where
        bo1_0.status=?
2026-01-19 22:10:00.042 - 
    select
        bo1_0.id,
        bo1_0.cabin_name,
        bo1_0.consume_time,
        bo1_0.created_at,
        bo1_0.date,
        bo1_0.order_no,
        bo1_0.original_price,
        bo1_0.payment_method,
        bo1_0.payment_order_id,
        bo1_0.payment_status,
        bo1_0.payment_time,
        bo1_0.price,
        bo1_0.seat_name,
        bo1_0.status,
        bo1_0.time_slot,
        bo1_0.updated_at,
        bo1_0.user_id 
    from
        booking_orders bo1_0 
    where
        bo1_0.status=?
2026-01-19 22:15:00.017 - 
    select
        bo1_0.id,
        bo1_0.cabin_name,
        bo1_0.consume_time,
        bo1_0.created_at,
        bo1_0.date,
        bo1_0.order_no,
        bo1_0.original_price,
        bo1_0.payment_method,
        bo1_0.payment_order_id,
        bo1_0.payment_status,
        bo1_0.payment_time,
        bo1_0.price,
        bo1_0.seat_name,
        bo1_0.status,
        bo1_0.time_slot,
        bo1_0.updated_at,
        bo1_0.user_id 
    from
        booking_orders bo1_0 
    where
        bo1_0.status=?
2026-01-19 22:20:00.008 - 
    select
        bo1_0.id,
        bo1_0.cabin_name,
        bo1_0.consume_time,
        bo1_0.created_at,
        bo1_0.date,
        bo1_0.order_no,
        bo1_0.original_price,
        bo1_0.payment_method,
        bo1_0.payment_order_id,
        bo1_0.payment_status,
        bo1_0.payment_time,
        bo1_0.price,
        bo1_0.seat_name,
        bo1_0.status,
        bo1_0.time_slot,
        bo1_0.updated_at,
        bo1_0.user_id 
    from
        booking_orders bo1_0 
    where
        bo1_0.status=?
2026-01-19 22:25:00.027 - 
    select
        bo1_0.id,
        bo1_0.cabin_name,
        bo1_0.consume_time,
        bo1_0.created_at,
        bo1_0.date,
        bo1_0.order_no,
        bo1_0.original_price,
        bo1_0.payment_method,
        bo1_0.payment_order_id,
        bo1_0.payment_status,
        bo1_0.payment_time,
        bo1_0.price,
        bo1_0.seat_name,
        bo1_0.status,
        bo1_0.time_slot,
        bo1_0.updated_at,
        bo1_0.user_id 
    from
        booking_orders bo1_0 
    where
        bo1_0.status=?
2026-01-19 22:30:00.027 - 
    select
        bo1_0.id,
        bo1_0.cabin_name,
        bo1_0.consume_time,
        bo1_0.created_at,
        bo1_0.date,
        bo1_0.order_no,
        bo1_0.original_price,
        bo1_0.payment_method,
        bo1_0.payment_order_id,
        bo1_0.payment_status,
        bo1_0.payment_time,
        bo1_0.price,
        bo1_0.seat_name,
        bo1_0.status,
        bo1_0.time_slot,
        bo1_0.updated_at,
        bo1_0.user_id 
    from
        booking_orders bo1_0 
    where
        bo1_0.status=?
2026-01-19 22:35:00.024 - 
    select
        bo1_0.id,
        bo1_0.cabin_name,
        bo1_0.consume_time,
        bo1_0.created_at,
        bo1_0.date,
        bo1_0.order_no,
        bo1_0.original_price,
        bo1_0.payment_method,
        bo1_0.payment_order_id,
        bo1_0.payment_status,
        bo1_0.payment_time,
        bo1_0.price,
        bo1_0.seat_name,
        bo1_0.status,
        bo1_0.time_slot,
        bo1_0.updated_at,
        bo1_0.user_id 
    from
        booking_orders bo1_0 
    where
        bo1_0.status=?
2026-01-19 22:40:00.023 - 
    select
        bo1_0.id,
        bo1_0.cabin_name,
        bo1_0.consume_time,
        bo1_0.created_at,
        bo1_0.date,
        bo1_0.order_no,
        bo1_0.original_price,
        bo1_0.payment_method,
        bo1_0.payment_order_id,
        bo1_0.payment_status,
        bo1_0.payment_time,
        bo1_0.price,
        bo1_0.seat_name,
        bo1_0.status,
        bo1_0.time_slot,
        bo1_0.updated_at,
        bo1_0.user_id 
    from
        booking_orders bo1_0 
    where
        bo1_0.status=?
2026-01-19 22:45:00.025 - 
    select
        bo1_0.id,
        bo1_0.cabin_name,
        bo1_0.consume_time,
        bo1_0.created_at,
        bo1_0.date,
        bo1_0.order_no,
        bo1_0.original_price,
        bo1_0.payment_method,
        bo1_0.payment_order_id,
        bo1_0.payment_status,
        bo1_0.payment_time,
        bo1_0.price,
        bo1_0.seat_name,
        bo1_0.status,
        bo1_0.time_slot,
        bo1_0.updated_at,
        bo1_0.user_id 
    from
        booking_orders bo1_0 
    where
        bo1_0.status=?
2026-01-19 22:50:00.025 - 
    select
        bo1_0.id,
        bo1_0.cabin_name,
        bo1_0.consume_time,
        bo1_0.created_at,
        bo1_0.date,
        bo1_0.order_no,
        bo1_0.original_price,
        bo1_0.payment_method,
        bo1_0.payment_order_id,
        bo1_0.payment_status,
        bo1_0.payment_time,
        bo1_0.price,
        bo1_0.seat_name,
        bo1_0.status,
        bo1_0.time_slot,
        bo1_0.updated_at,
        bo1_0.user_id 
    from
        booking_orders bo1_0 
    where
        bo1_0.status=?
2026-01-19 22:55:00.113 - 
    select
        bo1_0.id,
        bo1_0.cabin_name,
        bo1_0.consume_time,
        bo1_0.created_at,
        bo1_0.date,
        bo1_0.order_no,
        bo1_0.original_price,
        bo1_0.payment_method,
        bo1_0.payment_order_id,
        bo1_0.payment_status,
        bo1_0.payment_time,
        bo1_0.price,
        bo1_0.seat_name,
        bo1_0.status,
        bo1_0.time_slot,
        bo1_0.updated_at,
        bo1_0.user_id 
    from
        booking_orders bo1_0 
    where
        bo1_0.status=?
2026-01-19 23:00:00.030 - 
    select
        bo1_0.id,
        bo1_0.cabin_name,
        bo1_0.consume_time,
        bo1_0.created_at,
        bo1_0.date,
        bo1_0.order_no,
        bo1_0.original_price,
        bo1_0.payment_method,
        bo1_0.payment_order_id,
        bo1_0.payment_status,
        bo1_0.payment_time,
        bo1_0.price,
        bo1_0.seat_name,
        bo1_0.status,
        bo1_0.time_slot,
        bo1_0.updated_at,
        bo1_0.user_id 
    from
        booking_orders bo1_0 
    where
        bo1_0.status=?
2026-01-19 23:05:00.057 - 
    select
        bo1_0.id,
        bo1_0.cabin_name,
        bo1_0.consume_time,
        bo1_0.created_at,
        bo1_0.date,
        bo1_0.order_no,
        bo1_0.original_price,
        bo1_0.payment_method,
        bo1_0.payment_order_id,
        bo1_0.payment_status,
        bo1_0.payment_time,
        bo1_0.price,
        bo1_0.seat_name,
        bo1_0.status,
        bo1_0.time_slot,
        bo1_0.updated_at,
        bo1_0.user_id 
    from
        booking_orders bo1_0 
    where
        bo1_0.status=?
2026-01-19 23:10:00.038 - 
    select
        bo1_0.id,
        bo1_0.cabin_name,
        bo1_0.consume_time,
        bo1_0.created_at,
        bo1_0.date,
        bo1_0.order_no,
        bo1_0.original_price,
        bo1_0.payment_method,
        bo1_0.payment_order_id,
        bo1_0.payment_status,
        bo1_0.payment_time,
        bo1_0.price,
        bo1_0.seat_name,
        bo1_0.status,
        bo1_0.time_slot,
        bo1_0.updated_at,
        bo1_0.user_id 
    from
        booking_orders bo1_0 
    where
        bo1_0.status=?
2026-01-19 23:15:00.051 - 
    select
        bo1_0.id,
        bo1_0.cabin_name,
        bo1_0.consume_time,
        bo1_0.created_at,
        bo1_0.date,
        bo1_0.order_no,
        bo1_0.original_price,
        bo1_0.payment_method,
        bo1_0.payment_order_id,
        bo1_0.payment_status,
        bo1_0.payment_time,
        bo1_0.price,
        bo1_0.seat_name,
        bo1_0.status,
        bo1_0.time_slot,
        bo1_0.updated_at,
        bo1_0.user_id 
    from
        booking_orders bo1_0 
    where
        bo1_0.status=?
2026-01-19 23:20:00.036 - 
    select
        bo1_0.id,
        bo1_0.cabin_name,
        bo1_0.consume_time,
        bo1_0.created_at,
        bo1_0.date,
        bo1_0.order_no,
        bo1_0.original_price,
        bo1_0.payment_method,
        bo1_0.payment_order_id,
        bo1_0.payment_status,
        bo1_0.payment_time,
        bo1_0.price,
        bo1_0.seat_name,
        bo1_0.status,
        bo1_0.time_slot,
        bo1_0.updated_at,
        bo1_0.user_id 
    from
        booking_orders bo1_0 
    where
        bo1_0.status=?
2026-01-19 23:25:00.027 - 
    select
        bo1_0.id,
        bo1_0.cabin_name,
        bo1_0.consume_time,
        bo1_0.created_at,
        bo1_0.date,
        bo1_0.order_no,
        bo1_0.original_price,
        bo1_0.payment_method,
        bo1_0.payment_order_id,
        bo1_0.payment_status,
        bo1_0.payment_time,
        bo1_0.price,
        bo1_0.seat_name,
        bo1_0.status,
        bo1_0.time_slot,
        bo1_0.updated_at,
        bo1_0.user_id 
    from
        booking_orders bo1_0 
    where
        bo1_0.status=?
2026-01-19 23:30:00.042 - 
    select
        bo1_0.id,
        bo1_0.cabin_name,
        bo1_0.consume_time,
        bo1_0.created_at,
        bo1_0.date,
        bo1_0.order_no,
        bo1_0.original_price,
        bo1_0.payment_method,
        bo1_0.payment_order_id,
        bo1_0.payment_status,
        bo1_0.payment_time,
        bo1_0.price,
        bo1_0.seat_name,
        bo1_0.status,
        bo1_0.time_slot,
        bo1_0.updated_at,
        bo1_0.user_id 
    from
        booking_orders bo1_0 
    where
        bo1_0.status=?
2026-01-19 23:35:00.024 - 
    select
        bo1_0.id,
        bo1_0.cabin_name,
        bo1_0.consume_time,
        bo1_0.created_at,
        bo1_0.date,
        bo1_0.order_no,
        bo1_0.original_price,
        bo1_0.payment_method,
        bo1_0.payment_order_id,
        bo1_0.payment_status,
        bo1_0.payment_time,
        bo1_0.price,
        bo1_0.seat_name,
        bo1_0.status,
        bo1_0.time_slot,
        bo1_0.updated_at,
        bo1_0.user_id 
    from
        booking_orders bo1_0 
    where
        bo1_0.status=?
2026-01-19 23:40:00.027 - 
    select
        bo1_0.id,
        bo1_0.cabin_name,
        bo1_0.consume_time,
        bo1_0.created_at,
        bo1_0.date,
        bo1_0.order_no,
        bo1_0.original_price,
        bo1_0.payment_method,
        bo1_0.payment_order_id,
        bo1_0.payment_status,
        bo1_0.payment_time,
        bo1_0.price,
        bo1_0.seat_name,
        bo1_0.status,
        bo1_0.time_slot,
        bo1_0.updated_at,
        bo1_0.user_id 
    from
        booking_orders bo1_0 
    where
        bo1_0.status=?
2026-01-19 23:45:00.030 - 
    select
        bo1_0.id,
        bo1_0.cabin_name,
        bo1_0.consume_time,
        bo1_0.created_at,
        bo1_0.date,
        bo1_0.order_no,
        bo1_0.original_price,
        bo1_0.payment_method,
        bo1_0.payment_order_id,
        bo1_0.payment_status,
        bo1_0.payment_time,
        bo1_0.price,
        bo1_0.seat_name,
        bo1_0.status,
        bo1_0.time_slot,
        bo1_0.updated_at,
        bo1_0.user_id 
    from
        booking_orders bo1_0 
    where
        bo1_0.status=?
2026-01-19 23:50:00.022 - 
    select
        bo1_0.id,
        bo1_0.cabin_name,
        bo1_0.consume_time,
        bo1_0.created_at,
        bo1_0.date,
        bo1_0.order_no,
        bo1_0.original_price,
        bo1_0.payment_method,
        bo1_0.payment_order_id,
        bo1_0.payment_status,
        bo1_0.payment_time,
        bo1_0.price,
        bo1_0.seat_name,
        bo1_0.status,
        bo1_0.time_slot,
        bo1_0.updated_at,
        bo1_0.user_id 
    from
        booking_orders bo1_0 
    where
        bo1_0.status=?
2026-01-19 23:55:00.025 - 
    select
        bo1_0.id,
        bo1_0.cabin_name,
        bo1_0.consume_time,
        bo1_0.created_at,
        bo1_0.date,
        bo1_0.order_no,
        bo1_0.original_price,
        bo1_0.payment_method,
        bo1_0.payment_order_id,
        bo1_0.payment_status,
        bo1_0.payment_time,
        bo1_0.price,
        bo1_0.seat_name,
        bo1_0.status,
        bo1_0.time_slot,
        bo1_0.updated_at,
        bo1_0.user_id 
    from
        booking_orders bo1_0 
    where
        bo1_0.status=?
