2026-01-16 00:03:45.672 - 
    select
        mp1_0.id,
        mp1_0.avg_price_per_time,
        mp1_0.badge,
        mp1_0.category,
        mp1_0.code,
        mp1_0.description,
        mp1_0.features,
        mp1_0.is_active,
        mp1_0.name,
        mp1_0.people,
        mp1_0.price,
        mp1_0.sort_order,
        mp1_0.times_per_person,
        mp1_0.validity_days 
    from
        member_packages mp1_0 
    where
        mp1_0.code=?
2026-01-16 00:03:45.693 - 
    select
        mp1_0.id,
        mp1_0.avg_price_per_time,
        mp1_0.badge,
        mp1_0.category,
        mp1_0.code,
        mp1_0.description,
        mp1_0.features,
        mp1_0.is_active,
        mp1_0.name,
        mp1_0.people,
        mp1_0.price,
        mp1_0.sort_order,
        mp1_0.times_per_person,
        mp1_0.validity_days 
    from
        member_packages mp1_0 
    where
        mp1_0.code=?
2026-01-16 00:03:45.694 - 
    select
        mp1_0.id,
        mp1_0.avg_price_per_time,
        mp1_0.badge,
        mp1_0.category,
        mp1_0.code,
        mp1_0.description,
        mp1_0.features,
        mp1_0.is_active,
        mp1_0.name,
        mp1_0.people,
        mp1_0.price,
        mp1_0.sort_order,
        mp1_0.times_per_person,
        mp1_0.validity_days 
    from
        member_packages mp1_0 
    where
        mp1_0.code=?
2026-01-16 00:03:45.695 - 
    select
        mp1_0.id,
        mp1_0.avg_price_per_time,
        mp1_0.badge,
        mp1_0.category,
        mp1_0.code,
        mp1_0.description,
        mp1_0.features,
        mp1_0.is_active,
        mp1_0.name,
        mp1_0.people,
        mp1_0.price,
        mp1_0.sort_order,
        mp1_0.times_per_person,
        mp1_0.validity_days 
    from
        member_packages mp1_0 
    where
        mp1_0.code=?
2026-01-16 00:03:45.696 - 
    select
        mp1_0.id,
        mp1_0.avg_price_per_time,
        mp1_0.badge,
        mp1_0.category,
        mp1_0.code,
        mp1_0.description,
        mp1_0.features,
        mp1_0.is_active,
        mp1_0.name,
        mp1_0.people,
        mp1_0.price,
        mp1_0.sort_order,
        mp1_0.times_per_person,
        mp1_0.validity_days 
    from
        member_packages mp1_0 
    where
        mp1_0.code=?
2026-01-16 00:03:45.697 - 
    select
        mp1_0.id,
        mp1_0.avg_price_per_time,
        mp1_0.badge,
        mp1_0.category,
        mp1_0.code,
        mp1_0.description,
        mp1_0.features,
        mp1_0.is_active,
        mp1_0.name,
        mp1_0.people,
        mp1_0.price,
        mp1_0.sort_order,
        mp1_0.times_per_person,
        mp1_0.validity_days 
    from
        member_packages mp1_0 
    where
        mp1_0.code=?
2026-01-16 00:03:45.699 - 
    select
        mp1_0.id,
        mp1_0.avg_price_per_time,
        mp1_0.badge,
        mp1_0.category,
        mp1_0.code,
        mp1_0.description,
        mp1_0.features,
        mp1_0.is_active,
        mp1_0.name,
        mp1_0.people,
        mp1_0.price,
        mp1_0.sort_order,
        mp1_0.times_per_person,
        mp1_0.validity_days 
    from
        member_packages mp1_0 
    where
        mp1_0.code=?
2026-01-16 00:03:45.700 - 
    select
        mp1_0.id,
        mp1_0.avg_price_per_time,
        mp1_0.badge,
        mp1_0.category,
        mp1_0.code,
        mp1_0.description,
        mp1_0.features,
        mp1_0.is_active,
        mp1_0.name,
        mp1_0.people,
        mp1_0.price,
        mp1_0.sort_order,
        mp1_0.times_per_person,
        mp1_0.validity_days 
    from
        member_packages mp1_0 
    where
        mp1_0.code=?
2026-01-16 00:03:45.701 - 
    select
        mp1_0.id,
        mp1_0.avg_price_per_time,
        mp1_0.badge,
        mp1_0.category,
        mp1_0.code,
        mp1_0.description,
        mp1_0.features,
        mp1_0.is_active,
        mp1_0.name,
        mp1_0.people,
        mp1_0.price,
        mp1_0.sort_order,
        mp1_0.times_per_person,
        mp1_0.validity_days 
    from
        member_packages mp1_0 
    where
        mp1_0.code=?
2026-01-16 00:03:45.702 - 
    select
        mp1_0.id,
        mp1_0.avg_price_per_time,
        mp1_0.badge,
        mp1_0.category,
        mp1_0.code,
        mp1_0.description,
        mp1_0.features,
        mp1_0.is_active,
        mp1_0.name,
        mp1_0.people,
        mp1_0.price,
        mp1_0.sort_order,
        mp1_0.times_per_person,
        mp1_0.validity_days 
    from
        member_packages mp1_0 
    where
        mp1_0.code=?
2026-01-16 00:04:09.758 - 
    select
        mp1_0.id,
        mp1_0.avg_price_per_time,
        mp1_0.badge,
        mp1_0.category,
        mp1_0.code,
        mp1_0.description,
        mp1_0.features,
        mp1_0.is_active,
        mp1_0.name,
        mp1_0.people,
        mp1_0.price,
        mp1_0.sort_order,
        mp1_0.times_per_person,
        mp1_0.validity_days 
    from
        member_packages mp1_0 
    where
        mp1_0.is_active 
    order by
        mp1_0.sort_order
2026-01-16 00:04:32.882 - 
    select
        mp1_0.id,
        mp1_0.avg_price_per_time,
        mp1_0.badge,
        mp1_0.category,
        mp1_0.code,
        mp1_0.description,
        mp1_0.features,
        mp1_0.is_active,
        mp1_0.name,
        mp1_0.people,
        mp1_0.price,
        mp1_0.sort_order,
        mp1_0.times_per_person,
        mp1_0.validity_days 
    from
        member_packages mp1_0 
    where
        mp1_0.is_active 
    order by
        mp1_0.sort_order
2026-01-16 00:04:37.681 - 
    select
        po1_0.id,
        po1_0.card_end_date,
        po1_0.card_start_date,
        po1_0.card_status,
        po1_0.created_at,
        po1_0.order_no,
        po1_0.package_id,
        po1_0.package_name,
        po1_0.payment_method,
        po1_0.payment_time,
        po1_0.price,
        po1_0.remaining_times,
        po1_0.status,
        po1_0.transaction_type,
        po1_0.updated_at,
        po1_0.user_id 
    from
        payment_orders po1_0 
    where
        po1_0.user_id=?
2026-01-16 00:04:37.681 - 
    select
        po1_0.id,
        po1_0.card_end_date,
        po1_0.card_start_date,
        po1_0.card_status,
        po1_0.created_at,
        po1_0.order_no,
        po1_0.package_id,
        po1_0.package_name,
        po1_0.payment_method,
        po1_0.payment_time,
        po1_0.price,
        po1_0.remaining_times,
        po1_0.status,
        po1_0.transaction_type,
        po1_0.updated_at,
        po1_0.user_id 
    from
        payment_orders po1_0 
    where
        po1_0.user_id=?
2026-01-16 00:04:37.695 - 
    select
        u1_0.id,
        u1_0.avatar_url,
        u1_0.created_at,
        u1_0.last_login_time,
        u1_0.member_expire_time,
        u1_0.member_level,
        u1_0.nickname,
        u1_0.openid,
        u1_0.phone,
        u1_0.points,
        u1_0.remaining_visits,
        u1_0.role,
        u1_0.total_visits,
        u1_0.updated_at 
    from
        users u1_0 
    where
        u1_0.id=?
2026-01-16 00:04:37.695 - 
    select
        u1_0.id,
        u1_0.avatar_url,
        u1_0.created_at,
        u1_0.last_login_time,
        u1_0.member_expire_time,
        u1_0.member_level,
        u1_0.nickname,
        u1_0.openid,
        u1_0.phone,
        u1_0.points,
        u1_0.remaining_visits,
        u1_0.role,
        u1_0.total_visits,
        u1_0.updated_at 
    from
        users u1_0 
    where
        u1_0.id=?
2026-01-16 00:04:37.695 - 
    select
        u1_0.id,
        u1_0.avatar_url,
        u1_0.created_at,
        u1_0.last_login_time,
        u1_0.member_expire_time,
        u1_0.member_level,
        u1_0.nickname,
        u1_0.openid,
        u1_0.phone,
        u1_0.points,
        u1_0.remaining_visits,
        u1_0.role,
        u1_0.total_visits,
        u1_0.updated_at 
    from
        users u1_0 
    where
        u1_0.id=?
2026-01-16 00:04:37.695 - 
    select
        u1_0.id,
        u1_0.avatar_url,
        u1_0.created_at,
        u1_0.last_login_time,
        u1_0.member_expire_time,
        u1_0.member_level,
        u1_0.nickname,
        u1_0.openid,
        u1_0.phone,
        u1_0.points,
        u1_0.remaining_visits,
        u1_0.role,
        u1_0.total_visits,
        u1_0.updated_at 
    from
        users u1_0 
    where
        u1_0.id=?
2026-01-16 00:04:37.703 - 
    select
        bo1_0.id,
        bo1_0.cabin_name,
        bo1_0.consume_time,
        bo1_0.created_at,
        bo1_0.date,
        bo1_0.order_no,
        bo1_0.original_price,
        bo1_0.payment_method,
        bo1_0.payment_order_id,
        bo1_0.payment_status,
        bo1_0.payment_time,
        bo1_0.price,
        bo1_0.seat_name,
        bo1_0.status,
        bo1_0.time_slot,
        bo1_0.updated_at,
        bo1_0.user_id 
    from
        booking_orders bo1_0 
    where
        bo1_0.user_id=? 
    order by
        bo1_0.created_at desc
2026-01-16 00:04:37.703 - 
    select
        bo1_0.id,
        bo1_0.cabin_name,
        bo1_0.consume_time,
        bo1_0.created_at,
        bo1_0.date,
        bo1_0.order_no,
        bo1_0.original_price,
        bo1_0.payment_method,
        bo1_0.payment_order_id,
        bo1_0.payment_status,
        bo1_0.payment_time,
        bo1_0.price,
        bo1_0.seat_name,
        bo1_0.status,
        bo1_0.time_slot,
        bo1_0.updated_at,
        bo1_0.user_id 
    from
        booking_orders bo1_0 
    where
        bo1_0.user_id=? 
    order by
        bo1_0.created_at desc
2026-01-16 00:04:37.703 - 
    select
        po1_0.id,
        po1_0.card_end_date,
        po1_0.card_start_date,
        po1_0.card_status,
        po1_0.created_at,
        po1_0.order_no,
        po1_0.package_id,
        po1_0.package_name,
        po1_0.payment_method,
        po1_0.payment_time,
        po1_0.price,
        po1_0.remaining_times,
        po1_0.status,
        po1_0.transaction_type,
        po1_0.updated_at,
        po1_0.user_id 
    from
        payment_orders po1_0 
    where
        po1_0.user_id=? 
        and po1_0.status=?
2026-01-16 00:04:37.703 - 
    select
        po1_0.id,
        po1_0.card_end_date,
        po1_0.card_start_date,
        po1_0.card_status,
        po1_0.created_at,
        po1_0.order_no,
        po1_0.package_id,
        po1_0.package_name,
        po1_0.payment_method,
        po1_0.payment_time,
        po1_0.price,
        po1_0.remaining_times,
        po1_0.status,
        po1_0.transaction_type,
        po1_0.updated_at,
        po1_0.user_id 
    from
        payment_orders po1_0 
    where
        po1_0.user_id=? 
        and po1_0.status=?
2026-01-16 00:04:56.139 - 
    select
        u1_0.id,
        u1_0.avatar_url,
        u1_0.created_at,
        u1_0.last_login_time,
        u1_0.member_expire_time,
        u1_0.member_level,
        u1_0.nickname,
        u1_0.openid,
        u1_0.phone,
        u1_0.points,
        u1_0.remaining_visits,
        u1_0.role,
        u1_0.total_visits,
        u1_0.updated_at 
    from
        users u1_0 
    where
        u1_0.openid=?
2026-01-16 00:04:56.154 - 
    insert 
    into
        users
        (avatar_url, created_at, last_login_time, member_expire_time, member_level, nickname, openid, phone, points, remaining_visits, role, total_visits, updated_at) 
    values
        (?, ?, ?, ?, ?, ?, ?, ?, ?, ?, ?, ?, ?)
2026-01-16 00:04:57.853 - 
    select
        mp1_0.id,
        mp1_0.avg_price_per_time,
        mp1_0.badge,
        mp1_0.category,
        mp1_0.code,
        mp1_0.description,
        mp1_0.features,
        mp1_0.is_active,
        mp1_0.name,
        mp1_0.people,
        mp1_0.price,
        mp1_0.sort_order,
        mp1_0.times_per_person,
        mp1_0.validity_days 
    from
        member_packages mp1_0 
    where
        mp1_0.is_active 
    order by
        mp1_0.sort_order
2026-01-16 00:05:00.963 - 
    select
        po1_0.id,
        po1_0.card_end_date,
        po1_0.card_start_date,
        po1_0.card_status,
        po1_0.created_at,
        po1_0.order_no,
        po1_0.package_id,
        po1_0.package_name,
        po1_0.payment_method,
        po1_0.payment_time,
        po1_0.price,
        po1_0.remaining_times,
        po1_0.status,
        po1_0.transaction_type,
        po1_0.updated_at,
        po1_0.user_id 
    from
        payment_orders po1_0 
    where
        po1_0.user_id=?
2026-01-16 00:05:00.963 - 
    select
        po1_0.id,
        po1_0.card_end_date,
        po1_0.card_start_date,
        po1_0.card_status,
        po1_0.created_at,
        po1_0.order_no,
        po1_0.package_id,
        po1_0.package_name,
        po1_0.payment_method,
        po1_0.payment_time,
        po1_0.price,
        po1_0.remaining_times,
        po1_0.status,
        po1_0.transaction_type,
        po1_0.updated_at,
        po1_0.user_id 
    from
        payment_orders po1_0 
    where
        po1_0.user_id=?
2026-01-16 00:05:00.964 - 
    select
        u1_0.id,
        u1_0.avatar_url,
        u1_0.created_at,
        u1_0.last_login_time,
        u1_0.member_expire_time,
        u1_0.member_level,
        u1_0.nickname,
        u1_0.openid,
        u1_0.phone,
        u1_0.points,
        u1_0.remaining_visits,
        u1_0.role,
        u1_0.total_visits,
        u1_0.updated_at 
    from
        users u1_0 
    where
        u1_0.id=?
2026-01-16 00:05:00.964 - 
    select
        u1_0.id,
        u1_0.avatar_url,
        u1_0.created_at,
        u1_0.last_login_time,
        u1_0.member_expire_time,
        u1_0.member_level,
        u1_0.nickname,
        u1_0.openid,
        u1_0.phone,
        u1_0.points,
        u1_0.remaining_visits,
        u1_0.role,
        u1_0.total_visits,
        u1_0.updated_at 
    from
        users u1_0 
    where
        u1_0.id=?
2026-01-16 00:05:00.964 - 
    select
        u1_0.id,
        u1_0.avatar_url,
        u1_0.created_at,
        u1_0.last_login_time,
        u1_0.member_expire_time,
        u1_0.member_level,
        u1_0.nickname,
        u1_0.openid,
        u1_0.phone,
        u1_0.points,
        u1_0.remaining_visits,
        u1_0.role,
        u1_0.total_visits,
        u1_0.updated_at 
    from
        users u1_0 
    where
        u1_0.id=?
2026-01-16 00:05:00.964 - 
    select
        u1_0.id,
        u1_0.avatar_url,
        u1_0.created_at,
        u1_0.last_login_time,
        u1_0.member_expire_time,
        u1_0.member_level,
        u1_0.nickname,
        u1_0.openid,
        u1_0.phone,
        u1_0.points,
        u1_0.remaining_visits,
        u1_0.role,
        u1_0.total_visits,
        u1_0.updated_at 
    from
        users u1_0 
    where
        u1_0.id=?
2026-01-16 00:05:00.966 - 
    select
        bo1_0.id,
        bo1_0.cabin_name,
        bo1_0.consume_time,
        bo1_0.created_at,
        bo1_0.date,
        bo1_0.order_no,
        bo1_0.original_price,
        bo1_0.payment_method,
        bo1_0.payment_order_id,
        bo1_0.payment_status,
        bo1_0.payment_time,
        bo1_0.price,
        bo1_0.seat_name,
        bo1_0.status,
        bo1_0.time_slot,
        bo1_0.updated_at,
        bo1_0.user_id 
    from
        booking_orders bo1_0 
    where
        bo1_0.user_id=? 
    order by
        bo1_0.created_at desc
2026-01-16 00:05:00.966 - 
    select
        po1_0.id,
        po1_0.card_end_date,
        po1_0.card_start_date,
        po1_0.card_status,
        po1_0.created_at,
        po1_0.order_no,
        po1_0.package_id,
        po1_0.package_name,
        po1_0.payment_method,
        po1_0.payment_time,
        po1_0.price,
        po1_0.remaining_times,
        po1_0.status,
        po1_0.transaction_type,
        po1_0.updated_at,
        po1_0.user_id 
    from
        payment_orders po1_0 
    where
        po1_0.user_id=? 
        and po1_0.status=?
2026-01-16 00:05:00.966 - 
    select
        po1_0.id,
        po1_0.card_end_date,
        po1_0.card_start_date,
        po1_0.card_status,
        po1_0.created_at,
        po1_0.order_no,
        po1_0.package_id,
        po1_0.package_name,
        po1_0.payment_method,
        po1_0.payment_time,
        po1_0.price,
        po1_0.remaining_times,
        po1_0.status,
        po1_0.transaction_type,
        po1_0.updated_at,
        po1_0.user_id 
    from
        payment_orders po1_0 
    where
        po1_0.user_id=? 
        and po1_0.status=?
2026-01-16 00:05:00.967 - 
    select
        bo1_0.id,
        bo1_0.cabin_name,
        bo1_0.consume_time,
        bo1_0.created_at,
        bo1_0.date,
        bo1_0.order_no,
        bo1_0.original_price,
        bo1_0.payment_method,
        bo1_0.payment_order_id,
        bo1_0.payment_status,
        bo1_0.payment_time,
        bo1_0.price,
        bo1_0.seat_name,
        bo1_0.status,
        bo1_0.time_slot,
        bo1_0.updated_at,
        bo1_0.user_id 
    from
        booking_orders bo1_0 
    where
        bo1_0.user_id=? 
    order by
        bo1_0.created_at desc
2026-01-16 00:05:39.238 - 
    select
        u1_0.id,
        u1_0.avatar_url,
        u1_0.created_at,
        u1_0.last_login_time,
        u1_0.member_expire_time,
        u1_0.member_level,
        u1_0.nickname,
        u1_0.openid,
        u1_0.phone,
        u1_0.points,
        u1_0.remaining_visits,
        u1_0.role,
        u1_0.total_visits,
        u1_0.updated_at 
    from
        users u1_0 
    where
        u1_0.id=?
2026-01-16 00:05:39.238 - 
    select
        u1_0.id,
        u1_0.avatar_url,
        u1_0.created_at,
        u1_0.last_login_time,
        u1_0.member_expire_time,
        u1_0.member_level,
        u1_0.nickname,
        u1_0.openid,
        u1_0.phone,
        u1_0.points,
        u1_0.remaining_visits,
        u1_0.role,
        u1_0.total_visits,
        u1_0.updated_at 
    from
        users u1_0 
    where
        u1_0.id=?
2026-01-16 00:05:39.239 - 
    select
        po1_0.id,
        po1_0.card_end_date,
        po1_0.card_start_date,
        po1_0.card_status,
        po1_0.created_at,
        po1_0.order_no,
        po1_0.package_id,
        po1_0.package_name,
        po1_0.payment_method,
        po1_0.payment_time,
        po1_0.price,
        po1_0.remaining_times,
        po1_0.status,
        po1_0.transaction_type,
        po1_0.updated_at,
        po1_0.user_id 
    from
        payment_orders po1_0 
    where
        po1_0.user_id=?
2026-01-16 00:05:39.244 - 
    select
        bo1_0.id,
        bo1_0.cabin_name,
        bo1_0.consume_time,
        bo1_0.created_at,
        bo1_0.date,
        bo1_0.order_no,
        bo1_0.original_price,
        bo1_0.payment_method,
        bo1_0.payment_order_id,
        bo1_0.payment_status,
        bo1_0.payment_time,
        bo1_0.price,
        bo1_0.seat_name,
        bo1_0.status,
        bo1_0.time_slot,
        bo1_0.updated_at,
        bo1_0.user_id 
    from
        booking_orders bo1_0 
    where
        bo1_0.user_id=? 
    order by
        bo1_0.created_at desc
2026-01-16 00:05:39.244 - 
    select
        po1_0.id,
        po1_0.card_end_date,
        po1_0.card_start_date,
        po1_0.card_status,
        po1_0.created_at,
        po1_0.order_no,
        po1_0.package_id,
        po1_0.package_name,
        po1_0.payment_method,
        po1_0.payment_time,
        po1_0.price,
        po1_0.remaining_times,
        po1_0.status,
        po1_0.transaction_type,
        po1_0.updated_at,
        po1_0.user_id 
    from
        payment_orders po1_0 
    where
        po1_0.user_id=? 
        and po1_0.status=?
2026-01-16 00:08:03.589 - 
    select
        mp1_0.id,
        mp1_0.avg_price_per_time,
        mp1_0.badge,
        mp1_0.category,
        mp1_0.code,
        mp1_0.description,
        mp1_0.features,
        mp1_0.is_active,
        mp1_0.name,
        mp1_0.people,
        mp1_0.price,
        mp1_0.sort_order,
        mp1_0.times_per_person,
        mp1_0.validity_days 
    from
        member_packages mp1_0 
    where
        mp1_0.is_active 
    order by
        mp1_0.sort_order
2026-01-16 00:08:03.902 - 
    select
        mp1_0.id,
        mp1_0.avg_price_per_time,
        mp1_0.badge,
        mp1_0.category,
        mp1_0.code,
        mp1_0.description,
        mp1_0.features,
        mp1_0.is_active,
        mp1_0.name,
        mp1_0.people,
        mp1_0.price,
        mp1_0.sort_order,
        mp1_0.times_per_person,
        mp1_0.validity_days 
    from
        member_packages mp1_0 
    where
        mp1_0.is_active 
    order by
        mp1_0.sort_order
2026-01-16 00:08:05.357 - 
    select
        mp1_0.id,
        mp1_0.avg_price_per_time,
        mp1_0.badge,
        mp1_0.category,
        mp1_0.code,
        mp1_0.description,
        mp1_0.features,
        mp1_0.is_active,
        mp1_0.name,
        mp1_0.people,
        mp1_0.price,
        mp1_0.sort_order,
        mp1_0.times_per_person,
        mp1_0.validity_days 
    from
        member_packages mp1_0 
    where
        mp1_0.category=? 
        and mp1_0.is_active 
    order by
        mp1_0.sort_order
2026-01-16 00:08:05.357 - 
    select
        mp1_0.id,
        mp1_0.avg_price_per_time,
        mp1_0.badge,
        mp1_0.category,
        mp1_0.code,
        mp1_0.description,
        mp1_0.features,
        mp1_0.is_active,
        mp1_0.name,
        mp1_0.people,
        mp1_0.price,
        mp1_0.sort_order,
        mp1_0.times_per_person,
        mp1_0.validity_days 
    from
        member_packages mp1_0 
    where
        mp1_0.category=? 
        and mp1_0.is_active 
    order by
        mp1_0.sort_order
2026-01-16 00:08:06.555 - 
    select
        po1_0.id,
        po1_0.card_end_date,
        po1_0.card_start_date,
        po1_0.card_status,
        po1_0.created_at,
        po1_0.order_no,
        po1_0.package_id,
        po1_0.package_name,
        po1_0.payment_method,
        po1_0.payment_time,
        po1_0.price,
        po1_0.remaining_times,
        po1_0.status,
        po1_0.transaction_type,
        po1_0.updated_at,
        po1_0.user_id 
    from
        payment_orders po1_0 
    where
        po1_0.user_id=?
2026-01-16 00:08:06.556 - 
    select
        po1_0.id,
        po1_0.card_end_date,
        po1_0.card_start_date,
        po1_0.card_status,
        po1_0.created_at,
        po1_0.order_no,
        po1_0.package_id,
        po1_0.package_name,
        po1_0.payment_method,
        po1_0.payment_time,
        po1_0.price,
        po1_0.remaining_times,
        po1_0.status,
        po1_0.transaction_type,
        po1_0.updated_at,
        po1_0.user_id 
    from
        payment_orders po1_0 
    where
        po1_0.user_id=?
2026-01-16 00:08:07.584 - 
    select
        po1_0.id,
        po1_0.card_end_date,
        po1_0.card_start_date,
        po1_0.card_status,
        po1_0.created_at,
        po1_0.order_no,
        po1_0.package_id,
        po1_0.package_name,
        po1_0.payment_method,
        po1_0.payment_time,
        po1_0.price,
        po1_0.remaining_times,
        po1_0.status,
        po1_0.transaction_type,
        po1_0.updated_at,
        po1_0.user_id 
    from
        payment_orders po1_0 
    where
        po1_0.user_id=?
2026-01-16 00:08:07.586 - 
    select
        u1_0.id,
        u1_0.avatar_url,
        u1_0.created_at,
        u1_0.last_login_time,
        u1_0.member_expire_time,
        u1_0.member_level,
        u1_0.nickname,
        u1_0.openid,
        u1_0.phone,
        u1_0.points,
        u1_0.remaining_visits,
        u1_0.role,
        u1_0.total_visits,
        u1_0.updated_at 
    from
        users u1_0 
    where
        u1_0.id=?
2026-01-16 00:08:07.596 - 
    select
        po1_0.id,
        po1_0.card_end_date,
        po1_0.card_start_date,
        po1_0.card_status,
        po1_0.created_at,
        po1_0.order_no,
        po1_0.package_id,
        po1_0.package_name,
        po1_0.payment_method,
        po1_0.payment_time,
        po1_0.price,
        po1_0.remaining_times,
        po1_0.status,
        po1_0.transaction_type,
        po1_0.updated_at,
        po1_0.user_id 
    from
        payment_orders po1_0 
    where
        po1_0.user_id=? 
        and po1_0.status=?
2026-01-16 00:08:07.598 - 
    select
        u1_0.id,
        u1_0.avatar_url,
        u1_0.created_at,
        u1_0.last_login_time,
        u1_0.member_expire_time,
        u1_0.member_level,
        u1_0.nickname,
        u1_0.openid,
        u1_0.phone,
        u1_0.points,
        u1_0.remaining_visits,
        u1_0.role,
        u1_0.total_visits,
        u1_0.updated_at 
    from
        users u1_0 
    where
        u1_0.id=?
2026-01-16 00:08:07.607 - 
    select
        bo1_0.id,
        bo1_0.cabin_name,
        bo1_0.consume_time,
        bo1_0.created_at,
        bo1_0.date,
        bo1_0.order_no,
        bo1_0.original_price,
        bo1_0.payment_method,
        bo1_0.payment_order_id,
        bo1_0.payment_status,
        bo1_0.payment_time,
        bo1_0.price,
        bo1_0.seat_name,
        bo1_0.status,
        bo1_0.time_slot,
        bo1_0.updated_at,
        bo1_0.user_id 
    from
        booking_orders bo1_0 
    where
        bo1_0.user_id=? 
    order by
        bo1_0.created_at desc
2026-01-16 00:08:07.607 - 
    select
        u1_0.id,
        u1_0.avatar_url,
        u1_0.created_at,
        u1_0.last_login_time,
        u1_0.member_expire_time,
        u1_0.member_level,
        u1_0.nickname,
        u1_0.openid,
        u1_0.phone,
        u1_0.points,
        u1_0.remaining_visits,
        u1_0.role,
        u1_0.total_visits,
        u1_0.updated_at 
    from
        users u1_0 
    where
        u1_0.id=?
2026-01-16 00:08:07.609 - 
    select
        u1_0.id,
        u1_0.avatar_url,
        u1_0.created_at,
        u1_0.last_login_time,
        u1_0.member_expire_time,
        u1_0.member_level,
        u1_0.nickname,
        u1_0.openid,
        u1_0.phone,
        u1_0.points,
        u1_0.remaining_visits,
        u1_0.role,
        u1_0.total_visits,
        u1_0.updated_at 
    from
        users u1_0 
    where
        u1_0.id=?
2026-01-16 00:08:07.611 - 
    select
        po1_0.id,
        po1_0.card_end_date,
        po1_0.card_start_date,
        po1_0.card_status,
        po1_0.created_at,
        po1_0.order_no,
        po1_0.package_id,
        po1_0.package_name,
        po1_0.payment_method,
        po1_0.payment_time,
        po1_0.price,
        po1_0.remaining_times,
        po1_0.status,
        po1_0.transaction_type,
        po1_0.updated_at,
        po1_0.user_id 
    from
        payment_orders po1_0 
    where
        po1_0.user_id=?
2026-01-16 00:08:07.613 - 
    select
        po1_0.id,
        po1_0.card_end_date,
        po1_0.card_start_date,
        po1_0.card_status,
        po1_0.created_at,
        po1_0.order_no,
        po1_0.package_id,
        po1_0.package_name,
        po1_0.payment_method,
        po1_0.payment_time,
        po1_0.price,
        po1_0.remaining_times,
        po1_0.status,
        po1_0.transaction_type,
        po1_0.updated_at,
        po1_0.user_id 
    from
        payment_orders po1_0 
    where
        po1_0.user_id=? 
        and po1_0.status=?
2026-01-16 00:08:07.613 - 
    select
        bo1_0.id,
        bo1_0.cabin_name,
        bo1_0.consume_time,
        bo1_0.created_at,
        bo1_0.date,
        bo1_0.order_no,
        bo1_0.original_price,
        bo1_0.payment_method,
        bo1_0.payment_order_id,
        bo1_0.payment_status,
        bo1_0.payment_time,
        bo1_0.price,
        bo1_0.seat_name,
        bo1_0.status,
        bo1_0.time_slot,
        bo1_0.updated_at,
        bo1_0.user_id 
    from
        booking_orders bo1_0 
    where
        bo1_0.user_id=? 
    order by
        bo1_0.created_at desc
2026-01-16 00:08:08.251 - 
    select
        mp1_0.id,
        mp1_0.avg_price_per_time,
        mp1_0.badge,
        mp1_0.category,
        mp1_0.code,
        mp1_0.description,
        mp1_0.features,
        mp1_0.is_active,
        mp1_0.name,
        mp1_0.people,
        mp1_0.price,
        mp1_0.sort_order,
        mp1_0.times_per_person,
        mp1_0.validity_days 
    from
        member_packages mp1_0 
    where
        mp1_0.is_active 
    order by
        mp1_0.sort_order
2026-01-16 00:08:29.693 - 
    select
        mp1_0.id,
        mp1_0.avg_price_per_time,
        mp1_0.badge,
        mp1_0.category,
        mp1_0.code,
        mp1_0.description,
        mp1_0.features,
        mp1_0.is_active,
        mp1_0.name,
        mp1_0.people,
        mp1_0.price,
        mp1_0.sort_order,
        mp1_0.times_per_person,
        mp1_0.validity_days 
    from
        member_packages mp1_0 
    where
        mp1_0.is_active 
    order by
        mp1_0.sort_order
2026-01-16 00:27:38.392 - 
    select
        mp1_0.id,
        mp1_0.avg_price_per_time,
        mp1_0.badge,
        mp1_0.category,
        mp1_0.code,
        mp1_0.description,
        mp1_0.features,
        mp1_0.is_active,
        mp1_0.name,
        mp1_0.people,
        mp1_0.price,
        mp1_0.sort_order,
        mp1_0.times_per_person,
        mp1_0.validity_days 
    from
        member_packages mp1_0 
    where
        mp1_0.is_active 
    order by
        mp1_0.sort_order
2026-01-16 00:29:20.970 - 
    select
        mp1_0.id,
        mp1_0.avg_price_per_time,
        mp1_0.badge,
        mp1_0.category,
        mp1_0.code,
        mp1_0.description,
        mp1_0.features,
        mp1_0.is_active,
        mp1_0.name,
        mp1_0.people,
        mp1_0.price,
        mp1_0.sort_order,
        mp1_0.times_per_person,
        mp1_0.validity_days 
    from
        member_packages mp1_0 
    where
        mp1_0.is_active 
    order by
        mp1_0.sort_order
2026-01-16 00:31:20.681 - 
    select
        mp1_0.id,
        mp1_0.avg_price_per_time,
        mp1_0.badge,
        mp1_0.category,
        mp1_0.code,
        mp1_0.description,
        mp1_0.features,
        mp1_0.is_active,
        mp1_0.name,
        mp1_0.people,
        mp1_0.price,
        mp1_0.sort_order,
        mp1_0.times_per_person,
        mp1_0.validity_days 
    from
        member_packages mp1_0 
    where
        mp1_0.code=?
2026-01-16 00:31:20.706 - 
    select
        mp1_0.id,
        mp1_0.avg_price_per_time,
        mp1_0.badge,
        mp1_0.category,
        mp1_0.code,
        mp1_0.description,
        mp1_0.features,
        mp1_0.is_active,
        mp1_0.name,
        mp1_0.people,
        mp1_0.price,
        mp1_0.sort_order,
        mp1_0.times_per_person,
        mp1_0.validity_days 
    from
        member_packages mp1_0 
    where
        mp1_0.code=?
2026-01-16 00:31:20.709 - 
    select
        mp1_0.id,
        mp1_0.avg_price_per_time,
        mp1_0.badge,
        mp1_0.category,
        mp1_0.code,
        mp1_0.description,
        mp1_0.features,
        mp1_0.is_active,
        mp1_0.name,
        mp1_0.people,
        mp1_0.price,
        mp1_0.sort_order,
        mp1_0.times_per_person,
        mp1_0.validity_days 
    from
        member_packages mp1_0 
    where
        mp1_0.code=?
2026-01-16 00:31:20.711 - 
    select
        mp1_0.id,
        mp1_0.avg_price_per_time,
        mp1_0.badge,
        mp1_0.category,
        mp1_0.code,
        mp1_0.description,
        mp1_0.features,
        mp1_0.is_active,
        mp1_0.name,
        mp1_0.people,
        mp1_0.price,
        mp1_0.sort_order,
        mp1_0.times_per_person,
        mp1_0.validity_days 
    from
        member_packages mp1_0 
    where
        mp1_0.code=?
2026-01-16 00:31:20.714 - 
    select
        mp1_0.id,
        mp1_0.avg_price_per_time,
        mp1_0.badge,
        mp1_0.category,
        mp1_0.code,
        mp1_0.description,
        mp1_0.features,
        mp1_0.is_active,
        mp1_0.name,
        mp1_0.people,
        mp1_0.price,
        mp1_0.sort_order,
        mp1_0.times_per_person,
        mp1_0.validity_days 
    from
        member_packages mp1_0 
    where
        mp1_0.code=?
2026-01-16 00:31:20.717 - 
    select
        mp1_0.id,
        mp1_0.avg_price_per_time,
        mp1_0.badge,
        mp1_0.category,
        mp1_0.code,
        mp1_0.description,
        mp1_0.features,
        mp1_0.is_active,
        mp1_0.name,
        mp1_0.people,
        mp1_0.price,
        mp1_0.sort_order,
        mp1_0.times_per_person,
        mp1_0.validity_days 
    from
        member_packages mp1_0 
    where
        mp1_0.code=?
2026-01-16 00:31:20.719 - 
    select
        mp1_0.id,
        mp1_0.avg_price_per_time,
        mp1_0.badge,
        mp1_0.category,
        mp1_0.code,
        mp1_0.description,
        mp1_0.features,
        mp1_0.is_active,
        mp1_0.name,
        mp1_0.people,
        mp1_0.price,
        mp1_0.sort_order,
        mp1_0.times_per_person,
        mp1_0.validity_days 
    from
        member_packages mp1_0 
    where
        mp1_0.code=?
2026-01-16 00:31:20.721 - 
    select
        mp1_0.id,
        mp1_0.avg_price_per_time,
        mp1_0.badge,
        mp1_0.category,
        mp1_0.code,
        mp1_0.description,
        mp1_0.features,
        mp1_0.is_active,
        mp1_0.name,
        mp1_0.people,
        mp1_0.price,
        mp1_0.sort_order,
        mp1_0.times_per_person,
        mp1_0.validity_days 
    from
        member_packages mp1_0 
    where
        mp1_0.code=?
2026-01-16 00:31:20.723 - 
    select
        mp1_0.id,
        mp1_0.avg_price_per_time,
        mp1_0.badge,
        mp1_0.category,
        mp1_0.code,
        mp1_0.description,
        mp1_0.features,
        mp1_0.is_active,
        mp1_0.name,
        mp1_0.people,
        mp1_0.price,
        mp1_0.sort_order,
        mp1_0.times_per_person,
        mp1_0.validity_days 
    from
        member_packages mp1_0 
    where
        mp1_0.code=?
2026-01-16 00:31:20.726 - 
    select
        mp1_0.id,
        mp1_0.avg_price_per_time,
        mp1_0.badge,
        mp1_0.category,
        mp1_0.code,
        mp1_0.description,
        mp1_0.features,
        mp1_0.is_active,
        mp1_0.name,
        mp1_0.people,
        mp1_0.price,
        mp1_0.sort_order,
        mp1_0.times_per_person,
        mp1_0.validity_days 
    from
        member_packages mp1_0 
    where
        mp1_0.code=?
2026-01-16 00:31:38.576 - 
    select
        mp1_0.id,
        mp1_0.avg_price_per_time,
        mp1_0.badge,
        mp1_0.category,
        mp1_0.code,
        mp1_0.description,
        mp1_0.features,
        mp1_0.is_active,
        mp1_0.name,
        mp1_0.people,
        mp1_0.price,
        mp1_0.sort_order,
        mp1_0.times_per_person,
        mp1_0.validity_days 
    from
        member_packages mp1_0 
    where
        mp1_0.is_active 
    order by
        mp1_0.sort_order
2026-01-16 00:31:51.746 - 
    select
        mp1_0.id,
        mp1_0.avg_price_per_time,
        mp1_0.badge,
        mp1_0.category,
        mp1_0.code,
        mp1_0.description,
        mp1_0.features,
        mp1_0.is_active,
        mp1_0.name,
        mp1_0.people,
        mp1_0.price,
        mp1_0.sort_order,
        mp1_0.times_per_person,
        mp1_0.validity_days 
    from
        member_packages mp1_0 
    where
        mp1_0.is_active 
    order by
        mp1_0.sort_order
2026-01-16 00:31:53.897 - 
    select
        po1_0.id,
        po1_0.card_end_date,
        po1_0.card_start_date,
        po1_0.card_status,
        po1_0.created_at,
        po1_0.order_no,
        po1_0.package_id,
        po1_0.package_name,
        po1_0.payment_method,
        po1_0.payment_time,
        po1_0.price,
        po1_0.remaining_times,
        po1_0.status,
        po1_0.transaction_type,
        po1_0.updated_at,
        po1_0.user_id 
    from
        payment_orders po1_0 
    where
        po1_0.user_id=?
2026-01-16 00:31:53.897 - 
    select
        po1_0.id,
        po1_0.card_end_date,
        po1_0.card_start_date,
        po1_0.card_status,
        po1_0.created_at,
        po1_0.order_no,
        po1_0.package_id,
        po1_0.package_name,
        po1_0.payment_method,
        po1_0.payment_time,
        po1_0.price,
        po1_0.remaining_times,
        po1_0.status,
        po1_0.transaction_type,
        po1_0.updated_at,
        po1_0.user_id 
    from
        payment_orders po1_0 
    where
        po1_0.user_id=?
2026-01-16 00:31:53.915 - 
    select
        u1_0.id,
        u1_0.avatar_url,
        u1_0.created_at,
        u1_0.last_login_time,
        u1_0.member_expire_time,
        u1_0.member_level,
        u1_0.nickname,
        u1_0.openid,
        u1_0.phone,
        u1_0.points,
        u1_0.remaining_visits,
        u1_0.role,
        u1_0.total_visits,
        u1_0.updated_at 
    from
        users u1_0 
    where
        u1_0.id=?
2026-01-16 00:31:53.915 - 
    select
        u1_0.id,
        u1_0.avatar_url,
        u1_0.created_at,
        u1_0.last_login_time,
        u1_0.member_expire_time,
        u1_0.member_level,
        u1_0.nickname,
        u1_0.openid,
        u1_0.phone,
        u1_0.points,
        u1_0.remaining_visits,
        u1_0.role,
        u1_0.total_visits,
        u1_0.updated_at 
    from
        users u1_0 
    where
        u1_0.id=?
2026-01-16 00:31:53.915 - 
    select
        u1_0.id,
        u1_0.avatar_url,
        u1_0.created_at,
        u1_0.last_login_time,
        u1_0.member_expire_time,
        u1_0.member_level,
        u1_0.nickname,
        u1_0.openid,
        u1_0.phone,
        u1_0.points,
        u1_0.remaining_visits,
        u1_0.role,
        u1_0.total_visits,
        u1_0.updated_at 
    from
        users u1_0 
    where
        u1_0.id=?
2026-01-16 00:31:53.915 - 
    select
        u1_0.id,
        u1_0.avatar_url,
        u1_0.created_at,
        u1_0.last_login_time,
        u1_0.member_expire_time,
        u1_0.member_level,
        u1_0.nickname,
        u1_0.openid,
        u1_0.phone,
        u1_0.points,
        u1_0.remaining_visits,
        u1_0.role,
        u1_0.total_visits,
        u1_0.updated_at 
    from
        users u1_0 
    where
        u1_0.id=?
2026-01-16 00:31:53.924 - 
    select
        bo1_0.id,
        bo1_0.cabin_name,
        bo1_0.consume_time,
        bo1_0.created_at,
        bo1_0.date,
        bo1_0.order_no,
        bo1_0.original_price,
        bo1_0.payment_method,
        bo1_0.payment_order_id,
        bo1_0.payment_status,
        bo1_0.payment_time,
        bo1_0.price,
        bo1_0.seat_name,
        bo1_0.status,
        bo1_0.time_slot,
        bo1_0.updated_at,
        bo1_0.user_id 
    from
        booking_orders bo1_0 
    where
        bo1_0.user_id=? 
    order by
        bo1_0.created_at desc
2026-01-16 00:31:53.924 - 
    select
        bo1_0.id,
        bo1_0.cabin_name,
        bo1_0.consume_time,
        bo1_0.created_at,
        bo1_0.date,
        bo1_0.order_no,
        bo1_0.original_price,
        bo1_0.payment_method,
        bo1_0.payment_order_id,
        bo1_0.payment_status,
        bo1_0.payment_time,
        bo1_0.price,
        bo1_0.seat_name,
        bo1_0.status,
        bo1_0.time_slot,
        bo1_0.updated_at,
        bo1_0.user_id 
    from
        booking_orders bo1_0 
    where
        bo1_0.user_id=? 
    order by
        bo1_0.created_at desc
2026-01-16 00:31:53.924 - 
    select
        po1_0.id,
        po1_0.card_end_date,
        po1_0.card_start_date,
        po1_0.card_status,
        po1_0.created_at,
        po1_0.order_no,
        po1_0.package_id,
        po1_0.package_name,
        po1_0.payment_method,
        po1_0.payment_time,
        po1_0.price,
        po1_0.remaining_times,
        po1_0.status,
        po1_0.transaction_type,
        po1_0.updated_at,
        po1_0.user_id 
    from
        payment_orders po1_0 
    where
        po1_0.user_id=? 
        and po1_0.status=?
2026-01-16 00:31:53.925 - 
    select
        po1_0.id,
        po1_0.card_end_date,
        po1_0.card_start_date,
        po1_0.card_status,
        po1_0.created_at,
        po1_0.order_no,
        po1_0.package_id,
        po1_0.package_name,
        po1_0.payment_method,
        po1_0.payment_time,
        po1_0.price,
        po1_0.remaining_times,
        po1_0.status,
        po1_0.transaction_type,
        po1_0.updated_at,
        po1_0.user_id 
    from
        payment_orders po1_0 
    where
        po1_0.user_id=? 
        and po1_0.status=?
2026-01-16 00:32:21.980 - 
    select
        mp1_0.id,
        mp1_0.avg_price_per_time,
        mp1_0.badge,
        mp1_0.category,
        mp1_0.code,
        mp1_0.description,
        mp1_0.features,
        mp1_0.is_active,
        mp1_0.name,
        mp1_0.people,
        mp1_0.price,
        mp1_0.sort_order,
        mp1_0.times_per_person,
        mp1_0.validity_days 
    from
        member_packages mp1_0 
    where
        mp1_0.is_active 
    order by
        mp1_0.sort_order
2026-01-16 00:32:23.811 - 
    select
        u1_0.id,
        u1_0.avatar_url,
        u1_0.created_at,
        u1_0.last_login_time,
        u1_0.member_expire_time,
        u1_0.member_level,
        u1_0.nickname,
        u1_0.openid,
        u1_0.phone,
        u1_0.points,
        u1_0.remaining_visits,
        u1_0.role,
        u1_0.total_visits,
        u1_0.updated_at 
    from
        users u1_0 
    where
        u1_0.id=?
2026-01-16 00:32:23.811 - 
    select
        u1_0.id,
        u1_0.avatar_url,
        u1_0.created_at,
        u1_0.last_login_time,
        u1_0.member_expire_time,
        u1_0.member_level,
        u1_0.nickname,
        u1_0.openid,
        u1_0.phone,
        u1_0.points,
        u1_0.remaining_visits,
        u1_0.role,
        u1_0.total_visits,
        u1_0.updated_at 
    from
        users u1_0 
    where
        u1_0.id=?
2026-01-16 00:32:23.811 - 
    select
        po1_0.id,
        po1_0.card_end_date,
        po1_0.card_start_date,
        po1_0.card_status,
        po1_0.created_at,
        po1_0.order_no,
        po1_0.package_id,
        po1_0.package_name,
        po1_0.payment_method,
        po1_0.payment_time,
        po1_0.price,
        po1_0.remaining_times,
        po1_0.status,
        po1_0.transaction_type,
        po1_0.updated_at,
        po1_0.user_id 
    from
        payment_orders po1_0 
    where
        po1_0.user_id=?
2026-01-16 00:32:23.815 - 
    select
        u1_0.id,
        u1_0.avatar_url,
        u1_0.created_at,
        u1_0.last_login_time,
        u1_0.member_expire_time,
        u1_0.member_level,
        u1_0.nickname,
        u1_0.openid,
        u1_0.phone,
        u1_0.points,
        u1_0.remaining_visits,
        u1_0.role,
        u1_0.total_visits,
        u1_0.updated_at 
    from
        users u1_0 
    where
        u1_0.id=?
2026-01-16 00:32:23.815 - 
    select
        po1_0.id,
        po1_0.card_end_date,
        po1_0.card_start_date,
        po1_0.card_status,
        po1_0.created_at,
        po1_0.order_no,
        po1_0.package_id,
        po1_0.package_name,
        po1_0.payment_method,
        po1_0.payment_time,
        po1_0.price,
        po1_0.remaining_times,
        po1_0.status,
        po1_0.transaction_type,
        po1_0.updated_at,
        po1_0.user_id 
    from
        payment_orders po1_0 
    where
        po1_0.user_id=?
2026-01-16 00:32:23.821 - 
    select
        u1_0.id,
        u1_0.avatar_url,
        u1_0.created_at,
        u1_0.last_login_time,
        u1_0.member_expire_time,
        u1_0.member_level,
        u1_0.nickname,
        u1_0.openid,
        u1_0.phone,
        u1_0.points,
        u1_0.remaining_visits,
        u1_0.role,
        u1_0.total_visits,
        u1_0.updated_at 
    from
        users u1_0 
    where
        u1_0.id=?
2026-01-16 00:32:34.534 - 
    select
        u1_0.id,
        u1_0.avatar_url,
        u1_0.created_at,
        u1_0.last_login_time,
        u1_0.member_expire_time,
        u1_0.member_level,
        u1_0.nickname,
        u1_0.openid,
        u1_0.phone,
        u1_0.points,
        u1_0.remaining_visits,
        u1_0.role,
        u1_0.total_visits,
        u1_0.updated_at 
    from
        users u1_0 
    where
        u1_0.openid=?
2026-01-16 00:32:34.549 - 
    insert 
    into
        users
        (avatar_url, created_at, last_login_time, member_expire_time, member_level, nickname, openid, phone, points, remaining_visits, role, total_visits, updated_at) 
    values
        (?, ?, ?, ?, ?, ?, ?, ?, ?, ?, ?, ?, ?)
2026-01-16 00:32:36.220 - 
    select
        mp1_0.id,
        mp1_0.avg_price_per_time,
        mp1_0.badge,
        mp1_0.category,
        mp1_0.code,
        mp1_0.description,
        mp1_0.features,
        mp1_0.is_active,
        mp1_0.name,
        mp1_0.people,
        mp1_0.price,
        mp1_0.sort_order,
        mp1_0.times_per_person,
        mp1_0.validity_days 
    from
        member_packages mp1_0 
    where
        mp1_0.is_active 
    order by
        mp1_0.sort_order
2026-01-16 00:32:37.343 - 
    select
        u1_0.id,
        u1_0.avatar_url,
        u1_0.created_at,
        u1_0.last_login_time,
        u1_0.member_expire_time,
        u1_0.member_level,
        u1_0.nickname,
        u1_0.openid,
        u1_0.phone,
        u1_0.points,
        u1_0.remaining_visits,
        u1_0.role,
        u1_0.total_visits,
        u1_0.updated_at 
    from
        users u1_0 
    where
        u1_0.id=?
2026-01-16 00:32:37.344 - 
    select
        po1_0.id,
        po1_0.card_end_date,
        po1_0.card_start_date,
        po1_0.card_status,
        po1_0.created_at,
        po1_0.order_no,
        po1_0.package_id,
        po1_0.package_name,
        po1_0.payment_method,
        po1_0.payment_time,
        po1_0.price,
        po1_0.remaining_times,
        po1_0.status,
        po1_0.transaction_type,
        po1_0.updated_at,
        po1_0.user_id 
    from
        payment_orders po1_0 
    where
        po1_0.user_id=?
2026-01-16 00:32:37.345 - 
    select
        po1_0.id,
        po1_0.card_end_date,
        po1_0.card_start_date,
        po1_0.card_status,
        po1_0.created_at,
        po1_0.order_no,
        po1_0.package_id,
        po1_0.package_name,
        po1_0.payment_method,
        po1_0.payment_time,
        po1_0.price,
        po1_0.remaining_times,
        po1_0.status,
        po1_0.transaction_type,
        po1_0.updated_at,
        po1_0.user_id 
    from
        payment_orders po1_0 
    where
        po1_0.user_id=? 
        and po1_0.status=?
2026-01-16 00:32:37.346 - 
    select
        u1_0.id,
        u1_0.avatar_url,
        u1_0.created_at,
        u1_0.last_login_time,
        u1_0.member_expire_time,
        u1_0.member_level,
        u1_0.nickname,
        u1_0.openid,
        u1_0.phone,
        u1_0.points,
        u1_0.remaining_visits,
        u1_0.role,
        u1_0.total_visits,
        u1_0.updated_at 
    from
        users u1_0 
    where
        u1_0.id=?
2026-01-16 00:32:37.347 - 
    select
        bo1_0.id,
        bo1_0.cabin_name,
        bo1_0.consume_time,
        bo1_0.created_at,
        bo1_0.date,
        bo1_0.order_no,
        bo1_0.original_price,
        bo1_0.payment_method,
        bo1_0.payment_order_id,
        bo1_0.payment_status,
        bo1_0.payment_time,
        bo1_0.price,
        bo1_0.seat_name,
        bo1_0.status,
        bo1_0.time_slot,
        bo1_0.updated_at,
        bo1_0.user_id 
    from
        booking_orders bo1_0 
    where
        bo1_0.user_id=? 
    order by
        bo1_0.created_at desc
2026-01-16 00:32:37.349 - 
    select
        u1_0.id,
        u1_0.avatar_url,
        u1_0.created_at,
        u1_0.last_login_time,
        u1_0.member_expire_time,
        u1_0.member_level,
        u1_0.nickname,
        u1_0.openid,
        u1_0.phone,
        u1_0.points,
        u1_0.remaining_visits,
        u1_0.role,
        u1_0.total_visits,
        u1_0.updated_at 
    from
        users u1_0 
    where
        u1_0.id=?
2026-01-16 00:32:37.350 - 
    select
        po1_0.id,
        po1_0.card_end_date,
        po1_0.card_start_date,
        po1_0.card_status,
        po1_0.created_at,
        po1_0.order_no,
        po1_0.package_id,
        po1_0.package_name,
        po1_0.payment_method,
        po1_0.payment_time,
        po1_0.price,
        po1_0.remaining_times,
        po1_0.status,
        po1_0.transaction_type,
        po1_0.updated_at,
        po1_0.user_id 
    from
        payment_orders po1_0 
    where
        po1_0.user_id=?
2026-01-16 00:32:37.350 - 
    select
        po1_0.id,
        po1_0.card_end_date,
        po1_0.card_start_date,
        po1_0.card_status,
        po1_0.created_at,
        po1_0.order_no,
        po1_0.package_id,
        po1_0.package_name,
        po1_0.payment_method,
        po1_0.payment_time,
        po1_0.price,
        po1_0.remaining_times,
        po1_0.status,
        po1_0.transaction_type,
        po1_0.updated_at,
        po1_0.user_id 
    from
        payment_orders po1_0 
    where
        po1_0.user_id=? 
        and po1_0.status=?
2026-01-16 00:32:37.350 - 
    select
        u1_0.id,
        u1_0.avatar_url,
        u1_0.created_at,
        u1_0.last_login_time,
        u1_0.member_expire_time,
        u1_0.member_level,
        u1_0.nickname,
        u1_0.openid,
        u1_0.phone,
        u1_0.points,
        u1_0.remaining_visits,
        u1_0.role,
        u1_0.total_visits,
        u1_0.updated_at 
    from
        users u1_0 
    where
        u1_0.id=?
2026-01-16 00:32:37.352 - 
    select
        bo1_0.id,
        bo1_0.cabin_name,
        bo1_0.consume_time,
        bo1_0.created_at,
        bo1_0.date,
        bo1_0.order_no,
        bo1_0.original_price,
        bo1_0.payment_method,
        bo1_0.payment_order_id,
        bo1_0.payment_status,
        bo1_0.payment_time,
        bo1_0.price,
        bo1_0.seat_name,
        bo1_0.status,
        bo1_0.time_slot,
        bo1_0.updated_at,
        bo1_0.user_id 
    from
        booking_orders bo1_0 
    where
        bo1_0.user_id=? 
    order by
        bo1_0.created_at desc
2026-01-16 00:33:03.633 - 
    select
        mp1_0.id,
        mp1_0.avg_price_per_time,
        mp1_0.badge,
        mp1_0.category,
        mp1_0.code,
        mp1_0.description,
        mp1_0.features,
        mp1_0.is_active,
        mp1_0.name,
        mp1_0.people,
        mp1_0.price,
        mp1_0.sort_order,
        mp1_0.times_per_person,
        mp1_0.validity_days 
    from
        member_packages mp1_0 
    where
        mp1_0.category=? 
        and mp1_0.is_active 
    order by
        mp1_0.sort_order
2026-01-16 00:33:03.633 - 
    select
        mp1_0.id,
        mp1_0.avg_price_per_time,
        mp1_0.badge,
        mp1_0.category,
        mp1_0.code,
        mp1_0.description,
        mp1_0.features,
        mp1_0.is_active,
        mp1_0.name,
        mp1_0.people,
        mp1_0.price,
        mp1_0.sort_order,
        mp1_0.times_per_person,
        mp1_0.validity_days 
    from
        member_packages mp1_0 
    where
        mp1_0.category=? 
        and mp1_0.is_active 
    order by
        mp1_0.sort_order
2026-01-16 00:33:05.197 - 
    select
        po1_0.id,
        po1_0.card_end_date,
        po1_0.card_start_date,
        po1_0.card_status,
        po1_0.created_at,
        po1_0.order_no,
        po1_0.package_id,
        po1_0.package_name,
        po1_0.payment_method,
        po1_0.payment_time,
        po1_0.price,
        po1_0.remaining_times,
        po1_0.status,
        po1_0.transaction_type,
        po1_0.updated_at,
        po1_0.user_id 
    from
        payment_orders po1_0 
    where
        po1_0.user_id=?
2026-01-16 00:33:05.197 - 
    select
        po1_0.id,
        po1_0.card_end_date,
        po1_0.card_start_date,
        po1_0.card_status,
        po1_0.created_at,
        po1_0.order_no,
        po1_0.package_id,
        po1_0.package_name,
        po1_0.payment_method,
        po1_0.payment_time,
        po1_0.price,
        po1_0.remaining_times,
        po1_0.status,
        po1_0.transaction_type,
        po1_0.updated_at,
        po1_0.user_id 
    from
        payment_orders po1_0 
    where
        po1_0.user_id=?
2026-01-16 00:33:06.286 - 
    select
        mp1_0.id,
        mp1_0.avg_price_per_time,
        mp1_0.badge,
        mp1_0.category,
        mp1_0.code,
        mp1_0.description,
        mp1_0.features,
        mp1_0.is_active,
        mp1_0.name,
        mp1_0.people,
        mp1_0.price,
        mp1_0.sort_order,
        mp1_0.times_per_person,
        mp1_0.validity_days 
    from
        member_packages mp1_0 
    where
        mp1_0.category=? 
        and mp1_0.is_active 
    order by
        mp1_0.sort_order
2026-01-16 00:33:06.295 - 
    select
        mp1_0.id,
        mp1_0.avg_price_per_time,
        mp1_0.badge,
        mp1_0.category,
        mp1_0.code,
        mp1_0.description,
        mp1_0.features,
        mp1_0.is_active,
        mp1_0.name,
        mp1_0.people,
        mp1_0.price,
        mp1_0.sort_order,
        mp1_0.times_per_person,
        mp1_0.validity_days 
    from
        member_packages mp1_0 
    where
        mp1_0.category=? 
        and mp1_0.is_active 
    order by
        mp1_0.sort_order
2026-01-16 00:33:16.539 - 
    select
        mp1_0.id,
        mp1_0.avg_price_per_time,
        mp1_0.badge,
        mp1_0.category,
        mp1_0.code,
        mp1_0.description,
        mp1_0.features,
        mp1_0.is_active,
        mp1_0.name,
        mp1_0.people,
        mp1_0.price,
        mp1_0.sort_order,
        mp1_0.times_per_person,
        mp1_0.validity_days 
    from
        member_packages mp1_0 
    where
        mp1_0.category=? 
        and mp1_0.is_active 
    order by
        mp1_0.sort_order
2026-01-16 00:33:16.560 - 
    select
        mp1_0.id,
        mp1_0.avg_price_per_time,
        mp1_0.badge,
        mp1_0.category,
        mp1_0.code,
        mp1_0.description,
        mp1_0.features,
        mp1_0.is_active,
        mp1_0.name,
        mp1_0.people,
        mp1_0.price,
        mp1_0.sort_order,
        mp1_0.times_per_person,
        mp1_0.validity_days 
    from
        member_packages mp1_0 
    where
        mp1_0.category=? 
        and mp1_0.is_active 
    order by
        mp1_0.sort_order
2026-01-16 00:33:19.833 - 
    select
        mp1_0.id,
        mp1_0.avg_price_per_time,
        mp1_0.badge,
        mp1_0.category,
        mp1_0.code,
        mp1_0.description,
        mp1_0.features,
        mp1_0.is_active,
        mp1_0.name,
        mp1_0.people,
        mp1_0.price,
        mp1_0.sort_order,
        mp1_0.times_per_person,
        mp1_0.validity_days 
    from
        member_packages mp1_0 
    where
        mp1_0.category=? 
        and mp1_0.is_active 
    order by
        mp1_0.sort_order
2026-01-16 00:33:22.807 - 
    select
        po1_0.id,
        po1_0.card_end_date,
        po1_0.card_start_date,
        po1_0.card_status,
        po1_0.created_at,
        po1_0.order_no,
        po1_0.package_id,
        po1_0.package_name,
        po1_0.payment_method,
        po1_0.payment_time,
        po1_0.price,
        po1_0.remaining_times,
        po1_0.status,
        po1_0.transaction_type,
        po1_0.updated_at,
        po1_0.user_id 
    from
        payment_orders po1_0 
    where
        po1_0.user_id=?
2026-01-16 00:33:28.331 - 
    select
        u1_0.id,
        u1_0.avatar_url,
        u1_0.created_at,
        u1_0.last_login_time,
        u1_0.member_expire_time,
        u1_0.member_level,
        u1_0.nickname,
        u1_0.openid,
        u1_0.phone,
        u1_0.points,
        u1_0.remaining_visits,
        u1_0.role,
        u1_0.total_visits,
        u1_0.updated_at 
    from
        users u1_0 
    where
        u1_0.id=?
2026-01-16 00:33:35.163 - 
    select
        u1_0.id,
        u1_0.avatar_url,
        u1_0.created_at,
        u1_0.last_login_time,
        u1_0.member_expire_time,
        u1_0.member_level,
        u1_0.nickname,
        u1_0.openid,
        u1_0.phone,
        u1_0.points,
        u1_0.remaining_visits,
        u1_0.role,
        u1_0.total_visits,
        u1_0.updated_at 
    from
        users u1_0 
    where
        u1_0.id=?
2026-01-16 00:34:31.982 - 
    select
        mp1_0.id,
        mp1_0.avg_price_per_time,
        mp1_0.badge,
        mp1_0.category,
        mp1_0.code,
        mp1_0.description,
        mp1_0.features,
        mp1_0.is_active,
        mp1_0.name,
        mp1_0.people,
        mp1_0.price,
        mp1_0.sort_order,
        mp1_0.times_per_person,
        mp1_0.validity_days 
    from
        member_packages mp1_0 
    where
        mp1_0.code=?
2026-01-16 00:34:31.990 - 
    select
        mp1_0.id,
        mp1_0.avg_price_per_time,
        mp1_0.badge,
        mp1_0.category,
        mp1_0.code,
        mp1_0.description,
        mp1_0.features,
        mp1_0.is_active,
        mp1_0.name,
        mp1_0.people,
        mp1_0.price,
        mp1_0.sort_order,
        mp1_0.times_per_person,
        mp1_0.validity_days 
    from
        member_packages mp1_0 
    where
        mp1_0.code=?
2026-01-16 00:34:31.991 - 
    select
        mp1_0.id,
        mp1_0.avg_price_per_time,
        mp1_0.badge,
        mp1_0.category,
        mp1_0.code,
        mp1_0.description,
        mp1_0.features,
        mp1_0.is_active,
        mp1_0.name,
        mp1_0.people,
        mp1_0.price,
        mp1_0.sort_order,
        mp1_0.times_per_person,
        mp1_0.validity_days 
    from
        member_packages mp1_0 
    where
        mp1_0.code=?
2026-01-16 00:34:31.992 - 
    select
        mp1_0.id,
        mp1_0.avg_price_per_time,
        mp1_0.badge,
        mp1_0.category,
        mp1_0.code,
        mp1_0.description,
        mp1_0.features,
        mp1_0.is_active,
        mp1_0.name,
        mp1_0.people,
        mp1_0.price,
        mp1_0.sort_order,
        mp1_0.times_per_person,
        mp1_0.validity_days 
    from
        member_packages mp1_0 
    where
        mp1_0.code=?
2026-01-16 00:34:31.993 - 
    select
        mp1_0.id,
        mp1_0.avg_price_per_time,
        mp1_0.badge,
        mp1_0.category,
        mp1_0.code,
        mp1_0.description,
        mp1_0.features,
        mp1_0.is_active,
        mp1_0.name,
        mp1_0.people,
        mp1_0.price,
        mp1_0.sort_order,
        mp1_0.times_per_person,
        mp1_0.validity_days 
    from
        member_packages mp1_0 
    where
        mp1_0.code=?
2026-01-16 00:34:31.995 - 
    select
        mp1_0.id,
        mp1_0.avg_price_per_time,
        mp1_0.badge,
        mp1_0.category,
        mp1_0.code,
        mp1_0.description,
        mp1_0.features,
        mp1_0.is_active,
        mp1_0.name,
        mp1_0.people,
        mp1_0.price,
        mp1_0.sort_order,
        mp1_0.times_per_person,
        mp1_0.validity_days 
    from
        member_packages mp1_0 
    where
        mp1_0.code=?
2026-01-16 00:34:31.996 - 
    select
        mp1_0.id,
        mp1_0.avg_price_per_time,
        mp1_0.badge,
        mp1_0.category,
        mp1_0.code,
        mp1_0.description,
        mp1_0.features,
        mp1_0.is_active,
        mp1_0.name,
        mp1_0.people,
        mp1_0.price,
        mp1_0.sort_order,
        mp1_0.times_per_person,
        mp1_0.validity_days 
    from
        member_packages mp1_0 
    where
        mp1_0.code=?
2026-01-16 00:34:31.997 - 
    select
        mp1_0.id,
        mp1_0.avg_price_per_time,
        mp1_0.badge,
        mp1_0.category,
        mp1_0.code,
        mp1_0.description,
        mp1_0.features,
        mp1_0.is_active,
        mp1_0.name,
        mp1_0.people,
        mp1_0.price,
        mp1_0.sort_order,
        mp1_0.times_per_person,
        mp1_0.validity_days 
    from
        member_packages mp1_0 
    where
        mp1_0.code=?
2026-01-16 00:34:31.998 - 
    select
        mp1_0.id,
        mp1_0.avg_price_per_time,
        mp1_0.badge,
        mp1_0.category,
        mp1_0.code,
        mp1_0.description,
        mp1_0.features,
        mp1_0.is_active,
        mp1_0.name,
        mp1_0.people,
        mp1_0.price,
        mp1_0.sort_order,
        mp1_0.times_per_person,
        mp1_0.validity_days 
    from
        member_packages mp1_0 
    where
        mp1_0.code=?
2026-01-16 00:34:31.998 - 
    select
        mp1_0.id,
        mp1_0.avg_price_per_time,
        mp1_0.badge,
        mp1_0.category,
        mp1_0.code,
        mp1_0.description,
        mp1_0.features,
        mp1_0.is_active,
        mp1_0.name,
        mp1_0.people,
        mp1_0.price,
        mp1_0.sort_order,
        mp1_0.times_per_person,
        mp1_0.validity_days 
    from
        member_packages mp1_0 
    where
        mp1_0.code=?
2026-01-16 00:34:41.659 - 
    select
        mp1_0.id,
        mp1_0.avg_price_per_time,
        mp1_0.badge,
        mp1_0.category,
        mp1_0.code,
        mp1_0.description,
        mp1_0.features,
        mp1_0.is_active,
        mp1_0.name,
        mp1_0.people,
        mp1_0.price,
        mp1_0.sort_order,
        mp1_0.times_per_person,
        mp1_0.validity_days 
    from
        member_packages mp1_0 
    where
        mp1_0.is_active 
    order by
        mp1_0.sort_order
2026-01-16 00:35:03.626 - 
    select
        mp1_0.id,
        mp1_0.avg_price_per_time,
        mp1_0.badge,
        mp1_0.category,
        mp1_0.code,
        mp1_0.description,
        mp1_0.features,
        mp1_0.is_active,
        mp1_0.name,
        mp1_0.people,
        mp1_0.price,
        mp1_0.sort_order,
        mp1_0.times_per_person,
        mp1_0.validity_days 
    from
        member_packages mp1_0 
    where
        mp1_0.is_active 
    order by
        mp1_0.sort_order
2026-01-16 00:35:04.541 - 
    select
        po1_0.id,
        po1_0.card_end_date,
        po1_0.card_start_date,
        po1_0.card_status,
        po1_0.created_at,
        po1_0.order_no,
        po1_0.package_id,
        po1_0.package_name,
        po1_0.payment_method,
        po1_0.payment_time,
        po1_0.price,
        po1_0.remaining_times,
        po1_0.status,
        po1_0.transaction_type,
        po1_0.updated_at,
        po1_0.user_id 
    from
        payment_orders po1_0 
    where
        po1_0.user_id=?
2026-01-16 00:35:04.541 - 
    select
        po1_0.id,
        po1_0.card_end_date,
        po1_0.card_start_date,
        po1_0.card_status,
        po1_0.created_at,
        po1_0.order_no,
        po1_0.package_id,
        po1_0.package_name,
        po1_0.payment_method,
        po1_0.payment_time,
        po1_0.price,
        po1_0.remaining_times,
        po1_0.status,
        po1_0.transaction_type,
        po1_0.updated_at,
        po1_0.user_id 
    from
        payment_orders po1_0 
    where
        po1_0.user_id=?
2026-01-16 00:35:04.555 - 
    select
        u1_0.id,
        u1_0.avatar_url,
        u1_0.created_at,
        u1_0.last_login_time,
        u1_0.member_expire_time,
        u1_0.member_level,
        u1_0.nickname,
        u1_0.openid,
        u1_0.phone,
        u1_0.points,
        u1_0.remaining_visits,
        u1_0.role,
        u1_0.total_visits,
        u1_0.updated_at 
    from
        users u1_0 
    where
        u1_0.id=?
2026-01-16 00:35:04.555 - 
    select
        u1_0.id,
        u1_0.avatar_url,
        u1_0.created_at,
        u1_0.last_login_time,
        u1_0.member_expire_time,
        u1_0.member_level,
        u1_0.nickname,
        u1_0.openid,
        u1_0.phone,
        u1_0.points,
        u1_0.remaining_visits,
        u1_0.role,
        u1_0.total_visits,
        u1_0.updated_at 
    from
        users u1_0 
    where
        u1_0.id=?
2026-01-16 00:35:04.555 - 
    select
        u1_0.id,
        u1_0.avatar_url,
        u1_0.created_at,
        u1_0.last_login_time,
        u1_0.member_expire_time,
        u1_0.member_level,
        u1_0.nickname,
        u1_0.openid,
        u1_0.phone,
        u1_0.points,
        u1_0.remaining_visits,
        u1_0.role,
        u1_0.total_visits,
        u1_0.updated_at 
    from
        users u1_0 
    where
        u1_0.id=?
2026-01-16 00:35:04.555 - 
    select
        u1_0.id,
        u1_0.avatar_url,
        u1_0.created_at,
        u1_0.last_login_time,
        u1_0.member_expire_time,
        u1_0.member_level,
        u1_0.nickname,
        u1_0.openid,
        u1_0.phone,
        u1_0.points,
        u1_0.remaining_visits,
        u1_0.role,
        u1_0.total_visits,
        u1_0.updated_at 
    from
        users u1_0 
    where
        u1_0.id=?
2026-01-16 00:35:21.808 - 
    select
        u1_0.id,
        u1_0.avatar_url,
        u1_0.created_at,
        u1_0.last_login_time,
        u1_0.member_expire_time,
        u1_0.member_level,
        u1_0.nickname,
        u1_0.openid,
        u1_0.phone,
        u1_0.points,
        u1_0.remaining_visits,
        u1_0.role,
        u1_0.total_visits,
        u1_0.updated_at 
    from
        users u1_0 
    where
        u1_0.openid=?
2026-01-16 00:35:21.823 - 
    insert 
    into
        users
        (avatar_url, created_at, last_login_time, member_expire_time, member_level, nickname, openid, phone, points, remaining_visits, role, total_visits, updated_at) 
    values
        (?, ?, ?, ?, ?, ?, ?, ?, ?, ?, ?, ?, ?)
2026-01-16 00:35:23.473 - 
    select
        mp1_0.id,
        mp1_0.avg_price_per_time,
        mp1_0.badge,
        mp1_0.category,
        mp1_0.code,
        mp1_0.description,
        mp1_0.features,
        mp1_0.is_active,
        mp1_0.name,
        mp1_0.people,
        mp1_0.price,
        mp1_0.sort_order,
        mp1_0.times_per_person,
        mp1_0.validity_days 
    from
        member_packages mp1_0 
    where
        mp1_0.is_active 
    order by
        mp1_0.sort_order
2026-01-16 00:35:24.809 - 
    select
        u1_0.id,
        u1_0.avatar_url,
        u1_0.created_at,
        u1_0.last_login_time,
        u1_0.member_expire_time,
        u1_0.member_level,
        u1_0.nickname,
        u1_0.openid,
        u1_0.phone,
        u1_0.points,
        u1_0.remaining_visits,
        u1_0.role,
        u1_0.total_visits,
        u1_0.updated_at 
    from
        users u1_0 
    where
        u1_0.id=?
2026-01-16 00:35:24.814 - 
    select
        po1_0.id,
        po1_0.card_end_date,
        po1_0.card_start_date,
        po1_0.card_status,
        po1_0.created_at,
        po1_0.order_no,
        po1_0.package_id,
        po1_0.package_name,
        po1_0.payment_method,
        po1_0.payment_time,
        po1_0.price,
        po1_0.remaining_times,
        po1_0.status,
        po1_0.transaction_type,
        po1_0.updated_at,
        po1_0.user_id 
    from
        payment_orders po1_0 
    where
        po1_0.user_id=? 
        and po1_0.status=?
2026-01-16 00:35:24.815 - 
    select
        po1_0.id,
        po1_0.card_end_date,
        po1_0.card_start_date,
        po1_0.card_status,
        po1_0.created_at,
        po1_0.order_no,
        po1_0.package_id,
        po1_0.package_name,
        po1_0.payment_method,
        po1_0.payment_time,
        po1_0.price,
        po1_0.remaining_times,
        po1_0.status,
        po1_0.transaction_type,
        po1_0.updated_at,
        po1_0.user_id 
    from
        payment_orders po1_0 
    where
        po1_0.user_id=?
2026-01-16 00:35:24.816 - 
    select
        u1_0.id,
        u1_0.avatar_url,
        u1_0.created_at,
        u1_0.last_login_time,
        u1_0.member_expire_time,
        u1_0.member_level,
        u1_0.nickname,
        u1_0.openid,
        u1_0.phone,
        u1_0.points,
        u1_0.remaining_visits,
        u1_0.role,
        u1_0.total_visits,
        u1_0.updated_at 
    from
        users u1_0 
    where
        u1_0.id=?
2026-01-16 00:35:24.818 - 
    select
        u1_0.id,
        u1_0.avatar_url,
        u1_0.created_at,
        u1_0.last_login_time,
        u1_0.member_expire_time,
        u1_0.member_level,
        u1_0.nickname,
        u1_0.openid,
        u1_0.phone,
        u1_0.points,
        u1_0.remaining_visits,
        u1_0.role,
        u1_0.total_visits,
        u1_0.updated_at 
    from
        users u1_0 
    where
        u1_0.id=?
2026-01-16 00:35:24.819 - 
    select
        po1_0.id,
        po1_0.card_end_date,
        po1_0.card_start_date,
        po1_0.card_status,
        po1_0.created_at,
        po1_0.order_no,
        po1_0.package_id,
        po1_0.package_name,
        po1_0.payment_method,
        po1_0.payment_time,
        po1_0.price,
        po1_0.remaining_times,
        po1_0.status,
        po1_0.transaction_type,
        po1_0.updated_at,
        po1_0.user_id 
    from
        payment_orders po1_0 
    where
        po1_0.user_id=?
2026-01-16 00:35:24.819 - 
    select
        bo1_0.id,
        bo1_0.cabin_name,
        bo1_0.consume_time,
        bo1_0.created_at,
        bo1_0.date,
        bo1_0.order_no,
        bo1_0.original_price,
        bo1_0.payment_method,
        bo1_0.payment_order_id,
        bo1_0.payment_status,
        bo1_0.payment_time,
        bo1_0.price,
        bo1_0.seat_name,
        bo1_0.status,
        bo1_0.time_slot,
        bo1_0.updated_at,
        bo1_0.user_id 
    from
        booking_orders bo1_0 
    where
        bo1_0.user_id=? 
    order by
        bo1_0.created_at desc
2026-01-16 00:35:24.821 - 
    select
        po1_0.id,
        po1_0.card_end_date,
        po1_0.card_start_date,
        po1_0.card_status,
        po1_0.created_at,
        po1_0.order_no,
        po1_0.package_id,
        po1_0.package_name,
        po1_0.payment_method,
        po1_0.payment_time,
        po1_0.price,
        po1_0.remaining_times,
        po1_0.status,
        po1_0.transaction_type,
        po1_0.updated_at,
        po1_0.user_id 
    from
        payment_orders po1_0 
    where
        po1_0.user_id=? 
        and po1_0.status=?
2026-01-16 00:35:24.823 - 
    select
        u1_0.id,
        u1_0.avatar_url,
        u1_0.created_at,
        u1_0.last_login_time,
        u1_0.member_expire_time,
        u1_0.member_level,
        u1_0.nickname,
        u1_0.openid,
        u1_0.phone,
        u1_0.points,
        u1_0.remaining_visits,
        u1_0.role,
        u1_0.total_visits,
        u1_0.updated_at 
    from
        users u1_0 
    where
        u1_0.id=?
2026-01-16 00:35:24.825 - 
    select
        bo1_0.id,
        bo1_0.cabin_name,
        bo1_0.consume_time,
        bo1_0.created_at,
        bo1_0.date,
        bo1_0.order_no,
        bo1_0.original_price,
        bo1_0.payment_method,
        bo1_0.payment_order_id,
        bo1_0.payment_status,
        bo1_0.payment_time,
        bo1_0.price,
        bo1_0.seat_name,
        bo1_0.status,
        bo1_0.time_slot,
        bo1_0.updated_at,
        bo1_0.user_id 
    from
        booking_orders bo1_0 
    where
        bo1_0.user_id=? 
    order by
        bo1_0.created_at desc
2026-01-16 00:35:25.998 - 
    select
        mp1_0.id,
        mp1_0.avg_price_per_time,
        mp1_0.badge,
        mp1_0.category,
        mp1_0.code,
        mp1_0.description,
        mp1_0.features,
        mp1_0.is_active,
        mp1_0.name,
        mp1_0.people,
        mp1_0.price,
        mp1_0.sort_order,
        mp1_0.times_per_person,
        mp1_0.validity_days 
    from
        member_packages mp1_0 
    where
        mp1_0.category=? 
        and mp1_0.is_active 
    order by
        mp1_0.sort_order
2026-01-16 00:35:26.002 - 
    select
        mp1_0.id,
        mp1_0.avg_price_per_time,
        mp1_0.badge,
        mp1_0.category,
        mp1_0.code,
        mp1_0.description,
        mp1_0.features,
        mp1_0.is_active,
        mp1_0.name,
        mp1_0.people,
        mp1_0.price,
        mp1_0.sort_order,
        mp1_0.times_per_person,
        mp1_0.validity_days 
    from
        member_packages mp1_0 
    where
        mp1_0.category=? 
        and mp1_0.is_active 
    order by
        mp1_0.sort_order
2026-01-16 00:35:29.380 - 
    select
        u1_0.id,
        u1_0.avatar_url,
        u1_0.created_at,
        u1_0.last_login_time,
        u1_0.member_expire_time,
        u1_0.member_level,
        u1_0.nickname,
        u1_0.openid,
        u1_0.phone,
        u1_0.points,
        u1_0.remaining_visits,
        u1_0.role,
        u1_0.total_visits,
        u1_0.updated_at 
    from
        users u1_0 
    where
        u1_0.id=?
2026-01-16 00:35:29.383 - 
    select
        po1_0.id,
        po1_0.card_end_date,
        po1_0.card_start_date,
        po1_0.card_status,
        po1_0.created_at,
        po1_0.order_no,
        po1_0.package_id,
        po1_0.package_name,
        po1_0.payment_method,
        po1_0.payment_time,
        po1_0.price,
        po1_0.remaining_times,
        po1_0.status,
        po1_0.transaction_type,
        po1_0.updated_at,
        po1_0.user_id 
    from
        payment_orders po1_0 
    where
        po1_0.user_id=?
2026-01-16 00:35:29.391 - 
    select
        u1_0.id,
        u1_0.avatar_url,
        u1_0.created_at,
        u1_0.last_login_time,
        u1_0.member_expire_time,
        u1_0.member_level,
        u1_0.nickname,
        u1_0.openid,
        u1_0.phone,
        u1_0.points,
        u1_0.remaining_visits,
        u1_0.role,
        u1_0.total_visits,
        u1_0.updated_at 
    from
        users u1_0 
    where
        u1_0.id=?
2026-01-16 00:35:29.402 - 
    select
        u1_0.id,
        u1_0.avatar_url,
        u1_0.created_at,
        u1_0.last_login_time,
        u1_0.member_expire_time,
        u1_0.member_level,
        u1_0.nickname,
        u1_0.openid,
        u1_0.phone,
        u1_0.points,
        u1_0.remaining_visits,
        u1_0.role,
        u1_0.total_visits,
        u1_0.updated_at 
    from
        users u1_0 
    where
        u1_0.id=?
2026-01-16 00:35:29.414 - 
    select
        po1_0.id,
        po1_0.card_end_date,
        po1_0.card_start_date,
        po1_0.card_status,
        po1_0.created_at,
        po1_0.order_no,
        po1_0.package_id,
        po1_0.package_name,
        po1_0.payment_method,
        po1_0.payment_time,
        po1_0.price,
        po1_0.remaining_times,
        po1_0.status,
        po1_0.transaction_type,
        po1_0.updated_at,
        po1_0.user_id 
    from
        payment_orders po1_0 
    where
        po1_0.user_id=?
2026-01-16 00:35:29.460 - 
    select
        u1_0.id,
        u1_0.avatar_url,
        u1_0.created_at,
        u1_0.last_login_time,
        u1_0.member_expire_time,
        u1_0.member_level,
        u1_0.nickname,
        u1_0.openid,
        u1_0.phone,
        u1_0.points,
        u1_0.remaining_visits,
        u1_0.role,
        u1_0.total_visits,
        u1_0.updated_at 
    from
        users u1_0 
    where
        u1_0.id=?
2026-01-16 00:35:32.544 - 
    select
        mp1_0.id,
        mp1_0.avg_price_per_time,
        mp1_0.badge,
        mp1_0.category,
        mp1_0.code,
        mp1_0.description,
        mp1_0.features,
        mp1_0.is_active,
        mp1_0.name,
        mp1_0.people,
        mp1_0.price,
        mp1_0.sort_order,
        mp1_0.times_per_person,
        mp1_0.validity_days 
    from
        member_packages mp1_0 
    where
        mp1_0.is_active 
    order by
        mp1_0.sort_order
2026-01-16 00:35:33.963 - 
    select
        u1_0.id,
        u1_0.avatar_url,
        u1_0.created_at,
        u1_0.last_login_time,
        u1_0.member_expire_time,
        u1_0.member_level,
        u1_0.nickname,
        u1_0.openid,
        u1_0.phone,
        u1_0.points,
        u1_0.remaining_visits,
        u1_0.role,
        u1_0.total_visits,
        u1_0.updated_at 
    from
        users u1_0 
    where
        u1_0.id=?
2026-01-16 00:35:33.963 - 
    select
        po1_0.id,
        po1_0.card_end_date,
        po1_0.card_start_date,
        po1_0.card_status,
        po1_0.created_at,
        po1_0.order_no,
        po1_0.package_id,
        po1_0.package_name,
        po1_0.payment_method,
        po1_0.payment_time,
        po1_0.price,
        po1_0.remaining_times,
        po1_0.status,
        po1_0.transaction_type,
        po1_0.updated_at,
        po1_0.user_id 
    from
        payment_orders po1_0 
    where
        po1_0.user_id=?
2026-01-16 00:35:33.973 - 
    select
        u1_0.id,
        u1_0.avatar_url,
        u1_0.created_at,
        u1_0.last_login_time,
        u1_0.member_expire_time,
        u1_0.member_level,
        u1_0.nickname,
        u1_0.openid,
        u1_0.phone,
        u1_0.points,
        u1_0.remaining_visits,
        u1_0.role,
        u1_0.total_visits,
        u1_0.updated_at 
    from
        users u1_0 
    where
        u1_0.id=?
2026-01-16 00:35:33.978 - 
    select
        u1_0.id,
        u1_0.avatar_url,
        u1_0.created_at,
        u1_0.last_login_time,
        u1_0.member_expire_time,
        u1_0.member_level,
        u1_0.nickname,
        u1_0.openid,
        u1_0.phone,
        u1_0.points,
        u1_0.remaining_visits,
        u1_0.role,
        u1_0.total_visits,
        u1_0.updated_at 
    from
        users u1_0 
    where
        u1_0.id=?
2026-01-16 00:35:33.983 - 
    select
        po1_0.id,
        po1_0.card_end_date,
        po1_0.card_start_date,
        po1_0.card_status,
        po1_0.created_at,
        po1_0.order_no,
        po1_0.package_id,
        po1_0.package_name,
        po1_0.payment_method,
        po1_0.payment_time,
        po1_0.price,
        po1_0.remaining_times,
        po1_0.status,
        po1_0.transaction_type,
        po1_0.updated_at,
        po1_0.user_id 
    from
        payment_orders po1_0 
    where
        po1_0.user_id=?
2026-01-16 00:35:33.989 - 
    select
        u1_0.id,
        u1_0.avatar_url,
        u1_0.created_at,
        u1_0.last_login_time,
        u1_0.member_expire_time,
        u1_0.member_level,
        u1_0.nickname,
        u1_0.openid,
        u1_0.phone,
        u1_0.points,
        u1_0.remaining_visits,
        u1_0.role,
        u1_0.total_visits,
        u1_0.updated_at 
    from
        users u1_0 
    where
        u1_0.id=?
2026-01-16 00:35:48.873 - 
    select
        mp1_0.id,
        mp1_0.avg_price_per_time,
        mp1_0.badge,
        mp1_0.category,
        mp1_0.code,
        mp1_0.description,
        mp1_0.features,
        mp1_0.is_active,
        mp1_0.name,
        mp1_0.people,
        mp1_0.price,
        mp1_0.sort_order,
        mp1_0.times_per_person,
        mp1_0.validity_days 
    from
        member_packages mp1_0 
    where
        mp1_0.is_active 
    order by
        mp1_0.sort_order
2026-01-16 00:35:51.116 - 
    select
        po1_0.id,
        po1_0.card_end_date,
        po1_0.card_start_date,
        po1_0.card_status,
        po1_0.created_at,
        po1_0.order_no,
        po1_0.package_id,
        po1_0.package_name,
        po1_0.payment_method,
        po1_0.payment_time,
        po1_0.price,
        po1_0.remaining_times,
        po1_0.status,
        po1_0.transaction_type,
        po1_0.updated_at,
        po1_0.user_id 
    from
        payment_orders po1_0 
    where
        po1_0.user_id=?
2026-01-16 00:35:51.117 - 
    select
        u1_0.id,
        u1_0.avatar_url,
        u1_0.created_at,
        u1_0.last_login_time,
        u1_0.member_expire_time,
        u1_0.member_level,
        u1_0.nickname,
        u1_0.openid,
        u1_0.phone,
        u1_0.points,
        u1_0.remaining_visits,
        u1_0.role,
        u1_0.total_visits,
        u1_0.updated_at 
    from
        users u1_0 
    where
        u1_0.id=?
2026-01-16 00:35:51.117 - 
    select
        u1_0.id,
        u1_0.avatar_url,
        u1_0.created_at,
        u1_0.last_login_time,
        u1_0.member_expire_time,
        u1_0.member_level,
        u1_0.nickname,
        u1_0.openid,
        u1_0.phone,
        u1_0.points,
        u1_0.remaining_visits,
        u1_0.role,
        u1_0.total_visits,
        u1_0.updated_at 
    from
        users u1_0 
    where
        u1_0.id=?
2026-01-16 00:35:51.125 - 
    select
        u1_0.id,
        u1_0.avatar_url,
        u1_0.created_at,
        u1_0.last_login_time,
        u1_0.member_expire_time,
        u1_0.member_level,
        u1_0.nickname,
        u1_0.openid,
        u1_0.phone,
        u1_0.points,
        u1_0.remaining_visits,
        u1_0.role,
        u1_0.total_visits,
        u1_0.updated_at 
    from
        users u1_0 
    where
        u1_0.id=?
2026-01-16 00:35:51.125 - 
    select
        u1_0.id,
        u1_0.avatar_url,
        u1_0.created_at,
        u1_0.last_login_time,
        u1_0.member_expire_time,
        u1_0.member_level,
        u1_0.nickname,
        u1_0.openid,
        u1_0.phone,
        u1_0.points,
        u1_0.remaining_visits,
        u1_0.role,
        u1_0.total_visits,
        u1_0.updated_at 
    from
        users u1_0 
    where
        u1_0.id=?
2026-01-16 00:35:51.125 - 
    select
        po1_0.id,
        po1_0.card_end_date,
        po1_0.card_start_date,
        po1_0.card_status,
        po1_0.created_at,
        po1_0.order_no,
        po1_0.package_id,
        po1_0.package_name,
        po1_0.payment_method,
        po1_0.payment_time,
        po1_0.price,
        po1_0.remaining_times,
        po1_0.status,
        po1_0.transaction_type,
        po1_0.updated_at,
        po1_0.user_id 
    from
        payment_orders po1_0 
    where
        po1_0.user_id=?
2026-01-16 00:35:53.380 - 
    select
        po1_0.id,
        po1_0.card_end_date,
        po1_0.card_start_date,
        po1_0.card_status,
        po1_0.created_at,
        po1_0.order_no,
        po1_0.package_id,
        po1_0.package_name,
        po1_0.payment_method,
        po1_0.payment_time,
        po1_0.price,
        po1_0.remaining_times,
        po1_0.status,
        po1_0.transaction_type,
        po1_0.updated_at,
        po1_0.user_id 
    from
        payment_orders po1_0 
    where
        po1_0.user_id=?
2026-01-16 00:35:53.382 - 
    select
        u1_0.id,
        u1_0.avatar_url,
        u1_0.created_at,
        u1_0.last_login_time,
        u1_0.member_expire_time,
        u1_0.member_level,
        u1_0.nickname,
        u1_0.openid,
        u1_0.phone,
        u1_0.points,
        u1_0.remaining_visits,
        u1_0.role,
        u1_0.total_visits,
        u1_0.updated_at 
    from
        users u1_0 
    where
        u1_0.id=?
2026-01-16 00:35:53.385 - 
    select
        u1_0.id,
        u1_0.avatar_url,
        u1_0.created_at,
        u1_0.last_login_time,
        u1_0.member_expire_time,
        u1_0.member_level,
        u1_0.nickname,
        u1_0.openid,
        u1_0.phone,
        u1_0.points,
        u1_0.remaining_visits,
        u1_0.role,
        u1_0.total_visits,
        u1_0.updated_at 
    from
        users u1_0 
    where
        u1_0.id=?
2026-01-16 00:35:53.386 - 
    select
        u1_0.id,
        u1_0.avatar_url,
        u1_0.created_at,
        u1_0.last_login_time,
        u1_0.member_expire_time,
        u1_0.member_level,
        u1_0.nickname,
        u1_0.openid,
        u1_0.phone,
        u1_0.points,
        u1_0.remaining_visits,
        u1_0.role,
        u1_0.total_visits,
        u1_0.updated_at 
    from
        users u1_0 
    where
        u1_0.id=?
2026-01-16 00:35:53.390 - 
    select
        po1_0.id,
        po1_0.card_end_date,
        po1_0.card_start_date,
        po1_0.card_status,
        po1_0.created_at,
        po1_0.order_no,
        po1_0.package_id,
        po1_0.package_name,
        po1_0.payment_method,
        po1_0.payment_time,
        po1_0.price,
        po1_0.remaining_times,
        po1_0.status,
        po1_0.transaction_type,
        po1_0.updated_at,
        po1_0.user_id 
    from
        payment_orders po1_0 
    where
        po1_0.user_id=? 
        and po1_0.status=?
2026-01-16 00:35:53.391 - 
    select
        po1_0.id,
        po1_0.card_end_date,
        po1_0.card_start_date,
        po1_0.card_status,
        po1_0.created_at,
        po1_0.order_no,
        po1_0.package_id,
        po1_0.package_name,
        po1_0.payment_method,
        po1_0.payment_time,
        po1_0.price,
        po1_0.remaining_times,
        po1_0.status,
        po1_0.transaction_type,
        po1_0.updated_at,
        po1_0.user_id 
    from
        payment_orders po1_0 
    where
        po1_0.user_id=? 
        and po1_0.status=?
2026-01-16 00:35:53.391 - 
    select
        bo1_0.id,
        bo1_0.cabin_name,
        bo1_0.consume_time,
        bo1_0.created_at,
        bo1_0.date,
        bo1_0.order_no,
        bo1_0.original_price,
        bo1_0.payment_method,
        bo1_0.payment_order_id,
        bo1_0.payment_status,
        bo1_0.payment_time,
        bo1_0.price,
        bo1_0.seat_name,
        bo1_0.status,
        bo1_0.time_slot,
        bo1_0.updated_at,
        bo1_0.user_id 
    from
        booking_orders bo1_0 
    where
        bo1_0.user_id=? 
    order by
        bo1_0.created_at desc
2026-01-16 00:35:53.392 - 
    select
        po1_0.id,
        po1_0.card_end_date,
        po1_0.card_start_date,
        po1_0.card_status,
        po1_0.created_at,
        po1_0.order_no,
        po1_0.package_id,
        po1_0.package_name,
        po1_0.payment_method,
        po1_0.payment_time,
        po1_0.price,
        po1_0.remaining_times,
        po1_0.status,
        po1_0.transaction_type,
        po1_0.updated_at,
        po1_0.user_id 
    from
        payment_orders po1_0 
    where
        po1_0.user_id=?
2026-01-16 00:35:53.394 - 
    select
        u1_0.id,
        u1_0.avatar_url,
        u1_0.created_at,
        u1_0.last_login_time,
        u1_0.member_expire_time,
        u1_0.member_level,
        u1_0.nickname,
        u1_0.openid,
        u1_0.phone,
        u1_0.points,
        u1_0.remaining_visits,
        u1_0.role,
        u1_0.total_visits,
        u1_0.updated_at 
    from
        users u1_0 
    where
        u1_0.id=?
2026-01-16 00:35:53.396 - 
    select
        bo1_0.id,
        bo1_0.cabin_name,
        bo1_0.consume_time,
        bo1_0.created_at,
        bo1_0.date,
        bo1_0.order_no,
        bo1_0.original_price,
        bo1_0.payment_method,
        bo1_0.payment_order_id,
        bo1_0.payment_status,
        bo1_0.payment_time,
        bo1_0.price,
        bo1_0.seat_name,
        bo1_0.status,
        bo1_0.time_slot,
        bo1_0.updated_at,
        bo1_0.user_id 
    from
        booking_orders bo1_0 
    where
        bo1_0.user_id=? 
    order by
        bo1_0.created_at desc
2026-01-16 00:36:16.404 - 
    select
        u1_0.id,
        u1_0.avatar_url,
        u1_0.created_at,
        u1_0.last_login_time,
        u1_0.member_expire_time,
        u1_0.member_level,
        u1_0.nickname,
        u1_0.openid,
        u1_0.phone,
        u1_0.points,
        u1_0.remaining_visits,
        u1_0.role,
        u1_0.total_visits,
        u1_0.updated_at 
    from
        users u1_0 
    where
        u1_0.openid=?
2026-01-16 00:36:16.446 - 
    update
        users 
    set
        avatar_url=?,
        created_at=?,
        last_login_time=?,
        member_expire_time=?,
        member_level=?,
        nickname=?,
        openid=?,
        phone=?,
        points=?,
        remaining_visits=?,
        role=?,
        total_visits=?,
        updated_at=? 
    where
        id=?
2026-01-16 00:36:18.264 - 
    select
        mp1_0.id,
        mp1_0.avg_price_per_time,
        mp1_0.badge,
        mp1_0.category,
        mp1_0.code,
        mp1_0.description,
        mp1_0.features,
        mp1_0.is_active,
        mp1_0.name,
        mp1_0.people,
        mp1_0.price,
        mp1_0.sort_order,
        mp1_0.times_per_person,
        mp1_0.validity_days 
    from
        member_packages mp1_0 
    where
        mp1_0.is_active 
    order by
        mp1_0.sort_order
2026-01-16 00:36:21.664 - 
    select
        mp1_0.id,
        mp1_0.avg_price_per_time,
        mp1_0.badge,
        mp1_0.category,
        mp1_0.code,
        mp1_0.description,
        mp1_0.features,
        mp1_0.is_active,
        mp1_0.name,
        mp1_0.people,
        mp1_0.price,
        mp1_0.sort_order,
        mp1_0.times_per_person,
        mp1_0.validity_days 
    from
        member_packages mp1_0 
    where
        mp1_0.category=? 
        and mp1_0.is_active 
    order by
        mp1_0.sort_order
2026-01-16 00:36:21.672 - 
    select
        mp1_0.id,
        mp1_0.avg_price_per_time,
        mp1_0.badge,
        mp1_0.category,
        mp1_0.code,
        mp1_0.description,
        mp1_0.features,
        mp1_0.is_active,
        mp1_0.name,
        mp1_0.people,
        mp1_0.price,
        mp1_0.sort_order,
        mp1_0.times_per_person,
        mp1_0.validity_days 
    from
        member_packages mp1_0 
    where
        mp1_0.category=? 
        and mp1_0.is_active 
    order by
        mp1_0.sort_order
2026-01-16 00:36:22.700 - 
    select
        po1_0.id,
        po1_0.card_end_date,
        po1_0.card_start_date,
        po1_0.card_status,
        po1_0.created_at,
        po1_0.order_no,
        po1_0.package_id,
        po1_0.package_name,
        po1_0.payment_method,
        po1_0.payment_time,
        po1_0.price,
        po1_0.remaining_times,
        po1_0.status,
        po1_0.transaction_type,
        po1_0.updated_at,
        po1_0.user_id 
    from
        payment_orders po1_0 
    where
        po1_0.user_id=?
2026-01-16 00:36:25.362 - 
    select
        mp1_0.id,
        mp1_0.avg_price_per_time,
        mp1_0.badge,
        mp1_0.category,
        mp1_0.code,
        mp1_0.description,
        mp1_0.features,
        mp1_0.is_active,
        mp1_0.name,
        mp1_0.people,
        mp1_0.price,
        mp1_0.sort_order,
        mp1_0.times_per_person,
        mp1_0.validity_days 
    from
        member_packages mp1_0 
    where
        mp1_0.category=? 
        and mp1_0.is_active 
    order by
        mp1_0.sort_order
2026-01-16 00:36:27.079 - 
    select
        po1_0.id,
        po1_0.card_end_date,
        po1_0.card_start_date,
        po1_0.card_status,
        po1_0.created_at,
        po1_0.order_no,
        po1_0.package_id,
        po1_0.package_name,
        po1_0.payment_method,
        po1_0.payment_time,
        po1_0.price,
        po1_0.remaining_times,
        po1_0.status,
        po1_0.transaction_type,
        po1_0.updated_at,
        po1_0.user_id 
    from
        payment_orders po1_0 
    where
        po1_0.user_id=?
2026-01-16 00:36:31.760 - 
    select
        u1_0.id,
        u1_0.avatar_url,
        u1_0.created_at,
        u1_0.last_login_time,
        u1_0.member_expire_time,
        u1_0.member_level,
        u1_0.nickname,
        u1_0.openid,
        u1_0.phone,
        u1_0.points,
        u1_0.remaining_visits,
        u1_0.role,
        u1_0.total_visits,
        u1_0.updated_at 
    from
        users u1_0 
    where
        u1_0.id=?
2026-01-16 00:36:31.763 - 
    select
        mp1_0.id,
        mp1_0.avg_price_per_time,
        mp1_0.badge,
        mp1_0.category,
        mp1_0.code,
        mp1_0.description,
        mp1_0.features,
        mp1_0.is_active,
        mp1_0.name,
        mp1_0.people,
        mp1_0.price,
        mp1_0.sort_order,
        mp1_0.times_per_person,
        mp1_0.validity_days 
    from
        member_packages mp1_0 
    where
        mp1_0.id=?
2026-01-16 00:36:31.766 - 
    select
        po1_0.id,
        po1_0.card_end_date,
        po1_0.card_start_date,
        po1_0.card_status,
        po1_0.created_at,
        po1_0.order_no,
        po1_0.package_id,
        po1_0.package_name,
        po1_0.payment_method,
        po1_0.payment_time,
        po1_0.price,
        po1_0.remaining_times,
        po1_0.status,
        po1_0.transaction_type,
        po1_0.updated_at,
        po1_0.user_id 
    from
        payment_orders po1_0 
    where
        po1_0.user_id=? 
        and po1_0.status=?
2026-01-16 00:36:31.770 - 
    insert 
    into
        payment_orders
        (card_end_date, card_start_date, card_status, created_at, order_no, package_id, package_name, payment_method, payment_time, price, remaining_times, status, transaction_type, updated_at, user_id) 
    values
        (?, ?, ?, ?, ?, ?, ?, ?, ?, ?, ?, ?, ?, ?, ?)
2026-01-16 00:36:31.787 - 
    select
        po1_0.id,
        po1_0.card_end_date,
        po1_0.card_start_date,
        po1_0.card_status,
        po1_0.created_at,
        po1_0.order_no,
        po1_0.package_id,
        po1_0.package_name,
        po1_0.payment_method,
        po1_0.payment_time,
        po1_0.price,
        po1_0.remaining_times,
        po1_0.status,
        po1_0.transaction_type,
        po1_0.updated_at,
        po1_0.user_id 
    from
        payment_orders po1_0 
    where
        po1_0.id=?
2026-01-16 00:36:31.789 - 
    select
        u1_0.id,
        u1_0.avatar_url,
        u1_0.created_at,
        u1_0.last_login_time,
        u1_0.member_expire_time,
        u1_0.member_level,
        u1_0.nickname,
        u1_0.openid,
        u1_0.phone,
        u1_0.points,
        u1_0.remaining_visits,
        u1_0.role,
        u1_0.total_visits,
        u1_0.updated_at 
    from
        users u1_0 
    where
        u1_0.id=?
2026-01-16 00:36:41.361 - 
    select
        po1_0.id,
        po1_0.card_end_date,
        po1_0.card_start_date,
        po1_0.card_status,
        po1_0.created_at,
        po1_0.order_no,
        po1_0.package_id,
        po1_0.package_name,
        po1_0.payment_method,
        po1_0.payment_time,
        po1_0.price,
        po1_0.remaining_times,
        po1_0.status,
        po1_0.transaction_type,
        po1_0.updated_at,
        po1_0.user_id 
    from
        payment_orders po1_0 
    where
        po1_0.user_id=?
2026-01-16 00:36:41.363 - 
    select
        mp1_0.id,
        mp1_0.avg_price_per_time,
        mp1_0.badge,
        mp1_0.category,
        mp1_0.code,
        mp1_0.description,
        mp1_0.features,
        mp1_0.is_active,
        mp1_0.name,
        mp1_0.people,
        mp1_0.price,
        mp1_0.sort_order,
        mp1_0.times_per_person,
        mp1_0.validity_days 
    from
        member_packages mp1_0 
    where
        mp1_0.id=?
2026-01-16 00:36:44.620 - 
    select
        u1_0.id,
        u1_0.avatar_url,
        u1_0.created_at,
        u1_0.last_login_time,
        u1_0.member_expire_time,
        u1_0.member_level,
        u1_0.nickname,
        u1_0.openid,
        u1_0.phone,
        u1_0.points,
        u1_0.remaining_visits,
        u1_0.role,
        u1_0.total_visits,
        u1_0.updated_at 
    from
        users u1_0 
    where
        u1_0.id=?
2026-01-16 00:36:44.621 - 
    select
        po1_0.id,
        po1_0.card_end_date,
        po1_0.card_start_date,
        po1_0.card_status,
        po1_0.created_at,
        po1_0.order_no,
        po1_0.package_id,
        po1_0.package_name,
        po1_0.payment_method,
        po1_0.payment_time,
        po1_0.price,
        po1_0.remaining_times,
        po1_0.status,
        po1_0.transaction_type,
        po1_0.updated_at,
        po1_0.user_id 
    from
        payment_orders po1_0 
    where
        po1_0.user_id=?
2026-01-16 00:36:44.621 - 
    select
        u1_0.id,
        u1_0.avatar_url,
        u1_0.created_at,
        u1_0.last_login_time,
        u1_0.member_expire_time,
        u1_0.member_level,
        u1_0.nickname,
        u1_0.openid,
        u1_0.phone,
        u1_0.points,
        u1_0.remaining_visits,
        u1_0.role,
        u1_0.total_visits,
        u1_0.updated_at 
    from
        users u1_0 
    where
        u1_0.id=?
2026-01-16 00:36:44.623 - 
    select
        po1_0.id,
        po1_0.card_end_date,
        po1_0.card_start_date,
        po1_0.card_status,
        po1_0.created_at,
        po1_0.order_no,
        po1_0.package_id,
        po1_0.package_name,
        po1_0.payment_method,
        po1_0.payment_time,
        po1_0.price,
        po1_0.remaining_times,
        po1_0.status,
        po1_0.transaction_type,
        po1_0.updated_at,
        po1_0.user_id 
    from
        payment_orders po1_0 
    where
        po1_0.user_id=? 
        and po1_0.status=?
2026-01-16 00:36:44.624 - 
    select
        bo1_0.id,
        bo1_0.cabin_name,
        bo1_0.consume_time,
        bo1_0.created_at,
        bo1_0.date,
        bo1_0.order_no,
        bo1_0.original_price,
        bo1_0.payment_method,
        bo1_0.payment_order_id,
        bo1_0.payment_status,
        bo1_0.payment_time,
        bo1_0.price,
        bo1_0.seat_name,
        bo1_0.status,
        bo1_0.time_slot,
        bo1_0.updated_at,
        bo1_0.user_id 
    from
        booking_orders bo1_0 
    where
        bo1_0.user_id=? 
    order by
        bo1_0.created_at desc
2026-01-16 00:36:44.624 - 
    select
        mp1_0.id,
        mp1_0.avg_price_per_time,
        mp1_0.badge,
        mp1_0.category,
        mp1_0.code,
        mp1_0.description,
        mp1_0.features,
        mp1_0.is_active,
        mp1_0.name,
        mp1_0.people,
        mp1_0.price,
        mp1_0.sort_order,
        mp1_0.times_per_person,
        mp1_0.validity_days 
    from
        member_packages mp1_0 
    where
        mp1_0.id=?
2026-01-16 00:36:44.630 - 
    select
        u1_0.id,
        u1_0.avatar_url,
        u1_0.created_at,
        u1_0.last_login_time,
        u1_0.member_expire_time,
        u1_0.member_level,
        u1_0.nickname,
        u1_0.openid,
        u1_0.phone,
        u1_0.points,
        u1_0.remaining_visits,
        u1_0.role,
        u1_0.total_visits,
        u1_0.updated_at 
    from
        users u1_0 
    where
        u1_0.id=?
2026-01-16 00:36:44.631 - 
    select
        po1_0.id,
        po1_0.card_end_date,
        po1_0.card_start_date,
        po1_0.card_status,
        po1_0.created_at,
        po1_0.order_no,
        po1_0.package_id,
        po1_0.package_name,
        po1_0.payment_method,
        po1_0.payment_time,
        po1_0.price,
        po1_0.remaining_times,
        po1_0.status,
        po1_0.transaction_type,
        po1_0.updated_at,
        po1_0.user_id 
    from
        payment_orders po1_0 
    where
        po1_0.user_id=?
2026-01-16 00:36:44.631 - 
    select
        u1_0.id,
        u1_0.avatar_url,
        u1_0.created_at,
        u1_0.last_login_time,
        u1_0.member_expire_time,
        u1_0.member_level,
        u1_0.nickname,
        u1_0.openid,
        u1_0.phone,
        u1_0.points,
        u1_0.remaining_visits,
        u1_0.role,
        u1_0.total_visits,
        u1_0.updated_at 
    from
        users u1_0 
    where
        u1_0.id=?
2026-01-16 00:36:44.632 - 
    select
        mp1_0.id,
        mp1_0.avg_price_per_time,
        mp1_0.badge,
        mp1_0.category,
        mp1_0.code,
        mp1_0.description,
        mp1_0.features,
        mp1_0.is_active,
        mp1_0.name,
        mp1_0.people,
        mp1_0.price,
        mp1_0.sort_order,
        mp1_0.times_per_person,
        mp1_0.validity_days 
    from
        member_packages mp1_0 
    where
        mp1_0.id=?
2026-01-16 00:36:44.632 - 
    select
        po1_0.id,
        po1_0.card_end_date,
        po1_0.card_start_date,
        po1_0.card_status,
        po1_0.created_at,
        po1_0.order_no,
        po1_0.package_id,
        po1_0.package_name,
        po1_0.payment_method,
        po1_0.payment_time,
        po1_0.price,
        po1_0.remaining_times,
        po1_0.status,
        po1_0.transaction_type,
        po1_0.updated_at,
        po1_0.user_id 
    from
        payment_orders po1_0 
    where
        po1_0.user_id=? 
        and po1_0.status=?
2026-01-16 00:36:44.632 - 
    select
        bo1_0.id,
        bo1_0.cabin_name,
        bo1_0.consume_time,
        bo1_0.created_at,
        bo1_0.date,
        bo1_0.order_no,
        bo1_0.original_price,
        bo1_0.payment_method,
        bo1_0.payment_order_id,
        bo1_0.payment_status,
        bo1_0.payment_time,
        bo1_0.price,
        bo1_0.seat_name,
        bo1_0.status,
        bo1_0.time_slot,
        bo1_0.updated_at,
        bo1_0.user_id 
    from
        booking_orders bo1_0 
    where
        bo1_0.user_id=? 
    order by
        bo1_0.created_at desc
2026-01-16 00:36:46.603 - 
    select
        mp1_0.id,
        mp1_0.avg_price_per_time,
        mp1_0.badge,
        mp1_0.category,
        mp1_0.code,
        mp1_0.description,
        mp1_0.features,
        mp1_0.is_active,
        mp1_0.name,
        mp1_0.people,
        mp1_0.price,
        mp1_0.sort_order,
        mp1_0.times_per_person,
        mp1_0.validity_days 
    from
        member_packages mp1_0 
    where
        mp1_0.category=? 
        and mp1_0.is_active 
    order by
        mp1_0.sort_order
2026-01-16 00:36:46.612 - 
    select
        mp1_0.id,
        mp1_0.avg_price_per_time,
        mp1_0.badge,
        mp1_0.category,
        mp1_0.code,
        mp1_0.description,
        mp1_0.features,
        mp1_0.is_active,
        mp1_0.name,
        mp1_0.people,
        mp1_0.price,
        mp1_0.sort_order,
        mp1_0.times_per_person,
        mp1_0.validity_days 
    from
        member_packages mp1_0 
    where
        mp1_0.category=? 
        and mp1_0.is_active 
    order by
        mp1_0.sort_order
2026-01-16 00:36:49.090 - 
    select
        po1_0.id,
        po1_0.card_end_date,
        po1_0.card_start_date,
        po1_0.card_status,
        po1_0.created_at,
        po1_0.order_no,
        po1_0.package_id,
        po1_0.package_name,
        po1_0.payment_method,
        po1_0.payment_time,
        po1_0.price,
        po1_0.remaining_times,
        po1_0.status,
        po1_0.transaction_type,
        po1_0.updated_at,
        po1_0.user_id 
    from
        payment_orders po1_0 
    where
        po1_0.user_id=?
2026-01-16 00:36:49.092 - 
    select
        mp1_0.id,
        mp1_0.avg_price_per_time,
        mp1_0.badge,
        mp1_0.category,
        mp1_0.code,
        mp1_0.description,
        mp1_0.features,
        mp1_0.is_active,
        mp1_0.name,
        mp1_0.people,
        mp1_0.price,
        mp1_0.sort_order,
        mp1_0.times_per_person,
        mp1_0.validity_days 
    from
        member_packages mp1_0 
    where
        mp1_0.id=?
2026-01-16 00:36:50.928 - 
    select
        u1_0.id,
        u1_0.avatar_url,
        u1_0.created_at,
        u1_0.last_login_time,
        u1_0.member_expire_time,
        u1_0.member_level,
        u1_0.nickname,
        u1_0.openid,
        u1_0.phone,
        u1_0.points,
        u1_0.remaining_visits,
        u1_0.role,
        u1_0.total_visits,
        u1_0.updated_at 
    from
        users u1_0 
    where
        u1_0.id=?
2026-01-16 00:36:50.930 - 
    select
        mp1_0.id,
        mp1_0.avg_price_per_time,
        mp1_0.badge,
        mp1_0.category,
        mp1_0.code,
        mp1_0.description,
        mp1_0.features,
        mp1_0.is_active,
        mp1_0.name,
        mp1_0.people,
        mp1_0.price,
        mp1_0.sort_order,
        mp1_0.times_per_person,
        mp1_0.validity_days 
    from
        member_packages mp1_0 
    where
        mp1_0.id=?
2026-01-16 00:36:50.931 - 
    select
        po1_0.id,
        po1_0.card_end_date,
        po1_0.card_start_date,
        po1_0.card_status,
        po1_0.created_at,
        po1_0.order_no,
        po1_0.package_id,
        po1_0.package_name,
        po1_0.payment_method,
        po1_0.payment_time,
        po1_0.price,
        po1_0.remaining_times,
        po1_0.status,
        po1_0.transaction_type,
        po1_0.updated_at,
        po1_0.user_id 
    from
        payment_orders po1_0 
    where
        po1_0.user_id=? 
        and po1_0.status=?
2026-01-16 00:36:50.933 - 
    insert 
    into
        payment_orders
        (card_end_date, card_start_date, card_status, created_at, order_no, package_id, package_name, payment_method, payment_time, price, remaining_times, status, transaction_type, updated_at, user_id) 
    values
        (?, ?, ?, ?, ?, ?, ?, ?, ?, ?, ?, ?, ?, ?, ?)
2026-01-16 00:36:50.948 - 
    select
        po1_0.id,
        po1_0.card_end_date,
        po1_0.card_start_date,
        po1_0.card_status,
        po1_0.created_at,
        po1_0.order_no,
        po1_0.package_id,
        po1_0.package_name,
        po1_0.payment_method,
        po1_0.payment_time,
        po1_0.price,
        po1_0.remaining_times,
        po1_0.status,
        po1_0.transaction_type,
        po1_0.updated_at,
        po1_0.user_id 
    from
        payment_orders po1_0 
    where
        po1_0.id=?
2026-01-16 00:36:50.951 - 
    select
        u1_0.id,
        u1_0.avatar_url,
        u1_0.created_at,
        u1_0.last_login_time,
        u1_0.member_expire_time,
        u1_0.member_level,
        u1_0.nickname,
        u1_0.openid,
        u1_0.phone,
        u1_0.points,
        u1_0.remaining_visits,
        u1_0.role,
        u1_0.total_visits,
        u1_0.updated_at 
    from
        users u1_0 
    where
        u1_0.id=?
2026-01-16 00:37:02.095 - 
    select
        po1_0.id,
        po1_0.card_end_date,
        po1_0.card_start_date,
        po1_0.card_status,
        po1_0.created_at,
        po1_0.order_no,
        po1_0.package_id,
        po1_0.package_name,
        po1_0.payment_method,
        po1_0.payment_time,
        po1_0.price,
        po1_0.remaining_times,
        po1_0.status,
        po1_0.transaction_type,
        po1_0.updated_at,
        po1_0.user_id 
    from
        payment_orders po1_0 
    where
        po1_0.id=?
2026-01-16 00:37:02.100 - 
    select
        mp1_0.id,
        mp1_0.avg_price_per_time,
        mp1_0.badge,
        mp1_0.category,
        mp1_0.code,
        mp1_0.description,
        mp1_0.features,
        mp1_0.is_active,
        mp1_0.name,
        mp1_0.people,
        mp1_0.price,
        mp1_0.sort_order,
        mp1_0.times_per_person,
        mp1_0.validity_days 
    from
        member_packages mp1_0 
    where
        mp1_0.id=?
2026-01-16 00:37:02.101 - 
    select
        u1_0.id,
        u1_0.avatar_url,
        u1_0.created_at,
        u1_0.last_login_time,
        u1_0.member_expire_time,
        u1_0.member_level,
        u1_0.nickname,
        u1_0.openid,
        u1_0.phone,
        u1_0.points,
        u1_0.remaining_visits,
        u1_0.role,
        u1_0.total_visits,
        u1_0.updated_at 
    from
        users u1_0 
    where
        u1_0.id=?
2026-01-16 00:37:02.102 - 
    update
        payment_orders 
    set
        card_end_date=?,
        card_start_date=?,
        card_status=?,
        created_at=?,
        order_no=?,
        package_id=?,
        package_name=?,
        payment_method=?,
        payment_time=?,
        price=?,
        remaining_times=?,
        status=?,
        transaction_type=?,
        updated_at=?,
        user_id=? 
    where
        id=?
2026-01-16 00:37:02.104 - 
    update
        users 
    set
        avatar_url=?,
        created_at=?,
        last_login_time=?,
        member_expire_time=?,
        member_level=?,
        nickname=?,
        openid=?,
        phone=?,
        points=?,
        remaining_visits=?,
        role=?,
        total_visits=?,
        updated_at=? 
    where
        id=?
2026-01-16 00:37:04.395 - 
    select
        u1_0.id,
        u1_0.avatar_url,
        u1_0.created_at,
        u1_0.last_login_time,
        u1_0.member_expire_time,
        u1_0.member_level,
        u1_0.nickname,
        u1_0.openid,
        u1_0.phone,
        u1_0.points,
        u1_0.remaining_visits,
        u1_0.role,
        u1_0.total_visits,
        u1_0.updated_at 
    from
        users u1_0 
    where
        u1_0.id=?
2026-01-16 00:37:04.395 - 
    select
        u1_0.id,
        u1_0.avatar_url,
        u1_0.created_at,
        u1_0.last_login_time,
        u1_0.member_expire_time,
        u1_0.member_level,
        u1_0.nickname,
        u1_0.openid,
        u1_0.phone,
        u1_0.points,
        u1_0.remaining_visits,
        u1_0.role,
        u1_0.total_visits,
        u1_0.updated_at 
    from
        users u1_0 
    where
        u1_0.id=?
2026-01-16 00:37:04.395 - 
    select
        po1_0.id,
        po1_0.card_end_date,
        po1_0.card_start_date,
        po1_0.card_status,
        po1_0.created_at,
        po1_0.order_no,
        po1_0.package_id,
        po1_0.package_name,
        po1_0.payment_method,
        po1_0.payment_time,
        po1_0.price,
        po1_0.remaining_times,
        po1_0.status,
        po1_0.transaction_type,
        po1_0.updated_at,
        po1_0.user_id 
    from
        payment_orders po1_0 
    where
        po1_0.user_id=?
2026-01-16 00:37:04.397 - 
    select
        bo1_0.id,
        bo1_0.cabin_name,
        bo1_0.consume_time,
        bo1_0.created_at,
        bo1_0.date,
        bo1_0.order_no,
        bo1_0.original_price,
        bo1_0.payment_method,
        bo1_0.payment_order_id,
        bo1_0.payment_status,
        bo1_0.payment_time,
        bo1_0.price,
        bo1_0.seat_name,
        bo1_0.status,
        bo1_0.time_slot,
        bo1_0.updated_at,
        bo1_0.user_id 
    from
        booking_orders bo1_0 
    where
        bo1_0.user_id=? 
    order by
        bo1_0.created_at desc
2026-01-16 00:37:04.397 - 
    select
        mp1_0.id,
        mp1_0.avg_price_per_time,
        mp1_0.badge,
        mp1_0.category,
        mp1_0.code,
        mp1_0.description,
        mp1_0.features,
        mp1_0.is_active,
        mp1_0.name,
        mp1_0.people,
        mp1_0.price,
        mp1_0.sort_order,
        mp1_0.times_per_person,
        mp1_0.validity_days 
    from
        member_packages mp1_0 
    where
        mp1_0.id=?
2026-01-16 00:37:04.397 - 
    select
        po1_0.id,
        po1_0.card_end_date,
        po1_0.card_start_date,
        po1_0.card_status,
        po1_0.created_at,
        po1_0.order_no,
        po1_0.package_id,
        po1_0.package_name,
        po1_0.payment_method,
        po1_0.payment_time,
        po1_0.price,
        po1_0.remaining_times,
        po1_0.status,
        po1_0.transaction_type,
        po1_0.updated_at,
        po1_0.user_id 
    from
        payment_orders po1_0 
    where
        po1_0.user_id=? 
        and po1_0.status=?
2026-01-16 00:37:04.400 - 
    select
        mp1_0.id,
        mp1_0.avg_price_per_time,
        mp1_0.badge,
        mp1_0.category,
        mp1_0.code,
        mp1_0.description,
        mp1_0.features,
        mp1_0.is_active,
        mp1_0.name,
        mp1_0.people,
        mp1_0.price,
        mp1_0.sort_order,
        mp1_0.times_per_person,
        mp1_0.validity_days 
    from
        member_packages mp1_0 
    where
        mp1_0.id=?
2026-01-16 00:37:04.404 - 
    select
        u1_0.id,
        u1_0.avatar_url,
        u1_0.created_at,
        u1_0.last_login_time,
        u1_0.member_expire_time,
        u1_0.member_level,
        u1_0.nickname,
        u1_0.openid,
        u1_0.phone,
        u1_0.points,
        u1_0.remaining_visits,
        u1_0.role,
        u1_0.total_visits,
        u1_0.updated_at 
    from
        users u1_0 
    where
        u1_0.id=?
2026-01-16 00:37:04.404 - 
    select
        u1_0.id,
        u1_0.avatar_url,
        u1_0.created_at,
        u1_0.last_login_time,
        u1_0.member_expire_time,
        u1_0.member_level,
        u1_0.nickname,
        u1_0.openid,
        u1_0.phone,
        u1_0.points,
        u1_0.remaining_visits,
        u1_0.role,
        u1_0.total_visits,
        u1_0.updated_at 
    from
        users u1_0 
    where
        u1_0.id=?
2026-01-16 00:37:04.405 - 
    select
        bo1_0.id,
        bo1_0.cabin_name,
        bo1_0.consume_time,
        bo1_0.created_at,
        bo1_0.date,
        bo1_0.order_no,
        bo1_0.original_price,
        bo1_0.payment_method,
        bo1_0.payment_order_id,
        bo1_0.payment_status,
        bo1_0.payment_time,
        bo1_0.price,
        bo1_0.seat_name,
        bo1_0.status,
        bo1_0.time_slot,
        bo1_0.updated_at,
        bo1_0.user_id 
    from
        booking_orders bo1_0 
    where
        bo1_0.user_id=? 
    order by
        bo1_0.created_at desc
2026-01-16 00:37:04.406 - 
    select
        po1_0.id,
        po1_0.card_end_date,
        po1_0.card_start_date,
        po1_0.card_status,
        po1_0.created_at,
        po1_0.order_no,
        po1_0.package_id,
        po1_0.package_name,
        po1_0.payment_method,
        po1_0.payment_time,
        po1_0.price,
        po1_0.remaining_times,
        po1_0.status,
        po1_0.transaction_type,
        po1_0.updated_at,
        po1_0.user_id 
    from
        payment_orders po1_0 
    where
        po1_0.user_id=?
2026-01-16 00:37:04.406 - 
    select
        po1_0.id,
        po1_0.card_end_date,
        po1_0.card_start_date,
        po1_0.card_status,
        po1_0.created_at,
        po1_0.order_no,
        po1_0.package_id,
        po1_0.package_name,
        po1_0.payment_method,
        po1_0.payment_time,
        po1_0.price,
        po1_0.remaining_times,
        po1_0.status,
        po1_0.transaction_type,
        po1_0.updated_at,
        po1_0.user_id 
    from
        payment_orders po1_0 
    where
        po1_0.user_id=? 
        and po1_0.status=?
2026-01-16 00:37:04.408 - 
    select
        mp1_0.id,
        mp1_0.avg_price_per_time,
        mp1_0.badge,
        mp1_0.category,
        mp1_0.code,
        mp1_0.description,
        mp1_0.features,
        mp1_0.is_active,
        mp1_0.name,
        mp1_0.people,
        mp1_0.price,
        mp1_0.sort_order,
        mp1_0.times_per_person,
        mp1_0.validity_days 
    from
        member_packages mp1_0 
    where
        mp1_0.id=?
2026-01-16 00:37:04.410 - 
    select
        mp1_0.id,
        mp1_0.avg_price_per_time,
        mp1_0.badge,
        mp1_0.category,
        mp1_0.code,
        mp1_0.description,
        mp1_0.features,
        mp1_0.is_active,
        mp1_0.name,
        mp1_0.people,
        mp1_0.price,
        mp1_0.sort_order,
        mp1_0.times_per_person,
        mp1_0.validity_days 
    from
        member_packages mp1_0 
    where
        mp1_0.id=?
2026-01-16 00:37:04.432 - 
    select
        u1_0.id,
        u1_0.avatar_url,
        u1_0.created_at,
        u1_0.last_login_time,
        u1_0.member_expire_time,
        u1_0.member_level,
        u1_0.nickname,
        u1_0.openid,
        u1_0.phone,
        u1_0.points,
        u1_0.remaining_visits,
        u1_0.role,
        u1_0.total_visits,
        u1_0.updated_at 
    from
        users u1_0 
    where
        u1_0.id=?
2026-01-16 00:37:04.434 - 
    select
        po1_0.id,
        po1_0.card_end_date,
        po1_0.card_start_date,
        po1_0.card_status,
        po1_0.created_at,
        po1_0.order_no,
        po1_0.package_id,
        po1_0.package_name,
        po1_0.payment_method,
        po1_0.payment_time,
        po1_0.price,
        po1_0.remaining_times,
        po1_0.status,
        po1_0.transaction_type,
        po1_0.updated_at,
        po1_0.user_id 
    from
        payment_orders po1_0 
    where
        po1_0.user_id=? 
        and po1_0.status=?
2026-01-16 00:37:04.443 - 
    select
        u1_0.id,
        u1_0.avatar_url,
        u1_0.created_at,
        u1_0.last_login_time,
        u1_0.member_expire_time,
        u1_0.member_level,
        u1_0.nickname,
        u1_0.openid,
        u1_0.phone,
        u1_0.points,
        u1_0.remaining_visits,
        u1_0.role,
        u1_0.total_visits,
        u1_0.updated_at 
    from
        users u1_0 
    where
        u1_0.id=?
2026-01-16 00:37:04.444 - 
    select
        po1_0.id,
        po1_0.card_end_date,
        po1_0.card_start_date,
        po1_0.card_status,
        po1_0.created_at,
        po1_0.order_no,
        po1_0.package_id,
        po1_0.package_name,
        po1_0.payment_method,
        po1_0.payment_time,
        po1_0.price,
        po1_0.remaining_times,
        po1_0.status,
        po1_0.transaction_type,
        po1_0.updated_at,
        po1_0.user_id 
    from
        payment_orders po1_0 
    where
        po1_0.user_id=? 
        and po1_0.status=?
2026-01-16 00:37:09.254 - 
    select
        po1_0.id,
        po1_0.card_end_date,
        po1_0.card_start_date,
        po1_0.card_status,
        po1_0.created_at,
        po1_0.order_no,
        po1_0.package_id,
        po1_0.package_name,
        po1_0.payment_method,
        po1_0.payment_time,
        po1_0.price,
        po1_0.remaining_times,
        po1_0.status,
        po1_0.transaction_type,
        po1_0.updated_at,
        po1_0.user_id 
    from
        payment_orders po1_0 
    where
        po1_0.user_id=?
2026-01-16 00:37:09.261 - 
    select
        mp1_0.id,
        mp1_0.avg_price_per_time,
        mp1_0.badge,
        mp1_0.category,
        mp1_0.code,
        mp1_0.description,
        mp1_0.features,
        mp1_0.is_active,
        mp1_0.name,
        mp1_0.people,
        mp1_0.price,
        mp1_0.sort_order,
        mp1_0.times_per_person,
        mp1_0.validity_days 
    from
        member_packages mp1_0 
    where
        mp1_0.id=?
2026-01-16 00:37:09.263 - 
    select
        mp1_0.id,
        mp1_0.avg_price_per_time,
        mp1_0.badge,
        mp1_0.category,
        mp1_0.code,
        mp1_0.description,
        mp1_0.features,
        mp1_0.is_active,
        mp1_0.name,
        mp1_0.people,
        mp1_0.price,
        mp1_0.sort_order,
        mp1_0.times_per_person,
        mp1_0.validity_days 
    from
        member_packages mp1_0 
    where
        mp1_0.id=?
2026-01-16 00:37:09.270 - 
    select
        po1_0.id,
        po1_0.card_end_date,
        po1_0.card_start_date,
        po1_0.card_status,
        po1_0.created_at,
        po1_0.order_no,
        po1_0.package_id,
        po1_0.package_name,
        po1_0.payment_method,
        po1_0.payment_time,
        po1_0.price,
        po1_0.remaining_times,
        po1_0.status,
        po1_0.transaction_type,
        po1_0.updated_at,
        po1_0.user_id 
    from
        payment_orders po1_0 
    where
        po1_0.user_id=?
2026-01-16 00:37:09.271 - 
    select
        mp1_0.id,
        mp1_0.avg_price_per_time,
        mp1_0.badge,
        mp1_0.category,
        mp1_0.code,
        mp1_0.description,
        mp1_0.features,
        mp1_0.is_active,
        mp1_0.name,
        mp1_0.people,
        mp1_0.price,
        mp1_0.sort_order,
        mp1_0.times_per_person,
        mp1_0.validity_days 
    from
        member_packages mp1_0 
    where
        mp1_0.id=?
2026-01-16 00:37:09.273 - 
    select
        mp1_0.id,
        mp1_0.avg_price_per_time,
        mp1_0.badge,
        mp1_0.category,
        mp1_0.code,
        mp1_0.description,
        mp1_0.features,
        mp1_0.is_active,
        mp1_0.name,
        mp1_0.people,
        mp1_0.price,
        mp1_0.sort_order,
        mp1_0.times_per_person,
        mp1_0.validity_days 
    from
        member_packages mp1_0 
    where
        mp1_0.id=?
2026-01-16 00:37:12.726 - 
    select
        po1_0.id,
        po1_0.card_end_date,
        po1_0.card_start_date,
        po1_0.card_status,
        po1_0.created_at,
        po1_0.order_no,
        po1_0.package_id,
        po1_0.package_name,
        po1_0.payment_method,
        po1_0.payment_time,
        po1_0.price,
        po1_0.remaining_times,
        po1_0.status,
        po1_0.transaction_type,
        po1_0.updated_at,
        po1_0.user_id 
    from
        payment_orders po1_0 
    where
        po1_0.user_id=?
2026-01-16 00:37:12.728 - 
    select
        mp1_0.id,
        mp1_0.avg_price_per_time,
        mp1_0.badge,
        mp1_0.category,
        mp1_0.code,
        mp1_0.description,
        mp1_0.features,
        mp1_0.is_active,
        mp1_0.name,
        mp1_0.people,
        mp1_0.price,
        mp1_0.sort_order,
        mp1_0.times_per_person,
        mp1_0.validity_days 
    from
        member_packages mp1_0 
    where
        mp1_0.id=?
2026-01-16 00:37:12.730 - 
    select
        mp1_0.id,
        mp1_0.avg_price_per_time,
        mp1_0.badge,
        mp1_0.category,
        mp1_0.code,
        mp1_0.description,
        mp1_0.features,
        mp1_0.is_active,
        mp1_0.name,
        mp1_0.people,
        mp1_0.price,
        mp1_0.sort_order,
        mp1_0.times_per_person,
        mp1_0.validity_days 
    from
        member_packages mp1_0 
    where
        mp1_0.id=?
2026-01-16 00:37:12.747 - 
    select
        u1_0.id,
        u1_0.avatar_url,
        u1_0.created_at,
        u1_0.last_login_time,
        u1_0.member_expire_time,
        u1_0.member_level,
        u1_0.nickname,
        u1_0.openid,
        u1_0.phone,
        u1_0.points,
        u1_0.remaining_visits,
        u1_0.role,
        u1_0.total_visits,
        u1_0.updated_at 
    from
        users u1_0 
    where
        u1_0.id=?
2026-01-16 00:37:12.751 - 
    select
        bo1_0.id,
        bo1_0.cabin_name,
        bo1_0.consume_time,
        bo1_0.created_at,
        bo1_0.date,
        bo1_0.order_no,
        bo1_0.original_price,
        bo1_0.payment_method,
        bo1_0.payment_order_id,
        bo1_0.payment_status,
        bo1_0.payment_time,
        bo1_0.price,
        bo1_0.seat_name,
        bo1_0.status,
        bo1_0.time_slot,
        bo1_0.updated_at,
        bo1_0.user_id 
    from
        booking_orders bo1_0 
    where
        bo1_0.user_id=? 
        and bo1_0.date=? 
        and bo1_0.status!=?
2026-01-16 00:37:12.769 - 
    select
        u1_0.id,
        u1_0.avatar_url,
        u1_0.created_at,
        u1_0.last_login_time,
        u1_0.member_expire_time,
        u1_0.member_level,
        u1_0.nickname,
        u1_0.openid,
        u1_0.phone,
        u1_0.points,
        u1_0.remaining_visits,
        u1_0.role,
        u1_0.total_visits,
        u1_0.updated_at 
    from
        users u1_0 
    where
        u1_0.id=?
2026-01-16 00:37:12.772 - 
    select
        bo1_0.id,
        bo1_0.cabin_name,
        bo1_0.consume_time,
        bo1_0.created_at,
        bo1_0.date,
        bo1_0.order_no,
        bo1_0.original_price,
        bo1_0.payment_method,
        bo1_0.payment_order_id,
        bo1_0.payment_status,
        bo1_0.payment_time,
        bo1_0.price,
        bo1_0.seat_name,
        bo1_0.status,
        bo1_0.time_slot,
        bo1_0.updated_at,
        bo1_0.user_id 
    from
        booking_orders bo1_0 
    where
        bo1_0.user_id=? 
        and bo1_0.date=? 
        and bo1_0.status!=?
2026-01-16 00:37:12.776 - 
    select
        po1_0.id,
        po1_0.card_end_date,
        po1_0.card_start_date,
        po1_0.card_status,
        po1_0.created_at,
        po1_0.order_no,
        po1_0.package_id,
        po1_0.package_name,
        po1_0.payment_method,
        po1_0.payment_time,
        po1_0.price,
        po1_0.remaining_times,
        po1_0.status,
        po1_0.transaction_type,
        po1_0.updated_at,
        po1_0.user_id 
    from
        payment_orders po1_0 
    where
        po1_0.user_id=?
2026-01-16 00:37:12.779 - 
    select
        mp1_0.id,
        mp1_0.avg_price_per_time,
        mp1_0.badge,
        mp1_0.category,
        mp1_0.code,
        mp1_0.description,
        mp1_0.features,
        mp1_0.is_active,
        mp1_0.name,
        mp1_0.people,
        mp1_0.price,
        mp1_0.sort_order,
        mp1_0.times_per_person,
        mp1_0.validity_days 
    from
        member_packages mp1_0 
    where
        mp1_0.id=?
2026-01-16 00:37:12.783 - 
    insert 
    into
        booking_orders
        (cabin_name, consume_time, created_at, date, order_no, original_price, payment_method, payment_order_id, payment_status, payment_time, price, seat_name, status, time_slot, updated_at, user_id) 
    values
        (?, ?, ?, ?, ?, ?, ?, ?, ?, ?, ?, ?, ?, ?, ?, ?)
2026-01-16 00:37:14.662 - 
    select
        u1_0.id,
        u1_0.avatar_url,
        u1_0.created_at,
        u1_0.last_login_time,
        u1_0.member_expire_time,
        u1_0.member_level,
        u1_0.nickname,
        u1_0.openid,
        u1_0.phone,
        u1_0.points,
        u1_0.remaining_visits,
        u1_0.role,
        u1_0.total_visits,
        u1_0.updated_at 
    from
        users u1_0 
    where
        u1_0.id=?
2026-01-16 00:37:14.662 - 
    select
        u1_0.id,
        u1_0.avatar_url,
        u1_0.created_at,
        u1_0.last_login_time,
        u1_0.member_expire_time,
        u1_0.member_level,
        u1_0.nickname,
        u1_0.openid,
        u1_0.phone,
        u1_0.points,
        u1_0.remaining_visits,
        u1_0.role,
        u1_0.total_visits,
        u1_0.updated_at 
    from
        users u1_0 
    where
        u1_0.id=?
2026-01-16 00:37:14.664 - 
    select
        po1_0.id,
        po1_0.card_end_date,
        po1_0.card_start_date,
        po1_0.card_status,
        po1_0.created_at,
        po1_0.order_no,
        po1_0.package_id,
        po1_0.package_name,
        po1_0.payment_method,
        po1_0.payment_time,
        po1_0.price,
        po1_0.remaining_times,
        po1_0.status,
        po1_0.transaction_type,
        po1_0.updated_at,
        po1_0.user_id 
    from
        payment_orders po1_0 
    where
        po1_0.user_id=?
2026-01-16 00:37:14.670 - 
    select
        mp1_0.id,
        mp1_0.avg_price_per_time,
        mp1_0.badge,
        mp1_0.category,
        mp1_0.code,
        mp1_0.description,
        mp1_0.features,
        mp1_0.is_active,
        mp1_0.name,
        mp1_0.people,
        mp1_0.price,
        mp1_0.sort_order,
        mp1_0.times_per_person,
        mp1_0.validity_days 
    from
        member_packages mp1_0 
    where
        mp1_0.id=?
2026-01-16 00:37:14.670 - 
    select
        po1_0.id,
        po1_0.card_end_date,
        po1_0.card_start_date,
        po1_0.card_status,
        po1_0.created_at,
        po1_0.order_no,
        po1_0.package_id,
        po1_0.package_name,
        po1_0.payment_method,
        po1_0.payment_time,
        po1_0.price,
        po1_0.remaining_times,
        po1_0.status,
        po1_0.transaction_type,
        po1_0.updated_at,
        po1_0.user_id 
    from
        payment_orders po1_0 
    where
        po1_0.user_id=? 
        and po1_0.status=?
2026-01-16 00:37:14.670 - 
    select
        bo1_0.id,
        bo1_0.cabin_name,
        bo1_0.consume_time,
        bo1_0.created_at,
        bo1_0.date,
        bo1_0.order_no,
        bo1_0.original_price,
        bo1_0.payment_method,
        bo1_0.payment_order_id,
        bo1_0.payment_status,
        bo1_0.payment_time,
        bo1_0.price,
        bo1_0.seat_name,
        bo1_0.status,
        bo1_0.time_slot,
        bo1_0.updated_at,
        bo1_0.user_id 
    from
        booking_orders bo1_0 
    where
        bo1_0.user_id=? 
    order by
        bo1_0.created_at desc
2026-01-16 00:37:14.674 - 
    select
        mp1_0.id,
        mp1_0.avg_price_per_time,
        mp1_0.badge,
        mp1_0.category,
        mp1_0.code,
        mp1_0.description,
        mp1_0.features,
        mp1_0.is_active,
        mp1_0.name,
        mp1_0.people,
        mp1_0.price,
        mp1_0.sort_order,
        mp1_0.times_per_person,
        mp1_0.validity_days 
    from
        member_packages mp1_0 
    where
        mp1_0.id=?
2026-01-16 00:37:14.689 - 
    select
        u1_0.id,
        u1_0.avatar_url,
        u1_0.created_at,
        u1_0.last_login_time,
        u1_0.member_expire_time,
        u1_0.member_level,
        u1_0.nickname,
        u1_0.openid,
        u1_0.phone,
        u1_0.points,
        u1_0.remaining_visits,
        u1_0.role,
        u1_0.total_visits,
        u1_0.updated_at 
    from
        users u1_0 
    where
        u1_0.id=?
2026-01-16 00:37:14.690 - 
    select
        po1_0.id,
        po1_0.card_end_date,
        po1_0.card_start_date,
        po1_0.card_status,
        po1_0.created_at,
        po1_0.order_no,
        po1_0.package_id,
        po1_0.package_name,
        po1_0.payment_method,
        po1_0.payment_time,
        po1_0.price,
        po1_0.remaining_times,
        po1_0.status,
        po1_0.transaction_type,
        po1_0.updated_at,
        po1_0.user_id 
    from
        payment_orders po1_0 
    where
        po1_0.user_id=?
2026-01-16 00:37:14.691 - 
    select
        u1_0.id,
        u1_0.avatar_url,
        u1_0.created_at,
        u1_0.last_login_time,
        u1_0.member_expire_time,
        u1_0.member_level,
        u1_0.nickname,
        u1_0.openid,
        u1_0.phone,
        u1_0.points,
        u1_0.remaining_visits,
        u1_0.role,
        u1_0.total_visits,
        u1_0.updated_at 
    from
        users u1_0 
    where
        u1_0.id=?
2026-01-16 00:37:14.693 - 
    select
        mp1_0.id,
        mp1_0.avg_price_per_time,
        mp1_0.badge,
        mp1_0.category,
        mp1_0.code,
        mp1_0.description,
        mp1_0.features,
        mp1_0.is_active,
        mp1_0.name,
        mp1_0.people,
        mp1_0.price,
        mp1_0.sort_order,
        mp1_0.times_per_person,
        mp1_0.validity_days 
    from
        member_packages mp1_0 
    where
        mp1_0.id=?
2026-01-16 00:37:14.693 - 
    select
        bo1_0.id,
        bo1_0.cabin_name,
        bo1_0.consume_time,
        bo1_0.created_at,
        bo1_0.date,
        bo1_0.order_no,
        bo1_0.original_price,
        bo1_0.payment_method,
        bo1_0.payment_order_id,
        bo1_0.payment_status,
        bo1_0.payment_time,
        bo1_0.price,
        bo1_0.seat_name,
        bo1_0.status,
        bo1_0.time_slot,
        bo1_0.updated_at,
        bo1_0.user_id 
    from
        booking_orders bo1_0 
    where
        bo1_0.user_id=? 
    order by
        bo1_0.created_at desc
2026-01-16 00:37:14.693 - 
    select
        po1_0.id,
        po1_0.card_end_date,
        po1_0.card_start_date,
        po1_0.card_status,
        po1_0.created_at,
        po1_0.order_no,
        po1_0.package_id,
        po1_0.package_name,
        po1_0.payment_method,
        po1_0.payment_time,
        po1_0.price,
        po1_0.remaining_times,
        po1_0.status,
        po1_0.transaction_type,
        po1_0.updated_at,
        po1_0.user_id 
    from
        payment_orders po1_0 
    where
        po1_0.user_id=? 
        and po1_0.status=?
2026-01-16 00:37:14.697 - 
    select
        mp1_0.id,
        mp1_0.avg_price_per_time,
        mp1_0.badge,
        mp1_0.category,
        mp1_0.code,
        mp1_0.description,
        mp1_0.features,
        mp1_0.is_active,
        mp1_0.name,
        mp1_0.people,
        mp1_0.price,
        mp1_0.sort_order,
        mp1_0.times_per_person,
        mp1_0.validity_days 
    from
        member_packages mp1_0 
    where
        mp1_0.id=?
2026-01-16 00:37:14.725 - 
    select
        u1_0.id,
        u1_0.avatar_url,
        u1_0.created_at,
        u1_0.last_login_time,
        u1_0.member_expire_time,
        u1_0.member_level,
        u1_0.nickname,
        u1_0.openid,
        u1_0.phone,
        u1_0.points,
        u1_0.remaining_visits,
        u1_0.role,
        u1_0.total_visits,
        u1_0.updated_at 
    from
        users u1_0 
    where
        u1_0.id=?
2026-01-16 00:37:14.731 - 
    select
        po1_0.id,
        po1_0.card_end_date,
        po1_0.card_start_date,
        po1_0.card_status,
        po1_0.created_at,
        po1_0.order_no,
        po1_0.package_id,
        po1_0.package_name,
        po1_0.payment_method,
        po1_0.payment_time,
        po1_0.price,
        po1_0.remaining_times,
        po1_0.status,
        po1_0.transaction_type,
        po1_0.updated_at,
        po1_0.user_id 
    from
        payment_orders po1_0 
    where
        po1_0.user_id=? 
        and po1_0.status=?
2026-01-16 00:37:14.744 - 
    select
        u1_0.id,
        u1_0.avatar_url,
        u1_0.created_at,
        u1_0.last_login_time,
        u1_0.member_expire_time,
        u1_0.member_level,
        u1_0.nickname,
        u1_0.openid,
        u1_0.phone,
        u1_0.points,
        u1_0.remaining_visits,
        u1_0.role,
        u1_0.total_visits,
        u1_0.updated_at 
    from
        users u1_0 
    where
        u1_0.id=?
2026-01-16 00:37:14.747 - 
    select
        po1_0.id,
        po1_0.card_end_date,
        po1_0.card_start_date,
        po1_0.card_status,
        po1_0.created_at,
        po1_0.order_no,
        po1_0.package_id,
        po1_0.package_name,
        po1_0.payment_method,
        po1_0.payment_time,
        po1_0.price,
        po1_0.remaining_times,
        po1_0.status,
        po1_0.transaction_type,
        po1_0.updated_at,
        po1_0.user_id 
    from
        payment_orders po1_0 
    where
        po1_0.user_id=? 
        and po1_0.status=?
2026-01-16 00:37:37.550 - 
    select
        u1_0.id,
        u1_0.avatar_url,
        u1_0.created_at,
        u1_0.last_login_time,
        u1_0.member_expire_time,
        u1_0.member_level,
        u1_0.nickname,
        u1_0.openid,
        u1_0.phone,
        u1_0.points,
        u1_0.remaining_visits,
        u1_0.role,
        u1_0.total_visits,
        u1_0.updated_at 
    from
        users u1_0 
    where
        u1_0.id=?
2026-01-16 00:37:37.550 - 
    select
        u1_0.id,
        u1_0.avatar_url,
        u1_0.created_at,
        u1_0.last_login_time,
        u1_0.member_expire_time,
        u1_0.member_level,
        u1_0.nickname,
        u1_0.openid,
        u1_0.phone,
        u1_0.points,
        u1_0.remaining_visits,
        u1_0.role,
        u1_0.total_visits,
        u1_0.updated_at 
    from
        users u1_0 
    where
        u1_0.id=?
2026-01-16 00:37:37.551 - 
    select
        po1_0.id,
        po1_0.card_end_date,
        po1_0.card_start_date,
        po1_0.card_status,
        po1_0.created_at,
        po1_0.order_no,
        po1_0.package_id,
        po1_0.package_name,
        po1_0.payment_method,
        po1_0.payment_time,
        po1_0.price,
        po1_0.remaining_times,
        po1_0.status,
        po1_0.transaction_type,
        po1_0.updated_at,
        po1_0.user_id 
    from
        payment_orders po1_0 
    where
        po1_0.user_id=?
2026-01-16 00:37:37.556 - 
    select
        mp1_0.id,
        mp1_0.avg_price_per_time,
        mp1_0.badge,
        mp1_0.category,
        mp1_0.code,
        mp1_0.description,
        mp1_0.features,
        mp1_0.is_active,
        mp1_0.name,
        mp1_0.people,
        mp1_0.price,
        mp1_0.sort_order,
        mp1_0.times_per_person,
        mp1_0.validity_days 
    from
        member_packages mp1_0 
    where
        mp1_0.id=?
2026-01-16 00:37:37.557 - 
    select
        po1_0.id,
        po1_0.card_end_date,
        po1_0.card_start_date,
        po1_0.card_status,
        po1_0.created_at,
        po1_0.order_no,
        po1_0.package_id,
        po1_0.package_name,
        po1_0.payment_method,
        po1_0.payment_time,
        po1_0.price,
        po1_0.remaining_times,
        po1_0.status,
        po1_0.transaction_type,
        po1_0.updated_at,
        po1_0.user_id 
    from
        payment_orders po1_0 
    where
        po1_0.user_id=? 
        and po1_0.status=?
2026-01-16 00:37:37.557 - 
    select
        bo1_0.id,
        bo1_0.cabin_name,
        bo1_0.consume_time,
        bo1_0.created_at,
        bo1_0.date,
        bo1_0.order_no,
        bo1_0.original_price,
        bo1_0.payment_method,
        bo1_0.payment_order_id,
        bo1_0.payment_status,
        bo1_0.payment_time,
        bo1_0.price,
        bo1_0.seat_name,
        bo1_0.status,
        bo1_0.time_slot,
        bo1_0.updated_at,
        bo1_0.user_id 
    from
        booking_orders bo1_0 
    where
        bo1_0.user_id=? 
    order by
        bo1_0.created_at desc
2026-01-16 00:37:37.559 - 
    select
        mp1_0.id,
        mp1_0.avg_price_per_time,
        mp1_0.badge,
        mp1_0.category,
        mp1_0.code,
        mp1_0.description,
        mp1_0.features,
        mp1_0.is_active,
        mp1_0.name,
        mp1_0.people,
        mp1_0.price,
        mp1_0.sort_order,
        mp1_0.times_per_person,
        mp1_0.validity_days 
    from
        member_packages mp1_0 
    where
        mp1_0.id=?
2026-01-16 00:37:37.589 - 
    select
        u1_0.id,
        u1_0.avatar_url,
        u1_0.created_at,
        u1_0.last_login_time,
        u1_0.member_expire_time,
        u1_0.member_level,
        u1_0.nickname,
        u1_0.openid,
        u1_0.phone,
        u1_0.points,
        u1_0.remaining_visits,
        u1_0.role,
        u1_0.total_visits,
        u1_0.updated_at 
    from
        users u1_0 
    where
        u1_0.id=?
2026-01-16 00:37:37.591 - 
    select
        po1_0.id,
        po1_0.card_end_date,
        po1_0.card_start_date,
        po1_0.card_status,
        po1_0.created_at,
        po1_0.order_no,
        po1_0.package_id,
        po1_0.package_name,
        po1_0.payment_method,
        po1_0.payment_time,
        po1_0.price,
        po1_0.remaining_times,
        po1_0.status,
        po1_0.transaction_type,
        po1_0.updated_at,
        po1_0.user_id 
    from
        payment_orders po1_0 
    where
        po1_0.user_id=? 
        and po1_0.status=?
2026-01-16 00:37:44.995 - 
    select
        s1_0.id,
        s1_0.created_at,
        s1_0.last_login_time,
        s1_0.name,
        s1_0.password,
        s1_0.phone,
        s1_0.status,
        s1_0.updated_at,
        s1_0.username 
    from
        staffs s1_0 
    where
        s1_0.username=?
2026-01-16 00:37:45.008 - 
    update
        staffs 
    set
        created_at=?,
        last_login_time=?,
        name=?,
        password=?,
        phone=?,
        status=?,
        updated_at=?,
        username=? 
    where
        id=?
2026-01-16 00:37:49.235 - 
    select
        bo1_0.id,
        bo1_0.cabin_name,
        bo1_0.consume_time,
        bo1_0.created_at,
        bo1_0.date,
        bo1_0.order_no,
        bo1_0.original_price,
        bo1_0.payment_method,
        bo1_0.payment_order_id,
        bo1_0.payment_status,
        bo1_0.payment_time,
        bo1_0.price,
        bo1_0.seat_name,
        bo1_0.status,
        bo1_0.time_slot,
        bo1_0.updated_at,
        bo1_0.user_id 
    from
        booking_orders bo1_0 
    where
        bo1_0.order_no=?
2026-01-16 00:37:49.239 - 
    update
        booking_orders 
    set
        cabin_name=?,
        consume_time=?,
        created_at=?,
        date=?,
        order_no=?,
        original_price=?,
        payment_method=?,
        payment_order_id=?,
        payment_status=?,
        payment_time=?,
        price=?,
        seat_name=?,
        status=?,
        time_slot=?,
        updated_at=?,
        user_id=? 
    where
        id=?
2026-01-16 00:37:49.242 - 
    update
        booking_orders 
    set
        cabin_name=?,
        consume_time=?,
        created_at=?,
        date=?,
        order_no=?,
        original_price=?,
        payment_method=?,
        payment_order_id=?,
        payment_status=?,
        payment_time=?,
        price=?,
        seat_name=?,
        status=?,
        time_slot=?,
        updated_at=?,
        user_id=? 
    where
        id=?
2026-01-16 00:37:49.246 - 
    select
        dvr1_0.id,
        dvr1_0.created_at,
        dvr1_0.last_visit_time,
        dvr1_0.updated_at,
        dvr1_0.user_id,
        dvr1_0.visit_count,
        dvr1_0.visit_date 
    from
        daily_visit_records dvr1_0 
    where
        dvr1_0.user_id=? 
        and dvr1_0.visit_date=?
2026-01-16 00:37:49.253 - 
    insert 
    into
        daily_visit_records
        (created_at, last_visit_time, updated_at, user_id, visit_count, visit_date) 
    values
        (?, ?, ?, ?, ?, ?)
2026-01-16 00:37:49.255 - 
    update
        daily_visit_records 
    set
        created_at=?,
        last_visit_time=?,
        updated_at=?,
        user_id=?,
        visit_count=?,
        visit_date=? 
    where
        id=?
2026-01-16 00:37:53.045 - 
    select
        po1_0.id,
        po1_0.card_end_date,
        po1_0.card_start_date,
        po1_0.card_status,
        po1_0.created_at,
        po1_0.order_no,
        po1_0.package_id,
        po1_0.package_name,
        po1_0.payment_method,
        po1_0.payment_time,
        po1_0.price,
        po1_0.remaining_times,
        po1_0.status,
        po1_0.transaction_type,
        po1_0.updated_at,
        po1_0.user_id 
    from
        payment_orders po1_0 
    where
        po1_0.user_id=?
2026-01-16 00:37:53.048 - 
    select
        mp1_0.id,
        mp1_0.avg_price_per_time,
        mp1_0.badge,
        mp1_0.category,
        mp1_0.code,
        mp1_0.description,
        mp1_0.features,
        mp1_0.is_active,
        mp1_0.name,
        mp1_0.people,
        mp1_0.price,
        mp1_0.sort_order,
        mp1_0.times_per_person,
        mp1_0.validity_days 
    from
        member_packages mp1_0 
    where
        mp1_0.id=?
2026-01-16 00:37:53.050 - 
    select
        mp1_0.id,
        mp1_0.avg_price_per_time,
        mp1_0.badge,
        mp1_0.category,
        mp1_0.code,
        mp1_0.description,
        mp1_0.features,
        mp1_0.is_active,
        mp1_0.name,
        mp1_0.people,
        mp1_0.price,
        mp1_0.sort_order,
        mp1_0.times_per_person,
        mp1_0.validity_days 
    from
        member_packages mp1_0 
    where
        mp1_0.id=?
2026-01-16 00:37:53.060 - 
    select
        po1_0.id,
        po1_0.card_end_date,
        po1_0.card_start_date,
        po1_0.card_status,
        po1_0.created_at,
        po1_0.order_no,
        po1_0.package_id,
        po1_0.package_name,
        po1_0.payment_method,
        po1_0.payment_time,
        po1_0.price,
        po1_0.remaining_times,
        po1_0.status,
        po1_0.transaction_type,
        po1_0.updated_at,
        po1_0.user_id 
    from
        payment_orders po1_0 
    where
        po1_0.user_id=?
2026-01-16 00:37:53.064 - 
    select
        mp1_0.id,
        mp1_0.avg_price_per_time,
        mp1_0.badge,
        mp1_0.category,
        mp1_0.code,
        mp1_0.description,
        mp1_0.features,
        mp1_0.is_active,
        mp1_0.name,
        mp1_0.people,
        mp1_0.price,
        mp1_0.sort_order,
        mp1_0.times_per_person,
        mp1_0.validity_days 
    from
        member_packages mp1_0 
    where
        mp1_0.id=?
2026-01-16 00:37:53.067 - 
    select
        mp1_0.id,
        mp1_0.avg_price_per_time,
        mp1_0.badge,
        mp1_0.category,
        mp1_0.code,
        mp1_0.description,
        mp1_0.features,
        mp1_0.is_active,
        mp1_0.name,
        mp1_0.people,
        mp1_0.price,
        mp1_0.sort_order,
        mp1_0.times_per_person,
        mp1_0.validity_days 
    from
        member_packages mp1_0 
    where
        mp1_0.id=?
2026-01-16 00:37:54.625 - 
    select
        u1_0.id,
        u1_0.avatar_url,
        u1_0.created_at,
        u1_0.last_login_time,
        u1_0.member_expire_time,
        u1_0.member_level,
        u1_0.nickname,
        u1_0.openid,
        u1_0.phone,
        u1_0.points,
        u1_0.remaining_visits,
        u1_0.role,
        u1_0.total_visits,
        u1_0.updated_at 
    from
        users u1_0 
    where
        u1_0.id=?
2026-01-16 00:37:54.625 - 
    select
        u1_0.id,
        u1_0.avatar_url,
        u1_0.created_at,
        u1_0.last_login_time,
        u1_0.member_expire_time,
        u1_0.member_level,
        u1_0.nickname,
        u1_0.openid,
        u1_0.phone,
        u1_0.points,
        u1_0.remaining_visits,
        u1_0.role,
        u1_0.total_visits,
        u1_0.updated_at 
    from
        users u1_0 
    where
        u1_0.id=?
2026-01-16 00:37:54.625 - 
    select
        po1_0.id,
        po1_0.card_end_date,
        po1_0.card_start_date,
        po1_0.card_status,
        po1_0.created_at,
        po1_0.order_no,
        po1_0.package_id,
        po1_0.package_name,
        po1_0.payment_method,
        po1_0.payment_time,
        po1_0.price,
        po1_0.remaining_times,
        po1_0.status,
        po1_0.transaction_type,
        po1_0.updated_at,
        po1_0.user_id 
    from
        payment_orders po1_0 
    where
        po1_0.user_id=?
2026-01-16 00:37:54.628 - 
    select
        mp1_0.id,
        mp1_0.avg_price_per_time,
        mp1_0.badge,
        mp1_0.category,
        mp1_0.code,
        mp1_0.description,
        mp1_0.features,
        mp1_0.is_active,
        mp1_0.name,
        mp1_0.people,
        mp1_0.price,
        mp1_0.sort_order,
        mp1_0.times_per_person,
        mp1_0.validity_days 
    from
        member_packages mp1_0 
    where
        mp1_0.id=?
2026-01-16 00:37:54.628 - 
    select
        po1_0.id,
        po1_0.card_end_date,
        po1_0.card_start_date,
        po1_0.card_status,
        po1_0.created_at,
        po1_0.order_no,
        po1_0.package_id,
        po1_0.package_name,
        po1_0.payment_method,
        po1_0.payment_time,
        po1_0.price,
        po1_0.remaining_times,
        po1_0.status,
        po1_0.transaction_type,
        po1_0.updated_at,
        po1_0.user_id 
    from
        payment_orders po1_0 
    where
        po1_0.user_id=? 
        and po1_0.status=?
2026-01-16 00:37:54.628 - 
    select
        bo1_0.id,
        bo1_0.cabin_name,
        bo1_0.consume_time,
        bo1_0.created_at,
        bo1_0.date,
        bo1_0.order_no,
        bo1_0.original_price,
        bo1_0.payment_method,
        bo1_0.payment_order_id,
        bo1_0.payment_status,
        bo1_0.payment_time,
        bo1_0.price,
        bo1_0.seat_name,
        bo1_0.status,
        bo1_0.time_slot,
        bo1_0.updated_at,
        bo1_0.user_id 
    from
        booking_orders bo1_0 
    where
        bo1_0.user_id=? 
    order by
        bo1_0.created_at desc
2026-01-16 00:37:54.630 - 
    select
        mp1_0.id,
        mp1_0.avg_price_per_time,
        mp1_0.badge,
        mp1_0.category,
        mp1_0.code,
        mp1_0.description,
        mp1_0.features,
        mp1_0.is_active,
        mp1_0.name,
        mp1_0.people,
        mp1_0.price,
        mp1_0.sort_order,
        mp1_0.times_per_person,
        mp1_0.validity_days 
    from
        member_packages mp1_0 
    where
        mp1_0.id=?
2026-01-16 00:37:54.636 - 
    select
        u1_0.id,
        u1_0.avatar_url,
        u1_0.created_at,
        u1_0.last_login_time,
        u1_0.member_expire_time,
        u1_0.member_level,
        u1_0.nickname,
        u1_0.openid,
        u1_0.phone,
        u1_0.points,
        u1_0.remaining_visits,
        u1_0.role,
        u1_0.total_visits,
        u1_0.updated_at 
    from
        users u1_0 
    where
        u1_0.id=?
2026-01-16 00:37:54.636 - 
    select
        u1_0.id,
        u1_0.avatar_url,
        u1_0.created_at,
        u1_0.last_login_time,
        u1_0.member_expire_time,
        u1_0.member_level,
        u1_0.nickname,
        u1_0.openid,
        u1_0.phone,
        u1_0.points,
        u1_0.remaining_visits,
        u1_0.role,
        u1_0.total_visits,
        u1_0.updated_at 
    from
        users u1_0 
    where
        u1_0.id=?
2026-01-16 00:37:54.638 - 
    select
        po1_0.id,
        po1_0.card_end_date,
        po1_0.card_start_date,
        po1_0.card_status,
        po1_0.created_at,
        po1_0.order_no,
        po1_0.package_id,
        po1_0.package_name,
        po1_0.payment_method,
        po1_0.payment_time,
        po1_0.price,
        po1_0.remaining_times,
        po1_0.status,
        po1_0.transaction_type,
        po1_0.updated_at,
        po1_0.user_id 
    from
        payment_orders po1_0 
    where
        po1_0.user_id=? 
        and po1_0.status=?
2026-01-16 00:37:54.639 - 
    select
        po1_0.id,
        po1_0.card_end_date,
        po1_0.card_start_date,
        po1_0.card_status,
        po1_0.created_at,
        po1_0.order_no,
        po1_0.package_id,
        po1_0.package_name,
        po1_0.payment_method,
        po1_0.payment_time,
        po1_0.price,
        po1_0.remaining_times,
        po1_0.status,
        po1_0.transaction_type,
        po1_0.updated_at,
        po1_0.user_id 
    from
        payment_orders po1_0 
    where
        po1_0.user_id=?
2026-01-16 00:37:54.639 - 
    select
        bo1_0.id,
        bo1_0.cabin_name,
        bo1_0.consume_time,
        bo1_0.created_at,
        bo1_0.date,
        bo1_0.order_no,
        bo1_0.original_price,
        bo1_0.payment_method,
        bo1_0.payment_order_id,
        bo1_0.payment_status,
        bo1_0.payment_time,
        bo1_0.price,
        bo1_0.seat_name,
        bo1_0.status,
        bo1_0.time_slot,
        bo1_0.updated_at,
        bo1_0.user_id 
    from
        booking_orders bo1_0 
    where
        bo1_0.user_id=? 
    order by
        bo1_0.created_at desc
2026-01-16 00:37:54.641 - 
    select
        mp1_0.id,
        mp1_0.avg_price_per_time,
        mp1_0.badge,
        mp1_0.category,
        mp1_0.code,
        mp1_0.description,
        mp1_0.features,
        mp1_0.is_active,
        mp1_0.name,
        mp1_0.people,
        mp1_0.price,
        mp1_0.sort_order,
        mp1_0.times_per_person,
        mp1_0.validity_days 
    from
        member_packages mp1_0 
    where
        mp1_0.id=?
2026-01-16 00:37:54.643 - 
    select
        mp1_0.id,
        mp1_0.avg_price_per_time,
        mp1_0.badge,
        mp1_0.category,
        mp1_0.code,
        mp1_0.description,
        mp1_0.features,
        mp1_0.is_active,
        mp1_0.name,
        mp1_0.people,
        mp1_0.price,
        mp1_0.sort_order,
        mp1_0.times_per_person,
        mp1_0.validity_days 
    from
        member_packages mp1_0 
    where
        mp1_0.id=?
2026-01-16 00:37:54.651 - 
    select
        u1_0.id,
        u1_0.avatar_url,
        u1_0.created_at,
        u1_0.last_login_time,
        u1_0.member_expire_time,
        u1_0.member_level,
        u1_0.nickname,
        u1_0.openid,
        u1_0.phone,
        u1_0.points,
        u1_0.remaining_visits,
        u1_0.role,
        u1_0.total_visits,
        u1_0.updated_at 
    from
        users u1_0 
    where
        u1_0.id=?
2026-01-16 00:37:54.655 - 
    select
        po1_0.id,
        po1_0.card_end_date,
        po1_0.card_start_date,
        po1_0.card_status,
        po1_0.created_at,
        po1_0.order_no,
        po1_0.package_id,
        po1_0.package_name,
        po1_0.payment_method,
        po1_0.payment_time,
        po1_0.price,
        po1_0.remaining_times,
        po1_0.status,
        po1_0.transaction_type,
        po1_0.updated_at,
        po1_0.user_id 
    from
        payment_orders po1_0 
    where
        po1_0.user_id=? 
        and po1_0.status=?
2026-01-16 00:37:54.669 - 
    select
        u1_0.id,
        u1_0.avatar_url,
        u1_0.created_at,
        u1_0.last_login_time,
        u1_0.member_expire_time,
        u1_0.member_level,
        u1_0.nickname,
        u1_0.openid,
        u1_0.phone,
        u1_0.points,
        u1_0.remaining_visits,
        u1_0.role,
        u1_0.total_visits,
        u1_0.updated_at 
    from
        users u1_0 
    where
        u1_0.id=?
2026-01-16 00:37:54.672 - 
    select
        po1_0.id,
        po1_0.card_end_date,
        po1_0.card_start_date,
        po1_0.card_status,
        po1_0.created_at,
        po1_0.order_no,
        po1_0.package_id,
        po1_0.package_name,
        po1_0.payment_method,
        po1_0.payment_time,
        po1_0.price,
        po1_0.remaining_times,
        po1_0.status,
        po1_0.transaction_type,
        po1_0.updated_at,
        po1_0.user_id 
    from
        payment_orders po1_0 
    where
        po1_0.user_id=? 
        and po1_0.status=?
2026-01-16 02:00:00.415 - 
    select
        po1_0.id,
        po1_0.card_end_date,
        po1_0.card_start_date,
        po1_0.card_status,
        po1_0.created_at,
        po1_0.order_no,
        po1_0.package_id,
        po1_0.package_name,
        po1_0.payment_method,
        po1_0.payment_time,
        po1_0.price,
        po1_0.remaining_times,
        po1_0.status,
        po1_0.transaction_type,
        po1_0.updated_at,
        po1_0.user_id 
    from
        payment_orders po1_0 
    where
        po1_0.status=?
2026-01-16 02:00:00.475 - 
    select
        mp1_0.id,
        mp1_0.avg_price_per_time,
        mp1_0.badge,
        mp1_0.category,
        mp1_0.code,
        mp1_0.description,
        mp1_0.features,
        mp1_0.is_active,
        mp1_0.name,
        mp1_0.people,
        mp1_0.price,
        mp1_0.sort_order,
        mp1_0.times_per_person,
        mp1_0.validity_days 
    from
        member_packages mp1_0 
    where
        mp1_0.id=?
2026-01-16 11:11:29.429 - 
    select
        mp1_0.id,
        mp1_0.avg_price_per_time,
        mp1_0.badge,
        mp1_0.category,
        mp1_0.code,
        mp1_0.description,
        mp1_0.features,
        mp1_0.is_active,
        mp1_0.name,
        mp1_0.people,
        mp1_0.price,
        mp1_0.sort_order,
        mp1_0.times_per_person,
        mp1_0.validity_days 
    from
        member_packages mp1_0 
    where
        mp1_0.is_active 
    order by
        mp1_0.sort_order
2026-01-16 11:11:31.153 - 
    select
        po1_0.id,
        po1_0.card_end_date,
        po1_0.card_start_date,
        po1_0.card_status,
        po1_0.created_at,
        po1_0.order_no,
        po1_0.package_id,
        po1_0.package_name,
        po1_0.payment_method,
        po1_0.payment_time,
        po1_0.price,
        po1_0.remaining_times,
        po1_0.status,
        po1_0.transaction_type,
        po1_0.updated_at,
        po1_0.user_id 
    from
        payment_orders po1_0 
    where
        po1_0.user_id=?
2026-01-16 11:11:31.173 - 
    select
        u1_0.id,
        u1_0.avatar_url,
        u1_0.created_at,
        u1_0.last_login_time,
        u1_0.member_expire_time,
        u1_0.member_level,
        u1_0.nickname,
        u1_0.openid,
        u1_0.phone,
        u1_0.points,
        u1_0.remaining_visits,
        u1_0.role,
        u1_0.total_visits,
        u1_0.updated_at 
    from
        users u1_0 
    where
        u1_0.id=?
2026-01-16 11:11:31.173 - 
    select
        u1_0.id,
        u1_0.avatar_url,
        u1_0.created_at,
        u1_0.last_login_time,
        u1_0.member_expire_time,
        u1_0.member_level,
        u1_0.nickname,
        u1_0.openid,
        u1_0.phone,
        u1_0.points,
        u1_0.remaining_visits,
        u1_0.role,
        u1_0.total_visits,
        u1_0.updated_at 
    from
        users u1_0 
    where
        u1_0.id=?
2026-01-16 11:11:31.178 - 
    select
        mp1_0.id,
        mp1_0.avg_price_per_time,
        mp1_0.badge,
        mp1_0.category,
        mp1_0.code,
        mp1_0.description,
        mp1_0.features,
        mp1_0.is_active,
        mp1_0.name,
        mp1_0.people,
        mp1_0.price,
        mp1_0.sort_order,
        mp1_0.times_per_person,
        mp1_0.validity_days 
    from
        member_packages mp1_0 
    where
        mp1_0.id=?
2026-01-16 11:11:31.191 - 
    select
        mp1_0.id,
        mp1_0.avg_price_per_time,
        mp1_0.badge,
        mp1_0.category,
        mp1_0.code,
        mp1_0.description,
        mp1_0.features,
        mp1_0.is_active,
        mp1_0.name,
        mp1_0.people,
        mp1_0.price,
        mp1_0.sort_order,
        mp1_0.times_per_person,
        mp1_0.validity_days 
    from
        member_packages mp1_0 
    where
        mp1_0.id=?
2026-01-16 11:11:31.193 - 
    select
        po1_0.id,
        po1_0.card_end_date,
        po1_0.card_start_date,
        po1_0.card_status,
        po1_0.created_at,
        po1_0.order_no,
        po1_0.package_id,
        po1_0.package_name,
        po1_0.payment_method,
        po1_0.payment_time,
        po1_0.price,
        po1_0.remaining_times,
        po1_0.status,
        po1_0.transaction_type,
        po1_0.updated_at,
        po1_0.user_id 
    from
        payment_orders po1_0 
    where
        po1_0.user_id=? 
        and po1_0.status=?
2026-01-16 11:11:31.193 - 
    select
        bo1_0.id,
        bo1_0.cabin_name,
        bo1_0.consume_time,
        bo1_0.created_at,
        bo1_0.date,
        bo1_0.order_no,
        bo1_0.original_price,
        bo1_0.payment_method,
        bo1_0.payment_order_id,
        bo1_0.payment_status,
        bo1_0.payment_time,
        bo1_0.price,
        bo1_0.seat_name,
        bo1_0.status,
        bo1_0.time_slot,
        bo1_0.updated_at,
        bo1_0.user_id 
    from
        booking_orders bo1_0 
    where
        bo1_0.user_id=? 
    order by
        bo1_0.created_at desc
2026-01-16 11:11:31.211 - 
    select
        po1_0.id,
        po1_0.card_end_date,
        po1_0.card_start_date,
        po1_0.card_status,
        po1_0.created_at,
        po1_0.order_no,
        po1_0.package_id,
        po1_0.package_name,
        po1_0.payment_method,
        po1_0.payment_time,
        po1_0.price,
        po1_0.remaining_times,
        po1_0.status,
        po1_0.transaction_type,
        po1_0.updated_at,
        po1_0.user_id 
    from
        payment_orders po1_0 
    where
        po1_0.user_id=?
2026-01-16 11:11:31.214 - 
    select
        u1_0.id,
        u1_0.avatar_url,
        u1_0.created_at,
        u1_0.last_login_time,
        u1_0.member_expire_time,
        u1_0.member_level,
        u1_0.nickname,
        u1_0.openid,
        u1_0.phone,
        u1_0.points,
        u1_0.remaining_visits,
        u1_0.role,
        u1_0.total_visits,
        u1_0.updated_at 
    from
        users u1_0 
    where
        u1_0.id=?
2026-01-16 11:11:31.219 - 
    select
        mp1_0.id,
        mp1_0.avg_price_per_time,
        mp1_0.badge,
        mp1_0.category,
        mp1_0.code,
        mp1_0.description,
        mp1_0.features,
        mp1_0.is_active,
        mp1_0.name,
        mp1_0.people,
        mp1_0.price,
        mp1_0.sort_order,
        mp1_0.times_per_person,
        mp1_0.validity_days 
    from
        member_packages mp1_0 
    where
        mp1_0.id=?
2026-01-16 11:11:31.221 - 
    select
        po1_0.id,
        po1_0.card_end_date,
        po1_0.card_start_date,
        po1_0.card_status,
        po1_0.created_at,
        po1_0.order_no,
        po1_0.package_id,
        po1_0.package_name,
        po1_0.payment_method,
        po1_0.payment_time,
        po1_0.price,
        po1_0.remaining_times,
        po1_0.status,
        po1_0.transaction_type,
        po1_0.updated_at,
        po1_0.user_id 
    from
        payment_orders po1_0 
    where
        po1_0.user_id=? 
        and po1_0.status=?
2026-01-16 11:11:31.226 - 
    select
        mp1_0.id,
        mp1_0.avg_price_per_time,
        mp1_0.badge,
        mp1_0.category,
        mp1_0.code,
        mp1_0.description,
        mp1_0.features,
        mp1_0.is_active,
        mp1_0.name,
        mp1_0.people,
        mp1_0.price,
        mp1_0.sort_order,
        mp1_0.times_per_person,
        mp1_0.validity_days 
    from
        member_packages mp1_0 
    where
        mp1_0.id=?
2026-01-16 11:11:31.228 - 
    select
        u1_0.id,
        u1_0.avatar_url,
        u1_0.created_at,
        u1_0.last_login_time,
        u1_0.member_expire_time,
        u1_0.member_level,
        u1_0.nickname,
        u1_0.openid,
        u1_0.phone,
        u1_0.points,
        u1_0.remaining_visits,
        u1_0.role,
        u1_0.total_visits,
        u1_0.updated_at 
    from
        users u1_0 
    where
        u1_0.id=?
2026-01-16 11:11:31.230 - 
    select
        bo1_0.id,
        bo1_0.cabin_name,
        bo1_0.consume_time,
        bo1_0.created_at,
        bo1_0.date,
        bo1_0.order_no,
        bo1_0.original_price,
        bo1_0.payment_method,
        bo1_0.payment_order_id,
        bo1_0.payment_status,
        bo1_0.payment_time,
        bo1_0.price,
        bo1_0.seat_name,
        bo1_0.status,
        bo1_0.time_slot,
        bo1_0.updated_at,
        bo1_0.user_id 
    from
        booking_orders bo1_0 
    where
        bo1_0.user_id=? 
    order by
        bo1_0.created_at desc
2026-01-16 11:11:31.258 - 
    select
        u1_0.id,
        u1_0.avatar_url,
        u1_0.created_at,
        u1_0.last_login_time,
        u1_0.member_expire_time,
        u1_0.member_level,
        u1_0.nickname,
        u1_0.openid,
        u1_0.phone,
        u1_0.points,
        u1_0.remaining_visits,
        u1_0.role,
        u1_0.total_visits,
        u1_0.updated_at 
    from
        users u1_0 
    where
        u1_0.id=?
2026-01-16 11:11:31.265 - 
    select
        po1_0.id,
        po1_0.card_end_date,
        po1_0.card_start_date,
        po1_0.card_status,
        po1_0.created_at,
        po1_0.order_no,
        po1_0.package_id,
        po1_0.package_name,
        po1_0.payment_method,
        po1_0.payment_time,
        po1_0.price,
        po1_0.remaining_times,
        po1_0.status,
        po1_0.transaction_type,
        po1_0.updated_at,
        po1_0.user_id 
    from
        payment_orders po1_0 
    where
        po1_0.user_id=? 
        and po1_0.status=?
2026-01-16 11:11:31.285 - 
    select
        u1_0.id,
        u1_0.avatar_url,
        u1_0.created_at,
        u1_0.last_login_time,
        u1_0.member_expire_time,
        u1_0.member_level,
        u1_0.nickname,
        u1_0.openid,
        u1_0.phone,
        u1_0.points,
        u1_0.remaining_visits,
        u1_0.role,
        u1_0.total_visits,
        u1_0.updated_at 
    from
        users u1_0 
    where
        u1_0.id=?
2026-01-16 11:11:31.288 - 
    select
        po1_0.id,
        po1_0.card_end_date,
        po1_0.card_start_date,
        po1_0.card_status,
        po1_0.created_at,
        po1_0.order_no,
        po1_0.package_id,
        po1_0.package_name,
        po1_0.payment_method,
        po1_0.payment_time,
        po1_0.price,
        po1_0.remaining_times,
        po1_0.status,
        po1_0.transaction_type,
        po1_0.updated_at,
        po1_0.user_id 
    from
        payment_orders po1_0 
    where
        po1_0.user_id=? 
        and po1_0.status=?
2026-01-16 11:11:56.074 - 
    select
        mp1_0.id,
        mp1_0.avg_price_per_time,
        mp1_0.badge,
        mp1_0.category,
        mp1_0.code,
        mp1_0.description,
        mp1_0.features,
        mp1_0.is_active,
        mp1_0.name,
        mp1_0.people,
        mp1_0.price,
        mp1_0.sort_order,
        mp1_0.times_per_person,
        mp1_0.validity_days 
    from
        member_packages mp1_0 
    where
        mp1_0.category=? 
        and mp1_0.is_active 
    order by
        mp1_0.sort_order
2026-01-16 11:11:56.088 - 
    select
        mp1_0.id,
        mp1_0.avg_price_per_time,
        mp1_0.badge,
        mp1_0.category,
        mp1_0.code,
        mp1_0.description,
        mp1_0.features,
        mp1_0.is_active,
        mp1_0.name,
        mp1_0.people,
        mp1_0.price,
        mp1_0.sort_order,
        mp1_0.times_per_person,
        mp1_0.validity_days 
    from
        member_packages mp1_0 
    where
        mp1_0.category=? 
        and mp1_0.is_active 
    order by
        mp1_0.sort_order
2026-01-16 11:11:57.283 - 
    select
        mp1_0.id,
        mp1_0.avg_price_per_time,
        mp1_0.badge,
        mp1_0.category,
        mp1_0.code,
        mp1_0.description,
        mp1_0.features,
        mp1_0.is_active,
        mp1_0.name,
        mp1_0.people,
        mp1_0.price,
        mp1_0.sort_order,
        mp1_0.times_per_person,
        mp1_0.validity_days 
    from
        member_packages mp1_0 
    where
        mp1_0.category=? 
        and mp1_0.is_active 
    order by
        mp1_0.sort_order
2026-01-16 11:12:38.772 - 
    select
        mp1_0.id,
        mp1_0.avg_price_per_time,
        mp1_0.badge,
        mp1_0.category,
        mp1_0.code,
        mp1_0.description,
        mp1_0.features,
        mp1_0.is_active,
        mp1_0.name,
        mp1_0.people,
        mp1_0.price,
        mp1_0.sort_order,
        mp1_0.times_per_person,
        mp1_0.validity_days 
    from
        member_packages mp1_0 
    where
        mp1_0.is_active 
    order by
        mp1_0.sort_order
2026-01-16 11:12:41.214 - 
    select
        po1_0.id,
        po1_0.card_end_date,
        po1_0.card_start_date,
        po1_0.card_status,
        po1_0.created_at,
        po1_0.order_no,
        po1_0.package_id,
        po1_0.package_name,
        po1_0.payment_method,
        po1_0.payment_time,
        po1_0.price,
        po1_0.remaining_times,
        po1_0.status,
        po1_0.transaction_type,
        po1_0.updated_at,
        po1_0.user_id 
    from
        payment_orders po1_0 
    where
        po1_0.user_id=?
2026-01-16 11:12:41.215 - 
    select
        u1_0.id,
        u1_0.avatar_url,
        u1_0.created_at,
        u1_0.last_login_time,
        u1_0.member_expire_time,
        u1_0.member_level,
        u1_0.nickname,
        u1_0.openid,
        u1_0.phone,
        u1_0.points,
        u1_0.remaining_visits,
        u1_0.role,
        u1_0.total_visits,
        u1_0.updated_at 
    from
        users u1_0 
    where
        u1_0.id=?
2026-01-16 11:12:41.215 - 
    select
        u1_0.id,
        u1_0.avatar_url,
        u1_0.created_at,
        u1_0.last_login_time,
        u1_0.member_expire_time,
        u1_0.member_level,
        u1_0.nickname,
        u1_0.openid,
        u1_0.phone,
        u1_0.points,
        u1_0.remaining_visits,
        u1_0.role,
        u1_0.total_visits,
        u1_0.updated_at 
    from
        users u1_0 
    where
        u1_0.id=?
2026-01-16 11:12:41.219 - 
    select
        bo1_0.id,
        bo1_0.cabin_name,
        bo1_0.consume_time,
        bo1_0.created_at,
        bo1_0.date,
        bo1_0.order_no,
        bo1_0.original_price,
        bo1_0.payment_method,
        bo1_0.payment_order_id,
        bo1_0.payment_status,
        bo1_0.payment_time,
        bo1_0.price,
        bo1_0.seat_name,
        bo1_0.status,
        bo1_0.time_slot,
        bo1_0.updated_at,
        bo1_0.user_id 
    from
        booking_orders bo1_0 
    where
        bo1_0.user_id=? 
    order by
        bo1_0.created_at desc
2026-01-16 11:12:41.219 - 
    select
        po1_0.id,
        po1_0.card_end_date,
        po1_0.card_start_date,
        po1_0.card_status,
        po1_0.created_at,
        po1_0.order_no,
        po1_0.package_id,
        po1_0.package_name,
        po1_0.payment_method,
        po1_0.payment_time,
        po1_0.price,
        po1_0.remaining_times,
        po1_0.status,
        po1_0.transaction_type,
        po1_0.updated_at,
        po1_0.user_id 
    from
        payment_orders po1_0 
    where
        po1_0.user_id=? 
        and po1_0.status=?
2026-01-16 11:12:41.227 - 
    select
        po1_0.id,
        po1_0.card_end_date,
        po1_0.card_start_date,
        po1_0.card_status,
        po1_0.created_at,
        po1_0.order_no,
        po1_0.package_id,
        po1_0.package_name,
        po1_0.payment_method,
        po1_0.payment_time,
        po1_0.price,
        po1_0.remaining_times,
        po1_0.status,
        po1_0.transaction_type,
        po1_0.updated_at,
        po1_0.user_id 
    from
        payment_orders po1_0 
    where
        po1_0.user_id=?
2026-01-16 11:12:41.230 - 
    select
        u1_0.id,
        u1_0.avatar_url,
        u1_0.created_at,
        u1_0.last_login_time,
        u1_0.member_expire_time,
        u1_0.member_level,
        u1_0.nickname,
        u1_0.openid,
        u1_0.phone,
        u1_0.points,
        u1_0.remaining_visits,
        u1_0.role,
        u1_0.total_visits,
        u1_0.updated_at 
    from
        users u1_0 
    where
        u1_0.id=?
2026-01-16 11:12:41.230 - 
    select
        u1_0.id,
        u1_0.avatar_url,
        u1_0.created_at,
        u1_0.last_login_time,
        u1_0.member_expire_time,
        u1_0.member_level,
        u1_0.nickname,
        u1_0.openid,
        u1_0.phone,
        u1_0.points,
        u1_0.remaining_visits,
        u1_0.role,
        u1_0.total_visits,
        u1_0.updated_at 
    from
        users u1_0 
    where
        u1_0.id=?
2026-01-16 11:12:41.232 - 
    select
        bo1_0.id,
        bo1_0.cabin_name,
        bo1_0.consume_time,
        bo1_0.created_at,
        bo1_0.date,
        bo1_0.order_no,
        bo1_0.original_price,
        bo1_0.payment_method,
        bo1_0.payment_order_id,
        bo1_0.payment_status,
        bo1_0.payment_time,
        bo1_0.price,
        bo1_0.seat_name,
        bo1_0.status,
        bo1_0.time_slot,
        bo1_0.updated_at,
        bo1_0.user_id 
    from
        booking_orders bo1_0 
    where
        bo1_0.user_id=? 
    order by
        bo1_0.created_at desc
2026-01-16 11:12:41.232 - 
    select
        po1_0.id,
        po1_0.card_end_date,
        po1_0.card_start_date,
        po1_0.card_status,
        po1_0.created_at,
        po1_0.order_no,
        po1_0.package_id,
        po1_0.package_name,
        po1_0.payment_method,
        po1_0.payment_time,
        po1_0.price,
        po1_0.remaining_times,
        po1_0.status,
        po1_0.transaction_type,
        po1_0.updated_at,
        po1_0.user_id 
    from
        payment_orders po1_0 
    where
        po1_0.user_id=? 
        and po1_0.status=?
2026-01-16 11:12:44.271 - 
    select
        mp1_0.id,
        mp1_0.avg_price_per_time,
        mp1_0.badge,
        mp1_0.category,
        mp1_0.code,
        mp1_0.description,
        mp1_0.features,
        mp1_0.is_active,
        mp1_0.name,
        mp1_0.people,
        mp1_0.price,
        mp1_0.sort_order,
        mp1_0.times_per_person,
        mp1_0.validity_days 
    from
        member_packages mp1_0 
    where
        mp1_0.category=? 
        and mp1_0.is_active 
    order by
        mp1_0.sort_order
2026-01-16 11:12:44.277 - 
    select
        mp1_0.id,
        mp1_0.avg_price_per_time,
        mp1_0.badge,
        mp1_0.category,
        mp1_0.code,
        mp1_0.description,
        mp1_0.features,
        mp1_0.is_active,
        mp1_0.name,
        mp1_0.people,
        mp1_0.price,
        mp1_0.sort_order,
        mp1_0.times_per_person,
        mp1_0.validity_days 
    from
        member_packages mp1_0 
    where
        mp1_0.category=? 
        and mp1_0.is_active 
    order by
        mp1_0.sort_order
2026-01-16 11:12:45.313 - 
    select
        mp1_0.id,
        mp1_0.avg_price_per_time,
        mp1_0.badge,
        mp1_0.category,
        mp1_0.code,
        mp1_0.description,
        mp1_0.features,
        mp1_0.is_active,
        mp1_0.name,
        mp1_0.people,
        mp1_0.price,
        mp1_0.sort_order,
        mp1_0.times_per_person,
        mp1_0.validity_days 
    from
        member_packages mp1_0 
    where
        mp1_0.category=? 
        and mp1_0.is_active 
    order by
        mp1_0.sort_order
2026-01-16 11:12:47.580 - 
    select
        po1_0.id,
        po1_0.card_end_date,
        po1_0.card_start_date,
        po1_0.card_status,
        po1_0.created_at,
        po1_0.order_no,
        po1_0.package_id,
        po1_0.package_name,
        po1_0.payment_method,
        po1_0.payment_time,
        po1_0.price,
        po1_0.remaining_times,
        po1_0.status,
        po1_0.transaction_type,
        po1_0.updated_at,
        po1_0.user_id 
    from
        payment_orders po1_0 
    where
        po1_0.user_id=?
2026-01-16 11:12:50.571 - 
    select
        u1_0.id,
        u1_0.avatar_url,
        u1_0.created_at,
        u1_0.last_login_time,
        u1_0.member_expire_time,
        u1_0.member_level,
        u1_0.nickname,
        u1_0.openid,
        u1_0.phone,
        u1_0.points,
        u1_0.remaining_visits,
        u1_0.role,
        u1_0.total_visits,
        u1_0.updated_at 
    from
        users u1_0 
    where
        u1_0.id=?
2026-01-16 11:12:50.573 - 
    select
        mp1_0.id,
        mp1_0.avg_price_per_time,
        mp1_0.badge,
        mp1_0.category,
        mp1_0.code,
        mp1_0.description,
        mp1_0.features,
        mp1_0.is_active,
        mp1_0.name,
        mp1_0.people,
        mp1_0.price,
        mp1_0.sort_order,
        mp1_0.times_per_person,
        mp1_0.validity_days 
    from
        member_packages mp1_0 
    where
        mp1_0.id=?
2026-01-16 11:12:50.575 - 
    select
        po1_0.id,
        po1_0.card_end_date,
        po1_0.card_start_date,
        po1_0.card_status,
        po1_0.created_at,
        po1_0.order_no,
        po1_0.package_id,
        po1_0.package_name,
        po1_0.payment_method,
        po1_0.payment_time,
        po1_0.price,
        po1_0.remaining_times,
        po1_0.status,
        po1_0.transaction_type,
        po1_0.updated_at,
        po1_0.user_id 
    from
        payment_orders po1_0 
    where
        po1_0.user_id=? 
        and po1_0.status=?
2026-01-16 11:12:50.585 - 
    insert 
    into
        payment_orders
        (card_end_date, card_start_date, card_status, created_at, order_no, package_id, package_name, payment_method, payment_time, price, remaining_times, status, transaction_type, updated_at, user_id) 
    values
        (?, ?, ?, ?, ?, ?, ?, ?, ?, ?, ?, ?, ?, ?, ?)
2026-01-16 11:12:50.615 - 
    select
        po1_0.id,
        po1_0.card_end_date,
        po1_0.card_start_date,
        po1_0.card_status,
        po1_0.created_at,
        po1_0.order_no,
        po1_0.package_id,
        po1_0.package_name,
        po1_0.payment_method,
        po1_0.payment_time,
        po1_0.price,
        po1_0.remaining_times,
        po1_0.status,
        po1_0.transaction_type,
        po1_0.updated_at,
        po1_0.user_id 
    from
        payment_orders po1_0 
    where
        po1_0.id=?
2026-01-16 11:12:50.617 - 
    select
        u1_0.id,
        u1_0.avatar_url,
        u1_0.created_at,
        u1_0.last_login_time,
        u1_0.member_expire_time,
        u1_0.member_level,
        u1_0.nickname,
        u1_0.openid,
        u1_0.phone,
        u1_0.points,
        u1_0.remaining_visits,
        u1_0.role,
        u1_0.total_visits,
        u1_0.updated_at 
    from
        users u1_0 
    where
        u1_0.id=?
2026-01-16 11:13:03.851 - 
    select
        po1_0.id,
        po1_0.card_end_date,
        po1_0.card_start_date,
        po1_0.card_status,
        po1_0.created_at,
        po1_0.order_no,
        po1_0.package_id,
        po1_0.package_name,
        po1_0.payment_method,
        po1_0.payment_time,
        po1_0.price,
        po1_0.remaining_times,
        po1_0.status,
        po1_0.transaction_type,
        po1_0.updated_at,
        po1_0.user_id 
    from
        payment_orders po1_0 
    where
        po1_0.id=?
2026-01-16 11:13:03.855 - 
    select
        mp1_0.id,
        mp1_0.avg_price_per_time,
        mp1_0.badge,
        mp1_0.category,
        mp1_0.code,
        mp1_0.description,
        mp1_0.features,
        mp1_0.is_active,
        mp1_0.name,
        mp1_0.people,
        mp1_0.price,
        mp1_0.sort_order,
        mp1_0.times_per_person,
        mp1_0.validity_days 
    from
        member_packages mp1_0 
    where
        mp1_0.id=?
2026-01-16 11:13:03.857 - 
    select
        u1_0.id,
        u1_0.avatar_url,
        u1_0.created_at,
        u1_0.last_login_time,
        u1_0.member_expire_time,
        u1_0.member_level,
        u1_0.nickname,
        u1_0.openid,
        u1_0.phone,
        u1_0.points,
        u1_0.remaining_visits,
        u1_0.role,
        u1_0.total_visits,
        u1_0.updated_at 
    from
        users u1_0 
    where
        u1_0.id=?
2026-01-16 11:13:03.865 - 
    update
        payment_orders 
    set
        card_end_date=?,
        card_start_date=?,
        card_status=?,
        created_at=?,
        order_no=?,
        package_id=?,
        package_name=?,
        payment_method=?,
        payment_time=?,
        price=?,
        remaining_times=?,
        status=?,
        transaction_type=?,
        updated_at=?,
        user_id=? 
    where
        id=?
2026-01-16 11:13:03.867 - 
    update
        users 
    set
        avatar_url=?,
        created_at=?,
        last_login_time=?,
        member_expire_time=?,
        member_level=?,
        nickname=?,
        openid=?,
        phone=?,
        points=?,
        remaining_visits=?,
        role=?,
        total_visits=?,
        updated_at=? 
    where
        id=?
2026-01-16 11:13:06.252 - 
    select
        u1_0.id,
        u1_0.avatar_url,
        u1_0.created_at,
        u1_0.last_login_time,
        u1_0.member_expire_time,
        u1_0.member_level,
        u1_0.nickname,
        u1_0.openid,
        u1_0.phone,
        u1_0.points,
        u1_0.remaining_visits,
        u1_0.role,
        u1_0.total_visits,
        u1_0.updated_at 
    from
        users u1_0 
    where
        u1_0.id=?
2026-01-16 11:13:06.252 - 
    select
        u1_0.id,
        u1_0.avatar_url,
        u1_0.created_at,
        u1_0.last_login_time,
        u1_0.member_expire_time,
        u1_0.member_level,
        u1_0.nickname,
        u1_0.openid,
        u1_0.phone,
        u1_0.points,
        u1_0.remaining_visits,
        u1_0.role,
        u1_0.total_visits,
        u1_0.updated_at 
    from
        users u1_0 
    where
        u1_0.id=?
2026-01-16 11:13:06.253 - 
    select
        po1_0.id,
        po1_0.card_end_date,
        po1_0.card_start_date,
        po1_0.card_status,
        po1_0.created_at,
        po1_0.order_no,
        po1_0.package_id,
        po1_0.package_name,
        po1_0.payment_method,
        po1_0.payment_time,
        po1_0.price,
        po1_0.remaining_times,
        po1_0.status,
        po1_0.transaction_type,
        po1_0.updated_at,
        po1_0.user_id 
    from
        payment_orders po1_0 
    where
        po1_0.user_id=?
2026-01-16 11:13:06.255 - 
    select
        bo1_0.id,
        bo1_0.cabin_name,
        bo1_0.consume_time,
        bo1_0.created_at,
        bo1_0.date,
        bo1_0.order_no,
        bo1_0.original_price,
        bo1_0.payment_method,
        bo1_0.payment_order_id,
        bo1_0.payment_status,
        bo1_0.payment_time,
        bo1_0.price,
        bo1_0.seat_name,
        bo1_0.status,
        bo1_0.time_slot,
        bo1_0.updated_at,
        bo1_0.user_id 
    from
        booking_orders bo1_0 
    where
        bo1_0.user_id=? 
    order by
        bo1_0.created_at desc
2026-01-16 11:13:06.255 - 
    select
        po1_0.id,
        po1_0.card_end_date,
        po1_0.card_start_date,
        po1_0.card_status,
        po1_0.created_at,
        po1_0.order_no,
        po1_0.package_id,
        po1_0.package_name,
        po1_0.payment_method,
        po1_0.payment_time,
        po1_0.price,
        po1_0.remaining_times,
        po1_0.status,
        po1_0.transaction_type,
        po1_0.updated_at,
        po1_0.user_id 
    from
        payment_orders po1_0 
    where
        po1_0.user_id=? 
        and po1_0.status=?
2026-01-16 11:13:06.256 - 
    select
        mp1_0.id,
        mp1_0.avg_price_per_time,
        mp1_0.badge,
        mp1_0.category,
        mp1_0.code,
        mp1_0.description,
        mp1_0.features,
        mp1_0.is_active,
        mp1_0.name,
        mp1_0.people,
        mp1_0.price,
        mp1_0.sort_order,
        mp1_0.times_per_person,
        mp1_0.validity_days 
    from
        member_packages mp1_0 
    where
        mp1_0.id=?
2026-01-16 11:13:06.266 - 
    select
        u1_0.id,
        u1_0.avatar_url,
        u1_0.created_at,
        u1_0.last_login_time,
        u1_0.member_expire_time,
        u1_0.member_level,
        u1_0.nickname,
        u1_0.openid,
        u1_0.phone,
        u1_0.points,
        u1_0.remaining_visits,
        u1_0.role,
        u1_0.total_visits,
        u1_0.updated_at 
    from
        users u1_0 
    where
        u1_0.id=?
2026-01-16 11:13:06.271 - 
    select
        po1_0.id,
        po1_0.card_end_date,
        po1_0.card_start_date,
        po1_0.card_status,
        po1_0.created_at,
        po1_0.order_no,
        po1_0.package_id,
        po1_0.package_name,
        po1_0.payment_method,
        po1_0.payment_time,
        po1_0.price,
        po1_0.remaining_times,
        po1_0.status,
        po1_0.transaction_type,
        po1_0.updated_at,
        po1_0.user_id 
    from
        payment_orders po1_0 
    where
        po1_0.user_id=?
2026-01-16 11:13:06.271 - 
    select
        u1_0.id,
        u1_0.avatar_url,
        u1_0.created_at,
        u1_0.last_login_time,
        u1_0.member_expire_time,
        u1_0.member_level,
        u1_0.nickname,
        u1_0.openid,
        u1_0.phone,
        u1_0.points,
        u1_0.remaining_visits,
        u1_0.role,
        u1_0.total_visits,
        u1_0.updated_at 
    from
        users u1_0 
    where
        u1_0.id=?
2026-01-16 11:13:06.272 - 
    select
        bo1_0.id,
        bo1_0.cabin_name,
        bo1_0.consume_time,
        bo1_0.created_at,
        bo1_0.date,
        bo1_0.order_no,
        bo1_0.original_price,
        bo1_0.payment_method,
        bo1_0.payment_order_id,
        bo1_0.payment_status,
        bo1_0.payment_time,
        bo1_0.price,
        bo1_0.seat_name,
        bo1_0.status,
        bo1_0.time_slot,
        bo1_0.updated_at,
        bo1_0.user_id 
    from
        booking_orders bo1_0 
    where
        bo1_0.user_id=? 
    order by
        bo1_0.created_at desc
2026-01-16 11:13:06.275 - 
    select
        mp1_0.id,
        mp1_0.avg_price_per_time,
        mp1_0.badge,
        mp1_0.category,
        mp1_0.code,
        mp1_0.description,
        mp1_0.features,
        mp1_0.is_active,
        mp1_0.name,
        mp1_0.people,
        mp1_0.price,
        mp1_0.sort_order,
        mp1_0.times_per_person,
        mp1_0.validity_days 
    from
        member_packages mp1_0 
    where
        mp1_0.id=?
2026-01-16 11:13:06.276 - 
    select
        po1_0.id,
        po1_0.card_end_date,
        po1_0.card_start_date,
        po1_0.card_status,
        po1_0.created_at,
        po1_0.order_no,
        po1_0.package_id,
        po1_0.package_name,
        po1_0.payment_method,
        po1_0.payment_time,
        po1_0.price,
        po1_0.remaining_times,
        po1_0.status,
        po1_0.transaction_type,
        po1_0.updated_at,
        po1_0.user_id 
    from
        payment_orders po1_0 
    where
        po1_0.user_id=? 
        and po1_0.status=?
2026-01-16 11:13:06.304 - 
    select
        u1_0.id,
        u1_0.avatar_url,
        u1_0.created_at,
        u1_0.last_login_time,
        u1_0.member_expire_time,
        u1_0.member_level,
        u1_0.nickname,
        u1_0.openid,
        u1_0.phone,
        u1_0.points,
        u1_0.remaining_visits,
        u1_0.role,
        u1_0.total_visits,
        u1_0.updated_at 
    from
        users u1_0 
    where
        u1_0.id=?
2026-01-16 11:13:06.310 - 
    select
        po1_0.id,
        po1_0.card_end_date,
        po1_0.card_start_date,
        po1_0.card_status,
        po1_0.created_at,
        po1_0.order_no,
        po1_0.package_id,
        po1_0.package_name,
        po1_0.payment_method,
        po1_0.payment_time,
        po1_0.price,
        po1_0.remaining_times,
        po1_0.status,
        po1_0.transaction_type,
        po1_0.updated_at,
        po1_0.user_id 
    from
        payment_orders po1_0 
    where
        po1_0.user_id=? 
        and po1_0.status=?
2026-01-16 11:13:06.329 - 
    select
        u1_0.id,
        u1_0.avatar_url,
        u1_0.created_at,
        u1_0.last_login_time,
        u1_0.member_expire_time,
        u1_0.member_level,
        u1_0.nickname,
        u1_0.openid,
        u1_0.phone,
        u1_0.points,
        u1_0.remaining_visits,
        u1_0.role,
        u1_0.total_visits,
        u1_0.updated_at 
    from
        users u1_0 
    where
        u1_0.id=?
2026-01-16 11:13:06.334 - 
    select
        po1_0.id,
        po1_0.card_end_date,
        po1_0.card_start_date,
        po1_0.card_status,
        po1_0.created_at,
        po1_0.order_no,
        po1_0.package_id,
        po1_0.package_name,
        po1_0.payment_method,
        po1_0.payment_time,
        po1_0.price,
        po1_0.remaining_times,
        po1_0.status,
        po1_0.transaction_type,
        po1_0.updated_at,
        po1_0.user_id 
    from
        payment_orders po1_0 
    where
        po1_0.user_id=? 
        and po1_0.status=?
2026-01-16 11:13:09.588 - 
    select
        po1_0.id,
        po1_0.card_end_date,
        po1_0.card_start_date,
        po1_0.card_status,
        po1_0.created_at,
        po1_0.order_no,
        po1_0.package_id,
        po1_0.package_name,
        po1_0.payment_method,
        po1_0.payment_time,
        po1_0.price,
        po1_0.remaining_times,
        po1_0.status,
        po1_0.transaction_type,
        po1_0.updated_at,
        po1_0.user_id 
    from
        payment_orders po1_0 
    where
        po1_0.user_id=?
2026-01-16 11:13:09.591 - 
    select
        mp1_0.id,
        mp1_0.avg_price_per_time,
        mp1_0.badge,
        mp1_0.category,
        mp1_0.code,
        mp1_0.description,
        mp1_0.features,
        mp1_0.is_active,
        mp1_0.name,
        mp1_0.people,
        mp1_0.price,
        mp1_0.sort_order,
        mp1_0.times_per_person,
        mp1_0.validity_days 
    from
        member_packages mp1_0 
    where
        mp1_0.id=?
2026-01-16 11:13:09.606 - 
    select
        po1_0.id,
        po1_0.card_end_date,
        po1_0.card_start_date,
        po1_0.card_status,
        po1_0.created_at,
        po1_0.order_no,
        po1_0.package_id,
        po1_0.package_name,
        po1_0.payment_method,
        po1_0.payment_time,
        po1_0.price,
        po1_0.remaining_times,
        po1_0.status,
        po1_0.transaction_type,
        po1_0.updated_at,
        po1_0.user_id 
    from
        payment_orders po1_0 
    where
        po1_0.user_id=?
2026-01-16 11:13:09.608 - 
    select
        mp1_0.id,
        mp1_0.avg_price_per_time,
        mp1_0.badge,
        mp1_0.category,
        mp1_0.code,
        mp1_0.description,
        mp1_0.features,
        mp1_0.is_active,
        mp1_0.name,
        mp1_0.people,
        mp1_0.price,
        mp1_0.sort_order,
        mp1_0.times_per_person,
        mp1_0.validity_days 
    from
        member_packages mp1_0 
    where
        mp1_0.id=?
2026-01-16 11:13:16.070 - 
    select
        po1_0.id,
        po1_0.card_end_date,
        po1_0.card_start_date,
        po1_0.card_status,
        po1_0.created_at,
        po1_0.order_no,
        po1_0.package_id,
        po1_0.package_name,
        po1_0.payment_method,
        po1_0.payment_time,
        po1_0.price,
        po1_0.remaining_times,
        po1_0.status,
        po1_0.transaction_type,
        po1_0.updated_at,
        po1_0.user_id 
    from
        payment_orders po1_0 
    where
        po1_0.user_id=?
2026-01-16 11:13:16.072 - 
    select
        mp1_0.id,
        mp1_0.avg_price_per_time,
        mp1_0.badge,
        mp1_0.category,
        mp1_0.code,
        mp1_0.description,
        mp1_0.features,
        mp1_0.is_active,
        mp1_0.name,
        mp1_0.people,
        mp1_0.price,
        mp1_0.sort_order,
        mp1_0.times_per_person,
        mp1_0.validity_days 
    from
        member_packages mp1_0 
    where
        mp1_0.id=?
2026-01-16 11:13:16.090 - 
    select
        u1_0.id,
        u1_0.avatar_url,
        u1_0.created_at,
        u1_0.last_login_time,
        u1_0.member_expire_time,
        u1_0.member_level,
        u1_0.nickname,
        u1_0.openid,
        u1_0.phone,
        u1_0.points,
        u1_0.remaining_visits,
        u1_0.role,
        u1_0.total_visits,
        u1_0.updated_at 
    from
        users u1_0 
    where
        u1_0.id=?
2026-01-16 11:13:16.094 - 
    select
        bo1_0.id,
        bo1_0.cabin_name,
        bo1_0.consume_time,
        bo1_0.created_at,
        bo1_0.date,
        bo1_0.order_no,
        bo1_0.original_price,
        bo1_0.payment_method,
        bo1_0.payment_order_id,
        bo1_0.payment_status,
        bo1_0.payment_time,
        bo1_0.price,
        bo1_0.seat_name,
        bo1_0.status,
        bo1_0.time_slot,
        bo1_0.updated_at,
        bo1_0.user_id 
    from
        booking_orders bo1_0 
    where
        bo1_0.user_id=? 
        and bo1_0.date=? 
        and bo1_0.status!=?
2026-01-16 11:13:16.111 - 
    select
        u1_0.id,
        u1_0.avatar_url,
        u1_0.created_at,
        u1_0.last_login_time,
        u1_0.member_expire_time,
        u1_0.member_level,
        u1_0.nickname,
        u1_0.openid,
        u1_0.phone,
        u1_0.points,
        u1_0.remaining_visits,
        u1_0.role,
        u1_0.total_visits,
        u1_0.updated_at 
    from
        users u1_0 
    where
        u1_0.id=?
2026-01-16 11:13:16.113 - 
    select
        bo1_0.id,
        bo1_0.cabin_name,
        bo1_0.consume_time,
        bo1_0.created_at,
        bo1_0.date,
        bo1_0.order_no,
        bo1_0.original_price,
        bo1_0.payment_method,
        bo1_0.payment_order_id,
        bo1_0.payment_status,
        bo1_0.payment_time,
        bo1_0.price,
        bo1_0.seat_name,
        bo1_0.status,
        bo1_0.time_slot,
        bo1_0.updated_at,
        bo1_0.user_id 
    from
        booking_orders bo1_0 
    where
        bo1_0.user_id=? 
        and bo1_0.date=? 
        and bo1_0.status!=?
2026-01-16 11:13:16.115 - 
    select
        po1_0.id,
        po1_0.card_end_date,
        po1_0.card_start_date,
        po1_0.card_status,
        po1_0.created_at,
        po1_0.order_no,
        po1_0.package_id,
        po1_0.package_name,
        po1_0.payment_method,
        po1_0.payment_time,
        po1_0.price,
        po1_0.remaining_times,
        po1_0.status,
        po1_0.transaction_type,
        po1_0.updated_at,
        po1_0.user_id 
    from
        payment_orders po1_0 
    where
        po1_0.user_id=?
2026-01-16 11:13:16.116 - 
    select
        mp1_0.id,
        mp1_0.avg_price_per_time,
        mp1_0.badge,
        mp1_0.category,
        mp1_0.code,
        mp1_0.description,
        mp1_0.features,
        mp1_0.is_active,
        mp1_0.name,
        mp1_0.people,
        mp1_0.price,
        mp1_0.sort_order,
        mp1_0.times_per_person,
        mp1_0.validity_days 
    from
        member_packages mp1_0 
    where
        mp1_0.id=?
2026-01-16 11:13:16.119 - 
    insert 
    into
        booking_orders
        (cabin_name, consume_time, created_at, date, order_no, original_price, payment_method, payment_order_id, payment_status, payment_time, price, seat_name, status, time_slot, updated_at, user_id) 
    values
        (?, ?, ?, ?, ?, ?, ?, ?, ?, ?, ?, ?, ?, ?, ?, ?)
2026-01-16 11:13:17.648 - 
    select
        u1_0.id,
        u1_0.avatar_url,
        u1_0.created_at,
        u1_0.last_login_time,
        u1_0.member_expire_time,
        u1_0.member_level,
        u1_0.nickname,
        u1_0.openid,
        u1_0.phone,
        u1_0.points,
        u1_0.remaining_visits,
        u1_0.role,
        u1_0.total_visits,
        u1_0.updated_at 
    from
        users u1_0 
    where
        u1_0.id=?
2026-01-16 11:13:17.648 - 
    select
        u1_0.id,
        u1_0.avatar_url,
        u1_0.created_at,
        u1_0.last_login_time,
        u1_0.member_expire_time,
        u1_0.member_level,
        u1_0.nickname,
        u1_0.openid,
        u1_0.phone,
        u1_0.points,
        u1_0.remaining_visits,
        u1_0.role,
        u1_0.total_visits,
        u1_0.updated_at 
    from
        users u1_0 
    where
        u1_0.id=?
2026-01-16 11:13:17.648 - 
    select
        po1_0.id,
        po1_0.card_end_date,
        po1_0.card_start_date,
        po1_0.card_status,
        po1_0.created_at,
        po1_0.order_no,
        po1_0.package_id,
        po1_0.package_name,
        po1_0.payment_method,
        po1_0.payment_time,
        po1_0.price,
        po1_0.remaining_times,
        po1_0.status,
        po1_0.transaction_type,
        po1_0.updated_at,
        po1_0.user_id 
    from
        payment_orders po1_0 
    where
        po1_0.user_id=?
2026-01-16 11:13:17.652 - 
    select
        mp1_0.id,
        mp1_0.avg_price_per_time,
        mp1_0.badge,
        mp1_0.category,
        mp1_0.code,
        mp1_0.description,
        mp1_0.features,
        mp1_0.is_active,
        mp1_0.name,
        mp1_0.people,
        mp1_0.price,
        mp1_0.sort_order,
        mp1_0.times_per_person,
        mp1_0.validity_days 
    from
        member_packages mp1_0 
    where
        mp1_0.id=?
2026-01-16 11:13:17.652 - 
    select
        bo1_0.id,
        bo1_0.cabin_name,
        bo1_0.consume_time,
        bo1_0.created_at,
        bo1_0.date,
        bo1_0.order_no,
        bo1_0.original_price,
        bo1_0.payment_method,
        bo1_0.payment_order_id,
        bo1_0.payment_status,
        bo1_0.payment_time,
        bo1_0.price,
        bo1_0.seat_name,
        bo1_0.status,
        bo1_0.time_slot,
        bo1_0.updated_at,
        bo1_0.user_id 
    from
        booking_orders bo1_0 
    where
        bo1_0.user_id=? 
    order by
        bo1_0.created_at desc
2026-01-16 11:13:17.652 - 
    select
        po1_0.id,
        po1_0.card_end_date,
        po1_0.card_start_date,
        po1_0.card_status,
        po1_0.created_at,
        po1_0.order_no,
        po1_0.package_id,
        po1_0.package_name,
        po1_0.payment_method,
        po1_0.payment_time,
        po1_0.price,
        po1_0.remaining_times,
        po1_0.status,
        po1_0.transaction_type,
        po1_0.updated_at,
        po1_0.user_id 
    from
        payment_orders po1_0 
    where
        po1_0.user_id=? 
        and po1_0.status=?
2026-01-16 11:13:17.658 - 
    select
        u1_0.id,
        u1_0.avatar_url,
        u1_0.created_at,
        u1_0.last_login_time,
        u1_0.member_expire_time,
        u1_0.member_level,
        u1_0.nickname,
        u1_0.openid,
        u1_0.phone,
        u1_0.points,
        u1_0.remaining_visits,
        u1_0.role,
        u1_0.total_visits,
        u1_0.updated_at 
    from
        users u1_0 
    where
        u1_0.id=?
2026-01-16 11:13:17.658 - 
    select
        u1_0.id,
        u1_0.avatar_url,
        u1_0.created_at,
        u1_0.last_login_time,
        u1_0.member_expire_time,
        u1_0.member_level,
        u1_0.nickname,
        u1_0.openid,
        u1_0.phone,
        u1_0.points,
        u1_0.remaining_visits,
        u1_0.role,
        u1_0.total_visits,
        u1_0.updated_at 
    from
        users u1_0 
    where
        u1_0.id=?
2026-01-16 11:13:17.658 - 
    select
        po1_0.id,
        po1_0.card_end_date,
        po1_0.card_start_date,
        po1_0.card_status,
        po1_0.created_at,
        po1_0.order_no,
        po1_0.package_id,
        po1_0.package_name,
        po1_0.payment_method,
        po1_0.payment_time,
        po1_0.price,
        po1_0.remaining_times,
        po1_0.status,
        po1_0.transaction_type,
        po1_0.updated_at,
        po1_0.user_id 
    from
        payment_orders po1_0 
    where
        po1_0.user_id=?
2026-01-16 11:13:17.660 - 
    select
        mp1_0.id,
        mp1_0.avg_price_per_time,
        mp1_0.badge,
        mp1_0.category,
        mp1_0.code,
        mp1_0.description,
        mp1_0.features,
        mp1_0.is_active,
        mp1_0.name,
        mp1_0.people,
        mp1_0.price,
        mp1_0.sort_order,
        mp1_0.times_per_person,
        mp1_0.validity_days 
    from
        member_packages mp1_0 
    where
        mp1_0.id=?
2026-01-16 11:13:17.661 - 
    select
        bo1_0.id,
        bo1_0.cabin_name,
        bo1_0.consume_time,
        bo1_0.created_at,
        bo1_0.date,
        bo1_0.order_no,
        bo1_0.original_price,
        bo1_0.payment_method,
        bo1_0.payment_order_id,
        bo1_0.payment_status,
        bo1_0.payment_time,
        bo1_0.price,
        bo1_0.seat_name,
        bo1_0.status,
        bo1_0.time_slot,
        bo1_0.updated_at,
        bo1_0.user_id 
    from
        booking_orders bo1_0 
    where
        bo1_0.user_id=? 
    order by
        bo1_0.created_at desc
2026-01-16 11:13:17.661 - 
    select
        po1_0.id,
        po1_0.card_end_date,
        po1_0.card_start_date,
        po1_0.card_status,
        po1_0.created_at,
        po1_0.order_no,
        po1_0.package_id,
        po1_0.package_name,
        po1_0.payment_method,
        po1_0.payment_time,
        po1_0.price,
        po1_0.remaining_times,
        po1_0.status,
        po1_0.transaction_type,
        po1_0.updated_at,
        po1_0.user_id 
    from
        payment_orders po1_0 
    where
        po1_0.user_id=? 
        and po1_0.status=?
2026-01-16 11:13:17.669 - 
    select
        u1_0.id,
        u1_0.avatar_url,
        u1_0.created_at,
        u1_0.last_login_time,
        u1_0.member_expire_time,
        u1_0.member_level,
        u1_0.nickname,
        u1_0.openid,
        u1_0.phone,
        u1_0.points,
        u1_0.remaining_visits,
        u1_0.role,
        u1_0.total_visits,
        u1_0.updated_at 
    from
        users u1_0 
    where
        u1_0.id=?
2026-01-16 11:13:17.671 - 
    select
        po1_0.id,
        po1_0.card_end_date,
        po1_0.card_start_date,
        po1_0.card_status,
        po1_0.created_at,
        po1_0.order_no,
        po1_0.package_id,
        po1_0.package_name,
        po1_0.payment_method,
        po1_0.payment_time,
        po1_0.price,
        po1_0.remaining_times,
        po1_0.status,
        po1_0.transaction_type,
        po1_0.updated_at,
        po1_0.user_id 
    from
        payment_orders po1_0 
    where
        po1_0.user_id=? 
        and po1_0.status=?
2026-01-16 11:13:17.684 - 
    select
        u1_0.id,
        u1_0.avatar_url,
        u1_0.created_at,
        u1_0.last_login_time,
        u1_0.member_expire_time,
        u1_0.member_level,
        u1_0.nickname,
        u1_0.openid,
        u1_0.phone,
        u1_0.points,
        u1_0.remaining_visits,
        u1_0.role,
        u1_0.total_visits,
        u1_0.updated_at 
    from
        users u1_0 
    where
        u1_0.id=?
2026-01-16 11:13:17.687 - 
    select
        po1_0.id,
        po1_0.card_end_date,
        po1_0.card_start_date,
        po1_0.card_status,
        po1_0.created_at,
        po1_0.order_no,
        po1_0.package_id,
        po1_0.package_name,
        po1_0.payment_method,
        po1_0.payment_time,
        po1_0.price,
        po1_0.remaining_times,
        po1_0.status,
        po1_0.transaction_type,
        po1_0.updated_at,
        po1_0.user_id 
    from
        payment_orders po1_0 
    where
        po1_0.user_id=? 
        and po1_0.status=?
2026-01-16 11:13:17.994 - 
    select
        u1_0.id,
        u1_0.avatar_url,
        u1_0.created_at,
        u1_0.last_login_time,
        u1_0.member_expire_time,
        u1_0.member_level,
        u1_0.nickname,
        u1_0.openid,
        u1_0.phone,
        u1_0.points,
        u1_0.remaining_visits,
        u1_0.role,
        u1_0.total_visits,
        u1_0.updated_at 
    from
        users u1_0 
    where
        u1_0.id=?
2026-01-16 11:13:17.994 - 
    select
        po1_0.id,
        po1_0.card_end_date,
        po1_0.card_start_date,
        po1_0.card_status,
        po1_0.created_at,
        po1_0.order_no,
        po1_0.package_id,
        po1_0.package_name,
        po1_0.payment_method,
        po1_0.payment_time,
        po1_0.price,
        po1_0.remaining_times,
        po1_0.status,
        po1_0.transaction_type,
        po1_0.updated_at,
        po1_0.user_id 
    from
        payment_orders po1_0 
    where
        po1_0.user_id=?
2026-01-16 11:13:17.997 - 
    select
        mp1_0.id,
        mp1_0.avg_price_per_time,
        mp1_0.badge,
        mp1_0.category,
        mp1_0.code,
        mp1_0.description,
        mp1_0.features,
        mp1_0.is_active,
        mp1_0.name,
        mp1_0.people,
        mp1_0.price,
        mp1_0.sort_order,
        mp1_0.times_per_person,
        mp1_0.validity_days 
    from
        member_packages mp1_0 
    where
        mp1_0.id=?
2026-01-16 11:13:17.997 - 
    select
        u1_0.id,
        u1_0.avatar_url,
        u1_0.created_at,
        u1_0.last_login_time,
        u1_0.member_expire_time,
        u1_0.member_level,
        u1_0.nickname,
        u1_0.openid,
        u1_0.phone,
        u1_0.points,
        u1_0.remaining_visits,
        u1_0.role,
        u1_0.total_visits,
        u1_0.updated_at 
    from
        users u1_0 
    where
        u1_0.id=?
2026-01-16 11:13:17.998 - 
    select
        po1_0.id,
        po1_0.card_end_date,
        po1_0.card_start_date,
        po1_0.card_status,
        po1_0.created_at,
        po1_0.order_no,
        po1_0.package_id,
        po1_0.package_name,
        po1_0.payment_method,
        po1_0.payment_time,
        po1_0.price,
        po1_0.remaining_times,
        po1_0.status,
        po1_0.transaction_type,
        po1_0.updated_at,
        po1_0.user_id 
    from
        payment_orders po1_0 
    where
        po1_0.user_id=? 
        and po1_0.status=?
2026-01-16 11:13:17.999 - 
    select
        bo1_0.id,
        bo1_0.cabin_name,
        bo1_0.consume_time,
        bo1_0.created_at,
        bo1_0.date,
        bo1_0.order_no,
        bo1_0.original_price,
        bo1_0.payment_method,
        bo1_0.payment_order_id,
        bo1_0.payment_status,
        bo1_0.payment_time,
        bo1_0.price,
        bo1_0.seat_name,
        bo1_0.status,
        bo1_0.time_slot,
        bo1_0.updated_at,
        bo1_0.user_id 
    from
        booking_orders bo1_0 
    where
        bo1_0.user_id=? 
    order by
        bo1_0.created_at desc
2026-01-16 11:13:18.005 - 
    select
        u1_0.id,
        u1_0.avatar_url,
        u1_0.created_at,
        u1_0.last_login_time,
        u1_0.member_expire_time,
        u1_0.member_level,
        u1_0.nickname,
        u1_0.openid,
        u1_0.phone,
        u1_0.points,
        u1_0.remaining_visits,
        u1_0.role,
        u1_0.total_visits,
        u1_0.updated_at 
    from
        users u1_0 
    where
        u1_0.id=?
2026-01-16 11:13:18.006 - 
    select
        po1_0.id,
        po1_0.card_end_date,
        po1_0.card_start_date,
        po1_0.card_status,
        po1_0.created_at,
        po1_0.order_no,
        po1_0.package_id,
        po1_0.package_name,
        po1_0.payment_method,
        po1_0.payment_time,
        po1_0.price,
        po1_0.remaining_times,
        po1_0.status,
        po1_0.transaction_type,
        po1_0.updated_at,
        po1_0.user_id 
    from
        payment_orders po1_0 
    where
        po1_0.user_id=?
2026-01-16 11:13:18.007 - 
    select
        u1_0.id,
        u1_0.avatar_url,
        u1_0.created_at,
        u1_0.last_login_time,
        u1_0.member_expire_time,
        u1_0.member_level,
        u1_0.nickname,
        u1_0.openid,
        u1_0.phone,
        u1_0.points,
        u1_0.remaining_visits,
        u1_0.role,
        u1_0.total_visits,
        u1_0.updated_at 
    from
        users u1_0 
    where
        u1_0.id=?
2026-01-16 11:13:18.007 - 
    select
        mp1_0.id,
        mp1_0.avg_price_per_time,
        mp1_0.badge,
        mp1_0.category,
        mp1_0.code,
        mp1_0.description,
        mp1_0.features,
        mp1_0.is_active,
        mp1_0.name,
        mp1_0.people,
        mp1_0.price,
        mp1_0.sort_order,
        mp1_0.times_per_person,
        mp1_0.validity_days 
    from
        member_packages mp1_0 
    where
        mp1_0.id=?
2026-01-16 11:13:18.008 - 
    select
        po1_0.id,
        po1_0.card_end_date,
        po1_0.card_start_date,
        po1_0.card_status,
        po1_0.created_at,
        po1_0.order_no,
        po1_0.package_id,
        po1_0.package_name,
        po1_0.payment_method,
        po1_0.payment_time,
        po1_0.price,
        po1_0.remaining_times,
        po1_0.status,
        po1_0.transaction_type,
        po1_0.updated_at,
        po1_0.user_id 
    from
        payment_orders po1_0 
    where
        po1_0.user_id=? 
        and po1_0.status=?
2026-01-16 11:13:18.008 - 
    select
        bo1_0.id,
        bo1_0.cabin_name,
        bo1_0.consume_time,
        bo1_0.created_at,
        bo1_0.date,
        bo1_0.order_no,
        bo1_0.original_price,
        bo1_0.payment_method,
        bo1_0.payment_order_id,
        bo1_0.payment_status,
        bo1_0.payment_time,
        bo1_0.price,
        bo1_0.seat_name,
        bo1_0.status,
        bo1_0.time_slot,
        bo1_0.updated_at,
        bo1_0.user_id 
    from
        booking_orders bo1_0 
    where
        bo1_0.user_id=? 
    order by
        bo1_0.created_at desc
2026-01-16 11:13:18.015 - 
    select
        u1_0.id,
        u1_0.avatar_url,
        u1_0.created_at,
        u1_0.last_login_time,
        u1_0.member_expire_time,
        u1_0.member_level,
        u1_0.nickname,
        u1_0.openid,
        u1_0.phone,
        u1_0.points,
        u1_0.remaining_visits,
        u1_0.role,
        u1_0.total_visits,
        u1_0.updated_at 
    from
        users u1_0 
    where
        u1_0.id=?
2026-01-16 11:13:18.019 - 
    select
        po1_0.id,
        po1_0.card_end_date,
        po1_0.card_start_date,
        po1_0.card_status,
        po1_0.created_at,
        po1_0.order_no,
        po1_0.package_id,
        po1_0.package_name,
        po1_0.payment_method,
        po1_0.payment_time,
        po1_0.price,
        po1_0.remaining_times,
        po1_0.status,
        po1_0.transaction_type,
        po1_0.updated_at,
        po1_0.user_id 
    from
        payment_orders po1_0 
    where
        po1_0.user_id=? 
        and po1_0.status=?
2026-01-16 11:13:18.027 - 
    select
        u1_0.id,
        u1_0.avatar_url,
        u1_0.created_at,
        u1_0.last_login_time,
        u1_0.member_expire_time,
        u1_0.member_level,
        u1_0.nickname,
        u1_0.openid,
        u1_0.phone,
        u1_0.points,
        u1_0.remaining_visits,
        u1_0.role,
        u1_0.total_visits,
        u1_0.updated_at 
    from
        users u1_0 
    where
        u1_0.id=?
2026-01-16 11:13:18.029 - 
    select
        po1_0.id,
        po1_0.card_end_date,
        po1_0.card_start_date,
        po1_0.card_status,
        po1_0.created_at,
        po1_0.order_no,
        po1_0.package_id,
        po1_0.package_name,
        po1_0.payment_method,
        po1_0.payment_time,
        po1_0.price,
        po1_0.remaining_times,
        po1_0.status,
        po1_0.transaction_type,
        po1_0.updated_at,
        po1_0.user_id 
    from
        payment_orders po1_0 
    where
        po1_0.user_id=? 
        and po1_0.status=?
2026-01-16 11:14:14.003 - 
    select
        mp1_0.id,
        mp1_0.avg_price_per_time,
        mp1_0.badge,
        mp1_0.category,
        mp1_0.code,
        mp1_0.description,
        mp1_0.features,
        mp1_0.is_active,
        mp1_0.name,
        mp1_0.people,
        mp1_0.price,
        mp1_0.sort_order,
        mp1_0.times_per_person,
        mp1_0.validity_days 
    from
        member_packages mp1_0 
    where
        mp1_0.is_active 
    order by
        mp1_0.sort_order
2026-01-16 11:14:19.065 - 
    select
        po1_0.id,
        po1_0.card_end_date,
        po1_0.card_start_date,
        po1_0.card_status,
        po1_0.created_at,
        po1_0.order_no,
        po1_0.package_id,
        po1_0.package_name,
        po1_0.payment_method,
        po1_0.payment_time,
        po1_0.price,
        po1_0.remaining_times,
        po1_0.status,
        po1_0.transaction_type,
        po1_0.updated_at,
        po1_0.user_id 
    from
        payment_orders po1_0 
    where
        po1_0.user_id=?
2026-01-16 11:14:19.066 - 
    select
        u1_0.id,
        u1_0.avatar_url,
        u1_0.created_at,
        u1_0.last_login_time,
        u1_0.member_expire_time,
        u1_0.member_level,
        u1_0.nickname,
        u1_0.openid,
        u1_0.phone,
        u1_0.points,
        u1_0.remaining_visits,
        u1_0.role,
        u1_0.total_visits,
        u1_0.updated_at 
    from
        users u1_0 
    where
        u1_0.id=?
2026-01-16 11:14:19.068 - 
    select
        u1_0.id,
        u1_0.avatar_url,
        u1_0.created_at,
        u1_0.last_login_time,
        u1_0.member_expire_time,
        u1_0.member_level,
        u1_0.nickname,
        u1_0.openid,
        u1_0.phone,
        u1_0.points,
        u1_0.remaining_visits,
        u1_0.role,
        u1_0.total_visits,
        u1_0.updated_at 
    from
        users u1_0 
    where
        u1_0.id=?
2026-01-16 11:14:19.069 - 
    select
        u1_0.id,
        u1_0.avatar_url,
        u1_0.created_at,
        u1_0.last_login_time,
        u1_0.member_expire_time,
        u1_0.member_level,
        u1_0.nickname,
        u1_0.openid,
        u1_0.phone,
        u1_0.points,
        u1_0.remaining_visits,
        u1_0.role,
        u1_0.total_visits,
        u1_0.updated_at 
    from
        users u1_0 
    where
        u1_0.id=?
2026-01-16 11:14:19.073 - 
    select
        u1_0.id,
        u1_0.avatar_url,
        u1_0.created_at,
        u1_0.last_login_time,
        u1_0.member_expire_time,
        u1_0.member_level,
        u1_0.nickname,
        u1_0.openid,
        u1_0.phone,
        u1_0.points,
        u1_0.remaining_visits,
        u1_0.role,
        u1_0.total_visits,
        u1_0.updated_at 
    from
        users u1_0 
    where
        u1_0.id=?
2026-01-16 11:14:19.073 - 
    select
        po1_0.id,
        po1_0.card_end_date,
        po1_0.card_start_date,
        po1_0.card_status,
        po1_0.created_at,
        po1_0.order_no,
        po1_0.package_id,
        po1_0.package_name,
        po1_0.payment_method,
        po1_0.payment_time,
        po1_0.price,
        po1_0.remaining_times,
        po1_0.status,
        po1_0.transaction_type,
        po1_0.updated_at,
        po1_0.user_id 
    from
        payment_orders po1_0 
    where
        po1_0.user_id=?
2026-01-16 11:14:37.707 - 
    select
        u1_0.id,
        u1_0.avatar_url,
        u1_0.created_at,
        u1_0.last_login_time,
        u1_0.member_expire_time,
        u1_0.member_level,
        u1_0.nickname,
        u1_0.openid,
        u1_0.phone,
        u1_0.points,
        u1_0.remaining_visits,
        u1_0.role,
        u1_0.total_visits,
        u1_0.updated_at 
    from
        users u1_0 
    where
        u1_0.openid=?
2026-01-16 11:14:37.711 - 
    update
        users 
    set
        avatar_url=?,
        created_at=?,
        last_login_time=?,
        member_expire_time=?,
        member_level=?,
        nickname=?,
        openid=?,
        phone=?,
        points=?,
        remaining_visits=?,
        role=?,
        total_visits=?,
        updated_at=? 
    where
        id=?
2026-01-16 11:14:39.310 - 
    select
        mp1_0.id,
        mp1_0.avg_price_per_time,
        mp1_0.badge,
        mp1_0.category,
        mp1_0.code,
        mp1_0.description,
        mp1_0.features,
        mp1_0.is_active,
        mp1_0.name,
        mp1_0.people,
        mp1_0.price,
        mp1_0.sort_order,
        mp1_0.times_per_person,
        mp1_0.validity_days 
    from
        member_packages mp1_0 
    where
        mp1_0.is_active 
    order by
        mp1_0.sort_order
2026-01-16 11:14:40.455 - 
    select
        u1_0.id,
        u1_0.avatar_url,
        u1_0.created_at,
        u1_0.last_login_time,
        u1_0.member_expire_time,
        u1_0.member_level,
        u1_0.nickname,
        u1_0.openid,
        u1_0.phone,
        u1_0.points,
        u1_0.remaining_visits,
        u1_0.role,
        u1_0.total_visits,
        u1_0.updated_at 
    from
        users u1_0 
    where
        u1_0.id=?
2026-01-16 11:14:40.455 - 
    select
        po1_0.id,
        po1_0.card_end_date,
        po1_0.card_start_date,
        po1_0.card_status,
        po1_0.created_at,
        po1_0.order_no,
        po1_0.package_id,
        po1_0.package_name,
        po1_0.payment_method,
        po1_0.payment_time,
        po1_0.price,
        po1_0.remaining_times,
        po1_0.status,
        po1_0.transaction_type,
        po1_0.updated_at,
        po1_0.user_id 
    from
        payment_orders po1_0 
    where
        po1_0.user_id=?
2026-01-16 11:14:40.457 - 
    select
        mp1_0.id,
        mp1_0.avg_price_per_time,
        mp1_0.badge,
        mp1_0.category,
        mp1_0.code,
        mp1_0.description,
        mp1_0.features,
        mp1_0.is_active,
        mp1_0.name,
        mp1_0.people,
        mp1_0.price,
        mp1_0.sort_order,
        mp1_0.times_per_person,
        mp1_0.validity_days 
    from
        member_packages mp1_0 
    where
        mp1_0.id=?
2026-01-16 11:14:40.457 - 
    select
        u1_0.id,
        u1_0.avatar_url,
        u1_0.created_at,
        u1_0.last_login_time,
        u1_0.member_expire_time,
        u1_0.member_level,
        u1_0.nickname,
        u1_0.openid,
        u1_0.phone,
        u1_0.points,
        u1_0.remaining_visits,
        u1_0.role,
        u1_0.total_visits,
        u1_0.updated_at 
    from
        users u1_0 
    where
        u1_0.id=?
2026-01-16 11:14:40.457 - 
    select
        po1_0.id,
        po1_0.card_end_date,
        po1_0.card_start_date,
        po1_0.card_status,
        po1_0.created_at,
        po1_0.order_no,
        po1_0.package_id,
        po1_0.package_name,
        po1_0.payment_method,
        po1_0.payment_time,
        po1_0.price,
        po1_0.remaining_times,
        po1_0.status,
        po1_0.transaction_type,
        po1_0.updated_at,
        po1_0.user_id 
    from
        payment_orders po1_0 
    where
        po1_0.user_id=? 
        and po1_0.status=?
2026-01-16 11:14:40.459 - 
    select
        bo1_0.id,
        bo1_0.cabin_name,
        bo1_0.consume_time,
        bo1_0.created_at,
        bo1_0.date,
        bo1_0.order_no,
        bo1_0.original_price,
        bo1_0.payment_method,
        bo1_0.payment_order_id,
        bo1_0.payment_status,
        bo1_0.payment_time,
        bo1_0.price,
        bo1_0.seat_name,
        bo1_0.status,
        bo1_0.time_slot,
        bo1_0.updated_at,
        bo1_0.user_id 
    from
        booking_orders bo1_0 
    where
        bo1_0.user_id=? 
    order by
        bo1_0.created_at desc
2026-01-16 11:14:40.460 - 
    select
        u1_0.id,
        u1_0.avatar_url,
        u1_0.created_at,
        u1_0.last_login_time,
        u1_0.member_expire_time,
        u1_0.member_level,
        u1_0.nickname,
        u1_0.openid,
        u1_0.phone,
        u1_0.points,
        u1_0.remaining_visits,
        u1_0.role,
        u1_0.total_visits,
        u1_0.updated_at 
    from
        users u1_0 
    where
        u1_0.id=?
2026-01-16 11:14:40.461 - 
    select
        po1_0.id,
        po1_0.card_end_date,
        po1_0.card_start_date,
        po1_0.card_status,
        po1_0.created_at,
        po1_0.order_no,
        po1_0.package_id,
        po1_0.package_name,
        po1_0.payment_method,
        po1_0.payment_time,
        po1_0.price,
        po1_0.remaining_times,
        po1_0.status,
        po1_0.transaction_type,
        po1_0.updated_at,
        po1_0.user_id 
    from
        payment_orders po1_0 
    where
        po1_0.user_id=?
2026-01-16 11:14:40.462 - 
    select
        mp1_0.id,
        mp1_0.avg_price_per_time,
        mp1_0.badge,
        mp1_0.category,
        mp1_0.code,
        mp1_0.description,
        mp1_0.features,
        mp1_0.is_active,
        mp1_0.name,
        mp1_0.people,
        mp1_0.price,
        mp1_0.sort_order,
        mp1_0.times_per_person,
        mp1_0.validity_days 
    from
        member_packages mp1_0 
    where
        mp1_0.id=?
2026-01-16 11:14:40.464 - 
    select
        u1_0.id,
        u1_0.avatar_url,
        u1_0.created_at,
        u1_0.last_login_time,
        u1_0.member_expire_time,
        u1_0.member_level,
        u1_0.nickname,
        u1_0.openid,
        u1_0.phone,
        u1_0.points,
        u1_0.remaining_visits,
        u1_0.role,
        u1_0.total_visits,
        u1_0.updated_at 
    from
        users u1_0 
    where
        u1_0.id=?
2026-01-16 11:14:40.464 - 
    select
        po1_0.id,
        po1_0.card_end_date,
        po1_0.card_start_date,
        po1_0.card_status,
        po1_0.created_at,
        po1_0.order_no,
        po1_0.package_id,
        po1_0.package_name,
        po1_0.payment_method,
        po1_0.payment_time,
        po1_0.price,
        po1_0.remaining_times,
        po1_0.status,
        po1_0.transaction_type,
        po1_0.updated_at,
        po1_0.user_id 
    from
        payment_orders po1_0 
    where
        po1_0.user_id=? 
        and po1_0.status=?
2026-01-16 11:14:40.465 - 
    select
        bo1_0.id,
        bo1_0.cabin_name,
        bo1_0.consume_time,
        bo1_0.created_at,
        bo1_0.date,
        bo1_0.order_no,
        bo1_0.original_price,
        bo1_0.payment_method,
        bo1_0.payment_order_id,
        bo1_0.payment_status,
        bo1_0.payment_time,
        bo1_0.price,
        bo1_0.seat_name,
        bo1_0.status,
        bo1_0.time_slot,
        bo1_0.updated_at,
        bo1_0.user_id 
    from
        booking_orders bo1_0 
    where
        bo1_0.user_id=? 
    order by
        bo1_0.created_at desc
2026-01-16 11:14:40.496 - 
    select
        u1_0.id,
        u1_0.avatar_url,
        u1_0.created_at,
        u1_0.last_login_time,
        u1_0.member_expire_time,
        u1_0.member_level,
        u1_0.nickname,
        u1_0.openid,
        u1_0.phone,
        u1_0.points,
        u1_0.remaining_visits,
        u1_0.role,
        u1_0.total_visits,
        u1_0.updated_at 
    from
        users u1_0 
    where
        u1_0.id=?
2026-01-16 11:14:40.498 - 
    select
        po1_0.id,
        po1_0.card_end_date,
        po1_0.card_start_date,
        po1_0.card_status,
        po1_0.created_at,
        po1_0.order_no,
        po1_0.package_id,
        po1_0.package_name,
        po1_0.payment_method,
        po1_0.payment_time,
        po1_0.price,
        po1_0.remaining_times,
        po1_0.status,
        po1_0.transaction_type,
        po1_0.updated_at,
        po1_0.user_id 
    from
        payment_orders po1_0 
    where
        po1_0.user_id=? 
        and po1_0.status=?
2026-01-16 11:14:40.516 - 
    select
        u1_0.id,
        u1_0.avatar_url,
        u1_0.created_at,
        u1_0.last_login_time,
        u1_0.member_expire_time,
        u1_0.member_level,
        u1_0.nickname,
        u1_0.openid,
        u1_0.phone,
        u1_0.points,
        u1_0.remaining_visits,
        u1_0.role,
        u1_0.total_visits,
        u1_0.updated_at 
    from
        users u1_0 
    where
        u1_0.id=?
2026-01-16 11:14:40.518 - 
    select
        po1_0.id,
        po1_0.card_end_date,
        po1_0.card_start_date,
        po1_0.card_status,
        po1_0.created_at,
        po1_0.order_no,
        po1_0.package_id,
        po1_0.package_name,
        po1_0.payment_method,
        po1_0.payment_time,
        po1_0.price,
        po1_0.remaining_times,
        po1_0.status,
        po1_0.transaction_type,
        po1_0.updated_at,
        po1_0.user_id 
    from
        payment_orders po1_0 
    where
        po1_0.user_id=? 
        and po1_0.status=?
2026-01-16 11:14:44.035 - 
    select
        po1_0.id,
        po1_0.card_end_date,
        po1_0.card_start_date,
        po1_0.card_status,
        po1_0.created_at,
        po1_0.order_no,
        po1_0.package_id,
        po1_0.package_name,
        po1_0.payment_method,
        po1_0.payment_time,
        po1_0.price,
        po1_0.remaining_times,
        po1_0.status,
        po1_0.transaction_type,
        po1_0.updated_at,
        po1_0.user_id 
    from
        payment_orders po1_0 
    where
        po1_0.user_id=?
2026-01-16 11:14:44.035 - 
    select
        po1_0.id,
        po1_0.card_end_date,
        po1_0.card_start_date,
        po1_0.card_status,
        po1_0.created_at,
        po1_0.order_no,
        po1_0.package_id,
        po1_0.package_name,
        po1_0.payment_method,
        po1_0.payment_time,
        po1_0.price,
        po1_0.remaining_times,
        po1_0.status,
        po1_0.transaction_type,
        po1_0.updated_at,
        po1_0.user_id 
    from
        payment_orders po1_0 
    where
        po1_0.user_id=?
2026-01-16 11:14:44.037 - 
    select
        mp1_0.id,
        mp1_0.avg_price_per_time,
        mp1_0.badge,
        mp1_0.category,
        mp1_0.code,
        mp1_0.description,
        mp1_0.features,
        mp1_0.is_active,
        mp1_0.name,
        mp1_0.people,
        mp1_0.price,
        mp1_0.sort_order,
        mp1_0.times_per_person,
        mp1_0.validity_days 
    from
        member_packages mp1_0 
    where
        mp1_0.id=?
2026-01-16 11:14:44.037 - 
    select
        mp1_0.id,
        mp1_0.avg_price_per_time,
        mp1_0.badge,
        mp1_0.category,
        mp1_0.code,
        mp1_0.description,
        mp1_0.features,
        mp1_0.is_active,
        mp1_0.name,
        mp1_0.people,
        mp1_0.price,
        mp1_0.sort_order,
        mp1_0.times_per_person,
        mp1_0.validity_days 
    from
        member_packages mp1_0 
    where
        mp1_0.id=?
2026-01-16 11:14:45.820 - 
    select
        u1_0.id,
        u1_0.avatar_url,
        u1_0.created_at,
        u1_0.last_login_time,
        u1_0.member_expire_time,
        u1_0.member_level,
        u1_0.nickname,
        u1_0.openid,
        u1_0.phone,
        u1_0.points,
        u1_0.remaining_visits,
        u1_0.role,
        u1_0.total_visits,
        u1_0.updated_at 
    from
        users u1_0 
    where
        u1_0.id=?
2026-01-16 11:14:45.820 - 
    select
        po1_0.id,
        po1_0.card_end_date,
        po1_0.card_start_date,
        po1_0.card_status,
        po1_0.created_at,
        po1_0.order_no,
        po1_0.package_id,
        po1_0.package_name,
        po1_0.payment_method,
        po1_0.payment_time,
        po1_0.price,
        po1_0.remaining_times,
        po1_0.status,
        po1_0.transaction_type,
        po1_0.updated_at,
        po1_0.user_id 
    from
        payment_orders po1_0 
    where
        po1_0.user_id=?
2026-01-16 11:14:45.820 - 
    select
        u1_0.id,
        u1_0.avatar_url,
        u1_0.created_at,
        u1_0.last_login_time,
        u1_0.member_expire_time,
        u1_0.member_level,
        u1_0.nickname,
        u1_0.openid,
        u1_0.phone,
        u1_0.points,
        u1_0.remaining_visits,
        u1_0.role,
        u1_0.total_visits,
        u1_0.updated_at 
    from
        users u1_0 
    where
        u1_0.id=?
2026-01-16 11:14:45.821 - 
    select
        mp1_0.id,
        mp1_0.avg_price_per_time,
        mp1_0.badge,
        mp1_0.category,
        mp1_0.code,
        mp1_0.description,
        mp1_0.features,
        mp1_0.is_active,
        mp1_0.name,
        mp1_0.people,
        mp1_0.price,
        mp1_0.sort_order,
        mp1_0.times_per_person,
        mp1_0.validity_days 
    from
        member_packages mp1_0 
    where
        mp1_0.id=?
2026-01-16 11:14:45.821 - 
    select
        po1_0.id,
        po1_0.card_end_date,
        po1_0.card_start_date,
        po1_0.card_status,
        po1_0.created_at,
        po1_0.order_no,
        po1_0.package_id,
        po1_0.package_name,
        po1_0.payment_method,
        po1_0.payment_time,
        po1_0.price,
        po1_0.remaining_times,
        po1_0.status,
        po1_0.transaction_type,
        po1_0.updated_at,
        po1_0.user_id 
    from
        payment_orders po1_0 
    where
        po1_0.user_id=? 
        and po1_0.status=?
2026-01-16 11:14:45.822 - 
    select
        bo1_0.id,
        bo1_0.cabin_name,
        bo1_0.consume_time,
        bo1_0.created_at,
        bo1_0.date,
        bo1_0.order_no,
        bo1_0.original_price,
        bo1_0.payment_method,
        bo1_0.payment_order_id,
        bo1_0.payment_status,
        bo1_0.payment_time,
        bo1_0.price,
        bo1_0.seat_name,
        bo1_0.status,
        bo1_0.time_slot,
        bo1_0.updated_at,
        bo1_0.user_id 
    from
        booking_orders bo1_0 
    where
        bo1_0.user_id=? 
    order by
        bo1_0.created_at desc
2026-01-16 11:14:45.824 - 
    select
        u1_0.id,
        u1_0.avatar_url,
        u1_0.created_at,
        u1_0.last_login_time,
        u1_0.member_expire_time,
        u1_0.member_level,
        u1_0.nickname,
        u1_0.openid,
        u1_0.phone,
        u1_0.points,
        u1_0.remaining_visits,
        u1_0.role,
        u1_0.total_visits,
        u1_0.updated_at 
    from
        users u1_0 
    where
        u1_0.id=?
2026-01-16 11:14:45.825 - 
    select
        po1_0.id,
        po1_0.card_end_date,
        po1_0.card_start_date,
        po1_0.card_status,
        po1_0.created_at,
        po1_0.order_no,
        po1_0.package_id,
        po1_0.package_name,
        po1_0.payment_method,
        po1_0.payment_time,
        po1_0.price,
        po1_0.remaining_times,
        po1_0.status,
        po1_0.transaction_type,
        po1_0.updated_at,
        po1_0.user_id 
    from
        payment_orders po1_0 
    where
        po1_0.user_id=? 
        and po1_0.status=?
2026-01-16 11:14:45.827 - 
    select
        u1_0.id,
        u1_0.avatar_url,
        u1_0.created_at,
        u1_0.last_login_time,
        u1_0.member_expire_time,
        u1_0.member_level,
        u1_0.nickname,
        u1_0.openid,
        u1_0.phone,
        u1_0.points,
        u1_0.remaining_visits,
        u1_0.role,
        u1_0.total_visits,
        u1_0.updated_at 
    from
        users u1_0 
    where
        u1_0.id=?
2026-01-16 11:14:45.827 - 
    select
        po1_0.id,
        po1_0.card_end_date,
        po1_0.card_start_date,
        po1_0.card_status,
        po1_0.created_at,
        po1_0.order_no,
        po1_0.package_id,
        po1_0.package_name,
        po1_0.payment_method,
        po1_0.payment_time,
        po1_0.price,
        po1_0.remaining_times,
        po1_0.status,
        po1_0.transaction_type,
        po1_0.updated_at,
        po1_0.user_id 
    from
        payment_orders po1_0 
    where
        po1_0.user_id=?
2026-01-16 11:14:45.829 - 
    select
        bo1_0.id,
        bo1_0.cabin_name,
        bo1_0.consume_time,
        bo1_0.created_at,
        bo1_0.date,
        bo1_0.order_no,
        bo1_0.original_price,
        bo1_0.payment_method,
        bo1_0.payment_order_id,
        bo1_0.payment_status,
        bo1_0.payment_time,
        bo1_0.price,
        bo1_0.seat_name,
        bo1_0.status,
        bo1_0.time_slot,
        bo1_0.updated_at,
        bo1_0.user_id 
    from
        booking_orders bo1_0 
    where
        bo1_0.user_id=? 
    order by
        bo1_0.created_at desc
2026-01-16 11:14:45.829 - 
    select
        mp1_0.id,
        mp1_0.avg_price_per_time,
        mp1_0.badge,
        mp1_0.category,
        mp1_0.code,
        mp1_0.description,
        mp1_0.features,
        mp1_0.is_active,
        mp1_0.name,
        mp1_0.people,
        mp1_0.price,
        mp1_0.sort_order,
        mp1_0.times_per_person,
        mp1_0.validity_days 
    from
        member_packages mp1_0 
    where
        mp1_0.id=?
2026-01-16 11:14:45.862 - 
    select
        u1_0.id,
        u1_0.avatar_url,
        u1_0.created_at,
        u1_0.last_login_time,
        u1_0.member_expire_time,
        u1_0.member_level,
        u1_0.nickname,
        u1_0.openid,
        u1_0.phone,
        u1_0.points,
        u1_0.remaining_visits,
        u1_0.role,
        u1_0.total_visits,
        u1_0.updated_at 
    from
        users u1_0 
    where
        u1_0.id=?
2026-01-16 11:14:45.864 - 
    select
        po1_0.id,
        po1_0.card_end_date,
        po1_0.card_start_date,
        po1_0.card_status,
        po1_0.created_at,
        po1_0.order_no,
        po1_0.package_id,
        po1_0.package_name,
        po1_0.payment_method,
        po1_0.payment_time,
        po1_0.price,
        po1_0.remaining_times,
        po1_0.status,
        po1_0.transaction_type,
        po1_0.updated_at,
        po1_0.user_id 
    from
        payment_orders po1_0 
    where
        po1_0.user_id=? 
        and po1_0.status=?
2026-01-16 11:14:45.909 - 
    select
        u1_0.id,
        u1_0.avatar_url,
        u1_0.created_at,
        u1_0.last_login_time,
        u1_0.member_expire_time,
        u1_0.member_level,
        u1_0.nickname,
        u1_0.openid,
        u1_0.phone,
        u1_0.points,
        u1_0.remaining_visits,
        u1_0.role,
        u1_0.total_visits,
        u1_0.updated_at 
    from
        users u1_0 
    where
        u1_0.id=?
2026-01-16 11:14:45.910 - 
    select
        po1_0.id,
        po1_0.card_end_date,
        po1_0.card_start_date,
        po1_0.card_status,
        po1_0.created_at,
        po1_0.order_no,
        po1_0.package_id,
        po1_0.package_name,
        po1_0.payment_method,
        po1_0.payment_time,
        po1_0.price,
        po1_0.remaining_times,
        po1_0.status,
        po1_0.transaction_type,
        po1_0.updated_at,
        po1_0.user_id 
    from
        payment_orders po1_0 
    where
        po1_0.user_id=? 
        and po1_0.status=?
2026-01-16 11:14:53.615 - 
    select
        s1_0.id,
        s1_0.created_at,
        s1_0.last_login_time,
        s1_0.name,
        s1_0.password,
        s1_0.phone,
        s1_0.status,
        s1_0.updated_at,
        s1_0.username 
    from
        staffs s1_0 
    where
        s1_0.username=?
2026-01-16 11:14:53.619 - 
    update
        staffs 
    set
        created_at=?,
        last_login_time=?,
        name=?,
        password=?,
        phone=?,
        status=?,
        updated_at=?,
        username=? 
    where
        id=?
2026-01-16 11:15:00.332 - 
    select
        bo1_0.id,
        bo1_0.cabin_name,
        bo1_0.consume_time,
        bo1_0.created_at,
        bo1_0.date,
        bo1_0.order_no,
        bo1_0.original_price,
        bo1_0.payment_method,
        bo1_0.payment_order_id,
        bo1_0.payment_status,
        bo1_0.payment_time,
        bo1_0.price,
        bo1_0.seat_name,
        bo1_0.status,
        bo1_0.time_slot,
        bo1_0.updated_at,
        bo1_0.user_id 
    from
        booking_orders bo1_0 
    where
        bo1_0.order_no=?
2026-01-16 11:15:00.337 - 
    update
        booking_orders 
    set
        cabin_name=?,
        consume_time=?,
        created_at=?,
        date=?,
        order_no=?,
        original_price=?,
        payment_method=?,
        payment_order_id=?,
        payment_status=?,
        payment_time=?,
        price=?,
        seat_name=?,
        status=?,
        time_slot=?,
        updated_at=?,
        user_id=? 
    where
        id=?
2026-01-16 11:15:00.341 - 
    update
        booking_orders 
    set
        cabin_name=?,
        consume_time=?,
        created_at=?,
        date=?,
        order_no=?,
        original_price=?,
        payment_method=?,
        payment_order_id=?,
        payment_status=?,
        payment_time=?,
        price=?,
        seat_name=?,
        status=?,
        time_slot=?,
        updated_at=?,
        user_id=? 
    where
        id=?
2026-01-16 11:15:00.344 - 
    select
        dvr1_0.id,
        dvr1_0.created_at,
        dvr1_0.last_visit_time,
        dvr1_0.updated_at,
        dvr1_0.user_id,
        dvr1_0.visit_count,
        dvr1_0.visit_date 
    from
        daily_visit_records dvr1_0 
    where
        dvr1_0.user_id=? 
        and dvr1_0.visit_date=?
2026-01-16 11:15:00.348 - 
    insert 
    into
        daily_visit_records
        (created_at, last_visit_time, updated_at, user_id, visit_count, visit_date) 
    values
        (?, ?, ?, ?, ?, ?)
2026-01-16 11:15:00.351 - 
    update
        daily_visit_records 
    set
        created_at=?,
        last_visit_time=?,
        updated_at=?,
        user_id=?,
        visit_count=?,
        visit_date=? 
    where
        id=?
2026-01-16 11:15:00.352 - 
    select
        po1_0.id,
        po1_0.card_end_date,
        po1_0.card_start_date,
        po1_0.card_status,
        po1_0.created_at,
        po1_0.order_no,
        po1_0.package_id,
        po1_0.package_name,
        po1_0.payment_method,
        po1_0.payment_time,
        po1_0.price,
        po1_0.remaining_times,
        po1_0.status,
        po1_0.transaction_type,
        po1_0.updated_at,
        po1_0.user_id 
    from
        payment_orders po1_0 
    where
        po1_0.id=?
2026-01-16 11:15:00.353 - 
    select
        mp1_0.id,
        mp1_0.avg_price_per_time,
        mp1_0.badge,
        mp1_0.category,
        mp1_0.code,
        mp1_0.description,
        mp1_0.features,
        mp1_0.is_active,
        mp1_0.name,
        mp1_0.people,
        mp1_0.price,
        mp1_0.sort_order,
        mp1_0.times_per_person,
        mp1_0.validity_days 
    from
        member_packages mp1_0 
    where
        mp1_0.id=?
2026-01-16 11:15:00.354 - 
    update
        payment_orders 
    set
        card_end_date=?,
        card_start_date=?,
        card_status=?,
        created_at=?,
        order_no=?,
        package_id=?,
        package_name=?,
        payment_method=?,
        payment_time=?,
        price=?,
        remaining_times=?,
        status=?,
        transaction_type=?,
        updated_at=?,
        user_id=? 
    where
        id=?
2026-01-16 11:15:09.935 - 
    select
        po1_0.id,
        po1_0.card_end_date,
        po1_0.card_start_date,
        po1_0.card_status,
        po1_0.created_at,
        po1_0.order_no,
        po1_0.package_id,
        po1_0.package_name,
        po1_0.payment_method,
        po1_0.payment_time,
        po1_0.price,
        po1_0.remaining_times,
        po1_0.status,
        po1_0.transaction_type,
        po1_0.updated_at,
        po1_0.user_id 
    from
        payment_orders po1_0 
    where
        po1_0.user_id=?
2026-01-16 11:15:09.947 - 
    select
        mp1_0.id,
        mp1_0.avg_price_per_time,
        mp1_0.badge,
        mp1_0.category,
        mp1_0.code,
        mp1_0.description,
        mp1_0.features,
        mp1_0.is_active,
        mp1_0.name,
        mp1_0.people,
        mp1_0.price,
        mp1_0.sort_order,
        mp1_0.times_per_person,
        mp1_0.validity_days 
    from
        member_packages mp1_0 
    where
        mp1_0.id=?
2026-01-16 11:15:09.967 - 
    select
        po1_0.id,
        po1_0.card_end_date,
        po1_0.card_start_date,
        po1_0.card_status,
        po1_0.created_at,
        po1_0.order_no,
        po1_0.package_id,
        po1_0.package_name,
        po1_0.payment_method,
        po1_0.payment_time,
        po1_0.price,
        po1_0.remaining_times,
        po1_0.status,
        po1_0.transaction_type,
        po1_0.updated_at,
        po1_0.user_id 
    from
        payment_orders po1_0 
    where
        po1_0.user_id=?
2026-01-16 11:15:09.973 - 
    select
        mp1_0.id,
        mp1_0.avg_price_per_time,
        mp1_0.badge,
        mp1_0.category,
        mp1_0.code,
        mp1_0.description,
        mp1_0.features,
        mp1_0.is_active,
        mp1_0.name,
        mp1_0.people,
        mp1_0.price,
        mp1_0.sort_order,
        mp1_0.times_per_person,
        mp1_0.validity_days 
    from
        member_packages mp1_0 
    where
        mp1_0.id=?
2026-01-16 11:15:11.353 - 
    select
        u1_0.id,
        u1_0.avatar_url,
        u1_0.created_at,
        u1_0.last_login_time,
        u1_0.member_expire_time,
        u1_0.member_level,
        u1_0.nickname,
        u1_0.openid,
        u1_0.phone,
        u1_0.points,
        u1_0.remaining_visits,
        u1_0.role,
        u1_0.total_visits,
        u1_0.updated_at 
    from
        users u1_0 
    where
        u1_0.id=?
2026-01-16 11:15:11.357 - 
    select
        po1_0.id,
        po1_0.card_end_date,
        po1_0.card_start_date,
        po1_0.card_status,
        po1_0.created_at,
        po1_0.order_no,
        po1_0.package_id,
        po1_0.package_name,
        po1_0.payment_method,
        po1_0.payment_time,
        po1_0.price,
        po1_0.remaining_times,
        po1_0.status,
        po1_0.transaction_type,
        po1_0.updated_at,
        po1_0.user_id 
    from
        payment_orders po1_0 
    where
        po1_0.user_id=? 
        and po1_0.status=?
2026-01-16 11:15:11.357 - 
    select
        po1_0.id,
        po1_0.card_end_date,
        po1_0.card_start_date,
        po1_0.card_status,
        po1_0.created_at,
        po1_0.order_no,
        po1_0.package_id,
        po1_0.package_name,
        po1_0.payment_method,
        po1_0.payment_time,
        po1_0.price,
        po1_0.remaining_times,
        po1_0.status,
        po1_0.transaction_type,
        po1_0.updated_at,
        po1_0.user_id 
    from
        payment_orders po1_0 
    where
        po1_0.user_id=?
2026-01-16 11:15:11.360 - 
    select
        mp1_0.id,
        mp1_0.avg_price_per_time,
        mp1_0.badge,
        mp1_0.category,
        mp1_0.code,
        mp1_0.description,
        mp1_0.features,
        mp1_0.is_active,
        mp1_0.name,
        mp1_0.people,
        mp1_0.price,
        mp1_0.sort_order,
        mp1_0.times_per_person,
        mp1_0.validity_days 
    from
        member_packages mp1_0 
    where
        mp1_0.id=?
2026-01-16 11:15:11.366 - 
    select
        u1_0.id,
        u1_0.avatar_url,
        u1_0.created_at,
        u1_0.last_login_time,
        u1_0.member_expire_time,
        u1_0.member_level,
        u1_0.nickname,
        u1_0.openid,
        u1_0.phone,
        u1_0.points,
        u1_0.remaining_visits,
        u1_0.role,
        u1_0.total_visits,
        u1_0.updated_at 
    from
        users u1_0 
    where
        u1_0.id=?
2026-01-16 11:15:11.371 - 
    select
        bo1_0.id,
        bo1_0.cabin_name,
        bo1_0.consume_time,
        bo1_0.created_at,
        bo1_0.date,
        bo1_0.order_no,
        bo1_0.original_price,
        bo1_0.payment_method,
        bo1_0.payment_order_id,
        bo1_0.payment_status,
        bo1_0.payment_time,
        bo1_0.price,
        bo1_0.seat_name,
        bo1_0.status,
        bo1_0.time_slot,
        bo1_0.updated_at,
        bo1_0.user_id 
    from
        booking_orders bo1_0 
    where
        bo1_0.user_id=? 
    order by
        bo1_0.created_at desc
2026-01-16 11:15:11.378 - 
    select
        u1_0.id,
        u1_0.avatar_url,
        u1_0.created_at,
        u1_0.last_login_time,
        u1_0.member_expire_time,
        u1_0.member_level,
        u1_0.nickname,
        u1_0.openid,
        u1_0.phone,
        u1_0.points,
        u1_0.remaining_visits,
        u1_0.role,
        u1_0.total_visits,
        u1_0.updated_at 
    from
        users u1_0 
    where
        u1_0.id=?
2026-01-16 11:15:11.381 - 
    select
        po1_0.id,
        po1_0.card_end_date,
        po1_0.card_start_date,
        po1_0.card_status,
        po1_0.created_at,
        po1_0.order_no,
        po1_0.package_id,
        po1_0.package_name,
        po1_0.payment_method,
        po1_0.payment_time,
        po1_0.price,
        po1_0.remaining_times,
        po1_0.status,
        po1_0.transaction_type,
        po1_0.updated_at,
        po1_0.user_id 
    from
        payment_orders po1_0 
    where
        po1_0.user_id=? 
        and po1_0.status=?
2026-01-16 11:15:11.389 - 
    select
        po1_0.id,
        po1_0.card_end_date,
        po1_0.card_start_date,
        po1_0.card_status,
        po1_0.created_at,
        po1_0.order_no,
        po1_0.package_id,
        po1_0.package_name,
        po1_0.payment_method,
        po1_0.payment_time,
        po1_0.price,
        po1_0.remaining_times,
        po1_0.status,
        po1_0.transaction_type,
        po1_0.updated_at,
        po1_0.user_id 
    from
        payment_orders po1_0 
    where
        po1_0.user_id=?
2026-01-16 11:15:11.392 - 
    select
        mp1_0.id,
        mp1_0.avg_price_per_time,
        mp1_0.badge,
        mp1_0.category,
        mp1_0.code,
        mp1_0.description,
        mp1_0.features,
        mp1_0.is_active,
        mp1_0.name,
        mp1_0.people,
        mp1_0.price,
        mp1_0.sort_order,
        mp1_0.times_per_person,
        mp1_0.validity_days 
    from
        member_packages mp1_0 
    where
        mp1_0.id=?
2026-01-16 11:15:11.395 - 
    select
        u1_0.id,
        u1_0.avatar_url,
        u1_0.created_at,
        u1_0.last_login_time,
        u1_0.member_expire_time,
        u1_0.member_level,
        u1_0.nickname,
        u1_0.openid,
        u1_0.phone,
        u1_0.points,
        u1_0.remaining_visits,
        u1_0.role,
        u1_0.total_visits,
        u1_0.updated_at 
    from
        users u1_0 
    where
        u1_0.id=?
2026-01-16 11:15:11.398 - 
    select
        bo1_0.id,
        bo1_0.cabin_name,
        bo1_0.consume_time,
        bo1_0.created_at,
        bo1_0.date,
        bo1_0.order_no,
        bo1_0.original_price,
        bo1_0.payment_method,
        bo1_0.payment_order_id,
        bo1_0.payment_status,
        bo1_0.payment_time,
        bo1_0.price,
        bo1_0.seat_name,
        bo1_0.status,
        bo1_0.time_slot,
        bo1_0.updated_at,
        bo1_0.user_id 
    from
        booking_orders bo1_0 
    where
        bo1_0.user_id=? 
    order by
        bo1_0.created_at desc
2026-01-16 11:15:19.525 - 
    select
        po1_0.id,
        po1_0.card_end_date,
        po1_0.card_start_date,
        po1_0.card_status,
        po1_0.created_at,
        po1_0.order_no,
        po1_0.package_id,
        po1_0.package_name,
        po1_0.payment_method,
        po1_0.payment_time,
        po1_0.price,
        po1_0.remaining_times,
        po1_0.status,
        po1_0.transaction_type,
        po1_0.updated_at,
        po1_0.user_id 
    from
        payment_orders po1_0 
    where
        po1_0.user_id=?
2026-01-16 11:15:19.532 - 
    select
        mp1_0.id,
        mp1_0.avg_price_per_time,
        mp1_0.badge,
        mp1_0.category,
        mp1_0.code,
        mp1_0.description,
        mp1_0.features,
        mp1_0.is_active,
        mp1_0.name,
        mp1_0.people,
        mp1_0.price,
        mp1_0.sort_order,
        mp1_0.times_per_person,
        mp1_0.validity_days 
    from
        member_packages mp1_0 
    where
        mp1_0.id=?
2026-01-16 11:15:19.559 - 
    select
        po1_0.id,
        po1_0.card_end_date,
        po1_0.card_start_date,
        po1_0.card_status,
        po1_0.created_at,
        po1_0.order_no,
        po1_0.package_id,
        po1_0.package_name,
        po1_0.payment_method,
        po1_0.payment_time,
        po1_0.price,
        po1_0.remaining_times,
        po1_0.status,
        po1_0.transaction_type,
        po1_0.updated_at,
        po1_0.user_id 
    from
        payment_orders po1_0 
    where
        po1_0.user_id=?
2026-01-16 11:15:19.563 - 
    select
        mp1_0.id,
        mp1_0.avg_price_per_time,
        mp1_0.badge,
        mp1_0.category,
        mp1_0.code,
        mp1_0.description,
        mp1_0.features,
        mp1_0.is_active,
        mp1_0.name,
        mp1_0.people,
        mp1_0.price,
        mp1_0.sort_order,
        mp1_0.times_per_person,
        mp1_0.validity_days 
    from
        member_packages mp1_0 
    where
        mp1_0.id=?
2026-01-16 11:15:22.090 - 
    select
        mp1_0.id,
        mp1_0.avg_price_per_time,
        mp1_0.badge,
        mp1_0.category,
        mp1_0.code,
        mp1_0.description,
        mp1_0.features,
        mp1_0.is_active,
        mp1_0.name,
        mp1_0.people,
        mp1_0.price,
        mp1_0.sort_order,
        mp1_0.times_per_person,
        mp1_0.validity_days 
    from
        member_packages mp1_0 
    where
        mp1_0.category=? 
        and mp1_0.is_active 
    order by
        mp1_0.sort_order
2026-01-16 11:15:22.099 - 
    select
        mp1_0.id,
        mp1_0.avg_price_per_time,
        mp1_0.badge,
        mp1_0.category,
        mp1_0.code,
        mp1_0.description,
        mp1_0.features,
        mp1_0.is_active,
        mp1_0.name,
        mp1_0.people,
        mp1_0.price,
        mp1_0.sort_order,
        mp1_0.times_per_person,
        mp1_0.validity_days 
    from
        member_packages mp1_0 
    where
        mp1_0.category=? 
        and mp1_0.is_active 
    order by
        mp1_0.sort_order
2026-01-16 11:15:24.379 - 
    select
        po1_0.id,
        po1_0.card_end_date,
        po1_0.card_start_date,
        po1_0.card_status,
        po1_0.created_at,
        po1_0.order_no,
        po1_0.package_id,
        po1_0.package_name,
        po1_0.payment_method,
        po1_0.payment_time,
        po1_0.price,
        po1_0.remaining_times,
        po1_0.status,
        po1_0.transaction_type,
        po1_0.updated_at,
        po1_0.user_id 
    from
        payment_orders po1_0 
    where
        po1_0.user_id=?
2026-01-16 11:15:24.381 - 
    select
        mp1_0.id,
        mp1_0.avg_price_per_time,
        mp1_0.badge,
        mp1_0.category,
        mp1_0.code,
        mp1_0.description,
        mp1_0.features,
        mp1_0.is_active,
        mp1_0.name,
        mp1_0.people,
        mp1_0.price,
        mp1_0.sort_order,
        mp1_0.times_per_person,
        mp1_0.validity_days 
    from
        member_packages mp1_0 
    where
        mp1_0.id=?
2026-01-16 11:15:24.388 - 
    select
        po1_0.id,
        po1_0.card_end_date,
        po1_0.card_start_date,
        po1_0.card_status,
        po1_0.created_at,
        po1_0.order_no,
        po1_0.package_id,
        po1_0.package_name,
        po1_0.payment_method,
        po1_0.payment_time,
        po1_0.price,
        po1_0.remaining_times,
        po1_0.status,
        po1_0.transaction_type,
        po1_0.updated_at,
        po1_0.user_id 
    from
        payment_orders po1_0 
    where
        po1_0.user_id=?
2026-01-16 11:15:24.390 - 
    select
        mp1_0.id,
        mp1_0.avg_price_per_time,
        mp1_0.badge,
        mp1_0.category,
        mp1_0.code,
        mp1_0.description,
        mp1_0.features,
        mp1_0.is_active,
        mp1_0.name,
        mp1_0.people,
        mp1_0.price,
        mp1_0.sort_order,
        mp1_0.times_per_person,
        mp1_0.validity_days 
    from
        member_packages mp1_0 
    where
        mp1_0.id=?
2026-01-16 11:19:16.474 - 
    select
        mp1_0.id,
        mp1_0.avg_price_per_time,
        mp1_0.badge,
        mp1_0.category,
        mp1_0.code,
        mp1_0.description,
        mp1_0.features,
        mp1_0.is_active,
        mp1_0.name,
        mp1_0.people,
        mp1_0.price,
        mp1_0.sort_order,
        mp1_0.times_per_person,
        mp1_0.validity_days 
    from
        member_packages mp1_0 
    where
        mp1_0.is_active 
    order by
        mp1_0.sort_order
2026-01-16 11:20:26.602 - 
    select
        mp1_0.id,
        mp1_0.avg_price_per_time,
        mp1_0.badge,
        mp1_0.category,
        mp1_0.code,
        mp1_0.description,
        mp1_0.features,
        mp1_0.is_active,
        mp1_0.name,
        mp1_0.people,
        mp1_0.price,
        mp1_0.sort_order,
        mp1_0.times_per_person,
        mp1_0.validity_days 
    from
        member_packages mp1_0 
    where
        mp1_0.is_active 
    order by
        mp1_0.sort_order
2026-01-16 11:22:53.880 - 
    select
        mp1_0.id,
        mp1_0.avg_price_per_time,
        mp1_0.badge,
        mp1_0.category,
        mp1_0.code,
        mp1_0.description,
        mp1_0.features,
        mp1_0.is_active,
        mp1_0.name,
        mp1_0.people,
        mp1_0.price,
        mp1_0.sort_order,
        mp1_0.times_per_person,
        mp1_0.validity_days 
    from
        member_packages mp1_0 
    where
        mp1_0.is_active 
    order by
        mp1_0.sort_order
2026-01-16 11:24:46.373 - 
    select
        mp1_0.id,
        mp1_0.avg_price_per_time,
        mp1_0.badge,
        mp1_0.category,
        mp1_0.code,
        mp1_0.description,
        mp1_0.features,
        mp1_0.is_active,
        mp1_0.name,
        mp1_0.people,
        mp1_0.price,
        mp1_0.sort_order,
        mp1_0.times_per_person,
        mp1_0.validity_days 
    from
        member_packages mp1_0 
    where
        mp1_0.code=?
2026-01-16 11:24:46.389 - 
    select
        mp1_0.id,
        mp1_0.avg_price_per_time,
        mp1_0.badge,
        mp1_0.category,
        mp1_0.code,
        mp1_0.description,
        mp1_0.features,
        mp1_0.is_active,
        mp1_0.name,
        mp1_0.people,
        mp1_0.price,
        mp1_0.sort_order,
        mp1_0.times_per_person,
        mp1_0.validity_days 
    from
        member_packages mp1_0 
    where
        mp1_0.code=?
2026-01-16 11:24:46.391 - 
    select
        mp1_0.id,
        mp1_0.avg_price_per_time,
        mp1_0.badge,
        mp1_0.category,
        mp1_0.code,
        mp1_0.description,
        mp1_0.features,
        mp1_0.is_active,
        mp1_0.name,
        mp1_0.people,
        mp1_0.price,
        mp1_0.sort_order,
        mp1_0.times_per_person,
        mp1_0.validity_days 
    from
        member_packages mp1_0 
    where
        mp1_0.code=?
2026-01-16 11:24:46.394 - 
    select
        mp1_0.id,
        mp1_0.avg_price_per_time,
        mp1_0.badge,
        mp1_0.category,
        mp1_0.code,
        mp1_0.description,
        mp1_0.features,
        mp1_0.is_active,
        mp1_0.name,
        mp1_0.people,
        mp1_0.price,
        mp1_0.sort_order,
        mp1_0.times_per_person,
        mp1_0.validity_days 
    from
        member_packages mp1_0 
    where
        mp1_0.code=?
2026-01-16 11:24:46.396 - 
    select
        mp1_0.id,
        mp1_0.avg_price_per_time,
        mp1_0.badge,
        mp1_0.category,
        mp1_0.code,
        mp1_0.description,
        mp1_0.features,
        mp1_0.is_active,
        mp1_0.name,
        mp1_0.people,
        mp1_0.price,
        mp1_0.sort_order,
        mp1_0.times_per_person,
        mp1_0.validity_days 
    from
        member_packages mp1_0 
    where
        mp1_0.code=?
2026-01-16 11:24:46.399 - 
    select
        mp1_0.id,
        mp1_0.avg_price_per_time,
        mp1_0.badge,
        mp1_0.category,
        mp1_0.code,
        mp1_0.description,
        mp1_0.features,
        mp1_0.is_active,
        mp1_0.name,
        mp1_0.people,
        mp1_0.price,
        mp1_0.sort_order,
        mp1_0.times_per_person,
        mp1_0.validity_days 
    from
        member_packages mp1_0 
    where
        mp1_0.code=?
2026-01-16 11:24:46.401 - 
    select
        mp1_0.id,
        mp1_0.avg_price_per_time,
        mp1_0.badge,
        mp1_0.category,
        mp1_0.code,
        mp1_0.description,
        mp1_0.features,
        mp1_0.is_active,
        mp1_0.name,
        mp1_0.people,
        mp1_0.price,
        mp1_0.sort_order,
        mp1_0.times_per_person,
        mp1_0.validity_days 
    from
        member_packages mp1_0 
    where
        mp1_0.code=?
2026-01-16 11:24:46.403 - 
    select
        mp1_0.id,
        mp1_0.avg_price_per_time,
        mp1_0.badge,
        mp1_0.category,
        mp1_0.code,
        mp1_0.description,
        mp1_0.features,
        mp1_0.is_active,
        mp1_0.name,
        mp1_0.people,
        mp1_0.price,
        mp1_0.sort_order,
        mp1_0.times_per_person,
        mp1_0.validity_days 
    from
        member_packages mp1_0 
    where
        mp1_0.code=?
2026-01-16 11:24:46.407 - 
    select
        mp1_0.id,
        mp1_0.avg_price_per_time,
        mp1_0.badge,
        mp1_0.category,
        mp1_0.code,
        mp1_0.description,
        mp1_0.features,
        mp1_0.is_active,
        mp1_0.name,
        mp1_0.people,
        mp1_0.price,
        mp1_0.sort_order,
        mp1_0.times_per_person,
        mp1_0.validity_days 
    from
        member_packages mp1_0 
    where
        mp1_0.code=?
2026-01-16 11:24:46.409 - 
    select
        mp1_0.id,
        mp1_0.avg_price_per_time,
        mp1_0.badge,
        mp1_0.category,
        mp1_0.code,
        mp1_0.description,
        mp1_0.features,
        mp1_0.is_active,
        mp1_0.name,
        mp1_0.people,
        mp1_0.price,
        mp1_0.sort_order,
        mp1_0.times_per_person,
        mp1_0.validity_days 
    from
        member_packages mp1_0 
    where
        mp1_0.code=?
2026-01-16 11:25:02.983 - 
    select
        mp1_0.id,
        mp1_0.avg_price_per_time,
        mp1_0.badge,
        mp1_0.category,
        mp1_0.code,
        mp1_0.description,
        mp1_0.features,
        mp1_0.is_active,
        mp1_0.name,
        mp1_0.people,
        mp1_0.price,
        mp1_0.sort_order,
        mp1_0.times_per_person,
        mp1_0.validity_days 
    from
        member_packages mp1_0 
    where
        mp1_0.is_active 
    order by
        mp1_0.sort_order
2026-01-16 11:25:07.206 - 
    select
        po1_0.id,
        po1_0.card_end_date,
        po1_0.card_start_date,
        po1_0.card_status,
        po1_0.created_at,
        po1_0.order_no,
        po1_0.package_id,
        po1_0.package_name,
        po1_0.payment_method,
        po1_0.payment_time,
        po1_0.price,
        po1_0.remaining_times,
        po1_0.status,
        po1_0.transaction_type,
        po1_0.updated_at,
        po1_0.user_id 
    from
        payment_orders po1_0 
    where
        po1_0.user_id=?
2026-01-16 11:25:07.238 - 
    select
        mp1_0.id,
        mp1_0.avg_price_per_time,
        mp1_0.badge,
        mp1_0.category,
        mp1_0.code,
        mp1_0.description,
        mp1_0.features,
        mp1_0.is_active,
        mp1_0.name,
        mp1_0.people,
        mp1_0.price,
        mp1_0.sort_order,
        mp1_0.times_per_person,
        mp1_0.validity_days 
    from
        member_packages mp1_0 
    where
        mp1_0.id=?
2026-01-16 11:25:07.238 - 
    select
        u1_0.id,
        u1_0.avatar_url,
        u1_0.created_at,
        u1_0.last_login_time,
        u1_0.member_expire_time,
        u1_0.member_level,
        u1_0.nickname,
        u1_0.openid,
        u1_0.phone,
        u1_0.points,
        u1_0.remaining_visits,
        u1_0.role,
        u1_0.total_visits,
        u1_0.updated_at 
    from
        users u1_0 
    where
        u1_0.id=?
2026-01-16 11:25:07.267 - 
    select
        u1_0.id,
        u1_0.avatar_url,
        u1_0.created_at,
        u1_0.last_login_time,
        u1_0.member_expire_time,
        u1_0.member_level,
        u1_0.nickname,
        u1_0.openid,
        u1_0.phone,
        u1_0.points,
        u1_0.remaining_visits,
        u1_0.role,
        u1_0.total_visits,
        u1_0.updated_at 
    from
        users u1_0 
    where
        u1_0.id=?
2026-01-16 11:25:07.274 - 
    select
        po1_0.id,
        po1_0.card_end_date,
        po1_0.card_start_date,
        po1_0.card_status,
        po1_0.created_at,
        po1_0.order_no,
        po1_0.package_id,
        po1_0.package_name,
        po1_0.payment_method,
        po1_0.payment_time,
        po1_0.price,
        po1_0.remaining_times,
        po1_0.status,
        po1_0.transaction_type,
        po1_0.updated_at,
        po1_0.user_id 
    from
        payment_orders po1_0 
    where
        po1_0.user_id=? 
        and po1_0.status=?
2026-01-16 11:25:07.353 - 
    select
        bo1_0.id,
        bo1_0.cabin_name,
        bo1_0.consume_time,
        bo1_0.created_at,
        bo1_0.date,
        bo1_0.order_no,
        bo1_0.original_price,
        bo1_0.payment_method,
        bo1_0.payment_order_id,
        bo1_0.payment_status,
        bo1_0.payment_time,
        bo1_0.price,
        bo1_0.seat_name,
        bo1_0.status,
        bo1_0.time_slot,
        bo1_0.updated_at,
        bo1_0.user_id 
    from
        booking_orders bo1_0 
    where
        bo1_0.user_id=? 
    order by
        bo1_0.created_at desc
2026-01-16 11:25:07.371 - 
    select
        u1_0.id,
        u1_0.avatar_url,
        u1_0.created_at,
        u1_0.last_login_time,
        u1_0.member_expire_time,
        u1_0.member_level,
        u1_0.nickname,
        u1_0.openid,
        u1_0.phone,
        u1_0.points,
        u1_0.remaining_visits,
        u1_0.role,
        u1_0.total_visits,
        u1_0.updated_at 
    from
        users u1_0 
    where
        u1_0.id=?
2026-01-16 11:25:07.371 - 
    select
        po1_0.id,
        po1_0.card_end_date,
        po1_0.card_start_date,
        po1_0.card_status,
        po1_0.created_at,
        po1_0.order_no,
        po1_0.package_id,
        po1_0.package_name,
        po1_0.payment_method,
        po1_0.payment_time,
        po1_0.price,
        po1_0.remaining_times,
        po1_0.status,
        po1_0.transaction_type,
        po1_0.updated_at,
        po1_0.user_id 
    from
        payment_orders po1_0 
    where
        po1_0.user_id=?
2026-01-16 11:25:07.374 - 
    select
        mp1_0.id,
        mp1_0.avg_price_per_time,
        mp1_0.badge,
        mp1_0.category,
        mp1_0.code,
        mp1_0.description,
        mp1_0.features,
        mp1_0.is_active,
        mp1_0.name,
        mp1_0.people,
        mp1_0.price,
        mp1_0.sort_order,
        mp1_0.times_per_person,
        mp1_0.validity_days 
    from
        member_packages mp1_0 
    where
        mp1_0.id=?
2026-01-16 11:25:07.376 - 
    select
        po1_0.id,
        po1_0.card_end_date,
        po1_0.card_start_date,
        po1_0.card_status,
        po1_0.created_at,
        po1_0.order_no,
        po1_0.package_id,
        po1_0.package_name,
        po1_0.payment_method,
        po1_0.payment_time,
        po1_0.price,
        po1_0.remaining_times,
        po1_0.status,
        po1_0.transaction_type,
        po1_0.updated_at,
        po1_0.user_id 
    from
        payment_orders po1_0 
    where
        po1_0.user_id=? 
        and po1_0.status=?
2026-01-16 11:25:07.391 - 
    select
        u1_0.id,
        u1_0.avatar_url,
        u1_0.created_at,
        u1_0.last_login_time,
        u1_0.member_expire_time,
        u1_0.member_level,
        u1_0.nickname,
        u1_0.openid,
        u1_0.phone,
        u1_0.points,
        u1_0.remaining_visits,
        u1_0.role,
        u1_0.total_visits,
        u1_0.updated_at 
    from
        users u1_0 
    where
        u1_0.id=?
2026-01-16 11:25:07.395 - 
    select
        bo1_0.id,
        bo1_0.cabin_name,
        bo1_0.consume_time,
        bo1_0.created_at,
        bo1_0.date,
        bo1_0.order_no,
        bo1_0.original_price,
        bo1_0.payment_method,
        bo1_0.payment_order_id,
        bo1_0.payment_status,
        bo1_0.payment_time,
        bo1_0.price,
        bo1_0.seat_name,
        bo1_0.status,
        bo1_0.time_slot,
        bo1_0.updated_at,
        bo1_0.user_id 
    from
        booking_orders bo1_0 
    where
        bo1_0.user_id=? 
    order by
        bo1_0.created_at desc
2026-01-16 11:25:08.434 - 
    select
        mp1_0.id,
        mp1_0.avg_price_per_time,
        mp1_0.badge,
        mp1_0.category,
        mp1_0.code,
        mp1_0.description,
        mp1_0.features,
        mp1_0.is_active,
        mp1_0.name,
        mp1_0.people,
        mp1_0.price,
        mp1_0.sort_order,
        mp1_0.times_per_person,
        mp1_0.validity_days 
    from
        member_packages mp1_0 
    where
        mp1_0.category=? 
        and mp1_0.is_active 
    order by
        mp1_0.sort_order
2026-01-16 11:25:08.469 - 
    select
        mp1_0.id,
        mp1_0.avg_price_per_time,
        mp1_0.badge,
        mp1_0.category,
        mp1_0.code,
        mp1_0.description,
        mp1_0.features,
        mp1_0.is_active,
        mp1_0.name,
        mp1_0.people,
        mp1_0.price,
        mp1_0.sort_order,
        mp1_0.times_per_person,
        mp1_0.validity_days 
    from
        member_packages mp1_0 
    where
        mp1_0.category=? 
        and mp1_0.is_active 
    order by
        mp1_0.sort_order
2026-01-16 11:25:10.809 - 
    select
        po1_0.id,
        po1_0.card_end_date,
        po1_0.card_start_date,
        po1_0.card_status,
        po1_0.created_at,
        po1_0.order_no,
        po1_0.package_id,
        po1_0.package_name,
        po1_0.payment_method,
        po1_0.payment_time,
        po1_0.price,
        po1_0.remaining_times,
        po1_0.status,
        po1_0.transaction_type,
        po1_0.updated_at,
        po1_0.user_id 
    from
        payment_orders po1_0 
    where
        po1_0.user_id=?
2026-01-16 11:25:10.820 - 
    select
        mp1_0.id,
        mp1_0.avg_price_per_time,
        mp1_0.badge,
        mp1_0.category,
        mp1_0.code,
        mp1_0.description,
        mp1_0.features,
        mp1_0.is_active,
        mp1_0.name,
        mp1_0.people,
        mp1_0.price,
        mp1_0.sort_order,
        mp1_0.times_per_person,
        mp1_0.validity_days 
    from
        member_packages mp1_0 
    where
        mp1_0.id=?
2026-01-16 11:25:10.837 - 
    select
        po1_0.id,
        po1_0.card_end_date,
        po1_0.card_start_date,
        po1_0.card_status,
        po1_0.created_at,
        po1_0.order_no,
        po1_0.package_id,
        po1_0.package_name,
        po1_0.payment_method,
        po1_0.payment_time,
        po1_0.price,
        po1_0.remaining_times,
        po1_0.status,
        po1_0.transaction_type,
        po1_0.updated_at,
        po1_0.user_id 
    from
        payment_orders po1_0 
    where
        po1_0.user_id=?
2026-01-16 11:25:10.851 - 
    select
        mp1_0.id,
        mp1_0.avg_price_per_time,
        mp1_0.badge,
        mp1_0.category,
        mp1_0.code,
        mp1_0.description,
        mp1_0.features,
        mp1_0.is_active,
        mp1_0.name,
        mp1_0.people,
        mp1_0.price,
        mp1_0.sort_order,
        mp1_0.times_per_person,
        mp1_0.validity_days 
    from
        member_packages mp1_0 
    where
        mp1_0.id=?
2026-01-16 11:25:23.742 - 
    select
        u1_0.id,
        u1_0.avatar_url,
        u1_0.created_at,
        u1_0.last_login_time,
        u1_0.member_expire_time,
        u1_0.member_level,
        u1_0.nickname,
        u1_0.openid,
        u1_0.phone,
        u1_0.points,
        u1_0.remaining_visits,
        u1_0.role,
        u1_0.total_visits,
        u1_0.updated_at 
    from
        users u1_0 
    where
        u1_0.id=?
2026-01-16 11:25:23.742 - 
    select
        u1_0.id,
        u1_0.avatar_url,
        u1_0.created_at,
        u1_0.last_login_time,
        u1_0.member_expire_time,
        u1_0.member_level,
        u1_0.nickname,
        u1_0.openid,
        u1_0.phone,
        u1_0.points,
        u1_0.remaining_visits,
        u1_0.role,
        u1_0.total_visits,
        u1_0.updated_at 
    from
        users u1_0 
    where
        u1_0.id=?
2026-01-16 11:25:23.747 - 
    select
        po1_0.id,
        po1_0.card_end_date,
        po1_0.card_start_date,
        po1_0.card_status,
        po1_0.created_at,
        po1_0.order_no,
        po1_0.package_id,
        po1_0.package_name,
        po1_0.payment_method,
        po1_0.payment_time,
        po1_0.price,
        po1_0.remaining_times,
        po1_0.status,
        po1_0.transaction_type,
        po1_0.updated_at,
        po1_0.user_id 
    from
        payment_orders po1_0 
    where
        po1_0.user_id=?
2026-01-16 11:25:23.760 - 
    select
        mp1_0.id,
        mp1_0.avg_price_per_time,
        mp1_0.badge,
        mp1_0.category,
        mp1_0.code,
        mp1_0.description,
        mp1_0.features,
        mp1_0.is_active,
        mp1_0.name,
        mp1_0.people,
        mp1_0.price,
        mp1_0.sort_order,
        mp1_0.times_per_person,
        mp1_0.validity_days 
    from
        member_packages mp1_0 
    where
        mp1_0.id=?
2026-01-16 11:25:23.760 - 
    select
        po1_0.id,
        po1_0.card_end_date,
        po1_0.card_start_date,
        po1_0.card_status,
        po1_0.created_at,
        po1_0.order_no,
        po1_0.package_id,
        po1_0.package_name,
        po1_0.payment_method,
        po1_0.payment_time,
        po1_0.price,
        po1_0.remaining_times,
        po1_0.status,
        po1_0.transaction_type,
        po1_0.updated_at,
        po1_0.user_id 
    from
        payment_orders po1_0 
    where
        po1_0.user_id=? 
        and po1_0.status=?
2026-01-16 11:25:23.761 - 
    select
        bo1_0.id,
        bo1_0.cabin_name,
        bo1_0.consume_time,
        bo1_0.created_at,
        bo1_0.date,
        bo1_0.order_no,
        bo1_0.original_price,
        bo1_0.payment_method,
        bo1_0.payment_order_id,
        bo1_0.payment_status,
        bo1_0.payment_time,
        bo1_0.price,
        bo1_0.seat_name,
        bo1_0.status,
        bo1_0.time_slot,
        bo1_0.updated_at,
        bo1_0.user_id 
    from
        booking_orders bo1_0 
    where
        bo1_0.user_id=? 
    order by
        bo1_0.created_at desc
2026-01-16 11:25:23.798 - 
    select
        u1_0.id,
        u1_0.avatar_url,
        u1_0.created_at,
        u1_0.last_login_time,
        u1_0.member_expire_time,
        u1_0.member_level,
        u1_0.nickname,
        u1_0.openid,
        u1_0.phone,
        u1_0.points,
        u1_0.remaining_visits,
        u1_0.role,
        u1_0.total_visits,
        u1_0.updated_at 
    from
        users u1_0 
    where
        u1_0.id=?
2026-01-16 11:25:23.798 - 
    select
        po1_0.id,
        po1_0.card_end_date,
        po1_0.card_start_date,
        po1_0.card_status,
        po1_0.created_at,
        po1_0.order_no,
        po1_0.package_id,
        po1_0.package_name,
        po1_0.payment_method,
        po1_0.payment_time,
        po1_0.price,
        po1_0.remaining_times,
        po1_0.status,
        po1_0.transaction_type,
        po1_0.updated_at,
        po1_0.user_id 
    from
        payment_orders po1_0 
    where
        po1_0.user_id=?
2026-01-16 11:25:23.806 - 
    select
        u1_0.id,
        u1_0.avatar_url,
        u1_0.created_at,
        u1_0.last_login_time,
        u1_0.member_expire_time,
        u1_0.member_level,
        u1_0.nickname,
        u1_0.openid,
        u1_0.phone,
        u1_0.points,
        u1_0.remaining_visits,
        u1_0.role,
        u1_0.total_visits,
        u1_0.updated_at 
    from
        users u1_0 
    where
        u1_0.id=?
2026-01-16 11:25:23.807 - 
    select
        mp1_0.id,
        mp1_0.avg_price_per_time,
        mp1_0.badge,
        mp1_0.category,
        mp1_0.code,
        mp1_0.description,
        mp1_0.features,
        mp1_0.is_active,
        mp1_0.name,
        mp1_0.people,
        mp1_0.price,
        mp1_0.sort_order,
        mp1_0.times_per_person,
        mp1_0.validity_days 
    from
        member_packages mp1_0 
    where
        mp1_0.id=?
2026-01-16 11:25:23.809 - 
    select
        po1_0.id,
        po1_0.card_end_date,
        po1_0.card_start_date,
        po1_0.card_status,
        po1_0.created_at,
        po1_0.order_no,
        po1_0.package_id,
        po1_0.package_name,
        po1_0.payment_method,
        po1_0.payment_time,
        po1_0.price,
        po1_0.remaining_times,
        po1_0.status,
        po1_0.transaction_type,
        po1_0.updated_at,
        po1_0.user_id 
    from
        payment_orders po1_0 
    where
        po1_0.user_id=? 
        and po1_0.status=?
2026-01-16 11:25:23.812 - 
    select
        bo1_0.id,
        bo1_0.cabin_name,
        bo1_0.consume_time,
        bo1_0.created_at,
        bo1_0.date,
        bo1_0.order_no,
        bo1_0.original_price,
        bo1_0.payment_method,
        bo1_0.payment_order_id,
        bo1_0.payment_status,
        bo1_0.payment_time,
        bo1_0.price,
        bo1_0.seat_name,
        bo1_0.status,
        bo1_0.time_slot,
        bo1_0.updated_at,
        bo1_0.user_id 
    from
        booking_orders bo1_0 
    where
        bo1_0.user_id=? 
    order by
        bo1_0.created_at desc
2026-01-16 11:39:58.617 - 
    select
        mp1_0.id,
        mp1_0.avg_price_per_time,
        mp1_0.badge,
        mp1_0.category,
        mp1_0.code,
        mp1_0.description,
        mp1_0.features,
        mp1_0.is_active,
        mp1_0.name,
        mp1_0.people,
        mp1_0.price,
        mp1_0.sort_order,
        mp1_0.times_per_person,
        mp1_0.validity_days 
    from
        member_packages mp1_0 
    where
        mp1_0.is_active 
    order by
        mp1_0.sort_order
2026-01-16 11:40:34.839 - 
    select
        mp1_0.id,
        mp1_0.avg_price_per_time,
        mp1_0.badge,
        mp1_0.category,
        mp1_0.code,
        mp1_0.description,
        mp1_0.features,
        mp1_0.is_active,
        mp1_0.name,
        mp1_0.people,
        mp1_0.price,
        mp1_0.sort_order,
        mp1_0.times_per_person,
        mp1_0.validity_days 
    from
        member_packages mp1_0 
    where
        mp1_0.is_active 
    order by
        mp1_0.sort_order
2026-01-16 12:16:38.384 - 
    select
        mp1_0.id,
        mp1_0.avg_price_per_time,
        mp1_0.badge,
        mp1_0.category,
        mp1_0.code,
        mp1_0.description,
        mp1_0.features,
        mp1_0.is_active,
        mp1_0.name,
        mp1_0.people,
        mp1_0.price,
        mp1_0.sort_order,
        mp1_0.times_per_person,
        mp1_0.validity_days 
    from
        member_packages mp1_0 
    where
        mp1_0.code=?
2026-01-16 12:16:38.427 - 
    select
        mp1_0.id,
        mp1_0.avg_price_per_time,
        mp1_0.badge,
        mp1_0.category,
        mp1_0.code,
        mp1_0.description,
        mp1_0.features,
        mp1_0.is_active,
        mp1_0.name,
        mp1_0.people,
        mp1_0.price,
        mp1_0.sort_order,
        mp1_0.times_per_person,
        mp1_0.validity_days 
    from
        member_packages mp1_0 
    where
        mp1_0.code=?
2026-01-16 12:16:38.431 - 
    select
        mp1_0.id,
        mp1_0.avg_price_per_time,
        mp1_0.badge,
        mp1_0.category,
        mp1_0.code,
        mp1_0.description,
        mp1_0.features,
        mp1_0.is_active,
        mp1_0.name,
        mp1_0.people,
        mp1_0.price,
        mp1_0.sort_order,
        mp1_0.times_per_person,
        mp1_0.validity_days 
    from
        member_packages mp1_0 
    where
        mp1_0.code=?
2026-01-16 12:16:38.434 - 
    select
        mp1_0.id,
        mp1_0.avg_price_per_time,
        mp1_0.badge,
        mp1_0.category,
        mp1_0.code,
        mp1_0.description,
        mp1_0.features,
        mp1_0.is_active,
        mp1_0.name,
        mp1_0.people,
        mp1_0.price,
        mp1_0.sort_order,
        mp1_0.times_per_person,
        mp1_0.validity_days 
    from
        member_packages mp1_0 
    where
        mp1_0.code=?
2026-01-16 12:16:38.438 - 
    select
        mp1_0.id,
        mp1_0.avg_price_per_time,
        mp1_0.badge,
        mp1_0.category,
        mp1_0.code,
        mp1_0.description,
        mp1_0.features,
        mp1_0.is_active,
        mp1_0.name,
        mp1_0.people,
        mp1_0.price,
        mp1_0.sort_order,
        mp1_0.times_per_person,
        mp1_0.validity_days 
    from
        member_packages mp1_0 
    where
        mp1_0.code=?
2026-01-16 12:16:38.444 - 
    select
        mp1_0.id,
        mp1_0.avg_price_per_time,
        mp1_0.badge,
        mp1_0.category,
        mp1_0.code,
        mp1_0.description,
        mp1_0.features,
        mp1_0.is_active,
        mp1_0.name,
        mp1_0.people,
        mp1_0.price,
        mp1_0.sort_order,
        mp1_0.times_per_person,
        mp1_0.validity_days 
    from
        member_packages mp1_0 
    where
        mp1_0.code=?
2026-01-16 12:16:38.447 - 
    select
        mp1_0.id,
        mp1_0.avg_price_per_time,
        mp1_0.badge,
        mp1_0.category,
        mp1_0.code,
        mp1_0.description,
        mp1_0.features,
        mp1_0.is_active,
        mp1_0.name,
        mp1_0.people,
        mp1_0.price,
        mp1_0.sort_order,
        mp1_0.times_per_person,
        mp1_0.validity_days 
    from
        member_packages mp1_0 
    where
        mp1_0.code=?
2026-01-16 12:16:38.450 - 
    select
        mp1_0.id,
        mp1_0.avg_price_per_time,
        mp1_0.badge,
        mp1_0.category,
        mp1_0.code,
        mp1_0.description,
        mp1_0.features,
        mp1_0.is_active,
        mp1_0.name,
        mp1_0.people,
        mp1_0.price,
        mp1_0.sort_order,
        mp1_0.times_per_person,
        mp1_0.validity_days 
    from
        member_packages mp1_0 
    where
        mp1_0.code=?
2026-01-16 12:16:38.454 - 
    select
        mp1_0.id,
        mp1_0.avg_price_per_time,
        mp1_0.badge,
        mp1_0.category,
        mp1_0.code,
        mp1_0.description,
        mp1_0.features,
        mp1_0.is_active,
        mp1_0.name,
        mp1_0.people,
        mp1_0.price,
        mp1_0.sort_order,
        mp1_0.times_per_person,
        mp1_0.validity_days 
    from
        member_packages mp1_0 
    where
        mp1_0.code=?
2026-01-16 12:16:38.457 - 
    select
        mp1_0.id,
        mp1_0.avg_price_per_time,
        mp1_0.badge,
        mp1_0.category,
        mp1_0.code,
        mp1_0.description,
        mp1_0.features,
        mp1_0.is_active,
        mp1_0.name,
        mp1_0.people,
        mp1_0.price,
        mp1_0.sort_order,
        mp1_0.times_per_person,
        mp1_0.validity_days 
    from
        member_packages mp1_0 
    where
        mp1_0.code=?
2026-01-16 12:19:23.907 - 
    select
        mp1_0.id,
        mp1_0.avg_price_per_time,
        mp1_0.badge,
        mp1_0.category,
        mp1_0.code,
        mp1_0.description,
        mp1_0.features,
        mp1_0.is_active,
        mp1_0.name,
        mp1_0.people,
        mp1_0.price,
        mp1_0.sort_order,
        mp1_0.times_per_person,
        mp1_0.validity_days 
    from
        member_packages mp1_0 
    where
        mp1_0.is_active 
    order by
        mp1_0.sort_order
2026-01-16 12:19:43.215 - 
    select
        po1_0.id,
        po1_0.card_end_date,
        po1_0.card_start_date,
        po1_0.card_status,
        po1_0.created_at,
        po1_0.order_no,
        po1_0.package_id,
        po1_0.package_name,
        po1_0.payment_method,
        po1_0.payment_time,
        po1_0.price,
        po1_0.remaining_times,
        po1_0.status,
        po1_0.transaction_type,
        po1_0.updated_at,
        po1_0.user_id 
    from
        payment_orders po1_0 
    where
        po1_0.user_id=?
2026-01-16 12:19:43.239 - 
    select
        u1_0.id,
        u1_0.avatar_url,
        u1_0.created_at,
        u1_0.last_login_time,
        u1_0.member_expire_time,
        u1_0.member_level,
        u1_0.nickname,
        u1_0.openid,
        u1_0.phone,
        u1_0.points,
        u1_0.remaining_visits,
        u1_0.role,
        u1_0.total_visits,
        u1_0.updated_at 
    from
        users u1_0 
    where
        u1_0.id=?
2026-01-16 12:19:43.239 - 
    select
        mp1_0.id,
        mp1_0.avg_price_per_time,
        mp1_0.badge,
        mp1_0.category,
        mp1_0.code,
        mp1_0.description,
        mp1_0.features,
        mp1_0.is_active,
        mp1_0.name,
        mp1_0.people,
        mp1_0.price,
        mp1_0.sort_order,
        mp1_0.times_per_person,
        mp1_0.validity_days 
    from
        member_packages mp1_0 
    where
        mp1_0.id=?
2026-01-16 12:19:43.239 - 
    select
        u1_0.id,
        u1_0.avatar_url,
        u1_0.created_at,
        u1_0.last_login_time,
        u1_0.member_expire_time,
        u1_0.member_level,
        u1_0.nickname,
        u1_0.openid,
        u1_0.phone,
        u1_0.points,
        u1_0.remaining_visits,
        u1_0.role,
        u1_0.total_visits,
        u1_0.updated_at 
    from
        users u1_0 
    where
        u1_0.id=?
2026-01-16 12:19:43.247 - 
    select
        bo1_0.id,
        bo1_0.cabin_name,
        bo1_0.consume_time,
        bo1_0.created_at,
        bo1_0.date,
        bo1_0.order_no,
        bo1_0.original_price,
        bo1_0.payment_method,
        bo1_0.payment_order_id,
        bo1_0.payment_status,
        bo1_0.payment_time,
        bo1_0.price,
        bo1_0.seat_name,
        bo1_0.status,
        bo1_0.time_slot,
        bo1_0.updated_at,
        bo1_0.user_id 
    from
        booking_orders bo1_0 
    where
        bo1_0.user_id=? 
    order by
        bo1_0.created_at desc
2026-01-16 12:19:43.247 - 
    select
        po1_0.id,
        po1_0.card_end_date,
        po1_0.card_start_date,
        po1_0.card_status,
        po1_0.created_at,
        po1_0.order_no,
        po1_0.package_id,
        po1_0.package_name,
        po1_0.payment_method,
        po1_0.payment_time,
        po1_0.price,
        po1_0.remaining_times,
        po1_0.status,
        po1_0.transaction_type,
        po1_0.updated_at,
        po1_0.user_id 
    from
        payment_orders po1_0 
    where
        po1_0.user_id=? 
        and po1_0.status=?
2026-01-16 12:19:43.259 - 
    select
        u1_0.id,
        u1_0.avatar_url,
        u1_0.created_at,
        u1_0.last_login_time,
        u1_0.member_expire_time,
        u1_0.member_level,
        u1_0.nickname,
        u1_0.openid,
        u1_0.phone,
        u1_0.points,
        u1_0.remaining_visits,
        u1_0.role,
        u1_0.total_visits,
        u1_0.updated_at 
    from
        users u1_0 
    where
        u1_0.id=?
2026-01-16 12:19:43.259 - 
    select
        po1_0.id,
        po1_0.card_end_date,
        po1_0.card_start_date,
        po1_0.card_status,
        po1_0.created_at,
        po1_0.order_no,
        po1_0.package_id,
        po1_0.package_name,
        po1_0.payment_method,
        po1_0.payment_time,
        po1_0.price,
        po1_0.remaining_times,
        po1_0.status,
        po1_0.transaction_type,
        po1_0.updated_at,
        po1_0.user_id 
    from
        payment_orders po1_0 
    where
        po1_0.user_id=?
2026-01-16 12:19:43.261 - 
    select
        po1_0.id,
        po1_0.card_end_date,
        po1_0.card_start_date,
        po1_0.card_status,
        po1_0.created_at,
        po1_0.order_no,
        po1_0.package_id,
        po1_0.package_name,
        po1_0.payment_method,
        po1_0.payment_time,
        po1_0.price,
        po1_0.remaining_times,
        po1_0.status,
        po1_0.transaction_type,
        po1_0.updated_at,
        po1_0.user_id 
    from
        payment_orders po1_0 
    where
        po1_0.user_id=? 
        and po1_0.status=?
2026-01-16 12:19:43.262 - 
    select
        mp1_0.id,
        mp1_0.avg_price_per_time,
        mp1_0.badge,
        mp1_0.category,
        mp1_0.code,
        mp1_0.description,
        mp1_0.features,
        mp1_0.is_active,
        mp1_0.name,
        mp1_0.people,
        mp1_0.price,
        mp1_0.sort_order,
        mp1_0.times_per_person,
        mp1_0.validity_days 
    from
        member_packages mp1_0 
    where
        mp1_0.id=?
2026-01-16 12:19:43.272 - 
    select
        u1_0.id,
        u1_0.avatar_url,
        u1_0.created_at,
        u1_0.last_login_time,
        u1_0.member_expire_time,
        u1_0.member_level,
        u1_0.nickname,
        u1_0.openid,
        u1_0.phone,
        u1_0.points,
        u1_0.remaining_visits,
        u1_0.role,
        u1_0.total_visits,
        u1_0.updated_at 
    from
        users u1_0 
    where
        u1_0.id=?
2026-01-16 12:19:43.279 - 
    select
        bo1_0.id,
        bo1_0.cabin_name,
        bo1_0.consume_time,
        bo1_0.created_at,
        bo1_0.date,
        bo1_0.order_no,
        bo1_0.original_price,
        bo1_0.payment_method,
        bo1_0.payment_order_id,
        bo1_0.payment_status,
        bo1_0.payment_time,
        bo1_0.price,
        bo1_0.seat_name,
        bo1_0.status,
        bo1_0.time_slot,
        bo1_0.updated_at,
        bo1_0.user_id 
    from
        booking_orders bo1_0 
    where
        bo1_0.user_id=? 
    order by
        bo1_0.created_at desc
2026-01-16 12:19:48.570 - 
    select
        po1_0.id,
        po1_0.card_end_date,
        po1_0.card_start_date,
        po1_0.card_status,
        po1_0.created_at,
        po1_0.order_no,
        po1_0.package_id,
        po1_0.package_name,
        po1_0.payment_method,
        po1_0.payment_time,
        po1_0.price,
        po1_0.remaining_times,
        po1_0.status,
        po1_0.transaction_type,
        po1_0.updated_at,
        po1_0.user_id 
    from
        payment_orders po1_0 
    where
        po1_0.user_id=?
2026-01-16 12:19:48.584 - 
    select
        mp1_0.id,
        mp1_0.avg_price_per_time,
        mp1_0.badge,
        mp1_0.category,
        mp1_0.code,
        mp1_0.description,
        mp1_0.features,
        mp1_0.is_active,
        mp1_0.name,
        mp1_0.people,
        mp1_0.price,
        mp1_0.sort_order,
        mp1_0.times_per_person,
        mp1_0.validity_days 
    from
        member_packages mp1_0 
    where
        mp1_0.id=?
2026-01-16 12:19:48.611 - 
    select
        po1_0.id,
        po1_0.card_end_date,
        po1_0.card_start_date,
        po1_0.card_status,
        po1_0.created_at,
        po1_0.order_no,
        po1_0.package_id,
        po1_0.package_name,
        po1_0.payment_method,
        po1_0.payment_time,
        po1_0.price,
        po1_0.remaining_times,
        po1_0.status,
        po1_0.transaction_type,
        po1_0.updated_at,
        po1_0.user_id 
    from
        payment_orders po1_0 
    where
        po1_0.user_id=?
2026-01-16 12:19:48.622 - 
    select
        mp1_0.id,
        mp1_0.avg_price_per_time,
        mp1_0.badge,
        mp1_0.category,
        mp1_0.code,
        mp1_0.description,
        mp1_0.features,
        mp1_0.is_active,
        mp1_0.name,
        mp1_0.people,
        mp1_0.price,
        mp1_0.sort_order,
        mp1_0.times_per_person,
        mp1_0.validity_days 
    from
        member_packages mp1_0 
    where
        mp1_0.id=?
2026-01-16 12:19:50.765 - 
    select
        po1_0.id,
        po1_0.card_end_date,
        po1_0.card_start_date,
        po1_0.card_status,
        po1_0.created_at,
        po1_0.order_no,
        po1_0.package_id,
        po1_0.package_name,
        po1_0.payment_method,
        po1_0.payment_time,
        po1_0.price,
        po1_0.remaining_times,
        po1_0.status,
        po1_0.transaction_type,
        po1_0.updated_at,
        po1_0.user_id 
    from
        payment_orders po1_0 
    where
        po1_0.user_id=?
2026-01-16 12:19:50.765 - 
    select
        u1_0.id,
        u1_0.avatar_url,
        u1_0.created_at,
        u1_0.last_login_time,
        u1_0.member_expire_time,
        u1_0.member_level,
        u1_0.nickname,
        u1_0.openid,
        u1_0.phone,
        u1_0.points,
        u1_0.remaining_visits,
        u1_0.role,
        u1_0.total_visits,
        u1_0.updated_at 
    from
        users u1_0 
    where
        u1_0.id=?
2026-01-16 12:19:50.765 - 
    select
        u1_0.id,
        u1_0.avatar_url,
        u1_0.created_at,
        u1_0.last_login_time,
        u1_0.member_expire_time,
        u1_0.member_level,
        u1_0.nickname,
        u1_0.openid,
        u1_0.phone,
        u1_0.points,
        u1_0.remaining_visits,
        u1_0.role,
        u1_0.total_visits,
        u1_0.updated_at 
    from
        users u1_0 
    where
        u1_0.id=?
2026-01-16 12:19:50.771 - 
    select
        mp1_0.id,
        mp1_0.avg_price_per_time,
        mp1_0.badge,
        mp1_0.category,
        mp1_0.code,
        mp1_0.description,
        mp1_0.features,
        mp1_0.is_active,
        mp1_0.name,
        mp1_0.people,
        mp1_0.price,
        mp1_0.sort_order,
        mp1_0.times_per_person,
        mp1_0.validity_days 
    from
        member_packages mp1_0 
    where
        mp1_0.id=?
2026-01-16 12:19:50.772 - 
    select
        po1_0.id,
        po1_0.card_end_date,
        po1_0.card_start_date,
        po1_0.card_status,
        po1_0.created_at,
        po1_0.order_no,
        po1_0.package_id,
        po1_0.package_name,
        po1_0.payment_method,
        po1_0.payment_time,
        po1_0.price,
        po1_0.remaining_times,
        po1_0.status,
        po1_0.transaction_type,
        po1_0.updated_at,
        po1_0.user_id 
    from
        payment_orders po1_0 
    where
        po1_0.user_id=? 
        and po1_0.status=?
2026-01-16 12:19:50.772 - 
    select
        bo1_0.id,
        bo1_0.cabin_name,
        bo1_0.consume_time,
        bo1_0.created_at,
        bo1_0.date,
        bo1_0.order_no,
        bo1_0.original_price,
        bo1_0.payment_method,
        bo1_0.payment_order_id,
        bo1_0.payment_status,
        bo1_0.payment_time,
        bo1_0.price,
        bo1_0.seat_name,
        bo1_0.status,
        bo1_0.time_slot,
        bo1_0.updated_at,
        bo1_0.user_id 
    from
        booking_orders bo1_0 
    where
        bo1_0.user_id=? 
    order by
        bo1_0.created_at desc
2026-01-16 12:19:50.786 - 
    select
        u1_0.id,
        u1_0.avatar_url,
        u1_0.created_at,
        u1_0.last_login_time,
        u1_0.member_expire_time,
        u1_0.member_level,
        u1_0.nickname,
        u1_0.openid,
        u1_0.phone,
        u1_0.points,
        u1_0.remaining_visits,
        u1_0.role,
        u1_0.total_visits,
        u1_0.updated_at 
    from
        users u1_0 
    where
        u1_0.id=?
2026-01-16 12:19:50.786 - 
    select
        po1_0.id,
        po1_0.card_end_date,
        po1_0.card_start_date,
        po1_0.card_status,
        po1_0.created_at,
        po1_0.order_no,
        po1_0.package_id,
        po1_0.package_name,
        po1_0.payment_method,
        po1_0.payment_time,
        po1_0.price,
        po1_0.remaining_times,
        po1_0.status,
        po1_0.transaction_type,
        po1_0.updated_at,
        po1_0.user_id 
    from
        payment_orders po1_0 
    where
        po1_0.user_id=?
2026-01-16 12:19:50.788 - 
    select
        u1_0.id,
        u1_0.avatar_url,
        u1_0.created_at,
        u1_0.last_login_time,
        u1_0.member_expire_time,
        u1_0.member_level,
        u1_0.nickname,
        u1_0.openid,
        u1_0.phone,
        u1_0.points,
        u1_0.remaining_visits,
        u1_0.role,
        u1_0.total_visits,
        u1_0.updated_at 
    from
        users u1_0 
    where
        u1_0.id=?
2026-01-16 12:19:50.788 - 
    select
        mp1_0.id,
        mp1_0.avg_price_per_time,
        mp1_0.badge,
        mp1_0.category,
        mp1_0.code,
        mp1_0.description,
        mp1_0.features,
        mp1_0.is_active,
        mp1_0.name,
        mp1_0.people,
        mp1_0.price,
        mp1_0.sort_order,
        mp1_0.times_per_person,
        mp1_0.validity_days 
    from
        member_packages mp1_0 
    where
        mp1_0.id=?
2026-01-16 12:19:50.789 - 
    select
        bo1_0.id,
        bo1_0.cabin_name,
        bo1_0.consume_time,
        bo1_0.created_at,
        bo1_0.date,
        bo1_0.order_no,
        bo1_0.original_price,
        bo1_0.payment_method,
        bo1_0.payment_order_id,
        bo1_0.payment_status,
        bo1_0.payment_time,
        bo1_0.price,
        bo1_0.seat_name,
        bo1_0.status,
        bo1_0.time_slot,
        bo1_0.updated_at,
        bo1_0.user_id 
    from
        booking_orders bo1_0 
    where
        bo1_0.user_id=? 
    order by
        bo1_0.created_at desc
2026-01-16 12:19:50.793 - 
    select
        po1_0.id,
        po1_0.card_end_date,
        po1_0.card_start_date,
        po1_0.card_status,
        po1_0.created_at,
        po1_0.order_no,
        po1_0.package_id,
        po1_0.package_name,
        po1_0.payment_method,
        po1_0.payment_time,
        po1_0.price,
        po1_0.remaining_times,
        po1_0.status,
        po1_0.transaction_type,
        po1_0.updated_at,
        po1_0.user_id 
    from
        payment_orders po1_0 
    where
        po1_0.user_id=? 
        and po1_0.status=?
2026-01-16 12:20:00.898 - 
    select
        po1_0.id,
        po1_0.card_end_date,
        po1_0.card_start_date,
        po1_0.card_status,
        po1_0.created_at,
        po1_0.order_no,
        po1_0.package_id,
        po1_0.package_name,
        po1_0.payment_method,
        po1_0.payment_time,
        po1_0.price,
        po1_0.remaining_times,
        po1_0.status,
        po1_0.transaction_type,
        po1_0.updated_at,
        po1_0.user_id 
    from
        payment_orders po1_0 
    where
        po1_0.user_id=?
2026-01-16 12:20:00.922 - 
    select
        mp1_0.id,
        mp1_0.avg_price_per_time,
        mp1_0.badge,
        mp1_0.category,
        mp1_0.code,
        mp1_0.description,
        mp1_0.features,
        mp1_0.is_active,
        mp1_0.name,
        mp1_0.people,
        mp1_0.price,
        mp1_0.sort_order,
        mp1_0.times_per_person,
        mp1_0.validity_days 
    from
        member_packages mp1_0 
    where
        mp1_0.id=?
2026-01-16 12:20:00.937 - 
    select
        po1_0.id,
        po1_0.card_end_date,
        po1_0.card_start_date,
        po1_0.card_status,
        po1_0.created_at,
        po1_0.order_no,
        po1_0.package_id,
        po1_0.package_name,
        po1_0.payment_method,
        po1_0.payment_time,
        po1_0.price,
        po1_0.remaining_times,
        po1_0.status,
        po1_0.transaction_type,
        po1_0.updated_at,
        po1_0.user_id 
    from
        payment_orders po1_0 
    where
        po1_0.user_id=?
2026-01-16 12:20:00.941 - 
    select
        mp1_0.id,
        mp1_0.avg_price_per_time,
        mp1_0.badge,
        mp1_0.category,
        mp1_0.code,
        mp1_0.description,
        mp1_0.features,
        mp1_0.is_active,
        mp1_0.name,
        mp1_0.people,
        mp1_0.price,
        mp1_0.sort_order,
        mp1_0.times_per_person,
        mp1_0.validity_days 
    from
        member_packages mp1_0 
    where
        mp1_0.id=?
2026-01-16 12:20:41.883 - 
    select
        bo1_0.id,
        bo1_0.cabin_name,
        bo1_0.consume_time,
        bo1_0.created_at,
        bo1_0.date,
        bo1_0.order_no,
        bo1_0.original_price,
        bo1_0.payment_method,
        bo1_0.payment_order_id,
        bo1_0.payment_status,
        bo1_0.payment_time,
        bo1_0.price,
        bo1_0.seat_name,
        bo1_0.status,
        bo1_0.time_slot,
        bo1_0.updated_at,
        bo1_0.user_id 
    from
        booking_orders bo1_0 
    where
        bo1_0.date=? 
        and bo1_0.time_slot=?
2026-01-16 12:20:46.372 - 
    select
        po1_0.id,
        po1_0.card_end_date,
        po1_0.card_start_date,
        po1_0.card_status,
        po1_0.created_at,
        po1_0.order_no,
        po1_0.package_id,
        po1_0.package_name,
        po1_0.payment_method,
        po1_0.payment_time,
        po1_0.price,
        po1_0.remaining_times,
        po1_0.status,
        po1_0.transaction_type,
        po1_0.updated_at,
        po1_0.user_id 
    from
        payment_orders po1_0 
    where
        po1_0.user_id=?
2026-01-16 12:20:46.378 - 
    select
        mp1_0.id,
        mp1_0.avg_price_per_time,
        mp1_0.badge,
        mp1_0.category,
        mp1_0.code,
        mp1_0.description,
        mp1_0.features,
        mp1_0.is_active,
        mp1_0.name,
        mp1_0.people,
        mp1_0.price,
        mp1_0.sort_order,
        mp1_0.times_per_person,
        mp1_0.validity_days 
    from
        member_packages mp1_0 
    where
        mp1_0.id=?
2026-01-16 12:20:46.416 - 
    select
        u1_0.id,
        u1_0.avatar_url,
        u1_0.created_at,
        u1_0.last_login_time,
        u1_0.member_expire_time,
        u1_0.member_level,
        u1_0.nickname,
        u1_0.openid,
        u1_0.phone,
        u1_0.points,
        u1_0.remaining_visits,
        u1_0.role,
        u1_0.total_visits,
        u1_0.updated_at 
    from
        users u1_0 
    where
        u1_0.id=?
2026-01-16 12:20:46.419 - 
    select
        bo1_0.id,
        bo1_0.cabin_name,
        bo1_0.consume_time,
        bo1_0.created_at,
        bo1_0.date,
        bo1_0.order_no,
        bo1_0.original_price,
        bo1_0.payment_method,
        bo1_0.payment_order_id,
        bo1_0.payment_status,
        bo1_0.payment_time,
        bo1_0.price,
        bo1_0.seat_name,
        bo1_0.status,
        bo1_0.time_slot,
        bo1_0.updated_at,
        bo1_0.user_id 
    from
        booking_orders bo1_0 
    where
        bo1_0.user_id=? 
        and bo1_0.date=? 
        and bo1_0.status!=?
2026-01-16 12:20:48.938 - 
    select
        bo1_0.id,
        bo1_0.cabin_name,
        bo1_0.consume_time,
        bo1_0.created_at,
        bo1_0.date,
        bo1_0.order_no,
        bo1_0.original_price,
        bo1_0.payment_method,
        bo1_0.payment_order_id,
        bo1_0.payment_status,
        bo1_0.payment_time,
        bo1_0.price,
        bo1_0.seat_name,
        bo1_0.status,
        bo1_0.time_slot,
        bo1_0.updated_at,
        bo1_0.user_id 
    from
        booking_orders bo1_0 
    where
        bo1_0.date=? 
        and bo1_0.time_slot=?
2026-01-16 12:20:49.436 - 
    select
        bo1_0.id,
        bo1_0.cabin_name,
        bo1_0.consume_time,
        bo1_0.created_at,
        bo1_0.date,
        bo1_0.order_no,
        bo1_0.original_price,
        bo1_0.payment_method,
        bo1_0.payment_order_id,
        bo1_0.payment_status,
        bo1_0.payment_time,
        bo1_0.price,
        bo1_0.seat_name,
        bo1_0.status,
        bo1_0.time_slot,
        bo1_0.updated_at,
        bo1_0.user_id 
    from
        booking_orders bo1_0 
    where
        bo1_0.date=? 
        and bo1_0.time_slot=?
2026-01-16 12:20:50.876 - 
    select
        po1_0.id,
        po1_0.card_end_date,
        po1_0.card_start_date,
        po1_0.card_status,
        po1_0.created_at,
        po1_0.order_no,
        po1_0.package_id,
        po1_0.package_name,
        po1_0.payment_method,
        po1_0.payment_time,
        po1_0.price,
        po1_0.remaining_times,
        po1_0.status,
        po1_0.transaction_type,
        po1_0.updated_at,
        po1_0.user_id 
    from
        payment_orders po1_0 
    where
        po1_0.user_id=?
2026-01-16 12:20:50.880 - 
    select
        mp1_0.id,
        mp1_0.avg_price_per_time,
        mp1_0.badge,
        mp1_0.category,
        mp1_0.code,
        mp1_0.description,
        mp1_0.features,
        mp1_0.is_active,
        mp1_0.name,
        mp1_0.people,
        mp1_0.price,
        mp1_0.sort_order,
        mp1_0.times_per_person,
        mp1_0.validity_days 
    from
        member_packages mp1_0 
    where
        mp1_0.id=?
2026-01-16 12:20:50.904 - 
    select
        u1_0.id,
        u1_0.avatar_url,
        u1_0.created_at,
        u1_0.last_login_time,
        u1_0.member_expire_time,
        u1_0.member_level,
        u1_0.nickname,
        u1_0.openid,
        u1_0.phone,
        u1_0.points,
        u1_0.remaining_visits,
        u1_0.role,
        u1_0.total_visits,
        u1_0.updated_at 
    from
        users u1_0 
    where
        u1_0.id=?
2026-01-16 12:20:50.906 - 
    select
        bo1_0.id,
        bo1_0.cabin_name,
        bo1_0.consume_time,
        bo1_0.created_at,
        bo1_0.date,
        bo1_0.order_no,
        bo1_0.original_price,
        bo1_0.payment_method,
        bo1_0.payment_order_id,
        bo1_0.payment_status,
        bo1_0.payment_time,
        bo1_0.price,
        bo1_0.seat_name,
        bo1_0.status,
        bo1_0.time_slot,
        bo1_0.updated_at,
        bo1_0.user_id 
    from
        booking_orders bo1_0 
    where
        bo1_0.user_id=? 
        and bo1_0.date=? 
        and bo1_0.status!=?
2026-01-16 12:22:07.102 - 
    select
        u1_0.id,
        u1_0.avatar_url,
        u1_0.created_at,
        u1_0.last_login_time,
        u1_0.member_expire_time,
        u1_0.member_level,
        u1_0.nickname,
        u1_0.openid,
        u1_0.phone,
        u1_0.points,
        u1_0.remaining_visits,
        u1_0.role,
        u1_0.total_visits,
        u1_0.updated_at 
    from
        users u1_0 
    where
        u1_0.id=?
2026-01-16 12:22:07.102 - 
    select
        u1_0.id,
        u1_0.avatar_url,
        u1_0.created_at,
        u1_0.last_login_time,
        u1_0.member_expire_time,
        u1_0.member_level,
        u1_0.nickname,
        u1_0.openid,
        u1_0.phone,
        u1_0.points,
        u1_0.remaining_visits,
        u1_0.role,
        u1_0.total_visits,
        u1_0.updated_at 
    from
        users u1_0 
    where
        u1_0.id=?
2026-01-16 12:22:07.103 - 
    select
        po1_0.id,
        po1_0.card_end_date,
        po1_0.card_start_date,
        po1_0.card_status,
        po1_0.created_at,
        po1_0.order_no,
        po1_0.package_id,
        po1_0.package_name,
        po1_0.payment_method,
        po1_0.payment_time,
        po1_0.price,
        po1_0.remaining_times,
        po1_0.status,
        po1_0.transaction_type,
        po1_0.updated_at,
        po1_0.user_id 
    from
        payment_orders po1_0 
    where
        po1_0.user_id=?
2026-01-16 12:22:07.108 - 
    select
        po1_0.id,
        po1_0.card_end_date,
        po1_0.card_start_date,
        po1_0.card_status,
        po1_0.created_at,
        po1_0.order_no,
        po1_0.package_id,
        po1_0.package_name,
        po1_0.payment_method,
        po1_0.payment_time,
        po1_0.price,
        po1_0.remaining_times,
        po1_0.status,
        po1_0.transaction_type,
        po1_0.updated_at,
        po1_0.user_id 
    from
        payment_orders po1_0 
    where
        po1_0.user_id=? 
        and po1_0.status=?
2026-01-16 12:22:07.110 - 
    select
        bo1_0.id,
        bo1_0.cabin_name,
        bo1_0.consume_time,
        bo1_0.created_at,
        bo1_0.date,
        bo1_0.order_no,
        bo1_0.original_price,
        bo1_0.payment_method,
        bo1_0.payment_order_id,
        bo1_0.payment_status,
        bo1_0.payment_time,
        bo1_0.price,
        bo1_0.seat_name,
        bo1_0.status,
        bo1_0.time_slot,
        bo1_0.updated_at,
        bo1_0.user_id 
    from
        booking_orders bo1_0 
    where
        bo1_0.user_id=? 
    order by
        bo1_0.created_at desc
2026-01-16 12:22:07.117 - 
    select
        u1_0.id,
        u1_0.avatar_url,
        u1_0.created_at,
        u1_0.last_login_time,
        u1_0.member_expire_time,
        u1_0.member_level,
        u1_0.nickname,
        u1_0.openid,
        u1_0.phone,
        u1_0.points,
        u1_0.remaining_visits,
        u1_0.role,
        u1_0.total_visits,
        u1_0.updated_at 
    from
        users u1_0 
    where
        u1_0.id=?
2026-01-16 12:22:07.118 - 
    select
        u1_0.id,
        u1_0.avatar_url,
        u1_0.created_at,
        u1_0.last_login_time,
        u1_0.member_expire_time,
        u1_0.member_level,
        u1_0.nickname,
        u1_0.openid,
        u1_0.phone,
        u1_0.points,
        u1_0.remaining_visits,
        u1_0.role,
        u1_0.total_visits,
        u1_0.updated_at 
    from
        users u1_0 
    where
        u1_0.id=?
2026-01-16 12:22:07.119 - 
    select
        po1_0.id,
        po1_0.card_end_date,
        po1_0.card_start_date,
        po1_0.card_status,
        po1_0.created_at,
        po1_0.order_no,
        po1_0.package_id,
        po1_0.package_name,
        po1_0.payment_method,
        po1_0.payment_time,
        po1_0.price,
        po1_0.remaining_times,
        po1_0.status,
        po1_0.transaction_type,
        po1_0.updated_at,
        po1_0.user_id 
    from
        payment_orders po1_0 
    where
        po1_0.user_id=?
2026-01-16 12:22:07.119 - 
    select
        po1_0.id,
        po1_0.card_end_date,
        po1_0.card_start_date,
        po1_0.card_status,
        po1_0.created_at,
        po1_0.order_no,
        po1_0.package_id,
        po1_0.package_name,
        po1_0.payment_method,
        po1_0.payment_time,
        po1_0.price,
        po1_0.remaining_times,
        po1_0.status,
        po1_0.transaction_type,
        po1_0.updated_at,
        po1_0.user_id 
    from
        payment_orders po1_0 
    where
        po1_0.user_id=? 
        and po1_0.status=?
2026-01-16 12:22:07.121 - 
    select
        bo1_0.id,
        bo1_0.cabin_name,
        bo1_0.consume_time,
        bo1_0.created_at,
        bo1_0.date,
        bo1_0.order_no,
        bo1_0.original_price,
        bo1_0.payment_method,
        bo1_0.payment_order_id,
        bo1_0.payment_status,
        bo1_0.payment_time,
        bo1_0.price,
        bo1_0.seat_name,
        bo1_0.status,
        bo1_0.time_slot,
        bo1_0.updated_at,
        bo1_0.user_id 
    from
        booking_orders bo1_0 
    where
        bo1_0.user_id=? 
    order by
        bo1_0.created_at desc
2026-01-16 12:22:11.976 - 
    select
        mp1_0.id,
        mp1_0.avg_price_per_time,
        mp1_0.badge,
        mp1_0.category,
        mp1_0.code,
        mp1_0.description,
        mp1_0.features,
        mp1_0.is_active,
        mp1_0.name,
        mp1_0.people,
        mp1_0.price,
        mp1_0.sort_order,
        mp1_0.times_per_person,
        mp1_0.validity_days 
    from
        member_packages mp1_0 
    where
        mp1_0.category=? 
        and mp1_0.is_active 
    order by
        mp1_0.sort_order
2026-01-16 12:22:11.990 - 
    select
        mp1_0.id,
        mp1_0.avg_price_per_time,
        mp1_0.badge,
        mp1_0.category,
        mp1_0.code,
        mp1_0.description,
        mp1_0.features,
        mp1_0.is_active,
        mp1_0.name,
        mp1_0.people,
        mp1_0.price,
        mp1_0.sort_order,
        mp1_0.times_per_person,
        mp1_0.validity_days 
    from
        member_packages mp1_0 
    where
        mp1_0.category=? 
        and mp1_0.is_active 
    order by
        mp1_0.sort_order
2026-01-16 12:22:13.881 - 
    select
        po1_0.id,
        po1_0.card_end_date,
        po1_0.card_start_date,
        po1_0.card_status,
        po1_0.created_at,
        po1_0.order_no,
        po1_0.package_id,
        po1_0.package_name,
        po1_0.payment_method,
        po1_0.payment_time,
        po1_0.price,
        po1_0.remaining_times,
        po1_0.status,
        po1_0.transaction_type,
        po1_0.updated_at,
        po1_0.user_id 
    from
        payment_orders po1_0 
    where
        po1_0.user_id=?
2026-01-16 12:22:15.765 - 
    select
        u1_0.id,
        u1_0.avatar_url,
        u1_0.created_at,
        u1_0.last_login_time,
        u1_0.member_expire_time,
        u1_0.member_level,
        u1_0.nickname,
        u1_0.openid,
        u1_0.phone,
        u1_0.points,
        u1_0.remaining_visits,
        u1_0.role,
        u1_0.total_visits,
        u1_0.updated_at 
    from
        users u1_0 
    where
        u1_0.id=?
2026-01-16 12:22:15.772 - 
    select
        mp1_0.id,
        mp1_0.avg_price_per_time,
        mp1_0.badge,
        mp1_0.category,
        mp1_0.code,
        mp1_0.description,
        mp1_0.features,
        mp1_0.is_active,
        mp1_0.name,
        mp1_0.people,
        mp1_0.price,
        mp1_0.sort_order,
        mp1_0.times_per_person,
        mp1_0.validity_days 
    from
        member_packages mp1_0 
    where
        mp1_0.id=?
2026-01-16 12:22:15.780 - 
    select
        po1_0.id,
        po1_0.card_end_date,
        po1_0.card_start_date,
        po1_0.card_status,
        po1_0.created_at,
        po1_0.order_no,
        po1_0.package_id,
        po1_0.package_name,
        po1_0.payment_method,
        po1_0.payment_time,
        po1_0.price,
        po1_0.remaining_times,
        po1_0.status,
        po1_0.transaction_type,
        po1_0.updated_at,
        po1_0.user_id 
    from
        payment_orders po1_0 
    where
        po1_0.user_id=? 
        and po1_0.status=?
2026-01-16 12:22:15.872 - 
    insert 
    into
        payment_orders
        (card_end_date, card_start_date, card_status, created_at, order_no, package_id, package_name, payment_method, payment_time, price, remaining_times, status, transaction_type, updated_at, user_id) 
    values
        (?, ?, ?, ?, ?, ?, ?, ?, ?, ?, ?, ?, ?, ?, ?)
2026-01-16 12:22:16.009 - 
    select
        po1_0.id,
        po1_0.card_end_date,
        po1_0.card_start_date,
        po1_0.card_status,
        po1_0.created_at,
        po1_0.order_no,
        po1_0.package_id,
        po1_0.package_name,
        po1_0.payment_method,
        po1_0.payment_time,
        po1_0.price,
        po1_0.remaining_times,
        po1_0.status,
        po1_0.transaction_type,
        po1_0.updated_at,
        po1_0.user_id 
    from
        payment_orders po1_0 
    where
        po1_0.id=?
2026-01-16 12:22:16.015 - 
    select
        u1_0.id,
        u1_0.avatar_url,
        u1_0.created_at,
        u1_0.last_login_time,
        u1_0.member_expire_time,
        u1_0.member_level,
        u1_0.nickname,
        u1_0.openid,
        u1_0.phone,
        u1_0.points,
        u1_0.remaining_visits,
        u1_0.role,
        u1_0.total_visits,
        u1_0.updated_at 
    from
        users u1_0 
    where
        u1_0.id=?
2026-01-16 12:22:42.187 - 
    select
        mp1_0.id,
        mp1_0.avg_price_per_time,
        mp1_0.badge,
        mp1_0.category,
        mp1_0.code,
        mp1_0.description,
        mp1_0.features,
        mp1_0.is_active,
        mp1_0.name,
        mp1_0.people,
        mp1_0.price,
        mp1_0.sort_order,
        mp1_0.times_per_person,
        mp1_0.validity_days 
    from
        member_packages mp1_0 
    where
        mp1_0.is_active 
    order by
        mp1_0.sort_order
2026-01-16 12:22:44.029 - 
    select
        u1_0.id,
        u1_0.avatar_url,
        u1_0.created_at,
        u1_0.last_login_time,
        u1_0.member_expire_time,
        u1_0.member_level,
        u1_0.nickname,
        u1_0.openid,
        u1_0.phone,
        u1_0.points,
        u1_0.remaining_visits,
        u1_0.role,
        u1_0.total_visits,
        u1_0.updated_at 
    from
        users u1_0 
    where
        u1_0.id=?
2026-01-16 12:22:44.032 - 
    select
        po1_0.id,
        po1_0.card_end_date,
        po1_0.card_start_date,
        po1_0.card_status,
        po1_0.created_at,
        po1_0.order_no,
        po1_0.package_id,
        po1_0.package_name,
        po1_0.payment_method,
        po1_0.payment_time,
        po1_0.price,
        po1_0.remaining_times,
        po1_0.status,
        po1_0.transaction_type,
        po1_0.updated_at,
        po1_0.user_id 
    from
        payment_orders po1_0 
    where
        po1_0.user_id=?
2026-01-16 12:22:44.033 - 
    select
        u1_0.id,
        u1_0.avatar_url,
        u1_0.created_at,
        u1_0.last_login_time,
        u1_0.member_expire_time,
        u1_0.member_level,
        u1_0.nickname,
        u1_0.openid,
        u1_0.phone,
        u1_0.points,
        u1_0.remaining_visits,
        u1_0.role,
        u1_0.total_visits,
        u1_0.updated_at 
    from
        users u1_0 
    where
        u1_0.id=?
2026-01-16 12:22:44.039 - 
    select
        po1_0.id,
        po1_0.card_end_date,
        po1_0.card_start_date,
        po1_0.card_status,
        po1_0.created_at,
        po1_0.order_no,
        po1_0.package_id,
        po1_0.package_name,
        po1_0.payment_method,
        po1_0.payment_time,
        po1_0.price,
        po1_0.remaining_times,
        po1_0.status,
        po1_0.transaction_type,
        po1_0.updated_at,
        po1_0.user_id 
    from
        payment_orders po1_0 
    where
        po1_0.user_id=?
2026-01-16 12:22:44.041 - 
    select
        u1_0.id,
        u1_0.avatar_url,
        u1_0.created_at,
        u1_0.last_login_time,
        u1_0.member_expire_time,
        u1_0.member_level,
        u1_0.nickname,
        u1_0.openid,
        u1_0.phone,
        u1_0.points,
        u1_0.remaining_visits,
        u1_0.role,
        u1_0.total_visits,
        u1_0.updated_at 
    from
        users u1_0 
    where
        u1_0.id=?
2026-01-16 12:22:44.052 - 
    select
        u1_0.id,
        u1_0.avatar_url,
        u1_0.created_at,
        u1_0.last_login_time,
        u1_0.member_expire_time,
        u1_0.member_level,
        u1_0.nickname,
        u1_0.openid,
        u1_0.phone,
        u1_0.points,
        u1_0.remaining_visits,
        u1_0.role,
        u1_0.total_visits,
        u1_0.updated_at 
    from
        users u1_0 
    where
        u1_0.id=?
2026-01-16 12:22:56.212 - 
    select
        po1_0.id,
        po1_0.card_end_date,
        po1_0.card_start_date,
        po1_0.card_status,
        po1_0.created_at,
        po1_0.order_no,
        po1_0.package_id,
        po1_0.package_name,
        po1_0.payment_method,
        po1_0.payment_time,
        po1_0.price,
        po1_0.remaining_times,
        po1_0.status,
        po1_0.transaction_type,
        po1_0.updated_at,
        po1_0.user_id 
    from
        payment_orders po1_0 
    where
        po1_0.id=?
2026-01-16 12:22:56.220 - 
    select
        mp1_0.id,
        mp1_0.avg_price_per_time,
        mp1_0.badge,
        mp1_0.category,
        mp1_0.code,
        mp1_0.description,
        mp1_0.features,
        mp1_0.is_active,
        mp1_0.name,
        mp1_0.people,
        mp1_0.price,
        mp1_0.sort_order,
        mp1_0.times_per_person,
        mp1_0.validity_days 
    from
        member_packages mp1_0 
    where
        mp1_0.id=?
2026-01-16 12:22:56.221 - 
    select
        u1_0.id,
        u1_0.avatar_url,
        u1_0.created_at,
        u1_0.last_login_time,
        u1_0.member_expire_time,
        u1_0.member_level,
        u1_0.nickname,
        u1_0.openid,
        u1_0.phone,
        u1_0.points,
        u1_0.remaining_visits,
        u1_0.role,
        u1_0.total_visits,
        u1_0.updated_at 
    from
        users u1_0 
    where
        u1_0.id=?
2026-01-16 12:22:56.236 - 
    update
        payment_orders 
    set
        card_end_date=?,
        card_start_date=?,
        card_status=?,
        created_at=?,
        order_no=?,
        package_id=?,
        package_name=?,
        payment_method=?,
        payment_time=?,
        price=?,
        remaining_times=?,
        status=?,
        transaction_type=?,
        updated_at=?,
        user_id=? 
    where
        id=?
2026-01-16 12:22:56.239 - 
    update
        users 
    set
        avatar_url=?,
        created_at=?,
        last_login_time=?,
        member_expire_time=?,
        member_level=?,
        nickname=?,
        openid=?,
        phone=?,
        points=?,
        remaining_visits=?,
        role=?,
        total_visits=?,
        updated_at=? 
    where
        id=?
2026-01-16 12:22:58.574 - 
    select
        u1_0.id,
        u1_0.avatar_url,
        u1_0.created_at,
        u1_0.last_login_time,
        u1_0.member_expire_time,
        u1_0.member_level,
        u1_0.nickname,
        u1_0.openid,
        u1_0.phone,
        u1_0.points,
        u1_0.remaining_visits,
        u1_0.role,
        u1_0.total_visits,
        u1_0.updated_at 
    from
        users u1_0 
    where
        u1_0.id=?
2026-01-16 12:22:58.576 - 
    select
        po1_0.id,
        po1_0.card_end_date,
        po1_0.card_start_date,
        po1_0.card_status,
        po1_0.created_at,
        po1_0.order_no,
        po1_0.package_id,
        po1_0.package_name,
        po1_0.payment_method,
        po1_0.payment_time,
        po1_0.price,
        po1_0.remaining_times,
        po1_0.status,
        po1_0.transaction_type,
        po1_0.updated_at,
        po1_0.user_id 
    from
        payment_orders po1_0 
    where
        po1_0.user_id=?
2026-01-16 12:22:58.577 - 
    select
        po1_0.id,
        po1_0.card_end_date,
        po1_0.card_start_date,
        po1_0.card_status,
        po1_0.created_at,
        po1_0.order_no,
        po1_0.package_id,
        po1_0.package_name,
        po1_0.payment_method,
        po1_0.payment_time,
        po1_0.price,
        po1_0.remaining_times,
        po1_0.status,
        po1_0.transaction_type,
        po1_0.updated_at,
        po1_0.user_id 
    from
        payment_orders po1_0 
    where
        po1_0.user_id=? 
        and po1_0.status=?
2026-01-16 12:22:58.578 - 
    select
        mp1_0.id,
        mp1_0.avg_price_per_time,
        mp1_0.badge,
        mp1_0.category,
        mp1_0.code,
        mp1_0.description,
        mp1_0.features,
        mp1_0.is_active,
        mp1_0.name,
        mp1_0.people,
        mp1_0.price,
        mp1_0.sort_order,
        mp1_0.times_per_person,
        mp1_0.validity_days 
    from
        member_packages mp1_0 
    where
        mp1_0.id=?
2026-01-16 12:22:58.583 - 
    select
        u1_0.id,
        u1_0.avatar_url,
        u1_0.created_at,
        u1_0.last_login_time,
        u1_0.member_expire_time,
        u1_0.member_level,
        u1_0.nickname,
        u1_0.openid,
        u1_0.phone,
        u1_0.points,
        u1_0.remaining_visits,
        u1_0.role,
        u1_0.total_visits,
        u1_0.updated_at 
    from
        users u1_0 
    where
        u1_0.id=?
2026-01-16 12:22:58.585 - 
    select
        bo1_0.id,
        bo1_0.cabin_name,
        bo1_0.consume_time,
        bo1_0.created_at,
        bo1_0.date,
        bo1_0.order_no,
        bo1_0.original_price,
        bo1_0.payment_method,
        bo1_0.payment_order_id,
        bo1_0.payment_status,
        bo1_0.payment_time,
        bo1_0.price,
        bo1_0.seat_name,
        bo1_0.status,
        bo1_0.time_slot,
        bo1_0.updated_at,
        bo1_0.user_id 
    from
        booking_orders bo1_0 
    where
        bo1_0.user_id=? 
    order by
        bo1_0.created_at desc
2026-01-16 12:22:58.586 - 
    select
        u1_0.id,
        u1_0.avatar_url,
        u1_0.created_at,
        u1_0.last_login_time,
        u1_0.member_expire_time,
        u1_0.member_level,
        u1_0.nickname,
        u1_0.openid,
        u1_0.phone,
        u1_0.points,
        u1_0.remaining_visits,
        u1_0.role,
        u1_0.total_visits,
        u1_0.updated_at 
    from
        users u1_0 
    where
        u1_0.id=?
2026-01-16 12:22:58.589 - 
    select
        po1_0.id,
        po1_0.card_end_date,
        po1_0.card_start_date,
        po1_0.card_status,
        po1_0.created_at,
        po1_0.order_no,
        po1_0.package_id,
        po1_0.package_name,
        po1_0.payment_method,
        po1_0.payment_time,
        po1_0.price,
        po1_0.remaining_times,
        po1_0.status,
        po1_0.transaction_type,
        po1_0.updated_at,
        po1_0.user_id 
    from
        payment_orders po1_0 
    where
        po1_0.user_id=? 
        and po1_0.status=?
2026-01-16 12:22:58.593 - 
    select
        po1_0.id,
        po1_0.card_end_date,
        po1_0.card_start_date,
        po1_0.card_status,
        po1_0.created_at,
        po1_0.order_no,
        po1_0.package_id,
        po1_0.package_name,
        po1_0.payment_method,
        po1_0.payment_time,
        po1_0.price,
        po1_0.remaining_times,
        po1_0.status,
        po1_0.transaction_type,
        po1_0.updated_at,
        po1_0.user_id 
    from
        payment_orders po1_0 
    where
        po1_0.user_id=?
2026-01-16 12:22:58.596 - 
    select
        mp1_0.id,
        mp1_0.avg_price_per_time,
        mp1_0.badge,
        mp1_0.category,
        mp1_0.code,
        mp1_0.description,
        mp1_0.features,
        mp1_0.is_active,
        mp1_0.name,
        mp1_0.people,
        mp1_0.price,
        mp1_0.sort_order,
        mp1_0.times_per_person,
        mp1_0.validity_days 
    from
        member_packages mp1_0 
    where
        mp1_0.id=?
2026-01-16 12:22:58.600 - 
    select
        u1_0.id,
        u1_0.avatar_url,
        u1_0.created_at,
        u1_0.last_login_time,
        u1_0.member_expire_time,
        u1_0.member_level,
        u1_0.nickname,
        u1_0.openid,
        u1_0.phone,
        u1_0.points,
        u1_0.remaining_visits,
        u1_0.role,
        u1_0.total_visits,
        u1_0.updated_at 
    from
        users u1_0 
    where
        u1_0.id=?
2026-01-16 12:22:58.605 - 
    select
        bo1_0.id,
        bo1_0.cabin_name,
        bo1_0.consume_time,
        bo1_0.created_at,
        bo1_0.date,
        bo1_0.order_no,
        bo1_0.original_price,
        bo1_0.payment_method,
        bo1_0.payment_order_id,
        bo1_0.payment_status,
        bo1_0.payment_time,
        bo1_0.price,
        bo1_0.seat_name,
        bo1_0.status,
        bo1_0.time_slot,
        bo1_0.updated_at,
        bo1_0.user_id 
    from
        booking_orders bo1_0 
    where
        bo1_0.user_id=? 
    order by
        bo1_0.created_at desc
2026-01-16 12:22:58.668 - 
    select
        u1_0.id,
        u1_0.avatar_url,
        u1_0.created_at,
        u1_0.last_login_time,
        u1_0.member_expire_time,
        u1_0.member_level,
        u1_0.nickname,
        u1_0.openid,
        u1_0.phone,
        u1_0.points,
        u1_0.remaining_visits,
        u1_0.role,
        u1_0.total_visits,
        u1_0.updated_at 
    from
        users u1_0 
    where
        u1_0.id=?
2026-01-16 12:22:58.672 - 
    select
        po1_0.id,
        po1_0.card_end_date,
        po1_0.card_start_date,
        po1_0.card_status,
        po1_0.created_at,
        po1_0.order_no,
        po1_0.package_id,
        po1_0.package_name,
        po1_0.payment_method,
        po1_0.payment_time,
        po1_0.price,
        po1_0.remaining_times,
        po1_0.status,
        po1_0.transaction_type,
        po1_0.updated_at,
        po1_0.user_id 
    from
        payment_orders po1_0 
    where
        po1_0.user_id=? 
        and po1_0.status=?
2026-01-16 12:22:58.679 - 
    select
        u1_0.id,
        u1_0.avatar_url,
        u1_0.created_at,
        u1_0.last_login_time,
        u1_0.member_expire_time,
        u1_0.member_level,
        u1_0.nickname,
        u1_0.openid,
        u1_0.phone,
        u1_0.points,
        u1_0.remaining_visits,
        u1_0.role,
        u1_0.total_visits,
        u1_0.updated_at 
    from
        users u1_0 
    where
        u1_0.id=?
2026-01-16 12:22:58.681 - 
    select
        po1_0.id,
        po1_0.card_end_date,
        po1_0.card_start_date,
        po1_0.card_status,
        po1_0.created_at,
        po1_0.order_no,
        po1_0.package_id,
        po1_0.package_name,
        po1_0.payment_method,
        po1_0.payment_time,
        po1_0.price,
        po1_0.remaining_times,
        po1_0.status,
        po1_0.transaction_type,
        po1_0.updated_at,
        po1_0.user_id 
    from
        payment_orders po1_0 
    where
        po1_0.user_id=? 
        and po1_0.status=?
2026-01-16 12:23:30.184 - 
    select
        po1_0.id,
        po1_0.card_end_date,
        po1_0.card_start_date,
        po1_0.card_status,
        po1_0.created_at,
        po1_0.order_no,
        po1_0.package_id,
        po1_0.package_name,
        po1_0.payment_method,
        po1_0.payment_time,
        po1_0.price,
        po1_0.remaining_times,
        po1_0.status,
        po1_0.transaction_type,
        po1_0.updated_at,
        po1_0.user_id 
    from
        payment_orders po1_0 
    where
        po1_0.user_id=?
2026-01-16 12:23:30.190 - 
    select
        mp1_0.id,
        mp1_0.avg_price_per_time,
        mp1_0.badge,
        mp1_0.category,
        mp1_0.code,
        mp1_0.description,
        mp1_0.features,
        mp1_0.is_active,
        mp1_0.name,
        mp1_0.people,
        mp1_0.price,
        mp1_0.sort_order,
        mp1_0.times_per_person,
        mp1_0.validity_days 
    from
        member_packages mp1_0 
    where
        mp1_0.id=?
2026-01-16 12:23:30.204 - 
    select
        po1_0.id,
        po1_0.card_end_date,
        po1_0.card_start_date,
        po1_0.card_status,
        po1_0.created_at,
        po1_0.order_no,
        po1_0.package_id,
        po1_0.package_name,
        po1_0.payment_method,
        po1_0.payment_time,
        po1_0.price,
        po1_0.remaining_times,
        po1_0.status,
        po1_0.transaction_type,
        po1_0.updated_at,
        po1_0.user_id 
    from
        payment_orders po1_0 
    where
        po1_0.user_id=?
2026-01-16 12:23:30.207 - 
    select
        mp1_0.id,
        mp1_0.avg_price_per_time,
        mp1_0.badge,
        mp1_0.category,
        mp1_0.code,
        mp1_0.description,
        mp1_0.features,
        mp1_0.is_active,
        mp1_0.name,
        mp1_0.people,
        mp1_0.price,
        mp1_0.sort_order,
        mp1_0.times_per_person,
        mp1_0.validity_days 
    from
        member_packages mp1_0 
    where
        mp1_0.id=?
2026-01-16 12:24:09.616 - 
    select
        bo1_0.id,
        bo1_0.cabin_name,
        bo1_0.consume_time,
        bo1_0.created_at,
        bo1_0.date,
        bo1_0.order_no,
        bo1_0.original_price,
        bo1_0.payment_method,
        bo1_0.payment_order_id,
        bo1_0.payment_status,
        bo1_0.payment_time,
        bo1_0.price,
        bo1_0.seat_name,
        bo1_0.status,
        bo1_0.time_slot,
        bo1_0.updated_at,
        bo1_0.user_id 
    from
        booking_orders bo1_0 
    where
        bo1_0.date=? 
        and bo1_0.time_slot=?
2026-01-16 12:24:13.147 - 
    select
        mp1_0.id,
        mp1_0.avg_price_per_time,
        mp1_0.badge,
        mp1_0.category,
        mp1_0.code,
        mp1_0.description,
        mp1_0.features,
        mp1_0.is_active,
        mp1_0.name,
        mp1_0.people,
        mp1_0.price,
        mp1_0.sort_order,
        mp1_0.times_per_person,
        mp1_0.validity_days 
    from
        member_packages mp1_0 
    where
        mp1_0.category=? 
        and mp1_0.is_active 
    order by
        mp1_0.sort_order
2026-01-16 12:24:13.156 - 
    select
        mp1_0.id,
        mp1_0.avg_price_per_time,
        mp1_0.badge,
        mp1_0.category,
        mp1_0.code,
        mp1_0.description,
        mp1_0.features,
        mp1_0.is_active,
        mp1_0.name,
        mp1_0.people,
        mp1_0.price,
        mp1_0.sort_order,
        mp1_0.times_per_person,
        mp1_0.validity_days 
    from
        member_packages mp1_0 
    where
        mp1_0.category=? 
        and mp1_0.is_active 
    order by
        mp1_0.sort_order
2026-01-16 12:24:14.059 - 
    select
        po1_0.id,
        po1_0.card_end_date,
        po1_0.card_start_date,
        po1_0.card_status,
        po1_0.created_at,
        po1_0.order_no,
        po1_0.package_id,
        po1_0.package_name,
        po1_0.payment_method,
        po1_0.payment_time,
        po1_0.price,
        po1_0.remaining_times,
        po1_0.status,
        po1_0.transaction_type,
        po1_0.updated_at,
        po1_0.user_id 
    from
        payment_orders po1_0 
    where
        po1_0.user_id=?
2026-01-16 12:24:14.064 - 
    select
        mp1_0.id,
        mp1_0.avg_price_per_time,
        mp1_0.badge,
        mp1_0.category,
        mp1_0.code,
        mp1_0.description,
        mp1_0.features,
        mp1_0.is_active,
        mp1_0.name,
        mp1_0.people,
        mp1_0.price,
        mp1_0.sort_order,
        mp1_0.times_per_person,
        mp1_0.validity_days 
    from
        member_packages mp1_0 
    where
        mp1_0.id=?
2026-01-16 12:24:14.076 - 
    select
        po1_0.id,
        po1_0.card_end_date,
        po1_0.card_start_date,
        po1_0.card_status,
        po1_0.created_at,
        po1_0.order_no,
        po1_0.package_id,
        po1_0.package_name,
        po1_0.payment_method,
        po1_0.payment_time,
        po1_0.price,
        po1_0.remaining_times,
        po1_0.status,
        po1_0.transaction_type,
        po1_0.updated_at,
        po1_0.user_id 
    from
        payment_orders po1_0 
    where
        po1_0.user_id=?
2026-01-16 12:24:14.078 - 
    select
        mp1_0.id,
        mp1_0.avg_price_per_time,
        mp1_0.badge,
        mp1_0.category,
        mp1_0.code,
        mp1_0.description,
        mp1_0.features,
        mp1_0.is_active,
        mp1_0.name,
        mp1_0.people,
        mp1_0.price,
        mp1_0.sort_order,
        mp1_0.times_per_person,
        mp1_0.validity_days 
    from
        member_packages mp1_0 
    where
        mp1_0.id=?
2026-01-16 12:24:15.725 - 
    select
        bo1_0.id,
        bo1_0.cabin_name,
        bo1_0.consume_time,
        bo1_0.created_at,
        bo1_0.date,
        bo1_0.order_no,
        bo1_0.original_price,
        bo1_0.payment_method,
        bo1_0.payment_order_id,
        bo1_0.payment_status,
        bo1_0.payment_time,
        bo1_0.price,
        bo1_0.seat_name,
        bo1_0.status,
        bo1_0.time_slot,
        bo1_0.updated_at,
        bo1_0.user_id 
    from
        booking_orders bo1_0 
    where
        bo1_0.date=? 
        and bo1_0.time_slot=?
2026-01-16 12:24:21.106 - 
    select
        po1_0.id,
        po1_0.card_end_date,
        po1_0.card_start_date,
        po1_0.card_status,
        po1_0.created_at,
        po1_0.order_no,
        po1_0.package_id,
        po1_0.package_name,
        po1_0.payment_method,
        po1_0.payment_time,
        po1_0.price,
        po1_0.remaining_times,
        po1_0.status,
        po1_0.transaction_type,
        po1_0.updated_at,
        po1_0.user_id 
    from
        payment_orders po1_0 
    where
        po1_0.user_id=?
2026-01-16 12:24:21.111 - 
    select
        mp1_0.id,
        mp1_0.avg_price_per_time,
        mp1_0.badge,
        mp1_0.category,
        mp1_0.code,
        mp1_0.description,
        mp1_0.features,
        mp1_0.is_active,
        mp1_0.name,
        mp1_0.people,
        mp1_0.price,
        mp1_0.sort_order,
        mp1_0.times_per_person,
        mp1_0.validity_days 
    from
        member_packages mp1_0 
    where
        mp1_0.id=?
2026-01-16 12:24:21.141 - 
    select
        u1_0.id,
        u1_0.avatar_url,
        u1_0.created_at,
        u1_0.last_login_time,
        u1_0.member_expire_time,
        u1_0.member_level,
        u1_0.nickname,
        u1_0.openid,
        u1_0.phone,
        u1_0.points,
        u1_0.remaining_visits,
        u1_0.role,
        u1_0.total_visits,
        u1_0.updated_at 
    from
        users u1_0 
    where
        u1_0.id=?
2026-01-16 12:24:21.143 - 
    select
        bo1_0.id,
        bo1_0.cabin_name,
        bo1_0.consume_time,
        bo1_0.created_at,
        bo1_0.date,
        bo1_0.order_no,
        bo1_0.original_price,
        bo1_0.payment_method,
        bo1_0.payment_order_id,
        bo1_0.payment_status,
        bo1_0.payment_time,
        bo1_0.price,
        bo1_0.seat_name,
        bo1_0.status,
        bo1_0.time_slot,
        bo1_0.updated_at,
        bo1_0.user_id 
    from
        booking_orders bo1_0 
    where
        bo1_0.user_id=? 
        and bo1_0.date=? 
        and bo1_0.status!=?
2026-01-16 12:24:21.158 - 
    select
        u1_0.id,
        u1_0.avatar_url,
        u1_0.created_at,
        u1_0.last_login_time,
        u1_0.member_expire_time,
        u1_0.member_level,
        u1_0.nickname,
        u1_0.openid,
        u1_0.phone,
        u1_0.points,
        u1_0.remaining_visits,
        u1_0.role,
        u1_0.total_visits,
        u1_0.updated_at 
    from
        users u1_0 
    where
        u1_0.id=?
2026-01-16 12:24:21.160 - 
    select
        bo1_0.id,
        bo1_0.cabin_name,
        bo1_0.consume_time,
        bo1_0.created_at,
        bo1_0.date,
        bo1_0.order_no,
        bo1_0.original_price,
        bo1_0.payment_method,
        bo1_0.payment_order_id,
        bo1_0.payment_status,
        bo1_0.payment_time,
        bo1_0.price,
        bo1_0.seat_name,
        bo1_0.status,
        bo1_0.time_slot,
        bo1_0.updated_at,
        bo1_0.user_id 
    from
        booking_orders bo1_0 
    where
        bo1_0.user_id=? 
        and bo1_0.date=? 
        and bo1_0.status!=?
2026-01-16 12:24:21.163 - 
    select
        bo1_0.id,
        bo1_0.cabin_name,
        bo1_0.consume_time,
        bo1_0.created_at,
        bo1_0.date,
        bo1_0.order_no,
        bo1_0.original_price,
        bo1_0.payment_method,
        bo1_0.payment_order_id,
        bo1_0.payment_status,
        bo1_0.payment_time,
        bo1_0.price,
        bo1_0.seat_name,
        bo1_0.status,
        bo1_0.time_slot,
        bo1_0.updated_at,
        bo1_0.user_id 
    from
        booking_orders bo1_0 
    where
        bo1_0.date=? 
        and bo1_0.time_slot=? 
        and bo1_0.cabin_name=? 
        and bo1_0.seat_name=?
2026-01-16 12:24:21.164 - 
    select
        po1_0.id,
        po1_0.card_end_date,
        po1_0.card_start_date,
        po1_0.card_status,
        po1_0.created_at,
        po1_0.order_no,
        po1_0.package_id,
        po1_0.package_name,
        po1_0.payment_method,
        po1_0.payment_time,
        po1_0.price,
        po1_0.remaining_times,
        po1_0.status,
        po1_0.transaction_type,
        po1_0.updated_at,
        po1_0.user_id 
    from
        payment_orders po1_0 
    where
        po1_0.user_id=?
2026-01-16 12:24:21.166 - 
    select
        mp1_0.id,
        mp1_0.avg_price_per_time,
        mp1_0.badge,
        mp1_0.category,
        mp1_0.code,
        mp1_0.description,
        mp1_0.features,
        mp1_0.is_active,
        mp1_0.name,
        mp1_0.people,
        mp1_0.price,
        mp1_0.sort_order,
        mp1_0.times_per_person,
        mp1_0.validity_days 
    from
        member_packages mp1_0 
    where
        mp1_0.id=?
2026-01-16 12:24:21.169 - 
    insert 
    into
        booking_orders
        (cabin_name, consume_time, created_at, date, order_no, original_price, payment_method, payment_order_id, payment_status, payment_time, price, seat_name, status, time_slot, updated_at, user_id) 
    values
        (?, ?, ?, ?, ?, ?, ?, ?, ?, ?, ?, ?, ?, ?, ?, ?)
2026-01-16 12:24:23.027 - 
    select
        u1_0.id,
        u1_0.avatar_url,
        u1_0.created_at,
        u1_0.last_login_time,
        u1_0.member_expire_time,
        u1_0.member_level,
        u1_0.nickname,
        u1_0.openid,
        u1_0.phone,
        u1_0.points,
        u1_0.remaining_visits,
        u1_0.role,
        u1_0.total_visits,
        u1_0.updated_at 
    from
        users u1_0 
    where
        u1_0.id=?
2026-01-16 12:24:23.027 - 
    select
        po1_0.id,
        po1_0.card_end_date,
        po1_0.card_start_date,
        po1_0.card_status,
        po1_0.created_at,
        po1_0.order_no,
        po1_0.package_id,
        po1_0.package_name,
        po1_0.payment_method,
        po1_0.payment_time,
        po1_0.price,
        po1_0.remaining_times,
        po1_0.status,
        po1_0.transaction_type,
        po1_0.updated_at,
        po1_0.user_id 
    from
        payment_orders po1_0 
    where
        po1_0.user_id=?
2026-01-16 12:24:23.029 - 
    select
        mp1_0.id,
        mp1_0.avg_price_per_time,
        mp1_0.badge,
        mp1_0.category,
        mp1_0.code,
        mp1_0.description,
        mp1_0.features,
        mp1_0.is_active,
        mp1_0.name,
        mp1_0.people,
        mp1_0.price,
        mp1_0.sort_order,
        mp1_0.times_per_person,
        mp1_0.validity_days 
    from
        member_packages mp1_0 
    where
        mp1_0.id=?
2026-01-16 12:24:23.030 - 
    select
        u1_0.id,
        u1_0.avatar_url,
        u1_0.created_at,
        u1_0.last_login_time,
        u1_0.member_expire_time,
        u1_0.member_level,
        u1_0.nickname,
        u1_0.openid,
        u1_0.phone,
        u1_0.points,
        u1_0.remaining_visits,
        u1_0.role,
        u1_0.total_visits,
        u1_0.updated_at 
    from
        users u1_0 
    where
        u1_0.id=?
2026-01-16 12:24:23.030 - 
    select
        po1_0.id,
        po1_0.card_end_date,
        po1_0.card_start_date,
        po1_0.card_status,
        po1_0.created_at,
        po1_0.order_no,
        po1_0.package_id,
        po1_0.package_name,
        po1_0.payment_method,
        po1_0.payment_time,
        po1_0.price,
        po1_0.remaining_times,
        po1_0.status,
        po1_0.transaction_type,
        po1_0.updated_at,
        po1_0.user_id 
    from
        payment_orders po1_0 
    where
        po1_0.user_id=? 
        and po1_0.status=?
2026-01-16 12:24:23.031 - 
    select
        bo1_0.id,
        bo1_0.cabin_name,
        bo1_0.consume_time,
        bo1_0.created_at,
        bo1_0.date,
        bo1_0.order_no,
        bo1_0.original_price,
        bo1_0.payment_method,
        bo1_0.payment_order_id,
        bo1_0.payment_status,
        bo1_0.payment_time,
        bo1_0.price,
        bo1_0.seat_name,
        bo1_0.status,
        bo1_0.time_slot,
        bo1_0.updated_at,
        bo1_0.user_id 
    from
        booking_orders bo1_0 
    where
        bo1_0.user_id=? 
    order by
        bo1_0.created_at desc
2026-01-16 12:24:23.037 - 
    select
        u1_0.id,
        u1_0.avatar_url,
        u1_0.created_at,
        u1_0.last_login_time,
        u1_0.member_expire_time,
        u1_0.member_level,
        u1_0.nickname,
        u1_0.openid,
        u1_0.phone,
        u1_0.points,
        u1_0.remaining_visits,
        u1_0.role,
        u1_0.total_visits,
        u1_0.updated_at 
    from
        users u1_0 
    where
        u1_0.id=?
2026-01-16 12:24:23.039 - 
    select
        po1_0.id,
        po1_0.card_end_date,
        po1_0.card_start_date,
        po1_0.card_status,
        po1_0.created_at,
        po1_0.order_no,
        po1_0.package_id,
        po1_0.package_name,
        po1_0.payment_method,
        po1_0.payment_time,
        po1_0.price,
        po1_0.remaining_times,
        po1_0.status,
        po1_0.transaction_type,
        po1_0.updated_at,
        po1_0.user_id 
    from
        payment_orders po1_0 
    where
        po1_0.user_id=? 
        and po1_0.status=?
2026-01-16 12:24:23.041 - 
    select
        po1_0.id,
        po1_0.card_end_date,
        po1_0.card_start_date,
        po1_0.card_status,
        po1_0.created_at,
        po1_0.order_no,
        po1_0.package_id,
        po1_0.package_name,
        po1_0.payment_method,
        po1_0.payment_time,
        po1_0.price,
        po1_0.remaining_times,
        po1_0.status,
        po1_0.transaction_type,
        po1_0.updated_at,
        po1_0.user_id 
    from
        payment_orders po1_0 
    where
        po1_0.user_id=?
2026-01-16 12:24:23.043 - 
    select
        mp1_0.id,
        mp1_0.avg_price_per_time,
        mp1_0.badge,
        mp1_0.category,
        mp1_0.code,
        mp1_0.description,
        mp1_0.features,
        mp1_0.is_active,
        mp1_0.name,
        mp1_0.people,
        mp1_0.price,
        mp1_0.sort_order,
        mp1_0.times_per_person,
        mp1_0.validity_days 
    from
        member_packages mp1_0 
    where
        mp1_0.id=?
2026-01-16 12:24:23.042 - 
    select
        u1_0.id,
        u1_0.avatar_url,
        u1_0.created_at,
        u1_0.last_login_time,
        u1_0.member_expire_time,
        u1_0.member_level,
        u1_0.nickname,
        u1_0.openid,
        u1_0.phone,
        u1_0.points,
        u1_0.remaining_visits,
        u1_0.role,
        u1_0.total_visits,
        u1_0.updated_at 
    from
        users u1_0 
    where
        u1_0.id=?
2026-01-16 12:24:23.048 - 
    select
        bo1_0.id,
        bo1_0.cabin_name,
        bo1_0.consume_time,
        bo1_0.created_at,
        bo1_0.date,
        bo1_0.order_no,
        bo1_0.original_price,
        bo1_0.payment_method,
        bo1_0.payment_order_id,
        bo1_0.payment_status,
        bo1_0.payment_time,
        bo1_0.price,
        bo1_0.seat_name,
        bo1_0.status,
        bo1_0.time_slot,
        bo1_0.updated_at,
        bo1_0.user_id 
    from
        booking_orders bo1_0 
    where
        bo1_0.user_id=? 
    order by
        bo1_0.created_at desc
2026-01-16 12:24:23.063 - 
    select
        u1_0.id,
        u1_0.avatar_url,
        u1_0.created_at,
        u1_0.last_login_time,
        u1_0.member_expire_time,
        u1_0.member_level,
        u1_0.nickname,
        u1_0.openid,
        u1_0.phone,
        u1_0.points,
        u1_0.remaining_visits,
        u1_0.role,
        u1_0.total_visits,
        u1_0.updated_at 
    from
        users u1_0 
    where
        u1_0.id=?
2026-01-16 12:24:23.072 - 
    select
        po1_0.id,
        po1_0.card_end_date,
        po1_0.card_start_date,
        po1_0.card_status,
        po1_0.created_at,
        po1_0.order_no,
        po1_0.package_id,
        po1_0.package_name,
        po1_0.payment_method,
        po1_0.payment_time,
        po1_0.price,
        po1_0.remaining_times,
        po1_0.status,
        po1_0.transaction_type,
        po1_0.updated_at,
        po1_0.user_id 
    from
        payment_orders po1_0 
    where
        po1_0.user_id=? 
        and po1_0.status=?
2026-01-16 12:24:23.086 - 
    select
        u1_0.id,
        u1_0.avatar_url,
        u1_0.created_at,
        u1_0.last_login_time,
        u1_0.member_expire_time,
        u1_0.member_level,
        u1_0.nickname,
        u1_0.openid,
        u1_0.phone,
        u1_0.points,
        u1_0.remaining_visits,
        u1_0.role,
        u1_0.total_visits,
        u1_0.updated_at 
    from
        users u1_0 
    where
        u1_0.id=?
2026-01-16 12:24:23.088 - 
    select
        po1_0.id,
        po1_0.card_end_date,
        po1_0.card_start_date,
        po1_0.card_status,
        po1_0.created_at,
        po1_0.order_no,
        po1_0.package_id,
        po1_0.package_name,
        po1_0.payment_method,
        po1_0.payment_time,
        po1_0.price,
        po1_0.remaining_times,
        po1_0.status,
        po1_0.transaction_type,
        po1_0.updated_at,
        po1_0.user_id 
    from
        payment_orders po1_0 
    where
        po1_0.user_id=? 
        and po1_0.status=?
2026-01-16 12:24:26.884 - 
    select
        u1_0.id,
        u1_0.avatar_url,
        u1_0.created_at,
        u1_0.last_login_time,
        u1_0.member_expire_time,
        u1_0.member_level,
        u1_0.nickname,
        u1_0.openid,
        u1_0.phone,
        u1_0.points,
        u1_0.remaining_visits,
        u1_0.role,
        u1_0.total_visits,
        u1_0.updated_at 
    from
        users u1_0 
    where
        u1_0.id=?
2026-01-16 12:24:26.887 - 
    select
        bo1_0.id,
        bo1_0.cabin_name,
        bo1_0.consume_time,
        bo1_0.created_at,
        bo1_0.date,
        bo1_0.order_no,
        bo1_0.original_price,
        bo1_0.payment_method,
        bo1_0.payment_order_id,
        bo1_0.payment_status,
        bo1_0.payment_time,
        bo1_0.price,
        bo1_0.seat_name,
        bo1_0.status,
        bo1_0.time_slot,
        bo1_0.updated_at,
        bo1_0.user_id 
    from
        booking_orders bo1_0 
    where
        bo1_0.id=?
2026-01-16 12:24:26.890 - 
    update
        booking_orders 
    set
        cabin_name=?,
        consume_time=?,
        created_at=?,
        date=?,
        order_no=?,
        original_price=?,
        payment_method=?,
        payment_order_id=?,
        payment_status=?,
        payment_time=?,
        price=?,
        seat_name=?,
        status=?,
        time_slot=?,
        updated_at=?,
        user_id=? 
    where
        id=?
2026-01-16 12:24:26.912 - 
    select
        u1_0.id,
        u1_0.avatar_url,
        u1_0.created_at,
        u1_0.last_login_time,
        u1_0.member_expire_time,
        u1_0.member_level,
        u1_0.nickname,
        u1_0.openid,
        u1_0.phone,
        u1_0.points,
        u1_0.remaining_visits,
        u1_0.role,
        u1_0.total_visits,
        u1_0.updated_at 
    from
        users u1_0 
    where
        u1_0.id=?
2026-01-16 12:24:26.915 - 
    select
        bo1_0.id,
        bo1_0.cabin_name,
        bo1_0.consume_time,
        bo1_0.created_at,
        bo1_0.date,
        bo1_0.order_no,
        bo1_0.original_price,
        bo1_0.payment_method,
        bo1_0.payment_order_id,
        bo1_0.payment_status,
        bo1_0.payment_time,
        bo1_0.price,
        bo1_0.seat_name,
        bo1_0.status,
        bo1_0.time_slot,
        bo1_0.updated_at,
        bo1_0.user_id 
    from
        booking_orders bo1_0 
    where
        bo1_0.user_id=? 
    order by
        bo1_0.created_at desc
2026-01-16 12:24:30.517 - 
    select
        po1_0.id,
        po1_0.card_end_date,
        po1_0.card_start_date,
        po1_0.card_status,
        po1_0.created_at,
        po1_0.order_no,
        po1_0.package_id,
        po1_0.package_name,
        po1_0.payment_method,
        po1_0.payment_time,
        po1_0.price,
        po1_0.remaining_times,
        po1_0.status,
        po1_0.transaction_type,
        po1_0.updated_at,
        po1_0.user_id 
    from
        payment_orders po1_0 
    where
        po1_0.user_id=?
2026-01-16 12:24:30.519 - 
    select
        mp1_0.id,
        mp1_0.avg_price_per_time,
        mp1_0.badge,
        mp1_0.category,
        mp1_0.code,
        mp1_0.description,
        mp1_0.features,
        mp1_0.is_active,
        mp1_0.name,
        mp1_0.people,
        mp1_0.price,
        mp1_0.sort_order,
        mp1_0.times_per_person,
        mp1_0.validity_days 
    from
        member_packages mp1_0 
    where
        mp1_0.id=?
2026-01-16 12:24:30.527 - 
    select
        po1_0.id,
        po1_0.card_end_date,
        po1_0.card_start_date,
        po1_0.card_status,
        po1_0.created_at,
        po1_0.order_no,
        po1_0.package_id,
        po1_0.package_name,
        po1_0.payment_method,
        po1_0.payment_time,
        po1_0.price,
        po1_0.remaining_times,
        po1_0.status,
        po1_0.transaction_type,
        po1_0.updated_at,
        po1_0.user_id 
    from
        payment_orders po1_0 
    where
        po1_0.user_id=?
2026-01-16 12:24:30.529 - 
    select
        mp1_0.id,
        mp1_0.avg_price_per_time,
        mp1_0.badge,
        mp1_0.category,
        mp1_0.code,
        mp1_0.description,
        mp1_0.features,
        mp1_0.is_active,
        mp1_0.name,
        mp1_0.people,
        mp1_0.price,
        mp1_0.sort_order,
        mp1_0.times_per_person,
        mp1_0.validity_days 
    from
        member_packages mp1_0 
    where
        mp1_0.id=?
2026-01-16 12:24:32.888 - 
    select
        bo1_0.id,
        bo1_0.cabin_name,
        bo1_0.consume_time,
        bo1_0.created_at,
        bo1_0.date,
        bo1_0.order_no,
        bo1_0.original_price,
        bo1_0.payment_method,
        bo1_0.payment_order_id,
        bo1_0.payment_status,
        bo1_0.payment_time,
        bo1_0.price,
        bo1_0.seat_name,
        bo1_0.status,
        bo1_0.time_slot,
        bo1_0.updated_at,
        bo1_0.user_id 
    from
        booking_orders bo1_0 
    where
        bo1_0.date=? 
        and bo1_0.time_slot=?
2026-01-16 12:24:34.263 - 
    select
        bo1_0.id,
        bo1_0.cabin_name,
        bo1_0.consume_time,
        bo1_0.created_at,
        bo1_0.date,
        bo1_0.order_no,
        bo1_0.original_price,
        bo1_0.payment_method,
        bo1_0.payment_order_id,
        bo1_0.payment_status,
        bo1_0.payment_time,
        bo1_0.price,
        bo1_0.seat_name,
        bo1_0.status,
        bo1_0.time_slot,
        bo1_0.updated_at,
        bo1_0.user_id 
    from
        booking_orders bo1_0 
    where
        bo1_0.date=? 
        and bo1_0.time_slot=?
2026-01-16 12:24:39.010 - 
    select
        po1_0.id,
        po1_0.card_end_date,
        po1_0.card_start_date,
        po1_0.card_status,
        po1_0.created_at,
        po1_0.order_no,
        po1_0.package_id,
        po1_0.package_name,
        po1_0.payment_method,
        po1_0.payment_time,
        po1_0.price,
        po1_0.remaining_times,
        po1_0.status,
        po1_0.transaction_type,
        po1_0.updated_at,
        po1_0.user_id 
    from
        payment_orders po1_0 
    where
        po1_0.user_id=?
2026-01-16 12:24:39.014 - 
    select
        mp1_0.id,
        mp1_0.avg_price_per_time,
        mp1_0.badge,
        mp1_0.category,
        mp1_0.code,
        mp1_0.description,
        mp1_0.features,
        mp1_0.is_active,
        mp1_0.name,
        mp1_0.people,
        mp1_0.price,
        mp1_0.sort_order,
        mp1_0.times_per_person,
        mp1_0.validity_days 
    from
        member_packages mp1_0 
    where
        mp1_0.id=?
2026-01-16 12:24:39.034 - 
    select
        u1_0.id,
        u1_0.avatar_url,
        u1_0.created_at,
        u1_0.last_login_time,
        u1_0.member_expire_time,
        u1_0.member_level,
        u1_0.nickname,
        u1_0.openid,
        u1_0.phone,
        u1_0.points,
        u1_0.remaining_visits,
        u1_0.role,
        u1_0.total_visits,
        u1_0.updated_at 
    from
        users u1_0 
    where
        u1_0.id=?
2026-01-16 12:24:39.036 - 
    select
        bo1_0.id,
        bo1_0.cabin_name,
        bo1_0.consume_time,
        bo1_0.created_at,
        bo1_0.date,
        bo1_0.order_no,
        bo1_0.original_price,
        bo1_0.payment_method,
        bo1_0.payment_order_id,
        bo1_0.payment_status,
        bo1_0.payment_time,
        bo1_0.price,
        bo1_0.seat_name,
        bo1_0.status,
        bo1_0.time_slot,
        bo1_0.updated_at,
        bo1_0.user_id 
    from
        booking_orders bo1_0 
    where
        bo1_0.user_id=? 
        and bo1_0.date=? 
        and bo1_0.status!=?
2026-01-16 12:24:39.052 - 
    select
        u1_0.id,
        u1_0.avatar_url,
        u1_0.created_at,
        u1_0.last_login_time,
        u1_0.member_expire_time,
        u1_0.member_level,
        u1_0.nickname,
        u1_0.openid,
        u1_0.phone,
        u1_0.points,
        u1_0.remaining_visits,
        u1_0.role,
        u1_0.total_visits,
        u1_0.updated_at 
    from
        users u1_0 
    where
        u1_0.id=?
2026-01-16 12:24:39.054 - 
    select
        bo1_0.id,
        bo1_0.cabin_name,
        bo1_0.consume_time,
        bo1_0.created_at,
        bo1_0.date,
        bo1_0.order_no,
        bo1_0.original_price,
        bo1_0.payment_method,
        bo1_0.payment_order_id,
        bo1_0.payment_status,
        bo1_0.payment_time,
        bo1_0.price,
        bo1_0.seat_name,
        bo1_0.status,
        bo1_0.time_slot,
        bo1_0.updated_at,
        bo1_0.user_id 
    from
        booking_orders bo1_0 
    where
        bo1_0.user_id=? 
        and bo1_0.date=? 
        and bo1_0.status!=?
2026-01-16 12:24:39.056 - 
    select
        bo1_0.id,
        bo1_0.cabin_name,
        bo1_0.consume_time,
        bo1_0.created_at,
        bo1_0.date,
        bo1_0.order_no,
        bo1_0.original_price,
        bo1_0.payment_method,
        bo1_0.payment_order_id,
        bo1_0.payment_status,
        bo1_0.payment_time,
        bo1_0.price,
        bo1_0.seat_name,
        bo1_0.status,
        bo1_0.time_slot,
        bo1_0.updated_at,
        bo1_0.user_id 
    from
        booking_orders bo1_0 
    where
        bo1_0.date=? 
        and bo1_0.time_slot=? 
        and bo1_0.cabin_name=? 
        and bo1_0.seat_name=?
2026-01-16 12:24:39.057 - 
    select
        po1_0.id,
        po1_0.card_end_date,
        po1_0.card_start_date,
        po1_0.card_status,
        po1_0.created_at,
        po1_0.order_no,
        po1_0.package_id,
        po1_0.package_name,
        po1_0.payment_method,
        po1_0.payment_time,
        po1_0.price,
        po1_0.remaining_times,
        po1_0.status,
        po1_0.transaction_type,
        po1_0.updated_at,
        po1_0.user_id 
    from
        payment_orders po1_0 
    where
        po1_0.user_id=?
2026-01-16 12:24:39.059 - 
    select
        mp1_0.id,
        mp1_0.avg_price_per_time,
        mp1_0.badge,
        mp1_0.category,
        mp1_0.code,
        mp1_0.description,
        mp1_0.features,
        mp1_0.is_active,
        mp1_0.name,
        mp1_0.people,
        mp1_0.price,
        mp1_0.sort_order,
        mp1_0.times_per_person,
        mp1_0.validity_days 
    from
        member_packages mp1_0 
    where
        mp1_0.id=?
2026-01-16 12:24:39.060 - 
    insert 
    into
        booking_orders
        (cabin_name, consume_time, created_at, date, order_no, original_price, payment_method, payment_order_id, payment_status, payment_time, price, seat_name, status, time_slot, updated_at, user_id) 
    values
        (?, ?, ?, ?, ?, ?, ?, ?, ?, ?, ?, ?, ?, ?, ?, ?)
2026-01-16 12:24:40.869 - 
    select
        u1_0.id,
        u1_0.avatar_url,
        u1_0.created_at,
        u1_0.last_login_time,
        u1_0.member_expire_time,
        u1_0.member_level,
        u1_0.nickname,
        u1_0.openid,
        u1_0.phone,
        u1_0.points,
        u1_0.remaining_visits,
        u1_0.role,
        u1_0.total_visits,
        u1_0.updated_at 
    from
        users u1_0 
    where
        u1_0.id=?
2026-01-16 12:24:40.870 - 
    select
        po1_0.id,
        po1_0.card_end_date,
        po1_0.card_start_date,
        po1_0.card_status,
        po1_0.created_at,
        po1_0.order_no,
        po1_0.package_id,
        po1_0.package_name,
        po1_0.payment_method,
        po1_0.payment_time,
        po1_0.price,
        po1_0.remaining_times,
        po1_0.status,
        po1_0.transaction_type,
        po1_0.updated_at,
        po1_0.user_id 
    from
        payment_orders po1_0 
    where
        po1_0.user_id=?
2026-01-16 12:24:40.871 - 
    select
        u1_0.id,
        u1_0.avatar_url,
        u1_0.created_at,
        u1_0.last_login_time,
        u1_0.member_expire_time,
        u1_0.member_level,
        u1_0.nickname,
        u1_0.openid,
        u1_0.phone,
        u1_0.points,
        u1_0.remaining_visits,
        u1_0.role,
        u1_0.total_visits,
        u1_0.updated_at 
    from
        users u1_0 
    where
        u1_0.id=?
2026-01-16 12:24:40.871 - 
    select
        po1_0.id,
        po1_0.card_end_date,
        po1_0.card_start_date,
        po1_0.card_status,
        po1_0.created_at,
        po1_0.order_no,
        po1_0.package_id,
        po1_0.package_name,
        po1_0.payment_method,
        po1_0.payment_time,
        po1_0.price,
        po1_0.remaining_times,
        po1_0.status,
        po1_0.transaction_type,
        po1_0.updated_at,
        po1_0.user_id 
    from
        payment_orders po1_0 
    where
        po1_0.user_id=? 
        and po1_0.status=?
2026-01-16 12:24:40.871 - 
    select
        mp1_0.id,
        mp1_0.avg_price_per_time,
        mp1_0.badge,
        mp1_0.category,
        mp1_0.code,
        mp1_0.description,
        mp1_0.features,
        mp1_0.is_active,
        mp1_0.name,
        mp1_0.people,
        mp1_0.price,
        mp1_0.sort_order,
        mp1_0.times_per_person,
        mp1_0.validity_days 
    from
        member_packages mp1_0 
    where
        mp1_0.id=?
2026-01-16 12:24:40.872 - 
    select
        bo1_0.id,
        bo1_0.cabin_name,
        bo1_0.consume_time,
        bo1_0.created_at,
        bo1_0.date,
        bo1_0.order_no,
        bo1_0.original_price,
        bo1_0.payment_method,
        bo1_0.payment_order_id,
        bo1_0.payment_status,
        bo1_0.payment_time,
        bo1_0.price,
        bo1_0.seat_name,
        bo1_0.status,
        bo1_0.time_slot,
        bo1_0.updated_at,
        bo1_0.user_id 
    from
        booking_orders bo1_0 
    where
        bo1_0.user_id=? 
    order by
        bo1_0.created_at desc
2026-01-16 12:24:40.878 - 
    select
        u1_0.id,
        u1_0.avatar_url,
        u1_0.created_at,
        u1_0.last_login_time,
        u1_0.member_expire_time,
        u1_0.member_level,
        u1_0.nickname,
        u1_0.openid,
        u1_0.phone,
        u1_0.points,
        u1_0.remaining_visits,
        u1_0.role,
        u1_0.total_visits,
        u1_0.updated_at 
    from
        users u1_0 
    where
        u1_0.id=?
2026-01-16 12:24:40.880 - 
    select
        u1_0.id,
        u1_0.avatar_url,
        u1_0.created_at,
        u1_0.last_login_time,
        u1_0.member_expire_time,
        u1_0.member_level,
        u1_0.nickname,
        u1_0.openid,
        u1_0.phone,
        u1_0.points,
        u1_0.remaining_visits,
        u1_0.role,
        u1_0.total_visits,
        u1_0.updated_at 
    from
        users u1_0 
    where
        u1_0.id=?
2026-01-16 12:24:40.880 - 
    select
        po1_0.id,
        po1_0.card_end_date,
        po1_0.card_start_date,
        po1_0.card_status,
        po1_0.created_at,
        po1_0.order_no,
        po1_0.package_id,
        po1_0.package_name,
        po1_0.payment_method,
        po1_0.payment_time,
        po1_0.price,
        po1_0.remaining_times,
        po1_0.status,
        po1_0.transaction_type,
        po1_0.updated_at,
        po1_0.user_id 
    from
        payment_orders po1_0 
    where
        po1_0.user_id=?
2026-01-16 12:24:40.880 - 
    select
        po1_0.id,
        po1_0.card_end_date,
        po1_0.card_start_date,
        po1_0.card_status,
        po1_0.created_at,
        po1_0.order_no,
        po1_0.package_id,
        po1_0.package_name,
        po1_0.payment_method,
        po1_0.payment_time,
        po1_0.price,
        po1_0.remaining_times,
        po1_0.status,
        po1_0.transaction_type,
        po1_0.updated_at,
        po1_0.user_id 
    from
        payment_orders po1_0 
    where
        po1_0.user_id=? 
        and po1_0.status=?
2026-01-16 12:24:40.883 - 
    select
        bo1_0.id,
        bo1_0.cabin_name,
        bo1_0.consume_time,
        bo1_0.created_at,
        bo1_0.date,
        bo1_0.order_no,
        bo1_0.original_price,
        bo1_0.payment_method,
        bo1_0.payment_order_id,
        bo1_0.payment_status,
        bo1_0.payment_time,
        bo1_0.price,
        bo1_0.seat_name,
        bo1_0.status,
        bo1_0.time_slot,
        bo1_0.updated_at,
        bo1_0.user_id 
    from
        booking_orders bo1_0 
    where
        bo1_0.user_id=? 
    order by
        bo1_0.created_at desc
2026-01-16 12:24:40.883 - 
    select
        mp1_0.id,
        mp1_0.avg_price_per_time,
        mp1_0.badge,
        mp1_0.category,
        mp1_0.code,
        mp1_0.description,
        mp1_0.features,
        mp1_0.is_active,
        mp1_0.name,
        mp1_0.people,
        mp1_0.price,
        mp1_0.sort_order,
        mp1_0.times_per_person,
        mp1_0.validity_days 
    from
        member_packages mp1_0 
    where
        mp1_0.id=?
2026-01-16 12:24:40.889 - 
    select
        u1_0.id,
        u1_0.avatar_url,
        u1_0.created_at,
        u1_0.last_login_time,
        u1_0.member_expire_time,
        u1_0.member_level,
        u1_0.nickname,
        u1_0.openid,
        u1_0.phone,
        u1_0.points,
        u1_0.remaining_visits,
        u1_0.role,
        u1_0.total_visits,
        u1_0.updated_at 
    from
        users u1_0 
    where
        u1_0.id=?
2026-01-16 12:24:40.892 - 
    select
        po1_0.id,
        po1_0.card_end_date,
        po1_0.card_start_date,
        po1_0.card_status,
        po1_0.created_at,
        po1_0.order_no,
        po1_0.package_id,
        po1_0.package_name,
        po1_0.payment_method,
        po1_0.payment_time,
        po1_0.price,
        po1_0.remaining_times,
        po1_0.status,
        po1_0.transaction_type,
        po1_0.updated_at,
        po1_0.user_id 
    from
        payment_orders po1_0 
    where
        po1_0.user_id=? 
        and po1_0.status=?
2026-01-16 12:24:40.902 - 
    select
        u1_0.id,
        u1_0.avatar_url,
        u1_0.created_at,
        u1_0.last_login_time,
        u1_0.member_expire_time,
        u1_0.member_level,
        u1_0.nickname,
        u1_0.openid,
        u1_0.phone,
        u1_0.points,
        u1_0.remaining_visits,
        u1_0.role,
        u1_0.total_visits,
        u1_0.updated_at 
    from
        users u1_0 
    where
        u1_0.id=?
2026-01-16 12:24:40.906 - 
    select
        po1_0.id,
        po1_0.card_end_date,
        po1_0.card_start_date,
        po1_0.card_status,
        po1_0.created_at,
        po1_0.order_no,
        po1_0.package_id,
        po1_0.package_name,
        po1_0.payment_method,
        po1_0.payment_time,
        po1_0.price,
        po1_0.remaining_times,
        po1_0.status,
        po1_0.transaction_type,
        po1_0.updated_at,
        po1_0.user_id 
    from
        payment_orders po1_0 
    where
        po1_0.user_id=? 
        and po1_0.status=?
2026-01-16 12:24:44.197 - 
    select
        u1_0.id,
        u1_0.avatar_url,
        u1_0.created_at,
        u1_0.last_login_time,
        u1_0.member_expire_time,
        u1_0.member_level,
        u1_0.nickname,
        u1_0.openid,
        u1_0.phone,
        u1_0.points,
        u1_0.remaining_visits,
        u1_0.role,
        u1_0.total_visits,
        u1_0.updated_at 
    from
        users u1_0 
    where
        u1_0.id=?
2026-01-16 12:24:44.199 - 
    select
        bo1_0.id,
        bo1_0.cabin_name,
        bo1_0.consume_time,
        bo1_0.created_at,
        bo1_0.date,
        bo1_0.order_no,
        bo1_0.original_price,
        bo1_0.payment_method,
        bo1_0.payment_order_id,
        bo1_0.payment_status,
        bo1_0.payment_time,
        bo1_0.price,
        bo1_0.seat_name,
        bo1_0.status,
        bo1_0.time_slot,
        bo1_0.updated_at,
        bo1_0.user_id 
    from
        booking_orders bo1_0 
    where
        bo1_0.id=?
2026-01-16 12:24:44.202 - 
    update
        booking_orders 
    set
        cabin_name=?,
        consume_time=?,
        created_at=?,
        date=?,
        order_no=?,
        original_price=?,
        payment_method=?,
        payment_order_id=?,
        payment_status=?,
        payment_time=?,
        price=?,
        seat_name=?,
        status=?,
        time_slot=?,
        updated_at=?,
        user_id=? 
    where
        id=?
2026-01-16 12:24:44.226 - 
    select
        u1_0.id,
        u1_0.avatar_url,
        u1_0.created_at,
        u1_0.last_login_time,
        u1_0.member_expire_time,
        u1_0.member_level,
        u1_0.nickname,
        u1_0.openid,
        u1_0.phone,
        u1_0.points,
        u1_0.remaining_visits,
        u1_0.role,
        u1_0.total_visits,
        u1_0.updated_at 
    from
        users u1_0 
    where
        u1_0.id=?
2026-01-16 12:24:44.230 - 
    select
        bo1_0.id,
        bo1_0.cabin_name,
        bo1_0.consume_time,
        bo1_0.created_at,
        bo1_0.date,
        bo1_0.order_no,
        bo1_0.original_price,
        bo1_0.payment_method,
        bo1_0.payment_order_id,
        bo1_0.payment_status,
        bo1_0.payment_time,
        bo1_0.price,
        bo1_0.seat_name,
        bo1_0.status,
        bo1_0.time_slot,
        bo1_0.updated_at,
        bo1_0.user_id 
    from
        booking_orders bo1_0 
    where
        bo1_0.user_id=? 
    order by
        bo1_0.created_at desc
2026-01-16 12:24:45.675 - 
    select
        po1_0.id,
        po1_0.card_end_date,
        po1_0.card_start_date,
        po1_0.card_status,
        po1_0.created_at,
        po1_0.order_no,
        po1_0.package_id,
        po1_0.package_name,
        po1_0.payment_method,
        po1_0.payment_time,
        po1_0.price,
        po1_0.remaining_times,
        po1_0.status,
        po1_0.transaction_type,
        po1_0.updated_at,
        po1_0.user_id 
    from
        payment_orders po1_0 
    where
        po1_0.user_id=?
2026-01-16 12:24:45.677 - 
    select
        mp1_0.id,
        mp1_0.avg_price_per_time,
        mp1_0.badge,
        mp1_0.category,
        mp1_0.code,
        mp1_0.description,
        mp1_0.features,
        mp1_0.is_active,
        mp1_0.name,
        mp1_0.people,
        mp1_0.price,
        mp1_0.sort_order,
        mp1_0.times_per_person,
        mp1_0.validity_days 
    from
        member_packages mp1_0 
    where
        mp1_0.id=?
2026-01-16 12:24:45.685 - 
    select
        po1_0.id,
        po1_0.card_end_date,
        po1_0.card_start_date,
        po1_0.card_status,
        po1_0.created_at,
        po1_0.order_no,
        po1_0.package_id,
        po1_0.package_name,
        po1_0.payment_method,
        po1_0.payment_time,
        po1_0.price,
        po1_0.remaining_times,
        po1_0.status,
        po1_0.transaction_type,
        po1_0.updated_at,
        po1_0.user_id 
    from
        payment_orders po1_0 
    where
        po1_0.user_id=?
2026-01-16 12:24:45.688 - 
    select
        mp1_0.id,
        mp1_0.avg_price_per_time,
        mp1_0.badge,
        mp1_0.category,
        mp1_0.code,
        mp1_0.description,
        mp1_0.features,
        mp1_0.is_active,
        mp1_0.name,
        mp1_0.people,
        mp1_0.price,
        mp1_0.sort_order,
        mp1_0.times_per_person,
        mp1_0.validity_days 
    from
        member_packages mp1_0 
    where
        mp1_0.id=?
2026-01-16 12:24:47.186 - 
    select
        bo1_0.id,
        bo1_0.cabin_name,
        bo1_0.consume_time,
        bo1_0.created_at,
        bo1_0.date,
        bo1_0.order_no,
        bo1_0.original_price,
        bo1_0.payment_method,
        bo1_0.payment_order_id,
        bo1_0.payment_status,
        bo1_0.payment_time,
        bo1_0.price,
        bo1_0.seat_name,
        bo1_0.status,
        bo1_0.time_slot,
        bo1_0.updated_at,
        bo1_0.user_id 
    from
        booking_orders bo1_0 
    where
        bo1_0.date=? 
        and bo1_0.time_slot=?
2026-01-16 12:26:55.653 - 
    select
        mp1_0.id,
        mp1_0.avg_price_per_time,
        mp1_0.badge,
        mp1_0.category,
        mp1_0.code,
        mp1_0.description,
        mp1_0.features,
        mp1_0.is_active,
        mp1_0.name,
        mp1_0.people,
        mp1_0.price,
        mp1_0.sort_order,
        mp1_0.times_per_person,
        mp1_0.validity_days 
    from
        member_packages mp1_0 
    where
        mp1_0.code=?
2026-01-16 12:26:55.664 - 
    select
        mp1_0.id,
        mp1_0.avg_price_per_time,
        mp1_0.badge,
        mp1_0.category,
        mp1_0.code,
        mp1_0.description,
        mp1_0.features,
        mp1_0.is_active,
        mp1_0.name,
        mp1_0.people,
        mp1_0.price,
        mp1_0.sort_order,
        mp1_0.times_per_person,
        mp1_0.validity_days 
    from
        member_packages mp1_0 
    where
        mp1_0.code=?
2026-01-16 12:26:55.666 - 
    select
        mp1_0.id,
        mp1_0.avg_price_per_time,
        mp1_0.badge,
        mp1_0.category,
        mp1_0.code,
        mp1_0.description,
        mp1_0.features,
        mp1_0.is_active,
        mp1_0.name,
        mp1_0.people,
        mp1_0.price,
        mp1_0.sort_order,
        mp1_0.times_per_person,
        mp1_0.validity_days 
    from
        member_packages mp1_0 
    where
        mp1_0.code=?
2026-01-16 12:26:55.667 - 
    select
        mp1_0.id,
        mp1_0.avg_price_per_time,
        mp1_0.badge,
        mp1_0.category,
        mp1_0.code,
        mp1_0.description,
        mp1_0.features,
        mp1_0.is_active,
        mp1_0.name,
        mp1_0.people,
        mp1_0.price,
        mp1_0.sort_order,
        mp1_0.times_per_person,
        mp1_0.validity_days 
    from
        member_packages mp1_0 
    where
        mp1_0.code=?
2026-01-16 12:26:55.669 - 
    select
        mp1_0.id,
        mp1_0.avg_price_per_time,
        mp1_0.badge,
        mp1_0.category,
        mp1_0.code,
        mp1_0.description,
        mp1_0.features,
        mp1_0.is_active,
        mp1_0.name,
        mp1_0.people,
        mp1_0.price,
        mp1_0.sort_order,
        mp1_0.times_per_person,
        mp1_0.validity_days 
    from
        member_packages mp1_0 
    where
        mp1_0.code=?
2026-01-16 12:26:55.675 - 
    select
        mp1_0.id,
        mp1_0.avg_price_per_time,
        mp1_0.badge,
        mp1_0.category,
        mp1_0.code,
        mp1_0.description,
        mp1_0.features,
        mp1_0.is_active,
        mp1_0.name,
        mp1_0.people,
        mp1_0.price,
        mp1_0.sort_order,
        mp1_0.times_per_person,
        mp1_0.validity_days 
    from
        member_packages mp1_0 
    where
        mp1_0.code=?
2026-01-16 12:26:55.678 - 
    select
        mp1_0.id,
        mp1_0.avg_price_per_time,
        mp1_0.badge,
        mp1_0.category,
        mp1_0.code,
        mp1_0.description,
        mp1_0.features,
        mp1_0.is_active,
        mp1_0.name,
        mp1_0.people,
        mp1_0.price,
        mp1_0.sort_order,
        mp1_0.times_per_person,
        mp1_0.validity_days 
    from
        member_packages mp1_0 
    where
        mp1_0.code=?
2026-01-16 12:26:55.681 - 
    select
        mp1_0.id,
        mp1_0.avg_price_per_time,
        mp1_0.badge,
        mp1_0.category,
        mp1_0.code,
        mp1_0.description,
        mp1_0.features,
        mp1_0.is_active,
        mp1_0.name,
        mp1_0.people,
        mp1_0.price,
        mp1_0.sort_order,
        mp1_0.times_per_person,
        mp1_0.validity_days 
    from
        member_packages mp1_0 
    where
        mp1_0.code=?
2026-01-16 12:26:55.684 - 
    select
        mp1_0.id,
        mp1_0.avg_price_per_time,
        mp1_0.badge,
        mp1_0.category,
        mp1_0.code,
        mp1_0.description,
        mp1_0.features,
        mp1_0.is_active,
        mp1_0.name,
        mp1_0.people,
        mp1_0.price,
        mp1_0.sort_order,
        mp1_0.times_per_person,
        mp1_0.validity_days 
    from
        member_packages mp1_0 
    where
        mp1_0.code=?
2026-01-16 12:26:55.687 - 
    select
        mp1_0.id,
        mp1_0.avg_price_per_time,
        mp1_0.badge,
        mp1_0.category,
        mp1_0.code,
        mp1_0.description,
        mp1_0.features,
        mp1_0.is_active,
        mp1_0.name,
        mp1_0.people,
        mp1_0.price,
        mp1_0.sort_order,
        mp1_0.times_per_person,
        mp1_0.validity_days 
    from
        member_packages mp1_0 
    where
        mp1_0.code=?
2026-01-16 12:27:11.832 - 
    select
        mp1_0.id,
        mp1_0.avg_price_per_time,
        mp1_0.badge,
        mp1_0.category,
        mp1_0.code,
        mp1_0.description,
        mp1_0.features,
        mp1_0.is_active,
        mp1_0.name,
        mp1_0.people,
        mp1_0.price,
        mp1_0.sort_order,
        mp1_0.times_per_person,
        mp1_0.validity_days 
    from
        member_packages mp1_0 
    where
        mp1_0.is_active 
    order by
        mp1_0.sort_order
2026-01-16 12:27:13.459 - 
    select
        po1_0.id,
        po1_0.card_end_date,
        po1_0.card_start_date,
        po1_0.card_status,
        po1_0.created_at,
        po1_0.order_no,
        po1_0.package_id,
        po1_0.package_name,
        po1_0.payment_method,
        po1_0.payment_time,
        po1_0.price,
        po1_0.remaining_times,
        po1_0.status,
        po1_0.transaction_type,
        po1_0.updated_at,
        po1_0.user_id 
    from
        payment_orders po1_0 
    where
        po1_0.user_id=?
2026-01-16 12:27:13.493 - 
    select
        mp1_0.id,
        mp1_0.avg_price_per_time,
        mp1_0.badge,
        mp1_0.category,
        mp1_0.code,
        mp1_0.description,
        mp1_0.features,
        mp1_0.is_active,
        mp1_0.name,
        mp1_0.people,
        mp1_0.price,
        mp1_0.sort_order,
        mp1_0.times_per_person,
        mp1_0.validity_days 
    from
        member_packages mp1_0 
    where
        mp1_0.id=?
2026-01-16 12:27:13.521 - 
    select
        po1_0.id,
        po1_0.card_end_date,
        po1_0.card_start_date,
        po1_0.card_status,
        po1_0.created_at,
        po1_0.order_no,
        po1_0.package_id,
        po1_0.package_name,
        po1_0.payment_method,
        po1_0.payment_time,
        po1_0.price,
        po1_0.remaining_times,
        po1_0.status,
        po1_0.transaction_type,
        po1_0.updated_at,
        po1_0.user_id 
    from
        payment_orders po1_0 
    where
        po1_0.user_id=?
2026-01-16 12:27:13.551 - 
    select
        mp1_0.id,
        mp1_0.avg_price_per_time,
        mp1_0.badge,
        mp1_0.category,
        mp1_0.code,
        mp1_0.description,
        mp1_0.features,
        mp1_0.is_active,
        mp1_0.name,
        mp1_0.people,
        mp1_0.price,
        mp1_0.sort_order,
        mp1_0.times_per_person,
        mp1_0.validity_days 
    from
        member_packages mp1_0 
    where
        mp1_0.id=?
2026-01-16 12:27:15.036 - 
    select
        bo1_0.id,
        bo1_0.cabin_name,
        bo1_0.consume_time,
        bo1_0.created_at,
        bo1_0.date,
        bo1_0.order_no,
        bo1_0.original_price,
        bo1_0.payment_method,
        bo1_0.payment_order_id,
        bo1_0.payment_status,
        bo1_0.payment_time,
        bo1_0.price,
        bo1_0.seat_name,
        bo1_0.status,
        bo1_0.time_slot,
        bo1_0.updated_at,
        bo1_0.user_id 
    from
        booking_orders bo1_0 
    where
        bo1_0.date=? 
        and bo1_0.time_slot=? 
        and bo1_0.status!=?
2026-01-16 12:27:16.587 - 
    select
        po1_0.id,
        po1_0.card_end_date,
        po1_0.card_start_date,
        po1_0.card_status,
        po1_0.created_at,
        po1_0.order_no,
        po1_0.package_id,
        po1_0.package_name,
        po1_0.payment_method,
        po1_0.payment_time,
        po1_0.price,
        po1_0.remaining_times,
        po1_0.status,
        po1_0.transaction_type,
        po1_0.updated_at,
        po1_0.user_id 
    from
        payment_orders po1_0 
    where
        po1_0.user_id=?
2026-01-16 12:27:16.593 - 
    select
        mp1_0.id,
        mp1_0.avg_price_per_time,
        mp1_0.badge,
        mp1_0.category,
        mp1_0.code,
        mp1_0.description,
        mp1_0.features,
        mp1_0.is_active,
        mp1_0.name,
        mp1_0.people,
        mp1_0.price,
        mp1_0.sort_order,
        mp1_0.times_per_person,
        mp1_0.validity_days 
    from
        member_packages mp1_0 
    where
        mp1_0.id=?
2026-01-16 12:27:16.644 - 
    select
        u1_0.id,
        u1_0.avatar_url,
        u1_0.created_at,
        u1_0.last_login_time,
        u1_0.member_expire_time,
        u1_0.member_level,
        u1_0.nickname,
        u1_0.openid,
        u1_0.phone,
        u1_0.points,
        u1_0.remaining_visits,
        u1_0.role,
        u1_0.total_visits,
        u1_0.updated_at 
    from
        users u1_0 
    where
        u1_0.id=?
2026-01-16 12:27:16.652 - 
    select
        bo1_0.id,
        bo1_0.cabin_name,
        bo1_0.consume_time,
        bo1_0.created_at,
        bo1_0.date,
        bo1_0.order_no,
        bo1_0.original_price,
        bo1_0.payment_method,
        bo1_0.payment_order_id,
        bo1_0.payment_status,
        bo1_0.payment_time,
        bo1_0.price,
        bo1_0.seat_name,
        bo1_0.status,
        bo1_0.time_slot,
        bo1_0.updated_at,
        bo1_0.user_id 
    from
        booking_orders bo1_0 
    where
        bo1_0.user_id=? 
        and bo1_0.date=? 
        and bo1_0.status!=?
2026-01-16 12:27:16.694 - 
    select
        u1_0.id,
        u1_0.avatar_url,
        u1_0.created_at,
        u1_0.last_login_time,
        u1_0.member_expire_time,
        u1_0.member_level,
        u1_0.nickname,
        u1_0.openid,
        u1_0.phone,
        u1_0.points,
        u1_0.remaining_visits,
        u1_0.role,
        u1_0.total_visits,
        u1_0.updated_at 
    from
        users u1_0 
    where
        u1_0.id=?
2026-01-16 12:27:16.697 - 
    select
        bo1_0.id,
        bo1_0.cabin_name,
        bo1_0.consume_time,
        bo1_0.created_at,
        bo1_0.date,
        bo1_0.order_no,
        bo1_0.original_price,
        bo1_0.payment_method,
        bo1_0.payment_order_id,
        bo1_0.payment_status,
        bo1_0.payment_time,
        bo1_0.price,
        bo1_0.seat_name,
        bo1_0.status,
        bo1_0.time_slot,
        bo1_0.updated_at,
        bo1_0.user_id 
    from
        booking_orders bo1_0 
    where
        bo1_0.user_id=? 
        and bo1_0.date=? 
        and bo1_0.status!=?
2026-01-16 12:27:16.701 - 
    select
        bo1_0.id,
        bo1_0.cabin_name,
        bo1_0.consume_time,
        bo1_0.created_at,
        bo1_0.date,
        bo1_0.order_no,
        bo1_0.original_price,
        bo1_0.payment_method,
        bo1_0.payment_order_id,
        bo1_0.payment_status,
        bo1_0.payment_time,
        bo1_0.price,
        bo1_0.seat_name,
        bo1_0.status,
        bo1_0.time_slot,
        bo1_0.updated_at,
        bo1_0.user_id 
    from
        booking_orders bo1_0 
    where
        bo1_0.date=? 
        and bo1_0.time_slot=? 
        and bo1_0.cabin_name=? 
        and bo1_0.seat_name=? 
        and bo1_0.status!=?
2026-01-16 12:27:16.704 - 
    select
        po1_0.id,
        po1_0.card_end_date,
        po1_0.card_start_date,
        po1_0.card_status,
        po1_0.created_at,
        po1_0.order_no,
        po1_0.package_id,
        po1_0.package_name,
        po1_0.payment_method,
        po1_0.payment_time,
        po1_0.price,
        po1_0.remaining_times,
        po1_0.status,
        po1_0.transaction_type,
        po1_0.updated_at,
        po1_0.user_id 
    from
        payment_orders po1_0 
    where
        po1_0.user_id=?
2026-01-16 12:27:16.708 - 
    select
        mp1_0.id,
        mp1_0.avg_price_per_time,
        mp1_0.badge,
        mp1_0.category,
        mp1_0.code,
        mp1_0.description,
        mp1_0.features,
        mp1_0.is_active,
        mp1_0.name,
        mp1_0.people,
        mp1_0.price,
        mp1_0.sort_order,
        mp1_0.times_per_person,
        mp1_0.validity_days 
    from
        member_packages mp1_0 
    where
        mp1_0.id=?
2026-01-16 12:27:16.748 - 
    insert 
    into
        booking_orders
        (cabin_name, consume_time, created_at, date, order_no, original_price, payment_method, payment_order_id, payment_status, payment_time, price, seat_name, status, time_slot, updated_at, user_id) 
    values
        (?, ?, ?, ?, ?, ?, ?, ?, ?, ?, ?, ?, ?, ?, ?, ?)
2026-01-16 12:27:18.265 - 
    select
        po1_0.id,
        po1_0.card_end_date,
        po1_0.card_start_date,
        po1_0.card_status,
        po1_0.created_at,
        po1_0.order_no,
        po1_0.package_id,
        po1_0.package_name,
        po1_0.payment_method,
        po1_0.payment_time,
        po1_0.price,
        po1_0.remaining_times,
        po1_0.status,
        po1_0.transaction_type,
        po1_0.updated_at,
        po1_0.user_id 
    from
        payment_orders po1_0 
    where
        po1_0.user_id=?
2026-01-16 12:27:18.266 - 
    select
        u1_0.id,
        u1_0.avatar_url,
        u1_0.created_at,
        u1_0.last_login_time,
        u1_0.member_expire_time,
        u1_0.member_level,
        u1_0.nickname,
        u1_0.openid,
        u1_0.phone,
        u1_0.points,
        u1_0.remaining_visits,
        u1_0.role,
        u1_0.total_visits,
        u1_0.updated_at 
    from
        users u1_0 
    where
        u1_0.id=?
2026-01-16 12:27:18.266 - 
    select
        u1_0.id,
        u1_0.avatar_url,
        u1_0.created_at,
        u1_0.last_login_time,
        u1_0.member_expire_time,
        u1_0.member_level,
        u1_0.nickname,
        u1_0.openid,
        u1_0.phone,
        u1_0.points,
        u1_0.remaining_visits,
        u1_0.role,
        u1_0.total_visits,
        u1_0.updated_at 
    from
        users u1_0 
    where
        u1_0.id=?
2026-01-16 12:27:18.270 - 
    select
        mp1_0.id,
        mp1_0.avg_price_per_time,
        mp1_0.badge,
        mp1_0.category,
        mp1_0.code,
        mp1_0.description,
        mp1_0.features,
        mp1_0.is_active,
        mp1_0.name,
        mp1_0.people,
        mp1_0.price,
        mp1_0.sort_order,
        mp1_0.times_per_person,
        mp1_0.validity_days 
    from
        member_packages mp1_0 
    where
        mp1_0.id=?
2026-01-16 12:27:18.270 - 
    select
        po1_0.id,
        po1_0.card_end_date,
        po1_0.card_start_date,
        po1_0.card_status,
        po1_0.created_at,
        po1_0.order_no,
        po1_0.package_id,
        po1_0.package_name,
        po1_0.payment_method,
        po1_0.payment_time,
        po1_0.price,
        po1_0.remaining_times,
        po1_0.status,
        po1_0.transaction_type,
        po1_0.updated_at,
        po1_0.user_id 
    from
        payment_orders po1_0 
    where
        po1_0.user_id=? 
        and po1_0.status=?
2026-01-16 12:27:18.271 - 
    select
        bo1_0.id,
        bo1_0.cabin_name,
        bo1_0.consume_time,
        bo1_0.created_at,
        bo1_0.date,
        bo1_0.order_no,
        bo1_0.original_price,
        bo1_0.payment_method,
        bo1_0.payment_order_id,
        bo1_0.payment_status,
        bo1_0.payment_time,
        bo1_0.price,
        bo1_0.seat_name,
        bo1_0.status,
        bo1_0.time_slot,
        bo1_0.updated_at,
        bo1_0.user_id 
    from
        booking_orders bo1_0 
    where
        bo1_0.user_id=? 
    order by
        bo1_0.created_at desc
2026-01-16 12:27:18.278 - 
    select
        po1_0.id,
        po1_0.card_end_date,
        po1_0.card_start_date,
        po1_0.card_status,
        po1_0.created_at,
        po1_0.order_no,
        po1_0.package_id,
        po1_0.package_name,
        po1_0.payment_method,
        po1_0.payment_time,
        po1_0.price,
        po1_0.remaining_times,
        po1_0.status,
        po1_0.transaction_type,
        po1_0.updated_at,
        po1_0.user_id 
    from
        payment_orders po1_0 
    where
        po1_0.user_id=?
2026-01-16 12:27:18.279 - 
    select
        u1_0.id,
        u1_0.avatar_url,
        u1_0.created_at,
        u1_0.last_login_time,
        u1_0.member_expire_time,
        u1_0.member_level,
        u1_0.nickname,
        u1_0.openid,
        u1_0.phone,
        u1_0.points,
        u1_0.remaining_visits,
        u1_0.role,
        u1_0.total_visits,
        u1_0.updated_at 
    from
        users u1_0 
    where
        u1_0.id=?
2026-01-16 12:27:18.282 - 
    select
        mp1_0.id,
        mp1_0.avg_price_per_time,
        mp1_0.badge,
        mp1_0.category,
        mp1_0.code,
        mp1_0.description,
        mp1_0.features,
        mp1_0.is_active,
        mp1_0.name,
        mp1_0.people,
        mp1_0.price,
        mp1_0.sort_order,
        mp1_0.times_per_person,
        mp1_0.validity_days 
    from
        member_packages mp1_0 
    where
        mp1_0.id=?
2026-01-16 12:27:18.283 - 
    select
        po1_0.id,
        po1_0.card_end_date,
        po1_0.card_start_date,
        po1_0.card_status,
        po1_0.created_at,
        po1_0.order_no,
        po1_0.package_id,
        po1_0.package_name,
        po1_0.payment_method,
        po1_0.payment_time,
        po1_0.price,
        po1_0.remaining_times,
        po1_0.status,
        po1_0.transaction_type,
        po1_0.updated_at,
        po1_0.user_id 
    from
        payment_orders po1_0 
    where
        po1_0.user_id=? 
        and po1_0.status=?
2026-01-16 12:27:18.283 - 
    select
        u1_0.id,
        u1_0.avatar_url,
        u1_0.created_at,
        u1_0.last_login_time,
        u1_0.member_expire_time,
        u1_0.member_level,
        u1_0.nickname,
        u1_0.openid,
        u1_0.phone,
        u1_0.points,
        u1_0.remaining_visits,
        u1_0.role,
        u1_0.total_visits,
        u1_0.updated_at 
    from
        users u1_0 
    where
        u1_0.id=?
2026-01-16 12:27:18.295 - 
    select
        bo1_0.id,
        bo1_0.cabin_name,
        bo1_0.consume_time,
        bo1_0.created_at,
        bo1_0.date,
        bo1_0.order_no,
        bo1_0.original_price,
        bo1_0.payment_method,
        bo1_0.payment_order_id,
        bo1_0.payment_status,
        bo1_0.payment_time,
        bo1_0.price,
        bo1_0.seat_name,
        bo1_0.status,
        bo1_0.time_slot,
        bo1_0.updated_at,
        bo1_0.user_id 
    from
        booking_orders bo1_0 
    where
        bo1_0.user_id=? 
    order by
        bo1_0.created_at desc
2026-01-16 12:27:18.315 - 
    select
        u1_0.id,
        u1_0.avatar_url,
        u1_0.created_at,
        u1_0.last_login_time,
        u1_0.member_expire_time,
        u1_0.member_level,
        u1_0.nickname,
        u1_0.openid,
        u1_0.phone,
        u1_0.points,
        u1_0.remaining_visits,
        u1_0.role,
        u1_0.total_visits,
        u1_0.updated_at 
    from
        users u1_0 
    where
        u1_0.id=?
2026-01-16 12:27:18.326 - 
    select
        po1_0.id,
        po1_0.card_end_date,
        po1_0.card_start_date,
        po1_0.card_status,
        po1_0.created_at,
        po1_0.order_no,
        po1_0.package_id,
        po1_0.package_name,
        po1_0.payment_method,
        po1_0.payment_time,
        po1_0.price,
        po1_0.remaining_times,
        po1_0.status,
        po1_0.transaction_type,
        po1_0.updated_at,
        po1_0.user_id 
    from
        payment_orders po1_0 
    where
        po1_0.user_id=? 
        and po1_0.status=?
2026-01-16 12:27:18.418 - 
    select
        u1_0.id,
        u1_0.avatar_url,
        u1_0.created_at,
        u1_0.last_login_time,
        u1_0.member_expire_time,
        u1_0.member_level,
        u1_0.nickname,
        u1_0.openid,
        u1_0.phone,
        u1_0.points,
        u1_0.remaining_visits,
        u1_0.role,
        u1_0.total_visits,
        u1_0.updated_at 
    from
        users u1_0 
    where
        u1_0.id=?
2026-01-16 12:27:18.421 - 
    select
        po1_0.id,
        po1_0.card_end_date,
        po1_0.card_start_date,
        po1_0.card_status,
        po1_0.created_at,
        po1_0.order_no,
        po1_0.package_id,
        po1_0.package_name,
        po1_0.payment_method,
        po1_0.payment_time,
        po1_0.price,
        po1_0.remaining_times,
        po1_0.status,
        po1_0.transaction_type,
        po1_0.updated_at,
        po1_0.user_id 
    from
        payment_orders po1_0 
    where
        po1_0.user_id=? 
        and po1_0.status=?
2026-01-16 12:27:18.919 - 
    select
        po1_0.id,
        po1_0.card_end_date,
        po1_0.card_start_date,
        po1_0.card_status,
        po1_0.created_at,
        po1_0.order_no,
        po1_0.package_id,
        po1_0.package_name,
        po1_0.payment_method,
        po1_0.payment_time,
        po1_0.price,
        po1_0.remaining_times,
        po1_0.status,
        po1_0.transaction_type,
        po1_0.updated_at,
        po1_0.user_id 
    from
        payment_orders po1_0 
    where
        po1_0.user_id=?
2026-01-16 12:27:18.920 - 
    select
        u1_0.id,
        u1_0.avatar_url,
        u1_0.created_at,
        u1_0.last_login_time,
        u1_0.member_expire_time,
        u1_0.member_level,
        u1_0.nickname,
        u1_0.openid,
        u1_0.phone,
        u1_0.points,
        u1_0.remaining_visits,
        u1_0.role,
        u1_0.total_visits,
        u1_0.updated_at 
    from
        users u1_0 
    where
        u1_0.id=?
2026-01-16 12:27:18.922 - 
    select
        mp1_0.id,
        mp1_0.avg_price_per_time,
        mp1_0.badge,
        mp1_0.category,
        mp1_0.code,
        mp1_0.description,
        mp1_0.features,
        mp1_0.is_active,
        mp1_0.name,
        mp1_0.people,
        mp1_0.price,
        mp1_0.sort_order,
        mp1_0.times_per_person,
        mp1_0.validity_days 
    from
        member_packages mp1_0 
    where
        mp1_0.id=?
2026-01-16 12:27:18.923 - 
    select
        po1_0.id,
        po1_0.card_end_date,
        po1_0.card_start_date,
        po1_0.card_status,
        po1_0.created_at,
        po1_0.order_no,
        po1_0.package_id,
        po1_0.package_name,
        po1_0.payment_method,
        po1_0.payment_time,
        po1_0.price,
        po1_0.remaining_times,
        po1_0.status,
        po1_0.transaction_type,
        po1_0.updated_at,
        po1_0.user_id 
    from
        payment_orders po1_0 
    where
        po1_0.user_id=? 
        and po1_0.status=?
2026-01-16 12:27:18.923 - 
    select
        u1_0.id,
        u1_0.avatar_url,
        u1_0.created_at,
        u1_0.last_login_time,
        u1_0.member_expire_time,
        u1_0.member_level,
        u1_0.nickname,
        u1_0.openid,
        u1_0.phone,
        u1_0.points,
        u1_0.remaining_visits,
        u1_0.role,
        u1_0.total_visits,
        u1_0.updated_at 
    from
        users u1_0 
    where
        u1_0.id=?
2026-01-16 12:27:18.926 - 
    select
        bo1_0.id,
        bo1_0.cabin_name,
        bo1_0.consume_time,
        bo1_0.created_at,
        bo1_0.date,
        bo1_0.order_no,
        bo1_0.original_price,
        bo1_0.payment_method,
        bo1_0.payment_order_id,
        bo1_0.payment_status,
        bo1_0.payment_time,
        bo1_0.price,
        bo1_0.seat_name,
        bo1_0.status,
        bo1_0.time_slot,
        bo1_0.updated_at,
        bo1_0.user_id 
    from
        booking_orders bo1_0 
    where
        bo1_0.user_id=? 
    order by
        bo1_0.created_at desc
2026-01-16 12:27:18.938 - 
    select
        u1_0.id,
        u1_0.avatar_url,
        u1_0.created_at,
        u1_0.last_login_time,
        u1_0.member_expire_time,
        u1_0.member_level,
        u1_0.nickname,
        u1_0.openid,
        u1_0.phone,
        u1_0.points,
        u1_0.remaining_visits,
        u1_0.role,
        u1_0.total_visits,
        u1_0.updated_at 
    from
        users u1_0 
    where
        u1_0.id=?
2026-01-16 12:27:18.943 - 
    select
        po1_0.id,
        po1_0.card_end_date,
        po1_0.card_start_date,
        po1_0.card_status,
        po1_0.created_at,
        po1_0.order_no,
        po1_0.package_id,
        po1_0.package_name,
        po1_0.payment_method,
        po1_0.payment_time,
        po1_0.price,
        po1_0.remaining_times,
        po1_0.status,
        po1_0.transaction_type,
        po1_0.updated_at,
        po1_0.user_id 
    from
        payment_orders po1_0 
    where
        po1_0.user_id=?
2026-01-16 12:27:18.943 - 
    select
        po1_0.id,
        po1_0.card_end_date,
        po1_0.card_start_date,
        po1_0.card_status,
        po1_0.created_at,
        po1_0.order_no,
        po1_0.package_id,
        po1_0.package_name,
        po1_0.payment_method,
        po1_0.payment_time,
        po1_0.price,
        po1_0.remaining_times,
        po1_0.status,
        po1_0.transaction_type,
        po1_0.updated_at,
        po1_0.user_id 
    from
        payment_orders po1_0 
    where
        po1_0.user_id=? 
        and po1_0.status=?
2026-01-16 12:27:18.945 - 
    select
        mp1_0.id,
        mp1_0.avg_price_per_time,
        mp1_0.badge,
        mp1_0.category,
        mp1_0.code,
        mp1_0.description,
        mp1_0.features,
        mp1_0.is_active,
        mp1_0.name,
        mp1_0.people,
        mp1_0.price,
        mp1_0.sort_order,
        mp1_0.times_per_person,
        mp1_0.validity_days 
    from
        member_packages mp1_0 
    where
        mp1_0.id=?
2026-01-16 12:27:18.957 - 
    select
        u1_0.id,
        u1_0.avatar_url,
        u1_0.created_at,
        u1_0.last_login_time,
        u1_0.member_expire_time,
        u1_0.member_level,
        u1_0.nickname,
        u1_0.openid,
        u1_0.phone,
        u1_0.points,
        u1_0.remaining_visits,
        u1_0.role,
        u1_0.total_visits,
        u1_0.updated_at 
    from
        users u1_0 
    where
        u1_0.id=?
2026-01-16 12:27:18.961 - 
    select
        bo1_0.id,
        bo1_0.cabin_name,
        bo1_0.consume_time,
        bo1_0.created_at,
        bo1_0.date,
        bo1_0.order_no,
        bo1_0.original_price,
        bo1_0.payment_method,
        bo1_0.payment_order_id,
        bo1_0.payment_status,
        bo1_0.payment_time,
        bo1_0.price,
        bo1_0.seat_name,
        bo1_0.status,
        bo1_0.time_slot,
        bo1_0.updated_at,
        bo1_0.user_id 
    from
        booking_orders bo1_0 
    where
        bo1_0.user_id=? 
    order by
        bo1_0.created_at desc
2026-01-16 12:27:18.977 - 
    select
        u1_0.id,
        u1_0.avatar_url,
        u1_0.created_at,
        u1_0.last_login_time,
        u1_0.member_expire_time,
        u1_0.member_level,
        u1_0.nickname,
        u1_0.openid,
        u1_0.phone,
        u1_0.points,
        u1_0.remaining_visits,
        u1_0.role,
        u1_0.total_visits,
        u1_0.updated_at 
    from
        users u1_0 
    where
        u1_0.id=?
2026-01-16 12:27:18.982 - 
    select
        po1_0.id,
        po1_0.card_end_date,
        po1_0.card_start_date,
        po1_0.card_status,
        po1_0.created_at,
        po1_0.order_no,
        po1_0.package_id,
        po1_0.package_name,
        po1_0.payment_method,
        po1_0.payment_time,
        po1_0.price,
        po1_0.remaining_times,
        po1_0.status,
        po1_0.transaction_type,
        po1_0.updated_at,
        po1_0.user_id 
    from
        payment_orders po1_0 
    where
        po1_0.user_id=? 
        and po1_0.status=?
2026-01-16 12:27:18.995 - 
    select
        u1_0.id,
        u1_0.avatar_url,
        u1_0.created_at,
        u1_0.last_login_time,
        u1_0.member_expire_time,
        u1_0.member_level,
        u1_0.nickname,
        u1_0.openid,
        u1_0.phone,
        u1_0.points,
        u1_0.remaining_visits,
        u1_0.role,
        u1_0.total_visits,
        u1_0.updated_at 
    from
        users u1_0 
    where
        u1_0.id=?
2026-01-16 12:27:18.999 - 
    select
        po1_0.id,
        po1_0.card_end_date,
        po1_0.card_start_date,
        po1_0.card_status,
        po1_0.created_at,
        po1_0.order_no,
        po1_0.package_id,
        po1_0.package_name,
        po1_0.payment_method,
        po1_0.payment_time,
        po1_0.price,
        po1_0.remaining_times,
        po1_0.status,
        po1_0.transaction_type,
        po1_0.updated_at,
        po1_0.user_id 
    from
        payment_orders po1_0 
    where
        po1_0.user_id=? 
        and po1_0.status=?
2026-01-16 12:27:23.924 - 
    select
        po1_0.id,
        po1_0.card_end_date,
        po1_0.card_start_date,
        po1_0.card_status,
        po1_0.created_at,
        po1_0.order_no,
        po1_0.package_id,
        po1_0.package_name,
        po1_0.payment_method,
        po1_0.payment_time,
        po1_0.price,
        po1_0.remaining_times,
        po1_0.status,
        po1_0.transaction_type,
        po1_0.updated_at,
        po1_0.user_id 
    from
        payment_orders po1_0 
    where
        po1_0.user_id=?
2026-01-16 12:27:23.927 - 
    select
        mp1_0.id,
        mp1_0.avg_price_per_time,
        mp1_0.badge,
        mp1_0.category,
        mp1_0.code,
        mp1_0.description,
        mp1_0.features,
        mp1_0.is_active,
        mp1_0.name,
        mp1_0.people,
        mp1_0.price,
        mp1_0.sort_order,
        mp1_0.times_per_person,
        mp1_0.validity_days 
    from
        member_packages mp1_0 
    where
        mp1_0.id=?
2026-01-16 12:27:23.935 - 
    select
        po1_0.id,
        po1_0.card_end_date,
        po1_0.card_start_date,
        po1_0.card_status,
        po1_0.created_at,
        po1_0.order_no,
        po1_0.package_id,
        po1_0.package_name,
        po1_0.payment_method,
        po1_0.payment_time,
        po1_0.price,
        po1_0.remaining_times,
        po1_0.status,
        po1_0.transaction_type,
        po1_0.updated_at,
        po1_0.user_id 
    from
        payment_orders po1_0 
    where
        po1_0.user_id=?
2026-01-16 12:27:23.939 - 
    select
        mp1_0.id,
        mp1_0.avg_price_per_time,
        mp1_0.badge,
        mp1_0.category,
        mp1_0.code,
        mp1_0.description,
        mp1_0.features,
        mp1_0.is_active,
        mp1_0.name,
        mp1_0.people,
        mp1_0.price,
        mp1_0.sort_order,
        mp1_0.times_per_person,
        mp1_0.validity_days 
    from
        member_packages mp1_0 
    where
        mp1_0.id=?
2026-01-16 12:27:25.111 - 
    select
        bo1_0.id,
        bo1_0.cabin_name,
        bo1_0.consume_time,
        bo1_0.created_at,
        bo1_0.date,
        bo1_0.order_no,
        bo1_0.original_price,
        bo1_0.payment_method,
        bo1_0.payment_order_id,
        bo1_0.payment_status,
        bo1_0.payment_time,
        bo1_0.price,
        bo1_0.seat_name,
        bo1_0.status,
        bo1_0.time_slot,
        bo1_0.updated_at,
        bo1_0.user_id 
    from
        booking_orders bo1_0 
    where
        bo1_0.date=? 
        and bo1_0.time_slot=? 
        and bo1_0.status!=?
2026-01-16 12:27:29.296 - 
    select
        po1_0.id,
        po1_0.card_end_date,
        po1_0.card_start_date,
        po1_0.card_status,
        po1_0.created_at,
        po1_0.order_no,
        po1_0.package_id,
        po1_0.package_name,
        po1_0.payment_method,
        po1_0.payment_time,
        po1_0.price,
        po1_0.remaining_times,
        po1_0.status,
        po1_0.transaction_type,
        po1_0.updated_at,
        po1_0.user_id 
    from
        payment_orders po1_0 
    where
        po1_0.user_id=?
2026-01-16 12:27:29.300 - 
    select
        mp1_0.id,
        mp1_0.avg_price_per_time,
        mp1_0.badge,
        mp1_0.category,
        mp1_0.code,
        mp1_0.description,
        mp1_0.features,
        mp1_0.is_active,
        mp1_0.name,
        mp1_0.people,
        mp1_0.price,
        mp1_0.sort_order,
        mp1_0.times_per_person,
        mp1_0.validity_days 
    from
        member_packages mp1_0 
    where
        mp1_0.id=?
2026-01-16 12:27:29.328 - 
    select
        u1_0.id,
        u1_0.avatar_url,
        u1_0.created_at,
        u1_0.last_login_time,
        u1_0.member_expire_time,
        u1_0.member_level,
        u1_0.nickname,
        u1_0.openid,
        u1_0.phone,
        u1_0.points,
        u1_0.remaining_visits,
        u1_0.role,
        u1_0.total_visits,
        u1_0.updated_at 
    from
        users u1_0 
    where
        u1_0.id=?
2026-01-16 12:27:29.331 - 
    select
        bo1_0.id,
        bo1_0.cabin_name,
        bo1_0.consume_time,
        bo1_0.created_at,
        bo1_0.date,
        bo1_0.order_no,
        bo1_0.original_price,
        bo1_0.payment_method,
        bo1_0.payment_order_id,
        bo1_0.payment_status,
        bo1_0.payment_time,
        bo1_0.price,
        bo1_0.seat_name,
        bo1_0.status,
        bo1_0.time_slot,
        bo1_0.updated_at,
        bo1_0.user_id 
    from
        booking_orders bo1_0 
    where
        bo1_0.user_id=? 
        and bo1_0.date=? 
        and bo1_0.status!=?
2026-01-16 12:27:31.285 - 
    select
        po1_0.id,
        po1_0.card_end_date,
        po1_0.card_start_date,
        po1_0.card_status,
        po1_0.created_at,
        po1_0.order_no,
        po1_0.package_id,
        po1_0.package_name,
        po1_0.payment_method,
        po1_0.payment_time,
        po1_0.price,
        po1_0.remaining_times,
        po1_0.status,
        po1_0.transaction_type,
        po1_0.updated_at,
        po1_0.user_id 
    from
        payment_orders po1_0 
    where
        po1_0.user_id=?
2026-01-16 12:27:31.286 - 
    select
        u1_0.id,
        u1_0.avatar_url,
        u1_0.created_at,
        u1_0.last_login_time,
        u1_0.member_expire_time,
        u1_0.member_level,
        u1_0.nickname,
        u1_0.openid,
        u1_0.phone,
        u1_0.points,
        u1_0.remaining_visits,
        u1_0.role,
        u1_0.total_visits,
        u1_0.updated_at 
    from
        users u1_0 
    where
        u1_0.id=?
2026-01-16 12:27:31.286 - 
    select
        u1_0.id,
        u1_0.avatar_url,
        u1_0.created_at,
        u1_0.last_login_time,
        u1_0.member_expire_time,
        u1_0.member_level,
        u1_0.nickname,
        u1_0.openid,
        u1_0.phone,
        u1_0.points,
        u1_0.remaining_visits,
        u1_0.role,
        u1_0.total_visits,
        u1_0.updated_at 
    from
        users u1_0 
    where
        u1_0.id=?
2026-01-16 12:27:31.289 - 
    select
        mp1_0.id,
        mp1_0.avg_price_per_time,
        mp1_0.badge,
        mp1_0.category,
        mp1_0.code,
        mp1_0.description,
        mp1_0.features,
        mp1_0.is_active,
        mp1_0.name,
        mp1_0.people,
        mp1_0.price,
        mp1_0.sort_order,
        mp1_0.times_per_person,
        mp1_0.validity_days 
    from
        member_packages mp1_0 
    where
        mp1_0.id=?
2026-01-16 12:27:31.291 - 
    select
        po1_0.id,
        po1_0.card_end_date,
        po1_0.card_start_date,
        po1_0.card_status,
        po1_0.created_at,
        po1_0.order_no,
        po1_0.package_id,
        po1_0.package_name,
        po1_0.payment_method,
        po1_0.payment_time,
        po1_0.price,
        po1_0.remaining_times,
        po1_0.status,
        po1_0.transaction_type,
        po1_0.updated_at,
        po1_0.user_id 
    from
        payment_orders po1_0 
    where
        po1_0.user_id=? 
        and po1_0.status=?
2026-01-16 12:27:31.292 - 
    select
        bo1_0.id,
        bo1_0.cabin_name,
        bo1_0.consume_time,
        bo1_0.created_at,
        bo1_0.date,
        bo1_0.order_no,
        bo1_0.original_price,
        bo1_0.payment_method,
        bo1_0.payment_order_id,
        bo1_0.payment_status,
        bo1_0.payment_time,
        bo1_0.price,
        bo1_0.seat_name,
        bo1_0.status,
        bo1_0.time_slot,
        bo1_0.updated_at,
        bo1_0.user_id 
    from
        booking_orders bo1_0 
    where
        bo1_0.user_id=? 
    order by
        bo1_0.created_at desc
2026-01-16 12:27:31.303 - 
    select
        po1_0.id,
        po1_0.card_end_date,
        po1_0.card_start_date,
        po1_0.card_status,
        po1_0.created_at,
        po1_0.order_no,
        po1_0.package_id,
        po1_0.package_name,
        po1_0.payment_method,
        po1_0.payment_time,
        po1_0.price,
        po1_0.remaining_times,
        po1_0.status,
        po1_0.transaction_type,
        po1_0.updated_at,
        po1_0.user_id 
    from
        payment_orders po1_0 
    where
        po1_0.user_id=?
2026-01-16 12:27:31.310 - 
    select
        u1_0.id,
        u1_0.avatar_url,
        u1_0.created_at,
        u1_0.last_login_time,
        u1_0.member_expire_time,
        u1_0.member_level,
        u1_0.nickname,
        u1_0.openid,
        u1_0.phone,
        u1_0.points,
        u1_0.remaining_visits,
        u1_0.role,
        u1_0.total_visits,
        u1_0.updated_at 
    from
        users u1_0 
    where
        u1_0.id=?
2026-01-16 12:27:31.313 - 
    select
        mp1_0.id,
        mp1_0.avg_price_per_time,
        mp1_0.badge,
        mp1_0.category,
        mp1_0.code,
        mp1_0.description,
        mp1_0.features,
        mp1_0.is_active,
        mp1_0.name,
        mp1_0.people,
        mp1_0.price,
        mp1_0.sort_order,
        mp1_0.times_per_person,
        mp1_0.validity_days 
    from
        member_packages mp1_0 
    where
        mp1_0.id=?
2026-01-16 12:27:31.317 - 
    select
        po1_0.id,
        po1_0.card_end_date,
        po1_0.card_start_date,
        po1_0.card_status,
        po1_0.created_at,
        po1_0.order_no,
        po1_0.package_id,
        po1_0.package_name,
        po1_0.payment_method,
        po1_0.payment_time,
        po1_0.price,
        po1_0.remaining_times,
        po1_0.status,
        po1_0.transaction_type,
        po1_0.updated_at,
        po1_0.user_id 
    from
        payment_orders po1_0 
    where
        po1_0.user_id=? 
        and po1_0.status=?
2026-01-16 12:27:31.322 - 
    select
        u1_0.id,
        u1_0.avatar_url,
        u1_0.created_at,
        u1_0.last_login_time,
        u1_0.member_expire_time,
        u1_0.member_level,
        u1_0.nickname,
        u1_0.openid,
        u1_0.phone,
        u1_0.points,
        u1_0.remaining_visits,
        u1_0.role,
        u1_0.total_visits,
        u1_0.updated_at 
    from
        users u1_0 
    where
        u1_0.id=?
2026-01-16 12:27:31.330 - 
    select
        bo1_0.id,
        bo1_0.cabin_name,
        bo1_0.consume_time,
        bo1_0.created_at,
        bo1_0.date,
        bo1_0.order_no,
        bo1_0.original_price,
        bo1_0.payment_method,
        bo1_0.payment_order_id,
        bo1_0.payment_status,
        bo1_0.payment_time,
        bo1_0.price,
        bo1_0.seat_name,
        bo1_0.status,
        bo1_0.time_slot,
        bo1_0.updated_at,
        bo1_0.user_id 
    from
        booking_orders bo1_0 
    where
        bo1_0.user_id=? 
    order by
        bo1_0.created_at desc
2026-01-16 12:27:31.343 - 
    select
        u1_0.id,
        u1_0.avatar_url,
        u1_0.created_at,
        u1_0.last_login_time,
        u1_0.member_expire_time,
        u1_0.member_level,
        u1_0.nickname,
        u1_0.openid,
        u1_0.phone,
        u1_0.points,
        u1_0.remaining_visits,
        u1_0.role,
        u1_0.total_visits,
        u1_0.updated_at 
    from
        users u1_0 
    where
        u1_0.id=?
2026-01-16 12:27:31.348 - 
    select
        po1_0.id,
        po1_0.card_end_date,
        po1_0.card_start_date,
        po1_0.card_status,
        po1_0.created_at,
        po1_0.order_no,
        po1_0.package_id,
        po1_0.package_name,
        po1_0.payment_method,
        po1_0.payment_time,
        po1_0.price,
        po1_0.remaining_times,
        po1_0.status,
        po1_0.transaction_type,
        po1_0.updated_at,
        po1_0.user_id 
    from
        payment_orders po1_0 
    where
        po1_0.user_id=? 
        and po1_0.status=?
2026-01-16 12:27:31.374 - 
    select
        u1_0.id,
        u1_0.avatar_url,
        u1_0.created_at,
        u1_0.last_login_time,
        u1_0.member_expire_time,
        u1_0.member_level,
        u1_0.nickname,
        u1_0.openid,
        u1_0.phone,
        u1_0.points,
        u1_0.remaining_visits,
        u1_0.role,
        u1_0.total_visits,
        u1_0.updated_at 
    from
        users u1_0 
    where
        u1_0.id=?
2026-01-16 12:27:31.380 - 
    select
        po1_0.id,
        po1_0.card_end_date,
        po1_0.card_start_date,
        po1_0.card_status,
        po1_0.created_at,
        po1_0.order_no,
        po1_0.package_id,
        po1_0.package_name,
        po1_0.payment_method,
        po1_0.payment_time,
        po1_0.price,
        po1_0.remaining_times,
        po1_0.status,
        po1_0.transaction_type,
        po1_0.updated_at,
        po1_0.user_id 
    from
        payment_orders po1_0 
    where
        po1_0.user_id=? 
        and po1_0.status=?
2026-01-16 12:27:33.916 - 
    select
        u1_0.id,
        u1_0.avatar_url,
        u1_0.created_at,
        u1_0.last_login_time,
        u1_0.member_expire_time,
        u1_0.member_level,
        u1_0.nickname,
        u1_0.openid,
        u1_0.phone,
        u1_0.points,
        u1_0.remaining_visits,
        u1_0.role,
        u1_0.total_visits,
        u1_0.updated_at 
    from
        users u1_0 
    where
        u1_0.id=?
2026-01-16 12:27:33.920 - 
    select
        bo1_0.id,
        bo1_0.cabin_name,
        bo1_0.consume_time,
        bo1_0.created_at,
        bo1_0.date,
        bo1_0.order_no,
        bo1_0.original_price,
        bo1_0.payment_method,
        bo1_0.payment_order_id,
        bo1_0.payment_status,
        bo1_0.payment_time,
        bo1_0.price,
        bo1_0.seat_name,
        bo1_0.status,
        bo1_0.time_slot,
        bo1_0.updated_at,
        bo1_0.user_id 
    from
        booking_orders bo1_0 
    where
        bo1_0.id=?
2026-01-16 12:27:33.935 - 
    update
        booking_orders 
    set
        cabin_name=?,
        consume_time=?,
        created_at=?,
        date=?,
        order_no=?,
        original_price=?,
        payment_method=?,
        payment_order_id=?,
        payment_status=?,
        payment_time=?,
        price=?,
        seat_name=?,
        status=?,
        time_slot=?,
        updated_at=?,
        user_id=? 
    where
        id=?
2026-01-16 12:27:33.968 - 
    select
        u1_0.id,
        u1_0.avatar_url,
        u1_0.created_at,
        u1_0.last_login_time,
        u1_0.member_expire_time,
        u1_0.member_level,
        u1_0.nickname,
        u1_0.openid,
        u1_0.phone,
        u1_0.points,
        u1_0.remaining_visits,
        u1_0.role,
        u1_0.total_visits,
        u1_0.updated_at 
    from
        users u1_0 
    where
        u1_0.id=?
2026-01-16 12:27:33.979 - 
    select
        bo1_0.id,
        bo1_0.cabin_name,
        bo1_0.consume_time,
        bo1_0.created_at,
        bo1_0.date,
        bo1_0.order_no,
        bo1_0.original_price,
        bo1_0.payment_method,
        bo1_0.payment_order_id,
        bo1_0.payment_status,
        bo1_0.payment_time,
        bo1_0.price,
        bo1_0.seat_name,
        bo1_0.status,
        bo1_0.time_slot,
        bo1_0.updated_at,
        bo1_0.user_id 
    from
        booking_orders bo1_0 
    where
        bo1_0.user_id=? 
    order by
        bo1_0.created_at desc
2026-01-16 12:27:35.175 - 
    select
        po1_0.id,
        po1_0.card_end_date,
        po1_0.card_start_date,
        po1_0.card_status,
        po1_0.created_at,
        po1_0.order_no,
        po1_0.package_id,
        po1_0.package_name,
        po1_0.payment_method,
        po1_0.payment_time,
        po1_0.price,
        po1_0.remaining_times,
        po1_0.status,
        po1_0.transaction_type,
        po1_0.updated_at,
        po1_0.user_id 
    from
        payment_orders po1_0 
    where
        po1_0.user_id=?
2026-01-16 12:27:35.181 - 
    select
        mp1_0.id,
        mp1_0.avg_price_per_time,
        mp1_0.badge,
        mp1_0.category,
        mp1_0.code,
        mp1_0.description,
        mp1_0.features,
        mp1_0.is_active,
        mp1_0.name,
        mp1_0.people,
        mp1_0.price,
        mp1_0.sort_order,
        mp1_0.times_per_person,
        mp1_0.validity_days 
    from
        member_packages mp1_0 
    where
        mp1_0.id=?
2026-01-16 12:27:35.192 - 
    select
        po1_0.id,
        po1_0.card_end_date,
        po1_0.card_start_date,
        po1_0.card_status,
        po1_0.created_at,
        po1_0.order_no,
        po1_0.package_id,
        po1_0.package_name,
        po1_0.payment_method,
        po1_0.payment_time,
        po1_0.price,
        po1_0.remaining_times,
        po1_0.status,
        po1_0.transaction_type,
        po1_0.updated_at,
        po1_0.user_id 
    from
        payment_orders po1_0 
    where
        po1_0.user_id=?
2026-01-16 12:27:35.198 - 
    select
        mp1_0.id,
        mp1_0.avg_price_per_time,
        mp1_0.badge,
        mp1_0.category,
        mp1_0.code,
        mp1_0.description,
        mp1_0.features,
        mp1_0.is_active,
        mp1_0.name,
        mp1_0.people,
        mp1_0.price,
        mp1_0.sort_order,
        mp1_0.times_per_person,
        mp1_0.validity_days 
    from
        member_packages mp1_0 
    where
        mp1_0.id=?
2026-01-16 12:27:36.667 - 
    select
        bo1_0.id,
        bo1_0.cabin_name,
        bo1_0.consume_time,
        bo1_0.created_at,
        bo1_0.date,
        bo1_0.order_no,
        bo1_0.original_price,
        bo1_0.payment_method,
        bo1_0.payment_order_id,
        bo1_0.payment_status,
        bo1_0.payment_time,
        bo1_0.price,
        bo1_0.seat_name,
        bo1_0.status,
        bo1_0.time_slot,
        bo1_0.updated_at,
        bo1_0.user_id 
    from
        booking_orders bo1_0 
    where
        bo1_0.date=? 
        and bo1_0.time_slot=? 
        and bo1_0.status!=?
2026-01-16 12:27:41.141 - 
    select
        po1_0.id,
        po1_0.card_end_date,
        po1_0.card_start_date,
        po1_0.card_status,
        po1_0.created_at,
        po1_0.order_no,
        po1_0.package_id,
        po1_0.package_name,
        po1_0.payment_method,
        po1_0.payment_time,
        po1_0.price,
        po1_0.remaining_times,
        po1_0.status,
        po1_0.transaction_type,
        po1_0.updated_at,
        po1_0.user_id 
    from
        payment_orders po1_0 
    where
        po1_0.user_id=?
2026-01-16 12:27:41.147 - 
    select
        mp1_0.id,
        mp1_0.avg_price_per_time,
        mp1_0.badge,
        mp1_0.category,
        mp1_0.code,
        mp1_0.description,
        mp1_0.features,
        mp1_0.is_active,
        mp1_0.name,
        mp1_0.people,
        mp1_0.price,
        mp1_0.sort_order,
        mp1_0.times_per_person,
        mp1_0.validity_days 
    from
        member_packages mp1_0 
    where
        mp1_0.id=?
2026-01-16 12:27:41.170 - 
    select
        u1_0.id,
        u1_0.avatar_url,
        u1_0.created_at,
        u1_0.last_login_time,
        u1_0.member_expire_time,
        u1_0.member_level,
        u1_0.nickname,
        u1_0.openid,
        u1_0.phone,
        u1_0.points,
        u1_0.remaining_visits,
        u1_0.role,
        u1_0.total_visits,
        u1_0.updated_at 
    from
        users u1_0 
    where
        u1_0.id=?
2026-01-16 12:27:41.174 - 
    select
        bo1_0.id,
        bo1_0.cabin_name,
        bo1_0.consume_time,
        bo1_0.created_at,
        bo1_0.date,
        bo1_0.order_no,
        bo1_0.original_price,
        bo1_0.payment_method,
        bo1_0.payment_order_id,
        bo1_0.payment_status,
        bo1_0.payment_time,
        bo1_0.price,
        bo1_0.seat_name,
        bo1_0.status,
        bo1_0.time_slot,
        bo1_0.updated_at,
        bo1_0.user_id 
    from
        booking_orders bo1_0 
    where
        bo1_0.user_id=? 
        and bo1_0.date=? 
        and bo1_0.status!=?
2026-01-16 12:27:41.192 - 
    select
        u1_0.id,
        u1_0.avatar_url,
        u1_0.created_at,
        u1_0.last_login_time,
        u1_0.member_expire_time,
        u1_0.member_level,
        u1_0.nickname,
        u1_0.openid,
        u1_0.phone,
        u1_0.points,
        u1_0.remaining_visits,
        u1_0.role,
        u1_0.total_visits,
        u1_0.updated_at 
    from
        users u1_0 
    where
        u1_0.id=?
2026-01-16 12:27:41.194 - 
    select
        bo1_0.id,
        bo1_0.cabin_name,
        bo1_0.consume_time,
        bo1_0.created_at,
        bo1_0.date,
        bo1_0.order_no,
        bo1_0.original_price,
        bo1_0.payment_method,
        bo1_0.payment_order_id,
        bo1_0.payment_status,
        bo1_0.payment_time,
        bo1_0.price,
        bo1_0.seat_name,
        bo1_0.status,
        bo1_0.time_slot,
        bo1_0.updated_at,
        bo1_0.user_id 
    from
        booking_orders bo1_0 
    where
        bo1_0.user_id=? 
        and bo1_0.date=? 
        and bo1_0.status!=?
2026-01-16 12:27:41.195 - 
    select
        bo1_0.id,
        bo1_0.cabin_name,
        bo1_0.consume_time,
        bo1_0.created_at,
        bo1_0.date,
        bo1_0.order_no,
        bo1_0.original_price,
        bo1_0.payment_method,
        bo1_0.payment_order_id,
        bo1_0.payment_status,
        bo1_0.payment_time,
        bo1_0.price,
        bo1_0.seat_name,
        bo1_0.status,
        bo1_0.time_slot,
        bo1_0.updated_at,
        bo1_0.user_id 
    from
        booking_orders bo1_0 
    where
        bo1_0.date=? 
        and bo1_0.time_slot=? 
        and bo1_0.cabin_name=? 
        and bo1_0.seat_name=? 
        and bo1_0.status!=?
2026-01-16 12:27:41.196 - 
    select
        po1_0.id,
        po1_0.card_end_date,
        po1_0.card_start_date,
        po1_0.card_status,
        po1_0.created_at,
        po1_0.order_no,
        po1_0.package_id,
        po1_0.package_name,
        po1_0.payment_method,
        po1_0.payment_time,
        po1_0.price,
        po1_0.remaining_times,
        po1_0.status,
        po1_0.transaction_type,
        po1_0.updated_at,
        po1_0.user_id 
    from
        payment_orders po1_0 
    where
        po1_0.user_id=?
2026-01-16 12:27:41.197 - 
    select
        mp1_0.id,
        mp1_0.avg_price_per_time,
        mp1_0.badge,
        mp1_0.category,
        mp1_0.code,
        mp1_0.description,
        mp1_0.features,
        mp1_0.is_active,
        mp1_0.name,
        mp1_0.people,
        mp1_0.price,
        mp1_0.sort_order,
        mp1_0.times_per_person,
        mp1_0.validity_days 
    from
        member_packages mp1_0 
    where
        mp1_0.id=?
2026-01-16 12:27:41.201 - 
    insert 
    into
        booking_orders
        (cabin_name, consume_time, created_at, date, order_no, original_price, payment_method, payment_order_id, payment_status, payment_time, price, seat_name, status, time_slot, updated_at, user_id) 
    values
        (?, ?, ?, ?, ?, ?, ?, ?, ?, ?, ?, ?, ?, ?, ?, ?)
2026-01-16 12:27:43.201 - 
    select
        u1_0.id,
        u1_0.avatar_url,
        u1_0.created_at,
        u1_0.last_login_time,
        u1_0.member_expire_time,
        u1_0.member_level,
        u1_0.nickname,
        u1_0.openid,
        u1_0.phone,
        u1_0.points,
        u1_0.remaining_visits,
        u1_0.role,
        u1_0.total_visits,
        u1_0.updated_at 
    from
        users u1_0 
    where
        u1_0.id=?
2026-01-16 12:27:43.201 - 
    select
        u1_0.id,
        u1_0.avatar_url,
        u1_0.created_at,
        u1_0.last_login_time,
        u1_0.member_expire_time,
        u1_0.member_level,
        u1_0.nickname,
        u1_0.openid,
        u1_0.phone,
        u1_0.points,
        u1_0.remaining_visits,
        u1_0.role,
        u1_0.total_visits,
        u1_0.updated_at 
    from
        users u1_0 
    where
        u1_0.id=?
2026-01-16 12:27:43.202 - 
    select
        po1_0.id,
        po1_0.card_end_date,
        po1_0.card_start_date,
        po1_0.card_status,
        po1_0.created_at,
        po1_0.order_no,
        po1_0.package_id,
        po1_0.package_name,
        po1_0.payment_method,
        po1_0.payment_time,
        po1_0.price,
        po1_0.remaining_times,
        po1_0.status,
        po1_0.transaction_type,
        po1_0.updated_at,
        po1_0.user_id 
    from
        payment_orders po1_0 
    where
        po1_0.user_id=?
2026-01-16 12:27:43.204 - 
    select
        po1_0.id,
        po1_0.card_end_date,
        po1_0.card_start_date,
        po1_0.card_status,
        po1_0.created_at,
        po1_0.order_no,
        po1_0.package_id,
        po1_0.package_name,
        po1_0.payment_method,
        po1_0.payment_time,
        po1_0.price,
        po1_0.remaining_times,
        po1_0.status,
        po1_0.transaction_type,
        po1_0.updated_at,
        po1_0.user_id 
    from
        payment_orders po1_0 
    where
        po1_0.user_id=? 
        and po1_0.status=?
2026-01-16 12:27:43.204 - 
    select
        mp1_0.id,
        mp1_0.avg_price_per_time,
        mp1_0.badge,
        mp1_0.category,
        mp1_0.code,
        mp1_0.description,
        mp1_0.features,
        mp1_0.is_active,
        mp1_0.name,
        mp1_0.people,
        mp1_0.price,
        mp1_0.sort_order,
        mp1_0.times_per_person,
        mp1_0.validity_days 
    from
        member_packages mp1_0 
    where
        mp1_0.id=?
2026-01-16 12:27:43.204 - 
    select
        bo1_0.id,
        bo1_0.cabin_name,
        bo1_0.consume_time,
        bo1_0.created_at,
        bo1_0.date,
        bo1_0.order_no,
        bo1_0.original_price,
        bo1_0.payment_method,
        bo1_0.payment_order_id,
        bo1_0.payment_status,
        bo1_0.payment_time,
        bo1_0.price,
        bo1_0.seat_name,
        bo1_0.status,
        bo1_0.time_slot,
        bo1_0.updated_at,
        bo1_0.user_id 
    from
        booking_orders bo1_0 
    where
        bo1_0.user_id=? 
    order by
        bo1_0.created_at desc
2026-01-16 12:27:43.215 - 
    select
        u1_0.id,
        u1_0.avatar_url,
        u1_0.created_at,
        u1_0.last_login_time,
        u1_0.member_expire_time,
        u1_0.member_level,
        u1_0.nickname,
        u1_0.openid,
        u1_0.phone,
        u1_0.points,
        u1_0.remaining_visits,
        u1_0.role,
        u1_0.total_visits,
        u1_0.updated_at 
    from
        users u1_0 
    where
        u1_0.id=?
2026-01-16 12:27:43.215 - 
    select
        u1_0.id,
        u1_0.avatar_url,
        u1_0.created_at,
        u1_0.last_login_time,
        u1_0.member_expire_time,
        u1_0.member_level,
        u1_0.nickname,
        u1_0.openid,
        u1_0.phone,
        u1_0.points,
        u1_0.remaining_visits,
        u1_0.role,
        u1_0.total_visits,
        u1_0.updated_at 
    from
        users u1_0 
    where
        u1_0.id=?
2026-01-16 12:27:43.215 - 
    select
        po1_0.id,
        po1_0.card_end_date,
        po1_0.card_start_date,
        po1_0.card_status,
        po1_0.created_at,
        po1_0.order_no,
        po1_0.package_id,
        po1_0.package_name,
        po1_0.payment_method,
        po1_0.payment_time,
        po1_0.price,
        po1_0.remaining_times,
        po1_0.status,
        po1_0.transaction_type,
        po1_0.updated_at,
        po1_0.user_id 
    from
        payment_orders po1_0 
    where
        po1_0.user_id=?
2026-01-16 12:27:43.217 - 
    select
        mp1_0.id,
        mp1_0.avg_price_per_time,
        mp1_0.badge,
        mp1_0.category,
        mp1_0.code,
        mp1_0.description,
        mp1_0.features,
        mp1_0.is_active,
        mp1_0.name,
        mp1_0.people,
        mp1_0.price,
        mp1_0.sort_order,
        mp1_0.times_per_person,
        mp1_0.validity_days 
    from
        member_packages mp1_0 
    where
        mp1_0.id=?
2026-01-16 12:27:43.217 - 
    select
        po1_0.id,
        po1_0.card_end_date,
        po1_0.card_start_date,
        po1_0.card_status,
        po1_0.created_at,
        po1_0.order_no,
        po1_0.package_id,
        po1_0.package_name,
        po1_0.payment_method,
        po1_0.payment_time,
        po1_0.price,
        po1_0.remaining_times,
        po1_0.status,
        po1_0.transaction_type,
        po1_0.updated_at,
        po1_0.user_id 
    from
        payment_orders po1_0 
    where
        po1_0.user_id=? 
        and po1_0.status=?
2026-01-16 12:27:43.217 - 
    select
        bo1_0.id,
        bo1_0.cabin_name,
        bo1_0.consume_time,
        bo1_0.created_at,
        bo1_0.date,
        bo1_0.order_no,
        bo1_0.original_price,
        bo1_0.payment_method,
        bo1_0.payment_order_id,
        bo1_0.payment_status,
        bo1_0.payment_time,
        bo1_0.price,
        bo1_0.seat_name,
        bo1_0.status,
        bo1_0.time_slot,
        bo1_0.updated_at,
        bo1_0.user_id 
    from
        booking_orders bo1_0 
    where
        bo1_0.user_id=? 
    order by
        bo1_0.created_at desc
2026-01-16 12:27:43.228 - 
    select
        u1_0.id,
        u1_0.avatar_url,
        u1_0.created_at,
        u1_0.last_login_time,
        u1_0.member_expire_time,
        u1_0.member_level,
        u1_0.nickname,
        u1_0.openid,
        u1_0.phone,
        u1_0.points,
        u1_0.remaining_visits,
        u1_0.role,
        u1_0.total_visits,
        u1_0.updated_at 
    from
        users u1_0 
    where
        u1_0.id=?
2026-01-16 12:27:43.230 - 
    select
        po1_0.id,
        po1_0.card_end_date,
        po1_0.card_start_date,
        po1_0.card_status,
        po1_0.created_at,
        po1_0.order_no,
        po1_0.package_id,
        po1_0.package_name,
        po1_0.payment_method,
        po1_0.payment_time,
        po1_0.price,
        po1_0.remaining_times,
        po1_0.status,
        po1_0.transaction_type,
        po1_0.updated_at,
        po1_0.user_id 
    from
        payment_orders po1_0 
    where
        po1_0.user_id=? 
        and po1_0.status=?
2026-01-16 12:27:43.236 - 
    select
        u1_0.id,
        u1_0.avatar_url,
        u1_0.created_at,
        u1_0.last_login_time,
        u1_0.member_expire_time,
        u1_0.member_level,
        u1_0.nickname,
        u1_0.openid,
        u1_0.phone,
        u1_0.points,
        u1_0.remaining_visits,
        u1_0.role,
        u1_0.total_visits,
        u1_0.updated_at 
    from
        users u1_0 
    where
        u1_0.id=?
2026-01-16 12:27:43.238 - 
    select
        po1_0.id,
        po1_0.card_end_date,
        po1_0.card_start_date,
        po1_0.card_status,
        po1_0.created_at,
        po1_0.order_no,
        po1_0.package_id,
        po1_0.package_name,
        po1_0.payment_method,
        po1_0.payment_time,
        po1_0.price,
        po1_0.remaining_times,
        po1_0.status,
        po1_0.transaction_type,
        po1_0.updated_at,
        po1_0.user_id 
    from
        payment_orders po1_0 
    where
        po1_0.user_id=? 
        and po1_0.status=?
2026-01-16 23:16:15.502 - 
    select
        po1_0.id,
        po1_0.card_end_date,
        po1_0.card_start_date,
        po1_0.card_status,
        po1_0.created_at,
        po1_0.order_no,
        po1_0.package_id,
        po1_0.package_name,
        po1_0.payment_method,
        po1_0.payment_time,
        po1_0.price,
        po1_0.remaining_times,
        po1_0.status,
        po1_0.transaction_type,
        po1_0.updated_at,
        po1_0.user_id 
    from
        payment_orders po1_0 
    where
        po1_0.user_id=?
2026-01-16 23:16:15.559 - 
    select
        mp1_0.id,
        mp1_0.avg_price_per_time,
        mp1_0.badge,
        mp1_0.category,
        mp1_0.code,
        mp1_0.description,
        mp1_0.features,
        mp1_0.is_active,
        mp1_0.name,
        mp1_0.people,
        mp1_0.price,
        mp1_0.sort_order,
        mp1_0.times_per_person,
        mp1_0.validity_days 
    from
        member_packages mp1_0 
    where
        mp1_0.id=?
2026-01-16 23:16:15.596 - 
    select
        po1_0.id,
        po1_0.card_end_date,
        po1_0.card_start_date,
        po1_0.card_status,
        po1_0.created_at,
        po1_0.order_no,
        po1_0.package_id,
        po1_0.package_name,
        po1_0.payment_method,
        po1_0.payment_time,
        po1_0.price,
        po1_0.remaining_times,
        po1_0.status,
        po1_0.transaction_type,
        po1_0.updated_at,
        po1_0.user_id 
    from
        payment_orders po1_0 
    where
        po1_0.user_id=?
2026-01-16 23:16:15.599 - 
    select
        mp1_0.id,
        mp1_0.avg_price_per_time,
        mp1_0.badge,
        mp1_0.category,
        mp1_0.code,
        mp1_0.description,
        mp1_0.features,
        mp1_0.is_active,
        mp1_0.name,
        mp1_0.people,
        mp1_0.price,
        mp1_0.sort_order,
        mp1_0.times_per_person,
        mp1_0.validity_days 
    from
        member_packages mp1_0 
    where
        mp1_0.id=?
2026-01-16 23:16:17.838 - 
    select
        mp1_0.id,
        mp1_0.avg_price_per_time,
        mp1_0.badge,
        mp1_0.category,
        mp1_0.code,
        mp1_0.description,
        mp1_0.features,
        mp1_0.is_active,
        mp1_0.name,
        mp1_0.people,
        mp1_0.price,
        mp1_0.sort_order,
        mp1_0.times_per_person,
        mp1_0.validity_days 
    from
        member_packages mp1_0 
    where
        mp1_0.category=? 
        and mp1_0.is_active 
    order by
        mp1_0.sort_order
2026-01-16 23:16:18.000 - 
    select
        mp1_0.id,
        mp1_0.avg_price_per_time,
        mp1_0.badge,
        mp1_0.category,
        mp1_0.code,
        mp1_0.description,
        mp1_0.features,
        mp1_0.is_active,
        mp1_0.name,
        mp1_0.people,
        mp1_0.price,
        mp1_0.sort_order,
        mp1_0.times_per_person,
        mp1_0.validity_days 
    from
        member_packages mp1_0 
    where
        mp1_0.category=? 
        and mp1_0.is_active 
    order by
        mp1_0.sort_order
2026-01-16 23:16:19.583 - 
    select
        u1_0.id,
        u1_0.avatar_url,
        u1_0.created_at,
        u1_0.last_login_time,
        u1_0.member_expire_time,
        u1_0.member_level,
        u1_0.nickname,
        u1_0.openid,
        u1_0.phone,
        u1_0.points,
        u1_0.remaining_visits,
        u1_0.role,
        u1_0.total_visits,
        u1_0.updated_at 
    from
        users u1_0 
    where
        u1_0.id=?
2026-01-16 23:16:19.583 - 
    select
        u1_0.id,
        u1_0.avatar_url,
        u1_0.created_at,
        u1_0.last_login_time,
        u1_0.member_expire_time,
        u1_0.member_level,
        u1_0.nickname,
        u1_0.openid,
        u1_0.phone,
        u1_0.points,
        u1_0.remaining_visits,
        u1_0.role,
        u1_0.total_visits,
        u1_0.updated_at 
    from
        users u1_0 
    where
        u1_0.id=?
2026-01-16 23:16:19.589 - 
    select
        po1_0.id,
        po1_0.card_end_date,
        po1_0.card_start_date,
        po1_0.card_status,
        po1_0.created_at,
        po1_0.order_no,
        po1_0.package_id,
        po1_0.package_name,
        po1_0.payment_method,
        po1_0.payment_time,
        po1_0.price,
        po1_0.remaining_times,
        po1_0.status,
        po1_0.transaction_type,
        po1_0.updated_at,
        po1_0.user_id 
    from
        payment_orders po1_0 
    where
        po1_0.user_id=?
2026-01-16 23:16:19.599 - 
    select
        po1_0.id,
        po1_0.card_end_date,
        po1_0.card_start_date,
        po1_0.card_status,
        po1_0.created_at,
        po1_0.order_no,
        po1_0.package_id,
        po1_0.package_name,
        po1_0.payment_method,
        po1_0.payment_time,
        po1_0.price,
        po1_0.remaining_times,
        po1_0.status,
        po1_0.transaction_type,
        po1_0.updated_at,
        po1_0.user_id 
    from
        payment_orders po1_0 
    where
        po1_0.user_id=? 
        and po1_0.status=?
2026-01-16 23:16:19.600 - 
    select
        mp1_0.id,
        mp1_0.avg_price_per_time,
        mp1_0.badge,
        mp1_0.category,
        mp1_0.code,
        mp1_0.description,
        mp1_0.features,
        mp1_0.is_active,
        mp1_0.name,
        mp1_0.people,
        mp1_0.price,
        mp1_0.sort_order,
        mp1_0.times_per_person,
        mp1_0.validity_days 
    from
        member_packages mp1_0 
    where
        mp1_0.id=?
2026-01-16 23:16:19.600 - 
    select
        bo1_0.id,
        bo1_0.cabin_name,
        bo1_0.consume_time,
        bo1_0.created_at,
        bo1_0.date,
        bo1_0.order_no,
        bo1_0.original_price,
        bo1_0.payment_method,
        bo1_0.payment_order_id,
        bo1_0.payment_status,
        bo1_0.payment_time,
        bo1_0.price,
        bo1_0.seat_name,
        bo1_0.status,
        bo1_0.time_slot,
        bo1_0.updated_at,
        bo1_0.user_id 
    from
        booking_orders bo1_0 
    where
        bo1_0.user_id=? 
    order by
        bo1_0.created_at desc
2026-01-16 23:16:19.620 - 
    select
        po1_0.id,
        po1_0.card_end_date,
        po1_0.card_start_date,
        po1_0.card_status,
        po1_0.created_at,
        po1_0.order_no,
        po1_0.package_id,
        po1_0.package_name,
        po1_0.payment_method,
        po1_0.payment_time,
        po1_0.price,
        po1_0.remaining_times,
        po1_0.status,
        po1_0.transaction_type,
        po1_0.updated_at,
        po1_0.user_id 
    from
        payment_orders po1_0 
    where
        po1_0.user_id=?
2026-01-16 23:16:19.621 - 
    select
        u1_0.id,
        u1_0.avatar_url,
        u1_0.created_at,
        u1_0.last_login_time,
        u1_0.member_expire_time,
        u1_0.member_level,
        u1_0.nickname,
        u1_0.openid,
        u1_0.phone,
        u1_0.points,
        u1_0.remaining_visits,
        u1_0.role,
        u1_0.total_visits,
        u1_0.updated_at 
    from
        users u1_0 
    where
        u1_0.id=?
2026-01-16 23:16:19.622 - 
    select
        mp1_0.id,
        mp1_0.avg_price_per_time,
        mp1_0.badge,
        mp1_0.category,
        mp1_0.code,
        mp1_0.description,
        mp1_0.features,
        mp1_0.is_active,
        mp1_0.name,
        mp1_0.people,
        mp1_0.price,
        mp1_0.sort_order,
        mp1_0.times_per_person,
        mp1_0.validity_days 
    from
        member_packages mp1_0 
    where
        mp1_0.id=?
2026-01-16 23:16:19.624 - 
    select
        po1_0.id,
        po1_0.card_end_date,
        po1_0.card_start_date,
        po1_0.card_status,
        po1_0.created_at,
        po1_0.order_no,
        po1_0.package_id,
        po1_0.package_name,
        po1_0.payment_method,
        po1_0.payment_time,
        po1_0.price,
        po1_0.remaining_times,
        po1_0.status,
        po1_0.transaction_type,
        po1_0.updated_at,
        po1_0.user_id 
    from
        payment_orders po1_0 
    where
        po1_0.user_id=? 
        and po1_0.status=?
2026-01-16 23:16:19.624 - 
    select
        u1_0.id,
        u1_0.avatar_url,
        u1_0.created_at,
        u1_0.last_login_time,
        u1_0.member_expire_time,
        u1_0.member_level,
        u1_0.nickname,
        u1_0.openid,
        u1_0.phone,
        u1_0.points,
        u1_0.remaining_visits,
        u1_0.role,
        u1_0.total_visits,
        u1_0.updated_at 
    from
        users u1_0 
    where
        u1_0.id=?
2026-01-16 23:16:19.627 - 
    select
        bo1_0.id,
        bo1_0.cabin_name,
        bo1_0.consume_time,
        bo1_0.created_at,
        bo1_0.date,
        bo1_0.order_no,
        bo1_0.original_price,
        bo1_0.payment_method,
        bo1_0.payment_order_id,
        bo1_0.payment_status,
        bo1_0.payment_time,
        bo1_0.price,
        bo1_0.seat_name,
        bo1_0.status,
        bo1_0.time_slot,
        bo1_0.updated_at,
        bo1_0.user_id 
    from
        booking_orders bo1_0 
    where
        bo1_0.user_id=? 
    order by
        bo1_0.created_at desc
2026-01-16 23:16:19.658 - 
    select
        u1_0.id,
        u1_0.avatar_url,
        u1_0.created_at,
        u1_0.last_login_time,
        u1_0.member_expire_time,
        u1_0.member_level,
        u1_0.nickname,
        u1_0.openid,
        u1_0.phone,
        u1_0.points,
        u1_0.remaining_visits,
        u1_0.role,
        u1_0.total_visits,
        u1_0.updated_at 
    from
        users u1_0 
    where
        u1_0.id=?
2026-01-16 23:16:19.661 - 
    select
        po1_0.id,
        po1_0.card_end_date,
        po1_0.card_start_date,
        po1_0.card_status,
        po1_0.created_at,
        po1_0.order_no,
        po1_0.package_id,
        po1_0.package_name,
        po1_0.payment_method,
        po1_0.payment_time,
        po1_0.price,
        po1_0.remaining_times,
        po1_0.status,
        po1_0.transaction_type,
        po1_0.updated_at,
        po1_0.user_id 
    from
        payment_orders po1_0 
    where
        po1_0.user_id=? 
        and po1_0.status=?
2026-01-16 23:16:19.686 - 
    select
        u1_0.id,
        u1_0.avatar_url,
        u1_0.created_at,
        u1_0.last_login_time,
        u1_0.member_expire_time,
        u1_0.member_level,
        u1_0.nickname,
        u1_0.openid,
        u1_0.phone,
        u1_0.points,
        u1_0.remaining_visits,
        u1_0.role,
        u1_0.total_visits,
        u1_0.updated_at 
    from
        users u1_0 
    where
        u1_0.id=?
2026-01-16 23:16:19.691 - 
    select
        po1_0.id,
        po1_0.card_end_date,
        po1_0.card_start_date,
        po1_0.card_status,
        po1_0.created_at,
        po1_0.order_no,
        po1_0.package_id,
        po1_0.package_name,
        po1_0.payment_method,
        po1_0.payment_time,
        po1_0.price,
        po1_0.remaining_times,
        po1_0.status,
        po1_0.transaction_type,
        po1_0.updated_at,
        po1_0.user_id 
    from
        payment_orders po1_0 
    where
        po1_0.user_id=? 
        and po1_0.status=?
2026-01-16 23:16:20.919 - 
    select
        mp1_0.id,
        mp1_0.avg_price_per_time,
        mp1_0.badge,
        mp1_0.category,
        mp1_0.code,
        mp1_0.description,
        mp1_0.features,
        mp1_0.is_active,
        mp1_0.name,
        mp1_0.people,
        mp1_0.price,
        mp1_0.sort_order,
        mp1_0.times_per_person,
        mp1_0.validity_days 
    from
        member_packages mp1_0 
    where
        mp1_0.is_active 
    order by
        mp1_0.sort_order
2026-01-16 23:16:27.011 - 
    select
        po1_0.id,
        po1_0.card_end_date,
        po1_0.card_start_date,
        po1_0.card_status,
        po1_0.created_at,
        po1_0.order_no,
        po1_0.package_id,
        po1_0.package_name,
        po1_0.payment_method,
        po1_0.payment_time,
        po1_0.price,
        po1_0.remaining_times,
        po1_0.status,
        po1_0.transaction_type,
        po1_0.updated_at,
        po1_0.user_id 
    from
        payment_orders po1_0 
    where
        po1_0.user_id=?
2026-01-16 23:16:27.026 - 
    select
        mp1_0.id,
        mp1_0.avg_price_per_time,
        mp1_0.badge,
        mp1_0.category,
        mp1_0.code,
        mp1_0.description,
        mp1_0.features,
        mp1_0.is_active,
        mp1_0.name,
        mp1_0.people,
        mp1_0.price,
        mp1_0.sort_order,
        mp1_0.times_per_person,
        mp1_0.validity_days 
    from
        member_packages mp1_0 
    where
        mp1_0.id=?
2026-01-16 23:16:27.045 - 
    select
        po1_0.id,
        po1_0.card_end_date,
        po1_0.card_start_date,
        po1_0.card_status,
        po1_0.created_at,
        po1_0.order_no,
        po1_0.package_id,
        po1_0.package_name,
        po1_0.payment_method,
        po1_0.payment_time,
        po1_0.price,
        po1_0.remaining_times,
        po1_0.status,
        po1_0.transaction_type,
        po1_0.updated_at,
        po1_0.user_id 
    from
        payment_orders po1_0 
    where
        po1_0.user_id=?
2026-01-16 23:16:27.049 - 
    select
        mp1_0.id,
        mp1_0.avg_price_per_time,
        mp1_0.badge,
        mp1_0.category,
        mp1_0.code,
        mp1_0.description,
        mp1_0.features,
        mp1_0.is_active,
        mp1_0.name,
        mp1_0.people,
        mp1_0.price,
        mp1_0.sort_order,
        mp1_0.times_per_person,
        mp1_0.validity_days 
    from
        member_packages mp1_0 
    where
        mp1_0.id=?
2026-01-16 23:16:31.906 - 
    select
        bo1_0.id,
        bo1_0.cabin_name,
        bo1_0.consume_time,
        bo1_0.created_at,
        bo1_0.date,
        bo1_0.order_no,
        bo1_0.original_price,
        bo1_0.payment_method,
        bo1_0.payment_order_id,
        bo1_0.payment_status,
        bo1_0.payment_time,
        bo1_0.price,
        bo1_0.seat_name,
        bo1_0.status,
        bo1_0.time_slot,
        bo1_0.updated_at,
        bo1_0.user_id 
    from
        booking_orders bo1_0 
    where
        bo1_0.date=? 
        and bo1_0.time_slot=? 
        and bo1_0.status!=?
2026-01-16 23:16:34.296 - 
    select
        po1_0.id,
        po1_0.card_end_date,
        po1_0.card_start_date,
        po1_0.card_status,
        po1_0.created_at,
        po1_0.order_no,
        po1_0.package_id,
        po1_0.package_name,
        po1_0.payment_method,
        po1_0.payment_time,
        po1_0.price,
        po1_0.remaining_times,
        po1_0.status,
        po1_0.transaction_type,
        po1_0.updated_at,
        po1_0.user_id 
    from
        payment_orders po1_0 
    where
        po1_0.user_id=?
2026-01-16 23:16:34.298 - 
    select
        mp1_0.id,
        mp1_0.avg_price_per_time,
        mp1_0.badge,
        mp1_0.category,
        mp1_0.code,
        mp1_0.description,
        mp1_0.features,
        mp1_0.is_active,
        mp1_0.name,
        mp1_0.people,
        mp1_0.price,
        mp1_0.sort_order,
        mp1_0.times_per_person,
        mp1_0.validity_days 
    from
        member_packages mp1_0 
    where
        mp1_0.id=?
2026-01-16 23:16:34.323 - 
    select
        u1_0.id,
        u1_0.avatar_url,
        u1_0.created_at,
        u1_0.last_login_time,
        u1_0.member_expire_time,
        u1_0.member_level,
        u1_0.nickname,
        u1_0.openid,
        u1_0.phone,
        u1_0.points,
        u1_0.remaining_visits,
        u1_0.role,
        u1_0.total_visits,
        u1_0.updated_at 
    from
        users u1_0 
    where
        u1_0.id=?
2026-01-16 23:16:34.326 - 
    select
        bo1_0.id,
        bo1_0.cabin_name,
        bo1_0.consume_time,
        bo1_0.created_at,
        bo1_0.date,
        bo1_0.order_no,
        bo1_0.original_price,
        bo1_0.payment_method,
        bo1_0.payment_order_id,
        bo1_0.payment_status,
        bo1_0.payment_time,
        bo1_0.price,
        bo1_0.seat_name,
        bo1_0.status,
        bo1_0.time_slot,
        bo1_0.updated_at,
        bo1_0.user_id 
    from
        booking_orders bo1_0 
    where
        bo1_0.user_id=? 
        and bo1_0.date=? 
        and bo1_0.status!=?
2026-01-16 23:16:34.345 - 
    select
        u1_0.id,
        u1_0.avatar_url,
        u1_0.created_at,
        u1_0.last_login_time,
        u1_0.member_expire_time,
        u1_0.member_level,
        u1_0.nickname,
        u1_0.openid,
        u1_0.phone,
        u1_0.points,
        u1_0.remaining_visits,
        u1_0.role,
        u1_0.total_visits,
        u1_0.updated_at 
    from
        users u1_0 
    where
        u1_0.id=?
2026-01-16 23:16:34.347 - 
    select
        bo1_0.id,
        bo1_0.cabin_name,
        bo1_0.consume_time,
        bo1_0.created_at,
        bo1_0.date,
        bo1_0.order_no,
        bo1_0.original_price,
        bo1_0.payment_method,
        bo1_0.payment_order_id,
        bo1_0.payment_status,
        bo1_0.payment_time,
        bo1_0.price,
        bo1_0.seat_name,
        bo1_0.status,
        bo1_0.time_slot,
        bo1_0.updated_at,
        bo1_0.user_id 
    from
        booking_orders bo1_0 
    where
        bo1_0.user_id=? 
        and bo1_0.date=? 
        and bo1_0.status!=?
2026-01-16 23:16:34.351 - 
    select
        bo1_0.id,
        bo1_0.cabin_name,
        bo1_0.consume_time,
        bo1_0.created_at,
        bo1_0.date,
        bo1_0.order_no,
        bo1_0.original_price,
        bo1_0.payment_method,
        bo1_0.payment_order_id,
        bo1_0.payment_status,
        bo1_0.payment_time,
        bo1_0.price,
        bo1_0.seat_name,
        bo1_0.status,
        bo1_0.time_slot,
        bo1_0.updated_at,
        bo1_0.user_id 
    from
        booking_orders bo1_0 
    where
        bo1_0.date=? 
        and bo1_0.time_slot=? 
        and bo1_0.cabin_name=? 
        and bo1_0.seat_name=? 
        and bo1_0.status!=?
2026-01-16 23:16:34.352 - 
    select
        po1_0.id,
        po1_0.card_end_date,
        po1_0.card_start_date,
        po1_0.card_status,
        po1_0.created_at,
        po1_0.order_no,
        po1_0.package_id,
        po1_0.package_name,
        po1_0.payment_method,
        po1_0.payment_time,
        po1_0.price,
        po1_0.remaining_times,
        po1_0.status,
        po1_0.transaction_type,
        po1_0.updated_at,
        po1_0.user_id 
    from
        payment_orders po1_0 
    where
        po1_0.user_id=?
2026-01-16 23:16:34.354 - 
    select
        mp1_0.id,
        mp1_0.avg_price_per_time,
        mp1_0.badge,
        mp1_0.category,
        mp1_0.code,
        mp1_0.description,
        mp1_0.features,
        mp1_0.is_active,
        mp1_0.name,
        mp1_0.people,
        mp1_0.price,
        mp1_0.sort_order,
        mp1_0.times_per_person,
        mp1_0.validity_days 
    from
        member_packages mp1_0 
    where
        mp1_0.id=?
2026-01-16 23:16:34.361 - 
    insert 
    into
        booking_orders
        (cabin_name, consume_time, created_at, date, order_no, original_price, payment_method, payment_order_id, payment_status, payment_time, price, seat_name, status, time_slot, updated_at, user_id) 
    values
        (?, ?, ?, ?, ?, ?, ?, ?, ?, ?, ?, ?, ?, ?, ?, ?)
2026-01-16 23:16:35.767 - 
    select
        u1_0.id,
        u1_0.avatar_url,
        u1_0.created_at,
        u1_0.last_login_time,
        u1_0.member_expire_time,
        u1_0.member_level,
        u1_0.nickname,
        u1_0.openid,
        u1_0.phone,
        u1_0.points,
        u1_0.remaining_visits,
        u1_0.role,
        u1_0.total_visits,
        u1_0.updated_at 
    from
        users u1_0 
    where
        u1_0.id=?
2026-01-16 23:16:35.776 - 
    select
        po1_0.id,
        po1_0.card_end_date,
        po1_0.card_start_date,
        po1_0.card_status,
        po1_0.created_at,
        po1_0.order_no,
        po1_0.package_id,
        po1_0.package_name,
        po1_0.payment_method,
        po1_0.payment_time,
        po1_0.price,
        po1_0.remaining_times,
        po1_0.status,
        po1_0.transaction_type,
        po1_0.updated_at,
        po1_0.user_id 
    from
        payment_orders po1_0 
    where
        po1_0.user_id=? 
        and po1_0.status=?
2026-01-16 23:16:35.779 - 
    select
        po1_0.id,
        po1_0.card_end_date,
        po1_0.card_start_date,
        po1_0.card_status,
        po1_0.created_at,
        po1_0.order_no,
        po1_0.package_id,
        po1_0.package_name,
        po1_0.payment_method,
        po1_0.payment_time,
        po1_0.price,
        po1_0.remaining_times,
        po1_0.status,
        po1_0.transaction_type,
        po1_0.updated_at,
        po1_0.user_id 
    from
        payment_orders po1_0 
    where
        po1_0.user_id=?
2026-01-16 23:16:35.783 - 
    select
        u1_0.id,
        u1_0.avatar_url,
        u1_0.created_at,
        u1_0.last_login_time,
        u1_0.member_expire_time,
        u1_0.member_level,
        u1_0.nickname,
        u1_0.openid,
        u1_0.phone,
        u1_0.points,
        u1_0.remaining_visits,
        u1_0.role,
        u1_0.total_visits,
        u1_0.updated_at 
    from
        users u1_0 
    where
        u1_0.id=?
2026-01-16 23:16:35.785 - 
    select
        mp1_0.id,
        mp1_0.avg_price_per_time,
        mp1_0.badge,
        mp1_0.category,
        mp1_0.code,
        mp1_0.description,
        mp1_0.features,
        mp1_0.is_active,
        mp1_0.name,
        mp1_0.people,
        mp1_0.price,
        mp1_0.sort_order,
        mp1_0.times_per_person,
        mp1_0.validity_days 
    from
        member_packages mp1_0 
    where
        mp1_0.id=?
2026-01-16 23:16:35.788 - 
    select
        bo1_0.id,
        bo1_0.cabin_name,
        bo1_0.consume_time,
        bo1_0.created_at,
        bo1_0.date,
        bo1_0.order_no,
        bo1_0.original_price,
        bo1_0.payment_method,
        bo1_0.payment_order_id,
        bo1_0.payment_status,
        bo1_0.payment_time,
        bo1_0.price,
        bo1_0.seat_name,
        bo1_0.status,
        bo1_0.time_slot,
        bo1_0.updated_at,
        bo1_0.user_id 
    from
        booking_orders bo1_0 
    where
        bo1_0.user_id=? 
    order by
        bo1_0.created_at desc
2026-01-16 23:16:35.793 - 
    select
        u1_0.id,
        u1_0.avatar_url,
        u1_0.created_at,
        u1_0.last_login_time,
        u1_0.member_expire_time,
        u1_0.member_level,
        u1_0.nickname,
        u1_0.openid,
        u1_0.phone,
        u1_0.points,
        u1_0.remaining_visits,
        u1_0.role,
        u1_0.total_visits,
        u1_0.updated_at 
    from
        users u1_0 
    where
        u1_0.id=?
2026-01-16 23:16:35.803 - 
    select
        po1_0.id,
        po1_0.card_end_date,
        po1_0.card_start_date,
        po1_0.card_status,
        po1_0.created_at,
        po1_0.order_no,
        po1_0.package_id,
        po1_0.package_name,
        po1_0.payment_method,
        po1_0.payment_time,
        po1_0.price,
        po1_0.remaining_times,
        po1_0.status,
        po1_0.transaction_type,
        po1_0.updated_at,
        po1_0.user_id 
    from
        payment_orders po1_0 
    where
        po1_0.user_id=? 
        and po1_0.status=?
2026-01-16 23:16:35.807 - 
    select
        u1_0.id,
        u1_0.avatar_url,
        u1_0.created_at,
        u1_0.last_login_time,
        u1_0.member_expire_time,
        u1_0.member_level,
        u1_0.nickname,
        u1_0.openid,
        u1_0.phone,
        u1_0.points,
        u1_0.remaining_visits,
        u1_0.role,
        u1_0.total_visits,
        u1_0.updated_at 
    from
        users u1_0 
    where
        u1_0.id=?
2026-01-16 23:16:35.808 - 
    select
        po1_0.id,
        po1_0.card_end_date,
        po1_0.card_start_date,
        po1_0.card_status,
        po1_0.created_at,
        po1_0.order_no,
        po1_0.package_id,
        po1_0.package_name,
        po1_0.payment_method,
        po1_0.payment_time,
        po1_0.price,
        po1_0.remaining_times,
        po1_0.status,
        po1_0.transaction_type,
        po1_0.updated_at,
        po1_0.user_id 
    from
        payment_orders po1_0 
    where
        po1_0.user_id=?
2026-01-16 23:16:35.811 - 
    select
        mp1_0.id,
        mp1_0.avg_price_per_time,
        mp1_0.badge,
        mp1_0.category,
        mp1_0.code,
        mp1_0.description,
        mp1_0.features,
        mp1_0.is_active,
        mp1_0.name,
        mp1_0.people,
        mp1_0.price,
        mp1_0.sort_order,
        mp1_0.times_per_person,
        mp1_0.validity_days 
    from
        member_packages mp1_0 
    where
        mp1_0.id=?
2026-01-16 23:16:35.811 - 
    select
        bo1_0.id,
        bo1_0.cabin_name,
        bo1_0.consume_time,
        bo1_0.created_at,
        bo1_0.date,
        bo1_0.order_no,
        bo1_0.original_price,
        bo1_0.payment_method,
        bo1_0.payment_order_id,
        bo1_0.payment_status,
        bo1_0.payment_time,
        bo1_0.price,
        bo1_0.seat_name,
        bo1_0.status,
        bo1_0.time_slot,
        bo1_0.updated_at,
        bo1_0.user_id 
    from
        booking_orders bo1_0 
    where
        bo1_0.user_id=? 
    order by
        bo1_0.created_at desc
2026-01-16 23:16:35.827 - 
    select
        u1_0.id,
        u1_0.avatar_url,
        u1_0.created_at,
        u1_0.last_login_time,
        u1_0.member_expire_time,
        u1_0.member_level,
        u1_0.nickname,
        u1_0.openid,
        u1_0.phone,
        u1_0.points,
        u1_0.remaining_visits,
        u1_0.role,
        u1_0.total_visits,
        u1_0.updated_at 
    from
        users u1_0 
    where
        u1_0.id=?
2026-01-16 23:16:35.830 - 
    select
        po1_0.id,
        po1_0.card_end_date,
        po1_0.card_start_date,
        po1_0.card_status,
        po1_0.created_at,
        po1_0.order_no,
        po1_0.package_id,
        po1_0.package_name,
        po1_0.payment_method,
        po1_0.payment_time,
        po1_0.price,
        po1_0.remaining_times,
        po1_0.status,
        po1_0.transaction_type,
        po1_0.updated_at,
        po1_0.user_id 
    from
        payment_orders po1_0 
    where
        po1_0.user_id=? 
        and po1_0.status=?
2026-01-16 23:16:35.844 - 
    select
        u1_0.id,
        u1_0.avatar_url,
        u1_0.created_at,
        u1_0.last_login_time,
        u1_0.member_expire_time,
        u1_0.member_level,
        u1_0.nickname,
        u1_0.openid,
        u1_0.phone,
        u1_0.points,
        u1_0.remaining_visits,
        u1_0.role,
        u1_0.total_visits,
        u1_0.updated_at 
    from
        users u1_0 
    where
        u1_0.id=?
2026-01-16 23:16:35.848 - 
    select
        po1_0.id,
        po1_0.card_end_date,
        po1_0.card_start_date,
        po1_0.card_status,
        po1_0.created_at,
        po1_0.order_no,
        po1_0.package_id,
        po1_0.package_name,
        po1_0.payment_method,
        po1_0.payment_time,
        po1_0.price,
        po1_0.remaining_times,
        po1_0.status,
        po1_0.transaction_type,
        po1_0.updated_at,
        po1_0.user_id 
    from
        payment_orders po1_0 
    where
        po1_0.user_id=? 
        and po1_0.status=?
2026-01-16 23:16:36.248 - 
    select
        u1_0.id,
        u1_0.avatar_url,
        u1_0.created_at,
        u1_0.last_login_time,
        u1_0.member_expire_time,
        u1_0.member_level,
        u1_0.nickname,
        u1_0.openid,
        u1_0.phone,
        u1_0.points,
        u1_0.remaining_visits,
        u1_0.role,
        u1_0.total_visits,
        u1_0.updated_at 
    from
        users u1_0 
    where
        u1_0.id=?
2026-01-16 23:16:36.248 - 
    select
        po1_0.id,
        po1_0.card_end_date,
        po1_0.card_start_date,
        po1_0.card_status,
        po1_0.created_at,
        po1_0.order_no,
        po1_0.package_id,
        po1_0.package_name,
        po1_0.payment_method,
        po1_0.payment_time,
        po1_0.price,
        po1_0.remaining_times,
        po1_0.status,
        po1_0.transaction_type,
        po1_0.updated_at,
        po1_0.user_id 
    from
        payment_orders po1_0 
    where
        po1_0.user_id=?
2026-01-16 23:16:36.250 - 
    select
        u1_0.id,
        u1_0.avatar_url,
        u1_0.created_at,
        u1_0.last_login_time,
        u1_0.member_expire_time,
        u1_0.member_level,
        u1_0.nickname,
        u1_0.openid,
        u1_0.phone,
        u1_0.points,
        u1_0.remaining_visits,
        u1_0.role,
        u1_0.total_visits,
        u1_0.updated_at 
    from
        users u1_0 
    where
        u1_0.id=?
2026-01-16 23:16:36.252 - 
    select
        mp1_0.id,
        mp1_0.avg_price_per_time,
        mp1_0.badge,
        mp1_0.category,
        mp1_0.code,
        mp1_0.description,
        mp1_0.features,
        mp1_0.is_active,
        mp1_0.name,
        mp1_0.people,
        mp1_0.price,
        mp1_0.sort_order,
        mp1_0.times_per_person,
        mp1_0.validity_days 
    from
        member_packages mp1_0 
    where
        mp1_0.id=?
2026-01-16 23:16:36.252 - 
    select
        po1_0.id,
        po1_0.card_end_date,
        po1_0.card_start_date,
        po1_0.card_status,
        po1_0.created_at,
        po1_0.order_no,
        po1_0.package_id,
        po1_0.package_name,
        po1_0.payment_method,
        po1_0.payment_time,
        po1_0.price,
        po1_0.remaining_times,
        po1_0.status,
        po1_0.transaction_type,
        po1_0.updated_at,
        po1_0.user_id 
    from
        payment_orders po1_0 
    where
        po1_0.user_id=? 
        and po1_0.status=?
2026-01-16 23:16:36.252 - 
    select
        bo1_0.id,
        bo1_0.cabin_name,
        bo1_0.consume_time,
        bo1_0.created_at,
        bo1_0.date,
        bo1_0.order_no,
        bo1_0.original_price,
        bo1_0.payment_method,
        bo1_0.payment_order_id,
        bo1_0.payment_status,
        bo1_0.payment_time,
        bo1_0.price,
        bo1_0.seat_name,
        bo1_0.status,
        bo1_0.time_slot,
        bo1_0.updated_at,
        bo1_0.user_id 
    from
        booking_orders bo1_0 
    where
        bo1_0.user_id=? 
    order by
        bo1_0.created_at desc
2026-01-16 23:16:36.264 - 
    select
        po1_0.id,
        po1_0.card_end_date,
        po1_0.card_start_date,
        po1_0.card_status,
        po1_0.created_at,
        po1_0.order_no,
        po1_0.package_id,
        po1_0.package_name,
        po1_0.payment_method,
        po1_0.payment_time,
        po1_0.price,
        po1_0.remaining_times,
        po1_0.status,
        po1_0.transaction_type,
        po1_0.updated_at,
        po1_0.user_id 
    from
        payment_orders po1_0 
    where
        po1_0.user_id=?
2026-01-16 23:16:36.266 - 
    select
        u1_0.id,
        u1_0.avatar_url,
        u1_0.created_at,
        u1_0.last_login_time,
        u1_0.member_expire_time,
        u1_0.member_level,
        u1_0.nickname,
        u1_0.openid,
        u1_0.phone,
        u1_0.points,
        u1_0.remaining_visits,
        u1_0.role,
        u1_0.total_visits,
        u1_0.updated_at 
    from
        users u1_0 
    where
        u1_0.id=?
2026-01-16 23:16:36.267 - 
    select
        mp1_0.id,
        mp1_0.avg_price_per_time,
        mp1_0.badge,
        mp1_0.category,
        mp1_0.code,
        mp1_0.description,
        mp1_0.features,
        mp1_0.is_active,
        mp1_0.name,
        mp1_0.people,
        mp1_0.price,
        mp1_0.sort_order,
        mp1_0.times_per_person,
        mp1_0.validity_days 
    from
        member_packages mp1_0 
    where
        mp1_0.id=?
2026-01-16 23:16:36.269 - 
    select
        po1_0.id,
        po1_0.card_end_date,
        po1_0.card_start_date,
        po1_0.card_status,
        po1_0.created_at,
        po1_0.order_no,
        po1_0.package_id,
        po1_0.package_name,
        po1_0.payment_method,
        po1_0.payment_time,
        po1_0.price,
        po1_0.remaining_times,
        po1_0.status,
        po1_0.transaction_type,
        po1_0.updated_at,
        po1_0.user_id 
    from
        payment_orders po1_0 
    where
        po1_0.user_id=? 
        and po1_0.status=?
2026-01-16 23:16:36.292 - 
    select
        u1_0.id,
        u1_0.avatar_url,
        u1_0.created_at,
        u1_0.last_login_time,
        u1_0.member_expire_time,
        u1_0.member_level,
        u1_0.nickname,
        u1_0.openid,
        u1_0.phone,
        u1_0.points,
        u1_0.remaining_visits,
        u1_0.role,
        u1_0.total_visits,
        u1_0.updated_at 
    from
        users u1_0 
    where
        u1_0.id=?
2026-01-16 23:16:36.299 - 
    select
        bo1_0.id,
        bo1_0.cabin_name,
        bo1_0.consume_time,
        bo1_0.created_at,
        bo1_0.date,
        bo1_0.order_no,
        bo1_0.original_price,
        bo1_0.payment_method,
        bo1_0.payment_order_id,
        bo1_0.payment_status,
        bo1_0.payment_time,
        bo1_0.price,
        bo1_0.seat_name,
        bo1_0.status,
        bo1_0.time_slot,
        bo1_0.updated_at,
        bo1_0.user_id 
    from
        booking_orders bo1_0 
    where
        bo1_0.user_id=? 
    order by
        bo1_0.created_at desc
2026-01-16 23:16:36.312 - 
    select
        u1_0.id,
        u1_0.avatar_url,
        u1_0.created_at,
        u1_0.last_login_time,
        u1_0.member_expire_time,
        u1_0.member_level,
        u1_0.nickname,
        u1_0.openid,
        u1_0.phone,
        u1_0.points,
        u1_0.remaining_visits,
        u1_0.role,
        u1_0.total_visits,
        u1_0.updated_at 
    from
        users u1_0 
    where
        u1_0.id=?
2026-01-16 23:16:36.315 - 
    select
        po1_0.id,
        po1_0.card_end_date,
        po1_0.card_start_date,
        po1_0.card_status,
        po1_0.created_at,
        po1_0.order_no,
        po1_0.package_id,
        po1_0.package_name,
        po1_0.payment_method,
        po1_0.payment_time,
        po1_0.price,
        po1_0.remaining_times,
        po1_0.status,
        po1_0.transaction_type,
        po1_0.updated_at,
        po1_0.user_id 
    from
        payment_orders po1_0 
    where
        po1_0.user_id=? 
        and po1_0.status=?
2026-01-16 23:16:36.324 - 
    select
        u1_0.id,
        u1_0.avatar_url,
        u1_0.created_at,
        u1_0.last_login_time,
        u1_0.member_expire_time,
        u1_0.member_level,
        u1_0.nickname,
        u1_0.openid,
        u1_0.phone,
        u1_0.points,
        u1_0.remaining_visits,
        u1_0.role,
        u1_0.total_visits,
        u1_0.updated_at 
    from
        users u1_0 
    where
        u1_0.id=?
2026-01-16 23:16:36.327 - 
    select
        po1_0.id,
        po1_0.card_end_date,
        po1_0.card_start_date,
        po1_0.card_status,
        po1_0.created_at,
        po1_0.order_no,
        po1_0.package_id,
        po1_0.package_name,
        po1_0.payment_method,
        po1_0.payment_time,
        po1_0.price,
        po1_0.remaining_times,
        po1_0.status,
        po1_0.transaction_type,
        po1_0.updated_at,
        po1_0.user_id 
    from
        payment_orders po1_0 
    where
        po1_0.user_id=? 
        and po1_0.status=?
2026-01-16 23:19:10.339 - 
    select
        mp1_0.id,
        mp1_0.avg_price_per_time,
        mp1_0.badge,
        mp1_0.category,
        mp1_0.code,
        mp1_0.description,
        mp1_0.features,
        mp1_0.is_active,
        mp1_0.name,
        mp1_0.people,
        mp1_0.price,
        mp1_0.sort_order,
        mp1_0.times_per_person,
        mp1_0.validity_days 
    from
        member_packages mp1_0 
    where
        mp1_0.is_active 
    order by
        mp1_0.sort_order
2026-01-16 23:19:13.116 - 
    select
        po1_0.id,
        po1_0.card_end_date,
        po1_0.card_start_date,
        po1_0.card_status,
        po1_0.created_at,
        po1_0.order_no,
        po1_0.package_id,
        po1_0.package_name,
        po1_0.payment_method,
        po1_0.payment_time,
        po1_0.price,
        po1_0.remaining_times,
        po1_0.status,
        po1_0.transaction_type,
        po1_0.updated_at,
        po1_0.user_id 
    from
        payment_orders po1_0 
    where
        po1_0.user_id=?
2026-01-16 23:19:13.117 - 
    select
        u1_0.id,
        u1_0.avatar_url,
        u1_0.created_at,
        u1_0.last_login_time,
        u1_0.member_expire_time,
        u1_0.member_level,
        u1_0.nickname,
        u1_0.openid,
        u1_0.phone,
        u1_0.points,
        u1_0.remaining_visits,
        u1_0.role,
        u1_0.total_visits,
        u1_0.updated_at 
    from
        users u1_0 
    where
        u1_0.id=?
2026-01-16 23:19:13.117 - 
    select
        u1_0.id,
        u1_0.avatar_url,
        u1_0.created_at,
        u1_0.last_login_time,
        u1_0.member_expire_time,
        u1_0.member_level,
        u1_0.nickname,
        u1_0.openid,
        u1_0.phone,
        u1_0.points,
        u1_0.remaining_visits,
        u1_0.role,
        u1_0.total_visits,
        u1_0.updated_at 
    from
        users u1_0 
    where
        u1_0.id=?
2026-01-16 23:19:13.119 - 
    select
        mp1_0.id,
        mp1_0.avg_price_per_time,
        mp1_0.badge,
        mp1_0.category,
        mp1_0.code,
        mp1_0.description,
        mp1_0.features,
        mp1_0.is_active,
        mp1_0.name,
        mp1_0.people,
        mp1_0.price,
        mp1_0.sort_order,
        mp1_0.times_per_person,
        mp1_0.validity_days 
    from
        member_packages mp1_0 
    where
        mp1_0.id=?
2026-01-16 23:19:13.120 - 
    select
        bo1_0.id,
        bo1_0.cabin_name,
        bo1_0.consume_time,
        bo1_0.created_at,
        bo1_0.date,
        bo1_0.order_no,
        bo1_0.original_price,
        bo1_0.payment_method,
        bo1_0.payment_order_id,
        bo1_0.payment_status,
        bo1_0.payment_time,
        bo1_0.price,
        bo1_0.seat_name,
        bo1_0.status,
        bo1_0.time_slot,
        bo1_0.updated_at,
        bo1_0.user_id 
    from
        booking_orders bo1_0 
    where
        bo1_0.user_id=? 
    order by
        bo1_0.created_at desc
2026-01-16 23:19:13.120 - 
    select
        po1_0.id,
        po1_0.card_end_date,
        po1_0.card_start_date,
        po1_0.card_status,
        po1_0.created_at,
        po1_0.order_no,
        po1_0.package_id,
        po1_0.package_name,
        po1_0.payment_method,
        po1_0.payment_time,
        po1_0.price,
        po1_0.remaining_times,
        po1_0.status,
        po1_0.transaction_type,
        po1_0.updated_at,
        po1_0.user_id 
    from
        payment_orders po1_0 
    where
        po1_0.user_id=? 
        and po1_0.status=?
2026-01-16 23:19:13.129 - 
    select
        po1_0.id,
        po1_0.card_end_date,
        po1_0.card_start_date,
        po1_0.card_status,
        po1_0.created_at,
        po1_0.order_no,
        po1_0.package_id,
        po1_0.package_name,
        po1_0.payment_method,
        po1_0.payment_time,
        po1_0.price,
        po1_0.remaining_times,
        po1_0.status,
        po1_0.transaction_type,
        po1_0.updated_at,
        po1_0.user_id 
    from
        payment_orders po1_0 
    where
        po1_0.user_id=?
2026-01-16 23:19:13.129 - 
    select
        u1_0.id,
        u1_0.avatar_url,
        u1_0.created_at,
        u1_0.last_login_time,
        u1_0.member_expire_time,
        u1_0.member_level,
        u1_0.nickname,
        u1_0.openid,
        u1_0.phone,
        u1_0.points,
        u1_0.remaining_visits,
        u1_0.role,
        u1_0.total_visits,
        u1_0.updated_at 
    from
        users u1_0 
    where
        u1_0.id=?
2026-01-16 23:19:13.130 - 
    select
        u1_0.id,
        u1_0.avatar_url,
        u1_0.created_at,
        u1_0.last_login_time,
        u1_0.member_expire_time,
        u1_0.member_level,
        u1_0.nickname,
        u1_0.openid,
        u1_0.phone,
        u1_0.points,
        u1_0.remaining_visits,
        u1_0.role,
        u1_0.total_visits,
        u1_0.updated_at 
    from
        users u1_0 
    where
        u1_0.id=?
2026-01-16 23:19:13.187 - 
    select
        mp1_0.id,
        mp1_0.avg_price_per_time,
        mp1_0.badge,
        mp1_0.category,
        mp1_0.code,
        mp1_0.description,
        mp1_0.features,
        mp1_0.is_active,
        mp1_0.name,
        mp1_0.people,
        mp1_0.price,
        mp1_0.sort_order,
        mp1_0.times_per_person,
        mp1_0.validity_days 
    from
        member_packages mp1_0 
    where
        mp1_0.id=?
2026-01-16 23:19:13.187 - 
    select
        bo1_0.id,
        bo1_0.cabin_name,
        bo1_0.consume_time,
        bo1_0.created_at,
        bo1_0.date,
        bo1_0.order_no,
        bo1_0.original_price,
        bo1_0.payment_method,
        bo1_0.payment_order_id,
        bo1_0.payment_status,
        bo1_0.payment_time,
        bo1_0.price,
        bo1_0.seat_name,
        bo1_0.status,
        bo1_0.time_slot,
        bo1_0.updated_at,
        bo1_0.user_id 
    from
        booking_orders bo1_0 
    where
        bo1_0.user_id=? 
    order by
        bo1_0.created_at desc
2026-01-16 23:19:13.187 - 
    select
        po1_0.id,
        po1_0.card_end_date,
        po1_0.card_start_date,
        po1_0.card_status,
        po1_0.created_at,
        po1_0.order_no,
        po1_0.package_id,
        po1_0.package_name,
        po1_0.payment_method,
        po1_0.payment_time,
        po1_0.price,
        po1_0.remaining_times,
        po1_0.status,
        po1_0.transaction_type,
        po1_0.updated_at,
        po1_0.user_id 
    from
        payment_orders po1_0 
    where
        po1_0.user_id=? 
        and po1_0.status=?
2026-01-16 23:19:13.194 - 
    select
        u1_0.id,
        u1_0.avatar_url,
        u1_0.created_at,
        u1_0.last_login_time,
        u1_0.member_expire_time,
        u1_0.member_level,
        u1_0.nickname,
        u1_0.openid,
        u1_0.phone,
        u1_0.points,
        u1_0.remaining_visits,
        u1_0.role,
        u1_0.total_visits,
        u1_0.updated_at 
    from
        users u1_0 
    where
        u1_0.id=?
2026-01-16 23:19:13.196 - 
    select
        po1_0.id,
        po1_0.card_end_date,
        po1_0.card_start_date,
        po1_0.card_status,
        po1_0.created_at,
        po1_0.order_no,
        po1_0.package_id,
        po1_0.package_name,
        po1_0.payment_method,
        po1_0.payment_time,
        po1_0.price,
        po1_0.remaining_times,
        po1_0.status,
        po1_0.transaction_type,
        po1_0.updated_at,
        po1_0.user_id 
    from
        payment_orders po1_0 
    where
        po1_0.user_id=? 
        and po1_0.status=?
2026-01-16 23:19:13.210 - 
    select
        u1_0.id,
        u1_0.avatar_url,
        u1_0.created_at,
        u1_0.last_login_time,
        u1_0.member_expire_time,
        u1_0.member_level,
        u1_0.nickname,
        u1_0.openid,
        u1_0.phone,
        u1_0.points,
        u1_0.remaining_visits,
        u1_0.role,
        u1_0.total_visits,
        u1_0.updated_at 
    from
        users u1_0 
    where
        u1_0.id=?
2026-01-16 23:19:13.215 - 
    select
        po1_0.id,
        po1_0.card_end_date,
        po1_0.card_start_date,
        po1_0.card_status,
        po1_0.created_at,
        po1_0.order_no,
        po1_0.package_id,
        po1_0.package_name,
        po1_0.payment_method,
        po1_0.payment_time,
        po1_0.price,
        po1_0.remaining_times,
        po1_0.status,
        po1_0.transaction_type,
        po1_0.updated_at,
        po1_0.user_id 
    from
        payment_orders po1_0 
    where
        po1_0.user_id=? 
        and po1_0.status=?
2026-01-16 23:28:11.835 - 
    select
        mp1_0.id,
        mp1_0.avg_price_per_time,
        mp1_0.badge,
        mp1_0.category,
        mp1_0.code,
        mp1_0.description,
        mp1_0.features,
        mp1_0.is_active,
        mp1_0.name,
        mp1_0.people,
        mp1_0.price,
        mp1_0.sort_order,
        mp1_0.times_per_person,
        mp1_0.validity_days 
    from
        member_packages mp1_0 
    where
        mp1_0.is_active 
    order by
        mp1_0.sort_order
2026-01-16 23:28:14.981 - 
    select
        po1_0.id,
        po1_0.card_end_date,
        po1_0.card_start_date,
        po1_0.card_status,
        po1_0.created_at,
        po1_0.order_no,
        po1_0.package_id,
        po1_0.package_name,
        po1_0.payment_method,
        po1_0.payment_time,
        po1_0.price,
        po1_0.remaining_times,
        po1_0.status,
        po1_0.transaction_type,
        po1_0.updated_at,
        po1_0.user_id 
    from
        payment_orders po1_0 
    where
        po1_0.user_id=?
2026-01-16 23:28:14.981 - 
    select
        po1_0.id,
        po1_0.card_end_date,
        po1_0.card_start_date,
        po1_0.card_status,
        po1_0.created_at,
        po1_0.order_no,
        po1_0.package_id,
        po1_0.package_name,
        po1_0.payment_method,
        po1_0.payment_time,
        po1_0.price,
        po1_0.remaining_times,
        po1_0.status,
        po1_0.transaction_type,
        po1_0.updated_at,
        po1_0.user_id 
    from
        payment_orders po1_0 
    where
        po1_0.user_id=?
2026-01-16 23:28:14.984 - 
    select
        u1_0.id,
        u1_0.avatar_url,
        u1_0.created_at,
        u1_0.last_login_time,
        u1_0.member_expire_time,
        u1_0.member_level,
        u1_0.nickname,
        u1_0.openid,
        u1_0.phone,
        u1_0.points,
        u1_0.remaining_visits,
        u1_0.role,
        u1_0.total_visits,
        u1_0.updated_at 
    from
        users u1_0 
    where
        u1_0.id=?
2026-01-16 23:28:14.984 - 
    select
        u1_0.id,
        u1_0.avatar_url,
        u1_0.created_at,
        u1_0.last_login_time,
        u1_0.member_expire_time,
        u1_0.member_level,
        u1_0.nickname,
        u1_0.openid,
        u1_0.phone,
        u1_0.points,
        u1_0.remaining_visits,
        u1_0.role,
        u1_0.total_visits,
        u1_0.updated_at 
    from
        users u1_0 
    where
        u1_0.id=?
2026-01-16 23:28:14.985 - 
    select
        u1_0.id,
        u1_0.avatar_url,
        u1_0.created_at,
        u1_0.last_login_time,
        u1_0.member_expire_time,
        u1_0.member_level,
        u1_0.nickname,
        u1_0.openid,
        u1_0.phone,
        u1_0.points,
        u1_0.remaining_visits,
        u1_0.role,
        u1_0.total_visits,
        u1_0.updated_at 
    from
        users u1_0 
    where
        u1_0.id=?
2026-01-16 23:28:14.985 - 
    select
        u1_0.id,
        u1_0.avatar_url,
        u1_0.created_at,
        u1_0.last_login_time,
        u1_0.member_expire_time,
        u1_0.member_level,
        u1_0.nickname,
        u1_0.openid,
        u1_0.phone,
        u1_0.points,
        u1_0.remaining_visits,
        u1_0.role,
        u1_0.total_visits,
        u1_0.updated_at 
    from
        users u1_0 
    where
        u1_0.id=?
2026-01-16 23:28:22.620 - 
    select
        s1_0.id,
        s1_0.created_at,
        s1_0.last_login_time,
        s1_0.name,
        s1_0.password,
        s1_0.phone,
        s1_0.status,
        s1_0.updated_at,
        s1_0.username 
    from
        staffs s1_0 
    where
        s1_0.username=?
2026-01-16 23:28:22.657 - 
    update
        staffs 
    set
        created_at=?,
        last_login_time=?,
        name=?,
        password=?,
        phone=?,
        status=?,
        updated_at=?,
        username=? 
    where
        id=?
2026-01-16 23:28:26.696 - 
    select
        bo1_0.id,
        bo1_0.cabin_name,
        bo1_0.consume_time,
        bo1_0.created_at,
        bo1_0.date,
        bo1_0.order_no,
        bo1_0.original_price,
        bo1_0.payment_method,
        bo1_0.payment_order_id,
        bo1_0.payment_status,
        bo1_0.payment_time,
        bo1_0.price,
        bo1_0.seat_name,
        bo1_0.status,
        bo1_0.time_slot,
        bo1_0.updated_at,
        bo1_0.user_id 
    from
        booking_orders bo1_0 
    where
        bo1_0.order_no=?
2026-01-16 23:28:26.707 - 
    update
        booking_orders 
    set
        cabin_name=?,
        consume_time=?,
        created_at=?,
        date=?,
        order_no=?,
        original_price=?,
        payment_method=?,
        payment_order_id=?,
        payment_status=?,
        payment_time=?,
        price=?,
        seat_name=?,
        status=?,
        time_slot=?,
        updated_at=?,
        user_id=? 
    where
        id=?
2026-01-16 23:28:26.712 - 
    update
        booking_orders 
    set
        cabin_name=?,
        consume_time=?,
        created_at=?,
        date=?,
        order_no=?,
        original_price=?,
        payment_method=?,
        payment_order_id=?,
        payment_status=?,
        payment_time=?,
        price=?,
        seat_name=?,
        status=?,
        time_slot=?,
        updated_at=?,
        user_id=? 
    where
        id=?
2026-01-16 23:28:26.721 - 
    select
        dvr1_0.id,
        dvr1_0.created_at,
        dvr1_0.last_visit_time,
        dvr1_0.updated_at,
        dvr1_0.user_id,
        dvr1_0.visit_count,
        dvr1_0.visit_date 
    from
        daily_visit_records dvr1_0 
    where
        dvr1_0.user_id=? 
        and dvr1_0.visit_date=?
2026-01-16 23:28:26.730 - 
    insert 
    into
        daily_visit_records
        (created_at, last_visit_time, updated_at, user_id, visit_count, visit_date) 
    values
        (?, ?, ?, ?, ?, ?)
2026-01-16 23:28:26.741 - 
    update
        daily_visit_records 
    set
        created_at=?,
        last_visit_time=?,
        updated_at=?,
        user_id=?,
        visit_count=?,
        visit_date=? 
    where
        id=?
2026-01-16 23:28:33.516 - 
    select
        po1_0.id,
        po1_0.card_end_date,
        po1_0.card_start_date,
        po1_0.card_status,
        po1_0.created_at,
        po1_0.order_no,
        po1_0.package_id,
        po1_0.package_name,
        po1_0.payment_method,
        po1_0.payment_time,
        po1_0.price,
        po1_0.remaining_times,
        po1_0.status,
        po1_0.transaction_type,
        po1_0.updated_at,
        po1_0.user_id 
    from
        payment_orders po1_0 
    where
        po1_0.user_id=?
2026-01-16 23:28:33.520 - 
    select
        mp1_0.id,
        mp1_0.avg_price_per_time,
        mp1_0.badge,
        mp1_0.category,
        mp1_0.code,
        mp1_0.description,
        mp1_0.features,
        mp1_0.is_active,
        mp1_0.name,
        mp1_0.people,
        mp1_0.price,
        mp1_0.sort_order,
        mp1_0.times_per_person,
        mp1_0.validity_days 
    from
        member_packages mp1_0 
    where
        mp1_0.id=?
2026-01-16 23:28:33.531 - 
    select
        po1_0.id,
        po1_0.card_end_date,
        po1_0.card_start_date,
        po1_0.card_status,
        po1_0.created_at,
        po1_0.order_no,
        po1_0.package_id,
        po1_0.package_name,
        po1_0.payment_method,
        po1_0.payment_time,
        po1_0.price,
        po1_0.remaining_times,
        po1_0.status,
        po1_0.transaction_type,
        po1_0.updated_at,
        po1_0.user_id 
    from
        payment_orders po1_0 
    where
        po1_0.user_id=?
2026-01-16 23:28:33.534 - 
    select
        mp1_0.id,
        mp1_0.avg_price_per_time,
        mp1_0.badge,
        mp1_0.category,
        mp1_0.code,
        mp1_0.description,
        mp1_0.features,
        mp1_0.is_active,
        mp1_0.name,
        mp1_0.people,
        mp1_0.price,
        mp1_0.sort_order,
        mp1_0.times_per_person,
        mp1_0.validity_days 
    from
        member_packages mp1_0 
    where
        mp1_0.id=?
2026-01-16 23:28:34.811 - 
    select
        u1_0.id,
        u1_0.avatar_url,
        u1_0.created_at,
        u1_0.last_login_time,
        u1_0.member_expire_time,
        u1_0.member_level,
        u1_0.nickname,
        u1_0.openid,
        u1_0.phone,
        u1_0.points,
        u1_0.remaining_visits,
        u1_0.role,
        u1_0.total_visits,
        u1_0.updated_at 
    from
        users u1_0 
    where
        u1_0.id=?
2026-01-16 23:28:34.812 - 
    select
        po1_0.id,
        po1_0.card_end_date,
        po1_0.card_start_date,
        po1_0.card_status,
        po1_0.created_at,
        po1_0.order_no,
        po1_0.package_id,
        po1_0.package_name,
        po1_0.payment_method,
        po1_0.payment_time,
        po1_0.price,
        po1_0.remaining_times,
        po1_0.status,
        po1_0.transaction_type,
        po1_0.updated_at,
        po1_0.user_id 
    from
        payment_orders po1_0 
    where
        po1_0.user_id=?
2026-01-16 23:28:34.813 - 
    select
        u1_0.id,
        u1_0.avatar_url,
        u1_0.created_at,
        u1_0.last_login_time,
        u1_0.member_expire_time,
        u1_0.member_level,
        u1_0.nickname,
        u1_0.openid,
        u1_0.phone,
        u1_0.points,
        u1_0.remaining_visits,
        u1_0.role,
        u1_0.total_visits,
        u1_0.updated_at 
    from
        users u1_0 
    where
        u1_0.id=?
2026-01-16 23:28:34.813 - 
    select
        mp1_0.id,
        mp1_0.avg_price_per_time,
        mp1_0.badge,
        mp1_0.category,
        mp1_0.code,
        mp1_0.description,
        mp1_0.features,
        mp1_0.is_active,
        mp1_0.name,
        mp1_0.people,
        mp1_0.price,
        mp1_0.sort_order,
        mp1_0.times_per_person,
        mp1_0.validity_days 
    from
        member_packages mp1_0 
    where
        mp1_0.id=?
2026-01-16 23:28:34.814 - 
    select
        po1_0.id,
        po1_0.card_end_date,
        po1_0.card_start_date,
        po1_0.card_status,
        po1_0.created_at,
        po1_0.order_no,
        po1_0.package_id,
        po1_0.package_name,
        po1_0.payment_method,
        po1_0.payment_time,
        po1_0.price,
        po1_0.remaining_times,
        po1_0.status,
        po1_0.transaction_type,
        po1_0.updated_at,
        po1_0.user_id 
    from
        payment_orders po1_0 
    where
        po1_0.user_id=? 
        and po1_0.status=?
2026-01-16 23:28:34.815 - 
    select
        bo1_0.id,
        bo1_0.cabin_name,
        bo1_0.consume_time,
        bo1_0.created_at,
        bo1_0.date,
        bo1_0.order_no,
        bo1_0.original_price,
        bo1_0.payment_method,
        bo1_0.payment_order_id,
        bo1_0.payment_status,
        bo1_0.payment_time,
        bo1_0.price,
        bo1_0.seat_name,
        bo1_0.status,
        bo1_0.time_slot,
        bo1_0.updated_at,
        bo1_0.user_id 
    from
        booking_orders bo1_0 
    where
        bo1_0.user_id=? 
    order by
        bo1_0.created_at desc
2026-01-16 23:28:34.822 - 
    select
        po1_0.id,
        po1_0.card_end_date,
        po1_0.card_start_date,
        po1_0.card_status,
        po1_0.created_at,
        po1_0.order_no,
        po1_0.package_id,
        po1_0.package_name,
        po1_0.payment_method,
        po1_0.payment_time,
        po1_0.price,
        po1_0.remaining_times,
        po1_0.status,
        po1_0.transaction_type,
        po1_0.updated_at,
        po1_0.user_id 
    from
        payment_orders po1_0 
    where
        po1_0.user_id=?
2026-01-16 23:28:34.822 - 
    select
        u1_0.id,
        u1_0.avatar_url,
        u1_0.created_at,
        u1_0.last_login_time,
        u1_0.member_expire_time,
        u1_0.member_level,
        u1_0.nickname,
        u1_0.openid,
        u1_0.phone,
        u1_0.points,
        u1_0.remaining_visits,
        u1_0.role,
        u1_0.total_visits,
        u1_0.updated_at 
    from
        users u1_0 
    where
        u1_0.id=?
2026-01-16 23:28:34.825 - 
    select
        mp1_0.id,
        mp1_0.avg_price_per_time,
        mp1_0.badge,
        mp1_0.category,
        mp1_0.code,
        mp1_0.description,
        mp1_0.features,
        mp1_0.is_active,
        mp1_0.name,
        mp1_0.people,
        mp1_0.price,
        mp1_0.sort_order,
        mp1_0.times_per_person,
        mp1_0.validity_days 
    from
        member_packages mp1_0 
    where
        mp1_0.id=?
2026-01-16 23:28:34.826 - 
    select
        po1_0.id,
        po1_0.card_end_date,
        po1_0.card_start_date,
        po1_0.card_status,
        po1_0.created_at,
        po1_0.order_no,
        po1_0.package_id,
        po1_0.package_name,
        po1_0.payment_method,
        po1_0.payment_time,
        po1_0.price,
        po1_0.remaining_times,
        po1_0.status,
        po1_0.transaction_type,
        po1_0.updated_at,
        po1_0.user_id 
    from
        payment_orders po1_0 
    where
        po1_0.user_id=? 
        and po1_0.status=?
2026-01-16 23:28:34.826 - 
    select
        u1_0.id,
        u1_0.avatar_url,
        u1_0.created_at,
        u1_0.last_login_time,
        u1_0.member_expire_time,
        u1_0.member_level,
        u1_0.nickname,
        u1_0.openid,
        u1_0.phone,
        u1_0.points,
        u1_0.remaining_visits,
        u1_0.role,
        u1_0.total_visits,
        u1_0.updated_at 
    from
        users u1_0 
    where
        u1_0.id=?
2026-01-16 23:28:34.829 - 
    select
        bo1_0.id,
        bo1_0.cabin_name,
        bo1_0.consume_time,
        bo1_0.created_at,
        bo1_0.date,
        bo1_0.order_no,
        bo1_0.original_price,
        bo1_0.payment_method,
        bo1_0.payment_order_id,
        bo1_0.payment_status,
        bo1_0.payment_time,
        bo1_0.price,
        bo1_0.seat_name,
        bo1_0.status,
        bo1_0.time_slot,
        bo1_0.updated_at,
        bo1_0.user_id 
    from
        booking_orders bo1_0 
    where
        bo1_0.user_id=? 
    order by
        bo1_0.created_at desc
2026-01-16 23:28:34.849 - 
    select
        u1_0.id,
        u1_0.avatar_url,
        u1_0.created_at,
        u1_0.last_login_time,
        u1_0.member_expire_time,
        u1_0.member_level,
        u1_0.nickname,
        u1_0.openid,
        u1_0.phone,
        u1_0.points,
        u1_0.remaining_visits,
        u1_0.role,
        u1_0.total_visits,
        u1_0.updated_at 
    from
        users u1_0 
    where
        u1_0.id=?
2026-01-16 23:28:34.852 - 
    select
        po1_0.id,
        po1_0.card_end_date,
        po1_0.card_start_date,
        po1_0.card_status,
        po1_0.created_at,
        po1_0.order_no,
        po1_0.package_id,
        po1_0.package_name,
        po1_0.payment_method,
        po1_0.payment_time,
        po1_0.price,
        po1_0.remaining_times,
        po1_0.status,
        po1_0.transaction_type,
        po1_0.updated_at,
        po1_0.user_id 
    from
        payment_orders po1_0 
    where
        po1_0.user_id=? 
        and po1_0.status=?
2026-01-16 23:28:34.865 - 
    select
        u1_0.id,
        u1_0.avatar_url,
        u1_0.created_at,
        u1_0.last_login_time,
        u1_0.member_expire_time,
        u1_0.member_level,
        u1_0.nickname,
        u1_0.openid,
        u1_0.phone,
        u1_0.points,
        u1_0.remaining_visits,
        u1_0.role,
        u1_0.total_visits,
        u1_0.updated_at 
    from
        users u1_0 
    where
        u1_0.id=?
2026-01-16 23:28:34.869 - 
    select
        po1_0.id,
        po1_0.card_end_date,
        po1_0.card_start_date,
        po1_0.card_status,
        po1_0.created_at,
        po1_0.order_no,
        po1_0.package_id,
        po1_0.package_name,
        po1_0.payment_method,
        po1_0.payment_time,
        po1_0.price,
        po1_0.remaining_times,
        po1_0.status,
        po1_0.transaction_type,
        po1_0.updated_at,
        po1_0.user_id 
    from
        payment_orders po1_0 
    where
        po1_0.user_id=? 
        and po1_0.status=?
2026-01-16 23:50:43.381 - 
    select
        mp1_0.id,
        mp1_0.avg_price_per_time,
        mp1_0.badge,
        mp1_0.category,
        mp1_0.code,
        mp1_0.description,
        mp1_0.features,
        mp1_0.is_active,
        mp1_0.name,
        mp1_0.people,
        mp1_0.price,
        mp1_0.sort_order,
        mp1_0.times_per_person,
        mp1_0.validity_days 
    from
        member_packages mp1_0 
    where
        mp1_0.code=?
2026-01-16 23:50:43.390 - 
    select
        mp1_0.id,
        mp1_0.avg_price_per_time,
        mp1_0.badge,
        mp1_0.category,
        mp1_0.code,
        mp1_0.description,
        mp1_0.features,
        mp1_0.is_active,
        mp1_0.name,
        mp1_0.people,
        mp1_0.price,
        mp1_0.sort_order,
        mp1_0.times_per_person,
        mp1_0.validity_days 
    from
        member_packages mp1_0 
    where
        mp1_0.code=?
2026-01-16 23:50:43.391 - 
    select
        mp1_0.id,
        mp1_0.avg_price_per_time,
        mp1_0.badge,
        mp1_0.category,
        mp1_0.code,
        mp1_0.description,
        mp1_0.features,
        mp1_0.is_active,
        mp1_0.name,
        mp1_0.people,
        mp1_0.price,
        mp1_0.sort_order,
        mp1_0.times_per_person,
        mp1_0.validity_days 
    from
        member_packages mp1_0 
    where
        mp1_0.code=?
2026-01-16 23:50:43.392 - 
    select
        mp1_0.id,
        mp1_0.avg_price_per_time,
        mp1_0.badge,
        mp1_0.category,
        mp1_0.code,
        mp1_0.description,
        mp1_0.features,
        mp1_0.is_active,
        mp1_0.name,
        mp1_0.people,
        mp1_0.price,
        mp1_0.sort_order,
        mp1_0.times_per_person,
        mp1_0.validity_days 
    from
        member_packages mp1_0 
    where
        mp1_0.code=?
2026-01-16 23:50:43.393 - 
    select
        mp1_0.id,
        mp1_0.avg_price_per_time,
        mp1_0.badge,
        mp1_0.category,
        mp1_0.code,
        mp1_0.description,
        mp1_0.features,
        mp1_0.is_active,
        mp1_0.name,
        mp1_0.people,
        mp1_0.price,
        mp1_0.sort_order,
        mp1_0.times_per_person,
        mp1_0.validity_days 
    from
        member_packages mp1_0 
    where
        mp1_0.code=?
2026-01-16 23:50:43.393 - 
    select
        mp1_0.id,
        mp1_0.avg_price_per_time,
        mp1_0.badge,
        mp1_0.category,
        mp1_0.code,
        mp1_0.description,
        mp1_0.features,
        mp1_0.is_active,
        mp1_0.name,
        mp1_0.people,
        mp1_0.price,
        mp1_0.sort_order,
        mp1_0.times_per_person,
        mp1_0.validity_days 
    from
        member_packages mp1_0 
    where
        mp1_0.code=?
2026-01-16 23:50:43.394 - 
    select
        mp1_0.id,
        mp1_0.avg_price_per_time,
        mp1_0.badge,
        mp1_0.category,
        mp1_0.code,
        mp1_0.description,
        mp1_0.features,
        mp1_0.is_active,
        mp1_0.name,
        mp1_0.people,
        mp1_0.price,
        mp1_0.sort_order,
        mp1_0.times_per_person,
        mp1_0.validity_days 
    from
        member_packages mp1_0 
    where
        mp1_0.code=?
2026-01-16 23:50:43.395 - 
    select
        mp1_0.id,
        mp1_0.avg_price_per_time,
        mp1_0.badge,
        mp1_0.category,
        mp1_0.code,
        mp1_0.description,
        mp1_0.features,
        mp1_0.is_active,
        mp1_0.name,
        mp1_0.people,
        mp1_0.price,
        mp1_0.sort_order,
        mp1_0.times_per_person,
        mp1_0.validity_days 
    from
        member_packages mp1_0 
    where
        mp1_0.code=?
2026-01-16 23:50:43.396 - 
    select
        mp1_0.id,
        mp1_0.avg_price_per_time,
        mp1_0.badge,
        mp1_0.category,
        mp1_0.code,
        mp1_0.description,
        mp1_0.features,
        mp1_0.is_active,
        mp1_0.name,
        mp1_0.people,
        mp1_0.price,
        mp1_0.sort_order,
        mp1_0.times_per_person,
        mp1_0.validity_days 
    from
        member_packages mp1_0 
    where
        mp1_0.code=?
2026-01-16 23:50:43.397 - 
    select
        mp1_0.id,
        mp1_0.avg_price_per_time,
        mp1_0.badge,
        mp1_0.category,
        mp1_0.code,
        mp1_0.description,
        mp1_0.features,
        mp1_0.is_active,
        mp1_0.name,
        mp1_0.people,
        mp1_0.price,
        mp1_0.sort_order,
        mp1_0.times_per_person,
        mp1_0.validity_days 
    from
        member_packages mp1_0 
    where
        mp1_0.code=?
2026-01-16 23:51:00.996 - 
    select
        mp1_0.id,
        mp1_0.avg_price_per_time,
        mp1_0.badge,
        mp1_0.category,
        mp1_0.code,
        mp1_0.description,
        mp1_0.features,
        mp1_0.is_active,
        mp1_0.name,
        mp1_0.people,
        mp1_0.price,
        mp1_0.sort_order,
        mp1_0.times_per_person,
        mp1_0.validity_days 
    from
        member_packages mp1_0 
    where
        mp1_0.is_active 
    order by
        mp1_0.sort_order
2026-01-16 23:51:04.328 - 
    select
        po1_0.id,
        po1_0.card_end_date,
        po1_0.card_start_date,
        po1_0.card_status,
        po1_0.created_at,
        po1_0.order_no,
        po1_0.package_id,
        po1_0.package_name,
        po1_0.payment_method,
        po1_0.payment_time,
        po1_0.price,
        po1_0.remaining_times,
        po1_0.status,
        po1_0.transaction_type,
        po1_0.updated_at,
        po1_0.user_id 
    from
        payment_orders po1_0 
    where
        po1_0.user_id=?
2026-01-16 23:51:04.358 - 
    select
        u1_0.id,
        u1_0.avatar_url,
        u1_0.created_at,
        u1_0.last_login_time,
        u1_0.member_expire_time,
        u1_0.member_level,
        u1_0.nickname,
        u1_0.openid,
        u1_0.phone,
        u1_0.points,
        u1_0.remaining_visits,
        u1_0.role,
        u1_0.total_visits,
        u1_0.updated_at 
    from
        users u1_0 
    where
        u1_0.id=?
2026-01-16 23:51:04.358 - 
    select
        mp1_0.id,
        mp1_0.avg_price_per_time,
        mp1_0.badge,
        mp1_0.category,
        mp1_0.code,
        mp1_0.description,
        mp1_0.features,
        mp1_0.is_active,
        mp1_0.name,
        mp1_0.people,
        mp1_0.price,
        mp1_0.sort_order,
        mp1_0.times_per_person,
        mp1_0.validity_days 
    from
        member_packages mp1_0 
    where
        mp1_0.id=?
2026-01-16 23:51:04.358 - 
    select
        u1_0.id,
        u1_0.avatar_url,
        u1_0.created_at,
        u1_0.last_login_time,
        u1_0.member_expire_time,
        u1_0.member_level,
        u1_0.nickname,
        u1_0.openid,
        u1_0.phone,
        u1_0.points,
        u1_0.remaining_visits,
        u1_0.role,
        u1_0.total_visits,
        u1_0.updated_at 
    from
        users u1_0 
    where
        u1_0.id=?
2026-01-16 23:51:04.379 - 
    select
        bo1_0.id,
        bo1_0.cabin_name,
        bo1_0.consume_time,
        bo1_0.created_at,
        bo1_0.date,
        bo1_0.order_no,
        bo1_0.original_price,
        bo1_0.payment_method,
        bo1_0.payment_order_id,
        bo1_0.payment_status,
        bo1_0.payment_time,
        bo1_0.price,
        bo1_0.seat_name,
        bo1_0.status,
        bo1_0.time_slot,
        bo1_0.updated_at,
        bo1_0.user_id 
    from
        booking_orders bo1_0 
    where
        bo1_0.user_id=? 
    order by
        bo1_0.created_at desc
2026-01-16 23:51:04.379 - 
    select
        po1_0.id,
        po1_0.card_end_date,
        po1_0.card_start_date,
        po1_0.card_status,
        po1_0.created_at,
        po1_0.order_no,
        po1_0.package_id,
        po1_0.package_name,
        po1_0.payment_method,
        po1_0.payment_time,
        po1_0.price,
        po1_0.remaining_times,
        po1_0.status,
        po1_0.transaction_type,
        po1_0.updated_at,
        po1_0.user_id 
    from
        payment_orders po1_0 
    where
        po1_0.user_id=? 
        and po1_0.status=?
2026-01-16 23:51:04.395 - 
    select
        po1_0.id,
        po1_0.card_end_date,
        po1_0.card_start_date,
        po1_0.card_status,
        po1_0.created_at,
        po1_0.order_no,
        po1_0.package_id,
        po1_0.package_name,
        po1_0.payment_method,
        po1_0.payment_time,
        po1_0.price,
        po1_0.remaining_times,
        po1_0.status,
        po1_0.transaction_type,
        po1_0.updated_at,
        po1_0.user_id 
    from
        payment_orders po1_0 
    where
        po1_0.user_id=?
2026-01-16 23:51:04.397 - 
    select
        u1_0.id,
        u1_0.avatar_url,
        u1_0.created_at,
        u1_0.last_login_time,
        u1_0.member_expire_time,
        u1_0.member_level,
        u1_0.nickname,
        u1_0.openid,
        u1_0.phone,
        u1_0.points,
        u1_0.remaining_visits,
        u1_0.role,
        u1_0.total_visits,
        u1_0.updated_at 
    from
        users u1_0 
    where
        u1_0.id=?
2026-01-16 23:51:04.404 - 
    select
        mp1_0.id,
        mp1_0.avg_price_per_time,
        mp1_0.badge,
        mp1_0.category,
        mp1_0.code,
        mp1_0.description,
        mp1_0.features,
        mp1_0.is_active,
        mp1_0.name,
        mp1_0.people,
        mp1_0.price,
        mp1_0.sort_order,
        mp1_0.times_per_person,
        mp1_0.validity_days 
    from
        member_packages mp1_0 
    where
        mp1_0.id=?
2026-01-16 23:51:04.408 - 
    select
        po1_0.id,
        po1_0.card_end_date,
        po1_0.card_start_date,
        po1_0.card_status,
        po1_0.created_at,
        po1_0.order_no,
        po1_0.package_id,
        po1_0.package_name,
        po1_0.payment_method,
        po1_0.payment_time,
        po1_0.price,
        po1_0.remaining_times,
        po1_0.status,
        po1_0.transaction_type,
        po1_0.updated_at,
        po1_0.user_id 
    from
        payment_orders po1_0 
    where
        po1_0.user_id=? 
        and po1_0.status=?
2026-01-16 23:51:04.439 - 
    select
        u1_0.id,
        u1_0.avatar_url,
        u1_0.created_at,
        u1_0.last_login_time,
        u1_0.member_expire_time,
        u1_0.member_level,
        u1_0.nickname,
        u1_0.openid,
        u1_0.phone,
        u1_0.points,
        u1_0.remaining_visits,
        u1_0.role,
        u1_0.total_visits,
        u1_0.updated_at 
    from
        users u1_0 
    where
        u1_0.id=?
2026-01-16 23:51:04.450 - 
    select
        bo1_0.id,
        bo1_0.cabin_name,
        bo1_0.consume_time,
        bo1_0.created_at,
        bo1_0.date,
        bo1_0.order_no,
        bo1_0.original_price,
        bo1_0.payment_method,
        bo1_0.payment_order_id,
        bo1_0.payment_status,
        bo1_0.payment_time,
        bo1_0.price,
        bo1_0.seat_name,
        bo1_0.status,
        bo1_0.time_slot,
        bo1_0.updated_at,
        bo1_0.user_id 
    from
        booking_orders bo1_0 
    where
        bo1_0.user_id=? 
    order by
        bo1_0.created_at desc
2026-01-16 23:51:04.451 - 
    select
        u1_0.id,
        u1_0.avatar_url,
        u1_0.created_at,
        u1_0.last_login_time,
        u1_0.member_expire_time,
        u1_0.member_level,
        u1_0.nickname,
        u1_0.openid,
        u1_0.phone,
        u1_0.points,
        u1_0.remaining_visits,
        u1_0.role,
        u1_0.total_visits,
        u1_0.updated_at 
    from
        users u1_0 
    where
        u1_0.id=?
2026-01-16 23:51:04.468 - 
    select
        po1_0.id,
        po1_0.card_end_date,
        po1_0.card_start_date,
        po1_0.card_status,
        po1_0.created_at,
        po1_0.order_no,
        po1_0.package_id,
        po1_0.package_name,
        po1_0.payment_method,
        po1_0.payment_time,
        po1_0.price,
        po1_0.remaining_times,
        po1_0.status,
        po1_0.transaction_type,
        po1_0.updated_at,
        po1_0.user_id 
    from
        payment_orders po1_0 
    where
        po1_0.user_id=? 
        and po1_0.status=?
2026-01-16 23:51:04.500 - 
    select
        u1_0.id,
        u1_0.avatar_url,
        u1_0.created_at,
        u1_0.last_login_time,
        u1_0.member_expire_time,
        u1_0.member_level,
        u1_0.nickname,
        u1_0.openid,
        u1_0.phone,
        u1_0.points,
        u1_0.remaining_visits,
        u1_0.role,
        u1_0.total_visits,
        u1_0.updated_at 
    from
        users u1_0 
    where
        u1_0.id=?
2026-01-16 23:51:04.510 - 
    select
        po1_0.id,
        po1_0.card_end_date,
        po1_0.card_start_date,
        po1_0.card_status,
        po1_0.created_at,
        po1_0.order_no,
        po1_0.package_id,
        po1_0.package_name,
        po1_0.payment_method,
        po1_0.payment_time,
        po1_0.price,
        po1_0.remaining_times,
        po1_0.status,
        po1_0.transaction_type,
        po1_0.updated_at,
        po1_0.user_id 
    from
        payment_orders po1_0 
    where
        po1_0.user_id=? 
        and po1_0.status=?
2026-01-16 23:51:38.870 - 
    select
        mp1_0.id,
        mp1_0.avg_price_per_time,
        mp1_0.badge,
        mp1_0.category,
        mp1_0.code,
        mp1_0.description,
        mp1_0.features,
        mp1_0.is_active,
        mp1_0.name,
        mp1_0.people,
        mp1_0.price,
        mp1_0.sort_order,
        mp1_0.times_per_person,
        mp1_0.validity_days 
    from
        member_packages mp1_0 
    where
        mp1_0.is_active 
    order by
        mp1_0.sort_order
2026-01-16 23:51:40.719 - 
    select
        u1_0.id,
        u1_0.avatar_url,
        u1_0.created_at,
        u1_0.last_login_time,
        u1_0.member_expire_time,
        u1_0.member_level,
        u1_0.nickname,
        u1_0.openid,
        u1_0.phone,
        u1_0.points,
        u1_0.remaining_visits,
        u1_0.role,
        u1_0.total_visits,
        u1_0.updated_at 
    from
        users u1_0 
    where
        u1_0.id=?
2026-01-16 23:51:40.719 - 
    select
        po1_0.id,
        po1_0.card_end_date,
        po1_0.card_start_date,
        po1_0.card_status,
        po1_0.created_at,
        po1_0.order_no,
        po1_0.package_id,
        po1_0.package_name,
        po1_0.payment_method,
        po1_0.payment_time,
        po1_0.price,
        po1_0.remaining_times,
        po1_0.status,
        po1_0.transaction_type,
        po1_0.updated_at,
        po1_0.user_id 
    from
        payment_orders po1_0 
    where
        po1_0.user_id=?
2026-01-16 23:51:40.719 - 
    select
        u1_0.id,
        u1_0.avatar_url,
        u1_0.created_at,
        u1_0.last_login_time,
        u1_0.member_expire_time,
        u1_0.member_level,
        u1_0.nickname,
        u1_0.openid,
        u1_0.phone,
        u1_0.points,
        u1_0.remaining_visits,
        u1_0.role,
        u1_0.total_visits,
        u1_0.updated_at 
    from
        users u1_0 
    where
        u1_0.id=?
2026-01-16 23:51:40.722 - 
    select
        bo1_0.id,
        bo1_0.cabin_name,
        bo1_0.consume_time,
        bo1_0.created_at,
        bo1_0.date,
        bo1_0.order_no,
        bo1_0.original_price,
        bo1_0.payment_method,
        bo1_0.payment_order_id,
        bo1_0.payment_status,
        bo1_0.payment_time,
        bo1_0.price,
        bo1_0.seat_name,
        bo1_0.status,
        bo1_0.time_slot,
        bo1_0.updated_at,
        bo1_0.user_id 
    from
        booking_orders bo1_0 
    where
        bo1_0.user_id=? 
    order by
        bo1_0.created_at desc
2026-01-16 23:51:40.722 - 
    select
        po1_0.id,
        po1_0.card_end_date,
        po1_0.card_start_date,
        po1_0.card_status,
        po1_0.created_at,
        po1_0.order_no,
        po1_0.package_id,
        po1_0.package_name,
        po1_0.payment_method,
        po1_0.payment_time,
        po1_0.price,
        po1_0.remaining_times,
        po1_0.status,
        po1_0.transaction_type,
        po1_0.updated_at,
        po1_0.user_id 
    from
        payment_orders po1_0 
    where
        po1_0.user_id=? 
        and po1_0.status=?
2026-01-16 23:51:40.726 - 
    select
        po1_0.id,
        po1_0.card_end_date,
        po1_0.card_start_date,
        po1_0.card_status,
        po1_0.created_at,
        po1_0.order_no,
        po1_0.package_id,
        po1_0.package_name,
        po1_0.payment_method,
        po1_0.payment_time,
        po1_0.price,
        po1_0.remaining_times,
        po1_0.status,
        po1_0.transaction_type,
        po1_0.updated_at,
        po1_0.user_id 
    from
        payment_orders po1_0 
    where
        po1_0.user_id=?
2026-01-16 23:51:40.730 - 
    select
        u1_0.id,
        u1_0.avatar_url,
        u1_0.created_at,
        u1_0.last_login_time,
        u1_0.member_expire_time,
        u1_0.member_level,
        u1_0.nickname,
        u1_0.openid,
        u1_0.phone,
        u1_0.points,
        u1_0.remaining_visits,
        u1_0.role,
        u1_0.total_visits,
        u1_0.updated_at 
    from
        users u1_0 
    where
        u1_0.id=?
2026-01-16 23:51:40.732 - 
    select
        u1_0.id,
        u1_0.avatar_url,
        u1_0.created_at,
        u1_0.last_login_time,
        u1_0.member_expire_time,
        u1_0.member_level,
        u1_0.nickname,
        u1_0.openid,
        u1_0.phone,
        u1_0.points,
        u1_0.remaining_visits,
        u1_0.role,
        u1_0.total_visits,
        u1_0.updated_at 
    from
        users u1_0 
    where
        u1_0.id=?
2026-01-16 23:51:40.734 - 
    select
        po1_0.id,
        po1_0.card_end_date,
        po1_0.card_start_date,
        po1_0.card_status,
        po1_0.created_at,
        po1_0.order_no,
        po1_0.package_id,
        po1_0.package_name,
        po1_0.payment_method,
        po1_0.payment_time,
        po1_0.price,
        po1_0.remaining_times,
        po1_0.status,
        po1_0.transaction_type,
        po1_0.updated_at,
        po1_0.user_id 
    from
        payment_orders po1_0 
    where
        po1_0.user_id=? 
        and po1_0.status=?
2026-01-16 23:51:40.735 - 
    select
        bo1_0.id,
        bo1_0.cabin_name,
        bo1_0.consume_time,
        bo1_0.created_at,
        bo1_0.date,
        bo1_0.order_no,
        bo1_0.original_price,
        bo1_0.payment_method,
        bo1_0.payment_order_id,
        bo1_0.payment_status,
        bo1_0.payment_time,
        bo1_0.price,
        bo1_0.seat_name,
        bo1_0.status,
        bo1_0.time_slot,
        bo1_0.updated_at,
        bo1_0.user_id 
    from
        booking_orders bo1_0 
    where
        bo1_0.user_id=? 
    order by
        bo1_0.created_at desc
2026-01-16 23:51:44.095 - 
    select
        mp1_0.id,
        mp1_0.avg_price_per_time,
        mp1_0.badge,
        mp1_0.category,
        mp1_0.code,
        mp1_0.description,
        mp1_0.features,
        mp1_0.is_active,
        mp1_0.name,
        mp1_0.people,
        mp1_0.price,
        mp1_0.sort_order,
        mp1_0.times_per_person,
        mp1_0.validity_days 
    from
        member_packages mp1_0 
    where
        mp1_0.category=? 
        and mp1_0.is_active 
    order by
        mp1_0.sort_order
2026-01-16 23:51:44.102 - 
    select
        mp1_0.id,
        mp1_0.avg_price_per_time,
        mp1_0.badge,
        mp1_0.category,
        mp1_0.code,
        mp1_0.description,
        mp1_0.features,
        mp1_0.is_active,
        mp1_0.name,
        mp1_0.people,
        mp1_0.price,
        mp1_0.sort_order,
        mp1_0.times_per_person,
        mp1_0.validity_days 
    from
        member_packages mp1_0 
    where
        mp1_0.category=? 
        and mp1_0.is_active 
    order by
        mp1_0.sort_order
2026-01-16 23:51:44.904 - 
    select
        mp1_0.id,
        mp1_0.avg_price_per_time,
        mp1_0.badge,
        mp1_0.category,
        mp1_0.code,
        mp1_0.description,
        mp1_0.features,
        mp1_0.is_active,
        mp1_0.name,
        mp1_0.people,
        mp1_0.price,
        mp1_0.sort_order,
        mp1_0.times_per_person,
        mp1_0.validity_days 
    from
        member_packages mp1_0 
    where
        mp1_0.category=? 
        and mp1_0.is_active 
    order by
        mp1_0.sort_order
2026-01-16 23:51:46.036 - 
    select
        po1_0.id,
        po1_0.card_end_date,
        po1_0.card_start_date,
        po1_0.card_status,
        po1_0.created_at,
        po1_0.order_no,
        po1_0.package_id,
        po1_0.package_name,
        po1_0.payment_method,
        po1_0.payment_time,
        po1_0.price,
        po1_0.remaining_times,
        po1_0.status,
        po1_0.transaction_type,
        po1_0.updated_at,
        po1_0.user_id 
    from
        payment_orders po1_0 
    where
        po1_0.user_id=?
2026-01-16 23:51:52.434 - 
    select
        po1_0.id,
        po1_0.card_end_date,
        po1_0.card_start_date,
        po1_0.card_status,
        po1_0.created_at,
        po1_0.order_no,
        po1_0.package_id,
        po1_0.package_name,
        po1_0.payment_method,
        po1_0.payment_time,
        po1_0.price,
        po1_0.remaining_times,
        po1_0.status,
        po1_0.transaction_type,
        po1_0.updated_at,
        po1_0.user_id 
    from
        payment_orders po1_0 
    where
        po1_0.user_id=?
2026-01-16 23:51:53.912 - 
    select
        u1_0.id,
        u1_0.avatar_url,
        u1_0.created_at,
        u1_0.last_login_time,
        u1_0.member_expire_time,
        u1_0.member_level,
        u1_0.nickname,
        u1_0.openid,
        u1_0.phone,
        u1_0.points,
        u1_0.remaining_visits,
        u1_0.role,
        u1_0.total_visits,
        u1_0.updated_at 
    from
        users u1_0 
    where
        u1_0.id=?
2026-01-16 23:51:53.913 - 
    select
        mp1_0.id,
        mp1_0.avg_price_per_time,
        mp1_0.badge,
        mp1_0.category,
        mp1_0.code,
        mp1_0.description,
        mp1_0.features,
        mp1_0.is_active,
        mp1_0.name,
        mp1_0.people,
        mp1_0.price,
        mp1_0.sort_order,
        mp1_0.times_per_person,
        mp1_0.validity_days 
    from
        member_packages mp1_0 
    where
        mp1_0.id=?
2026-01-16 23:51:53.915 - 
    select
        po1_0.id,
        po1_0.card_end_date,
        po1_0.card_start_date,
        po1_0.card_status,
        po1_0.created_at,
        po1_0.order_no,
        po1_0.package_id,
        po1_0.package_name,
        po1_0.payment_method,
        po1_0.payment_time,
        po1_0.price,
        po1_0.remaining_times,
        po1_0.status,
        po1_0.transaction_type,
        po1_0.updated_at,
        po1_0.user_id 
    from
        payment_orders po1_0 
    where
        po1_0.user_id=? 
        and po1_0.status=?
2026-01-16 23:51:53.926 - 
    insert 
    into
        payment_orders
        (card_end_date, card_start_date, card_status, created_at, order_no, package_id, package_name, payment_method, payment_time, price, remaining_times, status, transaction_type, updated_at, user_id) 
    values
        (?, ?, ?, ?, ?, ?, ?, ?, ?, ?, ?, ?, ?, ?, ?)
2026-01-16 23:51:53.949 - 
    select
        po1_0.id,
        po1_0.card_end_date,
        po1_0.card_start_date,
        po1_0.card_status,
        po1_0.created_at,
        po1_0.order_no,
        po1_0.package_id,
        po1_0.package_name,
        po1_0.payment_method,
        po1_0.payment_time,
        po1_0.price,
        po1_0.remaining_times,
        po1_0.status,
        po1_0.transaction_type,
        po1_0.updated_at,
        po1_0.user_id 
    from
        payment_orders po1_0 
    where
        po1_0.id=?
2026-01-16 23:51:53.951 - 
    select
        u1_0.id,
        u1_0.avatar_url,
        u1_0.created_at,
        u1_0.last_login_time,
        u1_0.member_expire_time,
        u1_0.member_level,
        u1_0.nickname,
        u1_0.openid,
        u1_0.phone,
        u1_0.points,
        u1_0.remaining_visits,
        u1_0.role,
        u1_0.total_visits,
        u1_0.updated_at 
    from
        users u1_0 
    where
        u1_0.id=?
2026-01-16 23:52:04.850 - 
    select
        po1_0.id,
        po1_0.card_end_date,
        po1_0.card_start_date,
        po1_0.card_status,
        po1_0.created_at,
        po1_0.order_no,
        po1_0.package_id,
        po1_0.package_name,
        po1_0.payment_method,
        po1_0.payment_time,
        po1_0.price,
        po1_0.remaining_times,
        po1_0.status,
        po1_0.transaction_type,
        po1_0.updated_at,
        po1_0.user_id 
    from
        payment_orders po1_0 
    where
        po1_0.id=?
2026-01-16 23:52:04.853 - 
    select
        mp1_0.id,
        mp1_0.avg_price_per_time,
        mp1_0.badge,
        mp1_0.category,
        mp1_0.code,
        mp1_0.description,
        mp1_0.features,
        mp1_0.is_active,
        mp1_0.name,
        mp1_0.people,
        mp1_0.price,
        mp1_0.sort_order,
        mp1_0.times_per_person,
        mp1_0.validity_days 
    from
        member_packages mp1_0 
    where
        mp1_0.id=?
2026-01-16 23:52:04.854 - 
    select
        u1_0.id,
        u1_0.avatar_url,
        u1_0.created_at,
        u1_0.last_login_time,
        u1_0.member_expire_time,
        u1_0.member_level,
        u1_0.nickname,
        u1_0.openid,
        u1_0.phone,
        u1_0.points,
        u1_0.remaining_visits,
        u1_0.role,
        u1_0.total_visits,
        u1_0.updated_at 
    from
        users u1_0 
    where
        u1_0.id=?
2026-01-16 23:52:04.862 - 
    update
        payment_orders 
    set
        card_end_date=?,
        card_start_date=?,
        card_status=?,
        created_at=?,
        order_no=?,
        package_id=?,
        package_name=?,
        payment_method=?,
        payment_time=?,
        price=?,
        remaining_times=?,
        status=?,
        transaction_type=?,
        updated_at=?,
        user_id=? 
    where
        id=?
2026-01-16 23:52:04.865 - 
    update
        users 
    set
        avatar_url=?,
        created_at=?,
        last_login_time=?,
        member_expire_time=?,
        member_level=?,
        nickname=?,
        openid=?,
        phone=?,
        points=?,
        remaining_visits=?,
        role=?,
        total_visits=?,
        updated_at=? 
    where
        id=?
2026-01-16 23:52:07.156 - 
    select
        u1_0.id,
        u1_0.avatar_url,
        u1_0.created_at,
        u1_0.last_login_time,
        u1_0.member_expire_time,
        u1_0.member_level,
        u1_0.nickname,
        u1_0.openid,
        u1_0.phone,
        u1_0.points,
        u1_0.remaining_visits,
        u1_0.role,
        u1_0.total_visits,
        u1_0.updated_at 
    from
        users u1_0 
    where
        u1_0.id=?
2026-01-16 23:52:07.156 - 
    select
        u1_0.id,
        u1_0.avatar_url,
        u1_0.created_at,
        u1_0.last_login_time,
        u1_0.member_expire_time,
        u1_0.member_level,
        u1_0.nickname,
        u1_0.openid,
        u1_0.phone,
        u1_0.points,
        u1_0.remaining_visits,
        u1_0.role,
        u1_0.total_visits,
        u1_0.updated_at 
    from
        users u1_0 
    where
        u1_0.id=?
2026-01-16 23:52:07.156 - 
    select
        po1_0.id,
        po1_0.card_end_date,
        po1_0.card_start_date,
        po1_0.card_status,
        po1_0.created_at,
        po1_0.order_no,
        po1_0.package_id,
        po1_0.package_name,
        po1_0.payment_method,
        po1_0.payment_time,
        po1_0.price,
        po1_0.remaining_times,
        po1_0.status,
        po1_0.transaction_type,
        po1_0.updated_at,
        po1_0.user_id 
    from
        payment_orders po1_0 
    where
        po1_0.user_id=?
2026-01-16 23:52:07.159 - 
    select
        mp1_0.id,
        mp1_0.avg_price_per_time,
        mp1_0.badge,
        mp1_0.category,
        mp1_0.code,
        mp1_0.description,
        mp1_0.features,
        mp1_0.is_active,
        mp1_0.name,
        mp1_0.people,
        mp1_0.price,
        mp1_0.sort_order,
        mp1_0.times_per_person,
        mp1_0.validity_days 
    from
        member_packages mp1_0 
    where
        mp1_0.id=?
2026-01-16 23:52:07.159 - 
    select
        bo1_0.id,
        bo1_0.cabin_name,
        bo1_0.consume_time,
        bo1_0.created_at,
        bo1_0.date,
        bo1_0.order_no,
        bo1_0.original_price,
        bo1_0.payment_method,
        bo1_0.payment_order_id,
        bo1_0.payment_status,
        bo1_0.payment_time,
        bo1_0.price,
        bo1_0.seat_name,
        bo1_0.status,
        bo1_0.time_slot,
        bo1_0.updated_at,
        bo1_0.user_id 
    from
        booking_orders bo1_0 
    where
        bo1_0.user_id=? 
    order by
        bo1_0.created_at desc
2026-01-16 23:52:07.159 - 
    select
        po1_0.id,
        po1_0.card_end_date,
        po1_0.card_start_date,
        po1_0.card_status,
        po1_0.created_at,
        po1_0.order_no,
        po1_0.package_id,
        po1_0.package_name,
        po1_0.payment_method,
        po1_0.payment_time,
        po1_0.price,
        po1_0.remaining_times,
        po1_0.status,
        po1_0.transaction_type,
        po1_0.updated_at,
        po1_0.user_id 
    from
        payment_orders po1_0 
    where
        po1_0.user_id=? 
        and po1_0.status=?
2026-01-16 23:52:07.169 - 
    select
        u1_0.id,
        u1_0.avatar_url,
        u1_0.created_at,
        u1_0.last_login_time,
        u1_0.member_expire_time,
        u1_0.member_level,
        u1_0.nickname,
        u1_0.openid,
        u1_0.phone,
        u1_0.points,
        u1_0.remaining_visits,
        u1_0.role,
        u1_0.total_visits,
        u1_0.updated_at 
    from
        users u1_0 
    where
        u1_0.id=?
2026-01-16 23:52:07.169 - 
    select
        u1_0.id,
        u1_0.avatar_url,
        u1_0.created_at,
        u1_0.last_login_time,
        u1_0.member_expire_time,
        u1_0.member_level,
        u1_0.nickname,
        u1_0.openid,
        u1_0.phone,
        u1_0.points,
        u1_0.remaining_visits,
        u1_0.role,
        u1_0.total_visits,
        u1_0.updated_at 
    from
        users u1_0 
    where
        u1_0.id=?
2026-01-16 23:52:07.169 - 
    select
        po1_0.id,
        po1_0.card_end_date,
        po1_0.card_start_date,
        po1_0.card_status,
        po1_0.created_at,
        po1_0.order_no,
        po1_0.package_id,
        po1_0.package_name,
        po1_0.payment_method,
        po1_0.payment_time,
        po1_0.price,
        po1_0.remaining_times,
        po1_0.status,
        po1_0.transaction_type,
        po1_0.updated_at,
        po1_0.user_id 
    from
        payment_orders po1_0 
    where
        po1_0.user_id=?
2026-01-16 23:52:07.173 - 
    select
        mp1_0.id,
        mp1_0.avg_price_per_time,
        mp1_0.badge,
        mp1_0.category,
        mp1_0.code,
        mp1_0.description,
        mp1_0.features,
        mp1_0.is_active,
        mp1_0.name,
        mp1_0.people,
        mp1_0.price,
        mp1_0.sort_order,
        mp1_0.times_per_person,
        mp1_0.validity_days 
    from
        member_packages mp1_0 
    where
        mp1_0.id=?
2026-01-16 23:52:07.174 - 
    select
        bo1_0.id,
        bo1_0.cabin_name,
        bo1_0.consume_time,
        bo1_0.created_at,
        bo1_0.date,
        bo1_0.order_no,
        bo1_0.original_price,
        bo1_0.payment_method,
        bo1_0.payment_order_id,
        bo1_0.payment_status,
        bo1_0.payment_time,
        bo1_0.price,
        bo1_0.seat_name,
        bo1_0.status,
        bo1_0.time_slot,
        bo1_0.updated_at,
        bo1_0.user_id 
    from
        booking_orders bo1_0 
    where
        bo1_0.user_id=? 
    order by
        bo1_0.created_at desc
2026-01-16 23:52:07.174 - 
    select
        po1_0.id,
        po1_0.card_end_date,
        po1_0.card_start_date,
        po1_0.card_status,
        po1_0.created_at,
        po1_0.order_no,
        po1_0.package_id,
        po1_0.package_name,
        po1_0.payment_method,
        po1_0.payment_time,
        po1_0.price,
        po1_0.remaining_times,
        po1_0.status,
        po1_0.transaction_type,
        po1_0.updated_at,
        po1_0.user_id 
    from
        payment_orders po1_0 
    where
        po1_0.user_id=? 
        and po1_0.status=?
2026-01-16 23:52:07.204 - 
    select
        u1_0.id,
        u1_0.avatar_url,
        u1_0.created_at,
        u1_0.last_login_time,
        u1_0.member_expire_time,
        u1_0.member_level,
        u1_0.nickname,
        u1_0.openid,
        u1_0.phone,
        u1_0.points,
        u1_0.remaining_visits,
        u1_0.role,
        u1_0.total_visits,
        u1_0.updated_at 
    from
        users u1_0 
    where
        u1_0.id=?
2026-01-16 23:52:07.207 - 
    select
        po1_0.id,
        po1_0.card_end_date,
        po1_0.card_start_date,
        po1_0.card_status,
        po1_0.created_at,
        po1_0.order_no,
        po1_0.package_id,
        po1_0.package_name,
        po1_0.payment_method,
        po1_0.payment_time,
        po1_0.price,
        po1_0.remaining_times,
        po1_0.status,
        po1_0.transaction_type,
        po1_0.updated_at,
        po1_0.user_id 
    from
        payment_orders po1_0 
    where
        po1_0.user_id=? 
        and po1_0.status=?
2026-01-16 23:52:07.223 - 
    select
        u1_0.id,
        u1_0.avatar_url,
        u1_0.created_at,
        u1_0.last_login_time,
        u1_0.member_expire_time,
        u1_0.member_level,
        u1_0.nickname,
        u1_0.openid,
        u1_0.phone,
        u1_0.points,
        u1_0.remaining_visits,
        u1_0.role,
        u1_0.total_visits,
        u1_0.updated_at 
    from
        users u1_0 
    where
        u1_0.id=?
2026-01-16 23:52:07.226 - 
    select
        po1_0.id,
        po1_0.card_end_date,
        po1_0.card_start_date,
        po1_0.card_status,
        po1_0.created_at,
        po1_0.order_no,
        po1_0.package_id,
        po1_0.package_name,
        po1_0.payment_method,
        po1_0.payment_time,
        po1_0.price,
        po1_0.remaining_times,
        po1_0.status,
        po1_0.transaction_type,
        po1_0.updated_at,
        po1_0.user_id 
    from
        payment_orders po1_0 
    where
        po1_0.user_id=? 
        and po1_0.status=?
2026-01-16 23:52:11.767 - 
    select
        po1_0.id,
        po1_0.card_end_date,
        po1_0.card_start_date,
        po1_0.card_status,
        po1_0.created_at,
        po1_0.order_no,
        po1_0.package_id,
        po1_0.package_name,
        po1_0.payment_method,
        po1_0.payment_time,
        po1_0.price,
        po1_0.remaining_times,
        po1_0.status,
        po1_0.transaction_type,
        po1_0.updated_at,
        po1_0.user_id 
    from
        payment_orders po1_0 
    where
        po1_0.user_id=?
2026-01-16 23:52:11.769 - 
    select
        mp1_0.id,
        mp1_0.avg_price_per_time,
        mp1_0.badge,
        mp1_0.category,
        mp1_0.code,
        mp1_0.description,
        mp1_0.features,
        mp1_0.is_active,
        mp1_0.name,
        mp1_0.people,
        mp1_0.price,
        mp1_0.sort_order,
        mp1_0.times_per_person,
        mp1_0.validity_days 
    from
        member_packages mp1_0 
    where
        mp1_0.id=?
2026-01-16 23:52:11.777 - 
    select
        po1_0.id,
        po1_0.card_end_date,
        po1_0.card_start_date,
        po1_0.card_status,
        po1_0.created_at,
        po1_0.order_no,
        po1_0.package_id,
        po1_0.package_name,
        po1_0.payment_method,
        po1_0.payment_time,
        po1_0.price,
        po1_0.remaining_times,
        po1_0.status,
        po1_0.transaction_type,
        po1_0.updated_at,
        po1_0.user_id 
    from
        payment_orders po1_0 
    where
        po1_0.user_id=?
2026-01-16 23:52:11.780 - 
    select
        mp1_0.id,
        mp1_0.avg_price_per_time,
        mp1_0.badge,
        mp1_0.category,
        mp1_0.code,
        mp1_0.description,
        mp1_0.features,
        mp1_0.is_active,
        mp1_0.name,
        mp1_0.people,
        mp1_0.price,
        mp1_0.sort_order,
        mp1_0.times_per_person,
        mp1_0.validity_days 
    from
        member_packages mp1_0 
    where
        mp1_0.id=?
2026-01-16 23:52:24.086 - 
    select
        po1_0.id,
        po1_0.card_end_date,
        po1_0.card_start_date,
        po1_0.card_status,
        po1_0.created_at,
        po1_0.order_no,
        po1_0.package_id,
        po1_0.package_name,
        po1_0.payment_method,
        po1_0.payment_time,
        po1_0.price,
        po1_0.remaining_times,
        po1_0.status,
        po1_0.transaction_type,
        po1_0.updated_at,
        po1_0.user_id 
    from
        payment_orders po1_0 
    where
        po1_0.user_id=?
2026-01-16 23:52:24.088 - 
    select
        u1_0.id,
        u1_0.avatar_url,
        u1_0.created_at,
        u1_0.last_login_time,
        u1_0.member_expire_time,
        u1_0.member_level,
        u1_0.nickname,
        u1_0.openid,
        u1_0.phone,
        u1_0.points,
        u1_0.remaining_visits,
        u1_0.role,
        u1_0.total_visits,
        u1_0.updated_at 
    from
        users u1_0 
    where
        u1_0.id=?
2026-01-16 23:52:24.089 - 
    select
        u1_0.id,
        u1_0.avatar_url,
        u1_0.created_at,
        u1_0.last_login_time,
        u1_0.member_expire_time,
        u1_0.member_level,
        u1_0.nickname,
        u1_0.openid,
        u1_0.phone,
        u1_0.points,
        u1_0.remaining_visits,
        u1_0.role,
        u1_0.total_visits,
        u1_0.updated_at 
    from
        users u1_0 
    where
        u1_0.id=?
2026-01-16 23:52:24.090 - 
    select
        mp1_0.id,
        mp1_0.avg_price_per_time,
        mp1_0.badge,
        mp1_0.category,
        mp1_0.code,
        mp1_0.description,
        mp1_0.features,
        mp1_0.is_active,
        mp1_0.name,
        mp1_0.people,
        mp1_0.price,
        mp1_0.sort_order,
        mp1_0.times_per_person,
        mp1_0.validity_days 
    from
        member_packages mp1_0 
    where
        mp1_0.id=?
2026-01-16 23:52:24.091 - 
    select
        po1_0.id,
        po1_0.card_end_date,
        po1_0.card_start_date,
        po1_0.card_status,
        po1_0.created_at,
        po1_0.order_no,
        po1_0.package_id,
        po1_0.package_name,
        po1_0.payment_method,
        po1_0.payment_time,
        po1_0.price,
        po1_0.remaining_times,
        po1_0.status,
        po1_0.transaction_type,
        po1_0.updated_at,
        po1_0.user_id 
    from
        payment_orders po1_0 
    where
        po1_0.user_id=? 
        and po1_0.status=?
2026-01-16 23:52:24.091 - 
    select
        bo1_0.id,
        bo1_0.cabin_name,
        bo1_0.consume_time,
        bo1_0.created_at,
        bo1_0.date,
        bo1_0.order_no,
        bo1_0.original_price,
        bo1_0.payment_method,
        bo1_0.payment_order_id,
        bo1_0.payment_status,
        bo1_0.payment_time,
        bo1_0.price,
        bo1_0.seat_name,
        bo1_0.status,
        bo1_0.time_slot,
        bo1_0.updated_at,
        bo1_0.user_id 
    from
        booking_orders bo1_0 
    where
        bo1_0.user_id=? 
    order by
        bo1_0.created_at desc
2026-01-16 23:52:24.098 - 
    select
        u1_0.id,
        u1_0.avatar_url,
        u1_0.created_at,
        u1_0.last_login_time,
        u1_0.member_expire_time,
        u1_0.member_level,
        u1_0.nickname,
        u1_0.openid,
        u1_0.phone,
        u1_0.points,
        u1_0.remaining_visits,
        u1_0.role,
        u1_0.total_visits,
        u1_0.updated_at 
    from
        users u1_0 
    where
        u1_0.id=?
2026-01-16 23:52:24.098 - 
    select
        u1_0.id,
        u1_0.avatar_url,
        u1_0.created_at,
        u1_0.last_login_time,
        u1_0.member_expire_time,
        u1_0.member_level,
        u1_0.nickname,
        u1_0.openid,
        u1_0.phone,
        u1_0.points,
        u1_0.remaining_visits,
        u1_0.role,
        u1_0.total_visits,
        u1_0.updated_at 
    from
        users u1_0 
    where
        u1_0.id=?
2026-01-16 23:52:24.098 - 
    select
        po1_0.id,
        po1_0.card_end_date,
        po1_0.card_start_date,
        po1_0.card_status,
        po1_0.created_at,
        po1_0.order_no,
        po1_0.package_id,
        po1_0.package_name,
        po1_0.payment_method,
        po1_0.payment_time,
        po1_0.price,
        po1_0.remaining_times,
        po1_0.status,
        po1_0.transaction_type,
        po1_0.updated_at,
        po1_0.user_id 
    from
        payment_orders po1_0 
    where
        po1_0.user_id=?
2026-01-16 23:52:24.101 - 
    select
        mp1_0.id,
        mp1_0.avg_price_per_time,
        mp1_0.badge,
        mp1_0.category,
        mp1_0.code,
        mp1_0.description,
        mp1_0.features,
        mp1_0.is_active,
        mp1_0.name,
        mp1_0.people,
        mp1_0.price,
        mp1_0.sort_order,
        mp1_0.times_per_person,
        mp1_0.validity_days 
    from
        member_packages mp1_0 
    where
        mp1_0.id=?
2026-01-16 23:52:24.101 - 
    select
        bo1_0.id,
        bo1_0.cabin_name,
        bo1_0.consume_time,
        bo1_0.created_at,
        bo1_0.date,
        bo1_0.order_no,
        bo1_0.original_price,
        bo1_0.payment_method,
        bo1_0.payment_order_id,
        bo1_0.payment_status,
        bo1_0.payment_time,
        bo1_0.price,
        bo1_0.seat_name,
        bo1_0.status,
        bo1_0.time_slot,
        bo1_0.updated_at,
        bo1_0.user_id 
    from
        booking_orders bo1_0 
    where
        bo1_0.user_id=? 
    order by
        bo1_0.created_at desc
2026-01-16 23:52:24.102 - 
    select
        po1_0.id,
        po1_0.card_end_date,
        po1_0.card_start_date,
        po1_0.card_status,
        po1_0.created_at,
        po1_0.order_no,
        po1_0.package_id,
        po1_0.package_name,
        po1_0.payment_method,
        po1_0.payment_time,
        po1_0.price,
        po1_0.remaining_times,
        po1_0.status,
        po1_0.transaction_type,
        po1_0.updated_at,
        po1_0.user_id 
    from
        payment_orders po1_0 
    where
        po1_0.user_id=? 
        and po1_0.status=?
2026-01-16 23:52:24.124 - 
    select
        u1_0.id,
        u1_0.avatar_url,
        u1_0.created_at,
        u1_0.last_login_time,
        u1_0.member_expire_time,
        u1_0.member_level,
        u1_0.nickname,
        u1_0.openid,
        u1_0.phone,
        u1_0.points,
        u1_0.remaining_visits,
        u1_0.role,
        u1_0.total_visits,
        u1_0.updated_at 
    from
        users u1_0 
    where
        u1_0.id=?
2026-01-16 23:52:24.127 - 
    select
        po1_0.id,
        po1_0.card_end_date,
        po1_0.card_start_date,
        po1_0.card_status,
        po1_0.created_at,
        po1_0.order_no,
        po1_0.package_id,
        po1_0.package_name,
        po1_0.payment_method,
        po1_0.payment_time,
        po1_0.price,
        po1_0.remaining_times,
        po1_0.status,
        po1_0.transaction_type,
        po1_0.updated_at,
        po1_0.user_id 
    from
        payment_orders po1_0 
    where
        po1_0.user_id=? 
        and po1_0.status=?
2026-01-16 23:52:24.133 - 
    select
        u1_0.id,
        u1_0.avatar_url,
        u1_0.created_at,
        u1_0.last_login_time,
        u1_0.member_expire_time,
        u1_0.member_level,
        u1_0.nickname,
        u1_0.openid,
        u1_0.phone,
        u1_0.points,
        u1_0.remaining_visits,
        u1_0.role,
        u1_0.total_visits,
        u1_0.updated_at 
    from
        users u1_0 
    where
        u1_0.id=?
2026-01-16 23:52:24.136 - 
    select
        po1_0.id,
        po1_0.card_end_date,
        po1_0.card_start_date,
        po1_0.card_status,
        po1_0.created_at,
        po1_0.order_no,
        po1_0.package_id,
        po1_0.package_name,
        po1_0.payment_method,
        po1_0.payment_time,
        po1_0.price,
        po1_0.remaining_times,
        po1_0.status,
        po1_0.transaction_type,
        po1_0.updated_at,
        po1_0.user_id 
    from
        payment_orders po1_0 
    where
        po1_0.user_id=? 
        and po1_0.status=?
2026-01-16 23:53:07.539 - 
    select
        mp1_0.id,
        mp1_0.avg_price_per_time,
        mp1_0.badge,
        mp1_0.category,
        mp1_0.code,
        mp1_0.description,
        mp1_0.features,
        mp1_0.is_active,
        mp1_0.name,
        mp1_0.people,
        mp1_0.price,
        mp1_0.sort_order,
        mp1_0.times_per_person,
        mp1_0.validity_days 
    from
        member_packages mp1_0 
    where
        mp1_0.category=? 
        and mp1_0.is_active 
    order by
        mp1_0.sort_order
2026-01-16 23:53:07.568 - 
    select
        mp1_0.id,
        mp1_0.avg_price_per_time,
        mp1_0.badge,
        mp1_0.category,
        mp1_0.code,
        mp1_0.description,
        mp1_0.features,
        mp1_0.is_active,
        mp1_0.name,
        mp1_0.people,
        mp1_0.price,
        mp1_0.sort_order,
        mp1_0.times_per_person,
        mp1_0.validity_days 
    from
        member_packages mp1_0 
    where
        mp1_0.category=? 
        and mp1_0.is_active 
    order by
        mp1_0.sort_order
2026-01-16 23:53:08.722 - 
    select
        mp1_0.id,
        mp1_0.avg_price_per_time,
        mp1_0.badge,
        mp1_0.category,
        mp1_0.code,
        mp1_0.description,
        mp1_0.features,
        mp1_0.is_active,
        mp1_0.name,
        mp1_0.people,
        mp1_0.price,
        mp1_0.sort_order,
        mp1_0.times_per_person,
        mp1_0.validity_days 
    from
        member_packages mp1_0 
    where
        mp1_0.category=? 
        and mp1_0.is_active 
    order by
        mp1_0.sort_order
2026-01-16 23:53:11.931 - 
    select
        po1_0.id,
        po1_0.card_end_date,
        po1_0.card_start_date,
        po1_0.card_status,
        po1_0.created_at,
        po1_0.order_no,
        po1_0.package_id,
        po1_0.package_name,
        po1_0.payment_method,
        po1_0.payment_time,
        po1_0.price,
        po1_0.remaining_times,
        po1_0.status,
        po1_0.transaction_type,
        po1_0.updated_at,
        po1_0.user_id 
    from
        payment_orders po1_0 
    where
        po1_0.user_id=?
2026-01-16 23:53:11.937 - 
    select
        mp1_0.id,
        mp1_0.avg_price_per_time,
        mp1_0.badge,
        mp1_0.category,
        mp1_0.code,
        mp1_0.description,
        mp1_0.features,
        mp1_0.is_active,
        mp1_0.name,
        mp1_0.people,
        mp1_0.price,
        mp1_0.sort_order,
        mp1_0.times_per_person,
        mp1_0.validity_days 
    from
        member_packages mp1_0 
    where
        mp1_0.id=?
2026-01-16 23:53:11.958 - 
    select
        u1_0.id,
        u1_0.avatar_url,
        u1_0.created_at,
        u1_0.last_login_time,
        u1_0.member_expire_time,
        u1_0.member_level,
        u1_0.nickname,
        u1_0.openid,
        u1_0.phone,
        u1_0.points,
        u1_0.remaining_visits,
        u1_0.role,
        u1_0.total_visits,
        u1_0.updated_at 
    from
        users u1_0 
    where
        u1_0.id=?
2026-01-16 23:53:11.961 - 
    select
        po1_0.id,
        po1_0.card_end_date,
        po1_0.card_start_date,
        po1_0.card_status,
        po1_0.created_at,
        po1_0.order_no,
        po1_0.package_id,
        po1_0.package_name,
        po1_0.payment_method,
        po1_0.payment_time,
        po1_0.price,
        po1_0.remaining_times,
        po1_0.status,
        po1_0.transaction_type,
        po1_0.updated_at,
        po1_0.user_id 
    from
        payment_orders po1_0 
    where
        po1_0.user_id=? 
        and po1_0.status=?
2026-01-16 23:53:21.287 - 
    select
        po1_0.id,
        po1_0.card_end_date,
        po1_0.card_start_date,
        po1_0.card_status,
        po1_0.created_at,
        po1_0.order_no,
        po1_0.package_id,
        po1_0.package_name,
        po1_0.payment_method,
        po1_0.payment_time,
        po1_0.price,
        po1_0.remaining_times,
        po1_0.status,
        po1_0.transaction_type,
        po1_0.updated_at,
        po1_0.user_id 
    from
        payment_orders po1_0 
    where
        po1_0.user_id=?
2026-01-16 23:53:21.296 - 
    select
        mp1_0.id,
        mp1_0.avg_price_per_time,
        mp1_0.badge,
        mp1_0.category,
        mp1_0.code,
        mp1_0.description,
        mp1_0.features,
        mp1_0.is_active,
        mp1_0.name,
        mp1_0.people,
        mp1_0.price,
        mp1_0.sort_order,
        mp1_0.times_per_person,
        mp1_0.validity_days 
    from
        member_packages mp1_0 
    where
        mp1_0.id=?
2026-01-16 23:53:30.224 - 
    select
        u1_0.id,
        u1_0.avatar_url,
        u1_0.created_at,
        u1_0.last_login_time,
        u1_0.member_expire_time,
        u1_0.member_level,
        u1_0.nickname,
        u1_0.openid,
        u1_0.phone,
        u1_0.points,
        u1_0.remaining_visits,
        u1_0.role,
        u1_0.total_visits,
        u1_0.updated_at 
    from
        users u1_0 
    where
        u1_0.id=?
2026-01-16 23:53:30.224 - 
    select
        u1_0.id,
        u1_0.avatar_url,
        u1_0.created_at,
        u1_0.last_login_time,
        u1_0.member_expire_time,
        u1_0.member_level,
        u1_0.nickname,
        u1_0.openid,
        u1_0.phone,
        u1_0.points,
        u1_0.remaining_visits,
        u1_0.role,
        u1_0.total_visits,
        u1_0.updated_at 
    from
        users u1_0 
    where
        u1_0.id=?
2026-01-16 23:53:30.225 - 
    select
        po1_0.id,
        po1_0.card_end_date,
        po1_0.card_start_date,
        po1_0.card_status,
        po1_0.created_at,
        po1_0.order_no,
        po1_0.package_id,
        po1_0.package_name,
        po1_0.payment_method,
        po1_0.payment_time,
        po1_0.price,
        po1_0.remaining_times,
        po1_0.status,
        po1_0.transaction_type,
        po1_0.updated_at,
        po1_0.user_id 
    from
        payment_orders po1_0 
    where
        po1_0.user_id=?
2026-01-16 23:53:30.228 - 
    select
        mp1_0.id,
        mp1_0.avg_price_per_time,
        mp1_0.badge,
        mp1_0.category,
        mp1_0.code,
        mp1_0.description,
        mp1_0.features,
        mp1_0.is_active,
        mp1_0.name,
        mp1_0.people,
        mp1_0.price,
        mp1_0.sort_order,
        mp1_0.times_per_person,
        mp1_0.validity_days 
    from
        member_packages mp1_0 
    where
        mp1_0.id=?
2026-01-16 23:53:30.229 - 
    select
        bo1_0.id,
        bo1_0.cabin_name,
        bo1_0.consume_time,
        bo1_0.created_at,
        bo1_0.date,
        bo1_0.order_no,
        bo1_0.original_price,
        bo1_0.payment_method,
        bo1_0.payment_order_id,
        bo1_0.payment_status,
        bo1_0.payment_time,
        bo1_0.price,
        bo1_0.seat_name,
        bo1_0.status,
        bo1_0.time_slot,
        bo1_0.updated_at,
        bo1_0.user_id 
    from
        booking_orders bo1_0 
    where
        bo1_0.user_id=? 
    order by
        bo1_0.created_at desc
2026-01-16 23:53:30.230 - 
    select
        po1_0.id,
        po1_0.card_end_date,
        po1_0.card_start_date,
        po1_0.card_status,
        po1_0.created_at,
        po1_0.order_no,
        po1_0.package_id,
        po1_0.package_name,
        po1_0.payment_method,
        po1_0.payment_time,
        po1_0.price,
        po1_0.remaining_times,
        po1_0.status,
        po1_0.transaction_type,
        po1_0.updated_at,
        po1_0.user_id 
    from
        payment_orders po1_0 
    where
        po1_0.user_id=? 
        and po1_0.status=?
2026-01-16 23:53:30.239 - 
    select
        u1_0.id,
        u1_0.avatar_url,
        u1_0.created_at,
        u1_0.last_login_time,
        u1_0.member_expire_time,
        u1_0.member_level,
        u1_0.nickname,
        u1_0.openid,
        u1_0.phone,
        u1_0.points,
        u1_0.remaining_visits,
        u1_0.role,
        u1_0.total_visits,
        u1_0.updated_at 
    from
        users u1_0 
    where
        u1_0.id=?
2026-01-16 23:53:30.239 - 
    select
        u1_0.id,
        u1_0.avatar_url,
        u1_0.created_at,
        u1_0.last_login_time,
        u1_0.member_expire_time,
        u1_0.member_level,
        u1_0.nickname,
        u1_0.openid,
        u1_0.phone,
        u1_0.points,
        u1_0.remaining_visits,
        u1_0.role,
        u1_0.total_visits,
        u1_0.updated_at 
    from
        users u1_0 
    where
        u1_0.id=?
2026-01-16 23:53:30.240 - 
    select
        po1_0.id,
        po1_0.card_end_date,
        po1_0.card_start_date,
        po1_0.card_status,
        po1_0.created_at,
        po1_0.order_no,
        po1_0.package_id,
        po1_0.package_name,
        po1_0.payment_method,
        po1_0.payment_time,
        po1_0.price,
        po1_0.remaining_times,
        po1_0.status,
        po1_0.transaction_type,
        po1_0.updated_at,
        po1_0.user_id 
    from
        payment_orders po1_0 
    where
        po1_0.user_id=?
2026-01-16 23:53:30.242 - 
    select
        bo1_0.id,
        bo1_0.cabin_name,
        bo1_0.consume_time,
        bo1_0.created_at,
        bo1_0.date,
        bo1_0.order_no,
        bo1_0.original_price,
        bo1_0.payment_method,
        bo1_0.payment_order_id,
        bo1_0.payment_status,
        bo1_0.payment_time,
        bo1_0.price,
        bo1_0.seat_name,
        bo1_0.status,
        bo1_0.time_slot,
        bo1_0.updated_at,
        bo1_0.user_id 
    from
        booking_orders bo1_0 
    where
        bo1_0.user_id=? 
    order by
        bo1_0.created_at desc
2026-01-16 23:53:30.243 - 
    select
        po1_0.id,
        po1_0.card_end_date,
        po1_0.card_start_date,
        po1_0.card_status,
        po1_0.created_at,
        po1_0.order_no,
        po1_0.package_id,
        po1_0.package_name,
        po1_0.payment_method,
        po1_0.payment_time,
        po1_0.price,
        po1_0.remaining_times,
        po1_0.status,
        po1_0.transaction_type,
        po1_0.updated_at,
        po1_0.user_id 
    from
        payment_orders po1_0 
    where
        po1_0.user_id=? 
        and po1_0.status=?
2026-01-16 23:53:30.243 - 
    select
        mp1_0.id,
        mp1_0.avg_price_per_time,
        mp1_0.badge,
        mp1_0.category,
        mp1_0.code,
        mp1_0.description,
        mp1_0.features,
        mp1_0.is_active,
        mp1_0.name,
        mp1_0.people,
        mp1_0.price,
        mp1_0.sort_order,
        mp1_0.times_per_person,
        mp1_0.validity_days 
    from
        member_packages mp1_0 
    where
        mp1_0.id=?
2026-01-16 23:53:30.277 - 
    select
        u1_0.id,
        u1_0.avatar_url,
        u1_0.created_at,
        u1_0.last_login_time,
        u1_0.member_expire_time,
        u1_0.member_level,
        u1_0.nickname,
        u1_0.openid,
        u1_0.phone,
        u1_0.points,
        u1_0.remaining_visits,
        u1_0.role,
        u1_0.total_visits,
        u1_0.updated_at 
    from
        users u1_0 
    where
        u1_0.id=?
2026-01-16 23:53:30.280 - 
    select
        po1_0.id,
        po1_0.card_end_date,
        po1_0.card_start_date,
        po1_0.card_status,
        po1_0.created_at,
        po1_0.order_no,
        po1_0.package_id,
        po1_0.package_name,
        po1_0.payment_method,
        po1_0.payment_time,
        po1_0.price,
        po1_0.remaining_times,
        po1_0.status,
        po1_0.transaction_type,
        po1_0.updated_at,
        po1_0.user_id 
    from
        payment_orders po1_0 
    where
        po1_0.user_id=? 
        and po1_0.status=?
2026-01-16 23:53:30.294 - 
    select
        u1_0.id,
        u1_0.avatar_url,
        u1_0.created_at,
        u1_0.last_login_time,
        u1_0.member_expire_time,
        u1_0.member_level,
        u1_0.nickname,
        u1_0.openid,
        u1_0.phone,
        u1_0.points,
        u1_0.remaining_visits,
        u1_0.role,
        u1_0.total_visits,
        u1_0.updated_at 
    from
        users u1_0 
    where
        u1_0.id=?
2026-01-16 23:53:30.297 - 
    select
        po1_0.id,
        po1_0.card_end_date,
        po1_0.card_start_date,
        po1_0.card_status,
        po1_0.created_at,
        po1_0.order_no,
        po1_0.package_id,
        po1_0.package_name,
        po1_0.payment_method,
        po1_0.payment_time,
        po1_0.price,
        po1_0.remaining_times,
        po1_0.status,
        po1_0.transaction_type,
        po1_0.updated_at,
        po1_0.user_id 
    from
        payment_orders po1_0 
    where
        po1_0.user_id=? 
        and po1_0.status=?
2026-01-16 23:53:33.001 - 
    select
        mp1_0.id,
        mp1_0.avg_price_per_time,
        mp1_0.badge,
        mp1_0.category,
        mp1_0.code,
        mp1_0.description,
        mp1_0.features,
        mp1_0.is_active,
        mp1_0.name,
        mp1_0.people,
        mp1_0.price,
        mp1_0.sort_order,
        mp1_0.times_per_person,
        mp1_0.validity_days 
    from
        member_packages mp1_0 
    where
        mp1_0.category=? 
        and mp1_0.is_active 
    order by
        mp1_0.sort_order
2026-01-16 23:53:33.014 - 
    select
        mp1_0.id,
        mp1_0.avg_price_per_time,
        mp1_0.badge,
        mp1_0.category,
        mp1_0.code,
        mp1_0.description,
        mp1_0.features,
        mp1_0.is_active,
        mp1_0.name,
        mp1_0.people,
        mp1_0.price,
        mp1_0.sort_order,
        mp1_0.times_per_person,
        mp1_0.validity_days 
    from
        member_packages mp1_0 
    where
        mp1_0.category=? 
        and mp1_0.is_active 
    order by
        mp1_0.sort_order
2026-01-16 23:53:33.831 - 
    select
        mp1_0.id,
        mp1_0.avg_price_per_time,
        mp1_0.badge,
        mp1_0.category,
        mp1_0.code,
        mp1_0.description,
        mp1_0.features,
        mp1_0.is_active,
        mp1_0.name,
        mp1_0.people,
        mp1_0.price,
        mp1_0.sort_order,
        mp1_0.times_per_person,
        mp1_0.validity_days 
    from
        member_packages mp1_0 
    where
        mp1_0.category=? 
        and mp1_0.is_active 
    order by
        mp1_0.sort_order
2026-01-16 23:53:36.557 - 
    select
        po1_0.id,
        po1_0.card_end_date,
        po1_0.card_start_date,
        po1_0.card_status,
        po1_0.created_at,
        po1_0.order_no,
        po1_0.package_id,
        po1_0.package_name,
        po1_0.payment_method,
        po1_0.payment_time,
        po1_0.price,
        po1_0.remaining_times,
        po1_0.status,
        po1_0.transaction_type,
        po1_0.updated_at,
        po1_0.user_id 
    from
        payment_orders po1_0 
    where
        po1_0.user_id=?
2026-01-16 23:53:36.594 - 
    select
        mp1_0.id,
        mp1_0.avg_price_per_time,
        mp1_0.badge,
        mp1_0.category,
        mp1_0.code,
        mp1_0.description,
        mp1_0.features,
        mp1_0.is_active,
        mp1_0.name,
        mp1_0.people,
        mp1_0.price,
        mp1_0.sort_order,
        mp1_0.times_per_person,
        mp1_0.validity_days 
    from
        member_packages mp1_0 
    where
        mp1_0.id=?
2026-01-16 23:53:36.679 - 
    select
        u1_0.id,
        u1_0.avatar_url,
        u1_0.created_at,
        u1_0.last_login_time,
        u1_0.member_expire_time,
        u1_0.member_level,
        u1_0.nickname,
        u1_0.openid,
        u1_0.phone,
        u1_0.points,
        u1_0.remaining_visits,
        u1_0.role,
        u1_0.total_visits,
        u1_0.updated_at 
    from
        users u1_0 
    where
        u1_0.id=?
2026-01-16 23:53:36.682 - 
    select
        po1_0.id,
        po1_0.card_end_date,
        po1_0.card_start_date,
        po1_0.card_status,
        po1_0.created_at,
        po1_0.order_no,
        po1_0.package_id,
        po1_0.package_name,
        po1_0.payment_method,
        po1_0.payment_time,
        po1_0.price,
        po1_0.remaining_times,
        po1_0.status,
        po1_0.transaction_type,
        po1_0.updated_at,
        po1_0.user_id 
    from
        payment_orders po1_0 
    where
        po1_0.user_id=? 
        and po1_0.status=?
2026-01-16 23:53:41.627 - 
    select
        po1_0.id,
        po1_0.card_end_date,
        po1_0.card_start_date,
        po1_0.card_status,
        po1_0.created_at,
        po1_0.order_no,
        po1_0.package_id,
        po1_0.package_name,
        po1_0.payment_method,
        po1_0.payment_time,
        po1_0.price,
        po1_0.remaining_times,
        po1_0.status,
        po1_0.transaction_type,
        po1_0.updated_at,
        po1_0.user_id 
    from
        payment_orders po1_0 
    where
        po1_0.user_id=?
2026-01-16 23:53:41.634 - 
    select
        mp1_0.id,
        mp1_0.avg_price_per_time,
        mp1_0.badge,
        mp1_0.category,
        mp1_0.code,
        mp1_0.description,
        mp1_0.features,
        mp1_0.is_active,
        mp1_0.name,
        mp1_0.people,
        mp1_0.price,
        mp1_0.sort_order,
        mp1_0.times_per_person,
        mp1_0.validity_days 
    from
        member_packages mp1_0 
    where
        mp1_0.id=?
2026-01-16 23:53:46.647 - 
    select
        po1_0.id,
        po1_0.card_end_date,
        po1_0.card_start_date,
        po1_0.card_status,
        po1_0.created_at,
        po1_0.order_no,
        po1_0.package_id,
        po1_0.package_name,
        po1_0.payment_method,
        po1_0.payment_time,
        po1_0.price,
        po1_0.remaining_times,
        po1_0.status,
        po1_0.transaction_type,
        po1_0.updated_at,
        po1_0.user_id 
    from
        payment_orders po1_0 
    where
        po1_0.user_id=?
2026-01-16 23:53:46.649 - 
    select
        u1_0.id,
        u1_0.avatar_url,
        u1_0.created_at,
        u1_0.last_login_time,
        u1_0.member_expire_time,
        u1_0.member_level,
        u1_0.nickname,
        u1_0.openid,
        u1_0.phone,
        u1_0.points,
        u1_0.remaining_visits,
        u1_0.role,
        u1_0.total_visits,
        u1_0.updated_at 
    from
        users u1_0 
    where
        u1_0.id=?
2026-01-16 23:53:46.651 - 
    select
        u1_0.id,
        u1_0.avatar_url,
        u1_0.created_at,
        u1_0.last_login_time,
        u1_0.member_expire_time,
        u1_0.member_level,
        u1_0.nickname,
        u1_0.openid,
        u1_0.phone,
        u1_0.points,
        u1_0.remaining_visits,
        u1_0.role,
        u1_0.total_visits,
        u1_0.updated_at 
    from
        users u1_0 
    where
        u1_0.id=?
2026-01-16 23:53:46.651 - 
    select
        mp1_0.id,
        mp1_0.avg_price_per_time,
        mp1_0.badge,
        mp1_0.category,
        mp1_0.code,
        mp1_0.description,
        mp1_0.features,
        mp1_0.is_active,
        mp1_0.name,
        mp1_0.people,
        mp1_0.price,
        mp1_0.sort_order,
        mp1_0.times_per_person,
        mp1_0.validity_days 
    from
        member_packages mp1_0 
    where
        mp1_0.id=?
2026-01-16 23:53:46.657 - 
    select
        po1_0.id,
        po1_0.card_end_date,
        po1_0.card_start_date,
        po1_0.card_status,
        po1_0.created_at,
        po1_0.order_no,
        po1_0.package_id,
        po1_0.package_name,
        po1_0.payment_method,
        po1_0.payment_time,
        po1_0.price,
        po1_0.remaining_times,
        po1_0.status,
        po1_0.transaction_type,
        po1_0.updated_at,
        po1_0.user_id 
    from
        payment_orders po1_0 
    where
        po1_0.user_id=? 
        and po1_0.status=?
2026-01-16 23:53:46.660 - 
    select
        bo1_0.id,
        bo1_0.cabin_name,
        bo1_0.consume_time,
        bo1_0.created_at,
        bo1_0.date,
        bo1_0.order_no,
        bo1_0.original_price,
        bo1_0.payment_method,
        bo1_0.payment_order_id,
        bo1_0.payment_status,
        bo1_0.payment_time,
        bo1_0.price,
        bo1_0.seat_name,
        bo1_0.status,
        bo1_0.time_slot,
        bo1_0.updated_at,
        bo1_0.user_id 
    from
        booking_orders bo1_0 
    where
        bo1_0.user_id=? 
    order by
        bo1_0.created_at desc
2026-01-16 23:53:46.663 - 
    select
        po1_0.id,
        po1_0.card_end_date,
        po1_0.card_start_date,
        po1_0.card_status,
        po1_0.created_at,
        po1_0.order_no,
        po1_0.package_id,
        po1_0.package_name,
        po1_0.payment_method,
        po1_0.payment_time,
        po1_0.price,
        po1_0.remaining_times,
        po1_0.status,
        po1_0.transaction_type,
        po1_0.updated_at,
        po1_0.user_id 
    from
        payment_orders po1_0 
    where
        po1_0.user_id=?
2026-01-16 23:53:46.667 - 
    select
        mp1_0.id,
        mp1_0.avg_price_per_time,
        mp1_0.badge,
        mp1_0.category,
        mp1_0.code,
        mp1_0.description,
        mp1_0.features,
        mp1_0.is_active,
        mp1_0.name,
        mp1_0.people,
        mp1_0.price,
        mp1_0.sort_order,
        mp1_0.times_per_person,
        mp1_0.validity_days 
    from
        member_packages mp1_0 
    where
        mp1_0.id=?
2026-01-16 23:53:46.670 - 
    select
        u1_0.id,
        u1_0.avatar_url,
        u1_0.created_at,
        u1_0.last_login_time,
        u1_0.member_expire_time,
        u1_0.member_level,
        u1_0.nickname,
        u1_0.openid,
        u1_0.phone,
        u1_0.points,
        u1_0.remaining_visits,
        u1_0.role,
        u1_0.total_visits,
        u1_0.updated_at 
    from
        users u1_0 
    where
        u1_0.id=?
2026-01-16 23:53:46.676 - 
    select
        u1_0.id,
        u1_0.avatar_url,
        u1_0.created_at,
        u1_0.last_login_time,
        u1_0.member_expire_time,
        u1_0.member_level,
        u1_0.nickname,
        u1_0.openid,
        u1_0.phone,
        u1_0.points,
        u1_0.remaining_visits,
        u1_0.role,
        u1_0.total_visits,
        u1_0.updated_at 
    from
        users u1_0 
    where
        u1_0.id=?
2026-01-16 23:53:46.677 - 
    select
        po1_0.id,
        po1_0.card_end_date,
        po1_0.card_start_date,
        po1_0.card_status,
        po1_0.created_at,
        po1_0.order_no,
        po1_0.package_id,
        po1_0.package_name,
        po1_0.payment_method,
        po1_0.payment_time,
        po1_0.price,
        po1_0.remaining_times,
        po1_0.status,
        po1_0.transaction_type,
        po1_0.updated_at,
        po1_0.user_id 
    from
        payment_orders po1_0 
    where
        po1_0.user_id=? 
        and po1_0.status=?
2026-01-16 23:53:46.682 - 
    select
        bo1_0.id,
        bo1_0.cabin_name,
        bo1_0.consume_time,
        bo1_0.created_at,
        bo1_0.date,
        bo1_0.order_no,
        bo1_0.original_price,
        bo1_0.payment_method,
        bo1_0.payment_order_id,
        bo1_0.payment_status,
        bo1_0.payment_time,
        bo1_0.price,
        bo1_0.seat_name,
        bo1_0.status,
        bo1_0.time_slot,
        bo1_0.updated_at,
        bo1_0.user_id 
    from
        booking_orders bo1_0 
    where
        bo1_0.user_id=? 
    order by
        bo1_0.created_at desc
2026-01-16 23:53:46.697 - 
    select
        u1_0.id,
        u1_0.avatar_url,
        u1_0.created_at,
        u1_0.last_login_time,
        u1_0.member_expire_time,
        u1_0.member_level,
        u1_0.nickname,
        u1_0.openid,
        u1_0.phone,
        u1_0.points,
        u1_0.remaining_visits,
        u1_0.role,
        u1_0.total_visits,
        u1_0.updated_at 
    from
        users u1_0 
    where
        u1_0.id=?
2026-01-16 23:53:46.701 - 
    select
        po1_0.id,
        po1_0.card_end_date,
        po1_0.card_start_date,
        po1_0.card_status,
        po1_0.created_at,
        po1_0.order_no,
        po1_0.package_id,
        po1_0.package_name,
        po1_0.payment_method,
        po1_0.payment_time,
        po1_0.price,
        po1_0.remaining_times,
        po1_0.status,
        po1_0.transaction_type,
        po1_0.updated_at,
        po1_0.user_id 
    from
        payment_orders po1_0 
    where
        po1_0.user_id=? 
        and po1_0.status=?
2026-01-16 23:53:46.718 - 
    select
        u1_0.id,
        u1_0.avatar_url,
        u1_0.created_at,
        u1_0.last_login_time,
        u1_0.member_expire_time,
        u1_0.member_level,
        u1_0.nickname,
        u1_0.openid,
        u1_0.phone,
        u1_0.points,
        u1_0.remaining_visits,
        u1_0.role,
        u1_0.total_visits,
        u1_0.updated_at 
    from
        users u1_0 
    where
        u1_0.id=?
2026-01-16 23:53:46.720 - 
    select
        po1_0.id,
        po1_0.card_end_date,
        po1_0.card_start_date,
        po1_0.card_status,
        po1_0.created_at,
        po1_0.order_no,
        po1_0.package_id,
        po1_0.package_name,
        po1_0.payment_method,
        po1_0.payment_time,
        po1_0.price,
        po1_0.remaining_times,
        po1_0.status,
        po1_0.transaction_type,
        po1_0.updated_at,
        po1_0.user_id 
    from
        payment_orders po1_0 
    where
        po1_0.user_id=? 
        and po1_0.status=?
2026-01-16 23:54:17.754 - 
    select
        po1_0.id,
        po1_0.card_end_date,
        po1_0.card_start_date,
        po1_0.card_status,
        po1_0.created_at,
        po1_0.order_no,
        po1_0.package_id,
        po1_0.package_name,
        po1_0.payment_method,
        po1_0.payment_time,
        po1_0.price,
        po1_0.remaining_times,
        po1_0.status,
        po1_0.transaction_type,
        po1_0.updated_at,
        po1_0.user_id 
    from
        payment_orders po1_0 
    where
        po1_0.user_id=?
2026-01-16 23:54:17.768 - 
    select
        mp1_0.id,
        mp1_0.avg_price_per_time,
        mp1_0.badge,
        mp1_0.category,
        mp1_0.code,
        mp1_0.description,
        mp1_0.features,
        mp1_0.is_active,
        mp1_0.name,
        mp1_0.people,
        mp1_0.price,
        mp1_0.sort_order,
        mp1_0.times_per_person,
        mp1_0.validity_days 
    from
        member_packages mp1_0 
    where
        mp1_0.id=?
2026-01-16 23:54:17.783 - 
    select
        po1_0.id,
        po1_0.card_end_date,
        po1_0.card_start_date,
        po1_0.card_status,
        po1_0.created_at,
        po1_0.order_no,
        po1_0.package_id,
        po1_0.package_name,
        po1_0.payment_method,
        po1_0.payment_time,
        po1_0.price,
        po1_0.remaining_times,
        po1_0.status,
        po1_0.transaction_type,
        po1_0.updated_at,
        po1_0.user_id 
    from
        payment_orders po1_0 
    where
        po1_0.user_id=?
2026-01-16 23:54:17.784 - 
    select
        mp1_0.id,
        mp1_0.avg_price_per_time,
        mp1_0.badge,
        mp1_0.category,
        mp1_0.code,
        mp1_0.description,
        mp1_0.features,
        mp1_0.is_active,
        mp1_0.name,
        mp1_0.people,
        mp1_0.price,
        mp1_0.sort_order,
        mp1_0.times_per_person,
        mp1_0.validity_days 
    from
        member_packages mp1_0 
    where
        mp1_0.id=?
2026-01-16 23:54:19.624 - 
    select
        bo1_0.id,
        bo1_0.cabin_name,
        bo1_0.consume_time,
        bo1_0.created_at,
        bo1_0.date,
        bo1_0.order_no,
        bo1_0.original_price,
        bo1_0.payment_method,
        bo1_0.payment_order_id,
        bo1_0.payment_status,
        bo1_0.payment_time,
        bo1_0.price,
        bo1_0.seat_name,
        bo1_0.status,
        bo1_0.time_slot,
        bo1_0.updated_at,
        bo1_0.user_id 
    from
        booking_orders bo1_0 
    where
        bo1_0.date=? 
        and bo1_0.time_slot=?
2026-01-16 23:54:21.141 - 
    select
        po1_0.id,
        po1_0.card_end_date,
        po1_0.card_start_date,
        po1_0.card_status,
        po1_0.created_at,
        po1_0.order_no,
        po1_0.package_id,
        po1_0.package_name,
        po1_0.payment_method,
        po1_0.payment_time,
        po1_0.price,
        po1_0.remaining_times,
        po1_0.status,
        po1_0.transaction_type,
        po1_0.updated_at,
        po1_0.user_id 
    from
        payment_orders po1_0 
    where
        po1_0.user_id=?
2026-01-16 23:54:21.144 - 
    select
        mp1_0.id,
        mp1_0.avg_price_per_time,
        mp1_0.badge,
        mp1_0.category,
        mp1_0.code,
        mp1_0.description,
        mp1_0.features,
        mp1_0.is_active,
        mp1_0.name,
        mp1_0.people,
        mp1_0.price,
        mp1_0.sort_order,
        mp1_0.times_per_person,
        mp1_0.validity_days 
    from
        member_packages mp1_0 
    where
        mp1_0.id=?
2026-01-16 23:54:21.169 - 
    select
        u1_0.id,
        u1_0.avatar_url,
        u1_0.created_at,
        u1_0.last_login_time,
        u1_0.member_expire_time,
        u1_0.member_level,
        u1_0.nickname,
        u1_0.openid,
        u1_0.phone,
        u1_0.points,
        u1_0.remaining_visits,
        u1_0.role,
        u1_0.total_visits,
        u1_0.updated_at 
    from
        users u1_0 
    where
        u1_0.id=?
2026-01-16 23:54:21.174 - 
    select
        bo1_0.id,
        bo1_0.cabin_name,
        bo1_0.consume_time,
        bo1_0.created_at,
        bo1_0.date,
        bo1_0.order_no,
        bo1_0.original_price,
        bo1_0.payment_method,
        bo1_0.payment_order_id,
        bo1_0.payment_status,
        bo1_0.payment_time,
        bo1_0.price,
        bo1_0.seat_name,
        bo1_0.status,
        bo1_0.time_slot,
        bo1_0.updated_at,
        bo1_0.user_id 
    from
        booking_orders bo1_0 
    where
        bo1_0.user_id=? 
        and bo1_0.date=? 
        and bo1_0.status!=?
2026-01-16 23:54:21.196 - 
    select
        u1_0.id,
        u1_0.avatar_url,
        u1_0.created_at,
        u1_0.last_login_time,
        u1_0.member_expire_time,
        u1_0.member_level,
        u1_0.nickname,
        u1_0.openid,
        u1_0.phone,
        u1_0.points,
        u1_0.remaining_visits,
        u1_0.role,
        u1_0.total_visits,
        u1_0.updated_at 
    from
        users u1_0 
    where
        u1_0.id=?
2026-01-16 23:54:21.199 - 
    select
        bo1_0.id,
        bo1_0.cabin_name,
        bo1_0.consume_time,
        bo1_0.created_at,
        bo1_0.date,
        bo1_0.order_no,
        bo1_0.original_price,
        bo1_0.payment_method,
        bo1_0.payment_order_id,
        bo1_0.payment_status,
        bo1_0.payment_time,
        bo1_0.price,
        bo1_0.seat_name,
        bo1_0.status,
        bo1_0.time_slot,
        bo1_0.updated_at,
        bo1_0.user_id 
    from
        booking_orders bo1_0 
    where
        bo1_0.user_id=? 
        and bo1_0.date=? 
        and bo1_0.status!=?
2026-01-16 23:54:21.202 - 
    select
        bo1_0.id,
        bo1_0.cabin_name,
        bo1_0.consume_time,
        bo1_0.created_at,
        bo1_0.date,
        bo1_0.order_no,
        bo1_0.original_price,
        bo1_0.payment_method,
        bo1_0.payment_order_id,
        bo1_0.payment_status,
        bo1_0.payment_time,
        bo1_0.price,
        bo1_0.seat_name,
        bo1_0.status,
        bo1_0.time_slot,
        bo1_0.updated_at,
        bo1_0.user_id 
    from
        booking_orders bo1_0 
    where
        bo1_0.date=? 
        and bo1_0.time_slot=? 
        and bo1_0.cabin_name=? 
        and bo1_0.seat_name=?
2026-01-16 23:54:21.205 - 
    select
        po1_0.id,
        po1_0.card_end_date,
        po1_0.card_start_date,
        po1_0.card_status,
        po1_0.created_at,
        po1_0.order_no,
        po1_0.package_id,
        po1_0.package_name,
        po1_0.payment_method,
        po1_0.payment_time,
        po1_0.price,
        po1_0.remaining_times,
        po1_0.status,
        po1_0.transaction_type,
        po1_0.updated_at,
        po1_0.user_id 
    from
        payment_orders po1_0 
    where
        po1_0.user_id=?
2026-01-16 23:54:21.208 - 
    select
        mp1_0.id,
        mp1_0.avg_price_per_time,
        mp1_0.badge,
        mp1_0.category,
        mp1_0.code,
        mp1_0.description,
        mp1_0.features,
        mp1_0.is_active,
        mp1_0.name,
        mp1_0.people,
        mp1_0.price,
        mp1_0.sort_order,
        mp1_0.times_per_person,
        mp1_0.validity_days 
    from
        member_packages mp1_0 
    where
        mp1_0.id=?
2026-01-16 23:54:21.214 - 
    insert 
    into
        booking_orders
        (cabin_name, consume_time, created_at, date, order_no, original_price, payment_method, payment_order_id, payment_status, payment_time, price, seat_name, status, time_slot, updated_at, user_id) 
    values
        (?, ?, ?, ?, ?, ?, ?, ?, ?, ?, ?, ?, ?, ?, ?, ?)
2026-01-16 23:54:22.859 - 
    select
        u1_0.id,
        u1_0.avatar_url,
        u1_0.created_at,
        u1_0.last_login_time,
        u1_0.member_expire_time,
        u1_0.member_level,
        u1_0.nickname,
        u1_0.openid,
        u1_0.phone,
        u1_0.points,
        u1_0.remaining_visits,
        u1_0.role,
        u1_0.total_visits,
        u1_0.updated_at 
    from
        users u1_0 
    where
        u1_0.id=?
2026-01-16 23:54:22.859 - 
    select
        u1_0.id,
        u1_0.avatar_url,
        u1_0.created_at,
        u1_0.last_login_time,
        u1_0.member_expire_time,
        u1_0.member_level,
        u1_0.nickname,
        u1_0.openid,
        u1_0.phone,
        u1_0.points,
        u1_0.remaining_visits,
        u1_0.role,
        u1_0.total_visits,
        u1_0.updated_at 
    from
        users u1_0 
    where
        u1_0.id=?
2026-01-16 23:54:22.862 - 
    select
        po1_0.id,
        po1_0.card_end_date,
        po1_0.card_start_date,
        po1_0.card_status,
        po1_0.created_at,
        po1_0.order_no,
        po1_0.package_id,
        po1_0.package_name,
        po1_0.payment_method,
        po1_0.payment_time,
        po1_0.price,
        po1_0.remaining_times,
        po1_0.status,
        po1_0.transaction_type,
        po1_0.updated_at,
        po1_0.user_id 
    from
        payment_orders po1_0 
    where
        po1_0.user_id=?
2026-01-16 23:54:22.865 - 
    select
        po1_0.id,
        po1_0.card_end_date,
        po1_0.card_start_date,
        po1_0.card_status,
        po1_0.created_at,
        po1_0.order_no,
        po1_0.package_id,
        po1_0.package_name,
        po1_0.payment_method,
        po1_0.payment_time,
        po1_0.price,
        po1_0.remaining_times,
        po1_0.status,
        po1_0.transaction_type,
        po1_0.updated_at,
        po1_0.user_id 
    from
        payment_orders po1_0 
    where
        po1_0.user_id=? 
        and po1_0.status=?
2026-01-16 23:54:22.865 - 
    select
        bo1_0.id,
        bo1_0.cabin_name,
        bo1_0.consume_time,
        bo1_0.created_at,
        bo1_0.date,
        bo1_0.order_no,
        bo1_0.original_price,
        bo1_0.payment_method,
        bo1_0.payment_order_id,
        bo1_0.payment_status,
        bo1_0.payment_time,
        bo1_0.price,
        bo1_0.seat_name,
        bo1_0.status,
        bo1_0.time_slot,
        bo1_0.updated_at,
        bo1_0.user_id 
    from
        booking_orders bo1_0 
    where
        bo1_0.user_id=? 
    order by
        bo1_0.created_at desc
2026-01-16 23:54:22.866 - 
    select
        mp1_0.id,
        mp1_0.avg_price_per_time,
        mp1_0.badge,
        mp1_0.category,
        mp1_0.code,
        mp1_0.description,
        mp1_0.features,
        mp1_0.is_active,
        mp1_0.name,
        mp1_0.people,
        mp1_0.price,
        mp1_0.sort_order,
        mp1_0.times_per_person,
        mp1_0.validity_days 
    from
        member_packages mp1_0 
    where
        mp1_0.id=?
2026-01-16 23:54:22.874 - 
    select
        u1_0.id,
        u1_0.avatar_url,
        u1_0.created_at,
        u1_0.last_login_time,
        u1_0.member_expire_time,
        u1_0.member_level,
        u1_0.nickname,
        u1_0.openid,
        u1_0.phone,
        u1_0.points,
        u1_0.remaining_visits,
        u1_0.role,
        u1_0.total_visits,
        u1_0.updated_at 
    from
        users u1_0 
    where
        u1_0.id=?
2026-01-16 23:54:22.874 - 
    select
        po1_0.id,
        po1_0.card_end_date,
        po1_0.card_start_date,
        po1_0.card_status,
        po1_0.created_at,
        po1_0.order_no,
        po1_0.package_id,
        po1_0.package_name,
        po1_0.payment_method,
        po1_0.payment_time,
        po1_0.price,
        po1_0.remaining_times,
        po1_0.status,
        po1_0.transaction_type,
        po1_0.updated_at,
        po1_0.user_id 
    from
        payment_orders po1_0 
    where
        po1_0.user_id=?
2026-01-16 23:54:22.874 - 
    select
        u1_0.id,
        u1_0.avatar_url,
        u1_0.created_at,
        u1_0.last_login_time,
        u1_0.member_expire_time,
        u1_0.member_level,
        u1_0.nickname,
        u1_0.openid,
        u1_0.phone,
        u1_0.points,
        u1_0.remaining_visits,
        u1_0.role,
        u1_0.total_visits,
        u1_0.updated_at 
    from
        users u1_0 
    where
        u1_0.id=?
2026-01-16 23:54:22.875 - 
    select
        mp1_0.id,
        mp1_0.avg_price_per_time,
        mp1_0.badge,
        mp1_0.category,
        mp1_0.code,
        mp1_0.description,
        mp1_0.features,
        mp1_0.is_active,
        mp1_0.name,
        mp1_0.people,
        mp1_0.price,
        mp1_0.sort_order,
        mp1_0.times_per_person,
        mp1_0.validity_days 
    from
        member_packages mp1_0 
    where
        mp1_0.id=?
2026-01-16 23:54:22.876 - 
    select
        bo1_0.id,
        bo1_0.cabin_name,
        bo1_0.consume_time,
        bo1_0.created_at,
        bo1_0.date,
        bo1_0.order_no,
        bo1_0.original_price,
        bo1_0.payment_method,
        bo1_0.payment_order_id,
        bo1_0.payment_status,
        bo1_0.payment_time,
        bo1_0.price,
        bo1_0.seat_name,
        bo1_0.status,
        bo1_0.time_slot,
        bo1_0.updated_at,
        bo1_0.user_id 
    from
        booking_orders bo1_0 
    where
        bo1_0.user_id=? 
    order by
        bo1_0.created_at desc
2026-01-16 23:54:22.876 - 
    select
        po1_0.id,
        po1_0.card_end_date,
        po1_0.card_start_date,
        po1_0.card_status,
        po1_0.created_at,
        po1_0.order_no,
        po1_0.package_id,
        po1_0.package_name,
        po1_0.payment_method,
        po1_0.payment_time,
        po1_0.price,
        po1_0.remaining_times,
        po1_0.status,
        po1_0.transaction_type,
        po1_0.updated_at,
        po1_0.user_id 
    from
        payment_orders po1_0 
    where
        po1_0.user_id=? 
        and po1_0.status=?
2026-01-16 23:54:22.928 - 
    select
        u1_0.id,
        u1_0.avatar_url,
        u1_0.created_at,
        u1_0.last_login_time,
        u1_0.member_expire_time,
        u1_0.member_level,
        u1_0.nickname,
        u1_0.openid,
        u1_0.phone,
        u1_0.points,
        u1_0.remaining_visits,
        u1_0.role,
        u1_0.total_visits,
        u1_0.updated_at 
    from
        users u1_0 
    where
        u1_0.id=?
2026-01-16 23:54:22.933 - 
    select
        po1_0.id,
        po1_0.card_end_date,
        po1_0.card_start_date,
        po1_0.card_status,
        po1_0.created_at,
        po1_0.order_no,
        po1_0.package_id,
        po1_0.package_name,
        po1_0.payment_method,
        po1_0.payment_time,
        po1_0.price,
        po1_0.remaining_times,
        po1_0.status,
        po1_0.transaction_type,
        po1_0.updated_at,
        po1_0.user_id 
    from
        payment_orders po1_0 
    where
        po1_0.user_id=? 
        and po1_0.status=?
2026-01-16 23:54:22.943 - 
    select
        u1_0.id,
        u1_0.avatar_url,
        u1_0.created_at,
        u1_0.last_login_time,
        u1_0.member_expire_time,
        u1_0.member_level,
        u1_0.nickname,
        u1_0.openid,
        u1_0.phone,
        u1_0.points,
        u1_0.remaining_visits,
        u1_0.role,
        u1_0.total_visits,
        u1_0.updated_at 
    from
        users u1_0 
    where
        u1_0.id=?
2026-01-16 23:54:22.946 - 
    select
        po1_0.id,
        po1_0.card_end_date,
        po1_0.card_start_date,
        po1_0.card_status,
        po1_0.created_at,
        po1_0.order_no,
        po1_0.package_id,
        po1_0.package_name,
        po1_0.payment_method,
        po1_0.payment_time,
        po1_0.price,
        po1_0.remaining_times,
        po1_0.status,
        po1_0.transaction_type,
        po1_0.updated_at,
        po1_0.user_id 
    from
        payment_orders po1_0 
    where
        po1_0.user_id=? 
        and po1_0.status=?
2026-01-16 23:55:00.060 - 
    select
        bo1_0.id,
        bo1_0.cabin_name,
        bo1_0.consume_time,
        bo1_0.created_at,
        bo1_0.date,
        bo1_0.order_no,
        bo1_0.original_price,
        bo1_0.payment_method,
        bo1_0.payment_order_id,
        bo1_0.payment_status,
        bo1_0.payment_time,
        bo1_0.price,
        bo1_0.seat_name,
        bo1_0.status,
        bo1_0.time_slot,
        bo1_0.updated_at,
        bo1_0.user_id 
    from
        booking_orders bo1_0 
    where
        bo1_0.status=?
2026-01-16 23:55:08.012 - 
    select
        mp1_0.id,
        mp1_0.avg_price_per_time,
        mp1_0.badge,
        mp1_0.category,
        mp1_0.code,
        mp1_0.description,
        mp1_0.features,
        mp1_0.is_active,
        mp1_0.name,
        mp1_0.people,
        mp1_0.price,
        mp1_0.sort_order,
        mp1_0.times_per_person,
        mp1_0.validity_days 
    from
        member_packages mp1_0 
    where
        mp1_0.is_active 
    order by
        mp1_0.sort_order
2026-01-16 23:55:09.086 - 
    select
        po1_0.id,
        po1_0.card_end_date,
        po1_0.card_start_date,
        po1_0.card_status,
        po1_0.created_at,
        po1_0.order_no,
        po1_0.package_id,
        po1_0.package_name,
        po1_0.payment_method,
        po1_0.payment_time,
        po1_0.price,
        po1_0.remaining_times,
        po1_0.status,
        po1_0.transaction_type,
        po1_0.updated_at,
        po1_0.user_id 
    from
        payment_orders po1_0 
    where
        po1_0.user_id=?
2026-01-16 23:55:09.086 - 
    select
        po1_0.id,
        po1_0.card_end_date,
        po1_0.card_start_date,
        po1_0.card_status,
        po1_0.created_at,
        po1_0.order_no,
        po1_0.package_id,
        po1_0.package_name,
        po1_0.payment_method,
        po1_0.payment_time,
        po1_0.price,
        po1_0.remaining_times,
        po1_0.status,
        po1_0.transaction_type,
        po1_0.updated_at,
        po1_0.user_id 
    from
        payment_orders po1_0 
    where
        po1_0.user_id=?
2026-01-16 23:55:09.088 - 
    select
        u1_0.id,
        u1_0.avatar_url,
        u1_0.created_at,
        u1_0.last_login_time,
        u1_0.member_expire_time,
        u1_0.member_level,
        u1_0.nickname,
        u1_0.openid,
        u1_0.phone,
        u1_0.points,
        u1_0.remaining_visits,
        u1_0.role,
        u1_0.total_visits,
        u1_0.updated_at 
    from
        users u1_0 
    where
        u1_0.id=?
2026-01-16 23:55:09.088 - 
    select
        u1_0.id,
        u1_0.avatar_url,
        u1_0.created_at,
        u1_0.last_login_time,
        u1_0.member_expire_time,
        u1_0.member_level,
        u1_0.nickname,
        u1_0.openid,
        u1_0.phone,
        u1_0.points,
        u1_0.remaining_visits,
        u1_0.role,
        u1_0.total_visits,
        u1_0.updated_at 
    from
        users u1_0 
    where
        u1_0.id=?
2026-01-16 23:55:09.088 - 
    select
        u1_0.id,
        u1_0.avatar_url,
        u1_0.created_at,
        u1_0.last_login_time,
        u1_0.member_expire_time,
        u1_0.member_level,
        u1_0.nickname,
        u1_0.openid,
        u1_0.phone,
        u1_0.points,
        u1_0.remaining_visits,
        u1_0.role,
        u1_0.total_visits,
        u1_0.updated_at 
    from
        users u1_0 
    where
        u1_0.id=?
2026-01-16 23:55:09.093 - 
    select
        u1_0.id,
        u1_0.avatar_url,
        u1_0.created_at,
        u1_0.last_login_time,
        u1_0.member_expire_time,
        u1_0.member_level,
        u1_0.nickname,
        u1_0.openid,
        u1_0.phone,
        u1_0.points,
        u1_0.remaining_visits,
        u1_0.role,
        u1_0.total_visits,
        u1_0.updated_at 
    from
        users u1_0 
    where
        u1_0.id=?
2026-01-16 23:55:17.942 - 
    select
        s1_0.id,
        s1_0.created_at,
        s1_0.last_login_time,
        s1_0.name,
        s1_0.password,
        s1_0.phone,
        s1_0.status,
        s1_0.updated_at,
        s1_0.username 
    from
        staffs s1_0 
    where
        s1_0.username=?
2026-01-16 23:55:17.949 - 
    update
        staffs 
    set
        created_at=?,
        last_login_time=?,
        name=?,
        password=?,
        phone=?,
        status=?,
        updated_at=?,
        username=? 
    where
        id=?
2026-01-16 23:55:21.500 - 
    select
        bo1_0.id,
        bo1_0.cabin_name,
        bo1_0.consume_time,
        bo1_0.created_at,
        bo1_0.date,
        bo1_0.order_no,
        bo1_0.original_price,
        bo1_0.payment_method,
        bo1_0.payment_order_id,
        bo1_0.payment_status,
        bo1_0.payment_time,
        bo1_0.price,
        bo1_0.seat_name,
        bo1_0.status,
        bo1_0.time_slot,
        bo1_0.updated_at,
        bo1_0.user_id 
    from
        booking_orders bo1_0 
    where
        bo1_0.order_no=?
2026-01-16 23:55:33.781 - 
    select
        u1_0.id,
        u1_0.avatar_url,
        u1_0.created_at,
        u1_0.last_login_time,
        u1_0.member_expire_time,
        u1_0.member_level,
        u1_0.nickname,
        u1_0.openid,
        u1_0.phone,
        u1_0.points,
        u1_0.remaining_visits,
        u1_0.role,
        u1_0.total_visits,
        u1_0.updated_at 
    from
        users u1_0 
    where
        u1_0.id=?
2026-01-16 23:55:33.786 - 
    select
        bo1_0.id,
        bo1_0.cabin_name,
        bo1_0.consume_time,
        bo1_0.created_at,
        bo1_0.date,
        bo1_0.order_no,
        bo1_0.original_price,
        bo1_0.payment_method,
        bo1_0.payment_order_id,
        bo1_0.payment_status,
        bo1_0.payment_time,
        bo1_0.price,
        bo1_0.seat_name,
        bo1_0.status,
        bo1_0.time_slot,
        bo1_0.updated_at,
        bo1_0.user_id 
    from
        booking_orders bo1_0 
    where
        bo1_0.id=?
2026-01-16 23:55:33.792 - 
    update
        booking_orders 
    set
        cabin_name=?,
        consume_time=?,
        created_at=?,
        date=?,
        order_no=?,
        original_price=?,
        payment_method=?,
        payment_order_id=?,
        payment_status=?,
        payment_time=?,
        price=?,
        seat_name=?,
        status=?,
        time_slot=?,
        updated_at=?,
        user_id=? 
    where
        id=?
2026-01-16 23:55:33.798 - 
    select
        po1_0.id,
        po1_0.card_end_date,
        po1_0.card_start_date,
        po1_0.card_status,
        po1_0.created_at,
        po1_0.order_no,
        po1_0.package_id,
        po1_0.package_name,
        po1_0.payment_method,
        po1_0.payment_time,
        po1_0.price,
        po1_0.remaining_times,
        po1_0.status,
        po1_0.transaction_type,
        po1_0.updated_at,
        po1_0.user_id 
    from
        payment_orders po1_0 
    where
        po1_0.id=?
2026-01-16 23:55:33.801 - 
    select
        mp1_0.id,
        mp1_0.avg_price_per_time,
        mp1_0.badge,
        mp1_0.category,
        mp1_0.code,
        mp1_0.description,
        mp1_0.features,
        mp1_0.is_active,
        mp1_0.name,
        mp1_0.people,
        mp1_0.price,
        mp1_0.sort_order,
        mp1_0.times_per_person,
        mp1_0.validity_days 
    from
        member_packages mp1_0 
    where
        mp1_0.id=?
2026-01-16 23:55:33.805 - 
    update
        payment_orders 
    set
        card_end_date=?,
        card_start_date=?,
        card_status=?,
        created_at=?,
        order_no=?,
        package_id=?,
        package_name=?,
        payment_method=?,
        payment_time=?,
        price=?,
        remaining_times=?,
        status=?,
        transaction_type=?,
        updated_at=?,
        user_id=? 
    where
        id=?
2026-01-16 23:55:33.846 - 
    select
        u1_0.id,
        u1_0.avatar_url,
        u1_0.created_at,
        u1_0.last_login_time,
        u1_0.member_expire_time,
        u1_0.member_level,
        u1_0.nickname,
        u1_0.openid,
        u1_0.phone,
        u1_0.points,
        u1_0.remaining_visits,
        u1_0.role,
        u1_0.total_visits,
        u1_0.updated_at 
    from
        users u1_0 
    where
        u1_0.id=?
2026-01-16 23:55:33.849 - 
    select
        bo1_0.id,
        bo1_0.cabin_name,
        bo1_0.consume_time,
        bo1_0.created_at,
        bo1_0.date,
        bo1_0.order_no,
        bo1_0.original_price,
        bo1_0.payment_method,
        bo1_0.payment_order_id,
        bo1_0.payment_status,
        bo1_0.payment_time,
        bo1_0.price,
        bo1_0.seat_name,
        bo1_0.status,
        bo1_0.time_slot,
        bo1_0.updated_at,
        bo1_0.user_id 
    from
        booking_orders bo1_0 
    where
        bo1_0.user_id=? 
    order by
        bo1_0.created_at desc
2026-01-16 23:55:37.345 - 
    select
        po1_0.id,
        po1_0.card_end_date,
        po1_0.card_start_date,
        po1_0.card_status,
        po1_0.created_at,
        po1_0.order_no,
        po1_0.package_id,
        po1_0.package_name,
        po1_0.payment_method,
        po1_0.payment_time,
        po1_0.price,
        po1_0.remaining_times,
        po1_0.status,
        po1_0.transaction_type,
        po1_0.updated_at,
        po1_0.user_id 
    from
        payment_orders po1_0 
    where
        po1_0.user_id=?
2026-01-16 23:55:37.349 - 
    select
        mp1_0.id,
        mp1_0.avg_price_per_time,
        mp1_0.badge,
        mp1_0.category,
        mp1_0.code,
        mp1_0.description,
        mp1_0.features,
        mp1_0.is_active,
        mp1_0.name,
        mp1_0.people,
        mp1_0.price,
        mp1_0.sort_order,
        mp1_0.times_per_person,
        mp1_0.validity_days 
    from
        member_packages mp1_0 
    where
        mp1_0.id=?
2026-01-16 23:55:37.361 - 
    select
        po1_0.id,
        po1_0.card_end_date,
        po1_0.card_start_date,
        po1_0.card_status,
        po1_0.created_at,
        po1_0.order_no,
        po1_0.package_id,
        po1_0.package_name,
        po1_0.payment_method,
        po1_0.payment_time,
        po1_0.price,
        po1_0.remaining_times,
        po1_0.status,
        po1_0.transaction_type,
        po1_0.updated_at,
        po1_0.user_id 
    from
        payment_orders po1_0 
    where
        po1_0.user_id=?
2026-01-16 23:55:37.364 - 
    select
        mp1_0.id,
        mp1_0.avg_price_per_time,
        mp1_0.badge,
        mp1_0.category,
        mp1_0.code,
        mp1_0.description,
        mp1_0.features,
        mp1_0.is_active,
        mp1_0.name,
        mp1_0.people,
        mp1_0.price,
        mp1_0.sort_order,
        mp1_0.times_per_person,
        mp1_0.validity_days 
    from
        member_packages mp1_0 
    where
        mp1_0.id=?
2026-01-16 23:55:39.429 - 
    select
        bo1_0.id,
        bo1_0.cabin_name,
        bo1_0.consume_time,
        bo1_0.created_at,
        bo1_0.date,
        bo1_0.order_no,
        bo1_0.original_price,
        bo1_0.payment_method,
        bo1_0.payment_order_id,
        bo1_0.payment_status,
        bo1_0.payment_time,
        bo1_0.price,
        bo1_0.seat_name,
        bo1_0.status,
        bo1_0.time_slot,
        bo1_0.updated_at,
        bo1_0.user_id 
    from
        booking_orders bo1_0 
    where
        bo1_0.date=? 
        and bo1_0.time_slot=?
2026-01-16 23:55:42.159 - 
    select
        po1_0.id,
        po1_0.card_end_date,
        po1_0.card_start_date,
        po1_0.card_status,
        po1_0.created_at,
        po1_0.order_no,
        po1_0.package_id,
        po1_0.package_name,
        po1_0.payment_method,
        po1_0.payment_time,
        po1_0.price,
        po1_0.remaining_times,
        po1_0.status,
        po1_0.transaction_type,
        po1_0.updated_at,
        po1_0.user_id 
    from
        payment_orders po1_0 
    where
        po1_0.user_id=?
2026-01-16 23:55:42.162 - 
    select
        mp1_0.id,
        mp1_0.avg_price_per_time,
        mp1_0.badge,
        mp1_0.category,
        mp1_0.code,
        mp1_0.description,
        mp1_0.features,
        mp1_0.is_active,
        mp1_0.name,
        mp1_0.people,
        mp1_0.price,
        mp1_0.sort_order,
        mp1_0.times_per_person,
        mp1_0.validity_days 
    from
        member_packages mp1_0 
    where
        mp1_0.id=?
2026-01-16 23:55:42.181 - 
    select
        u1_0.id,
        u1_0.avatar_url,
        u1_0.created_at,
        u1_0.last_login_time,
        u1_0.member_expire_time,
        u1_0.member_level,
        u1_0.nickname,
        u1_0.openid,
        u1_0.phone,
        u1_0.points,
        u1_0.remaining_visits,
        u1_0.role,
        u1_0.total_visits,
        u1_0.updated_at 
    from
        users u1_0 
    where
        u1_0.id=?
2026-01-16 23:55:42.185 - 
    select
        bo1_0.id,
        bo1_0.cabin_name,
        bo1_0.consume_time,
        bo1_0.created_at,
        bo1_0.date,
        bo1_0.order_no,
        bo1_0.original_price,
        bo1_0.payment_method,
        bo1_0.payment_order_id,
        bo1_0.payment_status,
        bo1_0.payment_time,
        bo1_0.price,
        bo1_0.seat_name,
        bo1_0.status,
        bo1_0.time_slot,
        bo1_0.updated_at,
        bo1_0.user_id 
    from
        booking_orders bo1_0 
    where
        bo1_0.user_id=? 
        and bo1_0.date=? 
        and bo1_0.status!=?
2026-01-16 23:55:42.201 - 
    select
        u1_0.id,
        u1_0.avatar_url,
        u1_0.created_at,
        u1_0.last_login_time,
        u1_0.member_expire_time,
        u1_0.member_level,
        u1_0.nickname,
        u1_0.openid,
        u1_0.phone,
        u1_0.points,
        u1_0.remaining_visits,
        u1_0.role,
        u1_0.total_visits,
        u1_0.updated_at 
    from
        users u1_0 
    where
        u1_0.id=?
2026-01-16 23:55:42.203 - 
    select
        bo1_0.id,
        bo1_0.cabin_name,
        bo1_0.consume_time,
        bo1_0.created_at,
        bo1_0.date,
        bo1_0.order_no,
        bo1_0.original_price,
        bo1_0.payment_method,
        bo1_0.payment_order_id,
        bo1_0.payment_status,
        bo1_0.payment_time,
        bo1_0.price,
        bo1_0.seat_name,
        bo1_0.status,
        bo1_0.time_slot,
        bo1_0.updated_at,
        bo1_0.user_id 
    from
        booking_orders bo1_0 
    where
        bo1_0.user_id=? 
        and bo1_0.date=? 
        and bo1_0.status!=?
2026-01-16 23:55:42.206 - 
    select
        bo1_0.id,
        bo1_0.cabin_name,
        bo1_0.consume_time,
        bo1_0.created_at,
        bo1_0.date,
        bo1_0.order_no,
        bo1_0.original_price,
        bo1_0.payment_method,
        bo1_0.payment_order_id,
        bo1_0.payment_status,
        bo1_0.payment_time,
        bo1_0.price,
        bo1_0.seat_name,
        bo1_0.status,
        bo1_0.time_slot,
        bo1_0.updated_at,
        bo1_0.user_id 
    from
        booking_orders bo1_0 
    where
        bo1_0.date=? 
        and bo1_0.time_slot=? 
        and bo1_0.cabin_name=? 
        and bo1_0.seat_name=?
2026-01-16 23:55:42.207 - 
    select
        po1_0.id,
        po1_0.card_end_date,
        po1_0.card_start_date,
        po1_0.card_status,
        po1_0.created_at,
        po1_0.order_no,
        po1_0.package_id,
        po1_0.package_name,
        po1_0.payment_method,
        po1_0.payment_time,
        po1_0.price,
        po1_0.remaining_times,
        po1_0.status,
        po1_0.transaction_type,
        po1_0.updated_at,
        po1_0.user_id 
    from
        payment_orders po1_0 
    where
        po1_0.user_id=?
2026-01-16 23:55:42.209 - 
    select
        mp1_0.id,
        mp1_0.avg_price_per_time,
        mp1_0.badge,
        mp1_0.category,
        mp1_0.code,
        mp1_0.description,
        mp1_0.features,
        mp1_0.is_active,
        mp1_0.name,
        mp1_0.people,
        mp1_0.price,
        mp1_0.sort_order,
        mp1_0.times_per_person,
        mp1_0.validity_days 
    from
        member_packages mp1_0 
    where
        mp1_0.id=?
2026-01-16 23:55:42.211 - 
    insert 
    into
        booking_orders
        (cabin_name, consume_time, created_at, date, order_no, original_price, payment_method, payment_order_id, payment_status, payment_time, price, seat_name, status, time_slot, updated_at, user_id) 
    values
        (?, ?, ?, ?, ?, ?, ?, ?, ?, ?, ?, ?, ?, ?, ?, ?)
2026-01-16 23:55:43.393 - 
    select
        u1_0.id,
        u1_0.avatar_url,
        u1_0.created_at,
        u1_0.last_login_time,
        u1_0.member_expire_time,
        u1_0.member_level,
        u1_0.nickname,
        u1_0.openid,
        u1_0.phone,
        u1_0.points,
        u1_0.remaining_visits,
        u1_0.role,
        u1_0.total_visits,
        u1_0.updated_at 
    from
        users u1_0 
    where
        u1_0.id=?
2026-01-16 23:55:43.393 - 
    select
        po1_0.id,
        po1_0.card_end_date,
        po1_0.card_start_date,
        po1_0.card_status,
        po1_0.created_at,
        po1_0.order_no,
        po1_0.package_id,
        po1_0.package_name,
        po1_0.payment_method,
        po1_0.payment_time,
        po1_0.price,
        po1_0.remaining_times,
        po1_0.status,
        po1_0.transaction_type,
        po1_0.updated_at,
        po1_0.user_id 
    from
        payment_orders po1_0 
    where
        po1_0.user_id=?
2026-01-16 23:55:43.395 - 
    select
        mp1_0.id,
        mp1_0.avg_price_per_time,
        mp1_0.badge,
        mp1_0.category,
        mp1_0.code,
        mp1_0.description,
        mp1_0.features,
        mp1_0.is_active,
        mp1_0.name,
        mp1_0.people,
        mp1_0.price,
        mp1_0.sort_order,
        mp1_0.times_per_person,
        mp1_0.validity_days 
    from
        member_packages mp1_0 
    where
        mp1_0.id=?
2026-01-16 23:55:43.396 - 
    select
        u1_0.id,
        u1_0.avatar_url,
        u1_0.created_at,
        u1_0.last_login_time,
        u1_0.member_expire_time,
        u1_0.member_level,
        u1_0.nickname,
        u1_0.openid,
        u1_0.phone,
        u1_0.points,
        u1_0.remaining_visits,
        u1_0.role,
        u1_0.total_visits,
        u1_0.updated_at 
    from
        users u1_0 
    where
        u1_0.id=?
2026-01-16 23:55:43.396 - 
    select
        po1_0.id,
        po1_0.card_end_date,
        po1_0.card_start_date,
        po1_0.card_status,
        po1_0.created_at,
        po1_0.order_no,
        po1_0.package_id,
        po1_0.package_name,
        po1_0.payment_method,
        po1_0.payment_time,
        po1_0.price,
        po1_0.remaining_times,
        po1_0.status,
        po1_0.transaction_type,
        po1_0.updated_at,
        po1_0.user_id 
    from
        payment_orders po1_0 
    where
        po1_0.user_id=? 
        and po1_0.status=?
2026-01-16 23:55:43.398 - 
    select
        bo1_0.id,
        bo1_0.cabin_name,
        bo1_0.consume_time,
        bo1_0.created_at,
        bo1_0.date,
        bo1_0.order_no,
        bo1_0.original_price,
        bo1_0.payment_method,
        bo1_0.payment_order_id,
        bo1_0.payment_status,
        bo1_0.payment_time,
        bo1_0.price,
        bo1_0.seat_name,
        bo1_0.status,
        bo1_0.time_slot,
        bo1_0.updated_at,
        bo1_0.user_id 
    from
        booking_orders bo1_0 
    where
        bo1_0.user_id=? 
    order by
        bo1_0.created_at desc
2026-01-16 23:55:43.400 - 
    select
        po1_0.id,
        po1_0.card_end_date,
        po1_0.card_start_date,
        po1_0.card_status,
        po1_0.created_at,
        po1_0.order_no,
        po1_0.package_id,
        po1_0.package_name,
        po1_0.payment_method,
        po1_0.payment_time,
        po1_0.price,
        po1_0.remaining_times,
        po1_0.status,
        po1_0.transaction_type,
        po1_0.updated_at,
        po1_0.user_id 
    from
        payment_orders po1_0 
    where
        po1_0.user_id=?
2026-01-16 23:55:43.401 - 
    select
        u1_0.id,
        u1_0.avatar_url,
        u1_0.created_at,
        u1_0.last_login_time,
        u1_0.member_expire_time,
        u1_0.member_level,
        u1_0.nickname,
        u1_0.openid,
        u1_0.phone,
        u1_0.points,
        u1_0.remaining_visits,
        u1_0.role,
        u1_0.total_visits,
        u1_0.updated_at 
    from
        users u1_0 
    where
        u1_0.id=?
2026-01-16 23:55:43.401 - 
    select
        mp1_0.id,
        mp1_0.avg_price_per_time,
        mp1_0.badge,
        mp1_0.category,
        mp1_0.code,
        mp1_0.description,
        mp1_0.features,
        mp1_0.is_active,
        mp1_0.name,
        mp1_0.people,
        mp1_0.price,
        mp1_0.sort_order,
        mp1_0.times_per_person,
        mp1_0.validity_days 
    from
        member_packages mp1_0 
    where
        mp1_0.id=?
2026-01-16 23:55:43.403 - 
    select
        po1_0.id,
        po1_0.card_end_date,
        po1_0.card_start_date,
        po1_0.card_status,
        po1_0.created_at,
        po1_0.order_no,
        po1_0.package_id,
        po1_0.package_name,
        po1_0.payment_method,
        po1_0.payment_time,
        po1_0.price,
        po1_0.remaining_times,
        po1_0.status,
        po1_0.transaction_type,
        po1_0.updated_at,
        po1_0.user_id 
    from
        payment_orders po1_0 
    where
        po1_0.user_id=? 
        and po1_0.status=?
2026-01-16 23:55:43.406 - 
    select
        u1_0.id,
        u1_0.avatar_url,
        u1_0.created_at,
        u1_0.last_login_time,
        u1_0.member_expire_time,
        u1_0.member_level,
        u1_0.nickname,
        u1_0.openid,
        u1_0.phone,
        u1_0.points,
        u1_0.remaining_visits,
        u1_0.role,
        u1_0.total_visits,
        u1_0.updated_at 
    from
        users u1_0 
    where
        u1_0.id=?
2026-01-16 23:55:43.408 - 
    select
        bo1_0.id,
        bo1_0.cabin_name,
        bo1_0.consume_time,
        bo1_0.created_at,
        bo1_0.date,
        bo1_0.order_no,
        bo1_0.original_price,
        bo1_0.payment_method,
        bo1_0.payment_order_id,
        bo1_0.payment_status,
        bo1_0.payment_time,
        bo1_0.price,
        bo1_0.seat_name,
        bo1_0.status,
        bo1_0.time_slot,
        bo1_0.updated_at,
        bo1_0.user_id 
    from
        booking_orders bo1_0 
    where
        bo1_0.user_id=? 
    order by
        bo1_0.created_at desc
2026-01-16 23:55:43.417 - 
    select
        u1_0.id,
        u1_0.avatar_url,
        u1_0.created_at,
        u1_0.last_login_time,
        u1_0.member_expire_time,
        u1_0.member_level,
        u1_0.nickname,
        u1_0.openid,
        u1_0.phone,
        u1_0.points,
        u1_0.remaining_visits,
        u1_0.role,
        u1_0.total_visits,
        u1_0.updated_at 
    from
        users u1_0 
    where
        u1_0.id=?
2026-01-16 23:55:43.420 - 
    select
        po1_0.id,
        po1_0.card_end_date,
        po1_0.card_start_date,
        po1_0.card_status,
        po1_0.created_at,
        po1_0.order_no,
        po1_0.package_id,
        po1_0.package_name,
        po1_0.payment_method,
        po1_0.payment_time,
        po1_0.price,
        po1_0.remaining_times,
        po1_0.status,
        po1_0.transaction_type,
        po1_0.updated_at,
        po1_0.user_id 
    from
        payment_orders po1_0 
    where
        po1_0.user_id=? 
        and po1_0.status=?
2026-01-16 23:55:43.442 - 
    select
        u1_0.id,
        u1_0.avatar_url,
        u1_0.created_at,
        u1_0.last_login_time,
        u1_0.member_expire_time,
        u1_0.member_level,
        u1_0.nickname,
        u1_0.openid,
        u1_0.phone,
        u1_0.points,
        u1_0.remaining_visits,
        u1_0.role,
        u1_0.total_visits,
        u1_0.updated_at 
    from
        users u1_0 
    where
        u1_0.id=?
2026-01-16 23:55:43.445 - 
    select
        po1_0.id,
        po1_0.card_end_date,
        po1_0.card_start_date,
        po1_0.card_status,
        po1_0.created_at,
        po1_0.order_no,
        po1_0.package_id,
        po1_0.package_name,
        po1_0.payment_method,
        po1_0.payment_time,
        po1_0.price,
        po1_0.remaining_times,
        po1_0.status,
        po1_0.transaction_type,
        po1_0.updated_at,
        po1_0.user_id 
    from
        payment_orders po1_0 
    where
        po1_0.user_id=? 
        and po1_0.status=?
2026-01-16 23:55:43.949 - 
    select
        u1_0.id,
        u1_0.avatar_url,
        u1_0.created_at,
        u1_0.last_login_time,
        u1_0.member_expire_time,
        u1_0.member_level,
        u1_0.nickname,
        u1_0.openid,
        u1_0.phone,
        u1_0.points,
        u1_0.remaining_visits,
        u1_0.role,
        u1_0.total_visits,
        u1_0.updated_at 
    from
        users u1_0 
    where
        u1_0.id=?
2026-01-16 23:55:43.949 - 
    select
        u1_0.id,
        u1_0.avatar_url,
        u1_0.created_at,
        u1_0.last_login_time,
        u1_0.member_expire_time,
        u1_0.member_level,
        u1_0.nickname,
        u1_0.openid,
        u1_0.phone,
        u1_0.points,
        u1_0.remaining_visits,
        u1_0.role,
        u1_0.total_visits,
        u1_0.updated_at 
    from
        users u1_0 
    where
        u1_0.id=?
2026-01-16 23:55:43.949 - 
    select
        po1_0.id,
        po1_0.card_end_date,
        po1_0.card_start_date,
        po1_0.card_status,
        po1_0.created_at,
        po1_0.order_no,
        po1_0.package_id,
        po1_0.package_name,
        po1_0.payment_method,
        po1_0.payment_time,
        po1_0.price,
        po1_0.remaining_times,
        po1_0.status,
        po1_0.transaction_type,
        po1_0.updated_at,
        po1_0.user_id 
    from
        payment_orders po1_0 
    where
        po1_0.user_id=?
2026-01-16 23:55:43.951 - 
    select
        mp1_0.id,
        mp1_0.avg_price_per_time,
        mp1_0.badge,
        mp1_0.category,
        mp1_0.code,
        mp1_0.description,
        mp1_0.features,
        mp1_0.is_active,
        mp1_0.name,
        mp1_0.people,
        mp1_0.price,
        mp1_0.sort_order,
        mp1_0.times_per_person,
        mp1_0.validity_days 
    from
        member_packages mp1_0 
    where
        mp1_0.id=?
2026-01-16 23:55:43.951 - 
    select
        po1_0.id,
        po1_0.card_end_date,
        po1_0.card_start_date,
        po1_0.card_status,
        po1_0.created_at,
        po1_0.order_no,
        po1_0.package_id,
        po1_0.package_name,
        po1_0.payment_method,
        po1_0.payment_time,
        po1_0.price,
        po1_0.remaining_times,
        po1_0.status,
        po1_0.transaction_type,
        po1_0.updated_at,
        po1_0.user_id 
    from
        payment_orders po1_0 
    where
        po1_0.user_id=? 
        and po1_0.status=?
2026-01-16 23:55:43.951 - 
    select
        bo1_0.id,
        bo1_0.cabin_name,
        bo1_0.consume_time,
        bo1_0.created_at,
        bo1_0.date,
        bo1_0.order_no,
        bo1_0.original_price,
        bo1_0.payment_method,
        bo1_0.payment_order_id,
        bo1_0.payment_status,
        bo1_0.payment_time,
        bo1_0.price,
        bo1_0.seat_name,
        bo1_0.status,
        bo1_0.time_slot,
        bo1_0.updated_at,
        bo1_0.user_id 
    from
        booking_orders bo1_0 
    where
        bo1_0.user_id=? 
    order by
        bo1_0.created_at desc
2026-01-16 23:55:43.957 - 
    select
        u1_0.id,
        u1_0.avatar_url,
        u1_0.created_at,
        u1_0.last_login_time,
        u1_0.member_expire_time,
        u1_0.member_level,
        u1_0.nickname,
        u1_0.openid,
        u1_0.phone,
        u1_0.points,
        u1_0.remaining_visits,
        u1_0.role,
        u1_0.total_visits,
        u1_0.updated_at 
    from
        users u1_0 
    where
        u1_0.id=?
2026-01-16 23:55:43.957 - 
    select
        po1_0.id,
        po1_0.card_end_date,
        po1_0.card_start_date,
        po1_0.card_status,
        po1_0.created_at,
        po1_0.order_no,
        po1_0.package_id,
        po1_0.package_name,
        po1_0.payment_method,
        po1_0.payment_time,
        po1_0.price,
        po1_0.remaining_times,
        po1_0.status,
        po1_0.transaction_type,
        po1_0.updated_at,
        po1_0.user_id 
    from
        payment_orders po1_0 
    where
        po1_0.user_id=?
2026-01-16 23:55:43.959 - 
    select
        mp1_0.id,
        mp1_0.avg_price_per_time,
        mp1_0.badge,
        mp1_0.category,
        mp1_0.code,
        mp1_0.description,
        mp1_0.features,
        mp1_0.is_active,
        mp1_0.name,
        mp1_0.people,
        mp1_0.price,
        mp1_0.sort_order,
        mp1_0.times_per_person,
        mp1_0.validity_days 
    from
        member_packages mp1_0 
    where
        mp1_0.id=?
2026-01-16 23:55:43.959 - 
    select
        po1_0.id,
        po1_0.card_end_date,
        po1_0.card_start_date,
        po1_0.card_status,
        po1_0.created_at,
        po1_0.order_no,
        po1_0.package_id,
        po1_0.package_name,
        po1_0.payment_method,
        po1_0.payment_time,
        po1_0.price,
        po1_0.remaining_times,
        po1_0.status,
        po1_0.transaction_type,
        po1_0.updated_at,
        po1_0.user_id 
    from
        payment_orders po1_0 
    where
        po1_0.user_id=? 
        and po1_0.status=?
2026-01-16 23:55:43.963 - 
    select
        u1_0.id,
        u1_0.avatar_url,
        u1_0.created_at,
        u1_0.last_login_time,
        u1_0.member_expire_time,
        u1_0.member_level,
        u1_0.nickname,
        u1_0.openid,
        u1_0.phone,
        u1_0.points,
        u1_0.remaining_visits,
        u1_0.role,
        u1_0.total_visits,
        u1_0.updated_at 
    from
        users u1_0 
    where
        u1_0.id=?
2026-01-16 23:55:43.966 - 
    select
        bo1_0.id,
        bo1_0.cabin_name,
        bo1_0.consume_time,
        bo1_0.created_at,
        bo1_0.date,
        bo1_0.order_no,
        bo1_0.original_price,
        bo1_0.payment_method,
        bo1_0.payment_order_id,
        bo1_0.payment_status,
        bo1_0.payment_time,
        bo1_0.price,
        bo1_0.seat_name,
        bo1_0.status,
        bo1_0.time_slot,
        bo1_0.updated_at,
        bo1_0.user_id 
    from
        booking_orders bo1_0 
    where
        bo1_0.user_id=? 
    order by
        bo1_0.created_at desc
2026-01-16 23:55:43.989 - 
    select
        u1_0.id,
        u1_0.avatar_url,
        u1_0.created_at,
        u1_0.last_login_time,
        u1_0.member_expire_time,
        u1_0.member_level,
        u1_0.nickname,
        u1_0.openid,
        u1_0.phone,
        u1_0.points,
        u1_0.remaining_visits,
        u1_0.role,
        u1_0.total_visits,
        u1_0.updated_at 
    from
        users u1_0 
    where
        u1_0.id=?
2026-01-16 23:55:43.993 - 
    select
        po1_0.id,
        po1_0.card_end_date,
        po1_0.card_start_date,
        po1_0.card_status,
        po1_0.created_at,
        po1_0.order_no,
        po1_0.package_id,
        po1_0.package_name,
        po1_0.payment_method,
        po1_0.payment_time,
        po1_0.price,
        po1_0.remaining_times,
        po1_0.status,
        po1_0.transaction_type,
        po1_0.updated_at,
        po1_0.user_id 
    from
        payment_orders po1_0 
    where
        po1_0.user_id=? 
        and po1_0.status=?
2026-01-16 23:55:44.024 - 
    select
        u1_0.id,
        u1_0.avatar_url,
        u1_0.created_at,
        u1_0.last_login_time,
        u1_0.member_expire_time,
        u1_0.member_level,
        u1_0.nickname,
        u1_0.openid,
        u1_0.phone,
        u1_0.points,
        u1_0.remaining_visits,
        u1_0.role,
        u1_0.total_visits,
        u1_0.updated_at 
    from
        users u1_0 
    where
        u1_0.id=?
2026-01-16 23:55:44.027 - 
    select
        po1_0.id,
        po1_0.card_end_date,
        po1_0.card_start_date,
        po1_0.card_status,
        po1_0.created_at,
        po1_0.order_no,
        po1_0.package_id,
        po1_0.package_name,
        po1_0.payment_method,
        po1_0.payment_time,
        po1_0.price,
        po1_0.remaining_times,
        po1_0.status,
        po1_0.transaction_type,
        po1_0.updated_at,
        po1_0.user_id 
    from
        payment_orders po1_0 
    where
        po1_0.user_id=? 
        and po1_0.status=?
2026-01-16 23:56:29.445 - 
    select
        po1_0.id,
        po1_0.card_end_date,
        po1_0.card_start_date,
        po1_0.card_status,
        po1_0.created_at,
        po1_0.order_no,
        po1_0.package_id,
        po1_0.package_name,
        po1_0.payment_method,
        po1_0.payment_time,
        po1_0.price,
        po1_0.remaining_times,
        po1_0.status,
        po1_0.transaction_type,
        po1_0.updated_at,
        po1_0.user_id 
    from
        payment_orders po1_0 
    where
        po1_0.user_id=?
2026-01-16 23:56:29.455 - 
    select
        mp1_0.id,
        mp1_0.avg_price_per_time,
        mp1_0.badge,
        mp1_0.category,
        mp1_0.code,
        mp1_0.description,
        mp1_0.features,
        mp1_0.is_active,
        mp1_0.name,
        mp1_0.people,
        mp1_0.price,
        mp1_0.sort_order,
        mp1_0.times_per_person,
        mp1_0.validity_days 
    from
        member_packages mp1_0 
    where
        mp1_0.id=?
2026-01-16 23:56:29.464 - 
    select
        po1_0.id,
        po1_0.card_end_date,
        po1_0.card_start_date,
        po1_0.card_status,
        po1_0.created_at,
        po1_0.order_no,
        po1_0.package_id,
        po1_0.package_name,
        po1_0.payment_method,
        po1_0.payment_time,
        po1_0.price,
        po1_0.remaining_times,
        po1_0.status,
        po1_0.transaction_type,
        po1_0.updated_at,
        po1_0.user_id 
    from
        payment_orders po1_0 
    where
        po1_0.user_id=?
2026-01-16 23:56:29.467 - 
    select
        mp1_0.id,
        mp1_0.avg_price_per_time,
        mp1_0.badge,
        mp1_0.category,
        mp1_0.code,
        mp1_0.description,
        mp1_0.features,
        mp1_0.is_active,
        mp1_0.name,
        mp1_0.people,
        mp1_0.price,
        mp1_0.sort_order,
        mp1_0.times_per_person,
        mp1_0.validity_days 
    from
        member_packages mp1_0 
    where
        mp1_0.id=?
2026-01-16 23:56:34.004 - 
    select
        bo1_0.id,
        bo1_0.cabin_name,
        bo1_0.consume_time,
        bo1_0.created_at,
        bo1_0.date,
        bo1_0.order_no,
        bo1_0.original_price,
        bo1_0.payment_method,
        bo1_0.payment_order_id,
        bo1_0.payment_status,
        bo1_0.payment_time,
        bo1_0.price,
        bo1_0.seat_name,
        bo1_0.status,
        bo1_0.time_slot,
        bo1_0.updated_at,
        bo1_0.user_id 
    from
        booking_orders bo1_0 
    where
        bo1_0.date=? 
        and bo1_0.time_slot=?
