2026-01-15 00:01:11.452 - 
    select
        mp1_0.id,
        mp1_0.avg_price_per_time,
        mp1_0.badge,
        mp1_0.category,
        mp1_0.code,
        mp1_0.description,
        mp1_0.features,
        mp1_0.is_active,
        mp1_0.name,
        mp1_0.people,
        mp1_0.price,
        mp1_0.sort_order,
        mp1_0.times_per_person,
        mp1_0.validity_days 
    from
        member_packages mp1_0 
    where
        mp1_0.is_active 
    order by
        mp1_0.sort_order
2026-01-15 00:01:12.269 - 
    select
        u1_0.id,
        u1_0.avatar_url,
        u1_0.created_at,
        u1_0.last_login_time,
        u1_0.member_expire_time,
        u1_0.member_level,
        u1_0.nickname,
        u1_0.openid,
        u1_0.phone,
        u1_0.points,
        u1_0.remaining_visits,
        u1_0.total_visits,
        u1_0.updated_at 
    from
        users u1_0 
    where
        u1_0.id=?
2026-01-15 00:01:12.284 - 
    select
        po1_0.id,
        po1_0.created_at,
        po1_0.order_no,
        po1_0.package_id,
        po1_0.package_name,
        po1_0.payment_method,
        po1_0.payment_time,
        po1_0.price,
        po1_0.status,
        po1_0.updated_at,
        po1_0.user_id 
    from
        payment_orders po1_0 
    where
        po1_0.user_id=? 
        and po1_0.status=?
2026-01-15 00:01:12.298 - 
    select
        u1_0.id,
        u1_0.avatar_url,
        u1_0.created_at,
        u1_0.last_login_time,
        u1_0.member_expire_time,
        u1_0.member_level,
        u1_0.nickname,
        u1_0.openid,
        u1_0.phone,
        u1_0.points,
        u1_0.remaining_visits,
        u1_0.total_visits,
        u1_0.updated_at 
    from
        users u1_0 
    where
        u1_0.id=?
2026-01-15 00:01:12.300 - 
    select
        po1_0.id,
        po1_0.created_at,
        po1_0.order_no,
        po1_0.package_id,
        po1_0.package_name,
        po1_0.payment_method,
        po1_0.payment_time,
        po1_0.price,
        po1_0.status,
        po1_0.updated_at,
        po1_0.user_id 
    from
        payment_orders po1_0 
    where
        po1_0.user_id=? 
        and po1_0.status=?
2026-01-15 00:01:26.353 - 
    select
        mp1_0.id,
        mp1_0.avg_price_per_time,
        mp1_0.badge,
        mp1_0.category,
        mp1_0.code,
        mp1_0.description,
        mp1_0.features,
        mp1_0.is_active,
        mp1_0.name,
        mp1_0.people,
        mp1_0.price,
        mp1_0.sort_order,
        mp1_0.times_per_person,
        mp1_0.validity_days 
    from
        member_packages mp1_0 
    where
        mp1_0.category=? 
        and mp1_0.is_active 
    order by
        mp1_0.sort_order
2026-01-15 00:01:26.366 - 
    select
        mp1_0.id,
        mp1_0.avg_price_per_time,
        mp1_0.badge,
        mp1_0.category,
        mp1_0.code,
        mp1_0.description,
        mp1_0.features,
        mp1_0.is_active,
        mp1_0.name,
        mp1_0.people,
        mp1_0.price,
        mp1_0.sort_order,
        mp1_0.times_per_person,
        mp1_0.validity_days 
    from
        member_packages mp1_0 
    where
        mp1_0.category=? 
        and mp1_0.is_active 
    order by
        mp1_0.sort_order
2026-01-15 00:01:30.183 - 
    select
        u1_0.id,
        u1_0.avatar_url,
        u1_0.created_at,
        u1_0.last_login_time,
        u1_0.member_expire_time,
        u1_0.member_level,
        u1_0.nickname,
        u1_0.openid,
        u1_0.phone,
        u1_0.points,
        u1_0.remaining_visits,
        u1_0.total_visits,
        u1_0.updated_at 
    from
        users u1_0 
    where
        u1_0.id=?
2026-01-15 00:01:30.188 - 
    select
        mp1_0.id,
        mp1_0.avg_price_per_time,
        mp1_0.badge,
        mp1_0.category,
        mp1_0.code,
        mp1_0.description,
        mp1_0.features,
        mp1_0.is_active,
        mp1_0.name,
        mp1_0.people,
        mp1_0.price,
        mp1_0.sort_order,
        mp1_0.times_per_person,
        mp1_0.validity_days 
    from
        member_packages mp1_0 
    where
        mp1_0.id=?
2026-01-15 00:01:30.203 - 
    insert 
    into
        payment_orders
        (created_at, order_no, package_id, package_name, payment_method, payment_time, price, status, updated_at, user_id) 
    values
        (?, ?, ?, ?, ?, ?, ?, ?, ?, ?)
2026-01-15 00:01:30.240 - 
    select
        po1_0.id,
        po1_0.created_at,
        po1_0.order_no,
        po1_0.package_id,
        po1_0.package_name,
        po1_0.payment_method,
        po1_0.payment_time,
        po1_0.price,
        po1_0.status,
        po1_0.updated_at,
        po1_0.user_id 
    from
        payment_orders po1_0 
    where
        po1_0.id=?
2026-01-15 00:01:30.242 - 
    select
        u1_0.id,
        u1_0.avatar_url,
        u1_0.created_at,
        u1_0.last_login_time,
        u1_0.member_expire_time,
        u1_0.member_level,
        u1_0.nickname,
        u1_0.openid,
        u1_0.phone,
        u1_0.points,
        u1_0.remaining_visits,
        u1_0.total_visits,
        u1_0.updated_at 
    from
        users u1_0 
    where
        u1_0.id=?
2026-01-15 00:01:41.038 - 
    select
        po1_0.id,
        po1_0.created_at,
        po1_0.order_no,
        po1_0.package_id,
        po1_0.package_name,
        po1_0.payment_method,
        po1_0.payment_time,
        po1_0.price,
        po1_0.status,
        po1_0.updated_at,
        po1_0.user_id 
    from
        payment_orders po1_0 
    where
        po1_0.id=?
2026-01-15 00:01:41.043 - 
    select
        u1_0.id,
        u1_0.avatar_url,
        u1_0.created_at,
        u1_0.last_login_time,
        u1_0.member_expire_time,
        u1_0.member_level,
        u1_0.nickname,
        u1_0.openid,
        u1_0.phone,
        u1_0.points,
        u1_0.remaining_visits,
        u1_0.total_visits,
        u1_0.updated_at 
    from
        users u1_0 
    where
        u1_0.id=?
2026-01-15 00:01:41.045 - 
    select
        mp1_0.id,
        mp1_0.avg_price_per_time,
        mp1_0.badge,
        mp1_0.category,
        mp1_0.code,
        mp1_0.description,
        mp1_0.features,
        mp1_0.is_active,
        mp1_0.name,
        mp1_0.people,
        mp1_0.price,
        mp1_0.sort_order,
        mp1_0.times_per_person,
        mp1_0.validity_days 
    from
        member_packages mp1_0 
    where
        mp1_0.id=?
2026-01-15 00:01:41.048 - 
    update
        payment_orders 
    set
        created_at=?,
        order_no=?,
        package_id=?,
        package_name=?,
        payment_method=?,
        payment_time=?,
        price=?,
        status=?,
        updated_at=?,
        user_id=? 
    where
        id=?
2026-01-15 00:01:41.050 - 
    update
        users 
    set
        avatar_url=?,
        created_at=?,
        last_login_time=?,
        member_expire_time=?,
        member_level=?,
        nickname=?,
        openid=?,
        phone=?,
        points=?,
        remaining_visits=?,
        total_visits=?,
        updated_at=? 
    where
        id=?
2026-01-15 00:01:43.273 - 
    select
        u1_0.id,
        u1_0.avatar_url,
        u1_0.created_at,
        u1_0.last_login_time,
        u1_0.member_expire_time,
        u1_0.member_level,
        u1_0.nickname,
        u1_0.openid,
        u1_0.phone,
        u1_0.points,
        u1_0.remaining_visits,
        u1_0.total_visits,
        u1_0.updated_at 
    from
        users u1_0 
    where
        u1_0.id=?
2026-01-15 00:01:43.276 - 
    select
        po1_0.id,
        po1_0.created_at,
        po1_0.order_no,
        po1_0.package_id,
        po1_0.package_name,
        po1_0.payment_method,
        po1_0.payment_time,
        po1_0.price,
        po1_0.status,
        po1_0.updated_at,
        po1_0.user_id 
    from
        payment_orders po1_0 
    where
        po1_0.user_id=? 
        and po1_0.status=?
2026-01-15 00:01:43.286 - 
    select
        u1_0.id,
        u1_0.avatar_url,
        u1_0.created_at,
        u1_0.last_login_time,
        u1_0.member_expire_time,
        u1_0.member_level,
        u1_0.nickname,
        u1_0.openid,
        u1_0.phone,
        u1_0.points,
        u1_0.remaining_visits,
        u1_0.total_visits,
        u1_0.updated_at 
    from
        users u1_0 
    where
        u1_0.id=?
2026-01-15 00:01:43.291 - 
    select
        po1_0.id,
        po1_0.created_at,
        po1_0.order_no,
        po1_0.package_id,
        po1_0.package_name,
        po1_0.payment_method,
        po1_0.payment_time,
        po1_0.price,
        po1_0.status,
        po1_0.updated_at,
        po1_0.user_id 
    from
        payment_orders po1_0 
    where
        po1_0.user_id=? 
        and po1_0.status=?
2026-01-15 00:02:12.214 - 
    select
        mp1_0.id,
        mp1_0.avg_price_per_time,
        mp1_0.badge,
        mp1_0.category,
        mp1_0.code,
        mp1_0.description,
        mp1_0.features,
        mp1_0.is_active,
        mp1_0.name,
        mp1_0.people,
        mp1_0.price,
        mp1_0.sort_order,
        mp1_0.times_per_person,
        mp1_0.validity_days 
    from
        member_packages mp1_0 
    where
        mp1_0.category=? 
        and mp1_0.is_active 
    order by
        mp1_0.sort_order
2026-01-15 00:02:12.227 - 
    select
        mp1_0.id,
        mp1_0.avg_price_per_time,
        mp1_0.badge,
        mp1_0.category,
        mp1_0.code,
        mp1_0.description,
        mp1_0.features,
        mp1_0.is_active,
        mp1_0.name,
        mp1_0.people,
        mp1_0.price,
        mp1_0.sort_order,
        mp1_0.times_per_person,
        mp1_0.validity_days 
    from
        member_packages mp1_0 
    where
        mp1_0.category=? 
        and mp1_0.is_active 
    order by
        mp1_0.sort_order
2026-01-15 00:02:15.933 - 
    select
        u1_0.id,
        u1_0.avatar_url,
        u1_0.created_at,
        u1_0.last_login_time,
        u1_0.member_expire_time,
        u1_0.member_level,
        u1_0.nickname,
        u1_0.openid,
        u1_0.phone,
        u1_0.points,
        u1_0.remaining_visits,
        u1_0.total_visits,
        u1_0.updated_at 
    from
        users u1_0 
    where
        u1_0.id=?
2026-01-15 00:02:15.937 - 
    select
        po1_0.id,
        po1_0.created_at,
        po1_0.order_no,
        po1_0.package_id,
        po1_0.package_name,
        po1_0.payment_method,
        po1_0.payment_time,
        po1_0.price,
        po1_0.status,
        po1_0.updated_at,
        po1_0.user_id 
    from
        payment_orders po1_0 
    where
        po1_0.user_id=? 
        and po1_0.status=?
2026-01-15 00:02:15.949 - 
    select
        u1_0.id,
        u1_0.avatar_url,
        u1_0.created_at,
        u1_0.last_login_time,
        u1_0.member_expire_time,
        u1_0.member_level,
        u1_0.nickname,
        u1_0.openid,
        u1_0.phone,
        u1_0.points,
        u1_0.remaining_visits,
        u1_0.total_visits,
        u1_0.updated_at 
    from
        users u1_0 
    where
        u1_0.id=?
2026-01-15 00:02:15.952 - 
    select
        po1_0.id,
        po1_0.created_at,
        po1_0.order_no,
        po1_0.package_id,
        po1_0.package_name,
        po1_0.payment_method,
        po1_0.payment_time,
        po1_0.price,
        po1_0.status,
        po1_0.updated_at,
        po1_0.user_id 
    from
        payment_orders po1_0 
    where
        po1_0.user_id=? 
        and po1_0.status=?
2026-01-15 00:03:35.202 - 
    select
        mp1_0.id,
        mp1_0.avg_price_per_time,
        mp1_0.badge,
        mp1_0.category,
        mp1_0.code,
        mp1_0.description,
        mp1_0.features,
        mp1_0.is_active,
        mp1_0.name,
        mp1_0.people,
        mp1_0.price,
        mp1_0.sort_order,
        mp1_0.times_per_person,
        mp1_0.validity_days 
    from
        member_packages mp1_0 
    where
        mp1_0.is_active 
    order by
        mp1_0.sort_order
2026-01-15 00:03:36.975 - 
    select
        u1_0.id,
        u1_0.avatar_url,
        u1_0.created_at,
        u1_0.last_login_time,
        u1_0.member_expire_time,
        u1_0.member_level,
        u1_0.nickname,
        u1_0.openid,
        u1_0.phone,
        u1_0.points,
        u1_0.remaining_visits,
        u1_0.total_visits,
        u1_0.updated_at 
    from
        users u1_0 
    where
        u1_0.id=?
2026-01-15 00:03:36.983 - 
    select
        po1_0.id,
        po1_0.created_at,
        po1_0.order_no,
        po1_0.package_id,
        po1_0.package_name,
        po1_0.payment_method,
        po1_0.payment_time,
        po1_0.price,
        po1_0.status,
        po1_0.updated_at,
        po1_0.user_id 
    from
        payment_orders po1_0 
    where
        po1_0.user_id=? 
        and po1_0.status=?
2026-01-15 00:03:36.995 - 
    select
        u1_0.id,
        u1_0.avatar_url,
        u1_0.created_at,
        u1_0.last_login_time,
        u1_0.member_expire_time,
        u1_0.member_level,
        u1_0.nickname,
        u1_0.openid,
        u1_0.phone,
        u1_0.points,
        u1_0.remaining_visits,
        u1_0.total_visits,
        u1_0.updated_at 
    from
        users u1_0 
    where
        u1_0.id=?
2026-01-15 00:03:36.998 - 
    select
        po1_0.id,
        po1_0.created_at,
        po1_0.order_no,
        po1_0.package_id,
        po1_0.package_name,
        po1_0.payment_method,
        po1_0.payment_time,
        po1_0.price,
        po1_0.status,
        po1_0.updated_at,
        po1_0.user_id 
    from
        payment_orders po1_0 
    where
        po1_0.user_id=? 
        and po1_0.status=?
2026-01-15 00:03:40.630 - 
    select
        mp1_0.id,
        mp1_0.avg_price_per_time,
        mp1_0.badge,
        mp1_0.category,
        mp1_0.code,
        mp1_0.description,
        mp1_0.features,
        mp1_0.is_active,
        mp1_0.name,
        mp1_0.people,
        mp1_0.price,
        mp1_0.sort_order,
        mp1_0.times_per_person,
        mp1_0.validity_days 
    from
        member_packages mp1_0 
    where
        mp1_0.is_active 
    order by
        mp1_0.sort_order
2026-01-15 00:03:44.369 - 
    select
        mp1_0.id,
        mp1_0.avg_price_per_time,
        mp1_0.badge,
        mp1_0.category,
        mp1_0.code,
        mp1_0.description,
        mp1_0.features,
        mp1_0.is_active,
        mp1_0.name,
        mp1_0.people,
        mp1_0.price,
        mp1_0.sort_order,
        mp1_0.times_per_person,
        mp1_0.validity_days 
    from
        member_packages mp1_0 
    where
        mp1_0.category=? 
        and mp1_0.is_active 
    order by
        mp1_0.sort_order
2026-01-15 00:03:44.382 - 
    select
        mp1_0.id,
        mp1_0.avg_price_per_time,
        mp1_0.badge,
        mp1_0.category,
        mp1_0.code,
        mp1_0.description,
        mp1_0.features,
        mp1_0.is_active,
        mp1_0.name,
        mp1_0.people,
        mp1_0.price,
        mp1_0.sort_order,
        mp1_0.times_per_person,
        mp1_0.validity_days 
    from
        member_packages mp1_0 
    where
        mp1_0.category=? 
        and mp1_0.is_active 
    order by
        mp1_0.sort_order
2026-01-15 00:03:48.495 - 
    select
        mp1_0.id,
        mp1_0.avg_price_per_time,
        mp1_0.badge,
        mp1_0.category,
        mp1_0.code,
        mp1_0.description,
        mp1_0.features,
        mp1_0.is_active,
        mp1_0.name,
        mp1_0.people,
        mp1_0.price,
        mp1_0.sort_order,
        mp1_0.times_per_person,
        mp1_0.validity_days 
    from
        member_packages mp1_0 
    where
        mp1_0.category=? 
        and mp1_0.is_active 
    order by
        mp1_0.sort_order
2026-01-15 00:03:48.508 - 
    select
        mp1_0.id,
        mp1_0.avg_price_per_time,
        mp1_0.badge,
        mp1_0.category,
        mp1_0.code,
        mp1_0.description,
        mp1_0.features,
        mp1_0.is_active,
        mp1_0.name,
        mp1_0.people,
        mp1_0.price,
        mp1_0.sort_order,
        mp1_0.times_per_person,
        mp1_0.validity_days 
    from
        member_packages mp1_0 
    where
        mp1_0.category=? 
        and mp1_0.is_active 
    order by
        mp1_0.sort_order
2026-01-15 00:03:49.100 - 
    select
        mp1_0.id,
        mp1_0.avg_price_per_time,
        mp1_0.badge,
        mp1_0.category,
        mp1_0.code,
        mp1_0.description,
        mp1_0.features,
        mp1_0.is_active,
        mp1_0.name,
        mp1_0.people,
        mp1_0.price,
        mp1_0.sort_order,
        mp1_0.times_per_person,
        mp1_0.validity_days 
    from
        member_packages mp1_0 
    where
        mp1_0.category=? 
        and mp1_0.is_active 
    order by
        mp1_0.sort_order
2026-01-15 00:03:49.781 - 
    select
        mp1_0.id,
        mp1_0.avg_price_per_time,
        mp1_0.badge,
        mp1_0.category,
        mp1_0.code,
        mp1_0.description,
        mp1_0.features,
        mp1_0.is_active,
        mp1_0.name,
        mp1_0.people,
        mp1_0.price,
        mp1_0.sort_order,
        mp1_0.times_per_person,
        mp1_0.validity_days 
    from
        member_packages mp1_0 
    where
        mp1_0.category=? 
        and mp1_0.is_active 
    order by
        mp1_0.sort_order
2026-01-15 00:03:50.539 - 
    select
        mp1_0.id,
        mp1_0.avg_price_per_time,
        mp1_0.badge,
        mp1_0.category,
        mp1_0.code,
        mp1_0.description,
        mp1_0.features,
        mp1_0.is_active,
        mp1_0.name,
        mp1_0.people,
        mp1_0.price,
        mp1_0.sort_order,
        mp1_0.times_per_person,
        mp1_0.validity_days 
    from
        member_packages mp1_0 
    where
        mp1_0.category=? 
        and mp1_0.is_active 
    order by
        mp1_0.sort_order
2026-01-15 00:03:51.182 - 
    select
        mp1_0.id,
        mp1_0.avg_price_per_time,
        mp1_0.badge,
        mp1_0.category,
        mp1_0.code,
        mp1_0.description,
        mp1_0.features,
        mp1_0.is_active,
        mp1_0.name,
        mp1_0.people,
        mp1_0.price,
        mp1_0.sort_order,
        mp1_0.times_per_person,
        mp1_0.validity_days 
    from
        member_packages mp1_0 
    where
        mp1_0.category=? 
        and mp1_0.is_active 
    order by
        mp1_0.sort_order
2026-01-15 00:03:51.801 - 
    select
        mp1_0.id,
        mp1_0.avg_price_per_time,
        mp1_0.badge,
        mp1_0.category,
        mp1_0.code,
        mp1_0.description,
        mp1_0.features,
        mp1_0.is_active,
        mp1_0.name,
        mp1_0.people,
        mp1_0.price,
        mp1_0.sort_order,
        mp1_0.times_per_person,
        mp1_0.validity_days 
    from
        member_packages mp1_0 
    where
        mp1_0.category=? 
        and mp1_0.is_active 
    order by
        mp1_0.sort_order
2026-01-15 00:03:52.195 - 
    select
        mp1_0.id,
        mp1_0.avg_price_per_time,
        mp1_0.badge,
        mp1_0.category,
        mp1_0.code,
        mp1_0.description,
        mp1_0.features,
        mp1_0.is_active,
        mp1_0.name,
        mp1_0.people,
        mp1_0.price,
        mp1_0.sort_order,
        mp1_0.times_per_person,
        mp1_0.validity_days 
    from
        member_packages mp1_0 
    where
        mp1_0.category=? 
        and mp1_0.is_active 
    order by
        mp1_0.sort_order
2026-01-15 00:03:52.644 - 
    select
        mp1_0.id,
        mp1_0.avg_price_per_time,
        mp1_0.badge,
        mp1_0.category,
        mp1_0.code,
        mp1_0.description,
        mp1_0.features,
        mp1_0.is_active,
        mp1_0.name,
        mp1_0.people,
        mp1_0.price,
        mp1_0.sort_order,
        mp1_0.times_per_person,
        mp1_0.validity_days 
    from
        member_packages mp1_0 
    where
        mp1_0.category=? 
        and mp1_0.is_active 
    order by
        mp1_0.sort_order
2026-01-15 00:03:56.670 - 
    select
        mp1_0.id,
        mp1_0.avg_price_per_time,
        mp1_0.badge,
        mp1_0.category,
        mp1_0.code,
        mp1_0.description,
        mp1_0.features,
        mp1_0.is_active,
        mp1_0.name,
        mp1_0.people,
        mp1_0.price,
        mp1_0.sort_order,
        mp1_0.times_per_person,
        mp1_0.validity_days 
    from
        member_packages mp1_0 
    where
        mp1_0.is_active 
    order by
        mp1_0.sort_order
2026-01-15 00:05:34.859 - 
    select
        mp1_0.id,
        mp1_0.avg_price_per_time,
        mp1_0.badge,
        mp1_0.category,
        mp1_0.code,
        mp1_0.description,
        mp1_0.features,
        mp1_0.is_active,
        mp1_0.name,
        mp1_0.people,
        mp1_0.price,
        mp1_0.sort_order,
        mp1_0.times_per_person,
        mp1_0.validity_days 
    from
        member_packages mp1_0 
    where
        mp1_0.is_active 
    order by
        mp1_0.sort_order
2026-01-15 00:06:22.358 - 
    select
        mp1_0.id,
        mp1_0.avg_price_per_time,
        mp1_0.badge,
        mp1_0.category,
        mp1_0.code,
        mp1_0.description,
        mp1_0.features,
        mp1_0.is_active,
        mp1_0.name,
        mp1_0.people,
        mp1_0.price,
        mp1_0.sort_order,
        mp1_0.times_per_person,
        mp1_0.validity_days 
    from
        member_packages mp1_0 
    where
        mp1_0.is_active 
    order by
        mp1_0.sort_order
2026-01-15 00:06:23.386 - 
    select
        u1_0.id,
        u1_0.avatar_url,
        u1_0.created_at,
        u1_0.last_login_time,
        u1_0.member_expire_time,
        u1_0.member_level,
        u1_0.nickname,
        u1_0.openid,
        u1_0.phone,
        u1_0.points,
        u1_0.remaining_visits,
        u1_0.total_visits,
        u1_0.updated_at 
    from
        users u1_0 
    where
        u1_0.id=?
2026-01-15 00:06:23.390 - 
    select
        po1_0.id,
        po1_0.created_at,
        po1_0.order_no,
        po1_0.package_id,
        po1_0.package_name,
        po1_0.payment_method,
        po1_0.payment_time,
        po1_0.price,
        po1_0.status,
        po1_0.updated_at,
        po1_0.user_id 
    from
        payment_orders po1_0 
    where
        po1_0.user_id=?
2026-01-15 00:06:23.398 - 
    select
        po1_0.id,
        po1_0.created_at,
        po1_0.order_no,
        po1_0.package_id,
        po1_0.package_name,
        po1_0.payment_method,
        po1_0.payment_time,
        po1_0.price,
        po1_0.status,
        po1_0.updated_at,
        po1_0.user_id 
    from
        payment_orders po1_0 
    where
        po1_0.user_id=? 
        and po1_0.status=?
2026-01-15 00:06:23.408 - 
    select
        u1_0.id,
        u1_0.avatar_url,
        u1_0.created_at,
        u1_0.last_login_time,
        u1_0.member_expire_time,
        u1_0.member_level,
        u1_0.nickname,
        u1_0.openid,
        u1_0.phone,
        u1_0.points,
        u1_0.remaining_visits,
        u1_0.total_visits,
        u1_0.updated_at 
    from
        users u1_0 
    where
        u1_0.id=?
2026-01-15 00:06:23.409 - 
    select
        po1_0.id,
        po1_0.created_at,
        po1_0.order_no,
        po1_0.package_id,
        po1_0.package_name,
        po1_0.payment_method,
        po1_0.payment_time,
        po1_0.price,
        po1_0.status,
        po1_0.updated_at,
        po1_0.user_id 
    from
        payment_orders po1_0 
    where
        po1_0.user_id=?
2026-01-15 00:06:23.410 - 
    select
        po1_0.id,
        po1_0.created_at,
        po1_0.order_no,
        po1_0.package_id,
        po1_0.package_name,
        po1_0.payment_method,
        po1_0.payment_time,
        po1_0.price,
        po1_0.status,
        po1_0.updated_at,
        po1_0.user_id 
    from
        payment_orders po1_0 
    where
        po1_0.user_id=? 
        and po1_0.status=?
2026-01-15 00:07:00.323 - 
    select
        mp1_0.id,
        mp1_0.avg_price_per_time,
        mp1_0.badge,
        mp1_0.category,
        mp1_0.code,
        mp1_0.description,
        mp1_0.features,
        mp1_0.is_active,
        mp1_0.name,
        mp1_0.people,
        mp1_0.price,
        mp1_0.sort_order,
        mp1_0.times_per_person,
        mp1_0.validity_days 
    from
        member_packages mp1_0 
    where
        mp1_0.category=? 
        and mp1_0.is_active 
    order by
        mp1_0.sort_order
2026-01-15 00:07:00.335 - 
    select
        mp1_0.id,
        mp1_0.avg_price_per_time,
        mp1_0.badge,
        mp1_0.category,
        mp1_0.code,
        mp1_0.description,
        mp1_0.features,
        mp1_0.is_active,
        mp1_0.name,
        mp1_0.people,
        mp1_0.price,
        mp1_0.sort_order,
        mp1_0.times_per_person,
        mp1_0.validity_days 
    from
        member_packages mp1_0 
    where
        mp1_0.category=? 
        and mp1_0.is_active 
    order by
        mp1_0.sort_order
2026-01-15 00:12:37.061 - 
    select
        u1_0.id,
        u1_0.avatar_url,
        u1_0.created_at,
        u1_0.last_login_time,
        u1_0.member_expire_time,
        u1_0.member_level,
        u1_0.nickname,
        u1_0.openid,
        u1_0.phone,
        u1_0.points,
        u1_0.remaining_visits,
        u1_0.total_visits,
        u1_0.updated_at 
    from
        users u1_0 
    where
        u1_0.id=?
2026-01-15 00:12:37.062 - 
    select
        po1_0.id,
        po1_0.created_at,
        po1_0.order_no,
        po1_0.package_id,
        po1_0.package_name,
        po1_0.payment_method,
        po1_0.payment_time,
        po1_0.price,
        po1_0.status,
        po1_0.updated_at,
        po1_0.user_id 
    from
        payment_orders po1_0 
    where
        po1_0.user_id=?
2026-01-15 00:12:37.069 - 
    select
        po1_0.id,
        po1_0.created_at,
        po1_0.order_no,
        po1_0.package_id,
        po1_0.package_name,
        po1_0.payment_method,
        po1_0.payment_time,
        po1_0.price,
        po1_0.status,
        po1_0.updated_at,
        po1_0.user_id 
    from
        payment_orders po1_0 
    where
        po1_0.user_id=? 
        and po1_0.status=?
2026-01-15 00:12:37.076 - 
    select
        u1_0.id,
        u1_0.avatar_url,
        u1_0.created_at,
        u1_0.last_login_time,
        u1_0.member_expire_time,
        u1_0.member_level,
        u1_0.nickname,
        u1_0.openid,
        u1_0.phone,
        u1_0.points,
        u1_0.remaining_visits,
        u1_0.total_visits,
        u1_0.updated_at 
    from
        users u1_0 
    where
        u1_0.id=?
2026-01-15 00:12:37.076 - 
    select
        po1_0.id,
        po1_0.created_at,
        po1_0.order_no,
        po1_0.package_id,
        po1_0.package_name,
        po1_0.payment_method,
        po1_0.payment_time,
        po1_0.price,
        po1_0.status,
        po1_0.updated_at,
        po1_0.user_id 
    from
        payment_orders po1_0 
    where
        po1_0.user_id=?
2026-01-15 00:12:37.079 - 
    select
        po1_0.id,
        po1_0.created_at,
        po1_0.order_no,
        po1_0.package_id,
        po1_0.package_name,
        po1_0.payment_method,
        po1_0.payment_time,
        po1_0.price,
        po1_0.status,
        po1_0.updated_at,
        po1_0.user_id 
    from
        payment_orders po1_0 
    where
        po1_0.user_id=? 
        and po1_0.status=?
2026-01-15 00:14:24.721 - 
    select
        mp1_0.id,
        mp1_0.avg_price_per_time,
        mp1_0.badge,
        mp1_0.category,
        mp1_0.code,
        mp1_0.description,
        mp1_0.features,
        mp1_0.is_active,
        mp1_0.name,
        mp1_0.people,
        mp1_0.price,
        mp1_0.sort_order,
        mp1_0.times_per_person,
        mp1_0.validity_days 
    from
        member_packages mp1_0 
    where
        mp1_0.is_active 
    order by
        mp1_0.sort_order
2026-01-15 00:17:50.128 - 
    alter table payment_orders 
       modify column price float(53) not null
2026-01-15 00:17:50.715 - 
    select
        mp1_0.id,
        mp1_0.avg_price_per_time,
        mp1_0.badge,
        mp1_0.category,
        mp1_0.code,
        mp1_0.description,
        mp1_0.features,
        mp1_0.is_active,
        mp1_0.name,
        mp1_0.people,
        mp1_0.price,
        mp1_0.sort_order,
        mp1_0.times_per_person,
        mp1_0.validity_days 
    from
        member_packages mp1_0 
    where
        mp1_0.code=?
2026-01-15 00:17:50.721 - 
    select
        mp1_0.id,
        mp1_0.avg_price_per_time,
        mp1_0.badge,
        mp1_0.category,
        mp1_0.code,
        mp1_0.description,
        mp1_0.features,
        mp1_0.is_active,
        mp1_0.name,
        mp1_0.people,
        mp1_0.price,
        mp1_0.sort_order,
        mp1_0.times_per_person,
        mp1_0.validity_days 
    from
        member_packages mp1_0 
    where
        mp1_0.code=?
2026-01-15 00:17:50.723 - 
    select
        mp1_0.id,
        mp1_0.avg_price_per_time,
        mp1_0.badge,
        mp1_0.category,
        mp1_0.code,
        mp1_0.description,
        mp1_0.features,
        mp1_0.is_active,
        mp1_0.name,
        mp1_0.people,
        mp1_0.price,
        mp1_0.sort_order,
        mp1_0.times_per_person,
        mp1_0.validity_days 
    from
        member_packages mp1_0 
    where
        mp1_0.code=?
2026-01-15 00:17:50.724 - 
    select
        mp1_0.id,
        mp1_0.avg_price_per_time,
        mp1_0.badge,
        mp1_0.category,
        mp1_0.code,
        mp1_0.description,
        mp1_0.features,
        mp1_0.is_active,
        mp1_0.name,
        mp1_0.people,
        mp1_0.price,
        mp1_0.sort_order,
        mp1_0.times_per_person,
        mp1_0.validity_days 
    from
        member_packages mp1_0 
    where
        mp1_0.code=?
2026-01-15 00:17:50.725 - 
    select
        mp1_0.id,
        mp1_0.avg_price_per_time,
        mp1_0.badge,
        mp1_0.category,
        mp1_0.code,
        mp1_0.description,
        mp1_0.features,
        mp1_0.is_active,
        mp1_0.name,
        mp1_0.people,
        mp1_0.price,
        mp1_0.sort_order,
        mp1_0.times_per_person,
        mp1_0.validity_days 
    from
        member_packages mp1_0 
    where
        mp1_0.code=?
2026-01-15 00:17:50.725 - 
    select
        mp1_0.id,
        mp1_0.avg_price_per_time,
        mp1_0.badge,
        mp1_0.category,
        mp1_0.code,
        mp1_0.description,
        mp1_0.features,
        mp1_0.is_active,
        mp1_0.name,
        mp1_0.people,
        mp1_0.price,
        mp1_0.sort_order,
        mp1_0.times_per_person,
        mp1_0.validity_days 
    from
        member_packages mp1_0 
    where
        mp1_0.code=?
2026-01-15 00:17:50.726 - 
    select
        mp1_0.id,
        mp1_0.avg_price_per_time,
        mp1_0.badge,
        mp1_0.category,
        mp1_0.code,
        mp1_0.description,
        mp1_0.features,
        mp1_0.is_active,
        mp1_0.name,
        mp1_0.people,
        mp1_0.price,
        mp1_0.sort_order,
        mp1_0.times_per_person,
        mp1_0.validity_days 
    from
        member_packages mp1_0 
    where
        mp1_0.code=?
2026-01-15 00:17:50.727 - 
    select
        mp1_0.id,
        mp1_0.avg_price_per_time,
        mp1_0.badge,
        mp1_0.category,
        mp1_0.code,
        mp1_0.description,
        mp1_0.features,
        mp1_0.is_active,
        mp1_0.name,
        mp1_0.people,
        mp1_0.price,
        mp1_0.sort_order,
        mp1_0.times_per_person,
        mp1_0.validity_days 
    from
        member_packages mp1_0 
    where
        mp1_0.code=?
2026-01-15 00:17:50.729 - 
    select
        mp1_0.id,
        mp1_0.avg_price_per_time,
        mp1_0.badge,
        mp1_0.category,
        mp1_0.code,
        mp1_0.description,
        mp1_0.features,
        mp1_0.is_active,
        mp1_0.name,
        mp1_0.people,
        mp1_0.price,
        mp1_0.sort_order,
        mp1_0.times_per_person,
        mp1_0.validity_days 
    from
        member_packages mp1_0 
    where
        mp1_0.code=?
2026-01-15 00:17:50.730 - 
    select
        mp1_0.id,
        mp1_0.avg_price_per_time,
        mp1_0.badge,
        mp1_0.category,
        mp1_0.code,
        mp1_0.description,
        mp1_0.features,
        mp1_0.is_active,
        mp1_0.name,
        mp1_0.people,
        mp1_0.price,
        mp1_0.sort_order,
        mp1_0.times_per_person,
        mp1_0.validity_days 
    from
        member_packages mp1_0 
    where
        mp1_0.code=?
2026-01-15 00:18:04.279 - 
    select
        mp1_0.id,
        mp1_0.avg_price_per_time,
        mp1_0.badge,
        mp1_0.category,
        mp1_0.code,
        mp1_0.description,
        mp1_0.features,
        mp1_0.is_active,
        mp1_0.name,
        mp1_0.people,
        mp1_0.price,
        mp1_0.sort_order,
        mp1_0.times_per_person,
        mp1_0.validity_days 
    from
        member_packages mp1_0 
    where
        mp1_0.is_active 
    order by
        mp1_0.sort_order
2026-01-15 00:18:06.433 - 
    select
        mp1_0.id,
        mp1_0.avg_price_per_time,
        mp1_0.badge,
        mp1_0.category,
        mp1_0.code,
        mp1_0.description,
        mp1_0.features,
        mp1_0.is_active,
        mp1_0.name,
        mp1_0.people,
        mp1_0.price,
        mp1_0.sort_order,
        mp1_0.times_per_person,
        mp1_0.validity_days 
    from
        member_packages mp1_0 
    where
        mp1_0.category=? 
        and mp1_0.is_active 
    order by
        mp1_0.sort_order
2026-01-15 00:18:06.446 - 
    select
        mp1_0.id,
        mp1_0.avg_price_per_time,
        mp1_0.badge,
        mp1_0.category,
        mp1_0.code,
        mp1_0.description,
        mp1_0.features,
        mp1_0.is_active,
        mp1_0.name,
        mp1_0.people,
        mp1_0.price,
        mp1_0.sort_order,
        mp1_0.times_per_person,
        mp1_0.validity_days 
    from
        member_packages mp1_0 
    where
        mp1_0.category=? 
        and mp1_0.is_active 
    order by
        mp1_0.sort_order
2026-01-15 00:18:07.656 - 
    select
        u1_0.id,
        u1_0.avatar_url,
        u1_0.created_at,
        u1_0.last_login_time,
        u1_0.member_expire_time,
        u1_0.member_level,
        u1_0.nickname,
        u1_0.openid,
        u1_0.phone,
        u1_0.points,
        u1_0.remaining_visits,
        u1_0.total_visits,
        u1_0.updated_at 
    from
        users u1_0 
    where
        u1_0.id=?
2026-01-15 00:18:07.662 - 
    select
        po1_0.id,
        po1_0.card_end_date,
        po1_0.card_start_date,
        po1_0.created_at,
        po1_0.order_no,
        po1_0.package_id,
        po1_0.package_name,
        po1_0.payment_method,
        po1_0.payment_time,
        po1_0.price,
        po1_0.status,
        po1_0.transaction_type,
        po1_0.updated_at,
        po1_0.user_id 
    from
        payment_orders po1_0 
    where
        po1_0.user_id=? 
        and po1_0.status=?
2026-01-15 00:18:26.054 - 
    select
        u1_0.id,
        u1_0.avatar_url,
        u1_0.created_at,
        u1_0.last_login_time,
        u1_0.member_expire_time,
        u1_0.member_level,
        u1_0.nickname,
        u1_0.openid,
        u1_0.phone,
        u1_0.points,
        u1_0.remaining_visits,
        u1_0.total_visits,
        u1_0.updated_at 
    from
        users u1_0 
    where
        u1_0.id=?
2026-01-15 00:18:26.066 - 
    select
        po1_0.id,
        po1_0.card_end_date,
        po1_0.card_start_date,
        po1_0.created_at,
        po1_0.order_no,
        po1_0.package_id,
        po1_0.package_name,
        po1_0.payment_method,
        po1_0.payment_time,
        po1_0.price,
        po1_0.status,
        po1_0.transaction_type,
        po1_0.updated_at,
        po1_0.user_id 
    from
        payment_orders po1_0 
    where
        po1_0.user_id=? 
        and po1_0.status=?
2026-01-15 00:18:39.961 - 
    select
        u1_0.id,
        u1_0.avatar_url,
        u1_0.created_at,
        u1_0.last_login_time,
        u1_0.member_expire_time,
        u1_0.member_level,
        u1_0.nickname,
        u1_0.openid,
        u1_0.phone,
        u1_0.points,
        u1_0.remaining_visits,
        u1_0.total_visits,
        u1_0.updated_at 
    from
        users u1_0 
    where
        u1_0.id=?
2026-01-15 00:18:39.966 - 
    select
        po1_0.id,
        po1_0.card_end_date,
        po1_0.card_start_date,
        po1_0.created_at,
        po1_0.order_no,
        po1_0.package_id,
        po1_0.package_name,
        po1_0.payment_method,
        po1_0.payment_time,
        po1_0.price,
        po1_0.status,
        po1_0.transaction_type,
        po1_0.updated_at,
        po1_0.user_id 
    from
        payment_orders po1_0 
    where
        po1_0.user_id=? 
        and po1_0.status=?
2026-01-15 00:18:44.038 - 
    select
        u1_0.id,
        u1_0.avatar_url,
        u1_0.created_at,
        u1_0.last_login_time,
        u1_0.member_expire_time,
        u1_0.member_level,
        u1_0.nickname,
        u1_0.openid,
        u1_0.phone,
        u1_0.points,
        u1_0.remaining_visits,
        u1_0.total_visits,
        u1_0.updated_at 
    from
        users u1_0 
    where
        u1_0.id=?
2026-01-15 00:18:44.039 - 
    select
        po1_0.id,
        po1_0.card_end_date,
        po1_0.card_start_date,
        po1_0.created_at,
        po1_0.order_no,
        po1_0.package_id,
        po1_0.package_name,
        po1_0.payment_method,
        po1_0.payment_time,
        po1_0.price,
        po1_0.status,
        po1_0.transaction_type,
        po1_0.updated_at,
        po1_0.user_id 
    from
        payment_orders po1_0 
    where
        po1_0.user_id=?
2026-01-15 00:18:44.043 - 
    select
        po1_0.id,
        po1_0.card_end_date,
        po1_0.card_start_date,
        po1_0.created_at,
        po1_0.order_no,
        po1_0.package_id,
        po1_0.package_name,
        po1_0.payment_method,
        po1_0.payment_time,
        po1_0.price,
        po1_0.status,
        po1_0.transaction_type,
        po1_0.updated_at,
        po1_0.user_id 
    from
        payment_orders po1_0 
    where
        po1_0.user_id=? 
        and po1_0.status=?
2026-01-15 00:18:44.055 - 
    select
        u1_0.id,
        u1_0.avatar_url,
        u1_0.created_at,
        u1_0.last_login_time,
        u1_0.member_expire_time,
        u1_0.member_level,
        u1_0.nickname,
        u1_0.openid,
        u1_0.phone,
        u1_0.points,
        u1_0.remaining_visits,
        u1_0.total_visits,
        u1_0.updated_at 
    from
        users u1_0 
    where
        u1_0.id=?
2026-01-15 00:18:44.055 - 
    select
        po1_0.id,
        po1_0.card_end_date,
        po1_0.card_start_date,
        po1_0.created_at,
        po1_0.order_no,
        po1_0.package_id,
        po1_0.package_name,
        po1_0.payment_method,
        po1_0.payment_time,
        po1_0.price,
        po1_0.status,
        po1_0.transaction_type,
        po1_0.updated_at,
        po1_0.user_id 
    from
        payment_orders po1_0 
    where
        po1_0.user_id=?
2026-01-15 00:18:44.057 - 
    select
        po1_0.id,
        po1_0.card_end_date,
        po1_0.card_start_date,
        po1_0.created_at,
        po1_0.order_no,
        po1_0.package_id,
        po1_0.package_name,
        po1_0.payment_method,
        po1_0.payment_time,
        po1_0.price,
        po1_0.status,
        po1_0.transaction_type,
        po1_0.updated_at,
        po1_0.user_id 
    from
        payment_orders po1_0 
    where
        po1_0.user_id=? 
        and po1_0.status=?
2026-01-15 00:18:48.465 - 
    select
        mp1_0.id,
        mp1_0.avg_price_per_time,
        mp1_0.badge,
        mp1_0.category,
        mp1_0.code,
        mp1_0.description,
        mp1_0.features,
        mp1_0.is_active,
        mp1_0.name,
        mp1_0.people,
        mp1_0.price,
        mp1_0.sort_order,
        mp1_0.times_per_person,
        mp1_0.validity_days 
    from
        member_packages mp1_0 
    where
        mp1_0.category=? 
        and mp1_0.is_active 
    order by
        mp1_0.sort_order
2026-01-15 00:18:48.474 - 
    select
        mp1_0.id,
        mp1_0.avg_price_per_time,
        mp1_0.badge,
        mp1_0.category,
        mp1_0.code,
        mp1_0.description,
        mp1_0.features,
        mp1_0.is_active,
        mp1_0.name,
        mp1_0.people,
        mp1_0.price,
        mp1_0.sort_order,
        mp1_0.times_per_person,
        mp1_0.validity_days 
    from
        member_packages mp1_0 
    where
        mp1_0.category=? 
        and mp1_0.is_active 
    order by
        mp1_0.sort_order
2026-01-15 00:18:50.169 - 
    select
        u1_0.id,
        u1_0.avatar_url,
        u1_0.created_at,
        u1_0.last_login_time,
        u1_0.member_expire_time,
        u1_0.member_level,
        u1_0.nickname,
        u1_0.openid,
        u1_0.phone,
        u1_0.points,
        u1_0.remaining_visits,
        u1_0.total_visits,
        u1_0.updated_at 
    from
        users u1_0 
    where
        u1_0.id=?
2026-01-15 00:18:50.174 - 
    select
        po1_0.id,
        po1_0.card_end_date,
        po1_0.card_start_date,
        po1_0.created_at,
        po1_0.order_no,
        po1_0.package_id,
        po1_0.package_name,
        po1_0.payment_method,
        po1_0.payment_time,
        po1_0.price,
        po1_0.status,
        po1_0.transaction_type,
        po1_0.updated_at,
        po1_0.user_id 
    from
        payment_orders po1_0 
    where
        po1_0.user_id=? 
        and po1_0.status=?
2026-01-15 00:20:05.761 - 
    select
        mp1_0.id,
        mp1_0.avg_price_per_time,
        mp1_0.badge,
        mp1_0.category,
        mp1_0.code,
        mp1_0.description,
        mp1_0.features,
        mp1_0.is_active,
        mp1_0.name,
        mp1_0.people,
        mp1_0.price,
        mp1_0.sort_order,
        mp1_0.times_per_person,
        mp1_0.validity_days 
    from
        member_packages mp1_0 
    where
        mp1_0.is_active 
    order by
        mp1_0.sort_order
2026-01-15 00:20:09.514 - 
    select
        mp1_0.id,
        mp1_0.avg_price_per_time,
        mp1_0.badge,
        mp1_0.category,
        mp1_0.code,
        mp1_0.description,
        mp1_0.features,
        mp1_0.is_active,
        mp1_0.name,
        mp1_0.people,
        mp1_0.price,
        mp1_0.sort_order,
        mp1_0.times_per_person,
        mp1_0.validity_days 
    from
        member_packages mp1_0 
    where
        mp1_0.category=? 
        and mp1_0.is_active 
    order by
        mp1_0.sort_order
2026-01-15 00:20:09.525 - 
    select
        mp1_0.id,
        mp1_0.avg_price_per_time,
        mp1_0.badge,
        mp1_0.category,
        mp1_0.code,
        mp1_0.description,
        mp1_0.features,
        mp1_0.is_active,
        mp1_0.name,
        mp1_0.people,
        mp1_0.price,
        mp1_0.sort_order,
        mp1_0.times_per_person,
        mp1_0.validity_days 
    from
        member_packages mp1_0 
    where
        mp1_0.category=? 
        and mp1_0.is_active 
    order by
        mp1_0.sort_order
2026-01-15 00:20:11.516 - 
    select
        po1_0.id,
        po1_0.card_end_date,
        po1_0.card_start_date,
        po1_0.created_at,
        po1_0.order_no,
        po1_0.package_id,
        po1_0.package_name,
        po1_0.payment_method,
        po1_0.payment_time,
        po1_0.price,
        po1_0.status,
        po1_0.transaction_type,
        po1_0.updated_at,
        po1_0.user_id 
    from
        payment_orders po1_0 
    where
        po1_0.user_id=?
2026-01-15 00:20:11.517 - 
    select
        u1_0.id,
        u1_0.avatar_url,
        u1_0.created_at,
        u1_0.last_login_time,
        u1_0.member_expire_time,
        u1_0.member_level,
        u1_0.nickname,
        u1_0.openid,
        u1_0.phone,
        u1_0.points,
        u1_0.remaining_visits,
        u1_0.total_visits,
        u1_0.updated_at 
    from
        users u1_0 
    where
        u1_0.id=?
2026-01-15 00:20:11.522 - 
    select
        po1_0.id,
        po1_0.card_end_date,
        po1_0.card_start_date,
        po1_0.created_at,
        po1_0.order_no,
        po1_0.package_id,
        po1_0.package_name,
        po1_0.payment_method,
        po1_0.payment_time,
        po1_0.price,
        po1_0.status,
        po1_0.transaction_type,
        po1_0.updated_at,
        po1_0.user_id 
    from
        payment_orders po1_0 
    where
        po1_0.user_id=? 
        and po1_0.status=?
2026-01-15 00:20:11.544 - 
    select
        u1_0.id,
        u1_0.avatar_url,
        u1_0.created_at,
        u1_0.last_login_time,
        u1_0.member_expire_time,
        u1_0.member_level,
        u1_0.nickname,
        u1_0.openid,
        u1_0.phone,
        u1_0.points,
        u1_0.remaining_visits,
        u1_0.total_visits,
        u1_0.updated_at 
    from
        users u1_0 
    where
        u1_0.id=?
2026-01-15 00:20:11.546 - 
    select
        po1_0.id,
        po1_0.card_end_date,
        po1_0.card_start_date,
        po1_0.created_at,
        po1_0.order_no,
        po1_0.package_id,
        po1_0.package_name,
        po1_0.payment_method,
        po1_0.payment_time,
        po1_0.price,
        po1_0.status,
        po1_0.transaction_type,
        po1_0.updated_at,
        po1_0.user_id 
    from
        payment_orders po1_0 
    where
        po1_0.user_id=?
2026-01-15 00:20:11.548 - 
    select
        po1_0.id,
        po1_0.card_end_date,
        po1_0.card_start_date,
        po1_0.created_at,
        po1_0.order_no,
        po1_0.package_id,
        po1_0.package_name,
        po1_0.payment_method,
        po1_0.payment_time,
        po1_0.price,
        po1_0.status,
        po1_0.transaction_type,
        po1_0.updated_at,
        po1_0.user_id 
    from
        payment_orders po1_0 
    where
        po1_0.user_id=? 
        and po1_0.status=?
2026-01-15 00:20:13.223 - 
    select
        mp1_0.id,
        mp1_0.avg_price_per_time,
        mp1_0.badge,
        mp1_0.category,
        mp1_0.code,
        mp1_0.description,
        mp1_0.features,
        mp1_0.is_active,
        mp1_0.name,
        mp1_0.people,
        mp1_0.price,
        mp1_0.sort_order,
        mp1_0.times_per_person,
        mp1_0.validity_days 
    from
        member_packages mp1_0 
    where
        mp1_0.category=? 
        and mp1_0.is_active 
    order by
        mp1_0.sort_order
2026-01-15 00:20:13.598 - 
    select
        mp1_0.id,
        mp1_0.avg_price_per_time,
        mp1_0.badge,
        mp1_0.category,
        mp1_0.code,
        mp1_0.description,
        mp1_0.features,
        mp1_0.is_active,
        mp1_0.name,
        mp1_0.people,
        mp1_0.price,
        mp1_0.sort_order,
        mp1_0.times_per_person,
        mp1_0.validity_days 
    from
        member_packages mp1_0 
    where
        mp1_0.is_active 
    order by
        mp1_0.sort_order
2026-01-15 00:20:14.304 - 
    select
        mp1_0.id,
        mp1_0.avg_price_per_time,
        mp1_0.badge,
        mp1_0.category,
        mp1_0.code,
        mp1_0.description,
        mp1_0.features,
        mp1_0.is_active,
        mp1_0.name,
        mp1_0.people,
        mp1_0.price,
        mp1_0.sort_order,
        mp1_0.times_per_person,
        mp1_0.validity_days 
    from
        member_packages mp1_0 
    where
        mp1_0.category=? 
        and mp1_0.is_active 
    order by
        mp1_0.sort_order
2026-01-15 00:20:14.314 - 
    select
        mp1_0.id,
        mp1_0.avg_price_per_time,
        mp1_0.badge,
        mp1_0.category,
        mp1_0.code,
        mp1_0.description,
        mp1_0.features,
        mp1_0.is_active,
        mp1_0.name,
        mp1_0.people,
        mp1_0.price,
        mp1_0.sort_order,
        mp1_0.times_per_person,
        mp1_0.validity_days 
    from
        member_packages mp1_0 
    where
        mp1_0.category=? 
        and mp1_0.is_active 
    order by
        mp1_0.sort_order
2026-01-15 00:20:16.390 - 
    select
        po1_0.id,
        po1_0.card_end_date,
        po1_0.card_start_date,
        po1_0.created_at,
        po1_0.order_no,
        po1_0.package_id,
        po1_0.package_name,
        po1_0.payment_method,
        po1_0.payment_time,
        po1_0.price,
        po1_0.status,
        po1_0.transaction_type,
        po1_0.updated_at,
        po1_0.user_id 
    from
        payment_orders po1_0 
    where
        po1_0.user_id=?
2026-01-15 00:20:16.390 - 
    select
        po1_0.id,
        po1_0.card_end_date,
        po1_0.card_start_date,
        po1_0.created_at,
        po1_0.order_no,
        po1_0.package_id,
        po1_0.package_name,
        po1_0.payment_method,
        po1_0.payment_time,
        po1_0.price,
        po1_0.status,
        po1_0.transaction_type,
        po1_0.updated_at,
        po1_0.user_id 
    from
        payment_orders po1_0 
    where
        po1_0.user_id=?
2026-01-15 00:20:16.395 - 
    select
        u1_0.id,
        u1_0.avatar_url,
        u1_0.created_at,
        u1_0.last_login_time,
        u1_0.member_expire_time,
        u1_0.member_level,
        u1_0.nickname,
        u1_0.openid,
        u1_0.phone,
        u1_0.points,
        u1_0.remaining_visits,
        u1_0.total_visits,
        u1_0.updated_at 
    from
        users u1_0 
    where
        u1_0.id=?
2026-01-15 00:20:16.395 - 
    select
        u1_0.id,
        u1_0.avatar_url,
        u1_0.created_at,
        u1_0.last_login_time,
        u1_0.member_expire_time,
        u1_0.member_level,
        u1_0.nickname,
        u1_0.openid,
        u1_0.phone,
        u1_0.points,
        u1_0.remaining_visits,
        u1_0.total_visits,
        u1_0.updated_at 
    from
        users u1_0 
    where
        u1_0.id=?
2026-01-15 00:20:16.398 - 
    select
        po1_0.id,
        po1_0.card_end_date,
        po1_0.card_start_date,
        po1_0.created_at,
        po1_0.order_no,
        po1_0.package_id,
        po1_0.package_name,
        po1_0.payment_method,
        po1_0.payment_time,
        po1_0.price,
        po1_0.status,
        po1_0.transaction_type,
        po1_0.updated_at,
        po1_0.user_id 
    from
        payment_orders po1_0 
    where
        po1_0.user_id=? 
        and po1_0.status=?
2026-01-15 00:20:16.398 - 
    select
        po1_0.id,
        po1_0.card_end_date,
        po1_0.card_start_date,
        po1_0.created_at,
        po1_0.order_no,
        po1_0.package_id,
        po1_0.package_name,
        po1_0.payment_method,
        po1_0.payment_time,
        po1_0.price,
        po1_0.status,
        po1_0.transaction_type,
        po1_0.updated_at,
        po1_0.user_id 
    from
        payment_orders po1_0 
    where
        po1_0.user_id=? 
        and po1_0.status=?
2026-01-15 00:20:17.224 - 
    select
        mp1_0.id,
        mp1_0.avg_price_per_time,
        mp1_0.badge,
        mp1_0.category,
        mp1_0.code,
        mp1_0.description,
        mp1_0.features,
        mp1_0.is_active,
        mp1_0.name,
        mp1_0.people,
        mp1_0.price,
        mp1_0.sort_order,
        mp1_0.times_per_person,
        mp1_0.validity_days 
    from
        member_packages mp1_0 
    where
        mp1_0.category=? 
        and mp1_0.is_active 
    order by
        mp1_0.sort_order
2026-01-15 00:20:17.231 - 
    select
        mp1_0.id,
        mp1_0.avg_price_per_time,
        mp1_0.badge,
        mp1_0.category,
        mp1_0.code,
        mp1_0.description,
        mp1_0.features,
        mp1_0.is_active,
        mp1_0.name,
        mp1_0.people,
        mp1_0.price,
        mp1_0.sort_order,
        mp1_0.times_per_person,
        mp1_0.validity_days 
    from
        member_packages mp1_0 
    where
        mp1_0.category=? 
        and mp1_0.is_active 
    order by
        mp1_0.sort_order
2026-01-15 00:20:18.422 - 
    select
        mp1_0.id,
        mp1_0.avg_price_per_time,
        mp1_0.badge,
        mp1_0.category,
        mp1_0.code,
        mp1_0.description,
        mp1_0.features,
        mp1_0.is_active,
        mp1_0.name,
        mp1_0.people,
        mp1_0.price,
        mp1_0.sort_order,
        mp1_0.times_per_person,
        mp1_0.validity_days 
    from
        member_packages mp1_0 
    where
        mp1_0.is_active 
    order by
        mp1_0.sort_order
2026-01-15 00:20:20.775 - 
    select
        mp1_0.id,
        mp1_0.avg_price_per_time,
        mp1_0.badge,
        mp1_0.category,
        mp1_0.code,
        mp1_0.description,
        mp1_0.features,
        mp1_0.is_active,
        mp1_0.name,
        mp1_0.people,
        mp1_0.price,
        mp1_0.sort_order,
        mp1_0.times_per_person,
        mp1_0.validity_days 
    from
        member_packages mp1_0 
    where
        mp1_0.category=? 
        and mp1_0.is_active 
    order by
        mp1_0.sort_order
2026-01-15 00:20:20.775 - 
    select
        mp1_0.id,
        mp1_0.avg_price_per_time,
        mp1_0.badge,
        mp1_0.category,
        mp1_0.code,
        mp1_0.description,
        mp1_0.features,
        mp1_0.is_active,
        mp1_0.name,
        mp1_0.people,
        mp1_0.price,
        mp1_0.sort_order,
        mp1_0.times_per_person,
        mp1_0.validity_days 
    from
        member_packages mp1_0 
    where
        mp1_0.category=? 
        and mp1_0.is_active 
    order by
        mp1_0.sort_order
2026-01-15 00:20:22.156 - 
    select
        u1_0.id,
        u1_0.avatar_url,
        u1_0.created_at,
        u1_0.last_login_time,
        u1_0.member_expire_time,
        u1_0.member_level,
        u1_0.nickname,
        u1_0.openid,
        u1_0.phone,
        u1_0.points,
        u1_0.remaining_visits,
        u1_0.total_visits,
        u1_0.updated_at 
    from
        users u1_0 
    where
        u1_0.id=?
2026-01-15 00:20:22.162 - 
    select
        po1_0.id,
        po1_0.card_end_date,
        po1_0.card_start_date,
        po1_0.created_at,
        po1_0.order_no,
        po1_0.package_id,
        po1_0.package_name,
        po1_0.payment_method,
        po1_0.payment_time,
        po1_0.price,
        po1_0.status,
        po1_0.transaction_type,
        po1_0.updated_at,
        po1_0.user_id 
    from
        payment_orders po1_0 
    where
        po1_0.user_id=? 
        and po1_0.status=?
2026-01-15 00:20:24.838 - 
    select
        u1_0.id,
        u1_0.avatar_url,
        u1_0.created_at,
        u1_0.last_login_time,
        u1_0.member_expire_time,
        u1_0.member_level,
        u1_0.nickname,
        u1_0.openid,
        u1_0.phone,
        u1_0.points,
        u1_0.remaining_visits,
        u1_0.total_visits,
        u1_0.updated_at 
    from
        users u1_0 
    where
        u1_0.id=?
2026-01-15 00:20:24.840 - 
    select
        po1_0.id,
        po1_0.card_end_date,
        po1_0.card_start_date,
        po1_0.created_at,
        po1_0.order_no,
        po1_0.package_id,
        po1_0.package_name,
        po1_0.payment_method,
        po1_0.payment_time,
        po1_0.price,
        po1_0.status,
        po1_0.transaction_type,
        po1_0.updated_at,
        po1_0.user_id 
    from
        payment_orders po1_0 
    where
        po1_0.user_id=? 
        and po1_0.status=?
2026-01-15 00:23:40.238 - 
    select
        mp1_0.id,
        mp1_0.avg_price_per_time,
        mp1_0.badge,
        mp1_0.category,
        mp1_0.code,
        mp1_0.description,
        mp1_0.features,
        mp1_0.is_active,
        mp1_0.name,
        mp1_0.people,
        mp1_0.price,
        mp1_0.sort_order,
        mp1_0.times_per_person,
        mp1_0.validity_days 
    from
        member_packages mp1_0 
    where
        mp1_0.is_active 
    order by
        mp1_0.sort_order
2026-01-15 00:23:41.309 - 
    select
        mp1_0.id,
        mp1_0.avg_price_per_time,
        mp1_0.badge,
        mp1_0.category,
        mp1_0.code,
        mp1_0.description,
        mp1_0.features,
        mp1_0.is_active,
        mp1_0.name,
        mp1_0.people,
        mp1_0.price,
        mp1_0.sort_order,
        mp1_0.times_per_person,
        mp1_0.validity_days 
    from
        member_packages mp1_0 
    where
        mp1_0.category=? 
        and mp1_0.is_active 
    order by
        mp1_0.sort_order
2026-01-15 00:23:41.362 - 
    select
        mp1_0.id,
        mp1_0.avg_price_per_time,
        mp1_0.badge,
        mp1_0.category,
        mp1_0.code,
        mp1_0.description,
        mp1_0.features,
        mp1_0.is_active,
        mp1_0.name,
        mp1_0.people,
        mp1_0.price,
        mp1_0.sort_order,
        mp1_0.times_per_person,
        mp1_0.validity_days 
    from
        member_packages mp1_0 
    where
        mp1_0.category=? 
        and mp1_0.is_active 
    order by
        mp1_0.sort_order
2026-01-15 00:23:42.791 - 
    select
        u1_0.id,
        u1_0.avatar_url,
        u1_0.created_at,
        u1_0.last_login_time,
        u1_0.member_expire_time,
        u1_0.member_level,
        u1_0.nickname,
        u1_0.openid,
        u1_0.phone,
        u1_0.points,
        u1_0.remaining_visits,
        u1_0.total_visits,
        u1_0.updated_at 
    from
        users u1_0 
    where
        u1_0.id=?
2026-01-15 00:23:42.796 - 
    select
        po1_0.id,
        po1_0.card_end_date,
        po1_0.card_start_date,
        po1_0.created_at,
        po1_0.order_no,
        po1_0.package_id,
        po1_0.package_name,
        po1_0.payment_method,
        po1_0.payment_time,
        po1_0.price,
        po1_0.status,
        po1_0.transaction_type,
        po1_0.updated_at,
        po1_0.user_id 
    from
        payment_orders po1_0 
    where
        po1_0.user_id=? 
        and po1_0.status=?
2026-01-15 00:24:06.384 - 
    select
        mp1_0.id,
        mp1_0.avg_price_per_time,
        mp1_0.badge,
        mp1_0.category,
        mp1_0.code,
        mp1_0.description,
        mp1_0.features,
        mp1_0.is_active,
        mp1_0.name,
        mp1_0.people,
        mp1_0.price,
        mp1_0.sort_order,
        mp1_0.times_per_person,
        mp1_0.validity_days 
    from
        member_packages mp1_0 
    where
        mp1_0.is_active 
    order by
        mp1_0.sort_order
2026-01-15 00:24:08.697 - 
    select
        mp1_0.id,
        mp1_0.avg_price_per_time,
        mp1_0.badge,
        mp1_0.category,
        mp1_0.code,
        mp1_0.description,
        mp1_0.features,
        mp1_0.is_active,
        mp1_0.name,
        mp1_0.people,
        mp1_0.price,
        mp1_0.sort_order,
        mp1_0.times_per_person,
        mp1_0.validity_days 
    from
        member_packages mp1_0 
    where
        mp1_0.category=? 
        and mp1_0.is_active 
    order by
        mp1_0.sort_order
2026-01-15 00:24:08.708 - 
    select
        mp1_0.id,
        mp1_0.avg_price_per_time,
        mp1_0.badge,
        mp1_0.category,
        mp1_0.code,
        mp1_0.description,
        mp1_0.features,
        mp1_0.is_active,
        mp1_0.name,
        mp1_0.people,
        mp1_0.price,
        mp1_0.sort_order,
        mp1_0.times_per_person,
        mp1_0.validity_days 
    from
        member_packages mp1_0 
    where
        mp1_0.category=? 
        and mp1_0.is_active 
    order by
        mp1_0.sort_order
2026-01-15 00:24:09.423 - 
    select
        u1_0.id,
        u1_0.avatar_url,
        u1_0.created_at,
        u1_0.last_login_time,
        u1_0.member_expire_time,
        u1_0.member_level,
        u1_0.nickname,
        u1_0.openid,
        u1_0.phone,
        u1_0.points,
        u1_0.remaining_visits,
        u1_0.total_visits,
        u1_0.updated_at 
    from
        users u1_0 
    where
        u1_0.id=?
2026-01-15 00:24:09.429 - 
    select
        po1_0.id,
        po1_0.card_end_date,
        po1_0.card_start_date,
        po1_0.created_at,
        po1_0.order_no,
        po1_0.package_id,
        po1_0.package_name,
        po1_0.payment_method,
        po1_0.payment_time,
        po1_0.price,
        po1_0.status,
        po1_0.transaction_type,
        po1_0.updated_at,
        po1_0.user_id 
    from
        payment_orders po1_0 
    where
        po1_0.user_id=? 
        and po1_0.status=?
2026-01-15 00:24:23.923 - 
    select
        mp1_0.id,
        mp1_0.avg_price_per_time,
        mp1_0.badge,
        mp1_0.category,
        mp1_0.code,
        mp1_0.description,
        mp1_0.features,
        mp1_0.is_active,
        mp1_0.name,
        mp1_0.people,
        mp1_0.price,
        mp1_0.sort_order,
        mp1_0.times_per_person,
        mp1_0.validity_days 
    from
        member_packages mp1_0 
    where
        mp1_0.is_active 
    order by
        mp1_0.sort_order
2026-01-15 00:24:30.462 - 
    select
        mp1_0.id,
        mp1_0.avg_price_per_time,
        mp1_0.badge,
        mp1_0.category,
        mp1_0.code,
        mp1_0.description,
        mp1_0.features,
        mp1_0.is_active,
        mp1_0.name,
        mp1_0.people,
        mp1_0.price,
        mp1_0.sort_order,
        mp1_0.times_per_person,
        mp1_0.validity_days 
    from
        member_packages mp1_0 
    where
        mp1_0.category=? 
        and mp1_0.is_active 
    order by
        mp1_0.sort_order
2026-01-15 00:24:30.474 - 
    select
        mp1_0.id,
        mp1_0.avg_price_per_time,
        mp1_0.badge,
        mp1_0.category,
        mp1_0.code,
        mp1_0.description,
        mp1_0.features,
        mp1_0.is_active,
        mp1_0.name,
        mp1_0.people,
        mp1_0.price,
        mp1_0.sort_order,
        mp1_0.times_per_person,
        mp1_0.validity_days 
    from
        member_packages mp1_0 
    where
        mp1_0.category=? 
        and mp1_0.is_active 
    order by
        mp1_0.sort_order
2026-01-15 00:24:34.994 - 
    select
        po1_0.id,
        po1_0.card_end_date,
        po1_0.card_start_date,
        po1_0.created_at,
        po1_0.order_no,
        po1_0.package_id,
        po1_0.package_name,
        po1_0.payment_method,
        po1_0.payment_time,
        po1_0.price,
        po1_0.status,
        po1_0.transaction_type,
        po1_0.updated_at,
        po1_0.user_id 
    from
        payment_orders po1_0 
    where
        po1_0.user_id=?
2026-01-15 00:24:34.994 - 
    select
        u1_0.id,
        u1_0.avatar_url,
        u1_0.created_at,
        u1_0.last_login_time,
        u1_0.member_expire_time,
        u1_0.member_level,
        u1_0.nickname,
        u1_0.openid,
        u1_0.phone,
        u1_0.points,
        u1_0.remaining_visits,
        u1_0.total_visits,
        u1_0.updated_at 
    from
        users u1_0 
    where
        u1_0.id=?
2026-01-15 00:24:34.999 - 
    select
        po1_0.id,
        po1_0.card_end_date,
        po1_0.card_start_date,
        po1_0.created_at,
        po1_0.order_no,
        po1_0.package_id,
        po1_0.package_name,
        po1_0.payment_method,
        po1_0.payment_time,
        po1_0.price,
        po1_0.status,
        po1_0.transaction_type,
        po1_0.updated_at,
        po1_0.user_id 
    from
        payment_orders po1_0 
    where
        po1_0.user_id=? 
        and po1_0.status=?
2026-01-15 00:24:35.000 - 
    select
        po1_0.id,
        po1_0.card_end_date,
        po1_0.card_start_date,
        po1_0.created_at,
        po1_0.order_no,
        po1_0.package_id,
        po1_0.package_name,
        po1_0.payment_method,
        po1_0.payment_time,
        po1_0.price,
        po1_0.status,
        po1_0.transaction_type,
        po1_0.updated_at,
        po1_0.user_id 
    from
        payment_orders po1_0 
    where
        po1_0.user_id=?
2026-01-15 00:24:35.013 - 
    select
        u1_0.id,
        u1_0.avatar_url,
        u1_0.created_at,
        u1_0.last_login_time,
        u1_0.member_expire_time,
        u1_0.member_level,
        u1_0.nickname,
        u1_0.openid,
        u1_0.phone,
        u1_0.points,
        u1_0.remaining_visits,
        u1_0.total_visits,
        u1_0.updated_at 
    from
        users u1_0 
    where
        u1_0.id=?
2026-01-15 00:24:35.018 - 
    select
        po1_0.id,
        po1_0.card_end_date,
        po1_0.card_start_date,
        po1_0.created_at,
        po1_0.order_no,
        po1_0.package_id,
        po1_0.package_name,
        po1_0.payment_method,
        po1_0.payment_time,
        po1_0.price,
        po1_0.status,
        po1_0.transaction_type,
        po1_0.updated_at,
        po1_0.user_id 
    from
        payment_orders po1_0 
    where
        po1_0.user_id=? 
        and po1_0.status=?
2026-01-15 00:24:38.434 - 
    select
        mp1_0.id,
        mp1_0.avg_price_per_time,
        mp1_0.badge,
        mp1_0.category,
        mp1_0.code,
        mp1_0.description,
        mp1_0.features,
        mp1_0.is_active,
        mp1_0.name,
        mp1_0.people,
        mp1_0.price,
        mp1_0.sort_order,
        mp1_0.times_per_person,
        mp1_0.validity_days 
    from
        member_packages mp1_0 
    where
        mp1_0.is_active 
    order by
        mp1_0.sort_order
2026-01-15 00:24:41.670 - 
    select
        mp1_0.id,
        mp1_0.avg_price_per_time,
        mp1_0.badge,
        mp1_0.category,
        mp1_0.code,
        mp1_0.description,
        mp1_0.features,
        mp1_0.is_active,
        mp1_0.name,
        mp1_0.people,
        mp1_0.price,
        mp1_0.sort_order,
        mp1_0.times_per_person,
        mp1_0.validity_days 
    from
        member_packages mp1_0 
    where
        mp1_0.category=? 
        and mp1_0.is_active 
    order by
        mp1_0.sort_order
2026-01-15 00:24:41.679 - 
    select
        mp1_0.id,
        mp1_0.avg_price_per_time,
        mp1_0.badge,
        mp1_0.category,
        mp1_0.code,
        mp1_0.description,
        mp1_0.features,
        mp1_0.is_active,
        mp1_0.name,
        mp1_0.people,
        mp1_0.price,
        mp1_0.sort_order,
        mp1_0.times_per_person,
        mp1_0.validity_days 
    from
        member_packages mp1_0 
    where
        mp1_0.category=? 
        and mp1_0.is_active 
    order by
        mp1_0.sort_order
2026-01-15 00:24:43.692 - 
    select
        u1_0.id,
        u1_0.avatar_url,
        u1_0.created_at,
        u1_0.last_login_time,
        u1_0.member_expire_time,
        u1_0.member_level,
        u1_0.nickname,
        u1_0.openid,
        u1_0.phone,
        u1_0.points,
        u1_0.remaining_visits,
        u1_0.total_visits,
        u1_0.updated_at 
    from
        users u1_0 
    where
        u1_0.id=?
2026-01-15 00:24:43.692 - 
    select
        po1_0.id,
        po1_0.card_end_date,
        po1_0.card_start_date,
        po1_0.created_at,
        po1_0.order_no,
        po1_0.package_id,
        po1_0.package_name,
        po1_0.payment_method,
        po1_0.payment_time,
        po1_0.price,
        po1_0.status,
        po1_0.transaction_type,
        po1_0.updated_at,
        po1_0.user_id 
    from
        payment_orders po1_0 
    where
        po1_0.user_id=?
2026-01-15 00:24:43.698 - 
    select
        po1_0.id,
        po1_0.card_end_date,
        po1_0.card_start_date,
        po1_0.created_at,
        po1_0.order_no,
        po1_0.package_id,
        po1_0.package_name,
        po1_0.payment_method,
        po1_0.payment_time,
        po1_0.price,
        po1_0.status,
        po1_0.transaction_type,
        po1_0.updated_at,
        po1_0.user_id 
    from
        payment_orders po1_0 
    where
        po1_0.user_id=? 
        and po1_0.status=?
2026-01-15 00:24:43.706 - 
    select
        po1_0.id,
        po1_0.card_end_date,
        po1_0.card_start_date,
        po1_0.created_at,
        po1_0.order_no,
        po1_0.package_id,
        po1_0.package_name,
        po1_0.payment_method,
        po1_0.payment_time,
        po1_0.price,
        po1_0.status,
        po1_0.transaction_type,
        po1_0.updated_at,
        po1_0.user_id 
    from
        payment_orders po1_0 
    where
        po1_0.user_id=?
2026-01-15 00:24:43.718 - 
    select
        u1_0.id,
        u1_0.avatar_url,
        u1_0.created_at,
        u1_0.last_login_time,
        u1_0.member_expire_time,
        u1_0.member_level,
        u1_0.nickname,
        u1_0.openid,
        u1_0.phone,
        u1_0.points,
        u1_0.remaining_visits,
        u1_0.total_visits,
        u1_0.updated_at 
    from
        users u1_0 
    where
        u1_0.id=?
2026-01-15 00:24:43.722 - 
    select
        po1_0.id,
        po1_0.card_end_date,
        po1_0.card_start_date,
        po1_0.created_at,
        po1_0.order_no,
        po1_0.package_id,
        po1_0.package_name,
        po1_0.payment_method,
        po1_0.payment_time,
        po1_0.price,
        po1_0.status,
        po1_0.transaction_type,
        po1_0.updated_at,
        po1_0.user_id 
    from
        payment_orders po1_0 
    where
        po1_0.user_id=? 
        and po1_0.status=?
2026-01-15 00:25:48.109 - 
    select
        mp1_0.id,
        mp1_0.avg_price_per_time,
        mp1_0.badge,
        mp1_0.category,
        mp1_0.code,
        mp1_0.description,
        mp1_0.features,
        mp1_0.is_active,
        mp1_0.name,
        mp1_0.people,
        mp1_0.price,
        mp1_0.sort_order,
        mp1_0.times_per_person,
        mp1_0.validity_days 
    from
        member_packages mp1_0 
    where
        mp1_0.is_active 
    order by
        mp1_0.sort_order
2026-01-15 00:25:49.900 - 
    select
        mp1_0.id,
        mp1_0.avg_price_per_time,
        mp1_0.badge,
        mp1_0.category,
        mp1_0.code,
        mp1_0.description,
        mp1_0.features,
        mp1_0.is_active,
        mp1_0.name,
        mp1_0.people,
        mp1_0.price,
        mp1_0.sort_order,
        mp1_0.times_per_person,
        mp1_0.validity_days 
    from
        member_packages mp1_0 
    where
        mp1_0.category=? 
        and mp1_0.is_active 
    order by
        mp1_0.sort_order
2026-01-15 00:25:49.911 - 
    select
        mp1_0.id,
        mp1_0.avg_price_per_time,
        mp1_0.badge,
        mp1_0.category,
        mp1_0.code,
        mp1_0.description,
        mp1_0.features,
        mp1_0.is_active,
        mp1_0.name,
        mp1_0.people,
        mp1_0.price,
        mp1_0.sort_order,
        mp1_0.times_per_person,
        mp1_0.validity_days 
    from
        member_packages mp1_0 
    where
        mp1_0.category=? 
        and mp1_0.is_active 
    order by
        mp1_0.sort_order
2026-01-15 00:25:51.104 - 
    select
        u1_0.id,
        u1_0.avatar_url,
        u1_0.created_at,
        u1_0.last_login_time,
        u1_0.member_expire_time,
        u1_0.member_level,
        u1_0.nickname,
        u1_0.openid,
        u1_0.phone,
        u1_0.points,
        u1_0.remaining_visits,
        u1_0.total_visits,
        u1_0.updated_at 
    from
        users u1_0 
    where
        u1_0.id=?
2026-01-15 00:25:51.109 - 
    select
        po1_0.id,
        po1_0.card_end_date,
        po1_0.card_start_date,
        po1_0.created_at,
        po1_0.order_no,
        po1_0.package_id,
        po1_0.package_name,
        po1_0.payment_method,
        po1_0.payment_time,
        po1_0.price,
        po1_0.status,
        po1_0.transaction_type,
        po1_0.updated_at,
        po1_0.user_id 
    from
        payment_orders po1_0 
    where
        po1_0.user_id=? 
        and po1_0.status=?
2026-01-15 00:26:56.446 - 
    select
        mp1_0.id,
        mp1_0.avg_price_per_time,
        mp1_0.badge,
        mp1_0.category,
        mp1_0.code,
        mp1_0.description,
        mp1_0.features,
        mp1_0.is_active,
        mp1_0.name,
        mp1_0.people,
        mp1_0.price,
        mp1_0.sort_order,
        mp1_0.times_per_person,
        mp1_0.validity_days 
    from
        member_packages mp1_0 
    where
        mp1_0.is_active 
    order by
        mp1_0.sort_order
2026-01-15 00:26:57.452 - 
    select
        mp1_0.id,
        mp1_0.avg_price_per_time,
        mp1_0.badge,
        mp1_0.category,
        mp1_0.code,
        mp1_0.description,
        mp1_0.features,
        mp1_0.is_active,
        mp1_0.name,
        mp1_0.people,
        mp1_0.price,
        mp1_0.sort_order,
        mp1_0.times_per_person,
        mp1_0.validity_days 
    from
        member_packages mp1_0 
    where
        mp1_0.category=? 
        and mp1_0.is_active 
    order by
        mp1_0.sort_order
2026-01-15 00:26:57.473 - 
    select
        mp1_0.id,
        mp1_0.avg_price_per_time,
        mp1_0.badge,
        mp1_0.category,
        mp1_0.code,
        mp1_0.description,
        mp1_0.features,
        mp1_0.is_active,
        mp1_0.name,
        mp1_0.people,
        mp1_0.price,
        mp1_0.sort_order,
        mp1_0.times_per_person,
        mp1_0.validity_days 
    from
        member_packages mp1_0 
    where
        mp1_0.category=? 
        and mp1_0.is_active 
    order by
        mp1_0.sort_order
2026-01-15 00:26:58.408 - 
    select
        u1_0.id,
        u1_0.avatar_url,
        u1_0.created_at,
        u1_0.last_login_time,
        u1_0.member_expire_time,
        u1_0.member_level,
        u1_0.nickname,
        u1_0.openid,
        u1_0.phone,
        u1_0.points,
        u1_0.remaining_visits,
        u1_0.total_visits,
        u1_0.updated_at 
    from
        users u1_0 
    where
        u1_0.id=?
2026-01-15 00:26:58.410 - 
    select
        po1_0.id,
        po1_0.card_end_date,
        po1_0.card_start_date,
        po1_0.created_at,
        po1_0.order_no,
        po1_0.package_id,
        po1_0.package_name,
        po1_0.payment_method,
        po1_0.payment_time,
        po1_0.price,
        po1_0.status,
        po1_0.transaction_type,
        po1_0.updated_at,
        po1_0.user_id 
    from
        payment_orders po1_0 
    where
        po1_0.user_id=? 
        and po1_0.status=?
2026-01-15 00:27:15.428 - 
    select
        u1_0.id,
        u1_0.avatar_url,
        u1_0.created_at,
        u1_0.last_login_time,
        u1_0.member_expire_time,
        u1_0.member_level,
        u1_0.nickname,
        u1_0.openid,
        u1_0.phone,
        u1_0.points,
        u1_0.remaining_visits,
        u1_0.total_visits,
        u1_0.updated_at 
    from
        users u1_0 
    where
        u1_0.id=?
2026-01-15 00:27:15.440 - 
    select
        po1_0.id,
        po1_0.card_end_date,
        po1_0.card_start_date,
        po1_0.created_at,
        po1_0.order_no,
        po1_0.package_id,
        po1_0.package_name,
        po1_0.payment_method,
        po1_0.payment_time,
        po1_0.price,
        po1_0.status,
        po1_0.transaction_type,
        po1_0.updated_at,
        po1_0.user_id 
    from
        payment_orders po1_0 
    where
        po1_0.user_id=? 
        and po1_0.status=?
2026-01-15 00:27:30.927 - 
    select
        u1_0.id,
        u1_0.avatar_url,
        u1_0.created_at,
        u1_0.last_login_time,
        u1_0.member_expire_time,
        u1_0.member_level,
        u1_0.nickname,
        u1_0.openid,
        u1_0.phone,
        u1_0.points,
        u1_0.remaining_visits,
        u1_0.total_visits,
        u1_0.updated_at 
    from
        users u1_0 
    where
        u1_0.id=?
2026-01-15 00:27:30.934 - 
    select
        po1_0.id,
        po1_0.card_end_date,
        po1_0.card_start_date,
        po1_0.created_at,
        po1_0.order_no,
        po1_0.package_id,
        po1_0.package_name,
        po1_0.payment_method,
        po1_0.payment_time,
        po1_0.price,
        po1_0.status,
        po1_0.transaction_type,
        po1_0.updated_at,
        po1_0.user_id 
    from
        payment_orders po1_0 
    where
        po1_0.user_id=? 
        and po1_0.status=?
2026-01-15 00:27:37.199 - 
    select
        u1_0.id,
        u1_0.avatar_url,
        u1_0.created_at,
        u1_0.last_login_time,
        u1_0.member_expire_time,
        u1_0.member_level,
        u1_0.nickname,
        u1_0.openid,
        u1_0.phone,
        u1_0.points,
        u1_0.remaining_visits,
        u1_0.total_visits,
        u1_0.updated_at 
    from
        users u1_0 
    where
        u1_0.id=?
2026-01-15 00:27:37.205 - 
    select
        po1_0.id,
        po1_0.card_end_date,
        po1_0.card_start_date,
        po1_0.created_at,
        po1_0.order_no,
        po1_0.package_id,
        po1_0.package_name,
        po1_0.payment_method,
        po1_0.payment_time,
        po1_0.price,
        po1_0.status,
        po1_0.transaction_type,
        po1_0.updated_at,
        po1_0.user_id 
    from
        payment_orders po1_0 
    where
        po1_0.user_id=? 
        and po1_0.status=?
2026-01-15 00:28:09.677 - 
    select
        u1_0.id,
        u1_0.avatar_url,
        u1_0.created_at,
        u1_0.last_login_time,
        u1_0.member_expire_time,
        u1_0.member_level,
        u1_0.nickname,
        u1_0.openid,
        u1_0.phone,
        u1_0.points,
        u1_0.remaining_visits,
        u1_0.total_visits,
        u1_0.updated_at 
    from
        users u1_0 
    where
        u1_0.id=?
2026-01-15 00:28:09.692 - 
    select
        po1_0.id,
        po1_0.card_end_date,
        po1_0.card_start_date,
        po1_0.created_at,
        po1_0.order_no,
        po1_0.package_id,
        po1_0.package_name,
        po1_0.payment_method,
        po1_0.payment_time,
        po1_0.price,
        po1_0.status,
        po1_0.transaction_type,
        po1_0.updated_at,
        po1_0.user_id 
    from
        payment_orders po1_0 
    where
        po1_0.user_id=? 
        and po1_0.status=?
2026-01-15 00:28:14.603 - 
    select
        u1_0.id,
        u1_0.avatar_url,
        u1_0.created_at,
        u1_0.last_login_time,
        u1_0.member_expire_time,
        u1_0.member_level,
        u1_0.nickname,
        u1_0.openid,
        u1_0.phone,
        u1_0.points,
        u1_0.remaining_visits,
        u1_0.total_visits,
        u1_0.updated_at 
    from
        users u1_0 
    where
        u1_0.id=?
2026-01-15 00:28:14.611 - 
    select
        po1_0.id,
        po1_0.card_end_date,
        po1_0.card_start_date,
        po1_0.created_at,
        po1_0.order_no,
        po1_0.package_id,
        po1_0.package_name,
        po1_0.payment_method,
        po1_0.payment_time,
        po1_0.price,
        po1_0.status,
        po1_0.transaction_type,
        po1_0.updated_at,
        po1_0.user_id 
    from
        payment_orders po1_0 
    where
        po1_0.user_id=? 
        and po1_0.status=?
2026-01-15 00:28:24.039 - 
    select
        mp1_0.id,
        mp1_0.avg_price_per_time,
        mp1_0.badge,
        mp1_0.category,
        mp1_0.code,
        mp1_0.description,
        mp1_0.features,
        mp1_0.is_active,
        mp1_0.name,
        mp1_0.people,
        mp1_0.price,
        mp1_0.sort_order,
        mp1_0.times_per_person,
        mp1_0.validity_days 
    from
        member_packages mp1_0 
    where
        mp1_0.is_active 
    order by
        mp1_0.sort_order
2026-01-15 00:28:25.990 - 
    select
        mp1_0.id,
        mp1_0.avg_price_per_time,
        mp1_0.badge,
        mp1_0.category,
        mp1_0.code,
        mp1_0.description,
        mp1_0.features,
        mp1_0.is_active,
        mp1_0.name,
        mp1_0.people,
        mp1_0.price,
        mp1_0.sort_order,
        mp1_0.times_per_person,
        mp1_0.validity_days 
    from
        member_packages mp1_0 
    where
        mp1_0.category=? 
        and mp1_0.is_active 
    order by
        mp1_0.sort_order
2026-01-15 00:28:26.008 - 
    select
        mp1_0.id,
        mp1_0.avg_price_per_time,
        mp1_0.badge,
        mp1_0.category,
        mp1_0.code,
        mp1_0.description,
        mp1_0.features,
        mp1_0.is_active,
        mp1_0.name,
        mp1_0.people,
        mp1_0.price,
        mp1_0.sort_order,
        mp1_0.times_per_person,
        mp1_0.validity_days 
    from
        member_packages mp1_0 
    where
        mp1_0.category=? 
        and mp1_0.is_active 
    order by
        mp1_0.sort_order
2026-01-15 00:28:27.455 - 
    select
        u1_0.id,
        u1_0.avatar_url,
        u1_0.created_at,
        u1_0.last_login_time,
        u1_0.member_expire_time,
        u1_0.member_level,
        u1_0.nickname,
        u1_0.openid,
        u1_0.phone,
        u1_0.points,
        u1_0.remaining_visits,
        u1_0.total_visits,
        u1_0.updated_at 
    from
        users u1_0 
    where
        u1_0.id=?
2026-01-15 00:28:27.464 - 
    select
        po1_0.id,
        po1_0.card_end_date,
        po1_0.card_start_date,
        po1_0.created_at,
        po1_0.order_no,
        po1_0.package_id,
        po1_0.package_name,
        po1_0.payment_method,
        po1_0.payment_time,
        po1_0.price,
        po1_0.status,
        po1_0.transaction_type,
        po1_0.updated_at,
        po1_0.user_id 
    from
        payment_orders po1_0 
    where
        po1_0.user_id=? 
        and po1_0.status=?
2026-01-15 00:31:00.885 - 
    select
        u1_0.id,
        u1_0.avatar_url,
        u1_0.created_at,
        u1_0.last_login_time,
        u1_0.member_expire_time,
        u1_0.member_level,
        u1_0.nickname,
        u1_0.openid,
        u1_0.phone,
        u1_0.points,
        u1_0.remaining_visits,
        u1_0.total_visits,
        u1_0.updated_at 
    from
        users u1_0 
    where
        u1_0.id=?
2026-01-15 00:31:00.885 - 
    select
        po1_0.id,
        po1_0.card_end_date,
        po1_0.card_start_date,
        po1_0.created_at,
        po1_0.order_no,
        po1_0.package_id,
        po1_0.package_name,
        po1_0.payment_method,
        po1_0.payment_time,
        po1_0.price,
        po1_0.status,
        po1_0.transaction_type,
        po1_0.updated_at,
        po1_0.user_id 
    from
        payment_orders po1_0 
    where
        po1_0.user_id=?
2026-01-15 00:31:00.891 - 
    select
        po1_0.id,
        po1_0.card_end_date,
        po1_0.card_start_date,
        po1_0.created_at,
        po1_0.order_no,
        po1_0.package_id,
        po1_0.package_name,
        po1_0.payment_method,
        po1_0.payment_time,
        po1_0.price,
        po1_0.status,
        po1_0.transaction_type,
        po1_0.updated_at,
        po1_0.user_id 
    from
        payment_orders po1_0 
    where
        po1_0.user_id=? 
        and po1_0.status=?
2026-01-15 00:31:00.900 - 
    select
        po1_0.id,
        po1_0.card_end_date,
        po1_0.card_start_date,
        po1_0.created_at,
        po1_0.order_no,
        po1_0.package_id,
        po1_0.package_name,
        po1_0.payment_method,
        po1_0.payment_time,
        po1_0.price,
        po1_0.status,
        po1_0.transaction_type,
        po1_0.updated_at,
        po1_0.user_id 
    from
        payment_orders po1_0 
    where
        po1_0.user_id=?
2026-01-15 00:31:00.902 - 
    select
        u1_0.id,
        u1_0.avatar_url,
        u1_0.created_at,
        u1_0.last_login_time,
        u1_0.member_expire_time,
        u1_0.member_level,
        u1_0.nickname,
        u1_0.openid,
        u1_0.phone,
        u1_0.points,
        u1_0.remaining_visits,
        u1_0.total_visits,
        u1_0.updated_at 
    from
        users u1_0 
    where
        u1_0.id=?
2026-01-15 00:31:00.906 - 
    select
        po1_0.id,
        po1_0.card_end_date,
        po1_0.card_start_date,
        po1_0.created_at,
        po1_0.order_no,
        po1_0.package_id,
        po1_0.package_name,
        po1_0.payment_method,
        po1_0.payment_time,
        po1_0.price,
        po1_0.status,
        po1_0.transaction_type,
        po1_0.updated_at,
        po1_0.user_id 
    from
        payment_orders po1_0 
    where
        po1_0.user_id=? 
        and po1_0.status=?
2026-01-15 00:31:06.785 - 
    select
        u1_0.id,
        u1_0.avatar_url,
        u1_0.created_at,
        u1_0.last_login_time,
        u1_0.member_expire_time,
        u1_0.member_level,
        u1_0.nickname,
        u1_0.openid,
        u1_0.phone,
        u1_0.points,
        u1_0.remaining_visits,
        u1_0.total_visits,
        u1_0.updated_at 
    from
        users u1_0 
    where
        u1_0.id=?
2026-01-15 00:31:06.785 - 
    select
        po1_0.id,
        po1_0.card_end_date,
        po1_0.card_start_date,
        po1_0.created_at,
        po1_0.order_no,
        po1_0.package_id,
        po1_0.package_name,
        po1_0.payment_method,
        po1_0.payment_time,
        po1_0.price,
        po1_0.status,
        po1_0.transaction_type,
        po1_0.updated_at,
        po1_0.user_id 
    from
        payment_orders po1_0 
    where
        po1_0.user_id=?
2026-01-15 00:31:06.790 - 
    select
        po1_0.id,
        po1_0.card_end_date,
        po1_0.card_start_date,
        po1_0.created_at,
        po1_0.order_no,
        po1_0.package_id,
        po1_0.package_name,
        po1_0.payment_method,
        po1_0.payment_time,
        po1_0.price,
        po1_0.status,
        po1_0.transaction_type,
        po1_0.updated_at,
        po1_0.user_id 
    from
        payment_orders po1_0 
    where
        po1_0.user_id=? 
        and po1_0.status=?
2026-01-15 00:31:06.798 - 
    select
        po1_0.id,
        po1_0.card_end_date,
        po1_0.card_start_date,
        po1_0.created_at,
        po1_0.order_no,
        po1_0.package_id,
        po1_0.package_name,
        po1_0.payment_method,
        po1_0.payment_time,
        po1_0.price,
        po1_0.status,
        po1_0.transaction_type,
        po1_0.updated_at,
        po1_0.user_id 
    from
        payment_orders po1_0 
    where
        po1_0.user_id=?
2026-01-15 00:31:06.803 - 
    select
        u1_0.id,
        u1_0.avatar_url,
        u1_0.created_at,
        u1_0.last_login_time,
        u1_0.member_expire_time,
        u1_0.member_level,
        u1_0.nickname,
        u1_0.openid,
        u1_0.phone,
        u1_0.points,
        u1_0.remaining_visits,
        u1_0.total_visits,
        u1_0.updated_at 
    from
        users u1_0 
    where
        u1_0.id=?
2026-01-15 00:31:06.805 - 
    select
        po1_0.id,
        po1_0.card_end_date,
        po1_0.card_start_date,
        po1_0.created_at,
        po1_0.order_no,
        po1_0.package_id,
        po1_0.package_name,
        po1_0.payment_method,
        po1_0.payment_time,
        po1_0.price,
        po1_0.status,
        po1_0.transaction_type,
        po1_0.updated_at,
        po1_0.user_id 
    from
        payment_orders po1_0 
    where
        po1_0.user_id=? 
        and po1_0.status=?
2026-01-15 00:31:16.729 - 
    select
        mp1_0.id,
        mp1_0.avg_price_per_time,
        mp1_0.badge,
        mp1_0.category,
        mp1_0.code,
        mp1_0.description,
        mp1_0.features,
        mp1_0.is_active,
        mp1_0.name,
        mp1_0.people,
        mp1_0.price,
        mp1_0.sort_order,
        mp1_0.times_per_person,
        mp1_0.validity_days 
    from
        member_packages mp1_0 
    where
        mp1_0.is_active 
    order by
        mp1_0.sort_order
2026-01-15 00:31:18.785 - 
    select
        mp1_0.id,
        mp1_0.avg_price_per_time,
        mp1_0.badge,
        mp1_0.category,
        mp1_0.code,
        mp1_0.description,
        mp1_0.features,
        mp1_0.is_active,
        mp1_0.name,
        mp1_0.people,
        mp1_0.price,
        mp1_0.sort_order,
        mp1_0.times_per_person,
        mp1_0.validity_days 
    from
        member_packages mp1_0 
    where
        mp1_0.category=? 
        and mp1_0.is_active 
    order by
        mp1_0.sort_order
2026-01-15 00:31:18.795 - 
    select
        mp1_0.id,
        mp1_0.avg_price_per_time,
        mp1_0.badge,
        mp1_0.category,
        mp1_0.code,
        mp1_0.description,
        mp1_0.features,
        mp1_0.is_active,
        mp1_0.name,
        mp1_0.people,
        mp1_0.price,
        mp1_0.sort_order,
        mp1_0.times_per_person,
        mp1_0.validity_days 
    from
        member_packages mp1_0 
    where
        mp1_0.category=? 
        and mp1_0.is_active 
    order by
        mp1_0.sort_order
2026-01-15 00:31:19.722 - 
    select
        po1_0.id,
        po1_0.card_end_date,
        po1_0.card_start_date,
        po1_0.created_at,
        po1_0.order_no,
        po1_0.package_id,
        po1_0.package_name,
        po1_0.payment_method,
        po1_0.payment_time,
        po1_0.price,
        po1_0.status,
        po1_0.transaction_type,
        po1_0.updated_at,
        po1_0.user_id 
    from
        payment_orders po1_0 
    where
        po1_0.user_id=?
2026-01-15 00:31:24.148 - 
    select
        po1_0.id,
        po1_0.card_end_date,
        po1_0.card_start_date,
        po1_0.created_at,
        po1_0.order_no,
        po1_0.package_id,
        po1_0.package_name,
        po1_0.payment_method,
        po1_0.payment_time,
        po1_0.price,
        po1_0.status,
        po1_0.transaction_type,
        po1_0.updated_at,
        po1_0.user_id 
    from
        payment_orders po1_0 
    where
        po1_0.user_id=?
2026-01-15 00:31:25.175 - 
    select
        u1_0.id,
        u1_0.avatar_url,
        u1_0.created_at,
        u1_0.last_login_time,
        u1_0.member_expire_time,
        u1_0.member_level,
        u1_0.nickname,
        u1_0.openid,
        u1_0.phone,
        u1_0.points,
        u1_0.remaining_visits,
        u1_0.total_visits,
        u1_0.updated_at 
    from
        users u1_0 
    where
        u1_0.id=?
2026-01-15 00:31:25.181 - 
    select
        mp1_0.id,
        mp1_0.avg_price_per_time,
        mp1_0.badge,
        mp1_0.category,
        mp1_0.code,
        mp1_0.description,
        mp1_0.features,
        mp1_0.is_active,
        mp1_0.name,
        mp1_0.people,
        mp1_0.price,
        mp1_0.sort_order,
        mp1_0.times_per_person,
        mp1_0.validity_days 
    from
        member_packages mp1_0 
    where
        mp1_0.id=?
2026-01-15 00:31:25.264 - 
    insert 
    into
        payment_orders
        (card_end_date, card_start_date, created_at, order_no, package_id, package_name, payment_method, payment_time, price, status, transaction_type, updated_at, user_id) 
    values
        (?, ?, ?, ?, ?, ?, ?, ?, ?, ?, ?, ?, ?)
2026-01-15 00:31:25.325 - 
    select
        po1_0.id,
        po1_0.card_end_date,
        po1_0.card_start_date,
        po1_0.created_at,
        po1_0.order_no,
        po1_0.package_id,
        po1_0.package_name,
        po1_0.payment_method,
        po1_0.payment_time,
        po1_0.price,
        po1_0.status,
        po1_0.transaction_type,
        po1_0.updated_at,
        po1_0.user_id 
    from
        payment_orders po1_0 
    where
        po1_0.id=?
2026-01-15 00:31:25.327 - 
    select
        u1_0.id,
        u1_0.avatar_url,
        u1_0.created_at,
        u1_0.last_login_time,
        u1_0.member_expire_time,
        u1_0.member_level,
        u1_0.nickname,
        u1_0.openid,
        u1_0.phone,
        u1_0.points,
        u1_0.remaining_visits,
        u1_0.total_visits,
        u1_0.updated_at 
    from
        users u1_0 
    where
        u1_0.id=?
2026-01-15 00:31:36.425 - 
    select
        po1_0.id,
        po1_0.card_end_date,
        po1_0.card_start_date,
        po1_0.created_at,
        po1_0.order_no,
        po1_0.package_id,
        po1_0.package_name,
        po1_0.payment_method,
        po1_0.payment_time,
        po1_0.price,
        po1_0.status,
        po1_0.transaction_type,
        po1_0.updated_at,
        po1_0.user_id 
    from
        payment_orders po1_0 
    where
        po1_0.id=?
2026-01-15 00:31:36.431 - 
    select
        u1_0.id,
        u1_0.avatar_url,
        u1_0.created_at,
        u1_0.last_login_time,
        u1_0.member_expire_time,
        u1_0.member_level,
        u1_0.nickname,
        u1_0.openid,
        u1_0.phone,
        u1_0.points,
        u1_0.remaining_visits,
        u1_0.total_visits,
        u1_0.updated_at 
    from
        users u1_0 
    where
        u1_0.id=?
2026-01-15 00:31:36.434 - 
    select
        mp1_0.id,
        mp1_0.avg_price_per_time,
        mp1_0.badge,
        mp1_0.category,
        mp1_0.code,
        mp1_0.description,
        mp1_0.features,
        mp1_0.is_active,
        mp1_0.name,
        mp1_0.people,
        mp1_0.price,
        mp1_0.sort_order,
        mp1_0.times_per_person,
        mp1_0.validity_days 
    from
        member_packages mp1_0 
    where
        mp1_0.id=?
2026-01-15 00:31:36.450 - 
    update
        payment_orders 
    set
        card_end_date=?,
        card_start_date=?,
        created_at=?,
        order_no=?,
        package_id=?,
        package_name=?,
        payment_method=?,
        payment_time=?,
        price=?,
        status=?,
        transaction_type=?,
        updated_at=?,
        user_id=? 
    where
        id=?
2026-01-15 00:31:36.457 - 
    update
        users 
    set
        avatar_url=?,
        created_at=?,
        last_login_time=?,
        member_expire_time=?,
        member_level=?,
        nickname=?,
        openid=?,
        phone=?,
        points=?,
        remaining_visits=?,
        total_visits=?,
        updated_at=? 
    where
        id=?
2026-01-15 00:31:38.719 - 
    select
        u1_0.id,
        u1_0.avatar_url,
        u1_0.created_at,
        u1_0.last_login_time,
        u1_0.member_expire_time,
        u1_0.member_level,
        u1_0.nickname,
        u1_0.openid,
        u1_0.phone,
        u1_0.points,
        u1_0.remaining_visits,
        u1_0.total_visits,
        u1_0.updated_at 
    from
        users u1_0 
    where
        u1_0.id=?
2026-01-15 00:31:38.719 - 
    select
        po1_0.id,
        po1_0.card_end_date,
        po1_0.card_start_date,
        po1_0.created_at,
        po1_0.order_no,
        po1_0.package_id,
        po1_0.package_name,
        po1_0.payment_method,
        po1_0.payment_time,
        po1_0.price,
        po1_0.status,
        po1_0.transaction_type,
        po1_0.updated_at,
        po1_0.user_id 
    from
        payment_orders po1_0 
    where
        po1_0.user_id=?
2026-01-15 00:31:38.722 - 
    select
        po1_0.id,
        po1_0.card_end_date,
        po1_0.card_start_date,
        po1_0.created_at,
        po1_0.order_no,
        po1_0.package_id,
        po1_0.package_name,
        po1_0.payment_method,
        po1_0.payment_time,
        po1_0.price,
        po1_0.status,
        po1_0.transaction_type,
        po1_0.updated_at,
        po1_0.user_id 
    from
        payment_orders po1_0 
    where
        po1_0.user_id=? 
        and po1_0.status=?
2026-01-15 00:31:38.728 - 
    select
        po1_0.id,
        po1_0.card_end_date,
        po1_0.card_start_date,
        po1_0.created_at,
        po1_0.order_no,
        po1_0.package_id,
        po1_0.package_name,
        po1_0.payment_method,
        po1_0.payment_time,
        po1_0.price,
        po1_0.status,
        po1_0.transaction_type,
        po1_0.updated_at,
        po1_0.user_id 
    from
        payment_orders po1_0 
    where
        po1_0.user_id=?
2026-01-15 00:31:38.729 - 
    select
        u1_0.id,
        u1_0.avatar_url,
        u1_0.created_at,
        u1_0.last_login_time,
        u1_0.member_expire_time,
        u1_0.member_level,
        u1_0.nickname,
        u1_0.openid,
        u1_0.phone,
        u1_0.points,
        u1_0.remaining_visits,
        u1_0.total_visits,
        u1_0.updated_at 
    from
        users u1_0 
    where
        u1_0.id=?
2026-01-15 00:31:38.732 - 
    select
        po1_0.id,
        po1_0.card_end_date,
        po1_0.card_start_date,
        po1_0.created_at,
        po1_0.order_no,
        po1_0.package_id,
        po1_0.package_name,
        po1_0.payment_method,
        po1_0.payment_time,
        po1_0.price,
        po1_0.status,
        po1_0.transaction_type,
        po1_0.updated_at,
        po1_0.user_id 
    from
        payment_orders po1_0 
    where
        po1_0.user_id=? 
        and po1_0.status=?
2026-01-15 00:32:08.537 - 
    select
        mp1_0.id,
        mp1_0.avg_price_per_time,
        mp1_0.badge,
        mp1_0.category,
        mp1_0.code,
        mp1_0.description,
        mp1_0.features,
        mp1_0.is_active,
        mp1_0.name,
        mp1_0.people,
        mp1_0.price,
        mp1_0.sort_order,
        mp1_0.times_per_person,
        mp1_0.validity_days 
    from
        member_packages mp1_0 
    where
        mp1_0.category=? 
        and mp1_0.is_active 
    order by
        mp1_0.sort_order
2026-01-15 00:32:08.557 - 
    select
        mp1_0.id,
        mp1_0.avg_price_per_time,
        mp1_0.badge,
        mp1_0.category,
        mp1_0.code,
        mp1_0.description,
        mp1_0.features,
        mp1_0.is_active,
        mp1_0.name,
        mp1_0.people,
        mp1_0.price,
        mp1_0.sort_order,
        mp1_0.times_per_person,
        mp1_0.validity_days 
    from
        member_packages mp1_0 
    where
        mp1_0.category=? 
        and mp1_0.is_active 
    order by
        mp1_0.sort_order
2026-01-15 00:32:09.838 - 
    select
        po1_0.id,
        po1_0.card_end_date,
        po1_0.card_start_date,
        po1_0.created_at,
        po1_0.order_no,
        po1_0.package_id,
        po1_0.package_name,
        po1_0.payment_method,
        po1_0.payment_time,
        po1_0.price,
        po1_0.status,
        po1_0.transaction_type,
        po1_0.updated_at,
        po1_0.user_id 
    from
        payment_orders po1_0 
    where
        po1_0.user_id=?
2026-01-15 00:32:09.856 - 
    select
        u1_0.id,
        u1_0.avatar_url,
        u1_0.created_at,
        u1_0.last_login_time,
        u1_0.member_expire_time,
        u1_0.member_level,
        u1_0.nickname,
        u1_0.openid,
        u1_0.phone,
        u1_0.points,
        u1_0.remaining_visits,
        u1_0.total_visits,
        u1_0.updated_at 
    from
        users u1_0 
    where
        u1_0.id=?
2026-01-15 00:32:09.859 - 
    select
        po1_0.id,
        po1_0.card_end_date,
        po1_0.card_start_date,
        po1_0.created_at,
        po1_0.order_no,
        po1_0.package_id,
        po1_0.package_name,
        po1_0.payment_method,
        po1_0.payment_time,
        po1_0.price,
        po1_0.status,
        po1_0.transaction_type,
        po1_0.updated_at,
        po1_0.user_id 
    from
        payment_orders po1_0 
    where
        po1_0.user_id=? 
        and po1_0.status=?
2026-01-15 00:32:15.531 - 
    select
        po1_0.id,
        po1_0.card_end_date,
        po1_0.card_start_date,
        po1_0.created_at,
        po1_0.order_no,
        po1_0.package_id,
        po1_0.package_name,
        po1_0.payment_method,
        po1_0.payment_time,
        po1_0.price,
        po1_0.status,
        po1_0.transaction_type,
        po1_0.updated_at,
        po1_0.user_id 
    from
        payment_orders po1_0 
    where
        po1_0.user_id=?
2026-01-15 00:32:15.551 - 
    select
        u1_0.id,
        u1_0.avatar_url,
        u1_0.created_at,
        u1_0.last_login_time,
        u1_0.member_expire_time,
        u1_0.member_level,
        u1_0.nickname,
        u1_0.openid,
        u1_0.phone,
        u1_0.points,
        u1_0.remaining_visits,
        u1_0.total_visits,
        u1_0.updated_at 
    from
        users u1_0 
    where
        u1_0.id=?
2026-01-15 00:32:15.555 - 
    select
        po1_0.id,
        po1_0.card_end_date,
        po1_0.card_start_date,
        po1_0.created_at,
        po1_0.order_no,
        po1_0.package_id,
        po1_0.package_name,
        po1_0.payment_method,
        po1_0.payment_time,
        po1_0.price,
        po1_0.status,
        po1_0.transaction_type,
        po1_0.updated_at,
        po1_0.user_id 
    from
        payment_orders po1_0 
    where
        po1_0.user_id=? 
        and po1_0.status=?
2026-01-15 00:32:21.579 - 
    select
        po1_0.id,
        po1_0.card_end_date,
        po1_0.card_start_date,
        po1_0.created_at,
        po1_0.order_no,
        po1_0.package_id,
        po1_0.package_name,
        po1_0.payment_method,
        po1_0.payment_time,
        po1_0.price,
        po1_0.status,
        po1_0.transaction_type,
        po1_0.updated_at,
        po1_0.user_id 
    from
        payment_orders po1_0 
    where
        po1_0.user_id=?
2026-01-15 00:32:21.597 - 
    select
        u1_0.id,
        u1_0.avatar_url,
        u1_0.created_at,
        u1_0.last_login_time,
        u1_0.member_expire_time,
        u1_0.member_level,
        u1_0.nickname,
        u1_0.openid,
        u1_0.phone,
        u1_0.points,
        u1_0.remaining_visits,
        u1_0.total_visits,
        u1_0.updated_at 
    from
        users u1_0 
    where
        u1_0.id=?
2026-01-15 00:32:21.600 - 
    select
        po1_0.id,
        po1_0.card_end_date,
        po1_0.card_start_date,
        po1_0.created_at,
        po1_0.order_no,
        po1_0.package_id,
        po1_0.package_name,
        po1_0.payment_method,
        po1_0.payment_time,
        po1_0.price,
        po1_0.status,
        po1_0.transaction_type,
        po1_0.updated_at,
        po1_0.user_id 
    from
        payment_orders po1_0 
    where
        po1_0.user_id=? 
        and po1_0.status=?
2026-01-15 00:32:22.746 - 
    select
        u1_0.id,
        u1_0.avatar_url,
        u1_0.created_at,
        u1_0.last_login_time,
        u1_0.member_expire_time,
        u1_0.member_level,
        u1_0.nickname,
        u1_0.openid,
        u1_0.phone,
        u1_0.points,
        u1_0.remaining_visits,
        u1_0.total_visits,
        u1_0.updated_at 
    from
        users u1_0 
    where
        u1_0.id=?
2026-01-15 00:32:22.748 - 
    select
        mp1_0.id,
        mp1_0.avg_price_per_time,
        mp1_0.badge,
        mp1_0.category,
        mp1_0.code,
        mp1_0.description,
        mp1_0.features,
        mp1_0.is_active,
        mp1_0.name,
        mp1_0.people,
        mp1_0.price,
        mp1_0.sort_order,
        mp1_0.times_per_person,
        mp1_0.validity_days 
    from
        member_packages mp1_0 
    where
        mp1_0.id=?
2026-01-15 00:32:22.755 - 
    insert 
    into
        payment_orders
        (card_end_date, card_start_date, created_at, order_no, package_id, package_name, payment_method, payment_time, price, status, transaction_type, updated_at, user_id) 
    values
        (?, ?, ?, ?, ?, ?, ?, ?, ?, ?, ?, ?, ?)
2026-01-15 00:32:22.778 - 
    select
        po1_0.id,
        po1_0.card_end_date,
        po1_0.card_start_date,
        po1_0.created_at,
        po1_0.order_no,
        po1_0.package_id,
        po1_0.package_name,
        po1_0.payment_method,
        po1_0.payment_time,
        po1_0.price,
        po1_0.status,
        po1_0.transaction_type,
        po1_0.updated_at,
        po1_0.user_id 
    from
        payment_orders po1_0 
    where
        po1_0.id=?
2026-01-15 00:32:22.781 - 
    select
        u1_0.id,
        u1_0.avatar_url,
        u1_0.created_at,
        u1_0.last_login_time,
        u1_0.member_expire_time,
        u1_0.member_level,
        u1_0.nickname,
        u1_0.openid,
        u1_0.phone,
        u1_0.points,
        u1_0.remaining_visits,
        u1_0.total_visits,
        u1_0.updated_at 
    from
        users u1_0 
    where
        u1_0.id=?
2026-01-15 00:32:30.374 - 
    select
        po1_0.id,
        po1_0.card_end_date,
        po1_0.card_start_date,
        po1_0.created_at,
        po1_0.order_no,
        po1_0.package_id,
        po1_0.package_name,
        po1_0.payment_method,
        po1_0.payment_time,
        po1_0.price,
        po1_0.status,
        po1_0.transaction_type,
        po1_0.updated_at,
        po1_0.user_id 
    from
        payment_orders po1_0 
    where
        po1_0.id=?
2026-01-15 00:32:30.377 - 
    select
        u1_0.id,
        u1_0.avatar_url,
        u1_0.created_at,
        u1_0.last_login_time,
        u1_0.member_expire_time,
        u1_0.member_level,
        u1_0.nickname,
        u1_0.openid,
        u1_0.phone,
        u1_0.points,
        u1_0.remaining_visits,
        u1_0.total_visits,
        u1_0.updated_at 
    from
        users u1_0 
    where
        u1_0.id=?
2026-01-15 00:32:30.379 - 
    select
        mp1_0.id,
        mp1_0.avg_price_per_time,
        mp1_0.badge,
        mp1_0.category,
        mp1_0.code,
        mp1_0.description,
        mp1_0.features,
        mp1_0.is_active,
        mp1_0.name,
        mp1_0.people,
        mp1_0.price,
        mp1_0.sort_order,
        mp1_0.times_per_person,
        mp1_0.validity_days 
    from
        member_packages mp1_0 
    where
        mp1_0.id=?
2026-01-15 00:32:30.383 - 
    update
        payment_orders 
    set
        card_end_date=?,
        card_start_date=?,
        created_at=?,
        order_no=?,
        package_id=?,
        package_name=?,
        payment_method=?,
        payment_time=?,
        price=?,
        status=?,
        transaction_type=?,
        updated_at=?,
        user_id=? 
    where
        id=?
2026-01-15 00:32:30.385 - 
    update
        users 
    set
        avatar_url=?,
        created_at=?,
        last_login_time=?,
        member_expire_time=?,
        member_level=?,
        nickname=?,
        openid=?,
        phone=?,
        points=?,
        remaining_visits=?,
        total_visits=?,
        updated_at=? 
    where
        id=?
2026-01-15 00:32:32.631 - 
    select
        u1_0.id,
        u1_0.avatar_url,
        u1_0.created_at,
        u1_0.last_login_time,
        u1_0.member_expire_time,
        u1_0.member_level,
        u1_0.nickname,
        u1_0.openid,
        u1_0.phone,
        u1_0.points,
        u1_0.remaining_visits,
        u1_0.total_visits,
        u1_0.updated_at 
    from
        users u1_0 
    where
        u1_0.id=?
2026-01-15 00:32:32.632 - 
    select
        po1_0.id,
        po1_0.card_end_date,
        po1_0.card_start_date,
        po1_0.created_at,
        po1_0.order_no,
        po1_0.package_id,
        po1_0.package_name,
        po1_0.payment_method,
        po1_0.payment_time,
        po1_0.price,
        po1_0.status,
        po1_0.transaction_type,
        po1_0.updated_at,
        po1_0.user_id 
    from
        payment_orders po1_0 
    where
        po1_0.user_id=?
2026-01-15 00:32:32.634 - 
    select
        po1_0.id,
        po1_0.card_end_date,
        po1_0.card_start_date,
        po1_0.created_at,
        po1_0.order_no,
        po1_0.package_id,
        po1_0.package_name,
        po1_0.payment_method,
        po1_0.payment_time,
        po1_0.price,
        po1_0.status,
        po1_0.transaction_type,
        po1_0.updated_at,
        po1_0.user_id 
    from
        payment_orders po1_0 
    where
        po1_0.user_id=? 
        and po1_0.status=?
2026-01-15 00:32:32.641 - 
    select
        po1_0.id,
        po1_0.card_end_date,
        po1_0.card_start_date,
        po1_0.created_at,
        po1_0.order_no,
        po1_0.package_id,
        po1_0.package_name,
        po1_0.payment_method,
        po1_0.payment_time,
        po1_0.price,
        po1_0.status,
        po1_0.transaction_type,
        po1_0.updated_at,
        po1_0.user_id 
    from
        payment_orders po1_0 
    where
        po1_0.user_id=?
2026-01-15 00:32:32.645 - 
    select
        u1_0.id,
        u1_0.avatar_url,
        u1_0.created_at,
        u1_0.last_login_time,
        u1_0.member_expire_time,
        u1_0.member_level,
        u1_0.nickname,
        u1_0.openid,
        u1_0.phone,
        u1_0.points,
        u1_0.remaining_visits,
        u1_0.total_visits,
        u1_0.updated_at 
    from
        users u1_0 
    where
        u1_0.id=?
2026-01-15 00:32:32.649 - 
    select
        po1_0.id,
        po1_0.card_end_date,
        po1_0.card_start_date,
        po1_0.created_at,
        po1_0.order_no,
        po1_0.package_id,
        po1_0.package_name,
        po1_0.payment_method,
        po1_0.payment_time,
        po1_0.price,
        po1_0.status,
        po1_0.transaction_type,
        po1_0.updated_at,
        po1_0.user_id 
    from
        payment_orders po1_0 
    where
        po1_0.user_id=? 
        and po1_0.status=?
2026-01-15 00:33:52.841 - 
    select
        mp1_0.id,
        mp1_0.avg_price_per_time,
        mp1_0.badge,
        mp1_0.category,
        mp1_0.code,
        mp1_0.description,
        mp1_0.features,
        mp1_0.is_active,
        mp1_0.name,
        mp1_0.people,
        mp1_0.price,
        mp1_0.sort_order,
        mp1_0.times_per_person,
        mp1_0.validity_days 
    from
        member_packages mp1_0 
    where
        mp1_0.is_active 
    order by
        mp1_0.sort_order
2026-01-15 00:33:53.908 - 
    select
        po1_0.id,
        po1_0.card_end_date,
        po1_0.card_start_date,
        po1_0.created_at,
        po1_0.order_no,
        po1_0.package_id,
        po1_0.package_name,
        po1_0.payment_method,
        po1_0.payment_time,
        po1_0.price,
        po1_0.status,
        po1_0.transaction_type,
        po1_0.updated_at,
        po1_0.user_id 
    from
        payment_orders po1_0 
    where
        po1_0.user_id=?
2026-01-15 00:33:53.909 - 
    select
        u1_0.id,
        u1_0.avatar_url,
        u1_0.created_at,
        u1_0.last_login_time,
        u1_0.member_expire_time,
        u1_0.member_level,
        u1_0.nickname,
        u1_0.openid,
        u1_0.phone,
        u1_0.points,
        u1_0.remaining_visits,
        u1_0.total_visits,
        u1_0.updated_at 
    from
        users u1_0 
    where
        u1_0.id=?
2026-01-15 00:33:53.912 - 
    select
        po1_0.id,
        po1_0.card_end_date,
        po1_0.card_start_date,
        po1_0.created_at,
        po1_0.order_no,
        po1_0.package_id,
        po1_0.package_name,
        po1_0.payment_method,
        po1_0.payment_time,
        po1_0.price,
        po1_0.status,
        po1_0.transaction_type,
        po1_0.updated_at,
        po1_0.user_id 
    from
        payment_orders po1_0 
    where
        po1_0.user_id=? 
        and po1_0.status=?
2026-01-15 00:33:53.918 - 
    select
        po1_0.id,
        po1_0.card_end_date,
        po1_0.card_start_date,
        po1_0.created_at,
        po1_0.order_no,
        po1_0.package_id,
        po1_0.package_name,
        po1_0.payment_method,
        po1_0.payment_time,
        po1_0.price,
        po1_0.status,
        po1_0.transaction_type,
        po1_0.updated_at,
        po1_0.user_id 
    from
        payment_orders po1_0 
    where
        po1_0.user_id=?
2026-01-15 00:33:53.924 - 
    select
        u1_0.id,
        u1_0.avatar_url,
        u1_0.created_at,
        u1_0.last_login_time,
        u1_0.member_expire_time,
        u1_0.member_level,
        u1_0.nickname,
        u1_0.openid,
        u1_0.phone,
        u1_0.points,
        u1_0.remaining_visits,
        u1_0.total_visits,
        u1_0.updated_at 
    from
        users u1_0 
    where
        u1_0.id=?
2026-01-15 00:33:53.926 - 
    select
        po1_0.id,
        po1_0.card_end_date,
        po1_0.card_start_date,
        po1_0.created_at,
        po1_0.order_no,
        po1_0.package_id,
        po1_0.package_name,
        po1_0.payment_method,
        po1_0.payment_time,
        po1_0.price,
        po1_0.status,
        po1_0.transaction_type,
        po1_0.updated_at,
        po1_0.user_id 
    from
        payment_orders po1_0 
    where
        po1_0.user_id=? 
        and po1_0.status=?
2026-01-15 00:34:42.151 - 
    select
        mp1_0.id,
        mp1_0.avg_price_per_time,
        mp1_0.badge,
        mp1_0.category,
        mp1_0.code,
        mp1_0.description,
        mp1_0.features,
        mp1_0.is_active,
        mp1_0.name,
        mp1_0.people,
        mp1_0.price,
        mp1_0.sort_order,
        mp1_0.times_per_person,
        mp1_0.validity_days 
    from
        member_packages mp1_0 
    where
        mp1_0.is_active 
    order by
        mp1_0.sort_order
2026-01-15 00:34:43.370 - 
    select
        po1_0.id,
        po1_0.card_end_date,
        po1_0.card_start_date,
        po1_0.created_at,
        po1_0.order_no,
        po1_0.package_id,
        po1_0.package_name,
        po1_0.payment_method,
        po1_0.payment_time,
        po1_0.price,
        po1_0.status,
        po1_0.transaction_type,
        po1_0.updated_at,
        po1_0.user_id 
    from
        payment_orders po1_0 
    where
        po1_0.user_id=?
2026-01-15 00:34:43.371 - 
    select
        u1_0.id,
        u1_0.avatar_url,
        u1_0.created_at,
        u1_0.last_login_time,
        u1_0.member_expire_time,
        u1_0.member_level,
        u1_0.nickname,
        u1_0.openid,
        u1_0.phone,
        u1_0.points,
        u1_0.remaining_visits,
        u1_0.total_visits,
        u1_0.updated_at 
    from
        users u1_0 
    where
        u1_0.id=?
2026-01-15 00:34:43.375 - 
    select
        po1_0.id,
        po1_0.card_end_date,
        po1_0.card_start_date,
        po1_0.created_at,
        po1_0.order_no,
        po1_0.package_id,
        po1_0.package_name,
        po1_0.payment_method,
        po1_0.payment_time,
        po1_0.price,
        po1_0.status,
        po1_0.transaction_type,
        po1_0.updated_at,
        po1_0.user_id 
    from
        payment_orders po1_0 
    where
        po1_0.user_id=? 
        and po1_0.status=?
2026-01-15 00:34:43.381 - 
    select
        po1_0.id,
        po1_0.card_end_date,
        po1_0.card_start_date,
        po1_0.created_at,
        po1_0.order_no,
        po1_0.package_id,
        po1_0.package_name,
        po1_0.payment_method,
        po1_0.payment_time,
        po1_0.price,
        po1_0.status,
        po1_0.transaction_type,
        po1_0.updated_at,
        po1_0.user_id 
    from
        payment_orders po1_0 
    where
        po1_0.user_id=?
2026-01-15 00:34:43.385 - 
    select
        u1_0.id,
        u1_0.avatar_url,
        u1_0.created_at,
        u1_0.last_login_time,
        u1_0.member_expire_time,
        u1_0.member_level,
        u1_0.nickname,
        u1_0.openid,
        u1_0.phone,
        u1_0.points,
        u1_0.remaining_visits,
        u1_0.total_visits,
        u1_0.updated_at 
    from
        users u1_0 
    where
        u1_0.id=?
2026-01-15 00:34:43.389 - 
    select
        po1_0.id,
        po1_0.card_end_date,
        po1_0.card_start_date,
        po1_0.created_at,
        po1_0.order_no,
        po1_0.package_id,
        po1_0.package_name,
        po1_0.payment_method,
        po1_0.payment_time,
        po1_0.price,
        po1_0.status,
        po1_0.transaction_type,
        po1_0.updated_at,
        po1_0.user_id 
    from
        payment_orders po1_0 
    where
        po1_0.user_id=? 
        and po1_0.status=?
2026-01-15 00:35:03.158 - 
    select
        mp1_0.id,
        mp1_0.avg_price_per_time,
        mp1_0.badge,
        mp1_0.category,
        mp1_0.code,
        mp1_0.description,
        mp1_0.features,
        mp1_0.is_active,
        mp1_0.name,
        mp1_0.people,
        mp1_0.price,
        mp1_0.sort_order,
        mp1_0.times_per_person,
        mp1_0.validity_days 
    from
        member_packages mp1_0 
    where
        mp1_0.category=? 
        and mp1_0.is_active 
    order by
        mp1_0.sort_order
2026-01-15 00:35:03.171 - 
    select
        mp1_0.id,
        mp1_0.avg_price_per_time,
        mp1_0.badge,
        mp1_0.category,
        mp1_0.code,
        mp1_0.description,
        mp1_0.features,
        mp1_0.is_active,
        mp1_0.name,
        mp1_0.people,
        mp1_0.price,
        mp1_0.sort_order,
        mp1_0.times_per_person,
        mp1_0.validity_days 
    from
        member_packages mp1_0 
    where
        mp1_0.category=? 
        and mp1_0.is_active 
    order by
        mp1_0.sort_order
2026-01-15 00:35:54.742 - 
    select
        po1_0.id,
        po1_0.card_end_date,
        po1_0.card_start_date,
        po1_0.created_at,
        po1_0.order_no,
        po1_0.package_id,
        po1_0.package_name,
        po1_0.payment_method,
        po1_0.payment_time,
        po1_0.price,
        po1_0.status,
        po1_0.transaction_type,
        po1_0.updated_at,
        po1_0.user_id 
    from
        payment_orders po1_0 
    where
        po1_0.user_id=?
2026-01-15 00:35:59.374 - 
    select
        u1_0.id,
        u1_0.avatar_url,
        u1_0.created_at,
        u1_0.last_login_time,
        u1_0.member_expire_time,
        u1_0.member_level,
        u1_0.nickname,
        u1_0.openid,
        u1_0.phone,
        u1_0.points,
        u1_0.remaining_visits,
        u1_0.total_visits,
        u1_0.updated_at 
    from
        users u1_0 
    where
        u1_0.id=?
2026-01-15 00:35:59.377 - 
    select
        mp1_0.id,
        mp1_0.avg_price_per_time,
        mp1_0.badge,
        mp1_0.category,
        mp1_0.code,
        mp1_0.description,
        mp1_0.features,
        mp1_0.is_active,
        mp1_0.name,
        mp1_0.people,
        mp1_0.price,
        mp1_0.sort_order,
        mp1_0.times_per_person,
        mp1_0.validity_days 
    from
        member_packages mp1_0 
    where
        mp1_0.id=?
2026-01-15 00:35:59.380 - 
    insert 
    into
        payment_orders
        (card_end_date, card_start_date, created_at, order_no, package_id, package_name, payment_method, payment_time, price, status, transaction_type, updated_at, user_id) 
    values
        (?, ?, ?, ?, ?, ?, ?, ?, ?, ?, ?, ?, ?)
2026-01-15 00:35:59.397 - 
    select
        po1_0.id,
        po1_0.card_end_date,
        po1_0.card_start_date,
        po1_0.created_at,
        po1_0.order_no,
        po1_0.package_id,
        po1_0.package_name,
        po1_0.payment_method,
        po1_0.payment_time,
        po1_0.price,
        po1_0.status,
        po1_0.transaction_type,
        po1_0.updated_at,
        po1_0.user_id 
    from
        payment_orders po1_0 
    where
        po1_0.id=?
2026-01-15 00:35:59.399 - 
    select
        u1_0.id,
        u1_0.avatar_url,
        u1_0.created_at,
        u1_0.last_login_time,
        u1_0.member_expire_time,
        u1_0.member_level,
        u1_0.nickname,
        u1_0.openid,
        u1_0.phone,
        u1_0.points,
        u1_0.remaining_visits,
        u1_0.total_visits,
        u1_0.updated_at 
    from
        users u1_0 
    where
        u1_0.id=?
2026-01-15 00:36:19.566 - 
    select
        po1_0.id,
        po1_0.card_end_date,
        po1_0.card_start_date,
        po1_0.created_at,
        po1_0.order_no,
        po1_0.package_id,
        po1_0.package_name,
        po1_0.payment_method,
        po1_0.payment_time,
        po1_0.price,
        po1_0.status,
        po1_0.transaction_type,
        po1_0.updated_at,
        po1_0.user_id 
    from
        payment_orders po1_0 
    where
        po1_0.id=?
2026-01-15 00:36:19.571 - 
    select
        u1_0.id,
        u1_0.avatar_url,
        u1_0.created_at,
        u1_0.last_login_time,
        u1_0.member_expire_time,
        u1_0.member_level,
        u1_0.nickname,
        u1_0.openid,
        u1_0.phone,
        u1_0.points,
        u1_0.remaining_visits,
        u1_0.total_visits,
        u1_0.updated_at 
    from
        users u1_0 
    where
        u1_0.id=?
2026-01-15 00:36:19.573 - 
    select
        mp1_0.id,
        mp1_0.avg_price_per_time,
        mp1_0.badge,
        mp1_0.category,
        mp1_0.code,
        mp1_0.description,
        mp1_0.features,
        mp1_0.is_active,
        mp1_0.name,
        mp1_0.people,
        mp1_0.price,
        mp1_0.sort_order,
        mp1_0.times_per_person,
        mp1_0.validity_days 
    from
        member_packages mp1_0 
    where
        mp1_0.id=?
2026-01-15 00:36:19.575 - 
    update
        payment_orders 
    set
        card_end_date=?,
        card_start_date=?,
        created_at=?,
        order_no=?,
        package_id=?,
        package_name=?,
        payment_method=?,
        payment_time=?,
        price=?,
        status=?,
        transaction_type=?,
        updated_at=?,
        user_id=? 
    where
        id=?
2026-01-15 00:36:19.577 - 
    update
        users 
    set
        avatar_url=?,
        created_at=?,
        last_login_time=?,
        member_expire_time=?,
        member_level=?,
        nickname=?,
        openid=?,
        phone=?,
        points=?,
        remaining_visits=?,
        total_visits=?,
        updated_at=? 
    where
        id=?
2026-01-15 00:36:22.314 - 
    select
        u1_0.id,
        u1_0.avatar_url,
        u1_0.created_at,
        u1_0.last_login_time,
        u1_0.member_expire_time,
        u1_0.member_level,
        u1_0.nickname,
        u1_0.openid,
        u1_0.phone,
        u1_0.points,
        u1_0.remaining_visits,
        u1_0.total_visits,
        u1_0.updated_at 
    from
        users u1_0 
    where
        u1_0.id=?
2026-01-15 00:36:22.314 - 
    select
        po1_0.id,
        po1_0.card_end_date,
        po1_0.card_start_date,
        po1_0.created_at,
        po1_0.order_no,
        po1_0.package_id,
        po1_0.package_name,
        po1_0.payment_method,
        po1_0.payment_time,
        po1_0.price,
        po1_0.status,
        po1_0.transaction_type,
        po1_0.updated_at,
        po1_0.user_id 
    from
        payment_orders po1_0 
    where
        po1_0.user_id=?
2026-01-15 00:36:22.317 - 
    select
        po1_0.id,
        po1_0.card_end_date,
        po1_0.card_start_date,
        po1_0.created_at,
        po1_0.order_no,
        po1_0.package_id,
        po1_0.package_name,
        po1_0.payment_method,
        po1_0.payment_time,
        po1_0.price,
        po1_0.status,
        po1_0.transaction_type,
        po1_0.updated_at,
        po1_0.user_id 
    from
        payment_orders po1_0 
    where
        po1_0.user_id=? 
        and po1_0.status=?
2026-01-15 00:36:22.326 - 
    select
        u1_0.id,
        u1_0.avatar_url,
        u1_0.created_at,
        u1_0.last_login_time,
        u1_0.member_expire_time,
        u1_0.member_level,
        u1_0.nickname,
        u1_0.openid,
        u1_0.phone,
        u1_0.points,
        u1_0.remaining_visits,
        u1_0.total_visits,
        u1_0.updated_at 
    from
        users u1_0 
    where
        u1_0.id=?
2026-01-15 00:36:22.326 - 
    select
        po1_0.id,
        po1_0.card_end_date,
        po1_0.card_start_date,
        po1_0.created_at,
        po1_0.order_no,
        po1_0.package_id,
        po1_0.package_name,
        po1_0.payment_method,
        po1_0.payment_time,
        po1_0.price,
        po1_0.status,
        po1_0.transaction_type,
        po1_0.updated_at,
        po1_0.user_id 
    from
        payment_orders po1_0 
    where
        po1_0.user_id=?
2026-01-15 00:36:22.329 - 
    select
        po1_0.id,
        po1_0.card_end_date,
        po1_0.card_start_date,
        po1_0.created_at,
        po1_0.order_no,
        po1_0.package_id,
        po1_0.package_name,
        po1_0.payment_method,
        po1_0.payment_time,
        po1_0.price,
        po1_0.status,
        po1_0.transaction_type,
        po1_0.updated_at,
        po1_0.user_id 
    from
        payment_orders po1_0 
    where
        po1_0.user_id=? 
        and po1_0.status=?
2026-01-15 00:39:27.227 - 
    select
        mp1_0.id,
        mp1_0.avg_price_per_time,
        mp1_0.badge,
        mp1_0.category,
        mp1_0.code,
        mp1_0.description,
        mp1_0.features,
        mp1_0.is_active,
        mp1_0.name,
        mp1_0.people,
        mp1_0.price,
        mp1_0.sort_order,
        mp1_0.times_per_person,
        mp1_0.validity_days 
    from
        member_packages mp1_0 
    where
        mp1_0.code=?
2026-01-15 00:39:27.234 - 
    select
        mp1_0.id,
        mp1_0.avg_price_per_time,
        mp1_0.badge,
        mp1_0.category,
        mp1_0.code,
        mp1_0.description,
        mp1_0.features,
        mp1_0.is_active,
        mp1_0.name,
        mp1_0.people,
        mp1_0.price,
        mp1_0.sort_order,
        mp1_0.times_per_person,
        mp1_0.validity_days 
    from
        member_packages mp1_0 
    where
        mp1_0.code=?
2026-01-15 00:39:27.236 - 
    select
        mp1_0.id,
        mp1_0.avg_price_per_time,
        mp1_0.badge,
        mp1_0.category,
        mp1_0.code,
        mp1_0.description,
        mp1_0.features,
        mp1_0.is_active,
        mp1_0.name,
        mp1_0.people,
        mp1_0.price,
        mp1_0.sort_order,
        mp1_0.times_per_person,
        mp1_0.validity_days 
    from
        member_packages mp1_0 
    where
        mp1_0.code=?
2026-01-15 00:39:27.237 - 
    select
        mp1_0.id,
        mp1_0.avg_price_per_time,
        mp1_0.badge,
        mp1_0.category,
        mp1_0.code,
        mp1_0.description,
        mp1_0.features,
        mp1_0.is_active,
        mp1_0.name,
        mp1_0.people,
        mp1_0.price,
        mp1_0.sort_order,
        mp1_0.times_per_person,
        mp1_0.validity_days 
    from
        member_packages mp1_0 
    where
        mp1_0.code=?
2026-01-15 00:39:27.238 - 
    select
        mp1_0.id,
        mp1_0.avg_price_per_time,
        mp1_0.badge,
        mp1_0.category,
        mp1_0.code,
        mp1_0.description,
        mp1_0.features,
        mp1_0.is_active,
        mp1_0.name,
        mp1_0.people,
        mp1_0.price,
        mp1_0.sort_order,
        mp1_0.times_per_person,
        mp1_0.validity_days 
    from
        member_packages mp1_0 
    where
        mp1_0.code=?
2026-01-15 00:39:27.238 - 
    select
        mp1_0.id,
        mp1_0.avg_price_per_time,
        mp1_0.badge,
        mp1_0.category,
        mp1_0.code,
        mp1_0.description,
        mp1_0.features,
        mp1_0.is_active,
        mp1_0.name,
        mp1_0.people,
        mp1_0.price,
        mp1_0.sort_order,
        mp1_0.times_per_person,
        mp1_0.validity_days 
    from
        member_packages mp1_0 
    where
        mp1_0.code=?
2026-01-15 00:39:27.239 - 
    select
        mp1_0.id,
        mp1_0.avg_price_per_time,
        mp1_0.badge,
        mp1_0.category,
        mp1_0.code,
        mp1_0.description,
        mp1_0.features,
        mp1_0.is_active,
        mp1_0.name,
        mp1_0.people,
        mp1_0.price,
        mp1_0.sort_order,
        mp1_0.times_per_person,
        mp1_0.validity_days 
    from
        member_packages mp1_0 
    where
        mp1_0.code=?
2026-01-15 00:39:27.240 - 
    select
        mp1_0.id,
        mp1_0.avg_price_per_time,
        mp1_0.badge,
        mp1_0.category,
        mp1_0.code,
        mp1_0.description,
        mp1_0.features,
        mp1_0.is_active,
        mp1_0.name,
        mp1_0.people,
        mp1_0.price,
        mp1_0.sort_order,
        mp1_0.times_per_person,
        mp1_0.validity_days 
    from
        member_packages mp1_0 
    where
        mp1_0.code=?
2026-01-15 00:39:27.241 - 
    select
        mp1_0.id,
        mp1_0.avg_price_per_time,
        mp1_0.badge,
        mp1_0.category,
        mp1_0.code,
        mp1_0.description,
        mp1_0.features,
        mp1_0.is_active,
        mp1_0.name,
        mp1_0.people,
        mp1_0.price,
        mp1_0.sort_order,
        mp1_0.times_per_person,
        mp1_0.validity_days 
    from
        member_packages mp1_0 
    where
        mp1_0.code=?
2026-01-15 00:39:27.242 - 
    select
        mp1_0.id,
        mp1_0.avg_price_per_time,
        mp1_0.badge,
        mp1_0.category,
        mp1_0.code,
        mp1_0.description,
        mp1_0.features,
        mp1_0.is_active,
        mp1_0.name,
        mp1_0.people,
        mp1_0.price,
        mp1_0.sort_order,
        mp1_0.times_per_person,
        mp1_0.validity_days 
    from
        member_packages mp1_0 
    where
        mp1_0.code=?
2026-01-15 00:39:30.811 - 
    select
        mp1_0.id,
        mp1_0.avg_price_per_time,
        mp1_0.badge,
        mp1_0.category,
        mp1_0.code,
        mp1_0.description,
        mp1_0.features,
        mp1_0.is_active,
        mp1_0.name,
        mp1_0.people,
        mp1_0.price,
        mp1_0.sort_order,
        mp1_0.times_per_person,
        mp1_0.validity_days 
    from
        member_packages mp1_0 
    where
        mp1_0.category=? 
        and mp1_0.is_active 
    order by
        mp1_0.sort_order
2026-01-15 00:39:30.849 - 
    select
        mp1_0.id,
        mp1_0.avg_price_per_time,
        mp1_0.badge,
        mp1_0.category,
        mp1_0.code,
        mp1_0.description,
        mp1_0.features,
        mp1_0.is_active,
        mp1_0.name,
        mp1_0.people,
        mp1_0.price,
        mp1_0.sort_order,
        mp1_0.times_per_person,
        mp1_0.validity_days 
    from
        member_packages mp1_0 
    where
        mp1_0.category=? 
        and mp1_0.is_active 
    order by
        mp1_0.sort_order
2026-01-15 00:39:31.859 - 
    select
        po1_0.id,
        po1_0.card_end_date,
        po1_0.card_start_date,
        po1_0.created_at,
        po1_0.order_no,
        po1_0.package_id,
        po1_0.package_name,
        po1_0.payment_method,
        po1_0.payment_time,
        po1_0.price,
        po1_0.status,
        po1_0.transaction_type,
        po1_0.updated_at,
        po1_0.user_id 
    from
        payment_orders po1_0 
    where
        po1_0.user_id=?
2026-01-15 00:39:35.633 - 
    select
        u1_0.id,
        u1_0.avatar_url,
        u1_0.created_at,
        u1_0.last_login_time,
        u1_0.member_expire_time,
        u1_0.member_level,
        u1_0.nickname,
        u1_0.openid,
        u1_0.phone,
        u1_0.points,
        u1_0.remaining_visits,
        u1_0.total_visits,
        u1_0.updated_at 
    from
        users u1_0 
    where
        u1_0.id=?
2026-01-15 00:39:35.638 - 
    select
        mp1_0.id,
        mp1_0.avg_price_per_time,
        mp1_0.badge,
        mp1_0.category,
        mp1_0.code,
        mp1_0.description,
        mp1_0.features,
        mp1_0.is_active,
        mp1_0.name,
        mp1_0.people,
        mp1_0.price,
        mp1_0.sort_order,
        mp1_0.times_per_person,
        mp1_0.validity_days 
    from
        member_packages mp1_0 
    where
        mp1_0.id=?
2026-01-15 00:39:35.640 - 
    select
        po1_0.id,
        po1_0.card_end_date,
        po1_0.card_start_date,
        po1_0.created_at,
        po1_0.order_no,
        po1_0.package_id,
        po1_0.package_name,
        po1_0.payment_method,
        po1_0.payment_time,
        po1_0.price,
        po1_0.status,
        po1_0.transaction_type,
        po1_0.updated_at,
        po1_0.user_id 
    from
        payment_orders po1_0 
    where
        po1_0.user_id=? 
        and po1_0.status=?
2026-01-15 00:39:35.651 - 
    insert 
    into
        payment_orders
        (card_end_date, card_start_date, created_at, order_no, package_id, package_name, payment_method, payment_time, price, status, transaction_type, updated_at, user_id) 
    values
        (?, ?, ?, ?, ?, ?, ?, ?, ?, ?, ?, ?, ?)
2026-01-15 00:39:35.681 - 
    select
        po1_0.id,
        po1_0.card_end_date,
        po1_0.card_start_date,
        po1_0.created_at,
        po1_0.order_no,
        po1_0.package_id,
        po1_0.package_name,
        po1_0.payment_method,
        po1_0.payment_time,
        po1_0.price,
        po1_0.status,
        po1_0.transaction_type,
        po1_0.updated_at,
        po1_0.user_id 
    from
        payment_orders po1_0 
    where
        po1_0.id=?
2026-01-15 00:39:35.683 - 
    select
        u1_0.id,
        u1_0.avatar_url,
        u1_0.created_at,
        u1_0.last_login_time,
        u1_0.member_expire_time,
        u1_0.member_level,
        u1_0.nickname,
        u1_0.openid,
        u1_0.phone,
        u1_0.points,
        u1_0.remaining_visits,
        u1_0.total_visits,
        u1_0.updated_at 
    from
        users u1_0 
    where
        u1_0.id=?
2026-01-15 00:39:53.079 - 
    select
        po1_0.id,
        po1_0.card_end_date,
        po1_0.card_start_date,
        po1_0.created_at,
        po1_0.order_no,
        po1_0.package_id,
        po1_0.package_name,
        po1_0.payment_method,
        po1_0.payment_time,
        po1_0.price,
        po1_0.status,
        po1_0.transaction_type,
        po1_0.updated_at,
        po1_0.user_id 
    from
        payment_orders po1_0 
    where
        po1_0.id=?
2026-01-15 00:39:53.091 - 
    select
        u1_0.id,
        u1_0.avatar_url,
        u1_0.created_at,
        u1_0.last_login_time,
        u1_0.member_expire_time,
        u1_0.member_level,
        u1_0.nickname,
        u1_0.openid,
        u1_0.phone,
        u1_0.points,
        u1_0.remaining_visits,
        u1_0.total_visits,
        u1_0.updated_at 
    from
        users u1_0 
    where
        u1_0.id=?
2026-01-15 00:39:53.093 - 
    select
        mp1_0.id,
        mp1_0.avg_price_per_time,
        mp1_0.badge,
        mp1_0.category,
        mp1_0.code,
        mp1_0.description,
        mp1_0.features,
        mp1_0.is_active,
        mp1_0.name,
        mp1_0.people,
        mp1_0.price,
        mp1_0.sort_order,
        mp1_0.times_per_person,
        mp1_0.validity_days 
    from
        member_packages mp1_0 
    where
        mp1_0.id=?
2026-01-15 00:39:53.101 - 
    update
        payment_orders 
    set
        card_end_date=?,
        card_start_date=?,
        created_at=?,
        order_no=?,
        package_id=?,
        package_name=?,
        payment_method=?,
        payment_time=?,
        price=?,
        status=?,
        transaction_type=?,
        updated_at=?,
        user_id=? 
    where
        id=?
2026-01-15 00:39:53.104 - 
    update
        users 
    set
        avatar_url=?,
        created_at=?,
        last_login_time=?,
        member_expire_time=?,
        member_level=?,
        nickname=?,
        openid=?,
        phone=?,
        points=?,
        remaining_visits=?,
        total_visits=?,
        updated_at=? 
    where
        id=?
2026-01-15 00:39:55.556 - 
    select
        u1_0.id,
        u1_0.avatar_url,
        u1_0.created_at,
        u1_0.last_login_time,
        u1_0.member_expire_time,
        u1_0.member_level,
        u1_0.nickname,
        u1_0.openid,
        u1_0.phone,
        u1_0.points,
        u1_0.remaining_visits,
        u1_0.total_visits,
        u1_0.updated_at 
    from
        users u1_0 
    where
        u1_0.id=?
2026-01-15 00:39:55.558 - 
    select
        po1_0.id,
        po1_0.card_end_date,
        po1_0.card_start_date,
        po1_0.created_at,
        po1_0.order_no,
        po1_0.package_id,
        po1_0.package_name,
        po1_0.payment_method,
        po1_0.payment_time,
        po1_0.price,
        po1_0.status,
        po1_0.transaction_type,
        po1_0.updated_at,
        po1_0.user_id 
    from
        payment_orders po1_0 
    where
        po1_0.user_id=?
2026-01-15 00:39:55.561 - 
    select
        po1_0.id,
        po1_0.card_end_date,
        po1_0.card_start_date,
        po1_0.created_at,
        po1_0.order_no,
        po1_0.package_id,
        po1_0.package_name,
        po1_0.payment_method,
        po1_0.payment_time,
        po1_0.price,
        po1_0.status,
        po1_0.transaction_type,
        po1_0.updated_at,
        po1_0.user_id 
    from
        payment_orders po1_0 
    where
        po1_0.user_id=? 
        and po1_0.status=?
2026-01-15 00:39:55.568 - 
    select
        po1_0.id,
        po1_0.card_end_date,
        po1_0.card_start_date,
        po1_0.created_at,
        po1_0.order_no,
        po1_0.package_id,
        po1_0.package_name,
        po1_0.payment_method,
        po1_0.payment_time,
        po1_0.price,
        po1_0.status,
        po1_0.transaction_type,
        po1_0.updated_at,
        po1_0.user_id 
    from
        payment_orders po1_0 
    where
        po1_0.user_id=?
2026-01-15 00:39:55.569 - 
    select
        u1_0.id,
        u1_0.avatar_url,
        u1_0.created_at,
        u1_0.last_login_time,
        u1_0.member_expire_time,
        u1_0.member_level,
        u1_0.nickname,
        u1_0.openid,
        u1_0.phone,
        u1_0.points,
        u1_0.remaining_visits,
        u1_0.total_visits,
        u1_0.updated_at 
    from
        users u1_0 
    where
        u1_0.id=?
2026-01-15 00:39:55.573 - 
    select
        po1_0.id,
        po1_0.card_end_date,
        po1_0.card_start_date,
        po1_0.created_at,
        po1_0.order_no,
        po1_0.package_id,
        po1_0.package_name,
        po1_0.payment_method,
        po1_0.payment_time,
        po1_0.price,
        po1_0.status,
        po1_0.transaction_type,
        po1_0.updated_at,
        po1_0.user_id 
    from
        payment_orders po1_0 
    where
        po1_0.user_id=? 
        and po1_0.status=?
2026-01-15 00:40:03.266 - 
    select
        mp1_0.id,
        mp1_0.avg_price_per_time,
        mp1_0.badge,
        mp1_0.category,
        mp1_0.code,
        mp1_0.description,
        mp1_0.features,
        mp1_0.is_active,
        mp1_0.name,
        mp1_0.people,
        mp1_0.price,
        mp1_0.sort_order,
        mp1_0.times_per_person,
        mp1_0.validity_days 
    from
        member_packages mp1_0 
    where
        mp1_0.category=? 
        and mp1_0.is_active 
    order by
        mp1_0.sort_order
2026-01-15 00:40:03.280 - 
    select
        mp1_0.id,
        mp1_0.avg_price_per_time,
        mp1_0.badge,
        mp1_0.category,
        mp1_0.code,
        mp1_0.description,
        mp1_0.features,
        mp1_0.is_active,
        mp1_0.name,
        mp1_0.people,
        mp1_0.price,
        mp1_0.sort_order,
        mp1_0.times_per_person,
        mp1_0.validity_days 
    from
        member_packages mp1_0 
    where
        mp1_0.category=? 
        and mp1_0.is_active 
    order by
        mp1_0.sort_order
2026-01-15 00:40:05.833 - 
    select
        u1_0.id,
        u1_0.avatar_url,
        u1_0.created_at,
        u1_0.last_login_time,
        u1_0.member_expire_time,
        u1_0.member_level,
        u1_0.nickname,
        u1_0.openid,
        u1_0.phone,
        u1_0.points,
        u1_0.remaining_visits,
        u1_0.total_visits,
        u1_0.updated_at 
    from
        users u1_0 
    where
        u1_0.id=?
2026-01-15 00:40:05.835 - 
    select
        po1_0.id,
        po1_0.card_end_date,
        po1_0.card_start_date,
        po1_0.created_at,
        po1_0.order_no,
        po1_0.package_id,
        po1_0.package_name,
        po1_0.payment_method,
        po1_0.payment_time,
        po1_0.price,
        po1_0.status,
        po1_0.transaction_type,
        po1_0.updated_at,
        po1_0.user_id 
    from
        payment_orders po1_0 
    where
        po1_0.user_id=?
2026-01-15 00:40:05.837 - 
    select
        po1_0.id,
        po1_0.card_end_date,
        po1_0.card_start_date,
        po1_0.created_at,
        po1_0.order_no,
        po1_0.package_id,
        po1_0.package_name,
        po1_0.payment_method,
        po1_0.payment_time,
        po1_0.price,
        po1_0.status,
        po1_0.transaction_type,
        po1_0.updated_at,
        po1_0.user_id 
    from
        payment_orders po1_0 
    where
        po1_0.user_id=? 
        and po1_0.status=?
2026-01-15 00:40:05.843 - 
    select
        po1_0.id,
        po1_0.card_end_date,
        po1_0.card_start_date,
        po1_0.created_at,
        po1_0.order_no,
        po1_0.package_id,
        po1_0.package_name,
        po1_0.payment_method,
        po1_0.payment_time,
        po1_0.price,
        po1_0.status,
        po1_0.transaction_type,
        po1_0.updated_at,
        po1_0.user_id 
    from
        payment_orders po1_0 
    where
        po1_0.user_id=?
2026-01-15 00:40:05.845 - 
    select
        u1_0.id,
        u1_0.avatar_url,
        u1_0.created_at,
        u1_0.last_login_time,
        u1_0.member_expire_time,
        u1_0.member_level,
        u1_0.nickname,
        u1_0.openid,
        u1_0.phone,
        u1_0.points,
        u1_0.remaining_visits,
        u1_0.total_visits,
        u1_0.updated_at 
    from
        users u1_0 
    where
        u1_0.id=?
2026-01-15 00:40:05.848 - 
    select
        po1_0.id,
        po1_0.card_end_date,
        po1_0.card_start_date,
        po1_0.created_at,
        po1_0.order_no,
        po1_0.package_id,
        po1_0.package_name,
        po1_0.payment_method,
        po1_0.payment_time,
        po1_0.price,
        po1_0.status,
        po1_0.transaction_type,
        po1_0.updated_at,
        po1_0.user_id 
    from
        payment_orders po1_0 
    where
        po1_0.user_id=? 
        and po1_0.status=?
2026-01-15 00:40:07.119 - 
    select
        mp1_0.id,
        mp1_0.avg_price_per_time,
        mp1_0.badge,
        mp1_0.category,
        mp1_0.code,
        mp1_0.description,
        mp1_0.features,
        mp1_0.is_active,
        mp1_0.name,
        mp1_0.people,
        mp1_0.price,
        mp1_0.sort_order,
        mp1_0.times_per_person,
        mp1_0.validity_days 
    from
        member_packages mp1_0 
    where
        mp1_0.category=? 
        and mp1_0.is_active 
    order by
        mp1_0.sort_order
2026-01-15 00:40:07.128 - 
    select
        mp1_0.id,
        mp1_0.avg_price_per_time,
        mp1_0.badge,
        mp1_0.category,
        mp1_0.code,
        mp1_0.description,
        mp1_0.features,
        mp1_0.is_active,
        mp1_0.name,
        mp1_0.people,
        mp1_0.price,
        mp1_0.sort_order,
        mp1_0.times_per_person,
        mp1_0.validity_days 
    from
        member_packages mp1_0 
    where
        mp1_0.category=? 
        and mp1_0.is_active 
    order by
        mp1_0.sort_order
2026-01-15 00:40:08.089 - 
    select
        po1_0.id,
        po1_0.card_end_date,
        po1_0.card_start_date,
        po1_0.created_at,
        po1_0.order_no,
        po1_0.package_id,
        po1_0.package_name,
        po1_0.payment_method,
        po1_0.payment_time,
        po1_0.price,
        po1_0.status,
        po1_0.transaction_type,
        po1_0.updated_at,
        po1_0.user_id 
    from
        payment_orders po1_0 
    where
        po1_0.user_id=?
2026-01-15 00:40:08.104 - 
    select
        u1_0.id,
        u1_0.avatar_url,
        u1_0.created_at,
        u1_0.last_login_time,
        u1_0.member_expire_time,
        u1_0.member_level,
        u1_0.nickname,
        u1_0.openid,
        u1_0.phone,
        u1_0.points,
        u1_0.remaining_visits,
        u1_0.total_visits,
        u1_0.updated_at 
    from
        users u1_0 
    where
        u1_0.id=?
2026-01-15 00:40:08.108 - 
    select
        po1_0.id,
        po1_0.card_end_date,
        po1_0.card_start_date,
        po1_0.created_at,
        po1_0.order_no,
        po1_0.package_id,
        po1_0.package_name,
        po1_0.payment_method,
        po1_0.payment_time,
        po1_0.price,
        po1_0.status,
        po1_0.transaction_type,
        po1_0.updated_at,
        po1_0.user_id 
    from
        payment_orders po1_0 
    where
        po1_0.user_id=? 
        and po1_0.status=?
2026-01-15 00:40:17.542 - 
    select
        po1_0.id,
        po1_0.card_end_date,
        po1_0.card_start_date,
        po1_0.created_at,
        po1_0.order_no,
        po1_0.package_id,
        po1_0.package_name,
        po1_0.payment_method,
        po1_0.payment_time,
        po1_0.price,
        po1_0.status,
        po1_0.transaction_type,
        po1_0.updated_at,
        po1_0.user_id 
    from
        payment_orders po1_0 
    where
        po1_0.user_id=?
2026-01-15 00:40:17.561 - 
    select
        u1_0.id,
        u1_0.avatar_url,
        u1_0.created_at,
        u1_0.last_login_time,
        u1_0.member_expire_time,
        u1_0.member_level,
        u1_0.nickname,
        u1_0.openid,
        u1_0.phone,
        u1_0.points,
        u1_0.remaining_visits,
        u1_0.total_visits,
        u1_0.updated_at 
    from
        users u1_0 
    where
        u1_0.id=?
2026-01-15 00:40:17.564 - 
    select
        po1_0.id,
        po1_0.card_end_date,
        po1_0.card_start_date,
        po1_0.created_at,
        po1_0.order_no,
        po1_0.package_id,
        po1_0.package_name,
        po1_0.payment_method,
        po1_0.payment_time,
        po1_0.price,
        po1_0.status,
        po1_0.transaction_type,
        po1_0.updated_at,
        po1_0.user_id 
    from
        payment_orders po1_0 
    where
        po1_0.user_id=? 
        and po1_0.status=?
2026-01-15 00:40:22.325 - 
    select
        u1_0.id,
        u1_0.avatar_url,
        u1_0.created_at,
        u1_0.last_login_time,
        u1_0.member_expire_time,
        u1_0.member_level,
        u1_0.nickname,
        u1_0.openid,
        u1_0.phone,
        u1_0.points,
        u1_0.remaining_visits,
        u1_0.total_visits,
        u1_0.updated_at 
    from
        users u1_0 
    where
        u1_0.id=?
2026-01-15 00:40:22.328 - 
    select
        mp1_0.id,
        mp1_0.avg_price_per_time,
        mp1_0.badge,
        mp1_0.category,
        mp1_0.code,
        mp1_0.description,
        mp1_0.features,
        mp1_0.is_active,
        mp1_0.name,
        mp1_0.people,
        mp1_0.price,
        mp1_0.sort_order,
        mp1_0.times_per_person,
        mp1_0.validity_days 
    from
        member_packages mp1_0 
    where
        mp1_0.id=?
2026-01-15 00:40:22.331 - 
    select
        po1_0.id,
        po1_0.card_end_date,
        po1_0.card_start_date,
        po1_0.created_at,
        po1_0.order_no,
        po1_0.package_id,
        po1_0.package_name,
        po1_0.payment_method,
        po1_0.payment_time,
        po1_0.price,
        po1_0.status,
        po1_0.transaction_type,
        po1_0.updated_at,
        po1_0.user_id 
    from
        payment_orders po1_0 
    where
        po1_0.user_id=? 
        and po1_0.status=?
2026-01-15 00:40:22.335 - 
    insert 
    into
        payment_orders
        (card_end_date, card_start_date, created_at, order_no, package_id, package_name, payment_method, payment_time, price, status, transaction_type, updated_at, user_id) 
    values
        (?, ?, ?, ?, ?, ?, ?, ?, ?, ?, ?, ?, ?)
2026-01-15 00:40:22.353 - 
    select
        po1_0.id,
        po1_0.card_end_date,
        po1_0.card_start_date,
        po1_0.created_at,
        po1_0.order_no,
        po1_0.package_id,
        po1_0.package_name,
        po1_0.payment_method,
        po1_0.payment_time,
        po1_0.price,
        po1_0.status,
        po1_0.transaction_type,
        po1_0.updated_at,
        po1_0.user_id 
    from
        payment_orders po1_0 
    where
        po1_0.id=?
2026-01-15 00:40:22.355 - 
    select
        u1_0.id,
        u1_0.avatar_url,
        u1_0.created_at,
        u1_0.last_login_time,
        u1_0.member_expire_time,
        u1_0.member_level,
        u1_0.nickname,
        u1_0.openid,
        u1_0.phone,
        u1_0.points,
        u1_0.remaining_visits,
        u1_0.total_visits,
        u1_0.updated_at 
    from
        users u1_0 
    where
        u1_0.id=?
2026-01-15 00:40:34.923 - 
    select
        po1_0.id,
        po1_0.card_end_date,
        po1_0.card_start_date,
        po1_0.created_at,
        po1_0.order_no,
        po1_0.package_id,
        po1_0.package_name,
        po1_0.payment_method,
        po1_0.payment_time,
        po1_0.price,
        po1_0.status,
        po1_0.transaction_type,
        po1_0.updated_at,
        po1_0.user_id 
    from
        payment_orders po1_0 
    where
        po1_0.id=?
2026-01-15 00:40:34.928 - 
    select
        u1_0.id,
        u1_0.avatar_url,
        u1_0.created_at,
        u1_0.last_login_time,
        u1_0.member_expire_time,
        u1_0.member_level,
        u1_0.nickname,
        u1_0.openid,
        u1_0.phone,
        u1_0.points,
        u1_0.remaining_visits,
        u1_0.total_visits,
        u1_0.updated_at 
    from
        users u1_0 
    where
        u1_0.id=?
2026-01-15 00:40:34.930 - 
    select
        mp1_0.id,
        mp1_0.avg_price_per_time,
        mp1_0.badge,
        mp1_0.category,
        mp1_0.code,
        mp1_0.description,
        mp1_0.features,
        mp1_0.is_active,
        mp1_0.name,
        mp1_0.people,
        mp1_0.price,
        mp1_0.sort_order,
        mp1_0.times_per_person,
        mp1_0.validity_days 
    from
        member_packages mp1_0 
    where
        mp1_0.id=?
2026-01-15 00:40:34.934 - 
    update
        payment_orders 
    set
        card_end_date=?,
        card_start_date=?,
        created_at=?,
        order_no=?,
        package_id=?,
        package_name=?,
        payment_method=?,
        payment_time=?,
        price=?,
        status=?,
        transaction_type=?,
        updated_at=?,
        user_id=? 
    where
        id=?
2026-01-15 00:40:34.936 - 
    update
        users 
    set
        avatar_url=?,
        created_at=?,
        last_login_time=?,
        member_expire_time=?,
        member_level=?,
        nickname=?,
        openid=?,
        phone=?,
        points=?,
        remaining_visits=?,
        total_visits=?,
        updated_at=? 
    where
        id=?
2026-01-15 00:40:37.507 - 
    select
        u1_0.id,
        u1_0.avatar_url,
        u1_0.created_at,
        u1_0.last_login_time,
        u1_0.member_expire_time,
        u1_0.member_level,
        u1_0.nickname,
        u1_0.openid,
        u1_0.phone,
        u1_0.points,
        u1_0.remaining_visits,
        u1_0.total_visits,
        u1_0.updated_at 
    from
        users u1_0 
    where
        u1_0.id=?
2026-01-15 00:40:37.507 - 
    select
        po1_0.id,
        po1_0.card_end_date,
        po1_0.card_start_date,
        po1_0.created_at,
        po1_0.order_no,
        po1_0.package_id,
        po1_0.package_name,
        po1_0.payment_method,
        po1_0.payment_time,
        po1_0.price,
        po1_0.status,
        po1_0.transaction_type,
        po1_0.updated_at,
        po1_0.user_id 
    from
        payment_orders po1_0 
    where
        po1_0.user_id=?
2026-01-15 00:40:37.511 - 
    select
        po1_0.id,
        po1_0.card_end_date,
        po1_0.card_start_date,
        po1_0.created_at,
        po1_0.order_no,
        po1_0.package_id,
        po1_0.package_name,
        po1_0.payment_method,
        po1_0.payment_time,
        po1_0.price,
        po1_0.status,
        po1_0.transaction_type,
        po1_0.updated_at,
        po1_0.user_id 
    from
        payment_orders po1_0 
    where
        po1_0.user_id=? 
        and po1_0.status=?
2026-01-15 00:40:37.518 - 
    select
        po1_0.id,
        po1_0.card_end_date,
        po1_0.card_start_date,
        po1_0.created_at,
        po1_0.order_no,
        po1_0.package_id,
        po1_0.package_name,
        po1_0.payment_method,
        po1_0.payment_time,
        po1_0.price,
        po1_0.status,
        po1_0.transaction_type,
        po1_0.updated_at,
        po1_0.user_id 
    from
        payment_orders po1_0 
    where
        po1_0.user_id=?
2026-01-15 00:40:37.520 - 
    select
        u1_0.id,
        u1_0.avatar_url,
        u1_0.created_at,
        u1_0.last_login_time,
        u1_0.member_expire_time,
        u1_0.member_level,
        u1_0.nickname,
        u1_0.openid,
        u1_0.phone,
        u1_0.points,
        u1_0.remaining_visits,
        u1_0.total_visits,
        u1_0.updated_at 
    from
        users u1_0 
    where
        u1_0.id=?
2026-01-15 00:40:37.524 - 
    select
        po1_0.id,
        po1_0.card_end_date,
        po1_0.card_start_date,
        po1_0.created_at,
        po1_0.order_no,
        po1_0.package_id,
        po1_0.package_name,
        po1_0.payment_method,
        po1_0.payment_time,
        po1_0.price,
        po1_0.status,
        po1_0.transaction_type,
        po1_0.updated_at,
        po1_0.user_id 
    from
        payment_orders po1_0 
    where
        po1_0.user_id=? 
        and po1_0.status=?
2026-01-15 00:40:46.655 - 
    select
        mp1_0.id,
        mp1_0.avg_price_per_time,
        mp1_0.badge,
        mp1_0.category,
        mp1_0.code,
        mp1_0.description,
        mp1_0.features,
        mp1_0.is_active,
        mp1_0.name,
        mp1_0.people,
        mp1_0.price,
        mp1_0.sort_order,
        mp1_0.times_per_person,
        mp1_0.validity_days 
    from
        member_packages mp1_0 
    where
        mp1_0.is_active 
    order by
        mp1_0.sort_order
2026-01-15 00:40:48.555 - 
    select
        mp1_0.id,
        mp1_0.avg_price_per_time,
        mp1_0.badge,
        mp1_0.category,
        mp1_0.code,
        mp1_0.description,
        mp1_0.features,
        mp1_0.is_active,
        mp1_0.name,
        mp1_0.people,
        mp1_0.price,
        mp1_0.sort_order,
        mp1_0.times_per_person,
        mp1_0.validity_days 
    from
        member_packages mp1_0 
    where
        mp1_0.category=? 
        and mp1_0.is_active 
    order by
        mp1_0.sort_order
2026-01-15 00:40:48.562 - 
    select
        mp1_0.id,
        mp1_0.avg_price_per_time,
        mp1_0.badge,
        mp1_0.category,
        mp1_0.code,
        mp1_0.description,
        mp1_0.features,
        mp1_0.is_active,
        mp1_0.name,
        mp1_0.people,
        mp1_0.price,
        mp1_0.sort_order,
        mp1_0.times_per_person,
        mp1_0.validity_days 
    from
        member_packages mp1_0 
    where
        mp1_0.category=? 
        and mp1_0.is_active 
    order by
        mp1_0.sort_order
2026-01-15 00:40:52.193 - 
    select
        po1_0.id,
        po1_0.card_end_date,
        po1_0.card_start_date,
        po1_0.created_at,
        po1_0.order_no,
        po1_0.package_id,
        po1_0.package_name,
        po1_0.payment_method,
        po1_0.payment_time,
        po1_0.price,
        po1_0.status,
        po1_0.transaction_type,
        po1_0.updated_at,
        po1_0.user_id 
    from
        payment_orders po1_0 
    where
        po1_0.user_id=?
2026-01-15 00:40:52.219 - 
    select
        u1_0.id,
        u1_0.avatar_url,
        u1_0.created_at,
        u1_0.last_login_time,
        u1_0.member_expire_time,
        u1_0.member_level,
        u1_0.nickname,
        u1_0.openid,
        u1_0.phone,
        u1_0.points,
        u1_0.remaining_visits,
        u1_0.total_visits,
        u1_0.updated_at 
    from
        users u1_0 
    where
        u1_0.id=?
2026-01-15 00:40:52.223 - 
    select
        po1_0.id,
        po1_0.card_end_date,
        po1_0.card_start_date,
        po1_0.created_at,
        po1_0.order_no,
        po1_0.package_id,
        po1_0.package_name,
        po1_0.payment_method,
        po1_0.payment_time,
        po1_0.price,
        po1_0.status,
        po1_0.transaction_type,
        po1_0.updated_at,
        po1_0.user_id 
    from
        payment_orders po1_0 
    where
        po1_0.user_id=? 
        and po1_0.status=?
2026-01-15 00:40:56.564 - 
    select
        po1_0.id,
        po1_0.card_end_date,
        po1_0.card_start_date,
        po1_0.created_at,
        po1_0.order_no,
        po1_0.package_id,
        po1_0.package_name,
        po1_0.payment_method,
        po1_0.payment_time,
        po1_0.price,
        po1_0.status,
        po1_0.transaction_type,
        po1_0.updated_at,
        po1_0.user_id 
    from
        payment_orders po1_0 
    where
        po1_0.user_id=?
2026-01-15 00:40:56.580 - 
    select
        u1_0.id,
        u1_0.avatar_url,
        u1_0.created_at,
        u1_0.last_login_time,
        u1_0.member_expire_time,
        u1_0.member_level,
        u1_0.nickname,
        u1_0.openid,
        u1_0.phone,
        u1_0.points,
        u1_0.remaining_visits,
        u1_0.total_visits,
        u1_0.updated_at 
    from
        users u1_0 
    where
        u1_0.id=?
2026-01-15 00:40:56.583 - 
    select
        po1_0.id,
        po1_0.card_end_date,
        po1_0.card_start_date,
        po1_0.created_at,
        po1_0.order_no,
        po1_0.package_id,
        po1_0.package_name,
        po1_0.payment_method,
        po1_0.payment_time,
        po1_0.price,
        po1_0.status,
        po1_0.transaction_type,
        po1_0.updated_at,
        po1_0.user_id 
    from
        payment_orders po1_0 
    where
        po1_0.user_id=? 
        and po1_0.status=?
2026-01-15 00:41:00.651 - 
    select
        po1_0.id,
        po1_0.card_end_date,
        po1_0.card_start_date,
        po1_0.created_at,
        po1_0.order_no,
        po1_0.package_id,
        po1_0.package_name,
        po1_0.payment_method,
        po1_0.payment_time,
        po1_0.price,
        po1_0.status,
        po1_0.transaction_type,
        po1_0.updated_at,
        po1_0.user_id 
    from
        payment_orders po1_0 
    where
        po1_0.user_id=?
2026-01-15 00:41:00.669 - 
    select
        u1_0.id,
        u1_0.avatar_url,
        u1_0.created_at,
        u1_0.last_login_time,
        u1_0.member_expire_time,
        u1_0.member_level,
        u1_0.nickname,
        u1_0.openid,
        u1_0.phone,
        u1_0.points,
        u1_0.remaining_visits,
        u1_0.total_visits,
        u1_0.updated_at 
    from
        users u1_0 
    where
        u1_0.id=?
2026-01-15 00:41:00.678 - 
    select
        po1_0.id,
        po1_0.card_end_date,
        po1_0.card_start_date,
        po1_0.created_at,
        po1_0.order_no,
        po1_0.package_id,
        po1_0.package_name,
        po1_0.payment_method,
        po1_0.payment_time,
        po1_0.price,
        po1_0.status,
        po1_0.transaction_type,
        po1_0.updated_at,
        po1_0.user_id 
    from
        payment_orders po1_0 
    where
        po1_0.user_id=? 
        and po1_0.status=?
2026-01-15 00:42:01.483 - 
    select
        po1_0.id,
        po1_0.card_end_date,
        po1_0.card_start_date,
        po1_0.created_at,
        po1_0.order_no,
        po1_0.package_id,
        po1_0.package_name,
        po1_0.payment_method,
        po1_0.payment_time,
        po1_0.price,
        po1_0.status,
        po1_0.transaction_type,
        po1_0.updated_at,
        po1_0.user_id 
    from
        payment_orders po1_0 
    where
        po1_0.user_id=?
2026-01-15 00:42:01.507 - 
    select
        u1_0.id,
        u1_0.avatar_url,
        u1_0.created_at,
        u1_0.last_login_time,
        u1_0.member_expire_time,
        u1_0.member_level,
        u1_0.nickname,
        u1_0.openid,
        u1_0.phone,
        u1_0.points,
        u1_0.remaining_visits,
        u1_0.total_visits,
        u1_0.updated_at 
    from
        users u1_0 
    where
        u1_0.id=?
2026-01-15 00:42:01.510 - 
    select
        po1_0.id,
        po1_0.card_end_date,
        po1_0.card_start_date,
        po1_0.created_at,
        po1_0.order_no,
        po1_0.package_id,
        po1_0.package_name,
        po1_0.payment_method,
        po1_0.payment_time,
        po1_0.price,
        po1_0.status,
        po1_0.transaction_type,
        po1_0.updated_at,
        po1_0.user_id 
    from
        payment_orders po1_0 
    where
        po1_0.user_id=? 
        and po1_0.status=?
2026-01-15 00:42:04.765 - 
    select
        po1_0.id,
        po1_0.card_end_date,
        po1_0.card_start_date,
        po1_0.created_at,
        po1_0.order_no,
        po1_0.package_id,
        po1_0.package_name,
        po1_0.payment_method,
        po1_0.payment_time,
        po1_0.price,
        po1_0.status,
        po1_0.transaction_type,
        po1_0.updated_at,
        po1_0.user_id 
    from
        payment_orders po1_0 
    where
        po1_0.user_id=?
2026-01-15 00:42:04.788 - 
    select
        u1_0.id,
        u1_0.avatar_url,
        u1_0.created_at,
        u1_0.last_login_time,
        u1_0.member_expire_time,
        u1_0.member_level,
        u1_0.nickname,
        u1_0.openid,
        u1_0.phone,
        u1_0.points,
        u1_0.remaining_visits,
        u1_0.total_visits,
        u1_0.updated_at 
    from
        users u1_0 
    where
        u1_0.id=?
2026-01-15 00:42:04.793 - 
    select
        po1_0.id,
        po1_0.card_end_date,
        po1_0.card_start_date,
        po1_0.created_at,
        po1_0.order_no,
        po1_0.package_id,
        po1_0.package_name,
        po1_0.payment_method,
        po1_0.payment_time,
        po1_0.price,
        po1_0.status,
        po1_0.transaction_type,
        po1_0.updated_at,
        po1_0.user_id 
    from
        payment_orders po1_0 
    where
        po1_0.user_id=? 
        and po1_0.status=?
2026-01-15 00:42:45.920 - 
    select
        mp1_0.id,
        mp1_0.avg_price_per_time,
        mp1_0.badge,
        mp1_0.category,
        mp1_0.code,
        mp1_0.description,
        mp1_0.features,
        mp1_0.is_active,
        mp1_0.name,
        mp1_0.people,
        mp1_0.price,
        mp1_0.sort_order,
        mp1_0.times_per_person,
        mp1_0.validity_days 
    from
        member_packages mp1_0 
    where
        mp1_0.is_active 
    order by
        mp1_0.sort_order
2026-01-15 00:46:54.054 - 
    select
        mp1_0.id,
        mp1_0.avg_price_per_time,
        mp1_0.badge,
        mp1_0.category,
        mp1_0.code,
        mp1_0.description,
        mp1_0.features,
        mp1_0.is_active,
        mp1_0.name,
        mp1_0.people,
        mp1_0.price,
        mp1_0.sort_order,
        mp1_0.times_per_person,
        mp1_0.validity_days 
    from
        member_packages mp1_0 
    where
        mp1_0.category=? 
        and mp1_0.is_active 
    order by
        mp1_0.sort_order
2026-01-15 00:46:54.092 - 
    select
        mp1_0.id,
        mp1_0.avg_price_per_time,
        mp1_0.badge,
        mp1_0.category,
        mp1_0.code,
        mp1_0.description,
        mp1_0.features,
        mp1_0.is_active,
        mp1_0.name,
        mp1_0.people,
        mp1_0.price,
        mp1_0.sort_order,
        mp1_0.times_per_person,
        mp1_0.validity_days 
    from
        member_packages mp1_0 
    where
        mp1_0.category=? 
        and mp1_0.is_active 
    order by
        mp1_0.sort_order
2026-01-15 00:46:55.850 - 
    select
        po1_0.id,
        po1_0.card_end_date,
        po1_0.card_start_date,
        po1_0.created_at,
        po1_0.order_no,
        po1_0.package_id,
        po1_0.package_name,
        po1_0.payment_method,
        po1_0.payment_time,
        po1_0.price,
        po1_0.status,
        po1_0.transaction_type,
        po1_0.updated_at,
        po1_0.user_id 
    from
        payment_orders po1_0 
    where
        po1_0.user_id=?
2026-01-15 00:46:55.873 - 
    select
        u1_0.id,
        u1_0.avatar_url,
        u1_0.created_at,
        u1_0.last_login_time,
        u1_0.member_expire_time,
        u1_0.member_level,
        u1_0.nickname,
        u1_0.openid,
        u1_0.phone,
        u1_0.points,
        u1_0.remaining_visits,
        u1_0.total_visits,
        u1_0.updated_at 
    from
        users u1_0 
    where
        u1_0.id=?
2026-01-15 00:46:55.877 - 
    select
        po1_0.id,
        po1_0.card_end_date,
        po1_0.card_start_date,
        po1_0.created_at,
        po1_0.order_no,
        po1_0.package_id,
        po1_0.package_name,
        po1_0.payment_method,
        po1_0.payment_time,
        po1_0.price,
        po1_0.status,
        po1_0.transaction_type,
        po1_0.updated_at,
        po1_0.user_id 
    from
        payment_orders po1_0 
    where
        po1_0.user_id=? 
        and po1_0.status=?
2026-01-15 00:47:09.109 - 
    select
        po1_0.id,
        po1_0.card_end_date,
        po1_0.card_start_date,
        po1_0.created_at,
        po1_0.order_no,
        po1_0.package_id,
        po1_0.package_name,
        po1_0.payment_method,
        po1_0.payment_time,
        po1_0.price,
        po1_0.status,
        po1_0.transaction_type,
        po1_0.updated_at,
        po1_0.user_id 
    from
        payment_orders po1_0 
    where
        po1_0.user_id=?
2026-01-15 00:47:09.149 - 
    select
        u1_0.id,
        u1_0.avatar_url,
        u1_0.created_at,
        u1_0.last_login_time,
        u1_0.member_expire_time,
        u1_0.member_level,
        u1_0.nickname,
        u1_0.openid,
        u1_0.phone,
        u1_0.points,
        u1_0.remaining_visits,
        u1_0.total_visits,
        u1_0.updated_at 
    from
        users u1_0 
    where
        u1_0.id=?
2026-01-15 00:47:09.152 - 
    select
        po1_0.id,
        po1_0.card_end_date,
        po1_0.card_start_date,
        po1_0.created_at,
        po1_0.order_no,
        po1_0.package_id,
        po1_0.package_name,
        po1_0.payment_method,
        po1_0.payment_time,
        po1_0.price,
        po1_0.status,
        po1_0.transaction_type,
        po1_0.updated_at,
        po1_0.user_id 
    from
        payment_orders po1_0 
    where
        po1_0.user_id=? 
        and po1_0.status=?
2026-01-15 00:50:19.078 - 
    select
        mp1_0.id,
        mp1_0.avg_price_per_time,
        mp1_0.badge,
        mp1_0.category,
        mp1_0.code,
        mp1_0.description,
        mp1_0.features,
        mp1_0.is_active,
        mp1_0.name,
        mp1_0.people,
        mp1_0.price,
        mp1_0.sort_order,
        mp1_0.times_per_person,
        mp1_0.validity_days 
    from
        member_packages mp1_0 
    where
        mp1_0.code=?
2026-01-15 00:50:19.086 - 
    select
        mp1_0.id,
        mp1_0.avg_price_per_time,
        mp1_0.badge,
        mp1_0.category,
        mp1_0.code,
        mp1_0.description,
        mp1_0.features,
        mp1_0.is_active,
        mp1_0.name,
        mp1_0.people,
        mp1_0.price,
        mp1_0.sort_order,
        mp1_0.times_per_person,
        mp1_0.validity_days 
    from
        member_packages mp1_0 
    where
        mp1_0.code=?
2026-01-15 00:50:19.087 - 
    select
        mp1_0.id,
        mp1_0.avg_price_per_time,
        mp1_0.badge,
        mp1_0.category,
        mp1_0.code,
        mp1_0.description,
        mp1_0.features,
        mp1_0.is_active,
        mp1_0.name,
        mp1_0.people,
        mp1_0.price,
        mp1_0.sort_order,
        mp1_0.times_per_person,
        mp1_0.validity_days 
    from
        member_packages mp1_0 
    where
        mp1_0.code=?
2026-01-15 00:50:19.088 - 
    select
        mp1_0.id,
        mp1_0.avg_price_per_time,
        mp1_0.badge,
        mp1_0.category,
        mp1_0.code,
        mp1_0.description,
        mp1_0.features,
        mp1_0.is_active,
        mp1_0.name,
        mp1_0.people,
        mp1_0.price,
        mp1_0.sort_order,
        mp1_0.times_per_person,
        mp1_0.validity_days 
    from
        member_packages mp1_0 
    where
        mp1_0.code=?
2026-01-15 00:50:19.090 - 
    select
        mp1_0.id,
        mp1_0.avg_price_per_time,
        mp1_0.badge,
        mp1_0.category,
        mp1_0.code,
        mp1_0.description,
        mp1_0.features,
        mp1_0.is_active,
        mp1_0.name,
        mp1_0.people,
        mp1_0.price,
        mp1_0.sort_order,
        mp1_0.times_per_person,
        mp1_0.validity_days 
    from
        member_packages mp1_0 
    where
        mp1_0.code=?
2026-01-15 00:50:19.091 - 
    select
        mp1_0.id,
        mp1_0.avg_price_per_time,
        mp1_0.badge,
        mp1_0.category,
        mp1_0.code,
        mp1_0.description,
        mp1_0.features,
        mp1_0.is_active,
        mp1_0.name,
        mp1_0.people,
        mp1_0.price,
        mp1_0.sort_order,
        mp1_0.times_per_person,
        mp1_0.validity_days 
    from
        member_packages mp1_0 
    where
        mp1_0.code=?
2026-01-15 00:50:19.091 - 
    select
        mp1_0.id,
        mp1_0.avg_price_per_time,
        mp1_0.badge,
        mp1_0.category,
        mp1_0.code,
        mp1_0.description,
        mp1_0.features,
        mp1_0.is_active,
        mp1_0.name,
        mp1_0.people,
        mp1_0.price,
        mp1_0.sort_order,
        mp1_0.times_per_person,
        mp1_0.validity_days 
    from
        member_packages mp1_0 
    where
        mp1_0.code=?
2026-01-15 00:50:19.092 - 
    select
        mp1_0.id,
        mp1_0.avg_price_per_time,
        mp1_0.badge,
        mp1_0.category,
        mp1_0.code,
        mp1_0.description,
        mp1_0.features,
        mp1_0.is_active,
        mp1_0.name,
        mp1_0.people,
        mp1_0.price,
        mp1_0.sort_order,
        mp1_0.times_per_person,
        mp1_0.validity_days 
    from
        member_packages mp1_0 
    where
        mp1_0.code=?
2026-01-15 00:50:19.093 - 
    select
        mp1_0.id,
        mp1_0.avg_price_per_time,
        mp1_0.badge,
        mp1_0.category,
        mp1_0.code,
        mp1_0.description,
        mp1_0.features,
        mp1_0.is_active,
        mp1_0.name,
        mp1_0.people,
        mp1_0.price,
        mp1_0.sort_order,
        mp1_0.times_per_person,
        mp1_0.validity_days 
    from
        member_packages mp1_0 
    where
        mp1_0.code=?
2026-01-15 00:50:19.095 - 
    select
        mp1_0.id,
        mp1_0.avg_price_per_time,
        mp1_0.badge,
        mp1_0.category,
        mp1_0.code,
        mp1_0.description,
        mp1_0.features,
        mp1_0.is_active,
        mp1_0.name,
        mp1_0.people,
        mp1_0.price,
        mp1_0.sort_order,
        mp1_0.times_per_person,
        mp1_0.validity_days 
    from
        member_packages mp1_0 
    where
        mp1_0.code=?
2026-01-15 00:50:43.083 - 
    select
        mp1_0.id,
        mp1_0.avg_price_per_time,
        mp1_0.badge,
        mp1_0.category,
        mp1_0.code,
        mp1_0.description,
        mp1_0.features,
        mp1_0.is_active,
        mp1_0.name,
        mp1_0.people,
        mp1_0.price,
        mp1_0.sort_order,
        mp1_0.times_per_person,
        mp1_0.validity_days 
    from
        member_packages mp1_0 
    where
        mp1_0.is_active 
    order by
        mp1_0.sort_order
2026-01-15 00:50:56.616 - 
    select
        mp1_0.id,
        mp1_0.avg_price_per_time,
        mp1_0.badge,
        mp1_0.category,
        mp1_0.code,
        mp1_0.description,
        mp1_0.features,
        mp1_0.is_active,
        mp1_0.name,
        mp1_0.people,
        mp1_0.price,
        mp1_0.sort_order,
        mp1_0.times_per_person,
        mp1_0.validity_days 
    from
        member_packages mp1_0 
    where
        mp1_0.category=? 
        and mp1_0.is_active 
    order by
        mp1_0.sort_order
2026-01-15 00:50:56.622 - 
    select
        mp1_0.id,
        mp1_0.avg_price_per_time,
        mp1_0.badge,
        mp1_0.category,
        mp1_0.code,
        mp1_0.description,
        mp1_0.features,
        mp1_0.is_active,
        mp1_0.name,
        mp1_0.people,
        mp1_0.price,
        mp1_0.sort_order,
        mp1_0.times_per_person,
        mp1_0.validity_days 
    from
        member_packages mp1_0 
    where
        mp1_0.category=? 
        and mp1_0.is_active 
    order by
        mp1_0.sort_order
2026-01-15 00:50:57.682 - 
    select
        po1_0.id,
        po1_0.card_end_date,
        po1_0.card_start_date,
        po1_0.created_at,
        po1_0.order_no,
        po1_0.package_id,
        po1_0.package_name,
        po1_0.payment_method,
        po1_0.payment_time,
        po1_0.price,
        po1_0.status,
        po1_0.transaction_type,
        po1_0.updated_at,
        po1_0.user_id 
    from
        payment_orders po1_0 
    where
        po1_0.user_id=?
2026-01-15 00:51:00.271 - 
    select
        u1_0.id,
        u1_0.avatar_url,
        u1_0.created_at,
        u1_0.last_login_time,
        u1_0.member_expire_time,
        u1_0.member_level,
        u1_0.nickname,
        u1_0.openid,
        u1_0.phone,
        u1_0.points,
        u1_0.remaining_visits,
        u1_0.total_visits,
        u1_0.updated_at 
    from
        users u1_0 
    where
        u1_0.id=?
2026-01-15 00:51:00.276 - 
    select
        mp1_0.id,
        mp1_0.avg_price_per_time,
        mp1_0.badge,
        mp1_0.category,
        mp1_0.code,
        mp1_0.description,
        mp1_0.features,
        mp1_0.is_active,
        mp1_0.name,
        mp1_0.people,
        mp1_0.price,
        mp1_0.sort_order,
        mp1_0.times_per_person,
        mp1_0.validity_days 
    from
        member_packages mp1_0 
    where
        mp1_0.id=?
2026-01-15 00:51:00.278 - 
    select
        po1_0.id,
        po1_0.card_end_date,
        po1_0.card_start_date,
        po1_0.created_at,
        po1_0.order_no,
        po1_0.package_id,
        po1_0.package_name,
        po1_0.payment_method,
        po1_0.payment_time,
        po1_0.price,
        po1_0.status,
        po1_0.transaction_type,
        po1_0.updated_at,
        po1_0.user_id 
    from
        payment_orders po1_0 
    where
        po1_0.user_id=? 
        and po1_0.status=?
2026-01-15 00:51:00.287 - 
    insert 
    into
        payment_orders
        (card_end_date, card_start_date, created_at, order_no, package_id, package_name, payment_method, payment_time, price, status, transaction_type, updated_at, user_id) 
    values
        (?, ?, ?, ?, ?, ?, ?, ?, ?, ?, ?, ?, ?)
2026-01-15 00:51:00.323 - 
    select
        po1_0.id,
        po1_0.card_end_date,
        po1_0.card_start_date,
        po1_0.created_at,
        po1_0.order_no,
        po1_0.package_id,
        po1_0.package_name,
        po1_0.payment_method,
        po1_0.payment_time,
        po1_0.price,
        po1_0.status,
        po1_0.transaction_type,
        po1_0.updated_at,
        po1_0.user_id 
    from
        payment_orders po1_0 
    where
        po1_0.id=?
2026-01-15 00:51:00.325 - 
    select
        u1_0.id,
        u1_0.avatar_url,
        u1_0.created_at,
        u1_0.last_login_time,
        u1_0.member_expire_time,
        u1_0.member_level,
        u1_0.nickname,
        u1_0.openid,
        u1_0.phone,
        u1_0.points,
        u1_0.remaining_visits,
        u1_0.total_visits,
        u1_0.updated_at 
    from
        users u1_0 
    where
        u1_0.id=?
2026-01-15 00:51:12.313 - 
    select
        po1_0.id,
        po1_0.card_end_date,
        po1_0.card_start_date,
        po1_0.created_at,
        po1_0.order_no,
        po1_0.package_id,
        po1_0.package_name,
        po1_0.payment_method,
        po1_0.payment_time,
        po1_0.price,
        po1_0.status,
        po1_0.transaction_type,
        po1_0.updated_at,
        po1_0.user_id 
    from
        payment_orders po1_0 
    where
        po1_0.id=?
2026-01-15 00:51:12.324 - 
    select
        u1_0.id,
        u1_0.avatar_url,
        u1_0.created_at,
        u1_0.last_login_time,
        u1_0.member_expire_time,
        u1_0.member_level,
        u1_0.nickname,
        u1_0.openid,
        u1_0.phone,
        u1_0.points,
        u1_0.remaining_visits,
        u1_0.total_visits,
        u1_0.updated_at 
    from
        users u1_0 
    where
        u1_0.id=?
2026-01-15 00:51:12.328 - 
    select
        mp1_0.id,
        mp1_0.avg_price_per_time,
        mp1_0.badge,
        mp1_0.category,
        mp1_0.code,
        mp1_0.description,
        mp1_0.features,
        mp1_0.is_active,
        mp1_0.name,
        mp1_0.people,
        mp1_0.price,
        mp1_0.sort_order,
        mp1_0.times_per_person,
        mp1_0.validity_days 
    from
        member_packages mp1_0 
    where
        mp1_0.id=?
2026-01-15 00:51:12.341 - 
    update
        payment_orders 
    set
        card_end_date=?,
        card_start_date=?,
        created_at=?,
        order_no=?,
        package_id=?,
        package_name=?,
        payment_method=?,
        payment_time=?,
        price=?,
        status=?,
        transaction_type=?,
        updated_at=?,
        user_id=? 
    where
        id=?
2026-01-15 00:51:12.344 - 
    update
        users 
    set
        avatar_url=?,
        created_at=?,
        last_login_time=?,
        member_expire_time=?,
        member_level=?,
        nickname=?,
        openid=?,
        phone=?,
        points=?,
        remaining_visits=?,
        total_visits=?,
        updated_at=? 
    where
        id=?
2026-01-15 00:51:14.668 - 
    select
        u1_0.id,
        u1_0.avatar_url,
        u1_0.created_at,
        u1_0.last_login_time,
        u1_0.member_expire_time,
        u1_0.member_level,
        u1_0.nickname,
        u1_0.openid,
        u1_0.phone,
        u1_0.points,
        u1_0.remaining_visits,
        u1_0.total_visits,
        u1_0.updated_at 
    from
        users u1_0 
    where
        u1_0.id=?
2026-01-15 00:51:14.680 - 
    select
        po1_0.id,
        po1_0.card_end_date,
        po1_0.card_start_date,
        po1_0.created_at,
        po1_0.order_no,
        po1_0.package_id,
        po1_0.package_name,
        po1_0.payment_method,
        po1_0.payment_time,
        po1_0.price,
        po1_0.status,
        po1_0.transaction_type,
        po1_0.updated_at,
        po1_0.user_id 
    from
        payment_orders po1_0 
    where
        po1_0.user_id=?
2026-01-15 00:51:14.680 - 
    select
        po1_0.id,
        po1_0.card_end_date,
        po1_0.card_start_date,
        po1_0.created_at,
        po1_0.order_no,
        po1_0.package_id,
        po1_0.package_name,
        po1_0.payment_method,
        po1_0.payment_time,
        po1_0.price,
        po1_0.status,
        po1_0.transaction_type,
        po1_0.updated_at,
        po1_0.user_id 
    from
        payment_orders po1_0 
    where
        po1_0.user_id=? 
        and po1_0.status=?
2026-01-15 00:51:14.690 - 
    select
        po1_0.id,
        po1_0.card_end_date,
        po1_0.card_start_date,
        po1_0.created_at,
        po1_0.order_no,
        po1_0.package_id,
        po1_0.package_name,
        po1_0.payment_method,
        po1_0.payment_time,
        po1_0.price,
        po1_0.status,
        po1_0.transaction_type,
        po1_0.updated_at,
        po1_0.user_id 
    from
        payment_orders po1_0 
    where
        po1_0.user_id=?
2026-01-15 00:51:14.691 - 
    select
        u1_0.id,
        u1_0.avatar_url,
        u1_0.created_at,
        u1_0.last_login_time,
        u1_0.member_expire_time,
        u1_0.member_level,
        u1_0.nickname,
        u1_0.openid,
        u1_0.phone,
        u1_0.points,
        u1_0.remaining_visits,
        u1_0.total_visits,
        u1_0.updated_at 
    from
        users u1_0 
    where
        u1_0.id=?
2026-01-15 00:51:14.696 - 
    select
        po1_0.id,
        po1_0.card_end_date,
        po1_0.card_start_date,
        po1_0.created_at,
        po1_0.order_no,
        po1_0.package_id,
        po1_0.package_name,
        po1_0.payment_method,
        po1_0.payment_time,
        po1_0.price,
        po1_0.status,
        po1_0.transaction_type,
        po1_0.updated_at,
        po1_0.user_id 
    from
        payment_orders po1_0 
    where
        po1_0.user_id=? 
        and po1_0.status=?
2026-01-15 00:51:16.817 - 
    select
        mp1_0.id,
        mp1_0.avg_price_per_time,
        mp1_0.badge,
        mp1_0.category,
        mp1_0.code,
        mp1_0.description,
        mp1_0.features,
        mp1_0.is_active,
        mp1_0.name,
        mp1_0.people,
        mp1_0.price,
        mp1_0.sort_order,
        mp1_0.times_per_person,
        mp1_0.validity_days 
    from
        member_packages mp1_0 
    where
        mp1_0.category=? 
        and mp1_0.is_active 
    order by
        mp1_0.sort_order
2026-01-15 00:51:16.827 - 
    select
        mp1_0.id,
        mp1_0.avg_price_per_time,
        mp1_0.badge,
        mp1_0.category,
        mp1_0.code,
        mp1_0.description,
        mp1_0.features,
        mp1_0.is_active,
        mp1_0.name,
        mp1_0.people,
        mp1_0.price,
        mp1_0.sort_order,
        mp1_0.times_per_person,
        mp1_0.validity_days 
    from
        member_packages mp1_0 
    where
        mp1_0.category=? 
        and mp1_0.is_active 
    order by
        mp1_0.sort_order
2026-01-15 00:51:18.166 - 
    select
        po1_0.id,
        po1_0.card_end_date,
        po1_0.card_start_date,
        po1_0.created_at,
        po1_0.order_no,
        po1_0.package_id,
        po1_0.package_name,
        po1_0.payment_method,
        po1_0.payment_time,
        po1_0.price,
        po1_0.status,
        po1_0.transaction_type,
        po1_0.updated_at,
        po1_0.user_id 
    from
        payment_orders po1_0 
    where
        po1_0.user_id=?
2026-01-15 00:51:18.188 - 
    select
        u1_0.id,
        u1_0.avatar_url,
        u1_0.created_at,
        u1_0.last_login_time,
        u1_0.member_expire_time,
        u1_0.member_level,
        u1_0.nickname,
        u1_0.openid,
        u1_0.phone,
        u1_0.points,
        u1_0.remaining_visits,
        u1_0.total_visits,
        u1_0.updated_at 
    from
        users u1_0 
    where
        u1_0.id=?
2026-01-15 00:51:18.191 - 
    select
        po1_0.id,
        po1_0.card_end_date,
        po1_0.card_start_date,
        po1_0.created_at,
        po1_0.order_no,
        po1_0.package_id,
        po1_0.package_name,
        po1_0.payment_method,
        po1_0.payment_time,
        po1_0.price,
        po1_0.status,
        po1_0.transaction_type,
        po1_0.updated_at,
        po1_0.user_id 
    from
        payment_orders po1_0 
    where
        po1_0.user_id=? 
        and po1_0.status=?
2026-01-15 00:51:22.029 - 
    select
        po1_0.id,
        po1_0.card_end_date,
        po1_0.card_start_date,
        po1_0.created_at,
        po1_0.order_no,
        po1_0.package_id,
        po1_0.package_name,
        po1_0.payment_method,
        po1_0.payment_time,
        po1_0.price,
        po1_0.status,
        po1_0.transaction_type,
        po1_0.updated_at,
        po1_0.user_id 
    from
        payment_orders po1_0 
    where
        po1_0.user_id=?
2026-01-15 00:51:23.691 - 
    select
        u1_0.id,
        u1_0.avatar_url,
        u1_0.created_at,
        u1_0.last_login_time,
        u1_0.member_expire_time,
        u1_0.member_level,
        u1_0.nickname,
        u1_0.openid,
        u1_0.phone,
        u1_0.points,
        u1_0.remaining_visits,
        u1_0.total_visits,
        u1_0.updated_at 
    from
        users u1_0 
    where
        u1_0.id=?
2026-01-15 00:51:23.695 - 
    select
        mp1_0.id,
        mp1_0.avg_price_per_time,
        mp1_0.badge,
        mp1_0.category,
        mp1_0.code,
        mp1_0.description,
        mp1_0.features,
        mp1_0.is_active,
        mp1_0.name,
        mp1_0.people,
        mp1_0.price,
        mp1_0.sort_order,
        mp1_0.times_per_person,
        mp1_0.validity_days 
    from
        member_packages mp1_0 
    where
        mp1_0.id=?
2026-01-15 00:51:23.698 - 
    select
        po1_0.id,
        po1_0.card_end_date,
        po1_0.card_start_date,
        po1_0.created_at,
        po1_0.order_no,
        po1_0.package_id,
        po1_0.package_name,
        po1_0.payment_method,
        po1_0.payment_time,
        po1_0.price,
        po1_0.status,
        po1_0.transaction_type,
        po1_0.updated_at,
        po1_0.user_id 
    from
        payment_orders po1_0 
    where
        po1_0.user_id=? 
        and po1_0.status=?
2026-01-15 00:51:23.701 - 
    insert 
    into
        payment_orders
        (card_end_date, card_start_date, created_at, order_no, package_id, package_name, payment_method, payment_time, price, status, transaction_type, updated_at, user_id) 
    values
        (?, ?, ?, ?, ?, ?, ?, ?, ?, ?, ?, ?, ?)
2026-01-15 00:51:23.721 - 
    select
        po1_0.id,
        po1_0.card_end_date,
        po1_0.card_start_date,
        po1_0.created_at,
        po1_0.order_no,
        po1_0.package_id,
        po1_0.package_name,
        po1_0.payment_method,
        po1_0.payment_time,
        po1_0.price,
        po1_0.status,
        po1_0.transaction_type,
        po1_0.updated_at,
        po1_0.user_id 
    from
        payment_orders po1_0 
    where
        po1_0.id=?
2026-01-15 00:51:23.724 - 
    select
        u1_0.id,
        u1_0.avatar_url,
        u1_0.created_at,
        u1_0.last_login_time,
        u1_0.member_expire_time,
        u1_0.member_level,
        u1_0.nickname,
        u1_0.openid,
        u1_0.phone,
        u1_0.points,
        u1_0.remaining_visits,
        u1_0.total_visits,
        u1_0.updated_at 
    from
        users u1_0 
    where
        u1_0.id=?
2026-01-15 00:51:31.191 - 
    select
        po1_0.id,
        po1_0.card_end_date,
        po1_0.card_start_date,
        po1_0.created_at,
        po1_0.order_no,
        po1_0.package_id,
        po1_0.package_name,
        po1_0.payment_method,
        po1_0.payment_time,
        po1_0.price,
        po1_0.status,
        po1_0.transaction_type,
        po1_0.updated_at,
        po1_0.user_id 
    from
        payment_orders po1_0 
    where
        po1_0.id=?
2026-01-15 00:51:31.195 - 
    select
        u1_0.id,
        u1_0.avatar_url,
        u1_0.created_at,
        u1_0.last_login_time,
        u1_0.member_expire_time,
        u1_0.member_level,
        u1_0.nickname,
        u1_0.openid,
        u1_0.phone,
        u1_0.points,
        u1_0.remaining_visits,
        u1_0.total_visits,
        u1_0.updated_at 
    from
        users u1_0 
    where
        u1_0.id=?
2026-01-15 00:51:31.197 - 
    select
        mp1_0.id,
        mp1_0.avg_price_per_time,
        mp1_0.badge,
        mp1_0.category,
        mp1_0.code,
        mp1_0.description,
        mp1_0.features,
        mp1_0.is_active,
        mp1_0.name,
        mp1_0.people,
        mp1_0.price,
        mp1_0.sort_order,
        mp1_0.times_per_person,
        mp1_0.validity_days 
    from
        member_packages mp1_0 
    where
        mp1_0.id=?
2026-01-15 00:51:31.200 - 
    update
        payment_orders 
    set
        card_end_date=?,
        card_start_date=?,
        created_at=?,
        order_no=?,
        package_id=?,
        package_name=?,
        payment_method=?,
        payment_time=?,
        price=?,
        status=?,
        transaction_type=?,
        updated_at=?,
        user_id=? 
    where
        id=?
2026-01-15 00:51:31.201 - 
    update
        users 
    set
        avatar_url=?,
        created_at=?,
        last_login_time=?,
        member_expire_time=?,
        member_level=?,
        nickname=?,
        openid=?,
        phone=?,
        points=?,
        remaining_visits=?,
        total_visits=?,
        updated_at=? 
    where
        id=?
2026-01-15 00:51:33.465 - 
    select
        u1_0.id,
        u1_0.avatar_url,
        u1_0.created_at,
        u1_0.last_login_time,
        u1_0.member_expire_time,
        u1_0.member_level,
        u1_0.nickname,
        u1_0.openid,
        u1_0.phone,
        u1_0.points,
        u1_0.remaining_visits,
        u1_0.total_visits,
        u1_0.updated_at 
    from
        users u1_0 
    where
        u1_0.id=?
2026-01-15 00:51:33.472 - 
    select
        po1_0.id,
        po1_0.card_end_date,
        po1_0.card_start_date,
        po1_0.created_at,
        po1_0.order_no,
        po1_0.package_id,
        po1_0.package_name,
        po1_0.payment_method,
        po1_0.payment_time,
        po1_0.price,
        po1_0.status,
        po1_0.transaction_type,
        po1_0.updated_at,
        po1_0.user_id 
    from
        payment_orders po1_0 
    where
        po1_0.user_id=? 
        and po1_0.status=?
2026-01-15 00:51:33.472 - 
    select
        po1_0.id,
        po1_0.card_end_date,
        po1_0.card_start_date,
        po1_0.created_at,
        po1_0.order_no,
        po1_0.package_id,
        po1_0.package_name,
        po1_0.payment_method,
        po1_0.payment_time,
        po1_0.price,
        po1_0.status,
        po1_0.transaction_type,
        po1_0.updated_at,
        po1_0.user_id 
    from
        payment_orders po1_0 
    where
        po1_0.user_id=?
2026-01-15 00:51:33.484 - 
    select
        u1_0.id,
        u1_0.avatar_url,
        u1_0.created_at,
        u1_0.last_login_time,
        u1_0.member_expire_time,
        u1_0.member_level,
        u1_0.nickname,
        u1_0.openid,
        u1_0.phone,
        u1_0.points,
        u1_0.remaining_visits,
        u1_0.total_visits,
        u1_0.updated_at 
    from
        users u1_0 
    where
        u1_0.id=?
2026-01-15 00:51:33.485 - 
    select
        po1_0.id,
        po1_0.card_end_date,
        po1_0.card_start_date,
        po1_0.created_at,
        po1_0.order_no,
        po1_0.package_id,
        po1_0.package_name,
        po1_0.payment_method,
        po1_0.payment_time,
        po1_0.price,
        po1_0.status,
        po1_0.transaction_type,
        po1_0.updated_at,
        po1_0.user_id 
    from
        payment_orders po1_0 
    where
        po1_0.user_id=?
2026-01-15 00:51:33.487 - 
    select
        po1_0.id,
        po1_0.card_end_date,
        po1_0.card_start_date,
        po1_0.created_at,
        po1_0.order_no,
        po1_0.package_id,
        po1_0.package_name,
        po1_0.payment_method,
        po1_0.payment_time,
        po1_0.price,
        po1_0.status,
        po1_0.transaction_type,
        po1_0.updated_at,
        po1_0.user_id 
    from
        payment_orders po1_0 
    where
        po1_0.user_id=? 
        and po1_0.status=?
2026-01-15 00:54:51.351 - 
    select
        mp1_0.id,
        mp1_0.avg_price_per_time,
        mp1_0.badge,
        mp1_0.category,
        mp1_0.code,
        mp1_0.description,
        mp1_0.features,
        mp1_0.is_active,
        mp1_0.name,
        mp1_0.people,
        mp1_0.price,
        mp1_0.sort_order,
        mp1_0.times_per_person,
        mp1_0.validity_days 
    from
        member_packages mp1_0 
    where
        mp1_0.is_active 
    order by
        mp1_0.sort_order
2026-01-15 00:55:12.017 - 
    select
        u1_0.id,
        u1_0.avatar_url,
        u1_0.created_at,
        u1_0.last_login_time,
        u1_0.member_expire_time,
        u1_0.member_level,
        u1_0.nickname,
        u1_0.openid,
        u1_0.phone,
        u1_0.points,
        u1_0.remaining_visits,
        u1_0.total_visits,
        u1_0.updated_at 
    from
        users u1_0 
    where
        u1_0.id=?
2026-01-15 00:55:12.017 - 
    select
        po1_0.id,
        po1_0.card_end_date,
        po1_0.card_start_date,
        po1_0.created_at,
        po1_0.order_no,
        po1_0.package_id,
        po1_0.package_name,
        po1_0.payment_method,
        po1_0.payment_time,
        po1_0.price,
        po1_0.status,
        po1_0.transaction_type,
        po1_0.updated_at,
        po1_0.user_id 
    from
        payment_orders po1_0 
    where
        po1_0.user_id=?
2026-01-15 00:55:12.022 - 
    select
        po1_0.id,
        po1_0.card_end_date,
        po1_0.card_start_date,
        po1_0.created_at,
        po1_0.order_no,
        po1_0.package_id,
        po1_0.package_name,
        po1_0.payment_method,
        po1_0.payment_time,
        po1_0.price,
        po1_0.status,
        po1_0.transaction_type,
        po1_0.updated_at,
        po1_0.user_id 
    from
        payment_orders po1_0 
    where
        po1_0.user_id=? 
        and po1_0.status=?
2026-01-15 00:55:12.027 - 
    select
        po1_0.id,
        po1_0.card_end_date,
        po1_0.card_start_date,
        po1_0.created_at,
        po1_0.order_no,
        po1_0.package_id,
        po1_0.package_name,
        po1_0.payment_method,
        po1_0.payment_time,
        po1_0.price,
        po1_0.status,
        po1_0.transaction_type,
        po1_0.updated_at,
        po1_0.user_id 
    from
        payment_orders po1_0 
    where
        po1_0.user_id=?
2026-01-15 00:55:12.028 - 
    select
        u1_0.id,
        u1_0.avatar_url,
        u1_0.created_at,
        u1_0.last_login_time,
        u1_0.member_expire_time,
        u1_0.member_level,
        u1_0.nickname,
        u1_0.openid,
        u1_0.phone,
        u1_0.points,
        u1_0.remaining_visits,
        u1_0.total_visits,
        u1_0.updated_at 
    from
        users u1_0 
    where
        u1_0.id=?
2026-01-15 00:55:12.034 - 
    select
        po1_0.id,
        po1_0.card_end_date,
        po1_0.card_start_date,
        po1_0.created_at,
        po1_0.order_no,
        po1_0.package_id,
        po1_0.package_name,
        po1_0.payment_method,
        po1_0.payment_time,
        po1_0.price,
        po1_0.status,
        po1_0.transaction_type,
        po1_0.updated_at,
        po1_0.user_id 
    from
        payment_orders po1_0 
    where
        po1_0.user_id=? 
        and po1_0.status=?
2026-01-15 00:55:29.489 - 
    select
        mp1_0.id,
        mp1_0.avg_price_per_time,
        mp1_0.badge,
        mp1_0.category,
        mp1_0.code,
        mp1_0.description,
        mp1_0.features,
        mp1_0.is_active,
        mp1_0.name,
        mp1_0.people,
        mp1_0.price,
        mp1_0.sort_order,
        mp1_0.times_per_person,
        mp1_0.validity_days 
    from
        member_packages mp1_0 
    where
        mp1_0.category=? 
        and mp1_0.is_active 
    order by
        mp1_0.sort_order
2026-01-15 00:55:29.500 - 
    select
        mp1_0.id,
        mp1_0.avg_price_per_time,
        mp1_0.badge,
        mp1_0.category,
        mp1_0.code,
        mp1_0.description,
        mp1_0.features,
        mp1_0.is_active,
        mp1_0.name,
        mp1_0.people,
        mp1_0.price,
        mp1_0.sort_order,
        mp1_0.times_per_person,
        mp1_0.validity_days 
    from
        member_packages mp1_0 
    where
        mp1_0.category=? 
        and mp1_0.is_active 
    order by
        mp1_0.sort_order
2026-01-15 00:55:32.289 - 
    select
        po1_0.id,
        po1_0.card_end_date,
        po1_0.card_start_date,
        po1_0.created_at,
        po1_0.order_no,
        po1_0.package_id,
        po1_0.package_name,
        po1_0.payment_method,
        po1_0.payment_time,
        po1_0.price,
        po1_0.status,
        po1_0.transaction_type,
        po1_0.updated_at,
        po1_0.user_id 
    from
        payment_orders po1_0 
    where
        po1_0.user_id=?
2026-01-15 00:55:32.320 - 
    select
        u1_0.id,
        u1_0.avatar_url,
        u1_0.created_at,
        u1_0.last_login_time,
        u1_0.member_expire_time,
        u1_0.member_level,
        u1_0.nickname,
        u1_0.openid,
        u1_0.phone,
        u1_0.points,
        u1_0.remaining_visits,
        u1_0.total_visits,
        u1_0.updated_at 
    from
        users u1_0 
    where
        u1_0.id=?
2026-01-15 00:55:32.324 - 
    select
        po1_0.id,
        po1_0.card_end_date,
        po1_0.card_start_date,
        po1_0.created_at,
        po1_0.order_no,
        po1_0.package_id,
        po1_0.package_name,
        po1_0.payment_method,
        po1_0.payment_time,
        po1_0.price,
        po1_0.status,
        po1_0.transaction_type,
        po1_0.updated_at,
        po1_0.user_id 
    from
        payment_orders po1_0 
    where
        po1_0.user_id=? 
        and po1_0.status=?
2026-01-15 00:55:46.286 - 
    select
        po1_0.id,
        po1_0.card_end_date,
        po1_0.card_start_date,
        po1_0.created_at,
        po1_0.order_no,
        po1_0.package_id,
        po1_0.package_name,
        po1_0.payment_method,
        po1_0.payment_time,
        po1_0.price,
        po1_0.status,
        po1_0.transaction_type,
        po1_0.updated_at,
        po1_0.user_id 
    from
        payment_orders po1_0 
    where
        po1_0.user_id=?
2026-01-15 00:55:52.554 - 
    select
        po1_0.id,
        po1_0.card_end_date,
        po1_0.card_start_date,
        po1_0.created_at,
        po1_0.order_no,
        po1_0.package_id,
        po1_0.package_name,
        po1_0.payment_method,
        po1_0.payment_time,
        po1_0.price,
        po1_0.status,
        po1_0.transaction_type,
        po1_0.updated_at,
        po1_0.user_id 
    from
        payment_orders po1_0 
    where
        po1_0.user_id=?
2026-01-15 00:56:03.932 - 
    select
        mp1_0.id,
        mp1_0.avg_price_per_time,
        mp1_0.badge,
        mp1_0.category,
        mp1_0.code,
        mp1_0.description,
        mp1_0.features,
        mp1_0.is_active,
        mp1_0.name,
        mp1_0.people,
        mp1_0.price,
        mp1_0.sort_order,
        mp1_0.times_per_person,
        mp1_0.validity_days 
    from
        member_packages mp1_0 
    where
        mp1_0.category=? 
        and mp1_0.is_active 
    order by
        mp1_0.sort_order
2026-01-15 00:56:04.434 - 
    select
        mp1_0.id,
        mp1_0.avg_price_per_time,
        mp1_0.badge,
        mp1_0.category,
        mp1_0.code,
        mp1_0.description,
        mp1_0.features,
        mp1_0.is_active,
        mp1_0.name,
        mp1_0.people,
        mp1_0.price,
        mp1_0.sort_order,
        mp1_0.times_per_person,
        mp1_0.validity_days 
    from
        member_packages mp1_0 
    where
        mp1_0.category=? 
        and mp1_0.is_active 
    order by
        mp1_0.sort_order
2026-01-15 00:56:05.117 - 
    select
        mp1_0.id,
        mp1_0.avg_price_per_time,
        mp1_0.badge,
        mp1_0.category,
        mp1_0.code,
        mp1_0.description,
        mp1_0.features,
        mp1_0.is_active,
        mp1_0.name,
        mp1_0.people,
        mp1_0.price,
        mp1_0.sort_order,
        mp1_0.times_per_person,
        mp1_0.validity_days 
    from
        member_packages mp1_0 
    where
        mp1_0.category=? 
        and mp1_0.is_active 
    order by
        mp1_0.sort_order
2026-01-15 00:56:05.557 - 
    select
        mp1_0.id,
        mp1_0.avg_price_per_time,
        mp1_0.badge,
        mp1_0.category,
        mp1_0.code,
        mp1_0.description,
        mp1_0.features,
        mp1_0.is_active,
        mp1_0.name,
        mp1_0.people,
        mp1_0.price,
        mp1_0.sort_order,
        mp1_0.times_per_person,
        mp1_0.validity_days 
    from
        member_packages mp1_0 
    where
        mp1_0.category=? 
        and mp1_0.is_active 
    order by
        mp1_0.sort_order
2026-01-15 00:56:07.896 - 
    select
        po1_0.id,
        po1_0.card_end_date,
        po1_0.card_start_date,
        po1_0.created_at,
        po1_0.order_no,
        po1_0.package_id,
        po1_0.package_name,
        po1_0.payment_method,
        po1_0.payment_time,
        po1_0.price,
        po1_0.status,
        po1_0.transaction_type,
        po1_0.updated_at,
        po1_0.user_id 
    from
        payment_orders po1_0 
    where
        po1_0.user_id=?
2026-01-15 00:56:07.937 - 
    select
        u1_0.id,
        u1_0.avatar_url,
        u1_0.created_at,
        u1_0.last_login_time,
        u1_0.member_expire_time,
        u1_0.member_level,
        u1_0.nickname,
        u1_0.openid,
        u1_0.phone,
        u1_0.points,
        u1_0.remaining_visits,
        u1_0.total_visits,
        u1_0.updated_at 
    from
        users u1_0 
    where
        u1_0.id=?
2026-01-15 00:56:08.035 - 
    select
        po1_0.id,
        po1_0.card_end_date,
        po1_0.card_start_date,
        po1_0.created_at,
        po1_0.order_no,
        po1_0.package_id,
        po1_0.package_name,
        po1_0.payment_method,
        po1_0.payment_time,
        po1_0.price,
        po1_0.status,
        po1_0.transaction_type,
        po1_0.updated_at,
        po1_0.user_id 
    from
        payment_orders po1_0 
    where
        po1_0.user_id=? 
        and po1_0.status=?
2026-01-15 00:56:11.783 - 
    select
        u1_0.id,
        u1_0.avatar_url,
        u1_0.created_at,
        u1_0.last_login_time,
        u1_0.member_expire_time,
        u1_0.member_level,
        u1_0.nickname,
        u1_0.openid,
        u1_0.phone,
        u1_0.points,
        u1_0.remaining_visits,
        u1_0.total_visits,
        u1_0.updated_at 
    from
        users u1_0 
    where
        u1_0.id=?
2026-01-15 00:56:11.787 - 
    select
        mp1_0.id,
        mp1_0.avg_price_per_time,
        mp1_0.badge,
        mp1_0.category,
        mp1_0.code,
        mp1_0.description,
        mp1_0.features,
        mp1_0.is_active,
        mp1_0.name,
        mp1_0.people,
        mp1_0.price,
        mp1_0.sort_order,
        mp1_0.times_per_person,
        mp1_0.validity_days 
    from
        member_packages mp1_0 
    where
        mp1_0.id=?
2026-01-15 00:56:11.790 - 
    select
        po1_0.id,
        po1_0.card_end_date,
        po1_0.card_start_date,
        po1_0.created_at,
        po1_0.order_no,
        po1_0.package_id,
        po1_0.package_name,
        po1_0.payment_method,
        po1_0.payment_time,
        po1_0.price,
        po1_0.status,
        po1_0.transaction_type,
        po1_0.updated_at,
        po1_0.user_id 
    from
        payment_orders po1_0 
    where
        po1_0.user_id=? 
        and po1_0.status=?
2026-01-15 00:56:11.801 - 
    insert 
    into
        payment_orders
        (card_end_date, card_start_date, created_at, order_no, package_id, package_name, payment_method, payment_time, price, status, transaction_type, updated_at, user_id) 
    values
        (?, ?, ?, ?, ?, ?, ?, ?, ?, ?, ?, ?, ?)
2026-01-15 00:56:11.830 - 
    select
        po1_0.id,
        po1_0.card_end_date,
        po1_0.card_start_date,
        po1_0.created_at,
        po1_0.order_no,
        po1_0.package_id,
        po1_0.package_name,
        po1_0.payment_method,
        po1_0.payment_time,
        po1_0.price,
        po1_0.status,
        po1_0.transaction_type,
        po1_0.updated_at,
        po1_0.user_id 
    from
        payment_orders po1_0 
    where
        po1_0.id=?
2026-01-15 00:56:11.832 - 
    select
        u1_0.id,
        u1_0.avatar_url,
        u1_0.created_at,
        u1_0.last_login_time,
        u1_0.member_expire_time,
        u1_0.member_level,
        u1_0.nickname,
        u1_0.openid,
        u1_0.phone,
        u1_0.points,
        u1_0.remaining_visits,
        u1_0.total_visits,
        u1_0.updated_at 
    from
        users u1_0 
    where
        u1_0.id=?
2026-01-15 00:56:17.922 - 
    select
        po1_0.id,
        po1_0.card_end_date,
        po1_0.card_start_date,
        po1_0.created_at,
        po1_0.order_no,
        po1_0.package_id,
        po1_0.package_name,
        po1_0.payment_method,
        po1_0.payment_time,
        po1_0.price,
        po1_0.status,
        po1_0.transaction_type,
        po1_0.updated_at,
        po1_0.user_id 
    from
        payment_orders po1_0 
    where
        po1_0.id=?
2026-01-15 00:56:17.927 - 
    select
        u1_0.id,
        u1_0.avatar_url,
        u1_0.created_at,
        u1_0.last_login_time,
        u1_0.member_expire_time,
        u1_0.member_level,
        u1_0.nickname,
        u1_0.openid,
        u1_0.phone,
        u1_0.points,
        u1_0.remaining_visits,
        u1_0.total_visits,
        u1_0.updated_at 
    from
        users u1_0 
    where
        u1_0.id=?
2026-01-15 00:56:17.928 - 
    select
        mp1_0.id,
        mp1_0.avg_price_per_time,
        mp1_0.badge,
        mp1_0.category,
        mp1_0.code,
        mp1_0.description,
        mp1_0.features,
        mp1_0.is_active,
        mp1_0.name,
        mp1_0.people,
        mp1_0.price,
        mp1_0.sort_order,
        mp1_0.times_per_person,
        mp1_0.validity_days 
    from
        member_packages mp1_0 
    where
        mp1_0.id=?
2026-01-15 00:56:17.930 - 
    update
        payment_orders 
    set
        card_end_date=?,
        card_start_date=?,
        created_at=?,
        order_no=?,
        package_id=?,
        package_name=?,
        payment_method=?,
        payment_time=?,
        price=?,
        status=?,
        transaction_type=?,
        updated_at=?,
        user_id=? 
    where
        id=?
2026-01-15 00:56:17.932 - 
    update
        users 
    set
        avatar_url=?,
        created_at=?,
        last_login_time=?,
        member_expire_time=?,
        member_level=?,
        nickname=?,
        openid=?,
        phone=?,
        points=?,
        remaining_visits=?,
        total_visits=?,
        updated_at=? 
    where
        id=?
2026-01-15 00:56:20.139 - 
    select
        u1_0.id,
        u1_0.avatar_url,
        u1_0.created_at,
        u1_0.last_login_time,
        u1_0.member_expire_time,
        u1_0.member_level,
        u1_0.nickname,
        u1_0.openid,
        u1_0.phone,
        u1_0.points,
        u1_0.remaining_visits,
        u1_0.total_visits,
        u1_0.updated_at 
    from
        users u1_0 
    where
        u1_0.id=?
2026-01-15 00:56:20.145 - 
    select
        po1_0.id,
        po1_0.card_end_date,
        po1_0.card_start_date,
        po1_0.created_at,
        po1_0.order_no,
        po1_0.package_id,
        po1_0.package_name,
        po1_0.payment_method,
        po1_0.payment_time,
        po1_0.price,
        po1_0.status,
        po1_0.transaction_type,
        po1_0.updated_at,
        po1_0.user_id 
    from
        payment_orders po1_0 
    where
        po1_0.user_id=? 
        and po1_0.status=?
2026-01-15 00:56:20.145 - 
    select
        po1_0.id,
        po1_0.card_end_date,
        po1_0.card_start_date,
        po1_0.created_at,
        po1_0.order_no,
        po1_0.package_id,
        po1_0.package_name,
        po1_0.payment_method,
        po1_0.payment_time,
        po1_0.price,
        po1_0.status,
        po1_0.transaction_type,
        po1_0.updated_at,
        po1_0.user_id 
    from
        payment_orders po1_0 
    where
        po1_0.user_id=?
2026-01-15 00:56:20.152 - 
    select
        po1_0.id,
        po1_0.card_end_date,
        po1_0.card_start_date,
        po1_0.created_at,
        po1_0.order_no,
        po1_0.package_id,
        po1_0.package_name,
        po1_0.payment_method,
        po1_0.payment_time,
        po1_0.price,
        po1_0.status,
        po1_0.transaction_type,
        po1_0.updated_at,
        po1_0.user_id 
    from
        payment_orders po1_0 
    where
        po1_0.user_id=?
2026-01-15 00:56:20.153 - 
    select
        u1_0.id,
        u1_0.avatar_url,
        u1_0.created_at,
        u1_0.last_login_time,
        u1_0.member_expire_time,
        u1_0.member_level,
        u1_0.nickname,
        u1_0.openid,
        u1_0.phone,
        u1_0.points,
        u1_0.remaining_visits,
        u1_0.total_visits,
        u1_0.updated_at 
    from
        users u1_0 
    where
        u1_0.id=?
2026-01-15 00:56:20.156 - 
    select
        po1_0.id,
        po1_0.card_end_date,
        po1_0.card_start_date,
        po1_0.created_at,
        po1_0.order_no,
        po1_0.package_id,
        po1_0.package_name,
        po1_0.payment_method,
        po1_0.payment_time,
        po1_0.price,
        po1_0.status,
        po1_0.transaction_type,
        po1_0.updated_at,
        po1_0.user_id 
    from
        payment_orders po1_0 
    where
        po1_0.user_id=? 
        and po1_0.status=?
2026-01-15 00:58:24.443 - 
    select
        mp1_0.id,
        mp1_0.avg_price_per_time,
        mp1_0.badge,
        mp1_0.category,
        mp1_0.code,
        mp1_0.description,
        mp1_0.features,
        mp1_0.is_active,
        mp1_0.name,
        mp1_0.people,
        mp1_0.price,
        mp1_0.sort_order,
        mp1_0.times_per_person,
        mp1_0.validity_days 
    from
        member_packages mp1_0 
    where
        mp1_0.is_active 
    order by
        mp1_0.sort_order
2026-01-15 00:58:27.658 - 
    select
        mp1_0.id,
        mp1_0.avg_price_per_time,
        mp1_0.badge,
        mp1_0.category,
        mp1_0.code,
        mp1_0.description,
        mp1_0.features,
        mp1_0.is_active,
        mp1_0.name,
        mp1_0.people,
        mp1_0.price,
        mp1_0.sort_order,
        mp1_0.times_per_person,
        mp1_0.validity_days 
    from
        member_packages mp1_0 
    where
        mp1_0.is_active 
    order by
        mp1_0.sort_order
2026-01-15 00:58:36.547 - 
    select
        u1_0.id,
        u1_0.avatar_url,
        u1_0.created_at,
        u1_0.last_login_time,
        u1_0.member_expire_time,
        u1_0.member_level,
        u1_0.nickname,
        u1_0.openid,
        u1_0.phone,
        u1_0.points,
        u1_0.remaining_visits,
        u1_0.total_visits,
        u1_0.updated_at 
    from
        users u1_0 
    where
        u1_0.id=?
2026-01-15 00:58:36.547 - 
    select
        po1_0.id,
        po1_0.card_end_date,
        po1_0.card_start_date,
        po1_0.created_at,
        po1_0.order_no,
        po1_0.package_id,
        po1_0.package_name,
        po1_0.payment_method,
        po1_0.payment_time,
        po1_0.price,
        po1_0.status,
        po1_0.transaction_type,
        po1_0.updated_at,
        po1_0.user_id 
    from
        payment_orders po1_0 
    where
        po1_0.user_id=?
2026-01-15 00:58:36.553 - 
    select
        po1_0.id,
        po1_0.card_end_date,
        po1_0.card_start_date,
        po1_0.created_at,
        po1_0.order_no,
        po1_0.package_id,
        po1_0.package_name,
        po1_0.payment_method,
        po1_0.payment_time,
        po1_0.price,
        po1_0.status,
        po1_0.transaction_type,
        po1_0.updated_at,
        po1_0.user_id 
    from
        payment_orders po1_0 
    where
        po1_0.user_id=? 
        and po1_0.status=?
2026-01-15 00:58:36.561 - 
    select
        po1_0.id,
        po1_0.card_end_date,
        po1_0.card_start_date,
        po1_0.created_at,
        po1_0.order_no,
        po1_0.package_id,
        po1_0.package_name,
        po1_0.payment_method,
        po1_0.payment_time,
        po1_0.price,
        po1_0.status,
        po1_0.transaction_type,
        po1_0.updated_at,
        po1_0.user_id 
    from
        payment_orders po1_0 
    where
        po1_0.user_id=?
2026-01-15 00:58:36.561 - 
    select
        u1_0.id,
        u1_0.avatar_url,
        u1_0.created_at,
        u1_0.last_login_time,
        u1_0.member_expire_time,
        u1_0.member_level,
        u1_0.nickname,
        u1_0.openid,
        u1_0.phone,
        u1_0.points,
        u1_0.remaining_visits,
        u1_0.total_visits,
        u1_0.updated_at 
    from
        users u1_0 
    where
        u1_0.id=?
2026-01-15 00:58:36.564 - 
    select
        po1_0.id,
        po1_0.card_end_date,
        po1_0.card_start_date,
        po1_0.created_at,
        po1_0.order_no,
        po1_0.package_id,
        po1_0.package_name,
        po1_0.payment_method,
        po1_0.payment_time,
        po1_0.price,
        po1_0.status,
        po1_0.transaction_type,
        po1_0.updated_at,
        po1_0.user_id 
    from
        payment_orders po1_0 
    where
        po1_0.user_id=? 
        and po1_0.status=?
2026-01-15 01:00:43.179 - 
    select
        mp1_0.id,
        mp1_0.avg_price_per_time,
        mp1_0.badge,
        mp1_0.category,
        mp1_0.code,
        mp1_0.description,
        mp1_0.features,
        mp1_0.is_active,
        mp1_0.name,
        mp1_0.people,
        mp1_0.price,
        mp1_0.sort_order,
        mp1_0.times_per_person,
        mp1_0.validity_days 
    from
        member_packages mp1_0 
    where
        mp1_0.is_active 
    order by
        mp1_0.sort_order
2026-01-15 01:01:01.732 - 
    select
        mp1_0.id,
        mp1_0.avg_price_per_time,
        mp1_0.badge,
        mp1_0.category,
        mp1_0.code,
        mp1_0.description,
        mp1_0.features,
        mp1_0.is_active,
        mp1_0.name,
        mp1_0.people,
        mp1_0.price,
        mp1_0.sort_order,
        mp1_0.times_per_person,
        mp1_0.validity_days 
    from
        member_packages mp1_0 
    where
        mp1_0.is_active 
    order by
        mp1_0.sort_order
2026-01-15 01:04:27.308 - 
    select
        mp1_0.id,
        mp1_0.avg_price_per_time,
        mp1_0.badge,
        mp1_0.category,
        mp1_0.code,
        mp1_0.description,
        mp1_0.features,
        mp1_0.is_active,
        mp1_0.name,
        mp1_0.people,
        mp1_0.price,
        mp1_0.sort_order,
        mp1_0.times_per_person,
        mp1_0.validity_days 
    from
        member_packages mp1_0 
    where
        mp1_0.category=? 
        and mp1_0.is_active 
    order by
        mp1_0.sort_order
2026-01-15 01:04:27.330 - 
    select
        mp1_0.id,
        mp1_0.avg_price_per_time,
        mp1_0.badge,
        mp1_0.category,
        mp1_0.code,
        mp1_0.description,
        mp1_0.features,
        mp1_0.is_active,
        mp1_0.name,
        mp1_0.people,
        mp1_0.price,
        mp1_0.sort_order,
        mp1_0.times_per_person,
        mp1_0.validity_days 
    from
        member_packages mp1_0 
    where
        mp1_0.category=? 
        and mp1_0.is_active 
    order by
        mp1_0.sort_order
2026-01-15 01:04:28.987 - 
    select
        po1_0.id,
        po1_0.card_end_date,
        po1_0.card_start_date,
        po1_0.created_at,
        po1_0.order_no,
        po1_0.package_id,
        po1_0.package_name,
        po1_0.payment_method,
        po1_0.payment_time,
        po1_0.price,
        po1_0.status,
        po1_0.transaction_type,
        po1_0.updated_at,
        po1_0.user_id 
    from
        payment_orders po1_0 
    where
        po1_0.user_id=?
2026-01-15 01:04:28.989 - 
    select
        u1_0.id,
        u1_0.avatar_url,
        u1_0.created_at,
        u1_0.last_login_time,
        u1_0.member_expire_time,
        u1_0.member_level,
        u1_0.nickname,
        u1_0.openid,
        u1_0.phone,
        u1_0.points,
        u1_0.remaining_visits,
        u1_0.total_visits,
        u1_0.updated_at 
    from
        users u1_0 
    where
        u1_0.id=?
2026-01-15 01:04:28.992 - 
    select
        po1_0.id,
        po1_0.card_end_date,
        po1_0.card_start_date,
        po1_0.created_at,
        po1_0.order_no,
        po1_0.package_id,
        po1_0.package_name,
        po1_0.payment_method,
        po1_0.payment_time,
        po1_0.price,
        po1_0.status,
        po1_0.transaction_type,
        po1_0.updated_at,
        po1_0.user_id 
    from
        payment_orders po1_0 
    where
        po1_0.user_id=? 
        and po1_0.status=?
2026-01-15 01:04:28.995 - 
    select
        po1_0.id,
        po1_0.card_end_date,
        po1_0.card_start_date,
        po1_0.created_at,
        po1_0.order_no,
        po1_0.package_id,
        po1_0.package_name,
        po1_0.payment_method,
        po1_0.payment_time,
        po1_0.price,
        po1_0.status,
        po1_0.transaction_type,
        po1_0.updated_at,
        po1_0.user_id 
    from
        payment_orders po1_0 
    where
        po1_0.user_id=?
2026-01-15 01:04:28.998 - 
    select
        u1_0.id,
        u1_0.avatar_url,
        u1_0.created_at,
        u1_0.last_login_time,
        u1_0.member_expire_time,
        u1_0.member_level,
        u1_0.nickname,
        u1_0.openid,
        u1_0.phone,
        u1_0.points,
        u1_0.remaining_visits,
        u1_0.total_visits,
        u1_0.updated_at 
    from
        users u1_0 
    where
        u1_0.id=?
2026-01-15 01:04:29.002 - 
    select
        po1_0.id,
        po1_0.card_end_date,
        po1_0.card_start_date,
        po1_0.created_at,
        po1_0.order_no,
        po1_0.package_id,
        po1_0.package_name,
        po1_0.payment_method,
        po1_0.payment_time,
        po1_0.price,
        po1_0.status,
        po1_0.transaction_type,
        po1_0.updated_at,
        po1_0.user_id 
    from
        payment_orders po1_0 
    where
        po1_0.user_id=? 
        and po1_0.status=?
2026-01-15 01:05:04.785 - 
    select
        mp1_0.id,
        mp1_0.avg_price_per_time,
        mp1_0.badge,
        mp1_0.category,
        mp1_0.code,
        mp1_0.description,
        mp1_0.features,
        mp1_0.is_active,
        mp1_0.name,
        mp1_0.people,
        mp1_0.price,
        mp1_0.sort_order,
        mp1_0.times_per_person,
        mp1_0.validity_days 
    from
        member_packages mp1_0 
    where
        mp1_0.is_active 
    order by
        mp1_0.sort_order
2026-01-15 01:05:05.580 - 
    select
        po1_0.id,
        po1_0.card_end_date,
        po1_0.card_start_date,
        po1_0.created_at,
        po1_0.order_no,
        po1_0.package_id,
        po1_0.package_name,
        po1_0.payment_method,
        po1_0.payment_time,
        po1_0.price,
        po1_0.status,
        po1_0.transaction_type,
        po1_0.updated_at,
        po1_0.user_id 
    from
        payment_orders po1_0 
    where
        po1_0.user_id=?
2026-01-15 01:05:05.580 - 
    select
        u1_0.id,
        u1_0.avatar_url,
        u1_0.created_at,
        u1_0.last_login_time,
        u1_0.member_expire_time,
        u1_0.member_level,
        u1_0.nickname,
        u1_0.openid,
        u1_0.phone,
        u1_0.points,
        u1_0.remaining_visits,
        u1_0.total_visits,
        u1_0.updated_at 
    from
        users u1_0 
    where
        u1_0.id=?
2026-01-15 01:05:05.582 - 
    select
        po1_0.id,
        po1_0.card_end_date,
        po1_0.card_start_date,
        po1_0.created_at,
        po1_0.order_no,
        po1_0.package_id,
        po1_0.package_name,
        po1_0.payment_method,
        po1_0.payment_time,
        po1_0.price,
        po1_0.status,
        po1_0.transaction_type,
        po1_0.updated_at,
        po1_0.user_id 
    from
        payment_orders po1_0 
    where
        po1_0.user_id=?
2026-01-15 01:05:05.584 - 
    select
        po1_0.id,
        po1_0.card_end_date,
        po1_0.card_start_date,
        po1_0.created_at,
        po1_0.order_no,
        po1_0.package_id,
        po1_0.package_name,
        po1_0.payment_method,
        po1_0.payment_time,
        po1_0.price,
        po1_0.status,
        po1_0.transaction_type,
        po1_0.updated_at,
        po1_0.user_id 
    from
        payment_orders po1_0 
    where
        po1_0.user_id=? 
        and po1_0.status=?
2026-01-15 01:05:05.584 - 
    select
        u1_0.id,
        u1_0.avatar_url,
        u1_0.created_at,
        u1_0.last_login_time,
        u1_0.member_expire_time,
        u1_0.member_level,
        u1_0.nickname,
        u1_0.openid,
        u1_0.phone,
        u1_0.points,
        u1_0.remaining_visits,
        u1_0.total_visits,
        u1_0.updated_at 
    from
        users u1_0 
    where
        u1_0.id=?
2026-01-15 01:05:05.590 - 
    select
        po1_0.id,
        po1_0.card_end_date,
        po1_0.card_start_date,
        po1_0.created_at,
        po1_0.order_no,
        po1_0.package_id,
        po1_0.package_name,
        po1_0.payment_method,
        po1_0.payment_time,
        po1_0.price,
        po1_0.status,
        po1_0.transaction_type,
        po1_0.updated_at,
        po1_0.user_id 
    from
        payment_orders po1_0 
    where
        po1_0.user_id=? 
        and po1_0.status=?
2026-01-15 01:06:55.434 - 
    select
        mp1_0.id,
        mp1_0.avg_price_per_time,
        mp1_0.badge,
        mp1_0.category,
        mp1_0.code,
        mp1_0.description,
        mp1_0.features,
        mp1_0.is_active,
        mp1_0.name,
        mp1_0.people,
        mp1_0.price,
        mp1_0.sort_order,
        mp1_0.times_per_person,
        mp1_0.validity_days 
    from
        member_packages mp1_0 
    where
        mp1_0.is_active 
    order by
        mp1_0.sort_order
2026-01-15 01:06:58.373 - 
    select
        mp1_0.id,
        mp1_0.avg_price_per_time,
        mp1_0.badge,
        mp1_0.category,
        mp1_0.code,
        mp1_0.description,
        mp1_0.features,
        mp1_0.is_active,
        mp1_0.name,
        mp1_0.people,
        mp1_0.price,
        mp1_0.sort_order,
        mp1_0.times_per_person,
        mp1_0.validity_days 
    from
        member_packages mp1_0 
    where
        mp1_0.category=? 
        and mp1_0.is_active 
    order by
        mp1_0.sort_order
2026-01-15 01:06:58.384 - 
    select
        mp1_0.id,
        mp1_0.avg_price_per_time,
        mp1_0.badge,
        mp1_0.category,
        mp1_0.code,
        mp1_0.description,
        mp1_0.features,
        mp1_0.is_active,
        mp1_0.name,
        mp1_0.people,
        mp1_0.price,
        mp1_0.sort_order,
        mp1_0.times_per_person,
        mp1_0.validity_days 
    from
        member_packages mp1_0 
    where
        mp1_0.category=? 
        and mp1_0.is_active 
    order by
        mp1_0.sort_order
2026-01-15 01:07:01.149 - 
    select
        po1_0.id,
        po1_0.card_end_date,
        po1_0.card_start_date,
        po1_0.created_at,
        po1_0.order_no,
        po1_0.package_id,
        po1_0.package_name,
        po1_0.payment_method,
        po1_0.payment_time,
        po1_0.price,
        po1_0.status,
        po1_0.transaction_type,
        po1_0.updated_at,
        po1_0.user_id 
    from
        payment_orders po1_0 
    where
        po1_0.user_id=?
2026-01-15 01:07:01.150 - 
    select
        u1_0.id,
        u1_0.avatar_url,
        u1_0.created_at,
        u1_0.last_login_time,
        u1_0.member_expire_time,
        u1_0.member_level,
        u1_0.nickname,
        u1_0.openid,
        u1_0.phone,
        u1_0.points,
        u1_0.remaining_visits,
        u1_0.total_visits,
        u1_0.updated_at 
    from
        users u1_0 
    where
        u1_0.id=?
2026-01-15 01:07:01.156 - 
    select
        po1_0.id,
        po1_0.card_end_date,
        po1_0.card_start_date,
        po1_0.created_at,
        po1_0.order_no,
        po1_0.package_id,
        po1_0.package_name,
        po1_0.payment_method,
        po1_0.payment_time,
        po1_0.price,
        po1_0.status,
        po1_0.transaction_type,
        po1_0.updated_at,
        po1_0.user_id 
    from
        payment_orders po1_0 
    where
        po1_0.user_id=? 
        and po1_0.status=?
2026-01-15 01:07:01.159 - 
    select
        po1_0.id,
        po1_0.card_end_date,
        po1_0.card_start_date,
        po1_0.created_at,
        po1_0.order_no,
        po1_0.package_id,
        po1_0.package_name,
        po1_0.payment_method,
        po1_0.payment_time,
        po1_0.price,
        po1_0.status,
        po1_0.transaction_type,
        po1_0.updated_at,
        po1_0.user_id 
    from
        payment_orders po1_0 
    where
        po1_0.user_id=?
2026-01-15 01:07:01.166 - 
    select
        u1_0.id,
        u1_0.avatar_url,
        u1_0.created_at,
        u1_0.last_login_time,
        u1_0.member_expire_time,
        u1_0.member_level,
        u1_0.nickname,
        u1_0.openid,
        u1_0.phone,
        u1_0.points,
        u1_0.remaining_visits,
        u1_0.total_visits,
        u1_0.updated_at 
    from
        users u1_0 
    where
        u1_0.id=?
2026-01-15 01:07:01.169 - 
    select
        po1_0.id,
        po1_0.card_end_date,
        po1_0.card_start_date,
        po1_0.created_at,
        po1_0.order_no,
        po1_0.package_id,
        po1_0.package_name,
        po1_0.payment_method,
        po1_0.payment_time,
        po1_0.price,
        po1_0.status,
        po1_0.transaction_type,
        po1_0.updated_at,
        po1_0.user_id 
    from
        payment_orders po1_0 
    where
        po1_0.user_id=? 
        and po1_0.status=?
2026-01-15 01:07:32.576 - 
    select
        u1_0.id,
        u1_0.avatar_url,
        u1_0.created_at,
        u1_0.last_login_time,
        u1_0.member_expire_time,
        u1_0.member_level,
        u1_0.nickname,
        u1_0.openid,
        u1_0.phone,
        u1_0.points,
        u1_0.remaining_visits,
        u1_0.total_visits,
        u1_0.updated_at 
    from
        users u1_0 
    where
        u1_0.id=?
2026-01-15 01:07:32.577 - 
    select
        po1_0.id,
        po1_0.card_end_date,
        po1_0.card_start_date,
        po1_0.created_at,
        po1_0.order_no,
        po1_0.package_id,
        po1_0.package_name,
        po1_0.payment_method,
        po1_0.payment_time,
        po1_0.price,
        po1_0.status,
        po1_0.transaction_type,
        po1_0.updated_at,
        po1_0.user_id 
    from
        payment_orders po1_0 
    where
        po1_0.user_id=?
2026-01-15 01:07:32.584 - 
    select
        po1_0.id,
        po1_0.card_end_date,
        po1_0.card_start_date,
        po1_0.created_at,
        po1_0.order_no,
        po1_0.package_id,
        po1_0.package_name,
        po1_0.payment_method,
        po1_0.payment_time,
        po1_0.price,
        po1_0.status,
        po1_0.transaction_type,
        po1_0.updated_at,
        po1_0.user_id 
    from
        payment_orders po1_0 
    where
        po1_0.user_id=? 
        and po1_0.status=?
2026-01-15 01:07:32.591 - 
    select
        po1_0.id,
        po1_0.card_end_date,
        po1_0.card_start_date,
        po1_0.created_at,
        po1_0.order_no,
        po1_0.package_id,
        po1_0.package_name,
        po1_0.payment_method,
        po1_0.payment_time,
        po1_0.price,
        po1_0.status,
        po1_0.transaction_type,
        po1_0.updated_at,
        po1_0.user_id 
    from
        payment_orders po1_0 
    where
        po1_0.user_id=?
2026-01-15 01:07:32.595 - 
    select
        u1_0.id,
        u1_0.avatar_url,
        u1_0.created_at,
        u1_0.last_login_time,
        u1_0.member_expire_time,
        u1_0.member_level,
        u1_0.nickname,
        u1_0.openid,
        u1_0.phone,
        u1_0.points,
        u1_0.remaining_visits,
        u1_0.total_visits,
        u1_0.updated_at 
    from
        users u1_0 
    where
        u1_0.id=?
2026-01-15 01:07:32.598 - 
    select
        po1_0.id,
        po1_0.card_end_date,
        po1_0.card_start_date,
        po1_0.created_at,
        po1_0.order_no,
        po1_0.package_id,
        po1_0.package_name,
        po1_0.payment_method,
        po1_0.payment_time,
        po1_0.price,
        po1_0.status,
        po1_0.transaction_type,
        po1_0.updated_at,
        po1_0.user_id 
    from
        payment_orders po1_0 
    where
        po1_0.user_id=? 
        and po1_0.status=?
2026-01-15 01:17:40.559 - 
    select
        mp1_0.id,
        mp1_0.avg_price_per_time,
        mp1_0.badge,
        mp1_0.category,
        mp1_0.code,
        mp1_0.description,
        mp1_0.features,
        mp1_0.is_active,
        mp1_0.name,
        mp1_0.people,
        mp1_0.price,
        mp1_0.sort_order,
        mp1_0.times_per_person,
        mp1_0.validity_days 
    from
        member_packages mp1_0 
    where
        mp1_0.code=?
2026-01-15 01:17:40.566 - 
    select
        mp1_0.id,
        mp1_0.avg_price_per_time,
        mp1_0.badge,
        mp1_0.category,
        mp1_0.code,
        mp1_0.description,
        mp1_0.features,
        mp1_0.is_active,
        mp1_0.name,
        mp1_0.people,
        mp1_0.price,
        mp1_0.sort_order,
        mp1_0.times_per_person,
        mp1_0.validity_days 
    from
        member_packages mp1_0 
    where
        mp1_0.code=?
2026-01-15 01:17:40.567 - 
    select
        mp1_0.id,
        mp1_0.avg_price_per_time,
        mp1_0.badge,
        mp1_0.category,
        mp1_0.code,
        mp1_0.description,
        mp1_0.features,
        mp1_0.is_active,
        mp1_0.name,
        mp1_0.people,
        mp1_0.price,
        mp1_0.sort_order,
        mp1_0.times_per_person,
        mp1_0.validity_days 
    from
        member_packages mp1_0 
    where
        mp1_0.code=?
2026-01-15 01:17:40.568 - 
    select
        mp1_0.id,
        mp1_0.avg_price_per_time,
        mp1_0.badge,
        mp1_0.category,
        mp1_0.code,
        mp1_0.description,
        mp1_0.features,
        mp1_0.is_active,
        mp1_0.name,
        mp1_0.people,
        mp1_0.price,
        mp1_0.sort_order,
        mp1_0.times_per_person,
        mp1_0.validity_days 
    from
        member_packages mp1_0 
    where
        mp1_0.code=?
2026-01-15 01:17:40.569 - 
    select
        mp1_0.id,
        mp1_0.avg_price_per_time,
        mp1_0.badge,
        mp1_0.category,
        mp1_0.code,
        mp1_0.description,
        mp1_0.features,
        mp1_0.is_active,
        mp1_0.name,
        mp1_0.people,
        mp1_0.price,
        mp1_0.sort_order,
        mp1_0.times_per_person,
        mp1_0.validity_days 
    from
        member_packages mp1_0 
    where
        mp1_0.code=?
2026-01-15 01:17:40.570 - 
    select
        mp1_0.id,
        mp1_0.avg_price_per_time,
        mp1_0.badge,
        mp1_0.category,
        mp1_0.code,
        mp1_0.description,
        mp1_0.features,
        mp1_0.is_active,
        mp1_0.name,
        mp1_0.people,
        mp1_0.price,
        mp1_0.sort_order,
        mp1_0.times_per_person,
        mp1_0.validity_days 
    from
        member_packages mp1_0 
    where
        mp1_0.code=?
2026-01-15 01:17:40.571 - 
    select
        mp1_0.id,
        mp1_0.avg_price_per_time,
        mp1_0.badge,
        mp1_0.category,
        mp1_0.code,
        mp1_0.description,
        mp1_0.features,
        mp1_0.is_active,
        mp1_0.name,
        mp1_0.people,
        mp1_0.price,
        mp1_0.sort_order,
        mp1_0.times_per_person,
        mp1_0.validity_days 
    from
        member_packages mp1_0 
    where
        mp1_0.code=?
2026-01-15 01:17:40.572 - 
    select
        mp1_0.id,
        mp1_0.avg_price_per_time,
        mp1_0.badge,
        mp1_0.category,
        mp1_0.code,
        mp1_0.description,
        mp1_0.features,
        mp1_0.is_active,
        mp1_0.name,
        mp1_0.people,
        mp1_0.price,
        mp1_0.sort_order,
        mp1_0.times_per_person,
        mp1_0.validity_days 
    from
        member_packages mp1_0 
    where
        mp1_0.code=?
2026-01-15 01:17:40.573 - 
    select
        mp1_0.id,
        mp1_0.avg_price_per_time,
        mp1_0.badge,
        mp1_0.category,
        mp1_0.code,
        mp1_0.description,
        mp1_0.features,
        mp1_0.is_active,
        mp1_0.name,
        mp1_0.people,
        mp1_0.price,
        mp1_0.sort_order,
        mp1_0.times_per_person,
        mp1_0.validity_days 
    from
        member_packages mp1_0 
    where
        mp1_0.code=?
2026-01-15 01:17:40.573 - 
    select
        mp1_0.id,
        mp1_0.avg_price_per_time,
        mp1_0.badge,
        mp1_0.category,
        mp1_0.code,
        mp1_0.description,
        mp1_0.features,
        mp1_0.is_active,
        mp1_0.name,
        mp1_0.people,
        mp1_0.price,
        mp1_0.sort_order,
        mp1_0.times_per_person,
        mp1_0.validity_days 
    from
        member_packages mp1_0 
    where
        mp1_0.code=?
2026-01-15 01:17:56.173 - 
    select
        mp1_0.id,
        mp1_0.avg_price_per_time,
        mp1_0.badge,
        mp1_0.category,
        mp1_0.code,
        mp1_0.description,
        mp1_0.features,
        mp1_0.is_active,
        mp1_0.name,
        mp1_0.people,
        mp1_0.price,
        mp1_0.sort_order,
        mp1_0.times_per_person,
        mp1_0.validity_days 
    from
        member_packages mp1_0 
    where
        mp1_0.is_active 
    order by
        mp1_0.sort_order
2026-01-15 01:17:57.230 - 
    select
        po1_0.id,
        po1_0.card_end_date,
        po1_0.card_start_date,
        po1_0.created_at,
        po1_0.order_no,
        po1_0.package_id,
        po1_0.package_name,
        po1_0.payment_method,
        po1_0.payment_time,
        po1_0.price,
        po1_0.status,
        po1_0.transaction_type,
        po1_0.updated_at,
        po1_0.user_id 
    from
        payment_orders po1_0 
    where
        po1_0.user_id=?
2026-01-15 01:17:57.259 - 
    select
        u1_0.id,
        u1_0.avatar_url,
        u1_0.created_at,
        u1_0.last_login_time,
        u1_0.member_expire_time,
        u1_0.member_level,
        u1_0.nickname,
        u1_0.openid,
        u1_0.phone,
        u1_0.points,
        u1_0.remaining_visits,
        u1_0.total_visits,
        u1_0.updated_at 
    from
        users u1_0 
    where
        u1_0.id=?
2026-01-15 01:17:57.272 - 
    select
        po1_0.id,
        po1_0.card_end_date,
        po1_0.card_start_date,
        po1_0.created_at,
        po1_0.order_no,
        po1_0.package_id,
        po1_0.package_name,
        po1_0.payment_method,
        po1_0.payment_time,
        po1_0.price,
        po1_0.status,
        po1_0.transaction_type,
        po1_0.updated_at,
        po1_0.user_id 
    from
        payment_orders po1_0 
    where
        po1_0.user_id=?
2026-01-15 01:17:57.276 - 
    select
        po1_0.id,
        po1_0.card_end_date,
        po1_0.card_start_date,
        po1_0.created_at,
        po1_0.order_no,
        po1_0.package_id,
        po1_0.package_name,
        po1_0.payment_method,
        po1_0.payment_time,
        po1_0.price,
        po1_0.status,
        po1_0.transaction_type,
        po1_0.updated_at,
        po1_0.user_id 
    from
        payment_orders po1_0 
    where
        po1_0.user_id=? 
        and po1_0.status=?
2026-01-15 01:17:57.285 - 
    select
        u1_0.id,
        u1_0.avatar_url,
        u1_0.created_at,
        u1_0.last_login_time,
        u1_0.member_expire_time,
        u1_0.member_level,
        u1_0.nickname,
        u1_0.openid,
        u1_0.phone,
        u1_0.points,
        u1_0.remaining_visits,
        u1_0.total_visits,
        u1_0.updated_at 
    from
        users u1_0 
    where
        u1_0.id=?
2026-01-15 01:17:57.289 - 
    select
        po1_0.id,
        po1_0.card_end_date,
        po1_0.card_start_date,
        po1_0.created_at,
        po1_0.order_no,
        po1_0.package_id,
        po1_0.package_name,
        po1_0.payment_method,
        po1_0.payment_time,
        po1_0.price,
        po1_0.status,
        po1_0.transaction_type,
        po1_0.updated_at,
        po1_0.user_id 
    from
        payment_orders po1_0 
    where
        po1_0.user_id=? 
        and po1_0.status=?
2026-01-15 01:18:00.593 - 
    select
        mp1_0.id,
        mp1_0.avg_price_per_time,
        mp1_0.badge,
        mp1_0.category,
        mp1_0.code,
        mp1_0.description,
        mp1_0.features,
        mp1_0.is_active,
        mp1_0.name,
        mp1_0.people,
        mp1_0.price,
        mp1_0.sort_order,
        mp1_0.times_per_person,
        mp1_0.validity_days 
    from
        member_packages mp1_0 
    where
        mp1_0.category=? 
        and mp1_0.is_active 
    order by
        mp1_0.sort_order
2026-01-15 01:18:00.634 - 
    select
        mp1_0.id,
        mp1_0.avg_price_per_time,
        mp1_0.badge,
        mp1_0.category,
        mp1_0.code,
        mp1_0.description,
        mp1_0.features,
        mp1_0.is_active,
        mp1_0.name,
        mp1_0.people,
        mp1_0.price,
        mp1_0.sort_order,
        mp1_0.times_per_person,
        mp1_0.validity_days 
    from
        member_packages mp1_0 
    where
        mp1_0.category=? 
        and mp1_0.is_active 
    order by
        mp1_0.sort_order
2026-01-15 01:18:05.833 - 
    select
        u1_0.id,
        u1_0.avatar_url,
        u1_0.created_at,
        u1_0.last_login_time,
        u1_0.member_expire_time,
        u1_0.member_level,
        u1_0.nickname,
        u1_0.openid,
        u1_0.phone,
        u1_0.points,
        u1_0.remaining_visits,
        u1_0.total_visits,
        u1_0.updated_at 
    from
        users u1_0 
    where
        u1_0.id=?
2026-01-15 01:18:05.846 - 
    select
        dvr1_0.id,
        dvr1_0.created_at,
        dvr1_0.last_visit_time,
        dvr1_0.updated_at,
        dvr1_0.user_id,
        dvr1_0.visit_count,
        dvr1_0.visit_date 
    from
        daily_visit_records dvr1_0 
    where
        dvr1_0.user_id=? 
        and dvr1_0.visit_date=?
2026-01-15 01:18:35.575 - 
    select
        u1_0.id,
        u1_0.avatar_url,
        u1_0.created_at,
        u1_0.last_login_time,
        u1_0.member_expire_time,
        u1_0.member_level,
        u1_0.nickname,
        u1_0.openid,
        u1_0.phone,
        u1_0.points,
        u1_0.remaining_visits,
        u1_0.total_visits,
        u1_0.updated_at 
    from
        users u1_0 
    where
        u1_0.id=?
2026-01-15 01:18:35.575 - 
    select
        po1_0.id,
        po1_0.card_end_date,
        po1_0.card_start_date,
        po1_0.created_at,
        po1_0.order_no,
        po1_0.package_id,
        po1_0.package_name,
        po1_0.payment_method,
        po1_0.payment_time,
        po1_0.price,
        po1_0.status,
        po1_0.transaction_type,
        po1_0.updated_at,
        po1_0.user_id 
    from
        payment_orders po1_0 
    where
        po1_0.user_id=?
2026-01-15 01:18:35.582 - 
    select
        po1_0.id,
        po1_0.card_end_date,
        po1_0.card_start_date,
        po1_0.created_at,
        po1_0.order_no,
        po1_0.package_id,
        po1_0.package_name,
        po1_0.payment_method,
        po1_0.payment_time,
        po1_0.price,
        po1_0.status,
        po1_0.transaction_type,
        po1_0.updated_at,
        po1_0.user_id 
    from
        payment_orders po1_0 
    where
        po1_0.user_id=? 
        and po1_0.status=?
2026-01-15 01:18:35.591 - 
    select
        u1_0.id,
        u1_0.avatar_url,
        u1_0.created_at,
        u1_0.last_login_time,
        u1_0.member_expire_time,
        u1_0.member_level,
        u1_0.nickname,
        u1_0.openid,
        u1_0.phone,
        u1_0.points,
        u1_0.remaining_visits,
        u1_0.total_visits,
        u1_0.updated_at 
    from
        users u1_0 
    where
        u1_0.id=?
2026-01-15 01:18:35.591 - 
    select
        po1_0.id,
        po1_0.card_end_date,
        po1_0.card_start_date,
        po1_0.created_at,
        po1_0.order_no,
        po1_0.package_id,
        po1_0.package_name,
        po1_0.payment_method,
        po1_0.payment_time,
        po1_0.price,
        po1_0.status,
        po1_0.transaction_type,
        po1_0.updated_at,
        po1_0.user_id 
    from
        payment_orders po1_0 
    where
        po1_0.user_id=?
2026-01-15 01:18:35.596 - 
    select
        po1_0.id,
        po1_0.card_end_date,
        po1_0.card_start_date,
        po1_0.created_at,
        po1_0.order_no,
        po1_0.package_id,
        po1_0.package_name,
        po1_0.payment_method,
        po1_0.payment_time,
        po1_0.price,
        po1_0.status,
        po1_0.transaction_type,
        po1_0.updated_at,
        po1_0.user_id 
    from
        payment_orders po1_0 
    where
        po1_0.user_id=? 
        and po1_0.status=?
2026-01-15 01:18:39.165 - 
    select
        u1_0.id,
        u1_0.avatar_url,
        u1_0.created_at,
        u1_0.last_login_time,
        u1_0.member_expire_time,
        u1_0.member_level,
        u1_0.nickname,
        u1_0.openid,
        u1_0.phone,
        u1_0.points,
        u1_0.remaining_visits,
        u1_0.total_visits,
        u1_0.updated_at 
    from
        users u1_0 
    where
        u1_0.id=?
2026-01-15 01:18:39.167 - 
    select
        po1_0.id,
        po1_0.card_end_date,
        po1_0.card_start_date,
        po1_0.created_at,
        po1_0.order_no,
        po1_0.package_id,
        po1_0.package_name,
        po1_0.payment_method,
        po1_0.payment_time,
        po1_0.price,
        po1_0.status,
        po1_0.transaction_type,
        po1_0.updated_at,
        po1_0.user_id 
    from
        payment_orders po1_0 
    where
        po1_0.user_id=?
2026-01-15 01:18:39.171 - 
    select
        po1_0.id,
        po1_0.card_end_date,
        po1_0.card_start_date,
        po1_0.created_at,
        po1_0.order_no,
        po1_0.package_id,
        po1_0.package_name,
        po1_0.payment_method,
        po1_0.payment_time,
        po1_0.price,
        po1_0.status,
        po1_0.transaction_type,
        po1_0.updated_at,
        po1_0.user_id 
    from
        payment_orders po1_0 
    where
        po1_0.user_id=? 
        and po1_0.status=?
2026-01-15 01:18:39.179 - 
    select
        po1_0.id,
        po1_0.card_end_date,
        po1_0.card_start_date,
        po1_0.created_at,
        po1_0.order_no,
        po1_0.package_id,
        po1_0.package_name,
        po1_0.payment_method,
        po1_0.payment_time,
        po1_0.price,
        po1_0.status,
        po1_0.transaction_type,
        po1_0.updated_at,
        po1_0.user_id 
    from
        payment_orders po1_0 
    where
        po1_0.user_id=?
2026-01-15 01:18:39.180 - 
    select
        u1_0.id,
        u1_0.avatar_url,
        u1_0.created_at,
        u1_0.last_login_time,
        u1_0.member_expire_time,
        u1_0.member_level,
        u1_0.nickname,
        u1_0.openid,
        u1_0.phone,
        u1_0.points,
        u1_0.remaining_visits,
        u1_0.total_visits,
        u1_0.updated_at 
    from
        users u1_0 
    where
        u1_0.id=?
2026-01-15 01:18:39.183 - 
    select
        po1_0.id,
        po1_0.card_end_date,
        po1_0.card_start_date,
        po1_0.created_at,
        po1_0.order_no,
        po1_0.package_id,
        po1_0.package_name,
        po1_0.payment_method,
        po1_0.payment_time,
        po1_0.price,
        po1_0.status,
        po1_0.transaction_type,
        po1_0.updated_at,
        po1_0.user_id 
    from
        payment_orders po1_0 
    where
        po1_0.user_id=? 
        and po1_0.status=?
2026-01-15 01:19:38.366 - 
    select
        po1_0.id,
        po1_0.card_end_date,
        po1_0.card_start_date,
        po1_0.created_at,
        po1_0.order_no,
        po1_0.package_id,
        po1_0.package_name,
        po1_0.payment_method,
        po1_0.payment_time,
        po1_0.price,
        po1_0.status,
        po1_0.transaction_type,
        po1_0.updated_at,
        po1_0.user_id 
    from
        payment_orders po1_0 
    where
        po1_0.user_id=?
2026-01-15 01:19:38.367 - 
    select
        u1_0.id,
        u1_0.avatar_url,
        u1_0.created_at,
        u1_0.last_login_time,
        u1_0.member_expire_time,
        u1_0.member_level,
        u1_0.nickname,
        u1_0.openid,
        u1_0.phone,
        u1_0.points,
        u1_0.remaining_visits,
        u1_0.total_visits,
        u1_0.updated_at 
    from
        users u1_0 
    where
        u1_0.id=?
2026-01-15 01:19:38.375 - 
    select
        po1_0.id,
        po1_0.card_end_date,
        po1_0.card_start_date,
        po1_0.created_at,
        po1_0.order_no,
        po1_0.package_id,
        po1_0.package_name,
        po1_0.payment_method,
        po1_0.payment_time,
        po1_0.price,
        po1_0.status,
        po1_0.transaction_type,
        po1_0.updated_at,
        po1_0.user_id 
    from
        payment_orders po1_0 
    where
        po1_0.user_id=? 
        and po1_0.status=?
2026-01-15 01:19:38.383 - 
    select
        po1_0.id,
        po1_0.card_end_date,
        po1_0.card_start_date,
        po1_0.created_at,
        po1_0.order_no,
        po1_0.package_id,
        po1_0.package_name,
        po1_0.payment_method,
        po1_0.payment_time,
        po1_0.price,
        po1_0.status,
        po1_0.transaction_type,
        po1_0.updated_at,
        po1_0.user_id 
    from
        payment_orders po1_0 
    where
        po1_0.user_id=?
2026-01-15 01:19:38.383 - 
    select
        u1_0.id,
        u1_0.avatar_url,
        u1_0.created_at,
        u1_0.last_login_time,
        u1_0.member_expire_time,
        u1_0.member_level,
        u1_0.nickname,
        u1_0.openid,
        u1_0.phone,
        u1_0.points,
        u1_0.remaining_visits,
        u1_0.total_visits,
        u1_0.updated_at 
    from
        users u1_0 
    where
        u1_0.id=?
2026-01-15 01:19:38.386 - 
    select
        po1_0.id,
        po1_0.card_end_date,
        po1_0.card_start_date,
        po1_0.created_at,
        po1_0.order_no,
        po1_0.package_id,
        po1_0.package_name,
        po1_0.payment_method,
        po1_0.payment_time,
        po1_0.price,
        po1_0.status,
        po1_0.transaction_type,
        po1_0.updated_at,
        po1_0.user_id 
    from
        payment_orders po1_0 
    where
        po1_0.user_id=? 
        and po1_0.status=?
2026-01-15 01:19:50.551 - 
    select
        mp1_0.id,
        mp1_0.avg_price_per_time,
        mp1_0.badge,
        mp1_0.category,
        mp1_0.code,
        mp1_0.description,
        mp1_0.features,
        mp1_0.is_active,
        mp1_0.name,
        mp1_0.people,
        mp1_0.price,
        mp1_0.sort_order,
        mp1_0.times_per_person,
        mp1_0.validity_days 
    from
        member_packages mp1_0 
    where
        mp1_0.is_active 
    order by
        mp1_0.sort_order
2026-01-15 01:20:06.105 - 
    select
        u1_0.id,
        u1_0.avatar_url,
        u1_0.created_at,
        u1_0.last_login_time,
        u1_0.member_expire_time,
        u1_0.member_level,
        u1_0.nickname,
        u1_0.openid,
        u1_0.phone,
        u1_0.points,
        u1_0.remaining_visits,
        u1_0.total_visits,
        u1_0.updated_at 
    from
        users u1_0 
    where
        u1_0.id=?
2026-01-15 01:20:06.105 - 
    select
        po1_0.id,
        po1_0.card_end_date,
        po1_0.card_start_date,
        po1_0.created_at,
        po1_0.order_no,
        po1_0.package_id,
        po1_0.package_name,
        po1_0.payment_method,
        po1_0.payment_time,
        po1_0.price,
        po1_0.status,
        po1_0.transaction_type,
        po1_0.updated_at,
        po1_0.user_id 
    from
        payment_orders po1_0 
    where
        po1_0.user_id=?
2026-01-15 01:20:06.114 - 
    select
        po1_0.id,
        po1_0.card_end_date,
        po1_0.card_start_date,
        po1_0.created_at,
        po1_0.order_no,
        po1_0.package_id,
        po1_0.package_name,
        po1_0.payment_method,
        po1_0.payment_time,
        po1_0.price,
        po1_0.status,
        po1_0.transaction_type,
        po1_0.updated_at,
        po1_0.user_id 
    from
        payment_orders po1_0 
    where
        po1_0.user_id=? 
        and po1_0.status=?
2026-01-15 01:20:06.122 - 
    select
        u1_0.id,
        u1_0.avatar_url,
        u1_0.created_at,
        u1_0.last_login_time,
        u1_0.member_expire_time,
        u1_0.member_level,
        u1_0.nickname,
        u1_0.openid,
        u1_0.phone,
        u1_0.points,
        u1_0.remaining_visits,
        u1_0.total_visits,
        u1_0.updated_at 
    from
        users u1_0 
    where
        u1_0.id=?
2026-01-15 01:20:06.123 - 
    select
        po1_0.id,
        po1_0.card_end_date,
        po1_0.card_start_date,
        po1_0.created_at,
        po1_0.order_no,
        po1_0.package_id,
        po1_0.package_name,
        po1_0.payment_method,
        po1_0.payment_time,
        po1_0.price,
        po1_0.status,
        po1_0.transaction_type,
        po1_0.updated_at,
        po1_0.user_id 
    from
        payment_orders po1_0 
    where
        po1_0.user_id=?
2026-01-15 01:20:06.129 - 
    select
        po1_0.id,
        po1_0.card_end_date,
        po1_0.card_start_date,
        po1_0.created_at,
        po1_0.order_no,
        po1_0.package_id,
        po1_0.package_name,
        po1_0.payment_method,
        po1_0.payment_time,
        po1_0.price,
        po1_0.status,
        po1_0.transaction_type,
        po1_0.updated_at,
        po1_0.user_id 
    from
        payment_orders po1_0 
    where
        po1_0.user_id=? 
        and po1_0.status=?
2026-01-15 01:20:10.938 - 
    select
        mp1_0.id,
        mp1_0.avg_price_per_time,
        mp1_0.badge,
        mp1_0.category,
        mp1_0.code,
        mp1_0.description,
        mp1_0.features,
        mp1_0.is_active,
        mp1_0.name,
        mp1_0.people,
        mp1_0.price,
        mp1_0.sort_order,
        mp1_0.times_per_person,
        mp1_0.validity_days 
    from
        member_packages mp1_0 
    where
        mp1_0.is_active 
    order by
        mp1_0.sort_order
2026-01-15 01:20:12.721 - 
    select
        po1_0.id,
        po1_0.card_end_date,
        po1_0.card_start_date,
        po1_0.created_at,
        po1_0.order_no,
        po1_0.package_id,
        po1_0.package_name,
        po1_0.payment_method,
        po1_0.payment_time,
        po1_0.price,
        po1_0.status,
        po1_0.transaction_type,
        po1_0.updated_at,
        po1_0.user_id 
    from
        payment_orders po1_0 
    where
        po1_0.user_id=?
2026-01-15 01:20:12.721 - 
    select
        u1_0.id,
        u1_0.avatar_url,
        u1_0.created_at,
        u1_0.last_login_time,
        u1_0.member_expire_time,
        u1_0.member_level,
        u1_0.nickname,
        u1_0.openid,
        u1_0.phone,
        u1_0.points,
        u1_0.remaining_visits,
        u1_0.total_visits,
        u1_0.updated_at 
    from
        users u1_0 
    where
        u1_0.id=?
2026-01-15 01:20:12.727 - 
    select
        po1_0.id,
        po1_0.card_end_date,
        po1_0.card_start_date,
        po1_0.created_at,
        po1_0.order_no,
        po1_0.package_id,
        po1_0.package_name,
        po1_0.payment_method,
        po1_0.payment_time,
        po1_0.price,
        po1_0.status,
        po1_0.transaction_type,
        po1_0.updated_at,
        po1_0.user_id 
    from
        payment_orders po1_0 
    where
        po1_0.user_id=? 
        and po1_0.status=?
2026-01-15 01:20:12.735 - 
    select
        po1_0.id,
        po1_0.card_end_date,
        po1_0.card_start_date,
        po1_0.created_at,
        po1_0.order_no,
        po1_0.package_id,
        po1_0.package_name,
        po1_0.payment_method,
        po1_0.payment_time,
        po1_0.price,
        po1_0.status,
        po1_0.transaction_type,
        po1_0.updated_at,
        po1_0.user_id 
    from
        payment_orders po1_0 
    where
        po1_0.user_id=?
2026-01-15 01:20:12.735 - 
    select
        u1_0.id,
        u1_0.avatar_url,
        u1_0.created_at,
        u1_0.last_login_time,
        u1_0.member_expire_time,
        u1_0.member_level,
        u1_0.nickname,
        u1_0.openid,
        u1_0.phone,
        u1_0.points,
        u1_0.remaining_visits,
        u1_0.total_visits,
        u1_0.updated_at 
    from
        users u1_0 
    where
        u1_0.id=?
2026-01-15 01:20:12.739 - 
    select
        po1_0.id,
        po1_0.card_end_date,
        po1_0.card_start_date,
        po1_0.created_at,
        po1_0.order_no,
        po1_0.package_id,
        po1_0.package_name,
        po1_0.payment_method,
        po1_0.payment_time,
        po1_0.price,
        po1_0.status,
        po1_0.transaction_type,
        po1_0.updated_at,
        po1_0.user_id 
    from
        payment_orders po1_0 
    where
        po1_0.user_id=? 
        and po1_0.status=?
2026-01-15 01:24:52.181 - 
    select
        mp1_0.id,
        mp1_0.avg_price_per_time,
        mp1_0.badge,
        mp1_0.category,
        mp1_0.code,
        mp1_0.description,
        mp1_0.features,
        mp1_0.is_active,
        mp1_0.name,
        mp1_0.people,
        mp1_0.price,
        mp1_0.sort_order,
        mp1_0.times_per_person,
        mp1_0.validity_days 
    from
        member_packages mp1_0 
    where
        mp1_0.category=? 
        and mp1_0.is_active 
    order by
        mp1_0.sort_order
2026-01-15 01:24:52.204 - 
    select
        mp1_0.id,
        mp1_0.avg_price_per_time,
        mp1_0.badge,
        mp1_0.category,
        mp1_0.code,
        mp1_0.description,
        mp1_0.features,
        mp1_0.is_active,
        mp1_0.name,
        mp1_0.people,
        mp1_0.price,
        mp1_0.sort_order,
        mp1_0.times_per_person,
        mp1_0.validity_days 
    from
        member_packages mp1_0 
    where
        mp1_0.category=? 
        and mp1_0.is_active 
    order by
        mp1_0.sort_order
2026-01-15 01:24:53.385 - 
    select
        po1_0.id,
        po1_0.card_end_date,
        po1_0.card_start_date,
        po1_0.created_at,
        po1_0.order_no,
        po1_0.package_id,
        po1_0.package_name,
        po1_0.payment_method,
        po1_0.payment_time,
        po1_0.price,
        po1_0.status,
        po1_0.transaction_type,
        po1_0.updated_at,
        po1_0.user_id 
    from
        payment_orders po1_0 
    where
        po1_0.user_id=?
2026-01-15 01:24:53.405 - 
    select
        u1_0.id,
        u1_0.avatar_url,
        u1_0.created_at,
        u1_0.last_login_time,
        u1_0.member_expire_time,
        u1_0.member_level,
        u1_0.nickname,
        u1_0.openid,
        u1_0.phone,
        u1_0.points,
        u1_0.remaining_visits,
        u1_0.total_visits,
        u1_0.updated_at 
    from
        users u1_0 
    where
        u1_0.id=?
2026-01-15 01:24:53.411 - 
    select
        po1_0.id,
        po1_0.card_end_date,
        po1_0.card_start_date,
        po1_0.created_at,
        po1_0.order_no,
        po1_0.package_id,
        po1_0.package_name,
        po1_0.payment_method,
        po1_0.payment_time,
        po1_0.price,
        po1_0.status,
        po1_0.transaction_type,
        po1_0.updated_at,
        po1_0.user_id 
    from
        payment_orders po1_0 
    where
        po1_0.user_id=? 
        and po1_0.status=?
2026-01-15 01:25:25.289 - 
    select
        po1_0.id,
        po1_0.card_end_date,
        po1_0.card_start_date,
        po1_0.created_at,
        po1_0.order_no,
        po1_0.package_id,
        po1_0.package_name,
        po1_0.payment_method,
        po1_0.payment_time,
        po1_0.price,
        po1_0.status,
        po1_0.transaction_type,
        po1_0.updated_at,
        po1_0.user_id 
    from
        payment_orders po1_0 
    where
        po1_0.user_id=?
2026-01-15 01:25:27.639 - 
    select
        u1_0.id,
        u1_0.avatar_url,
        u1_0.created_at,
        u1_0.last_login_time,
        u1_0.member_expire_time,
        u1_0.member_level,
        u1_0.nickname,
        u1_0.openid,
        u1_0.phone,
        u1_0.points,
        u1_0.remaining_visits,
        u1_0.total_visits,
        u1_0.updated_at 
    from
        users u1_0 
    where
        u1_0.id=?
2026-01-15 01:25:27.643 - 
    select
        mp1_0.id,
        mp1_0.avg_price_per_time,
        mp1_0.badge,
        mp1_0.category,
        mp1_0.code,
        mp1_0.description,
        mp1_0.features,
        mp1_0.is_active,
        mp1_0.name,
        mp1_0.people,
        mp1_0.price,
        mp1_0.sort_order,
        mp1_0.times_per_person,
        mp1_0.validity_days 
    from
        member_packages mp1_0 
    where
        mp1_0.id=?
2026-01-15 01:25:27.644 - 
    select
        po1_0.id,
        po1_0.card_end_date,
        po1_0.card_start_date,
        po1_0.created_at,
        po1_0.order_no,
        po1_0.package_id,
        po1_0.package_name,
        po1_0.payment_method,
        po1_0.payment_time,
        po1_0.price,
        po1_0.status,
        po1_0.transaction_type,
        po1_0.updated_at,
        po1_0.user_id 
    from
        payment_orders po1_0 
    where
        po1_0.user_id=? 
        and po1_0.status=?
2026-01-15 01:25:27.663 - 
    insert 
    into
        payment_orders
        (card_end_date, card_start_date, created_at, order_no, package_id, package_name, payment_method, payment_time, price, status, transaction_type, updated_at, user_id) 
    values
        (?, ?, ?, ?, ?, ?, ?, ?, ?, ?, ?, ?, ?)
2026-01-15 01:25:27.698 - 
    select
        po1_0.id,
        po1_0.card_end_date,
        po1_0.card_start_date,
        po1_0.created_at,
        po1_0.order_no,
        po1_0.package_id,
        po1_0.package_name,
        po1_0.payment_method,
        po1_0.payment_time,
        po1_0.price,
        po1_0.status,
        po1_0.transaction_type,
        po1_0.updated_at,
        po1_0.user_id 
    from
        payment_orders po1_0 
    where
        po1_0.id=?
2026-01-15 01:25:27.699 - 
    select
        u1_0.id,
        u1_0.avatar_url,
        u1_0.created_at,
        u1_0.last_login_time,
        u1_0.member_expire_time,
        u1_0.member_level,
        u1_0.nickname,
        u1_0.openid,
        u1_0.phone,
        u1_0.points,
        u1_0.remaining_visits,
        u1_0.total_visits,
        u1_0.updated_at 
    from
        users u1_0 
    where
        u1_0.id=?
2026-01-15 01:25:32.627 - 
    select
        po1_0.id,
        po1_0.card_end_date,
        po1_0.card_start_date,
        po1_0.created_at,
        po1_0.order_no,
        po1_0.package_id,
        po1_0.package_name,
        po1_0.payment_method,
        po1_0.payment_time,
        po1_0.price,
        po1_0.status,
        po1_0.transaction_type,
        po1_0.updated_at,
        po1_0.user_id 
    from
        payment_orders po1_0 
    where
        po1_0.user_id=?
2026-01-15 01:25:32.627 - 
    select
        u1_0.id,
        u1_0.avatar_url,
        u1_0.created_at,
        u1_0.last_login_time,
        u1_0.member_expire_time,
        u1_0.member_level,
        u1_0.nickname,
        u1_0.openid,
        u1_0.phone,
        u1_0.points,
        u1_0.remaining_visits,
        u1_0.total_visits,
        u1_0.updated_at 
    from
        users u1_0 
    where
        u1_0.id=?
2026-01-15 01:25:32.631 - 
    select
        po1_0.id,
        po1_0.card_end_date,
        po1_0.card_start_date,
        po1_0.created_at,
        po1_0.order_no,
        po1_0.package_id,
        po1_0.package_name,
        po1_0.payment_method,
        po1_0.payment_time,
        po1_0.price,
        po1_0.status,
        po1_0.transaction_type,
        po1_0.updated_at,
        po1_0.user_id 
    from
        payment_orders po1_0 
    where
        po1_0.user_id=? 
        and po1_0.status=?
2026-01-15 01:25:39.364 - 
    select
        po1_0.id,
        po1_0.card_end_date,
        po1_0.card_start_date,
        po1_0.created_at,
        po1_0.order_no,
        po1_0.package_id,
        po1_0.package_name,
        po1_0.payment_method,
        po1_0.payment_time,
        po1_0.price,
        po1_0.status,
        po1_0.transaction_type,
        po1_0.updated_at,
        po1_0.user_id 
    from
        payment_orders po1_0 
    where
        po1_0.id=?
2026-01-15 01:25:39.370 - 
    select
        u1_0.id,
        u1_0.avatar_url,
        u1_0.created_at,
        u1_0.last_login_time,
        u1_0.member_expire_time,
        u1_0.member_level,
        u1_0.nickname,
        u1_0.openid,
        u1_0.phone,
        u1_0.points,
        u1_0.remaining_visits,
        u1_0.total_visits,
        u1_0.updated_at 
    from
        users u1_0 
    where
        u1_0.id=?
2026-01-15 01:25:39.372 - 
    select
        mp1_0.id,
        mp1_0.avg_price_per_time,
        mp1_0.badge,
        mp1_0.category,
        mp1_0.code,
        mp1_0.description,
        mp1_0.features,
        mp1_0.is_active,
        mp1_0.name,
        mp1_0.people,
        mp1_0.price,
        mp1_0.sort_order,
        mp1_0.times_per_person,
        mp1_0.validity_days 
    from
        member_packages mp1_0 
    where
        mp1_0.id=?
2026-01-15 01:25:39.381 - 
    update
        payment_orders 
    set
        card_end_date=?,
        card_start_date=?,
        created_at=?,
        order_no=?,
        package_id=?,
        package_name=?,
        payment_method=?,
        payment_time=?,
        price=?,
        status=?,
        transaction_type=?,
        updated_at=?,
        user_id=? 
    where
        id=?
2026-01-15 01:25:39.385 - 
    update
        users 
    set
        avatar_url=?,
        created_at=?,
        last_login_time=?,
        member_expire_time=?,
        member_level=?,
        nickname=?,
        openid=?,
        phone=?,
        points=?,
        remaining_visits=?,
        total_visits=?,
        updated_at=? 
    where
        id=?
2026-01-15 01:25:41.641 - 
    select
        u1_0.id,
        u1_0.avatar_url,
        u1_0.created_at,
        u1_0.last_login_time,
        u1_0.member_expire_time,
        u1_0.member_level,
        u1_0.nickname,
        u1_0.openid,
        u1_0.phone,
        u1_0.points,
        u1_0.remaining_visits,
        u1_0.total_visits,
        u1_0.updated_at 
    from
        users u1_0 
    where
        u1_0.id=?
2026-01-15 01:25:41.645 - 
    select
        po1_0.id,
        po1_0.card_end_date,
        po1_0.card_start_date,
        po1_0.created_at,
        po1_0.order_no,
        po1_0.package_id,
        po1_0.package_name,
        po1_0.payment_method,
        po1_0.payment_time,
        po1_0.price,
        po1_0.status,
        po1_0.transaction_type,
        po1_0.updated_at,
        po1_0.user_id 
    from
        payment_orders po1_0 
    where
        po1_0.user_id=? 
        and po1_0.status=?
2026-01-15 01:25:41.645 - 
    select
        po1_0.id,
        po1_0.card_end_date,
        po1_0.card_start_date,
        po1_0.created_at,
        po1_0.order_no,
        po1_0.package_id,
        po1_0.package_name,
        po1_0.payment_method,
        po1_0.payment_time,
        po1_0.price,
        po1_0.status,
        po1_0.transaction_type,
        po1_0.updated_at,
        po1_0.user_id 
    from
        payment_orders po1_0 
    where
        po1_0.user_id=?
2026-01-15 01:25:41.654 - 
    select
        po1_0.id,
        po1_0.card_end_date,
        po1_0.card_start_date,
        po1_0.created_at,
        po1_0.order_no,
        po1_0.package_id,
        po1_0.package_name,
        po1_0.payment_method,
        po1_0.payment_time,
        po1_0.price,
        po1_0.status,
        po1_0.transaction_type,
        po1_0.updated_at,
        po1_0.user_id 
    from
        payment_orders po1_0 
    where
        po1_0.user_id=?
2026-01-15 01:25:41.654 - 
    select
        u1_0.id,
        u1_0.avatar_url,
        u1_0.created_at,
        u1_0.last_login_time,
        u1_0.member_expire_time,
        u1_0.member_level,
        u1_0.nickname,
        u1_0.openid,
        u1_0.phone,
        u1_0.points,
        u1_0.remaining_visits,
        u1_0.total_visits,
        u1_0.updated_at 
    from
        users u1_0 
    where
        u1_0.id=?
2026-01-15 01:25:41.656 - 
    select
        po1_0.id,
        po1_0.card_end_date,
        po1_0.card_start_date,
        po1_0.created_at,
        po1_0.order_no,
        po1_0.package_id,
        po1_0.package_name,
        po1_0.payment_method,
        po1_0.payment_time,
        po1_0.price,
        po1_0.status,
        po1_0.transaction_type,
        po1_0.updated_at,
        po1_0.user_id 
    from
        payment_orders po1_0 
    where
        po1_0.user_id=? 
        and po1_0.status=?
2026-01-15 01:25:46.004 - 
    select
        mp1_0.id,
        mp1_0.avg_price_per_time,
        mp1_0.badge,
        mp1_0.category,
        mp1_0.code,
        mp1_0.description,
        mp1_0.features,
        mp1_0.is_active,
        mp1_0.name,
        mp1_0.people,
        mp1_0.price,
        mp1_0.sort_order,
        mp1_0.times_per_person,
        mp1_0.validity_days 
    from
        member_packages mp1_0 
    where
        mp1_0.category=? 
        and mp1_0.is_active 
    order by
        mp1_0.sort_order
2026-01-15 01:25:46.016 - 
    select
        mp1_0.id,
        mp1_0.avg_price_per_time,
        mp1_0.badge,
        mp1_0.category,
        mp1_0.code,
        mp1_0.description,
        mp1_0.features,
        mp1_0.is_active,
        mp1_0.name,
        mp1_0.people,
        mp1_0.price,
        mp1_0.sort_order,
        mp1_0.times_per_person,
        mp1_0.validity_days 
    from
        member_packages mp1_0 
    where
        mp1_0.category=? 
        and mp1_0.is_active 
    order by
        mp1_0.sort_order
2026-01-15 01:25:52.512 - 
    select
        u1_0.id,
        u1_0.avatar_url,
        u1_0.created_at,
        u1_0.last_login_time,
        u1_0.member_expire_time,
        u1_0.member_level,
        u1_0.nickname,
        u1_0.openid,
        u1_0.phone,
        u1_0.points,
        u1_0.remaining_visits,
        u1_0.total_visits,
        u1_0.updated_at 
    from
        users u1_0 
    where
        u1_0.id=?
2026-01-15 01:25:52.515 - 
    select
        dvr1_0.id,
        dvr1_0.created_at,
        dvr1_0.last_visit_time,
        dvr1_0.updated_at,
        dvr1_0.user_id,
        dvr1_0.visit_count,
        dvr1_0.visit_date 
    from
        daily_visit_records dvr1_0 
    where
        dvr1_0.user_id=? 
        and dvr1_0.visit_date=?
2026-01-15 01:25:57.475 - 
    select
        mp1_0.id,
        mp1_0.avg_price_per_time,
        mp1_0.badge,
        mp1_0.category,
        mp1_0.code,
        mp1_0.description,
        mp1_0.features,
        mp1_0.is_active,
        mp1_0.name,
        mp1_0.people,
        mp1_0.price,
        mp1_0.sort_order,
        mp1_0.times_per_person,
        mp1_0.validity_days 
    from
        member_packages mp1_0 
    where
        mp1_0.is_active 
    order by
        mp1_0.sort_order
2026-01-15 01:26:15.225 - 
    select
        mp1_0.id,
        mp1_0.avg_price_per_time,
        mp1_0.badge,
        mp1_0.category,
        mp1_0.code,
        mp1_0.description,
        mp1_0.features,
        mp1_0.is_active,
        mp1_0.name,
        mp1_0.people,
        mp1_0.price,
        mp1_0.sort_order,
        mp1_0.times_per_person,
        mp1_0.validity_days 
    from
        member_packages mp1_0 
    where
        mp1_0.is_active 
    order by
        mp1_0.sort_order
2026-01-15 01:26:17.323 - 
    select
        mp1_0.id,
        mp1_0.avg_price_per_time,
        mp1_0.badge,
        mp1_0.category,
        mp1_0.code,
        mp1_0.description,
        mp1_0.features,
        mp1_0.is_active,
        mp1_0.name,
        mp1_0.people,
        mp1_0.price,
        mp1_0.sort_order,
        mp1_0.times_per_person,
        mp1_0.validity_days 
    from
        member_packages mp1_0 
    where
        mp1_0.category=? 
        and mp1_0.is_active 
    order by
        mp1_0.sort_order
2026-01-15 01:26:17.337 - 
    select
        mp1_0.id,
        mp1_0.avg_price_per_time,
        mp1_0.badge,
        mp1_0.category,
        mp1_0.code,
        mp1_0.description,
        mp1_0.features,
        mp1_0.is_active,
        mp1_0.name,
        mp1_0.people,
        mp1_0.price,
        mp1_0.sort_order,
        mp1_0.times_per_person,
        mp1_0.validity_days 
    from
        member_packages mp1_0 
    where
        mp1_0.category=? 
        and mp1_0.is_active 
    order by
        mp1_0.sort_order
2026-01-15 01:26:21.343 - 
    select
        u1_0.id,
        u1_0.avatar_url,
        u1_0.created_at,
        u1_0.last_login_time,
        u1_0.member_expire_time,
        u1_0.member_level,
        u1_0.nickname,
        u1_0.openid,
        u1_0.phone,
        u1_0.points,
        u1_0.remaining_visits,
        u1_0.total_visits,
        u1_0.updated_at 
    from
        users u1_0 
    where
        u1_0.id=?
2026-01-15 01:26:21.373 - 
    select
        dvr1_0.id,
        dvr1_0.created_at,
        dvr1_0.last_visit_time,
        dvr1_0.updated_at,
        dvr1_0.user_id,
        dvr1_0.visit_count,
        dvr1_0.visit_date 
    from
        daily_visit_records dvr1_0 
    where
        dvr1_0.user_id=? 
        and dvr1_0.visit_date=?
2026-01-15 01:26:22.951 - 
    select
        u1_0.id,
        u1_0.avatar_url,
        u1_0.created_at,
        u1_0.last_login_time,
        u1_0.member_expire_time,
        u1_0.member_level,
        u1_0.nickname,
        u1_0.openid,
        u1_0.phone,
        u1_0.points,
        u1_0.remaining_visits,
        u1_0.total_visits,
        u1_0.updated_at 
    from
        users u1_0 
    where
        u1_0.id=?
2026-01-15 01:26:22.951 - 
    select
        po1_0.id,
        po1_0.card_end_date,
        po1_0.card_start_date,
        po1_0.created_at,
        po1_0.order_no,
        po1_0.package_id,
        po1_0.package_name,
        po1_0.payment_method,
        po1_0.payment_time,
        po1_0.price,
        po1_0.status,
        po1_0.transaction_type,
        po1_0.updated_at,
        po1_0.user_id 
    from
        payment_orders po1_0 
    where
        po1_0.user_id=?
2026-01-15 01:26:22.953 - 
    select
        po1_0.id,
        po1_0.card_end_date,
        po1_0.card_start_date,
        po1_0.created_at,
        po1_0.order_no,
        po1_0.package_id,
        po1_0.package_name,
        po1_0.payment_method,
        po1_0.payment_time,
        po1_0.price,
        po1_0.status,
        po1_0.transaction_type,
        po1_0.updated_at,
        po1_0.user_id 
    from
        payment_orders po1_0 
    where
        po1_0.user_id=? 
        and po1_0.status=?
2026-01-15 01:26:22.958 - 
    select
        po1_0.id,
        po1_0.card_end_date,
        po1_0.card_start_date,
        po1_0.created_at,
        po1_0.order_no,
        po1_0.package_id,
        po1_0.package_name,
        po1_0.payment_method,
        po1_0.payment_time,
        po1_0.price,
        po1_0.status,
        po1_0.transaction_type,
        po1_0.updated_at,
        po1_0.user_id 
    from
        payment_orders po1_0 
    where
        po1_0.user_id=?
2026-01-15 01:26:22.960 - 
    select
        u1_0.id,
        u1_0.avatar_url,
        u1_0.created_at,
        u1_0.last_login_time,
        u1_0.member_expire_time,
        u1_0.member_level,
        u1_0.nickname,
        u1_0.openid,
        u1_0.phone,
        u1_0.points,
        u1_0.remaining_visits,
        u1_0.total_visits,
        u1_0.updated_at 
    from
        users u1_0 
    where
        u1_0.id=?
2026-01-15 01:26:22.964 - 
    select
        po1_0.id,
        po1_0.card_end_date,
        po1_0.card_start_date,
        po1_0.created_at,
        po1_0.order_no,
        po1_0.package_id,
        po1_0.package_name,
        po1_0.payment_method,
        po1_0.payment_time,
        po1_0.price,
        po1_0.status,
        po1_0.transaction_type,
        po1_0.updated_at,
        po1_0.user_id 
    from
        payment_orders po1_0 
    where
        po1_0.user_id=? 
        and po1_0.status=?
2026-01-15 01:26:27.923 - 
    select
        mp1_0.id,
        mp1_0.avg_price_per_time,
        mp1_0.badge,
        mp1_0.category,
        mp1_0.code,
        mp1_0.description,
        mp1_0.features,
        mp1_0.is_active,
        mp1_0.name,
        mp1_0.people,
        mp1_0.price,
        mp1_0.sort_order,
        mp1_0.times_per_person,
        mp1_0.validity_days 
    from
        member_packages mp1_0 
    where
        mp1_0.category=? 
        and mp1_0.is_active 
    order by
        mp1_0.sort_order
2026-01-15 01:26:27.930 - 
    select
        mp1_0.id,
        mp1_0.avg_price_per_time,
        mp1_0.badge,
        mp1_0.category,
        mp1_0.code,
        mp1_0.description,
        mp1_0.features,
        mp1_0.is_active,
        mp1_0.name,
        mp1_0.people,
        mp1_0.price,
        mp1_0.sort_order,
        mp1_0.times_per_person,
        mp1_0.validity_days 
    from
        member_packages mp1_0 
    where
        mp1_0.category=? 
        and mp1_0.is_active 
    order by
        mp1_0.sort_order
2026-01-15 01:26:42.160 - 
    select
        po1_0.id,
        po1_0.card_end_date,
        po1_0.card_start_date,
        po1_0.created_at,
        po1_0.order_no,
        po1_0.package_id,
        po1_0.package_name,
        po1_0.payment_method,
        po1_0.payment_time,
        po1_0.price,
        po1_0.status,
        po1_0.transaction_type,
        po1_0.updated_at,
        po1_0.user_id 
    from
        payment_orders po1_0 
    where
        po1_0.user_id=?
2026-01-15 01:26:42.160 - 
    select
        u1_0.id,
        u1_0.avatar_url,
        u1_0.created_at,
        u1_0.last_login_time,
        u1_0.member_expire_time,
        u1_0.member_level,
        u1_0.nickname,
        u1_0.openid,
        u1_0.phone,
        u1_0.points,
        u1_0.remaining_visits,
        u1_0.total_visits,
        u1_0.updated_at 
    from
        users u1_0 
    where
        u1_0.id=?
2026-01-15 01:26:42.164 - 
    select
        po1_0.id,
        po1_0.card_end_date,
        po1_0.card_start_date,
        po1_0.created_at,
        po1_0.order_no,
        po1_0.package_id,
        po1_0.package_name,
        po1_0.payment_method,
        po1_0.payment_time,
        po1_0.price,
        po1_0.status,
        po1_0.transaction_type,
        po1_0.updated_at,
        po1_0.user_id 
    from
        payment_orders po1_0 
    where
        po1_0.user_id=? 
        and po1_0.status=?
2026-01-15 01:26:42.173 - 
    select
        po1_0.id,
        po1_0.card_end_date,
        po1_0.card_start_date,
        po1_0.created_at,
        po1_0.order_no,
        po1_0.package_id,
        po1_0.package_name,
        po1_0.payment_method,
        po1_0.payment_time,
        po1_0.price,
        po1_0.status,
        po1_0.transaction_type,
        po1_0.updated_at,
        po1_0.user_id 
    from
        payment_orders po1_0 
    where
        po1_0.user_id=?
2026-01-15 01:26:42.174 - 
    select
        u1_0.id,
        u1_0.avatar_url,
        u1_0.created_at,
        u1_0.last_login_time,
        u1_0.member_expire_time,
        u1_0.member_level,
        u1_0.nickname,
        u1_0.openid,
        u1_0.phone,
        u1_0.points,
        u1_0.remaining_visits,
        u1_0.total_visits,
        u1_0.updated_at 
    from
        users u1_0 
    where
        u1_0.id=?
2026-01-15 01:26:42.176 - 
    select
        po1_0.id,
        po1_0.card_end_date,
        po1_0.card_start_date,
        po1_0.created_at,
        po1_0.order_no,
        po1_0.package_id,
        po1_0.package_name,
        po1_0.payment_method,
        po1_0.payment_time,
        po1_0.price,
        po1_0.status,
        po1_0.transaction_type,
        po1_0.updated_at,
        po1_0.user_id 
    from
        payment_orders po1_0 
    where
        po1_0.user_id=? 
        and po1_0.status=?
2026-01-15 01:27:34.063 - 
    select
        mp1_0.id,
        mp1_0.avg_price_per_time,
        mp1_0.badge,
        mp1_0.category,
        mp1_0.code,
        mp1_0.description,
        mp1_0.features,
        mp1_0.is_active,
        mp1_0.name,
        mp1_0.people,
        mp1_0.price,
        mp1_0.sort_order,
        mp1_0.times_per_person,
        mp1_0.validity_days 
    from
        member_packages mp1_0 
    where
        mp1_0.is_active 
    order by
        mp1_0.sort_order
2026-01-15 01:29:26.414 - 
    select
        po1_0.id,
        po1_0.card_end_date,
        po1_0.card_start_date,
        po1_0.created_at,
        po1_0.order_no,
        po1_0.package_id,
        po1_0.package_name,
        po1_0.payment_method,
        po1_0.payment_time,
        po1_0.price,
        po1_0.status,
        po1_0.transaction_type,
        po1_0.updated_at,
        po1_0.user_id 
    from
        payment_orders po1_0 
    where
        po1_0.user_id=?
2026-01-15 01:29:26.415 - 
    select
        u1_0.id,
        u1_0.avatar_url,
        u1_0.created_at,
        u1_0.last_login_time,
        u1_0.member_expire_time,
        u1_0.member_level,
        u1_0.nickname,
        u1_0.openid,
        u1_0.phone,
        u1_0.points,
        u1_0.remaining_visits,
        u1_0.total_visits,
        u1_0.updated_at 
    from
        users u1_0 
    where
        u1_0.id=?
2026-01-15 01:29:26.422 - 
    select
        po1_0.id,
        po1_0.card_end_date,
        po1_0.card_start_date,
        po1_0.created_at,
        po1_0.order_no,
        po1_0.package_id,
        po1_0.package_name,
        po1_0.payment_method,
        po1_0.payment_time,
        po1_0.price,
        po1_0.status,
        po1_0.transaction_type,
        po1_0.updated_at,
        po1_0.user_id 
    from
        payment_orders po1_0 
    where
        po1_0.user_id=? 
        and po1_0.status=?
2026-01-15 01:29:26.436 - 
    select
        u1_0.id,
        u1_0.avatar_url,
        u1_0.created_at,
        u1_0.last_login_time,
        u1_0.member_expire_time,
        u1_0.member_level,
        u1_0.nickname,
        u1_0.openid,
        u1_0.phone,
        u1_0.points,
        u1_0.remaining_visits,
        u1_0.total_visits,
        u1_0.updated_at 
    from
        users u1_0 
    where
        u1_0.id=?
2026-01-15 01:29:26.436 - 
    select
        po1_0.id,
        po1_0.card_end_date,
        po1_0.card_start_date,
        po1_0.created_at,
        po1_0.order_no,
        po1_0.package_id,
        po1_0.package_name,
        po1_0.payment_method,
        po1_0.payment_time,
        po1_0.price,
        po1_0.status,
        po1_0.transaction_type,
        po1_0.updated_at,
        po1_0.user_id 
    from
        payment_orders po1_0 
    where
        po1_0.user_id=?
2026-01-15 01:29:26.438 - 
    select
        po1_0.id,
        po1_0.card_end_date,
        po1_0.card_start_date,
        po1_0.created_at,
        po1_0.order_no,
        po1_0.package_id,
        po1_0.package_name,
        po1_0.payment_method,
        po1_0.payment_time,
        po1_0.price,
        po1_0.status,
        po1_0.transaction_type,
        po1_0.updated_at,
        po1_0.user_id 
    from
        payment_orders po1_0 
    where
        po1_0.user_id=? 
        and po1_0.status=?
2026-01-15 01:30:22.853 - 
    select
        mp1_0.id,
        mp1_0.avg_price_per_time,
        mp1_0.badge,
        mp1_0.category,
        mp1_0.code,
        mp1_0.description,
        mp1_0.features,
        mp1_0.is_active,
        mp1_0.name,
        mp1_0.people,
        mp1_0.price,
        mp1_0.sort_order,
        mp1_0.times_per_person,
        mp1_0.validity_days 
    from
        member_packages mp1_0 
    where
        mp1_0.is_active 
    order by
        mp1_0.sort_order
2026-01-15 01:30:23.779 - 
    select
        po1_0.id,
        po1_0.card_end_date,
        po1_0.card_start_date,
        po1_0.created_at,
        po1_0.order_no,
        po1_0.package_id,
        po1_0.package_name,
        po1_0.payment_method,
        po1_0.payment_time,
        po1_0.price,
        po1_0.status,
        po1_0.transaction_type,
        po1_0.updated_at,
        po1_0.user_id 
    from
        payment_orders po1_0 
    where
        po1_0.user_id=?
2026-01-15 01:30:23.780 - 
    select
        u1_0.id,
        u1_0.avatar_url,
        u1_0.created_at,
        u1_0.last_login_time,
        u1_0.member_expire_time,
        u1_0.member_level,
        u1_0.nickname,
        u1_0.openid,
        u1_0.phone,
        u1_0.points,
        u1_0.remaining_visits,
        u1_0.total_visits,
        u1_0.updated_at 
    from
        users u1_0 
    where
        u1_0.id=?
2026-01-15 01:30:23.786 - 
    select
        po1_0.id,
        po1_0.card_end_date,
        po1_0.card_start_date,
        po1_0.created_at,
        po1_0.order_no,
        po1_0.package_id,
        po1_0.package_name,
        po1_0.payment_method,
        po1_0.payment_time,
        po1_0.price,
        po1_0.status,
        po1_0.transaction_type,
        po1_0.updated_at,
        po1_0.user_id 
    from
        payment_orders po1_0 
    where
        po1_0.user_id=? 
        and po1_0.status=?
2026-01-15 01:30:23.793 - 
    select
        po1_0.id,
        po1_0.card_end_date,
        po1_0.card_start_date,
        po1_0.created_at,
        po1_0.order_no,
        po1_0.package_id,
        po1_0.package_name,
        po1_0.payment_method,
        po1_0.payment_time,
        po1_0.price,
        po1_0.status,
        po1_0.transaction_type,
        po1_0.updated_at,
        po1_0.user_id 
    from
        payment_orders po1_0 
    where
        po1_0.user_id=?
2026-01-15 01:30:23.797 - 
    select
        u1_0.id,
        u1_0.avatar_url,
        u1_0.created_at,
        u1_0.last_login_time,
        u1_0.member_expire_time,
        u1_0.member_level,
        u1_0.nickname,
        u1_0.openid,
        u1_0.phone,
        u1_0.points,
        u1_0.remaining_visits,
        u1_0.total_visits,
        u1_0.updated_at 
    from
        users u1_0 
    where
        u1_0.id=?
2026-01-15 01:30:23.801 - 
    select
        po1_0.id,
        po1_0.card_end_date,
        po1_0.card_start_date,
        po1_0.created_at,
        po1_0.order_no,
        po1_0.package_id,
        po1_0.package_name,
        po1_0.payment_method,
        po1_0.payment_time,
        po1_0.price,
        po1_0.status,
        po1_0.transaction_type,
        po1_0.updated_at,
        po1_0.user_id 
    from
        payment_orders po1_0 
    where
        po1_0.user_id=? 
        and po1_0.status=?
2026-01-15 01:30:25.979 - 
    select
        mp1_0.id,
        mp1_0.avg_price_per_time,
        mp1_0.badge,
        mp1_0.category,
        mp1_0.code,
        mp1_0.description,
        mp1_0.features,
        mp1_0.is_active,
        mp1_0.name,
        mp1_0.people,
        mp1_0.price,
        mp1_0.sort_order,
        mp1_0.times_per_person,
        mp1_0.validity_days 
    from
        member_packages mp1_0 
    where
        mp1_0.category=? 
        and mp1_0.is_active 
    order by
        mp1_0.sort_order
2026-01-15 01:30:25.988 - 
    select
        mp1_0.id,
        mp1_0.avg_price_per_time,
        mp1_0.badge,
        mp1_0.category,
        mp1_0.code,
        mp1_0.description,
        mp1_0.features,
        mp1_0.is_active,
        mp1_0.name,
        mp1_0.people,
        mp1_0.price,
        mp1_0.sort_order,
        mp1_0.times_per_person,
        mp1_0.validity_days 
    from
        member_packages mp1_0 
    where
        mp1_0.category=? 
        and mp1_0.is_active 
    order by
        mp1_0.sort_order
2026-01-15 01:30:27.956 - 
    select
        po1_0.id,
        po1_0.card_end_date,
        po1_0.card_start_date,
        po1_0.created_at,
        po1_0.order_no,
        po1_0.package_id,
        po1_0.package_name,
        po1_0.payment_method,
        po1_0.payment_time,
        po1_0.price,
        po1_0.status,
        po1_0.transaction_type,
        po1_0.updated_at,
        po1_0.user_id 
    from
        payment_orders po1_0 
    where
        po1_0.user_id=?
2026-01-15 01:30:27.964 - 
    select
        po1_0.id,
        po1_0.card_end_date,
        po1_0.card_start_date,
        po1_0.created_at,
        po1_0.order_no,
        po1_0.package_id,
        po1_0.package_name,
        po1_0.payment_method,
        po1_0.payment_time,
        po1_0.price,
        po1_0.status,
        po1_0.transaction_type,
        po1_0.updated_at,
        po1_0.user_id 
    from
        payment_orders po1_0 
    where
        po1_0.user_id=?
2026-01-15 01:30:33.776 - 
    select
        u1_0.id,
        u1_0.avatar_url,
        u1_0.created_at,
        u1_0.last_login_time,
        u1_0.member_expire_time,
        u1_0.member_level,
        u1_0.nickname,
        u1_0.openid,
        u1_0.phone,
        u1_0.points,
        u1_0.remaining_visits,
        u1_0.total_visits,
        u1_0.updated_at 
    from
        users u1_0 
    where
        u1_0.id=?
2026-01-15 01:30:33.783 - 
    select
        dvr1_0.id,
        dvr1_0.created_at,
        dvr1_0.last_visit_time,
        dvr1_0.updated_at,
        dvr1_0.user_id,
        dvr1_0.visit_count,
        dvr1_0.visit_date 
    from
        daily_visit_records dvr1_0 
    where
        dvr1_0.user_id=? 
        and dvr1_0.visit_date=?
2026-01-15 01:32:03.083 - 
    select
        po1_0.id,
        po1_0.card_end_date,
        po1_0.card_start_date,
        po1_0.created_at,
        po1_0.order_no,
        po1_0.package_id,
        po1_0.package_name,
        po1_0.payment_method,
        po1_0.payment_time,
        po1_0.price,
        po1_0.status,
        po1_0.transaction_type,
        po1_0.updated_at,
        po1_0.user_id 
    from
        payment_orders po1_0 
    where
        po1_0.user_id=?
2026-01-15 01:32:03.083 - 
    select
        u1_0.id,
        u1_0.avatar_url,
        u1_0.created_at,
        u1_0.last_login_time,
        u1_0.member_expire_time,
        u1_0.member_level,
        u1_0.nickname,
        u1_0.openid,
        u1_0.phone,
        u1_0.points,
        u1_0.remaining_visits,
        u1_0.total_visits,
        u1_0.updated_at 
    from
        users u1_0 
    where
        u1_0.id=?
2026-01-15 01:32:03.089 - 
    select
        po1_0.id,
        po1_0.card_end_date,
        po1_0.card_start_date,
        po1_0.created_at,
        po1_0.order_no,
        po1_0.package_id,
        po1_0.package_name,
        po1_0.payment_method,
        po1_0.payment_time,
        po1_0.price,
        po1_0.status,
        po1_0.transaction_type,
        po1_0.updated_at,
        po1_0.user_id 
    from
        payment_orders po1_0 
    where
        po1_0.user_id=? 
        and po1_0.status=?
2026-01-15 01:32:03.095 - 
    select
        po1_0.id,
        po1_0.card_end_date,
        po1_0.card_start_date,
        po1_0.created_at,
        po1_0.order_no,
        po1_0.package_id,
        po1_0.package_name,
        po1_0.payment_method,
        po1_0.payment_time,
        po1_0.price,
        po1_0.status,
        po1_0.transaction_type,
        po1_0.updated_at,
        po1_0.user_id 
    from
        payment_orders po1_0 
    where
        po1_0.user_id=?
2026-01-15 01:32:03.097 - 
    select
        u1_0.id,
        u1_0.avatar_url,
        u1_0.created_at,
        u1_0.last_login_time,
        u1_0.member_expire_time,
        u1_0.member_level,
        u1_0.nickname,
        u1_0.openid,
        u1_0.phone,
        u1_0.points,
        u1_0.remaining_visits,
        u1_0.total_visits,
        u1_0.updated_at 
    from
        users u1_0 
    where
        u1_0.id=?
2026-01-15 01:32:03.099 - 
    select
        po1_0.id,
        po1_0.card_end_date,
        po1_0.card_start_date,
        po1_0.created_at,
        po1_0.order_no,
        po1_0.package_id,
        po1_0.package_name,
        po1_0.payment_method,
        po1_0.payment_time,
        po1_0.price,
        po1_0.status,
        po1_0.transaction_type,
        po1_0.updated_at,
        po1_0.user_id 
    from
        payment_orders po1_0 
    where
        po1_0.user_id=? 
        and po1_0.status=?
2026-01-15 01:33:50.366 - 
    select
        mp1_0.id,
        mp1_0.avg_price_per_time,
        mp1_0.badge,
        mp1_0.category,
        mp1_0.code,
        mp1_0.description,
        mp1_0.features,
        mp1_0.is_active,
        mp1_0.name,
        mp1_0.people,
        mp1_0.price,
        mp1_0.sort_order,
        mp1_0.times_per_person,
        mp1_0.validity_days 
    from
        member_packages mp1_0 
    where
        mp1_0.is_active 
    order by
        mp1_0.sort_order
2026-01-15 01:35:04.153 - 
    select
        mp1_0.id,
        mp1_0.avg_price_per_time,
        mp1_0.badge,
        mp1_0.category,
        mp1_0.code,
        mp1_0.description,
        mp1_0.features,
        mp1_0.is_active,
        mp1_0.name,
        mp1_0.people,
        mp1_0.price,
        mp1_0.sort_order,
        mp1_0.times_per_person,
        mp1_0.validity_days 
    from
        member_packages mp1_0 
    where
        mp1_0.code=?
2026-01-15 01:35:04.160 - 
    select
        mp1_0.id,
        mp1_0.avg_price_per_time,
        mp1_0.badge,
        mp1_0.category,
        mp1_0.code,
        mp1_0.description,
        mp1_0.features,
        mp1_0.is_active,
        mp1_0.name,
        mp1_0.people,
        mp1_0.price,
        mp1_0.sort_order,
        mp1_0.times_per_person,
        mp1_0.validity_days 
    from
        member_packages mp1_0 
    where
        mp1_0.code=?
2026-01-15 01:35:04.162 - 
    select
        mp1_0.id,
        mp1_0.avg_price_per_time,
        mp1_0.badge,
        mp1_0.category,
        mp1_0.code,
        mp1_0.description,
        mp1_0.features,
        mp1_0.is_active,
        mp1_0.name,
        mp1_0.people,
        mp1_0.price,
        mp1_0.sort_order,
        mp1_0.times_per_person,
        mp1_0.validity_days 
    from
        member_packages mp1_0 
    where
        mp1_0.code=?
2026-01-15 01:35:04.163 - 
    select
        mp1_0.id,
        mp1_0.avg_price_per_time,
        mp1_0.badge,
        mp1_0.category,
        mp1_0.code,
        mp1_0.description,
        mp1_0.features,
        mp1_0.is_active,
        mp1_0.name,
        mp1_0.people,
        mp1_0.price,
        mp1_0.sort_order,
        mp1_0.times_per_person,
        mp1_0.validity_days 
    from
        member_packages mp1_0 
    where
        mp1_0.code=?
2026-01-15 01:35:04.164 - 
    select
        mp1_0.id,
        mp1_0.avg_price_per_time,
        mp1_0.badge,
        mp1_0.category,
        mp1_0.code,
        mp1_0.description,
        mp1_0.features,
        mp1_0.is_active,
        mp1_0.name,
        mp1_0.people,
        mp1_0.price,
        mp1_0.sort_order,
        mp1_0.times_per_person,
        mp1_0.validity_days 
    from
        member_packages mp1_0 
    where
        mp1_0.code=?
2026-01-15 01:35:04.165 - 
    select
        mp1_0.id,
        mp1_0.avg_price_per_time,
        mp1_0.badge,
        mp1_0.category,
        mp1_0.code,
        mp1_0.description,
        mp1_0.features,
        mp1_0.is_active,
        mp1_0.name,
        mp1_0.people,
        mp1_0.price,
        mp1_0.sort_order,
        mp1_0.times_per_person,
        mp1_0.validity_days 
    from
        member_packages mp1_0 
    where
        mp1_0.code=?
2026-01-15 01:35:04.166 - 
    select
        mp1_0.id,
        mp1_0.avg_price_per_time,
        mp1_0.badge,
        mp1_0.category,
        mp1_0.code,
        mp1_0.description,
        mp1_0.features,
        mp1_0.is_active,
        mp1_0.name,
        mp1_0.people,
        mp1_0.price,
        mp1_0.sort_order,
        mp1_0.times_per_person,
        mp1_0.validity_days 
    from
        member_packages mp1_0 
    where
        mp1_0.code=?
2026-01-15 01:35:04.167 - 
    select
        mp1_0.id,
        mp1_0.avg_price_per_time,
        mp1_0.badge,
        mp1_0.category,
        mp1_0.code,
        mp1_0.description,
        mp1_0.features,
        mp1_0.is_active,
        mp1_0.name,
        mp1_0.people,
        mp1_0.price,
        mp1_0.sort_order,
        mp1_0.times_per_person,
        mp1_0.validity_days 
    from
        member_packages mp1_0 
    where
        mp1_0.code=?
2026-01-15 01:35:04.168 - 
    select
        mp1_0.id,
        mp1_0.avg_price_per_time,
        mp1_0.badge,
        mp1_0.category,
        mp1_0.code,
        mp1_0.description,
        mp1_0.features,
        mp1_0.is_active,
        mp1_0.name,
        mp1_0.people,
        mp1_0.price,
        mp1_0.sort_order,
        mp1_0.times_per_person,
        mp1_0.validity_days 
    from
        member_packages mp1_0 
    where
        mp1_0.code=?
2026-01-15 01:35:04.170 - 
    select
        mp1_0.id,
        mp1_0.avg_price_per_time,
        mp1_0.badge,
        mp1_0.category,
        mp1_0.code,
        mp1_0.description,
        mp1_0.features,
        mp1_0.is_active,
        mp1_0.name,
        mp1_0.people,
        mp1_0.price,
        mp1_0.sort_order,
        mp1_0.times_per_person,
        mp1_0.validity_days 
    from
        member_packages mp1_0 
    where
        mp1_0.code=?
2026-01-15 01:35:17.382 - 
    select
        mp1_0.id,
        mp1_0.avg_price_per_time,
        mp1_0.badge,
        mp1_0.category,
        mp1_0.code,
        mp1_0.description,
        mp1_0.features,
        mp1_0.is_active,
        mp1_0.name,
        mp1_0.people,
        mp1_0.price,
        mp1_0.sort_order,
        mp1_0.times_per_person,
        mp1_0.validity_days 
    from
        member_packages mp1_0 
    where
        mp1_0.is_active 
    order by
        mp1_0.sort_order
2026-01-15 01:35:19.276 - 
    select
        po1_0.id,
        po1_0.card_end_date,
        po1_0.card_start_date,
        po1_0.created_at,
        po1_0.order_no,
        po1_0.package_id,
        po1_0.package_name,
        po1_0.payment_method,
        po1_0.payment_time,
        po1_0.price,
        po1_0.status,
        po1_0.transaction_type,
        po1_0.updated_at,
        po1_0.user_id 
    from
        payment_orders po1_0 
    where
        po1_0.user_id=?
2026-01-15 01:35:19.290 - 
    select
        po1_0.id,
        po1_0.card_end_date,
        po1_0.card_start_date,
        po1_0.created_at,
        po1_0.order_no,
        po1_0.package_id,
        po1_0.package_name,
        po1_0.payment_method,
        po1_0.payment_time,
        po1_0.price,
        po1_0.status,
        po1_0.transaction_type,
        po1_0.updated_at,
        po1_0.user_id 
    from
        payment_orders po1_0 
    where
        po1_0.user_id=?
2026-01-15 01:35:21.712 - 
    select
        po1_0.id,
        po1_0.card_end_date,
        po1_0.card_start_date,
        po1_0.created_at,
        po1_0.order_no,
        po1_0.package_id,
        po1_0.package_name,
        po1_0.payment_method,
        po1_0.payment_time,
        po1_0.price,
        po1_0.status,
        po1_0.transaction_type,
        po1_0.updated_at,
        po1_0.user_id 
    from
        payment_orders po1_0 
    where
        po1_0.user_id=?
2026-01-15 01:35:21.731 - 
    select
        po1_0.id,
        po1_0.card_end_date,
        po1_0.card_start_date,
        po1_0.created_at,
        po1_0.order_no,
        po1_0.package_id,
        po1_0.package_name,
        po1_0.payment_method,
        po1_0.payment_time,
        po1_0.price,
        po1_0.status,
        po1_0.transaction_type,
        po1_0.updated_at,
        po1_0.user_id 
    from
        payment_orders po1_0 
    where
        po1_0.user_id=?
2026-01-15 01:35:21.762 - 
    select
        u1_0.id,
        u1_0.avatar_url,
        u1_0.created_at,
        u1_0.last_login_time,
        u1_0.member_expire_time,
        u1_0.member_level,
        u1_0.nickname,
        u1_0.openid,
        u1_0.phone,
        u1_0.points,
        u1_0.remaining_visits,
        u1_0.total_visits,
        u1_0.updated_at 
    from
        users u1_0 
    where
        u1_0.id=?
2026-01-15 01:35:21.777 - 
    select
        po1_0.id,
        po1_0.card_end_date,
        po1_0.card_start_date,
        po1_0.created_at,
        po1_0.order_no,
        po1_0.package_id,
        po1_0.package_name,
        po1_0.payment_method,
        po1_0.payment_time,
        po1_0.price,
        po1_0.status,
        po1_0.transaction_type,
        po1_0.updated_at,
        po1_0.user_id 
    from
        payment_orders po1_0 
    where
        po1_0.user_id=? 
        and po1_0.status=?
2026-01-15 01:35:21.786 - 
    select
        u1_0.id,
        u1_0.avatar_url,
        u1_0.created_at,
        u1_0.last_login_time,
        u1_0.member_expire_time,
        u1_0.member_level,
        u1_0.nickname,
        u1_0.openid,
        u1_0.phone,
        u1_0.points,
        u1_0.remaining_visits,
        u1_0.total_visits,
        u1_0.updated_at 
    from
        users u1_0 
    where
        u1_0.id=?
2026-01-15 01:35:21.792 - 
    select
        po1_0.id,
        po1_0.card_end_date,
        po1_0.card_start_date,
        po1_0.created_at,
        po1_0.order_no,
        po1_0.package_id,
        po1_0.package_name,
        po1_0.payment_method,
        po1_0.payment_time,
        po1_0.price,
        po1_0.status,
        po1_0.transaction_type,
        po1_0.updated_at,
        po1_0.user_id 
    from
        payment_orders po1_0 
    where
        po1_0.user_id=? 
        and po1_0.status=?
2026-01-15 01:35:23.291 - 
    select
        po1_0.id,
        po1_0.card_end_date,
        po1_0.card_start_date,
        po1_0.created_at,
        po1_0.order_no,
        po1_0.package_id,
        po1_0.package_name,
        po1_0.payment_method,
        po1_0.payment_time,
        po1_0.price,
        po1_0.status,
        po1_0.transaction_type,
        po1_0.updated_at,
        po1_0.user_id 
    from
        payment_orders po1_0 
    where
        po1_0.user_id=?
2026-01-15 01:35:23.304 - 
    select
        po1_0.id,
        po1_0.card_end_date,
        po1_0.card_start_date,
        po1_0.created_at,
        po1_0.order_no,
        po1_0.package_id,
        po1_0.package_name,
        po1_0.payment_method,
        po1_0.payment_time,
        po1_0.price,
        po1_0.status,
        po1_0.transaction_type,
        po1_0.updated_at,
        po1_0.user_id 
    from
        payment_orders po1_0 
    where
        po1_0.user_id=?
2026-01-15 01:35:27.040 - 
    select
        u1_0.id,
        u1_0.avatar_url,
        u1_0.created_at,
        u1_0.last_login_time,
        u1_0.member_expire_time,
        u1_0.member_level,
        u1_0.nickname,
        u1_0.openid,
        u1_0.phone,
        u1_0.points,
        u1_0.remaining_visits,
        u1_0.total_visits,
        u1_0.updated_at 
    from
        users u1_0 
    where
        u1_0.id=?
2026-01-15 01:35:27.047 - 
    select
        dvr1_0.id,
        dvr1_0.created_at,
        dvr1_0.last_visit_time,
        dvr1_0.updated_at,
        dvr1_0.user_id,
        dvr1_0.visit_count,
        dvr1_0.visit_date 
    from
        daily_visit_records dvr1_0 
    where
        dvr1_0.user_id=? 
        and dvr1_0.visit_date=?
2026-01-15 01:35:27.077 - 
    select
        u1_0.id,
        u1_0.avatar_url,
        u1_0.created_at,
        u1_0.last_login_time,
        u1_0.member_expire_time,
        u1_0.member_level,
        u1_0.nickname,
        u1_0.openid,
        u1_0.phone,
        u1_0.points,
        u1_0.remaining_visits,
        u1_0.total_visits,
        u1_0.updated_at 
    from
        users u1_0 
    where
        u1_0.id=?
2026-01-15 01:35:27.079 - 
    select
        dvr1_0.id,
        dvr1_0.created_at,
        dvr1_0.last_visit_time,
        dvr1_0.updated_at,
        dvr1_0.user_id,
        dvr1_0.visit_count,
        dvr1_0.visit_date 
    from
        daily_visit_records dvr1_0 
    where
        dvr1_0.user_id=? 
        and dvr1_0.visit_date=?
2026-01-15 01:35:27.095 - 
    insert 
    into
        booking_orders
        (cabin_name, consume_time, created_at, date, order_no, original_price, payment_method, payment_status, payment_time, price, seat_name, status, time_slot, updated_at, user_id) 
    values
        (?, ?, ?, ?, ?, ?, ?, ?, ?, ?, ?, ?, ?, ?, ?)
2026-01-15 01:35:28.832 - 
    select
        po1_0.id,
        po1_0.card_end_date,
        po1_0.card_start_date,
        po1_0.created_at,
        po1_0.order_no,
        po1_0.package_id,
        po1_0.package_name,
        po1_0.payment_method,
        po1_0.payment_time,
        po1_0.price,
        po1_0.status,
        po1_0.transaction_type,
        po1_0.updated_at,
        po1_0.user_id 
    from
        payment_orders po1_0 
    where
        po1_0.user_id=?
2026-01-15 01:35:28.832 - 
    select
        u1_0.id,
        u1_0.avatar_url,
        u1_0.created_at,
        u1_0.last_login_time,
        u1_0.member_expire_time,
        u1_0.member_level,
        u1_0.nickname,
        u1_0.openid,
        u1_0.phone,
        u1_0.points,
        u1_0.remaining_visits,
        u1_0.total_visits,
        u1_0.updated_at 
    from
        users u1_0 
    where
        u1_0.id=?
2026-01-15 01:35:28.838 - 
    select
        po1_0.id,
        po1_0.card_end_date,
        po1_0.card_start_date,
        po1_0.created_at,
        po1_0.order_no,
        po1_0.package_id,
        po1_0.package_name,
        po1_0.payment_method,
        po1_0.payment_time,
        po1_0.price,
        po1_0.status,
        po1_0.transaction_type,
        po1_0.updated_at,
        po1_0.user_id 
    from
        payment_orders po1_0 
    where
        po1_0.user_id=? 
        and po1_0.status=?
2026-01-15 01:35:28.846 - 
    select
        po1_0.id,
        po1_0.card_end_date,
        po1_0.card_start_date,
        po1_0.created_at,
        po1_0.order_no,
        po1_0.package_id,
        po1_0.package_name,
        po1_0.payment_method,
        po1_0.payment_time,
        po1_0.price,
        po1_0.status,
        po1_0.transaction_type,
        po1_0.updated_at,
        po1_0.user_id 
    from
        payment_orders po1_0 
    where
        po1_0.user_id=?
2026-01-15 01:35:28.847 - 
    select
        u1_0.id,
        u1_0.avatar_url,
        u1_0.created_at,
        u1_0.last_login_time,
        u1_0.member_expire_time,
        u1_0.member_level,
        u1_0.nickname,
        u1_0.openid,
        u1_0.phone,
        u1_0.points,
        u1_0.remaining_visits,
        u1_0.total_visits,
        u1_0.updated_at 
    from
        users u1_0 
    where
        u1_0.id=?
2026-01-15 01:35:28.850 - 
    select
        po1_0.id,
        po1_0.card_end_date,
        po1_0.card_start_date,
        po1_0.created_at,
        po1_0.order_no,
        po1_0.package_id,
        po1_0.package_name,
        po1_0.payment_method,
        po1_0.payment_time,
        po1_0.price,
        po1_0.status,
        po1_0.transaction_type,
        po1_0.updated_at,
        po1_0.user_id 
    from
        payment_orders po1_0 
    where
        po1_0.user_id=? 
        and po1_0.status=?
2026-01-15 01:37:24.881 - 
    select
        mp1_0.id,
        mp1_0.avg_price_per_time,
        mp1_0.badge,
        mp1_0.category,
        mp1_0.code,
        mp1_0.description,
        mp1_0.features,
        mp1_0.is_active,
        mp1_0.name,
        mp1_0.people,
        mp1_0.price,
        mp1_0.sort_order,
        mp1_0.times_per_person,
        mp1_0.validity_days 
    from
        member_packages mp1_0 
    where
        mp1_0.is_active 
    order by
        mp1_0.sort_order
2026-01-15 01:37:50.241 - 
    select
        po1_0.id,
        po1_0.card_end_date,
        po1_0.card_start_date,
        po1_0.created_at,
        po1_0.order_no,
        po1_0.package_id,
        po1_0.package_name,
        po1_0.payment_method,
        po1_0.payment_time,
        po1_0.price,
        po1_0.status,
        po1_0.transaction_type,
        po1_0.updated_at,
        po1_0.user_id 
    from
        payment_orders po1_0 
    where
        po1_0.user_id=?
2026-01-15 01:37:50.260 - 
    select
        po1_0.id,
        po1_0.card_end_date,
        po1_0.card_start_date,
        po1_0.created_at,
        po1_0.order_no,
        po1_0.package_id,
        po1_0.package_name,
        po1_0.payment_method,
        po1_0.payment_time,
        po1_0.price,
        po1_0.status,
        po1_0.transaction_type,
        po1_0.updated_at,
        po1_0.user_id 
    from
        payment_orders po1_0 
    where
        po1_0.user_id=?
2026-01-15 01:40:40.221 - 
    select
        po1_0.id,
        po1_0.card_end_date,
        po1_0.card_start_date,
        po1_0.created_at,
        po1_0.order_no,
        po1_0.package_id,
        po1_0.package_name,
        po1_0.payment_method,
        po1_0.payment_time,
        po1_0.price,
        po1_0.status,
        po1_0.transaction_type,
        po1_0.updated_at,
        po1_0.user_id 
    from
        payment_orders po1_0 
    where
        po1_0.user_id=?
2026-01-15 01:40:40.226 - 
    select
        u1_0.id,
        u1_0.avatar_url,
        u1_0.created_at,
        u1_0.last_login_time,
        u1_0.member_expire_time,
        u1_0.member_level,
        u1_0.nickname,
        u1_0.openid,
        u1_0.phone,
        u1_0.points,
        u1_0.remaining_visits,
        u1_0.total_visits,
        u1_0.updated_at 
    from
        users u1_0 
    where
        u1_0.id=?
2026-01-15 01:40:40.234 - 
    select
        po1_0.id,
        po1_0.card_end_date,
        po1_0.card_start_date,
        po1_0.created_at,
        po1_0.order_no,
        po1_0.package_id,
        po1_0.package_name,
        po1_0.payment_method,
        po1_0.payment_time,
        po1_0.price,
        po1_0.status,
        po1_0.transaction_type,
        po1_0.updated_at,
        po1_0.user_id 
    from
        payment_orders po1_0 
    where
        po1_0.user_id=? 
        and po1_0.status=?
2026-01-15 01:40:40.234 - 
    select
        po1_0.id,
        po1_0.card_end_date,
        po1_0.card_start_date,
        po1_0.created_at,
        po1_0.order_no,
        po1_0.package_id,
        po1_0.package_name,
        po1_0.payment_method,
        po1_0.payment_time,
        po1_0.price,
        po1_0.status,
        po1_0.transaction_type,
        po1_0.updated_at,
        po1_0.user_id 
    from
        payment_orders po1_0 
    where
        po1_0.user_id=?
2026-01-15 01:40:40.246 - 
    select
        u1_0.id,
        u1_0.avatar_url,
        u1_0.created_at,
        u1_0.last_login_time,
        u1_0.member_expire_time,
        u1_0.member_level,
        u1_0.nickname,
        u1_0.openid,
        u1_0.phone,
        u1_0.points,
        u1_0.remaining_visits,
        u1_0.total_visits,
        u1_0.updated_at 
    from
        users u1_0 
    where
        u1_0.id=?
2026-01-15 01:40:40.250 - 
    select
        po1_0.id,
        po1_0.card_end_date,
        po1_0.card_start_date,
        po1_0.created_at,
        po1_0.order_no,
        po1_0.package_id,
        po1_0.package_name,
        po1_0.payment_method,
        po1_0.payment_time,
        po1_0.price,
        po1_0.status,
        po1_0.transaction_type,
        po1_0.updated_at,
        po1_0.user_id 
    from
        payment_orders po1_0 
    where
        po1_0.user_id=? 
        and po1_0.status=?
2026-01-15 01:41:04.910 - 
    select
        mp1_0.id,
        mp1_0.avg_price_per_time,
        mp1_0.badge,
        mp1_0.category,
        mp1_0.code,
        mp1_0.description,
        mp1_0.features,
        mp1_0.is_active,
        mp1_0.name,
        mp1_0.people,
        mp1_0.price,
        mp1_0.sort_order,
        mp1_0.times_per_person,
        mp1_0.validity_days 
    from
        member_packages mp1_0 
    where
        mp1_0.code=?
2026-01-15 01:41:04.918 - 
    select
        mp1_0.id,
        mp1_0.avg_price_per_time,
        mp1_0.badge,
        mp1_0.category,
        mp1_0.code,
        mp1_0.description,
        mp1_0.features,
        mp1_0.is_active,
        mp1_0.name,
        mp1_0.people,
        mp1_0.price,
        mp1_0.sort_order,
        mp1_0.times_per_person,
        mp1_0.validity_days 
    from
        member_packages mp1_0 
    where
        mp1_0.code=?
2026-01-15 01:41:04.919 - 
    select
        mp1_0.id,
        mp1_0.avg_price_per_time,
        mp1_0.badge,
        mp1_0.category,
        mp1_0.code,
        mp1_0.description,
        mp1_0.features,
        mp1_0.is_active,
        mp1_0.name,
        mp1_0.people,
        mp1_0.price,
        mp1_0.sort_order,
        mp1_0.times_per_person,
        mp1_0.validity_days 
    from
        member_packages mp1_0 
    where
        mp1_0.code=?
2026-01-15 01:41:04.920 - 
    select
        mp1_0.id,
        mp1_0.avg_price_per_time,
        mp1_0.badge,
        mp1_0.category,
        mp1_0.code,
        mp1_0.description,
        mp1_0.features,
        mp1_0.is_active,
        mp1_0.name,
        mp1_0.people,
        mp1_0.price,
        mp1_0.sort_order,
        mp1_0.times_per_person,
        mp1_0.validity_days 
    from
        member_packages mp1_0 
    where
        mp1_0.code=?
2026-01-15 01:41:04.922 - 
    select
        mp1_0.id,
        mp1_0.avg_price_per_time,
        mp1_0.badge,
        mp1_0.category,
        mp1_0.code,
        mp1_0.description,
        mp1_0.features,
        mp1_0.is_active,
        mp1_0.name,
        mp1_0.people,
        mp1_0.price,
        mp1_0.sort_order,
        mp1_0.times_per_person,
        mp1_0.validity_days 
    from
        member_packages mp1_0 
    where
        mp1_0.code=?
2026-01-15 01:41:04.924 - 
    select
        mp1_0.id,
        mp1_0.avg_price_per_time,
        mp1_0.badge,
        mp1_0.category,
        mp1_0.code,
        mp1_0.description,
        mp1_0.features,
        mp1_0.is_active,
        mp1_0.name,
        mp1_0.people,
        mp1_0.price,
        mp1_0.sort_order,
        mp1_0.times_per_person,
        mp1_0.validity_days 
    from
        member_packages mp1_0 
    where
        mp1_0.code=?
2026-01-15 01:41:04.925 - 
    select
        mp1_0.id,
        mp1_0.avg_price_per_time,
        mp1_0.badge,
        mp1_0.category,
        mp1_0.code,
        mp1_0.description,
        mp1_0.features,
        mp1_0.is_active,
        mp1_0.name,
        mp1_0.people,
        mp1_0.price,
        mp1_0.sort_order,
        mp1_0.times_per_person,
        mp1_0.validity_days 
    from
        member_packages mp1_0 
    where
        mp1_0.code=?
2026-01-15 01:41:04.927 - 
    select
        mp1_0.id,
        mp1_0.avg_price_per_time,
        mp1_0.badge,
        mp1_0.category,
        mp1_0.code,
        mp1_0.description,
        mp1_0.features,
        mp1_0.is_active,
        mp1_0.name,
        mp1_0.people,
        mp1_0.price,
        mp1_0.sort_order,
        mp1_0.times_per_person,
        mp1_0.validity_days 
    from
        member_packages mp1_0 
    where
        mp1_0.code=?
2026-01-15 01:41:04.928 - 
    select
        mp1_0.id,
        mp1_0.avg_price_per_time,
        mp1_0.badge,
        mp1_0.category,
        mp1_0.code,
        mp1_0.description,
        mp1_0.features,
        mp1_0.is_active,
        mp1_0.name,
        mp1_0.people,
        mp1_0.price,
        mp1_0.sort_order,
        mp1_0.times_per_person,
        mp1_0.validity_days 
    from
        member_packages mp1_0 
    where
        mp1_0.code=?
2026-01-15 01:41:04.929 - 
    select
        mp1_0.id,
        mp1_0.avg_price_per_time,
        mp1_0.badge,
        mp1_0.category,
        mp1_0.code,
        mp1_0.description,
        mp1_0.features,
        mp1_0.is_active,
        mp1_0.name,
        mp1_0.people,
        mp1_0.price,
        mp1_0.sort_order,
        mp1_0.times_per_person,
        mp1_0.validity_days 
    from
        member_packages mp1_0 
    where
        mp1_0.code=?
2026-01-15 01:41:13.866 - 
    select
        mp1_0.id,
        mp1_0.avg_price_per_time,
        mp1_0.badge,
        mp1_0.category,
        mp1_0.code,
        mp1_0.description,
        mp1_0.features,
        mp1_0.is_active,
        mp1_0.name,
        mp1_0.people,
        mp1_0.price,
        mp1_0.sort_order,
        mp1_0.times_per_person,
        mp1_0.validity_days 
    from
        member_packages mp1_0 
    where
        mp1_0.is_active 
    order by
        mp1_0.sort_order
2026-01-15 01:41:15.042 - 
    select
        po1_0.id,
        po1_0.card_end_date,
        po1_0.card_start_date,
        po1_0.created_at,
        po1_0.order_no,
        po1_0.package_id,
        po1_0.package_name,
        po1_0.payment_method,
        po1_0.payment_time,
        po1_0.price,
        po1_0.status,
        po1_0.transaction_type,
        po1_0.updated_at,
        po1_0.user_id 
    from
        payment_orders po1_0 
    where
        po1_0.user_id=?
2026-01-15 01:41:15.055 - 
    select
        u1_0.id,
        u1_0.avatar_url,
        u1_0.created_at,
        u1_0.last_login_time,
        u1_0.member_expire_time,
        u1_0.member_level,
        u1_0.nickname,
        u1_0.openid,
        u1_0.phone,
        u1_0.points,
        u1_0.remaining_visits,
        u1_0.total_visits,
        u1_0.updated_at 
    from
        users u1_0 
    where
        u1_0.id=?
2026-01-15 01:41:15.055 - 
    select
        u1_0.id,
        u1_0.avatar_url,
        u1_0.created_at,
        u1_0.last_login_time,
        u1_0.member_expire_time,
        u1_0.member_level,
        u1_0.nickname,
        u1_0.openid,
        u1_0.phone,
        u1_0.points,
        u1_0.remaining_visits,
        u1_0.total_visits,
        u1_0.updated_at 
    from
        users u1_0 
    where
        u1_0.id=?
2026-01-15 01:41:15.056 - 
    select
        po1_0.id,
        po1_0.card_end_date,
        po1_0.card_start_date,
        po1_0.created_at,
        po1_0.order_no,
        po1_0.package_id,
        po1_0.package_name,
        po1_0.payment_method,
        po1_0.payment_time,
        po1_0.price,
        po1_0.status,
        po1_0.transaction_type,
        po1_0.updated_at,
        po1_0.user_id 
    from
        payment_orders po1_0 
    where
        po1_0.user_id=?
2026-01-15 01:41:15.060 - 
    select
        bo1_0.id,
        bo1_0.cabin_name,
        bo1_0.consume_time,
        bo1_0.created_at,
        bo1_0.date,
        bo1_0.order_no,
        bo1_0.original_price,
        bo1_0.payment_method,
        bo1_0.payment_status,
        bo1_0.payment_time,
        bo1_0.price,
        bo1_0.seat_name,
        bo1_0.status,
        bo1_0.time_slot,
        bo1_0.updated_at,
        bo1_0.user_id 
    from
        booking_orders bo1_0 
    where
        bo1_0.user_id=? 
    order by
        bo1_0.created_at desc
2026-01-15 01:41:15.061 - 
    select
        po1_0.id,
        po1_0.card_end_date,
        po1_0.card_start_date,
        po1_0.created_at,
        po1_0.order_no,
        po1_0.package_id,
        po1_0.package_name,
        po1_0.payment_method,
        po1_0.payment_time,
        po1_0.price,
        po1_0.status,
        po1_0.transaction_type,
        po1_0.updated_at,
        po1_0.user_id 
    from
        payment_orders po1_0 
    where
        po1_0.user_id=? 
        and po1_0.status=?
2026-01-15 01:41:15.072 - 
    select
        u1_0.id,
        u1_0.avatar_url,
        u1_0.created_at,
        u1_0.last_login_time,
        u1_0.member_expire_time,
        u1_0.member_level,
        u1_0.nickname,
        u1_0.openid,
        u1_0.phone,
        u1_0.points,
        u1_0.remaining_visits,
        u1_0.total_visits,
        u1_0.updated_at 
    from
        users u1_0 
    where
        u1_0.id=?
2026-01-15 01:41:15.077 - 
    select
        po1_0.id,
        po1_0.card_end_date,
        po1_0.card_start_date,
        po1_0.created_at,
        po1_0.order_no,
        po1_0.package_id,
        po1_0.package_name,
        po1_0.payment_method,
        po1_0.payment_time,
        po1_0.price,
        po1_0.status,
        po1_0.transaction_type,
        po1_0.updated_at,
        po1_0.user_id 
    from
        payment_orders po1_0 
    where
        po1_0.user_id=? 
        and po1_0.status=?
2026-01-15 01:41:15.088 - 
    select
        u1_0.id,
        u1_0.avatar_url,
        u1_0.created_at,
        u1_0.last_login_time,
        u1_0.member_expire_time,
        u1_0.member_level,
        u1_0.nickname,
        u1_0.openid,
        u1_0.phone,
        u1_0.points,
        u1_0.remaining_visits,
        u1_0.total_visits,
        u1_0.updated_at 
    from
        users u1_0 
    where
        u1_0.id=?
2026-01-15 01:41:15.092 - 
    select
        bo1_0.id,
        bo1_0.cabin_name,
        bo1_0.consume_time,
        bo1_0.created_at,
        bo1_0.date,
        bo1_0.order_no,
        bo1_0.original_price,
        bo1_0.payment_method,
        bo1_0.payment_status,
        bo1_0.payment_time,
        bo1_0.price,
        bo1_0.seat_name,
        bo1_0.status,
        bo1_0.time_slot,
        bo1_0.updated_at,
        bo1_0.user_id 
    from
        booking_orders bo1_0 
    where
        bo1_0.user_id=? 
    order by
        bo1_0.created_at desc
2026-01-15 01:42:44.285 - 
    select
        mp1_0.id,
        mp1_0.avg_price_per_time,
        mp1_0.badge,
        mp1_0.category,
        mp1_0.code,
        mp1_0.description,
        mp1_0.features,
        mp1_0.is_active,
        mp1_0.name,
        mp1_0.people,
        mp1_0.price,
        mp1_0.sort_order,
        mp1_0.times_per_person,
        mp1_0.validity_days 
    from
        member_packages mp1_0 
    where
        mp1_0.category=? 
        and mp1_0.is_active 
    order by
        mp1_0.sort_order
2026-01-15 01:42:44.302 - 
    select
        mp1_0.id,
        mp1_0.avg_price_per_time,
        mp1_0.badge,
        mp1_0.category,
        mp1_0.code,
        mp1_0.description,
        mp1_0.features,
        mp1_0.is_active,
        mp1_0.name,
        mp1_0.people,
        mp1_0.price,
        mp1_0.sort_order,
        mp1_0.times_per_person,
        mp1_0.validity_days 
    from
        member_packages mp1_0 
    where
        mp1_0.category=? 
        and mp1_0.is_active 
    order by
        mp1_0.sort_order
2026-01-15 01:42:45.368 - 
    select
        po1_0.id,
        po1_0.card_end_date,
        po1_0.card_start_date,
        po1_0.created_at,
        po1_0.order_no,
        po1_0.package_id,
        po1_0.package_name,
        po1_0.payment_method,
        po1_0.payment_time,
        po1_0.price,
        po1_0.status,
        po1_0.transaction_type,
        po1_0.updated_at,
        po1_0.user_id 
    from
        payment_orders po1_0 
    where
        po1_0.user_id=?
2026-01-15 01:42:45.378 - 
    select
        po1_0.id,
        po1_0.card_end_date,
        po1_0.card_start_date,
        po1_0.created_at,
        po1_0.order_no,
        po1_0.package_id,
        po1_0.package_name,
        po1_0.payment_method,
        po1_0.payment_time,
        po1_0.price,
        po1_0.status,
        po1_0.transaction_type,
        po1_0.updated_at,
        po1_0.user_id 
    from
        payment_orders po1_0 
    where
        po1_0.user_id=?
2026-01-15 01:42:47.726 - 
    select
        mp1_0.id,
        mp1_0.avg_price_per_time,
        mp1_0.badge,
        mp1_0.category,
        mp1_0.code,
        mp1_0.description,
        mp1_0.features,
        mp1_0.is_active,
        mp1_0.name,
        mp1_0.people,
        mp1_0.price,
        mp1_0.sort_order,
        mp1_0.times_per_person,
        mp1_0.validity_days 
    from
        member_packages mp1_0 
    where
        mp1_0.is_active 
    order by
        mp1_0.sort_order
2026-01-15 01:42:51.304 - 
    select
        mp1_0.id,
        mp1_0.avg_price_per_time,
        mp1_0.badge,
        mp1_0.category,
        mp1_0.code,
        mp1_0.description,
        mp1_0.features,
        mp1_0.is_active,
        mp1_0.name,
        mp1_0.people,
        mp1_0.price,
        mp1_0.sort_order,
        mp1_0.times_per_person,
        mp1_0.validity_days 
    from
        member_packages mp1_0 
    where
        mp1_0.category=? 
        and mp1_0.is_active 
    order by
        mp1_0.sort_order
2026-01-15 01:42:51.314 - 
    select
        mp1_0.id,
        mp1_0.avg_price_per_time,
        mp1_0.badge,
        mp1_0.category,
        mp1_0.code,
        mp1_0.description,
        mp1_0.features,
        mp1_0.is_active,
        mp1_0.name,
        mp1_0.people,
        mp1_0.price,
        mp1_0.sort_order,
        mp1_0.times_per_person,
        mp1_0.validity_days 
    from
        member_packages mp1_0 
    where
        mp1_0.category=? 
        and mp1_0.is_active 
    order by
        mp1_0.sort_order
2026-01-15 01:42:52.719 - 
    select
        mp1_0.id,
        mp1_0.avg_price_per_time,
        mp1_0.badge,
        mp1_0.category,
        mp1_0.code,
        mp1_0.description,
        mp1_0.features,
        mp1_0.is_active,
        mp1_0.name,
        mp1_0.people,
        mp1_0.price,
        mp1_0.sort_order,
        mp1_0.times_per_person,
        mp1_0.validity_days 
    from
        member_packages mp1_0 
    where
        mp1_0.is_active 
    order by
        mp1_0.sort_order
2026-01-15 01:42:53.491 - 
    select
        mp1_0.id,
        mp1_0.avg_price_per_time,
        mp1_0.badge,
        mp1_0.category,
        mp1_0.code,
        mp1_0.description,
        mp1_0.features,
        mp1_0.is_active,
        mp1_0.name,
        mp1_0.people,
        mp1_0.price,
        mp1_0.sort_order,
        mp1_0.times_per_person,
        mp1_0.validity_days 
    from
        member_packages mp1_0 
    where
        mp1_0.category=? 
        and mp1_0.is_active 
    order by
        mp1_0.sort_order
2026-01-15 01:42:53.500 - 
    select
        mp1_0.id,
        mp1_0.avg_price_per_time,
        mp1_0.badge,
        mp1_0.category,
        mp1_0.code,
        mp1_0.description,
        mp1_0.features,
        mp1_0.is_active,
        mp1_0.name,
        mp1_0.people,
        mp1_0.price,
        mp1_0.sort_order,
        mp1_0.times_per_person,
        mp1_0.validity_days 
    from
        member_packages mp1_0 
    where
        mp1_0.category=? 
        and mp1_0.is_active 
    order by
        mp1_0.sort_order
2026-01-15 01:42:57.571 - 
    select
        po1_0.id,
        po1_0.card_end_date,
        po1_0.card_start_date,
        po1_0.created_at,
        po1_0.order_no,
        po1_0.package_id,
        po1_0.package_name,
        po1_0.payment_method,
        po1_0.payment_time,
        po1_0.price,
        po1_0.status,
        po1_0.transaction_type,
        po1_0.updated_at,
        po1_0.user_id 
    from
        payment_orders po1_0 
    where
        po1_0.user_id=?
2026-01-15 01:42:57.586 - 
    select
        po1_0.id,
        po1_0.card_end_date,
        po1_0.card_start_date,
        po1_0.created_at,
        po1_0.order_no,
        po1_0.package_id,
        po1_0.package_name,
        po1_0.payment_method,
        po1_0.payment_time,
        po1_0.price,
        po1_0.status,
        po1_0.transaction_type,
        po1_0.updated_at,
        po1_0.user_id 
    from
        payment_orders po1_0 
    where
        po1_0.user_id=?
2026-01-15 01:42:58.864 - 
    select
        u1_0.id,
        u1_0.avatar_url,
        u1_0.created_at,
        u1_0.last_login_time,
        u1_0.member_expire_time,
        u1_0.member_level,
        u1_0.nickname,
        u1_0.openid,
        u1_0.phone,
        u1_0.points,
        u1_0.remaining_visits,
        u1_0.total_visits,
        u1_0.updated_at 
    from
        users u1_0 
    where
        u1_0.id=?
2026-01-15 01:42:58.864 - 
    select
        po1_0.id,
        po1_0.card_end_date,
        po1_0.card_start_date,
        po1_0.created_at,
        po1_0.order_no,
        po1_0.package_id,
        po1_0.package_name,
        po1_0.payment_method,
        po1_0.payment_time,
        po1_0.price,
        po1_0.status,
        po1_0.transaction_type,
        po1_0.updated_at,
        po1_0.user_id 
    from
        payment_orders po1_0 
    where
        po1_0.user_id=?
2026-01-15 01:42:58.865 - 
    select
        u1_0.id,
        u1_0.avatar_url,
        u1_0.created_at,
        u1_0.last_login_time,
        u1_0.member_expire_time,
        u1_0.member_level,
        u1_0.nickname,
        u1_0.openid,
        u1_0.phone,
        u1_0.points,
        u1_0.remaining_visits,
        u1_0.total_visits,
        u1_0.updated_at 
    from
        users u1_0 
    where
        u1_0.id=?
2026-01-15 01:42:58.871 - 
    select
        po1_0.id,
        po1_0.card_end_date,
        po1_0.card_start_date,
        po1_0.created_at,
        po1_0.order_no,
        po1_0.package_id,
        po1_0.package_name,
        po1_0.payment_method,
        po1_0.payment_time,
        po1_0.price,
        po1_0.status,
        po1_0.transaction_type,
        po1_0.updated_at,
        po1_0.user_id 
    from
        payment_orders po1_0 
    where
        po1_0.user_id=? 
        and po1_0.status=?
2026-01-15 01:42:58.871 - 
    select
        bo1_0.id,
        bo1_0.cabin_name,
        bo1_0.consume_time,
        bo1_0.created_at,
        bo1_0.date,
        bo1_0.order_no,
        bo1_0.original_price,
        bo1_0.payment_method,
        bo1_0.payment_status,
        bo1_0.payment_time,
        bo1_0.price,
        bo1_0.seat_name,
        bo1_0.status,
        bo1_0.time_slot,
        bo1_0.updated_at,
        bo1_0.user_id 
    from
        booking_orders bo1_0 
    where
        bo1_0.user_id=? 
    order by
        bo1_0.created_at desc
2026-01-15 01:42:58.877 - 
    select
        po1_0.id,
        po1_0.card_end_date,
        po1_0.card_start_date,
        po1_0.created_at,
        po1_0.order_no,
        po1_0.package_id,
        po1_0.package_name,
        po1_0.payment_method,
        po1_0.payment_time,
        po1_0.price,
        po1_0.status,
        po1_0.transaction_type,
        po1_0.updated_at,
        po1_0.user_id 
    from
        payment_orders po1_0 
    where
        po1_0.user_id=?
2026-01-15 01:42:58.883 - 
    select
        u1_0.id,
        u1_0.avatar_url,
        u1_0.created_at,
        u1_0.last_login_time,
        u1_0.member_expire_time,
        u1_0.member_level,
        u1_0.nickname,
        u1_0.openid,
        u1_0.phone,
        u1_0.points,
        u1_0.remaining_visits,
        u1_0.total_visits,
        u1_0.updated_at 
    from
        users u1_0 
    where
        u1_0.id=?
2026-01-15 01:42:58.887 - 
    select
        po1_0.id,
        po1_0.card_end_date,
        po1_0.card_start_date,
        po1_0.created_at,
        po1_0.order_no,
        po1_0.package_id,
        po1_0.package_name,
        po1_0.payment_method,
        po1_0.payment_time,
        po1_0.price,
        po1_0.status,
        po1_0.transaction_type,
        po1_0.updated_at,
        po1_0.user_id 
    from
        payment_orders po1_0 
    where
        po1_0.user_id=? 
        and po1_0.status=?
2026-01-15 01:42:58.888 - 
    select
        u1_0.id,
        u1_0.avatar_url,
        u1_0.created_at,
        u1_0.last_login_time,
        u1_0.member_expire_time,
        u1_0.member_level,
        u1_0.nickname,
        u1_0.openid,
        u1_0.phone,
        u1_0.points,
        u1_0.remaining_visits,
        u1_0.total_visits,
        u1_0.updated_at 
    from
        users u1_0 
    where
        u1_0.id=?
2026-01-15 01:42:58.891 - 
    select
        bo1_0.id,
        bo1_0.cabin_name,
        bo1_0.consume_time,
        bo1_0.created_at,
        bo1_0.date,
        bo1_0.order_no,
        bo1_0.original_price,
        bo1_0.payment_method,
        bo1_0.payment_status,
        bo1_0.payment_time,
        bo1_0.price,
        bo1_0.seat_name,
        bo1_0.status,
        bo1_0.time_slot,
        bo1_0.updated_at,
        bo1_0.user_id 
    from
        booking_orders bo1_0 
    where
        bo1_0.user_id=? 
    order by
        bo1_0.created_at desc
2026-01-15 01:43:01.682 - 
    select
        mp1_0.id,
        mp1_0.avg_price_per_time,
        mp1_0.badge,
        mp1_0.category,
        mp1_0.code,
        mp1_0.description,
        mp1_0.features,
        mp1_0.is_active,
        mp1_0.name,
        mp1_0.people,
        mp1_0.price,
        mp1_0.sort_order,
        mp1_0.times_per_person,
        mp1_0.validity_days 
    from
        member_packages mp1_0 
    where
        mp1_0.is_active 
    order by
        mp1_0.sort_order
2026-01-15 01:43:05.366 - 
    select
        u1_0.id,
        u1_0.avatar_url,
        u1_0.created_at,
        u1_0.last_login_time,
        u1_0.member_expire_time,
        u1_0.member_level,
        u1_0.nickname,
        u1_0.openid,
        u1_0.phone,
        u1_0.points,
        u1_0.remaining_visits,
        u1_0.total_visits,
        u1_0.updated_at 
    from
        users u1_0 
    where
        u1_0.id=?
2026-01-15 01:43:05.367 - 
    select
        po1_0.id,
        po1_0.card_end_date,
        po1_0.card_start_date,
        po1_0.created_at,
        po1_0.order_no,
        po1_0.package_id,
        po1_0.package_name,
        po1_0.payment_method,
        po1_0.payment_time,
        po1_0.price,
        po1_0.status,
        po1_0.transaction_type,
        po1_0.updated_at,
        po1_0.user_id 
    from
        payment_orders po1_0 
    where
        po1_0.user_id=?
2026-01-15 01:43:05.370 - 
    select
        u1_0.id,
        u1_0.avatar_url,
        u1_0.created_at,
        u1_0.last_login_time,
        u1_0.member_expire_time,
        u1_0.member_level,
        u1_0.nickname,
        u1_0.openid,
        u1_0.phone,
        u1_0.points,
        u1_0.remaining_visits,
        u1_0.total_visits,
        u1_0.updated_at 
    from
        users u1_0 
    where
        u1_0.id=?
2026-01-15 01:43:05.370 - 
    select
        po1_0.id,
        po1_0.card_end_date,
        po1_0.card_start_date,
        po1_0.created_at,
        po1_0.order_no,
        po1_0.package_id,
        po1_0.package_name,
        po1_0.payment_method,
        po1_0.payment_time,
        po1_0.price,
        po1_0.status,
        po1_0.transaction_type,
        po1_0.updated_at,
        po1_0.user_id 
    from
        payment_orders po1_0 
    where
        po1_0.user_id=? 
        and po1_0.status=?
2026-01-15 01:43:05.371 - 
    select
        bo1_0.id,
        bo1_0.cabin_name,
        bo1_0.consume_time,
        bo1_0.created_at,
        bo1_0.date,
        bo1_0.order_no,
        bo1_0.original_price,
        bo1_0.payment_method,
        bo1_0.payment_status,
        bo1_0.payment_time,
        bo1_0.price,
        bo1_0.seat_name,
        bo1_0.status,
        bo1_0.time_slot,
        bo1_0.updated_at,
        bo1_0.user_id 
    from
        booking_orders bo1_0 
    where
        bo1_0.user_id=? 
    order by
        bo1_0.created_at desc
2026-01-15 01:43:05.378 - 
    select
        po1_0.id,
        po1_0.card_end_date,
        po1_0.card_start_date,
        po1_0.created_at,
        po1_0.order_no,
        po1_0.package_id,
        po1_0.package_name,
        po1_0.payment_method,
        po1_0.payment_time,
        po1_0.price,
        po1_0.status,
        po1_0.transaction_type,
        po1_0.updated_at,
        po1_0.user_id 
    from
        payment_orders po1_0 
    where
        po1_0.user_id=?
2026-01-15 01:43:05.379 - 
    select
        u1_0.id,
        u1_0.avatar_url,
        u1_0.created_at,
        u1_0.last_login_time,
        u1_0.member_expire_time,
        u1_0.member_level,
        u1_0.nickname,
        u1_0.openid,
        u1_0.phone,
        u1_0.points,
        u1_0.remaining_visits,
        u1_0.total_visits,
        u1_0.updated_at 
    from
        users u1_0 
    where
        u1_0.id=?
2026-01-15 01:43:05.382 - 
    select
        po1_0.id,
        po1_0.card_end_date,
        po1_0.card_start_date,
        po1_0.created_at,
        po1_0.order_no,
        po1_0.package_id,
        po1_0.package_name,
        po1_0.payment_method,
        po1_0.payment_time,
        po1_0.price,
        po1_0.status,
        po1_0.transaction_type,
        po1_0.updated_at,
        po1_0.user_id 
    from
        payment_orders po1_0 
    where
        po1_0.user_id=? 
        and po1_0.status=?
2026-01-15 01:43:05.390 - 
    select
        u1_0.id,
        u1_0.avatar_url,
        u1_0.created_at,
        u1_0.last_login_time,
        u1_0.member_expire_time,
        u1_0.member_level,
        u1_0.nickname,
        u1_0.openid,
        u1_0.phone,
        u1_0.points,
        u1_0.remaining_visits,
        u1_0.total_visits,
        u1_0.updated_at 
    from
        users u1_0 
    where
        u1_0.id=?
2026-01-15 01:43:05.394 - 
    select
        bo1_0.id,
        bo1_0.cabin_name,
        bo1_0.consume_time,
        bo1_0.created_at,
        bo1_0.date,
        bo1_0.order_no,
        bo1_0.original_price,
        bo1_0.payment_method,
        bo1_0.payment_status,
        bo1_0.payment_time,
        bo1_0.price,
        bo1_0.seat_name,
        bo1_0.status,
        bo1_0.time_slot,
        bo1_0.updated_at,
        bo1_0.user_id 
    from
        booking_orders bo1_0 
    where
        bo1_0.user_id=? 
    order by
        bo1_0.created_at desc
2026-01-15 01:43:17.181 - 
    select
        mp1_0.id,
        mp1_0.avg_price_per_time,
        mp1_0.badge,
        mp1_0.category,
        mp1_0.code,
        mp1_0.description,
        mp1_0.features,
        mp1_0.is_active,
        mp1_0.name,
        mp1_0.people,
        mp1_0.price,
        mp1_0.sort_order,
        mp1_0.times_per_person,
        mp1_0.validity_days 
    from
        member_packages mp1_0 
    where
        mp1_0.is_active 
    order by
        mp1_0.sort_order
2026-01-15 01:45:02.357 - 
    select
        mp1_0.id,
        mp1_0.avg_price_per_time,
        mp1_0.badge,
        mp1_0.category,
        mp1_0.code,
        mp1_0.description,
        mp1_0.features,
        mp1_0.is_active,
        mp1_0.name,
        mp1_0.people,
        mp1_0.price,
        mp1_0.sort_order,
        mp1_0.times_per_person,
        mp1_0.validity_days 
    from
        member_packages mp1_0 
    where
        mp1_0.is_active 
    order by
        mp1_0.sort_order
2026-01-15 01:45:03.230 - 
    select
        po1_0.id,
        po1_0.card_end_date,
        po1_0.card_start_date,
        po1_0.created_at,
        po1_0.order_no,
        po1_0.package_id,
        po1_0.package_name,
        po1_0.payment_method,
        po1_0.payment_time,
        po1_0.price,
        po1_0.status,
        po1_0.transaction_type,
        po1_0.updated_at,
        po1_0.user_id 
    from
        payment_orders po1_0 
    where
        po1_0.user_id=?
2026-01-15 01:45:03.231 - 
    select
        u1_0.id,
        u1_0.avatar_url,
        u1_0.created_at,
        u1_0.last_login_time,
        u1_0.member_expire_time,
        u1_0.member_level,
        u1_0.nickname,
        u1_0.openid,
        u1_0.phone,
        u1_0.points,
        u1_0.remaining_visits,
        u1_0.total_visits,
        u1_0.updated_at 
    from
        users u1_0 
    where
        u1_0.id=?
2026-01-15 01:45:03.233 - 
    select
        u1_0.id,
        u1_0.avatar_url,
        u1_0.created_at,
        u1_0.last_login_time,
        u1_0.member_expire_time,
        u1_0.member_level,
        u1_0.nickname,
        u1_0.openid,
        u1_0.phone,
        u1_0.points,
        u1_0.remaining_visits,
        u1_0.total_visits,
        u1_0.updated_at 
    from
        users u1_0 
    where
        u1_0.id=?
2026-01-15 01:45:03.247 - 
    select
        bo1_0.id,
        bo1_0.cabin_name,
        bo1_0.consume_time,
        bo1_0.created_at,
        bo1_0.date,
        bo1_0.order_no,
        bo1_0.original_price,
        bo1_0.payment_method,
        bo1_0.payment_status,
        bo1_0.payment_time,
        bo1_0.price,
        bo1_0.seat_name,
        bo1_0.status,
        bo1_0.time_slot,
        bo1_0.updated_at,
        bo1_0.user_id 
    from
        booking_orders bo1_0 
    where
        bo1_0.user_id=? 
    order by
        bo1_0.created_at desc
2026-01-15 01:45:03.247 - 
    select
        po1_0.id,
        po1_0.card_end_date,
        po1_0.card_start_date,
        po1_0.created_at,
        po1_0.order_no,
        po1_0.package_id,
        po1_0.package_name,
        po1_0.payment_method,
        po1_0.payment_time,
        po1_0.price,
        po1_0.status,
        po1_0.transaction_type,
        po1_0.updated_at,
        po1_0.user_id 
    from
        payment_orders po1_0 
    where
        po1_0.user_id=? 
        and po1_0.status=?
2026-01-15 01:45:03.256 - 
    select
        po1_0.id,
        po1_0.card_end_date,
        po1_0.card_start_date,
        po1_0.created_at,
        po1_0.order_no,
        po1_0.package_id,
        po1_0.package_name,
        po1_0.payment_method,
        po1_0.payment_time,
        po1_0.price,
        po1_0.status,
        po1_0.transaction_type,
        po1_0.updated_at,
        po1_0.user_id 
    from
        payment_orders po1_0 
    where
        po1_0.user_id=?
2026-01-15 01:45:03.258 - 
    select
        u1_0.id,
        u1_0.avatar_url,
        u1_0.created_at,
        u1_0.last_login_time,
        u1_0.member_expire_time,
        u1_0.member_level,
        u1_0.nickname,
        u1_0.openid,
        u1_0.phone,
        u1_0.points,
        u1_0.remaining_visits,
        u1_0.total_visits,
        u1_0.updated_at 
    from
        users u1_0 
    where
        u1_0.id=?
2026-01-15 01:45:03.263 - 
    select
        u1_0.id,
        u1_0.avatar_url,
        u1_0.created_at,
        u1_0.last_login_time,
        u1_0.member_expire_time,
        u1_0.member_level,
        u1_0.nickname,
        u1_0.openid,
        u1_0.phone,
        u1_0.points,
        u1_0.remaining_visits,
        u1_0.total_visits,
        u1_0.updated_at 
    from
        users u1_0 
    where
        u1_0.id=?
2026-01-15 01:45:03.263 - 
    select
        po1_0.id,
        po1_0.card_end_date,
        po1_0.card_start_date,
        po1_0.created_at,
        po1_0.order_no,
        po1_0.package_id,
        po1_0.package_name,
        po1_0.payment_method,
        po1_0.payment_time,
        po1_0.price,
        po1_0.status,
        po1_0.transaction_type,
        po1_0.updated_at,
        po1_0.user_id 
    from
        payment_orders po1_0 
    where
        po1_0.user_id=? 
        and po1_0.status=?
2026-01-15 01:45:03.266 - 
    select
        bo1_0.id,
        bo1_0.cabin_name,
        bo1_0.consume_time,
        bo1_0.created_at,
        bo1_0.date,
        bo1_0.order_no,
        bo1_0.original_price,
        bo1_0.payment_method,
        bo1_0.payment_status,
        bo1_0.payment_time,
        bo1_0.price,
        bo1_0.seat_name,
        bo1_0.status,
        bo1_0.time_slot,
        bo1_0.updated_at,
        bo1_0.user_id 
    from
        booking_orders bo1_0 
    where
        bo1_0.user_id=? 
    order by
        bo1_0.created_at desc
